date,forward_pe
2003-06-09,17.484564
2003-06-10,17.6595
2003-06-11,17.894549
2003-06-12,17.899067
2003-06-13,17.712297
2003-06-16,18.109017
2003-06-17,18.140996
2003-06-18,18.108814
2003-06-19,17.846339
2003-06-20,17.876046
2003-06-23,17.639147
2003-06-24,17.685799
2003-06-25,17.530733
2003-06-26,17.714383
2003-06-27,17.544429
2003-06-30,17.505256
2003-07-01,17.640346
2003-07-02,17.848678
2003-07-03,17.710824
2003-07-07,18.06161
2003-07-08,18.426206
2003-07-09,18.327459
2003-07-10,18.072507
2003-07-11,18.232514
2003-07-14,18.318618
2003-07-15,18.139634
2003-07-16,18.004068
2003-07-17,17.680021
2003-07-18,17.866273
2003-07-21,17.577747
2003-07-22,17.71735
2003-07-23,17.630165
2003-07-24,17.449654
2003-07-25,17.681964
2003-07-28,17.630761
2003-07-29,17.47977
2003-07-30,17.457203
2003-07-31,17.497806
2003-08-01,17.313057
2003-08-04,17.348555
2003-08-05,17.033397
2003-08-06,17.062754
2003-08-07,17.190839
2003-08-08,17.263083
2003-08-11,17.317519
2003-08-12,17.470866
2003-08-13,17.396279
2003-08-14,17.492697
2003-08-15,17.493752
2003-08-18,17.64451
2003-08-19,17.67197
2003-08-20,17.617733
2003-08-21,17.666692
2003-08-22,17.463719
2003-08-25,17.469445
2003-08-26,17.517107
2003-08-27,17.520196
2003-08-28,17.62789
2003-08-29,17.708726
2003-09-02,17.948454
2003-09-03,18.024775
2003-09-04,18.039692
2003-09-05,17.907735
2003-09-08,18.094207
2003-09-09,17.932419
2003-09-10,17.724665
2003-09-11,17.777411
2003-09-12,17.808997
2003-09-15,17.787448
2003-09-16,18.033387
2003-09-17,17.984816
2003-09-18,18.209983
2003-09-19,18.157453
2003-09-22,17.912552
2003-09-23,18.026615
2003-09-24,17.675213
2003-09-25,17.55227
2003-09-26,17.445957
2003-09-29,17.619717
2003-09-30,17.434605
2003-10-01,17.796223
2003-10-02,17.852307
2003-10-03,18.017052
2003-10-06,18.110348
2003-10-07,18.199364
2003-10-08,18.094772
2003-10-09,18.174796
2003-10-10,18.136437
2003-10-13,18.235161
2003-10-14,18.243816
2003-10-15,18.141452
2003-10-16,18.111544
2003-10-17,17.918256
2003-10-20,17.97186
2003-10-21,17.939972
2003-10-22,17.585167
2003-10-23,17.623303
2003-10-24,17.534977
2003-10-27,17.557037
2003-10-28,17.823295
2003-10-29,17.839392
2003-10-30,17.842646
2003-10-31,17.902869
2003-11-03,18.047429
2003-11-04,17.930941
2003-11-05,17.893989
2003-11-06,17.985002
2003-11-07,17.900682
2003-11-10,17.798542
2003-11-11,17.795553
2003-11-12,17.977737
2003-11-13,17.965464
2003-11-14,17.836928
2003-11-17,17.706721
2003-11-18,17.543596
2003-11-19,17.695893
2003-11-20,17.54341
2003-11-21,17.552904
2003-11-24,17.830212
2003-11-25,17.865541
2003-11-26,17.937442
2003-11-28,17.944957
2003-12-01,18.141366
2003-12-02,18.076399
2003-12-03,18.045364
2003-12-04,18.126822
2003-12-05,17.977277
2003-12-08,18.102309
2003-12-09,17.940903
2003-12-10,17.938608
2003-12-11,18.127602
2003-12-12,18.176716
2003-12-15,18.062818
2003-12-16,18.191236
2003-12-17,18.192289
2003-12-18,18.396508
2003-12-19,18.367886
2003-12-22,18.442326
2003-12-23,18.484154
2003-12-24,18.449382
2003-12-26,18.475807
2003-12-29,18.704491
2003-12-30,18.696067
2003-12-31,18.73535
2004-01-02,18.677762
2004-01-05,18.911388
2004-01-06,18.921121
2004-01-07,18.985276
2004-01-08,19.051186
2004-01-09,18.882951
2004-01-12,18.96676
2004-01-13,18.862187
2004-01-14,18.996271
2004-01-15,18.995981
2004-01-16,19.101131
2004-01-20,19.022283
2004-01-21,19.092489
2004-01-22,18.935159
2004-01-23,18.863739
2004-01-26,19.086924
2004-01-27,18.858891
2004-01-28,18.574076
2004-01-29,18.62331
2004-01-30,18.554828
2004-02-02,18.576667
2004-02-03,18.571628
2004-02-04,18.419592
2004-02-05,18.436281
2004-02-06,18.667871
2004-02-09,18.607506
2004-02-10,18.686178
2004-02-11,18.827067
2004-02-12,18.715282
2004-02-13,18.600374
2004-02-17,18.785581
2004-02-18,18.685102
2004-02-19,18.558721
2004-02-20,18.513868
2004-02-23,18.453699
2004-02-24,18.417785
2004-02-25,18.490892
2004-02-26,18.499627
2004-02-27,18.495735
2004-03-01,18.657284
2004-03-02,18.537135
2004-03-03,18.563232
2004-03-04,18.603835
2004-03-05,18.630168
2004-03-08,18.470492
2004-03-09,18.353816
2004-03-10,18.07982
2004-03-11,17.794367
2004-03-12,17.999951
2004-03-15,17.735592
2004-03-16,17.829185
2004-03-17,18.028402
2004-03-18,17.986184
2004-03-19,17.7753
2004-03-22,17.530125
2004-03-23,17.500359
2004-03-24,17.441089
2004-03-25,17.730816
2004-03-26,17.712829
2004-03-29,17.936872
2004-03-30,18.00261
2004-03-31,17.979359
2004-04-01,18.011891
2004-04-02,18.166315
2004-04-05,18.307583
2004-04-06,18.253161
2004-04-07,18.128299
2004-04-08,18.077003
2004-04-12,18.157585
2004-04-13,17.869544
2004-04-14,17.812231
2004-04-15,17.751145
2004-04-16,17.821983
2004-04-19,17.815298
2004-04-20,17.474544
2004-04-21,17.470099
2004-04-22,17.633046
2004-04-23,17.580242
2004-04-26,17.472274
2004-04-27,17.466649
2004-04-28,17.215719
2004-04-29,17.064287
2004-04-30,16.955639
2004-05-03,17.092832
2004-05-04,17.102549
2004-05-05,17.116179
2004-05-06,16.995724
2004-05-07,16.766585
2004-05-10,16.585859
2004-05-11,16.693957
2004-05-12,16.713687
2004-05-13,16.691176
2004-05-14,16.674315
2004-05-17,16.485626
2004-05-18,16.561477
2004-05-19,16.501195
2004-05-20,16.497442
2004-05-21,16.560295
2004-05-24,16.584592
2004-05-25,16.839655
2004-05-26,16.864181
2004-05-27,16.910894
2004-05-28,16.871741
2004-06-01,16.873229
2004-06-02,16.923437
2004-06-03,16.78161
2004-06-04,16.856101
2004-06-07,17.123242
2004-06-08,17.149324
2004-06-09,16.982628
2004-06-10,17.061927
2004-06-14,16.887108
2004-06-15,16.969064
2004-06-16,16.994374
2004-06-17,16.966195
2004-06-18,17.004777
2004-06-21,16.929299
2004-06-22,16.988031
2004-06-23,17.126883
2004-06-24,17.084708
2004-06-25,16.992912
2004-06-28,16.955863
2004-06-29,16.9967
2004-06-30,17.04699
2004-07-01,16.846481
2004-07-02,16.792168
2004-07-06,16.655384
2004-07-07,16.672819
2004-07-08,16.529474
2004-07-09,16.561397
2004-07-12,16.580425
2004-07-13,16.568698
2004-07-14,16.505366
2004-07-15,16.396085
2004-07-16,16.310497
2004-07-19,16.293201
2004-07-20,16.348767
2004-07-21,16.062796
2004-07-22,16.046897
2004-07-23,15.889662
2004-07-26,15.847214
2004-07-27,15.965299
2004-07-28,15.965956
2004-07-29,16.037416
2004-07-30,16.066455
2004-08-02,16.160682
2004-08-03,16.032509
2004-08-04,16.017336
2004-08-05,15.721856
2004-08-06,15.405739
2004-08-09,15.427993
2004-08-10,15.697295
2004-08-11,15.630647
2004-08-12,15.433375
2004-08-13,15.464403
2004-08-16,15.671843
2004-08-17,15.697914
2004-08-18,15.890417
2004-08-19,15.827302
2004-08-20,15.923226
2004-08-23,15.884351
2004-08-24,15.890203
2004-08-25,16.021003
2004-08-26,16.023565
2004-08-27,16.064224
2004-08-30,15.928286
2004-08-31,16.008886
2004-09-01,16.022431
2004-09-02,16.217149
2004-09-03,16.169063
2004-09-07,16.281326
2004-09-08,16.206429
2004-09-09,16.241912
2004-09-10,16.319201
2004-09-13,16.347711
2004-09-14,16.393032
2004-09-15,16.283324
2004-09-16,16.325101
2004-09-17,16.396001
2004-09-20,16.300883
2004-09-21,16.390769
2004-09-22,16.156867
2004-09-23,16.083711
2004-09-24,16.096764
2004-09-27,16.007979
2004-09-28,16.111482
2004-09-29,16.140416
2004-09-30,16.149922
2004-10-01,16.418249
2004-10-04,16.46352
2004-10-05,16.472117
2004-10-06,16.582009
2004-10-07,16.40395
2004-10-08,16.229461
2004-10-11,16.275812
2004-10-12,16.233559
2004-10-13,16.125308
2004-10-14,15.874029
2004-10-15,15.940959
2004-10-18,16.009973
2004-10-19,15.806554
2004-10-20,15.759103
2004-10-21,15.760403
2004-10-22,15.575807
2004-10-25,15.583038
2004-10-26,15.779209
2004-10-27,15.883272
2004-10-28,15.895069
2004-10-29,15.938085
2004-11-01,15.919312
2004-11-02,15.902966
2004-11-03,16.060694
2004-11-04,16.300982
2004-11-05,16.353998
2004-11-08,16.332407
2004-11-09,16.318221
2004-11-10,16.308195
2004-11-11,16.440821
2004-11-12,16.583052
2004-11-15,16.517767
2004-11-16,16.381106
2004-11-17,16.474562
2004-11-18,16.498836
2004-11-19,16.316431
2004-11-22,16.396436
2004-11-23,16.380414
2004-11-24,16.429099
2004-11-26,16.44238
2004-11-29,16.387683
2004-11-30,16.324004
2004-12-01,16.646381
2004-12-02,16.638069
2004-12-03,16.644456
2004-12-06,16.633839
2004-12-07,16.459956
2004-12-08,16.5693
2004-12-09,16.654475
2004-12-10,16.650714
2004-12-13,16.80957
2004-12-14,16.867768
2004-12-15,16.900393
2004-12-16,16.848347
2004-12-17,16.732013
2004-12-20,16.781011
2004-12-21,16.927027
2004-12-22,16.982346
2004-12-23,16.986379
2004-12-27,16.905227
2004-12-28,17.028087
2004-12-29,17.015788
2004-12-30,17.016604
2004-12-31,16.995025
2005-01-03,16.709312
2005-01-04,16.514372
2005-01-05,16.464102
2005-01-06,16.525253
2005-01-07,16.498356
2005-01-10,16.53766
2005-01-11,16.436302
2005-01-12,16.498104
2005-01-13,16.347305
2005-01-14,16.447034
2005-01-18,16.57425
2005-01-19,16.346202
2005-01-20,16.230463
2005-01-21,16.119354
2005-01-24,16.064155
2005-01-25,16.097194
2005-01-26,16.171832
2005-01-27,16.119838
2005-01-28,16.083264
2005-01-31,16.188301
2005-02-01,16.28577
2005-02-02,16.302857
2005-02-03,16.219657
2005-02-04,16.401159
2005-02-07,16.369228
2005-02-08,16.377637
2005-02-09,16.213063
2005-02-10,16.266393
2005-02-11,16.380388
2005-02-14,16.392874
2005-02-15,16.416164
2005-02-16,16.402324
2005-02-17,16.255624
2005-02-18,16.265227
2005-02-22,16.022466
2005-02-23,16.109912
2005-02-24,16.207945
2005-02-25,16.361144
2005-02-28,16.251129
2005-03-01,16.319694
2005-03-02,16.321547
2005-03-03,16.325035
2005-03-04,16.485427
2005-03-07,16.517045
2005-03-08,16.43138
2005-03-09,16.262807
2005-03-10,16.277936
2005-03-11,16.142441
2005-03-14,16.228285
2005-03-15,16.106652
2005-03-16,16.001933
2005-03-17,16.021905
2005-03-18,16.016347
2005-03-21,15.898974
2005-03-22,15.726918
2005-03-23,15.727864
2005-03-24,15.711979
2005-03-28,15.740416
2005-03-29,15.619819
2005-03-30,15.821949
2005-03-31,15.766895
2005-04-01,15.656054
2005-04-04,15.695034
2005-04-05,15.782482
2005-04-06,15.830079
2005-04-07,15.935459
2005-04-08,15.804451
2005-04-11,15.808299
2005-04-12,15.881666
2005-04-13,15.69441
2005-04-14,15.525259
2005-04-15,15.242126
2005-04-18,15.260948
2005-04-19,15.273743
2005-04-20,15.042625
2005-04-21,15.324015
2005-04-22,15.210936
2005-04-25,15.325722
2005-04-26,15.175672
2005-04-27,15.208564
2005-04-28,15.029773
2005-04-29,15.19789
2005-05-02,15.272382
2005-05-03,15.234706
2005-05-04,15.383329
2005-05-05,15.345871
2005-05-06,15.332655
2005-05-09,15.430355
2005-05-10,15.246606
2005-05-11,15.304707
2005-05-12,15.140406
2005-05-13,15.063761
2005-05-16,15.226678
2005-05-17,15.311188
2005-05-18,15.470519
2005-05-19,15.540992
2005-05-20,15.516575
2005-05-23,15.57924
2005-05-24,15.579263
2005-05-25,15.529247
2005-05-26,15.623901
2005-05-27,15.645312
2005-05-31,15.555602
2005-06-01,15.687996
2005-06-02,15.729957
2005-06-03,15.617394
2005-06-06,15.643522
2005-06-07,15.647839
2005-06-08,15.607753
2005-06-09,15.684204
2005-06-10,15.640675
2005-06-13,15.67788
2005-06-14,15.702045
2005-06-15,15.740528
2005-06-16,15.784542
2005-06-17,15.864832
2005-06-20,15.84699
2005-06-21,15.832538
2005-06-22,15.842828
2005-06-23,15.673698
2005-06-24,15.534157
2005-06-27,15.508505
2005-06-28,15.647179
2005-06-29,15.596788
2005-06-30,15.482108
2005-07-01,15.523192
2005-07-05,15.608754
2005-07-06,15.475148
2005-07-07,15.509892
2005-07-08,15.687364
2005-07-11,15.763207
2005-07-12,15.799056
2005-07-13,15.801173
2005-07-14,15.828628
2005-07-15,15.826629
2005-07-18,15.718827
2005-07-19,15.780539
2005-07-20,15.79883
2005-07-21,15.628614
2005-07-22,15.68929
2005-07-25,15.602287
2005-07-26,15.595244
2005-07-27,15.640162
2005-07-28,15.710329
2005-07-29,15.587703
2005-08-01,15.587617
2005-08-02,15.673223
2005-08-03,15.672456
2005-08-04,15.522897
2005-08-05,15.38545
2005-08-08,15.321706
2005-08-09,15.411187
2005-08-10,15.382242
2005-08-11,15.443867
2005-08-12,15.351477
2005-08-15,15.381817
2005-08-16,15.161818
2005-08-17,15.156564
2005-08-18,15.143138
2005-08-19,15.155562
2005-08-22,15.178308
2005-08-23,15.122613
2005-08-24,15.018864
2005-08-25,15.051504
2005-08-26,14.963179
2005-08-29,15.071571
2005-08-30,15.013536
2005-08-31,15.141265
2005-09-01,15.160657
2005-09-02,15.112173
2005-09-06,15.284302
2005-09-07,15.318939
2005-09-08,15.257068
2005-09-09,15.370957
2005-09-12,15.271897
2005-09-13,15.168093
2005-09-14,15.125725
2005-09-15,15.122301
2005-09-16,15.234553
2005-09-19,15.116682
2005-09-20,15.004386
2005-09-21,14.882216
2005-09-22,14.935167
2005-09-23,14.95422
2005-09-26,14.96474
2005-09-27,14.953562
2005-09-28,14.973855
2005-09-29,15.10761
2005-09-30,15.119129
2005-10-03,15.080833
2005-10-04,14.936589
2005-10-05,14.72449
2005-10-06,14.682757
2005-10-07,14.739188
2005-10-10,14.622241
2005-10-11,14.571379
2005-10-12,14.484866
2005-10-13,14.473752
2005-10-14,14.57165
2005-10-17,14.60297
2005-10-18,14.396721
2005-10-19,14.536624
2005-10-20,14.299704
2005-10-21,14.301399
2005-10-24,14.509682
2005-10-25,14.444734
2005-10-26,14.373793
2005-10-27,14.194052
2005-10-28,14.408591
2005-10-31,14.492664
2005-11-01,14.401483
2005-11-02,14.537592
2005-11-03,14.590432
2005-11-04,14.587357
2005-11-07,14.628038
2005-11-08,14.586836
2005-11-09,14.605975
2005-11-10,14.720276
2005-11-11,14.76882
2005-11-14,14.713008
2005-11-15,14.653002
2005-11-16,14.678721
2005-11-17,14.794839
2005-11-18,14.872999
2005-11-21,14.975751
2005-11-22,15.054108
2005-11-23,15.104115
2005-11-25,15.14069
2005-11-28,15.019035
2005-11-29,15.017163
2005-11-30,14.92989
2005-12-01,15.107649
2005-12-02,15.108405
2005-12-05,15.071666
2005-12-06,15.089647
2005-12-07,15.012335
2005-12-08,14.986249
2005-12-09,15.030311
2005-12-12,15.057385
2005-12-13,15.141395
2005-12-14,15.197421
2005-12-15,15.167068
2005-12-16,15.126413
2005-12-19,15.050227
2005-12-20,15.047086
2005-12-21,15.08392
2005-12-22,15.164208
2005-12-23,15.167783
2005-12-27,15.029071
2005-12-28,15.051556
2005-12-29,15.008788
2005-12-30,14.935411
2006-01-03,15.118649
2006-01-04,15.23817
2006-01-05,15.237863
2006-01-06,15.371337
2006-01-09,15.417328
2006-01-10,15.422698
2006-01-11,15.481322
2006-01-12,15.380185
2006-01-13,15.408785
2006-01-17,15.328087
2006-01-18,15.260025
2006-01-19,15.297228
2006-01-20,14.984339
2006-01-23,14.992933
2006-01-24,15.000183
2006-01-25,14.962028
2006-01-26,15.016296
2006-01-27,15.119785
2006-01-30,15.123386
2006-01-31,15.037444
2006-02-01,15.053021
2006-02-02,14.888496
2006-02-03,14.810262
2006-02-06,14.80259
2006-02-07,14.681719
2006-02-08,14.76908
2006-02-09,14.751748
2006-02-10,14.800851
2006-02-13,14.759181
2006-02-14,14.894786
2006-02-15,14.936718
2006-02-16,15.027165
2006-02-17,15.005734
2006-02-21,14.945396
2006-02-22,15.063045
2006-02-23,15.027007
2006-02-24,15.045927
2006-02-27,15.097023
2006-02-28,14.967211
2006-03-01,15.092402
2006-03-02,15.069228
2006-03-03,15.053021
2006-03-06,14.959493
2006-03-07,14.927735
2006-03-08,14.973195
2006-03-09,14.906861
2006-03-10,15.018278
2006-03-13,15.053121
2006-03-14,15.201181
2006-03-15,15.258967
2006-03-16,15.283392
2006-03-17,15.255378
2006-03-20,15.23412
2006-03-21,15.135779
2006-03-22,15.228149
2006-03-23,15.186687
2006-03-24,15.208175
2006-03-27,15.19318
2006-03-28,15.095375
2006-03-29,15.209365
2006-03-30,15.177039
2006-03-31,15.107961
2006-04-03,15.21043
2006-04-04,15.319296
2006-04-05,15.387902
2006-04-06,15.364594
2006-04-07,15.205121
2006-04-10,15.204456
2006-04-11,15.074722
2006-04-12,15.098244
2006-04-13,15.088395
2006-04-17,15.02502
2006-04-18,15.219339
2006-04-19,15.2059
2006-04-20,15.191486
2006-04-21,15.161322
2006-04-24,15.087873
2006-04-25,14.976978
2006-04-26,14.978577
2006-04-27,14.990321
2006-04-28,15.022051
2006-05-01,14.944394
2006-05-02,15.032795
2006-05-03,14.943499
2006-05-04,14.978289
2006-05-05,15.127483
2006-05-08,15.124598
2006-05-09,15.12781
2006-05-10,15.09163
2006-05-11,14.89712
2006-05-12,14.688534
2006-05-15,14.713611
2006-05-16,14.667829
2006-05-17,14.40751
2006-05-18,14.298
2006-05-19,14.357477
2006-05-22,14.297995
2006-05-23,14.235899
2006-05-24,14.255899
2006-05-25,14.421481
2006-05-26,14.486821
2006-05-30,14.239317
2006-05-31,14.322385
2006-06-01,14.496308
2006-06-02,14.509163
2006-06-05,14.24946
2006-06-06,14.241401
2006-06-07,14.151248
2006-06-08,14.164859
2006-06-09,14.096913
2006-06-12,13.910361
2006-06-13,13.763007
2006-06-14,13.846193
2006-06-15,14.143065
2006-06-16,14.086063
2006-06-19,13.960441
2006-06-20,13.960189
2006-06-21,14.090871
2006-06-22,14.014961
2006-06-23,13.995993
2006-06-26,14.056923
2006-06-27,13.960619
2006-06-28,14.030333
2006-06-29,14.327409
2006-06-30,14.315324
2006-07-03,14.43233
2006-07-05,14.326063
2006-07-06,14.345912
2006-07-07,14.203314
2006-07-10,14.229174
2006-07-11,14.291707
2006-07-12,14.12967
2006-07-13,13.949534
2006-07-14,13.870738
2006-07-17,13.850222
2006-07-18,13.846658
2006-07-19,14.053402
2006-07-20,13.894662
2006-07-21,13.792325
2006-07-24,14.01827
2006-07-25,14.075441
2006-07-26,14.027092
2006-07-27,13.922809
2006-07-28,14.028385
2006-07-31,14.010388
2006-08-01,13.94828
2006-08-02,14.017075
2006-08-03,14.021469
2006-08-04,14.008785
2006-08-07,13.972824
2006-08-08,13.916503
2006-08-09,13.839751
2006-08-10,13.894621
2006-08-11,13.863873
2006-08-14,13.868539
2006-08-15,14.03922
2006-08-16,14.147675
2006-08-17,14.158949
2006-08-18,14.217868
2006-08-21,14.180169
2006-08-22,14.198805
2006-08-23,14.135906
2006-08-24,14.200535
2006-08-25,14.175579
2006-08-28,14.24716
2006-08-29,14.290771
2006-08-30,14.287968
2006-08-31,14.280092
2006-09-01,14.363492
2006-09-05,14.379722
2006-09-06,14.244014
2006-09-07,14.180717
2006-09-08,14.234147
2006-09-11,14.258079
2006-09-12,14.407337
2006-09-13,14.464302
2006-09-14,14.465242
2006-09-15,14.501697
2006-09-18,14.526751
2006-09-19,14.494421
2006-09-20,14.56666
2006-09-21,14.478974
2006-09-22,14.443162
2006-09-25,14.561564
2006-09-26,14.671214
2006-09-27,14.748718
2006-09-28,14.775574
2006-09-29,14.746927
2006-10-02,14.707155
2006-10-03,14.752117
2006-10-04,14.942247
2006-10-05,14.971307
2006-10-06,14.93252
2006-10-09,14.940243
2006-10-10,14.991011
2006-10-11,14.971554
2006-10-12,15.114197
2006-10-13,15.130651
2006-10-16,15.18077
2006-10-17,15.0921
2006-10-18,15.071539
2006-10-19,15.038829
2006-10-20,15.033685
2006-10-23,15.115954
2006-10-24,15.087282
2006-10-25,15.113086
2006-10-26,15.132688
2006-10-27,14.994872
2006-10-30,14.986624
2006-10-31,14.962035
2006-11-01,14.848007
2006-11-02,14.81735
2006-11-03,14.778473
2006-11-06,14.95615
2006-11-07,14.994361
2006-11-08,15.018991
2006-11-09,14.91268
2006-11-10,14.93311
2006-11-13,14.964365
2006-11-14,15.05604
2006-11-15,15.100952
2006-11-16,15.135228
2006-11-17,15.154197
2006-11-20,15.123093
2006-11-21,15.110049
2006-11-22,15.137704
2006-11-24,15.081693
2006-11-27,14.875116
2006-11-28,14.942481
2006-11-29,15.094268
2006-11-30,15.116212
2006-12-01,15.057482
2006-12-04,15.193835
2006-12-05,15.253632
2006-12-06,15.241423
2006-12-07,15.1809
2006-12-08,15.212878
2006-12-11,15.243547
2006-12-12,15.265525
2006-12-13,15.286934
2006-12-14,15.419999
2006-12-15,15.44319
2006-12-18,15.407362
2006-12-19,15.446398
2006-12-20,15.423945
2006-12-21,15.367424
2006-12-22,15.284198
2006-12-26,15.34836
2006-12-27,15.45481
2006-12-28,15.434657
2006-12-29,15.372664
2007-01-03,15.353083
2007-01-04,15.330239
2007-01-05,15.246252
2007-01-08,15.286604
2007-01-09,15.296966
2007-01-10,15.336765
2007-01-11,15.463423
2007-01-12,15.552478
2007-01-16,15.57331
2007-01-17,15.546889
2007-01-18,15.474216
2007-01-19,15.477346
2007-01-22,15.39311
2007-01-23,15.426466
2007-01-24,15.552969
2007-01-25,15.269504
2007-01-26,15.265209
2007-01-29,15.252121
2007-01-30,15.320948
2007-01-31,15.404143
2007-02-01,15.479476
2007-02-02,15.511634
2007-02-05,15.497086
2007-02-06,15.499948
2007-02-07,15.51855
2007-02-08,15.493129
2007-02-09,15.381449
2007-02-12,15.33526
2007-02-13,15.443637
2007-02-14,15.554373
2007-02-15,15.563001
2007-02-16,15.549107
2007-02-20,15.581746
2007-02-21,15.55577
2007-02-22,15.539379
2007-02-23,15.481269
2007-02-26,15.458059
2007-02-27,14.925375
2007-02-28,15.007055
2007-03-01,14.952102
2007-03-02,14.7757
2007-03-05,14.633257
2007-03-06,14.852003
2007-03-07,14.817166
2007-03-08,14.922824
2007-03-09,14.928441
2007-03-12,14.977873
2007-03-13,14.664286
2007-03-14,14.764099
2007-03-15,14.822685
2007-03-16,14.770606
2007-03-19,14.939234
2007-03-20,15.048438
2007-03-21,15.306486
2007-03-22,15.319478
2007-03-23,15.335173
2007-03-26,15.354657
2007-03-27,15.264989
2007-03-28,15.14604
2007-03-29,15.19881
2007-03-30,15.183145
2007-04-02,15.209866
2007-04-03,15.357033
2007-04-04,15.362619
2007-04-05,15.41393
2007-04-09,15.434644
2007-04-10,15.474795
2007-04-11,15.371521
2007-04-12,15.464001
2007-04-13,15.489401
2007-04-16,15.633943
2007-04-17,15.626285
2007-04-18,15.603902
2007-04-19,15.535872
2007-04-20,15.66753
2007-04-23,15.578501
2007-04-24,15.534513
2007-04-25,15.627396
2007-04-26,15.528094
2007-04-27,15.491824
2007-04-30,15.363636
2007-05-01,15.379488
2007-05-02,15.456097
2007-05-03,15.518109
2007-05-04,15.554319
2007-05-07,15.598016
2007-05-08,15.558236
2007-05-09,15.605982
2007-05-10,15.381554
2007-05-11,15.53624
2007-05-14,15.505008
2007-05-15,15.482371
2007-05-16,15.600647
2007-05-17,15.569496
2007-05-18,15.669946
2007-05-21,15.695215
2007-05-22,15.673354
2007-05-23,15.648307
2007-05-24,15.497008
2007-05-25,15.583488
2007-05-29,15.58802
2007-05-30,15.707054
2007-05-31,15.702154
2007-06-01,15.745706
2007-06-04,15.775424
2007-06-05,15.697852
2007-06-06,15.554042
2007-06-07,15.26939
2007-06-08,15.439359
2007-06-11,15.455814
2007-06-12,15.287668
2007-06-13,15.524328
2007-06-14,15.599036
2007-06-15,15.698968
2007-06-18,15.681633
2007-06-19,15.716484
2007-06-20,15.485614
2007-06-21,15.574662
2007-06-22,15.348857
2007-06-25,15.303437
2007-06-26,15.245657
2007-06-27,15.365023
2007-06-28,15.3442
2007-06-29,15.326446
2007-07-02,15.492424
2007-07-03,15.546476
2007-07-05,15.557394
2007-07-06,15.618131
2007-07-09,15.634812
2007-07-10,15.403454
2007-07-11,15.490342
2007-07-12,15.797638
2007-07-13,15.838608
2007-07-16,15.797966
2007-07-17,15.74891
2007-07-18,15.666857
2007-07-19,15.673166
2007-07-20,15.462205
2007-07-23,15.506454
2007-07-24,15.145823
2007-07-25,15.191149
2007-07-26,14.796831
2007-07-27,14.54739
2007-07-30,14.674022
2007-07-31,14.498532
2007-08-01,14.564594
2007-08-02,14.634548
2007-08-03,14.232592
2007-08-06,14.592443
2007-08-07,14.674365
2007-08-08,14.876346
2007-08-09,14.438545
2007-08-10,14.447495
2007-08-13,14.440297
2007-08-14,14.171294
2007-08-15,13.969892
2007-08-16,14.020676
2007-08-17,14.359135
2007-08-20,14.353236
2007-08-21,14.376832
2007-08-22,14.547715
2007-08-23,14.536259
2007-08-24,14.704688
2007-08-27,14.582716
2007-08-28,14.263891
2007-08-29,14.578711
2007-08-30,14.513612
2007-08-31,14.683753
2007-09-04,14.849819
2007-09-05,14.689778
2007-09-06,14.755079
2007-09-07,14.520939
2007-09-10,14.505066
2007-09-11,14.709613
2007-09-12,14.700309
2007-09-13,14.830256
2007-09-14,14.843863
2007-09-17,14.767675
2007-09-18,15.204932
2007-09-19,15.291845
2007-09-20,15.202093
2007-09-21,15.274443
2007-09-24,15.21224
2007-09-25,15.160529
2007-09-26,15.250585
2007-09-27,15.299747
2007-09-28,15.25978
2007-10-01,15.521125
2007-10-02,15.529568
2007-10-03,15.458887
2007-10-04,15.486598
2007-10-05,15.683409
2007-10-08,15.637961
2007-10-09,15.764577
2007-10-10,15.779869
2007-10-11,15.694425
2007-10-12,15.767665
2007-10-15,15.575422
2007-10-16,15.463368
2007-10-17,15.457567
2007-10-18,15.38246
2007-10-19,14.981726
2007-10-22,14.986315
2007-10-23,15.082746
2007-10-24,14.998429
2007-10-25,14.968964
2007-10-26,15.161408
2007-10-29,15.208202
2007-10-30,15.1449
2007-10-31,15.318422
2007-11-01,14.880315
2007-11-02,14.895146
2007-11-05,14.853639
2007-11-06,15.09675
2007-11-07,14.635356
2007-11-08,14.665825
2007-11-09,14.448083
2007-11-12,14.342195
2007-11-13,14.776881
2007-11-14,14.677958
2007-11-15,14.483316
2007-11-16,14.628761
2007-11-19,14.366781
2007-11-20,14.415907
2007-11-21,14.223259
2007-11-23,14.473404
2007-11-26,14.142095
2007-11-27,14.339152
2007-11-28,14.769823
2007-11-29,14.804902
2007-11-30,14.966522
2007-12-03,14.878382
2007-12-04,14.824795
2007-12-05,15.085209
2007-12-06,15.33708
2007-12-07,15.318002
2007-12-10,15.462684
2007-12-11,15.086219
2007-12-12,15.239963
2007-12-13,15.321686
2007-12-14,15.118454
2007-12-17,14.908814
2007-12-18,15.009079
2007-12-19,14.955916
2007-12-20,15.036123
2007-12-21,15.331407
2007-12-24,15.523285
2007-12-26,15.554969
2007-12-27,15.339547
2007-12-28,15.367639
2007-12-31,15.265621
2008-01-02,15.04699
2008-01-03,15.066739
2008-01-04,14.71929
2008-01-07,14.767296
2008-01-08,14.519351
2008-01-09,14.681554
2008-01-10,14.82058
2008-01-11,14.644689
2008-01-14,14.824544
2008-01-15,14.320031
2008-01-16,14.255599
2008-01-17,13.745743
2008-01-18,13.674606
2008-01-22,13.400392
2008-01-23,13.672278
2008-01-24,13.724276
2008-01-25,13.497566
2008-01-28,13.731692
2008-01-29,13.804704
2008-01-30,13.730169
2008-01-31,13.915386
2008-02-01,14.153745
2008-02-04,13.998037
2008-02-05,13.545798
2008-02-06,13.449313
2008-02-07,13.557925
2008-02-08,13.501952
2008-02-11,13.593271
2008-02-12,13.720509
2008-02-13,13.901562
2008-02-14,13.715404
2008-02-15,13.728724
2008-02-19,13.725574
2008-02-20,13.841413
2008-02-21,13.666597
2008-02-22,13.776353
2008-02-25,13.9942
2008-02-26,14.095933
2008-02-27,14.072301
2008-02-28,13.86107
2008-02-29,13.511944
2008-03-03,13.542264
2008-03-04,13.526034
2008-03-05,13.60123
2008-03-06,13.296622
2008-03-07,13.180697
2008-03-10,12.989728
2008-03-11,13.506574
2008-03-12,13.408545
2008-03-13,13.481591
2008-03-14,13.200649
2008-03-17,13.086671
2008-03-18,13.632123
2008-03-19,13.294713
2008-03-20,13.612033
2008-03-24,13.840313
2008-03-25,13.898617
2008-03-26,13.777541
2008-03-27,13.637993
2008-03-28,13.536242
2008-03-31,13.616341
2008-04-01,14.116838
2008-04-02,14.086357
2008-04-03,14.134479
2008-04-04,14.188587
2008-04-07,14.192779
2008-04-08,14.138064
2008-04-09,14.06654
2008-04-10,14.126563
2008-04-11,13.834291
2008-04-14,13.819486
2008-04-15,13.912111
2008-04-16,14.196277
2008-04-17,14.146508
2008-04-18,14.273426
2008-04-21,14.239557
2008-04-22,14.111739
2008-04-23,14.130801
2008-04-24,14.164988
2008-04-25,14.255378
2008-04-28,14.226991
2008-04-29,14.145903
2008-04-30,14.0636
2008-05-01,14.253858
2008-05-02,14.272042
2008-05-05,14.184928
2008-05-06,14.233896
2008-05-07,13.993108
2008-05-08,14.059987
2008-05-09,13.924356
2008-05-12,14.094336
2008-05-13,14.101095
2008-05-14,14.148295
2008-05-15,14.277534
2008-05-16,14.299102
2008-05-19,14.312182
2008-05-20,14.096408
2008-05-21,13.87575
2008-05-22,13.923969
2008-05-23,13.693385
2008-05-27,13.766955
2008-05-28,13.826895
2008-05-29,13.902757
2008-05-30,13.932389
2008-06-02,13.79736
2008-06-03,13.712748
2008-06-04,13.690211
2008-06-05,13.874455
2008-06-06,13.468039
2008-06-09,13.493676
2008-06-10,13.50574
2008-06-11,13.287999
2008-06-12,13.344471
2008-06-13,13.562826
2008-06-16,13.504988
2008-06-17,13.406109
2008-06-18,13.260274
2008-06-19,13.33361
2008-06-20,13.122072
2008-06-23,13.118758
2008-06-24,13.114783
2008-06-25,13.200826
2008-06-26,12.824273
2008-06-27,12.723902
2008-06-30,12.732427
2008-07-01,12.782366
2008-07-02,12.66646
2008-07-03,12.712414
2008-07-07,12.625599
2008-07-08,12.806206
2008-07-09,12.568426
2008-07-10,12.696701
2008-07-11,12.593312
2008-07-14,12.5176
2008-07-15,12.388539
2008-07-16,12.67836
2008-07-17,12.721712
2008-07-18,12.695863
2008-07-21,12.677959
2008-07-22,12.801815
2008-07-23,12.828976
2008-07-24,12.527911
2008-07-25,12.59301
2008-07-28,12.36824
2008-07-29,12.681327
2008-07-30,12.90802
2008-07-31,12.67031
2008-08-01,12.540902
2008-08-04,12.486145
2008-08-05,12.829961
2008-08-06,12.864567
2008-08-07,12.689817
2008-08-08,13.002576
2008-08-11,13.152131
2008-08-12,13.008717
2008-08-13,12.982553
2008-08-14,13.069665
2008-08-15,13.12772
2008-08-18,12.937962
2008-08-19,12.906626
2008-08-20,12.996921
2008-08-21,13.038176
2008-08-22,13.201285
2008-08-25,12.981193
2008-08-26,13.03363
2008-08-27,13.130019
2008-08-28,13.339565
2008-08-29,13.167631
2008-09-02,13.122017
2008-09-03,13.103275
2008-09-04,12.718244
2008-09-05,12.810593
2008-09-08,13.075779
2008-09-09,12.639395
2008-09-10,12.699513
2008-09-11,12.804099
2008-09-12,12.834327
2008-09-15,12.250785
2008-09-16,12.471507
2008-09-17,12.018024
2008-09-18,12.545692
2008-09-19,13.056873
2008-09-22,12.594123
2008-09-23,12.424646
2008-09-24,12.569357
2008-09-25,12.86394
2008-09-26,12.952079
2008-09-29,11.889591
2008-09-30,12.591338
2008-10-01,12.5456
2008-10-02,12.094798
2008-10-03,11.967948
2008-10-06,11.557484
2008-10-07,10.947109
2008-10-08,10.896039
2008-10-09,10.100015
2008-10-10,10.009652
2008-10-13,11.308542
2008-10-14,11.312448
2008-10-15,10.271777
2008-10-16,10.568323
2008-10-17,10.576409
2008-10-20,11.188452
2008-10-21,10.906961
2008-10-22,10.240641
2008-10-23,10.420454
2008-10-24,10.100798
2008-10-27,9.820186
2008-10-28,10.917055
2008-10-29,10.798604
2008-10-30,11.171709
2008-10-31,11.429492
2008-11-03,11.46661
2008-11-04,11.974867
2008-11-05,11.378685
2008-11-06,10.900068
2008-11-07,11.28387
2008-11-10,11.159161
2008-11-11,10.973796
2008-11-12,10.421035
2008-11-13,11.262766
2008-11-14,10.811295
2008-11-17,10.603246
2008-11-18,10.727958
2008-11-19,10.071065
2008-11-20,9.427964
2008-11-21,10.03542
2008-11-24,10.757948
2008-11-25,10.832069
2008-11-26,11.259065
2008-11-28,11.370635
2008-12-01,10.415841
2008-12-02,10.868621
2008-12-03,11.136927
2008-12-04,10.897898
2008-12-05,11.346357
2008-12-08,11.831468
2008-12-09,11.682162
2008-12-10,11.854788
2008-12-11,11.664011
2008-12-12,11.802453
2008-12-15,11.766691
2008-12-16,12.35009
2008-12-17,12.286104
2008-12-18,12.033124
2008-12-19,12.199539
2008-12-22,12.037888
2008-12-23,11.95604
2008-12-24,12.033767
2008-12-26,12.100429
2008-12-29,12.066898
2008-12-30,12.368202
2008-12-31,12.544237
2009-01-02,12.901272
2009-01-05,12.895679
2009-01-06,12.994046
2009-01-07,12.62839
2009-01-08,12.718912
2009-01-09,12.610415
2009-01-12,12.358388
2009-01-13,12.480934
2009-01-14,12.106206
2009-01-15,12.092089
2009-01-16,12.154086
2009-01-20,11.847291
2009-01-21,12.463164
2009-01-22,12.273196
2009-01-23,12.487852
2009-01-26,12.630759
2009-01-27,12.850239
2009-01-28,13.250755
2009-01-29,12.842052
2009-01-30,12.696351
2009-02-02,12.826462
2009-02-03,13.063345
2009-02-04,12.991004
2009-02-05,13.275765
2009-02-06,13.696196
2009-02-09,13.730233
2009-02-10,13.093105
2009-02-11,13.192725
2009-02-12,13.213963
2009-02-13,13.111866
2009-02-17,12.533445
2009-02-18,12.527169
2009-02-19,12.392071
2009-02-20,12.257868
2009-02-23,11.85509
2009-02-24,12.351922
2009-02-25,12.228166
2009-02-26,12.102527
2009-02-27,11.859534
2009-03-02,11.326318
2009-03-03,11.228044
2009-03-04,11.52339
2009-03-05,11.070156
2009-03-06,11.105537
2009-03-09,11.027166
2009-03-10,11.73808
2009-03-11,11.780661
2009-03-12,12.287393
2009-03-13,12.416214
2009-03-16,12.352163
2009-03-17,12.827314
2009-03-18,13.132123
2009-03-19,12.996565
2009-03-20,12.774834
2009-03-23,13.687201
2009-03-24,13.420134
2009-03-25,13.575696
2009-03-26,13.8979
2009-03-27,13.659172
2009-03-30,13.181395
2009-03-31,13.361949
2009-04-01,13.602037
2009-04-02,13.990233
2009-04-03,14.148798
2009-04-06,14.077201
2009-04-07,13.772463
2009-04-08,14.234746
2009-04-09,14.8321
2009-04-13,14.857181
2009-04-14,14.588371
2009-04-15,14.773855
2009-04-16,15.009794
2009-04-17,15.09379
2009-04-20,14.211856
2009-04-21,14.483914
2009-04-22,14.324967
2009-04-23,14.429099
2009-04-24,14.678836
2009-04-27,14.516823
2009-04-28,14.532732
2009-04-29,14.839151
2009-04-30,14.644896
2009-05-01,14.721516
2009-05-04,15.188746
2009-05-05,15.120857
2009-05-06,15.413077
2009-05-07,15.066669
2009-05-08,15.476368
2009-05-11,15.109969
2009-05-12,15.098628
2009-05-13,14.699967
2009-05-14,14.858919
2009-05-15,14.678349
2009-05-18,15.119192
2009-05-19,15.080542
2009-05-20,15.004984
2009-05-21,14.782562
2009-05-22,14.762822
2009-05-26,15.175108
2009-05-27,14.851234
2009-05-28,15.065249
2009-05-29,15.264091
2009-06-01,15.661793
2009-06-02,15.202121
2009-06-03,15.031754
2009-06-04,15.192737
2009-06-05,15.137592
2009-06-08,15.127299
2009-06-09,15.177273
2009-06-10,15.135116
2009-06-11,15.225209
2009-06-12,15.234301
2009-06-15,14.82056
2009-06-16,14.617401
2009-06-17,14.596013
2009-06-18,14.720932
2009-06-19,14.768783
2009-06-22,14.369978
2009-06-23,14.400493
2009-06-24,14.477108
2009-06-25,14.792554
2009-06-26,14.749411
2009-06-29,14.899743
2009-06-30,14.753977
2009-07-01,14.820371
2009-07-02,14.387379
2009-07-06,14.432056
2009-07-07,14.120348
2009-07-08,14.062455
2009-07-09,14.132733
2009-07-10,14.076157
2009-07-13,14.426507
2009-07-14,14.460608
2009-07-15,14.825895
2009-07-16,14.841703
2009-07-17,14.839587
2009-07-20,15.03301
2009-07-21,15.014768
2009-07-22,14.923509
2009-07-23,15.069834
2009-07-24,15.126381
2009-07-27,15.161365
2009-07-28,15.063792
2009-07-29,14.951841
2009-07-30,14.996288
2009-07-31,14.945419
2009-08-03,15.18986
2009-08-04,15.225059
2009-08-05,15.166193
2009-08-06,15.105692
2009-08-07,15.286386
2009-08-10,15.234189
2009-08-11,15.0304
2009-08-12,15.202489
2009-08-13,15.297674
2009-08-14,15.156538
2009-08-17,14.772601
2009-08-18,14.91208
2009-08-19,14.992643
2009-08-20,15.158611
2009-08-21,15.442695
2009-08-24,15.433012
2009-08-25,15.4648
2009-08-26,15.461802
2009-08-27,15.500755
2009-08-28,15.463296
2009-08-31,15.314943
2009-09-01,14.980923
2009-09-02,14.930697
2009-09-03,15.0583
2009-09-04,15.253086
2009-09-08,15.361077
2009-09-09,15.478839
2009-09-10,15.631171
2009-09-11,15.607845
2009-09-14,15.697124
2009-09-15,15.981406
2009-09-16,16.231586
2009-09-17,16.184319
2009-09-18,16.187901
2009-09-21,16.167548
2009-09-22,16.274731
2009-09-23,16.110359
2009-09-24,15.941289
2009-09-25,15.839431
2009-09-28,16.110162
2009-09-29,16.095344
2009-09-30,16.033252
2009-10-01,15.592887
2009-10-02,15.564108
2009-10-05,15.796946
2009-10-06,16.054865
2009-10-07,15.80442
2009-10-08,15.883643
2009-10-09,15.984999
2009-10-12,16.115877
2009-10-13,16.047019
2009-10-14,16.216816
2009-10-15,16.147623
2009-10-16,15.889907
2009-10-19,16.011481
2009-10-20,15.834151
2009-10-21,15.563711
2009-10-22,15.579033
2009-10-23,15.314383
2009-10-26,15.06237
2009-10-27,14.954902
2009-10-28,14.617514
2009-10-29,14.810588
2009-10-30,14.326517
2009-11-02,14.402785
2009-11-03,14.384296
2009-11-04,14.316028
2009-11-05,14.550266
2009-11-06,14.598498
2009-11-09,14.908157
2009-11-10,14.902578
2009-11-11,14.953788
2009-11-12,14.788831
2009-11-13,14.86952
2009-11-16,15.075899
2009-11-17,15.072016
2009-11-18,15.05849
2009-11-19,14.858043
2009-11-20,14.796521
2009-11-23,15.007674
2009-11-24,14.991401
2009-11-25,15.050128
2009-11-27,14.792985
2009-11-30,14.846888
2009-12-01,15.008905
2009-12-02,15.01692
2009-12-03,14.970707
2009-12-04,15.072789
2009-12-07,15.08016
2009-12-08,14.920579
2009-12-09,14.971844
2009-12-10,15.057159
2009-12-11,15.112291
2009-12-14,15.231773
2009-12-15,15.13514
2009-12-16,15.162306
2009-12-17,14.98458
2009-12-18,15.079768
2009-12-21,15.340681
2009-12-22,15.383129
2009-12-23,15.422437
2009-12-24,15.504493
2009-12-28,15.522559
2009-12-29,15.498222
2009-12-30,15.502965
2009-12-31,15.3486
2010-01-04,15.602669
2010-01-05,15.668364
2010-01-06,15.660191
2010-01-07,15.719107
2010-01-08,15.75939
2010-01-11,15.785632
2010-01-12,15.637002
2010-01-13,15.786046
2010-01-14,15.824377
2010-01-15,15.606823
2010-01-19,15.605279
2010-01-20,15.144806
2010-01-21,14.810554
2010-01-22,14.436608
2010-01-25,14.457171
2010-01-26,14.284412
2010-01-27,14.308566
2010-01-28,14.130773
2010-01-29,13.943051
2010-02-01,14.119165
2010-02-02,14.287262
2010-02-03,14.152097
2010-02-04,13.693664
2010-02-05,13.711724
2010-02-08,13.56551
2010-02-09,13.745
2010-02-10,13.699983
2010-02-11,13.841231
2010-02-12,13.800853
2010-02-16,14.08097
2010-02-17,14.137789
2010-02-18,14.196508
2010-02-19,14.229445
2010-02-22,14.210234
2010-02-23,14.050131
2010-02-24,14.182424
2010-02-25,14.14904
2010-02-26,14.143188
2010-03-01,14.270677
2010-03-02,14.291753
2010-03-03,14.307292
2010-03-04,14.359119
2010-03-05,14.553573
2010-03-08,14.546514
2010-03-09,14.570683
2010-03-10,14.636605
2010-03-11,14.697781
2010-03-12,14.68974
2010-03-15,14.699321
2010-03-16,14.815344
2010-03-17,14.897619
2010-03-18,14.877623
2010-03-19,14.795905
2010-03-22,14.879901
2010-03-23,14.962016
2010-03-24,14.874682
2010-03-25,14.8486
2010-03-26,14.863365
2010-03-29,14.951134
2010-03-30,14.955617
2010-03-31,14.907903
2010-04-01,15.009702
2010-04-05,15.149472
2010-04-06,15.154567
2010-04-07,15.078453
2010-04-08,15.122681
2010-04-09,15.219109
2010-04-12,15.262625
2010-04-13,15.261644
2010-04-14,15.350819
2010-04-15,15.341007
2010-04-16,15.048992
2010-04-19,15.018314
2010-04-20,15.045511
2010-04-21,14.88705
2010-04-22,14.821446
2010-04-23,14.885456
2010-04-26,14.794809
2010-04-27,14.388604
2010-04-28,14.410651
2010-04-29,14.446987
2010-04-30,14.149578
2010-05-03,14.311066
2010-05-04,13.931403
2010-05-05,13.83747
2010-05-06,13.386224
2010-05-07,13.190502
2010-05-10,13.736494
2010-05-11,13.688199
2010-05-12,13.869002
2010-05-13,13.685348
2010-05-14,13.428773
2010-05-17,13.435964
2010-05-18,13.232718
2010-05-19,13.151223
2010-05-20,12.629638
2010-05-21,12.817793
2010-05-24,12.649053
2010-05-25,12.664114
2010-05-26,12.592828
2010-05-27,13.009661
2010-05-28,12.834372
2010-06-01,12.614008
2010-06-02,12.939598
2010-06-03,12.994013
2010-06-04,12.545186
2010-06-07,12.379148
2010-06-08,12.515863
2010-06-09,12.439291
2010-06-10,12.801358
2010-06-11,12.872887
2010-06-14,12.850608
2010-06-15,13.165514
2010-06-16,13.159301
2010-06-17,13.176357
2010-06-18,13.195768
2010-06-21,13.172806
2010-06-22,12.95432
2010-06-23,12.926964
2010-06-24,12.710277
2010-06-25,12.751968
2010-06-28,12.703113
2010-06-29,12.30934
2010-06-30,12.182325
2010-07-01,12.151224
2010-07-02,12.086165
2010-07-06,12.167709
2010-07-07,12.546336
2010-07-08,12.665091
2010-07-09,12.765065
2010-07-12,12.78398
2010-07-13,12.981814
2010-07-14,12.95672
2010-07-15,12.917253
2010-07-16,12.475639
2010-07-19,12.574254
2010-07-20,12.66153
2010-07-21,12.448847
2010-07-22,12.670904
2010-07-23,12.735661
2010-07-26,12.847101
2010-07-27,12.800837
2010-07-28,12.677559
2010-07-29,12.58598
2010-07-30,12.579342
2010-08-02,12.845966
2010-08-03,12.756389
2010-08-04,12.823064
2010-08-05,12.798145
2010-08-06,12.749948
2010-08-09,12.79819
2010-08-10,12.721174
2010-08-11,12.35772
2010-08-12,12.298275
2010-08-13,12.242962
2010-08-16,12.235161
2010-08-17,12.378474
2010-08-18,12.38717
2010-08-19,12.181599
2010-08-20,12.135079
2010-08-23,12.086654
2010-08-24,11.908509
2010-08-25,11.946606
2010-08-26,11.852017
2010-08-27,12.057517
2010-08-30,11.882809
2010-08-31,11.888861
2010-09-01,12.242824
2010-09-02,12.367982
2010-09-03,12.530976
2010-09-07,12.375017
2010-09-08,12.454853
2010-09-09,12.51521
2010-09-10,12.58077
2010-09-13,12.737899
2010-09-14,12.732614
2010-09-15,12.779699
2010-09-16,12.776042
2010-09-17,12.796134
2010-09-20,13.01652
2010-09-21,12.97973
2010-09-22,12.924547
2010-09-23,12.815548
2010-09-24,13.081191
2010-09-27,13.012143
2010-09-28,13.07374
2010-09-29,13.028766
2010-09-30,12.994
2010-10-01,13.044895
2010-10-04,12.932088
2010-10-05,13.202812
2010-10-06,13.203068
2010-10-07,13.177388
2010-10-08,13.250509
2010-10-11,13.266269
2010-10-12,13.31429
2010-10-13,13.404449
2010-10-14,13.341803
2010-10-15,13.358212
2010-10-18,13.415345
2010-10-19,13.101984
2010-10-20,13.174429
2010-10-21,13.136873
2010-10-22,13.148782
2010-10-25,13.176795
2010-10-26,13.157427
2010-10-27,13.091672
2010-10-28,13.053009
2010-10-29,13.035795
2010-11-01,13.037007
2010-11-02,13.110555
2010-11-03,13.153297
2010-11-04,13.389404
2010-11-05,13.41864
2010-11-08,13.407863
2010-11-09,13.299967
2010-11-10,13.344201
2010-11-11,13.293869
2010-11-12,13.135661
2010-11-15,13.121208
2010-11-16,12.901786
2010-11-17,12.899567
2010-11-18,13.095201
2010-11-19,13.124572
2010-11-22,13.097825
2010-11-23,12.904988
2010-11-24,13.093972
2010-11-26,12.983998
2010-11-29,12.97167
2010-11-30,12.89523
2010-12-01,13.17818
2010-12-02,13.347788
2010-12-03,13.381363
2010-12-06,13.360507
2010-12-07,13.367889
2010-12-08,13.415404
2010-12-09,13.458536
2010-12-10,13.536698
2010-12-13,13.52874
2010-12-14,13.505963
2010-12-15,13.444725
2010-12-16,13.506489
2010-12-17,13.511937
2010-12-20,13.563494
2010-12-21,13.631058
2010-12-22,13.67395
2010-12-23,13.656796
2010-12-27,13.66291
2010-12-28,13.671765
2010-12-29,13.686329
2010-12-30,13.668205
2010-12-31,13.66517
2011-01-03,13.800791
2011-01-04,13.786252
2011-01-05,13.850534
2011-01-06,13.808561
2011-01-07,13.778545
2011-01-10,13.74914
2011-01-11,13.787716
2011-01-12,13.903256
2011-01-13,13.863892
2011-01-14,13.947846
2011-01-18,13.852741
2011-01-19,13.628331
2011-01-20,13.576381
2011-01-21,13.559283
2011-01-24,13.629062
2011-01-25,13.578372
2011-01-26,13.594268
2011-01-27,13.602114
2011-01-28,13.353043
2011-01-31,13.456704
2011-02-01,13.654397
2011-02-02,13.600874
2011-02-03,13.615259
2011-02-04,13.646803
2011-02-07,13.721667
2011-02-08,13.776824
2011-02-09,13.737419
2011-02-10,13.741695
2011-02-11,13.81291
2011-02-14,13.83935
2011-02-15,13.785045
2011-02-16,13.862686
2011-02-17,13.896572
2011-02-18,13.919843
2011-02-22,13.622181
2011-02-23,13.532435
2011-02-24,13.508614
2011-02-25,13.608604
2011-02-28,13.697304
2011-03-01,13.475571
2011-03-02,13.498216
2011-03-03,13.726782
2011-03-04,13.620482
2011-03-07,13.506761
2011-03-08,13.591313
2011-03-09,13.578697
2011-03-10,13.323941
2011-03-11,13.41706
2011-03-14,13.335038
2011-03-15,13.174798
2011-03-16,12.899128
2011-03-17,13.053596
2011-03-18,13.11206
2011-03-21,13.317458
2011-03-22,13.270155
2011-03-23,13.300361
2011-03-24,13.410191
2011-03-25,13.438882
2011-03-28,13.406608
2011-03-29,13.500342
2011-03-30,13.591136
2011-03-31,13.564086
2011-04-01,13.639195
2011-04-04,13.632909
2011-04-05,13.604778
2011-04-06,13.630385
2011-04-07,13.59616
2011-04-08,13.546228
2011-04-11,13.469818
2011-04-12,13.368309
2011-04-13,13.352974
2011-04-14,13.346863
2011-04-15,13.372378
2011-04-18,13.210606
2011-04-19,13.251314
2011-04-20,13.346847
2011-04-21,13.342452
2011-04-25,13.316569
2011-04-26,13.403409
2011-04-27,13.450526
2011-04-28,13.404038
2011-04-29,13.379065
2011-05-02,13.345878
2011-05-03,13.278816
2011-05-04,13.155726
2011-05-05,13.007969
2011-05-06,13.054876
2011-05-09,13.109564
2011-05-10,13.210522
2011-05-11,13.046798
2011-05-12,13.119552
2011-05-13,13.016745
2011-05-16,12.933919
2011-05-17,12.932085
2011-05-18,13.055523
2011-05-19,13.082847
2011-05-20,12.983274
2011-05-23,12.826696
2011-05-24,12.819967
2011-05-25,12.85979
2011-05-26,12.905426
2011-05-27,12.957567
2011-05-31,13.088539
2011-06-01,12.787777
2011-06-02,12.767557
2011-06-03,12.655887
2011-06-06,12.525642
2011-06-07,12.511294
2011-06-08,12.452185
2011-06-09,12.54522
2011-06-10,12.372143
2011-06-13,12.390844
2011-06-14,12.548677
2011-06-15,12.329492
2011-06-16,12.353854
2011-06-17,12.392886
2011-06-20,12.469561
2011-06-21,12.635693
2011-06-22,12.550665
2011-06-23,12.508473
2011-06-24,12.366669
2011-06-27,12.48297
2011-06-28,12.641224
2011-06-29,12.743164
2011-06-30,12.868239
2011-07-01,13.045131
2011-07-05,13.03879
2011-07-06,13.061163
2011-07-07,13.200553
2011-07-08,13.105689
2011-07-11,12.870609
2011-07-12,12.817465
2011-07-13,12.844003
2011-07-14,12.752806
2011-07-15,12.803848
2011-07-18,12.691662
2011-07-19,12.830977
2011-07-20,12.759321
2011-07-21,12.876408
2011-07-22,12.845561
2011-07-25,12.767848
2011-07-26,12.684678
2011-07-27,12.403057
2011-07-28,12.328148
2011-07-29,12.254944
2011-08-01,12.180342
2011-08-02,11.872579
2011-08-03,11.917593
2011-08-04,11.333844
2011-08-05,11.322834
2011-08-08,10.57793
2011-08-09,11.083578
2011-08-10,10.587957
2011-08-11,11.081311
2011-08-12,11.144474
2011-08-15,11.38775
2011-08-16,11.277105
2011-08-17,11.298524
2011-08-18,10.796596
2011-08-19,10.647084
2011-08-22,10.655372
2011-08-23,11.019446
2011-08-24,11.166467
2011-08-25,11.005816
2011-08-26,11.17634
2011-08-29,11.490629
2011-08-30,11.517442
2011-08-31,11.582941
2011-09-01,11.445605
2011-09-02,11.16044
2011-09-06,11.087364
2011-09-07,11.408945
2011-09-08,11.29122
2011-09-09,10.996022
2011-09-12,11.078044
2011-09-13,11.185442
2011-09-14,11.34793
2011-09-15,11.559593
2011-09-16,11.631138
2011-09-19,11.536508
2011-09-20,11.515729
2011-09-21,11.180746
2011-09-22,10.828488
2011-09-23,10.900984
2011-09-26,11.154869
2011-09-27,11.272924
2011-09-28,11.048926
2011-09-29,11.142181
2011-09-30,10.873389
2011-10-03,10.590632
2011-10-04,10.848311
2011-10-05,11.051422
2011-10-06,11.255952
2011-10-07,11.17754
2011-10-10,11.57521
2011-10-11,11.605807
2011-10-12,11.737827
2011-10-13,11.702809
2011-10-14,11.921675
2011-10-17,11.668747
2011-10-18,11.851622
2011-10-19,11.680268
2011-10-20,11.740884
2011-10-21,11.948469
2011-10-24,12.111012
2011-10-25,11.858019
2011-10-26,11.987902
2011-10-27,12.385148
2011-10-28,12.409146
2011-10-31,12.108918
2011-11-01,11.768643
2011-11-02,11.928812
2011-11-03,12.132194
2011-11-04,12.069338
2011-11-07,12.140836
2011-11-08,12.28782
2011-11-09,11.832769
2011-11-10,11.928234
2011-11-11,12.162356
2011-11-14,12.047555
2011-11-15,12.102324
2011-11-16,11.89586
2011-11-17,11.702526
2011-11-18,11.698625
2011-11-21,11.482787
2011-11-22,11.450883
2011-11-23,11.183641
2011-11-25,11.154687
2011-11-28,11.480774
2011-11-29,11.504197
2011-11-30,12.005856
2011-12-01,11.984507
2011-12-02,11.981393
2011-12-05,12.099652
2011-12-06,12.110966
2011-12-07,12.142497
2011-12-08,11.888622
2011-12-09,12.102666
2011-12-12,11.935352
2011-12-13,11.83502
2011-12-14,11.707552
2011-12-15,11.75134
2011-12-16,11.795235
2011-12-19,11.683489
2011-12-20,12.027882
2011-12-21,12.05085
2011-12-22,12.160117
2011-12-23,12.271776
2011-12-27,12.273231
2011-12-28,12.120907
2011-12-29,12.251403
2011-12-30,12.199524
2012-01-03,12.387321
2012-01-04,12.399143
2012-01-05,12.456872
2012-01-06,12.427665
2012-01-09,12.494734
2012-01-10,12.621147
2012-01-11,12.632141
2012-01-12,12.678455
2012-01-13,12.608038
2012-01-17,12.644937
2012-01-18,12.765887
2012-01-19,12.781839
2012-01-20,12.774007
2012-01-23,12.783795
2012-01-24,12.745146
2012-01-25,12.759828
2012-01-26,12.659515
2012-01-27,12.637002
2012-01-30,12.60438
2012-01-31,12.548805
2012-02-01,12.663987
2012-02-02,12.65879
2012-02-03,12.845188
2012-02-06,12.849542
2012-02-07,12.869093
2012-02-08,12.874897
2012-02-09,12.86684
2012-02-10,12.780016
2012-02-13,12.86644
2012-02-14,12.865937
2012-02-15,12.790062
2012-02-16,12.918345
2012-02-17,12.949356
2012-02-21,12.943753
2012-02-22,12.902541
2012-02-23,12.953853
2012-02-24,12.97924
2012-02-27,12.991892
2012-02-28,13.034663
2012-02-29,12.972932
2012-03-01,13.043037
2012-03-02,12.99878
2012-03-05,12.948502
2012-03-06,12.748459
2012-03-07,12.833741
2012-03-08,12.960875
2012-03-09,13.012934
2012-03-12,13.01415
2012-03-13,13.249662
2012-03-14,13.242108
2012-03-15,13.321142
2012-03-16,13.331221
2012-03-19,13.383547
2012-03-20,13.3325
2012-03-21,13.302111
2012-03-22,13.199028
2012-03-23,13.246514
2012-03-26,13.425584
2012-03-27,13.38717
2012-03-28,13.323884
2012-03-29,13.302459
2012-03-30,13.353583
2012-04-02,13.443687
2012-04-03,13.394745
2012-04-04,13.247982
2012-04-05,13.235342
2012-04-09,13.080542
2012-04-10,12.852821
2012-04-11,12.947009
2012-04-12,13.116877
2012-04-13,12.923956
2012-04-16,12.913149
2012-04-17,13.082581
2012-04-18,13.014499
2012-04-19,12.864685
2012-04-20,12.869129
2012-04-23,12.76071
2012-04-24,12.765193
2012-04-25,12.888636
2012-04-26,12.924324
2012-04-27,12.95427
2012-04-30,12.905611
2012-05-01,12.938236
2012-05-02,12.898413
2012-05-03,12.809453
2012-05-04,12.601324
2012-05-07,12.612429
2012-05-08,12.549624
2012-05-09,12.457231
2012-05-10,12.493235
2012-05-11,12.468926
2012-05-14,12.331816
2012-05-15,12.260065
2012-05-16,12.202214
2012-05-17,12.015863
2012-05-18,11.931672
2012-05-21,12.135286
2012-05-22,12.143578
2012-05-23,12.169105
2012-05-24,12.1859
2012-05-25,12.159668
2012-05-29,12.296138
2012-05-30,12.121388
2012-05-31,12.095611
2012-06-01,11.800804
2012-06-04,11.803721
2012-06-05,11.875607
2012-06-06,12.161043
2012-06-07,12.170937
2012-06-08,12.277303
2012-06-11,12.125607
2012-06-12,12.269833
2012-06-13,12.18831
2012-06-14,12.320035
2012-06-15,12.46243
2012-06-18,12.509743
2012-06-19,12.624126
2012-06-20,12.606984
2012-06-21,12.334193
2012-06-22,12.424505
2012-06-25,12.235568
2012-06-26,12.306987
2012-06-27,12.422878
2012-06-28,12.406229
2012-06-29,12.731558
2012-07-02,12.736481
2012-07-03,12.818133
2012-07-05,12.753186
2012-07-06,12.652812
2012-07-09,12.65326
2012-07-10,12.559953
2012-07-11,12.60647
2012-07-12,12.55494
2012-07-13,12.751134
2012-07-16,12.731455
2012-07-17,12.79772
2012-07-18,12.861225
2012-07-19,12.879499
2012-07-20,12.727769
2012-07-23,12.609891
2012-07-24,12.455216
2012-07-25,12.476406
2012-07-26,12.663223
2012-07-27,12.928651
2012-07-30,12.9234
2012-07-31,12.872293
2012-08-01,12.817868
2012-08-02,12.71553
2012-08-03,12.948571
2012-08-06,12.973837
2012-08-07,13.031723
2012-08-08,13.035471
2012-08-09,13.038964
2012-08-10,13.069737
2012-08-13,13.061909
2012-08-14,13.057722
2012-08-15,13.057793
2012-08-16,13.155627
2012-08-17,13.173149
2012-08-20,13.170464
2012-08-21,13.125994
2012-08-22,13.130174
2012-08-23,13.030366
2012-08-24,13.11487
2012-08-27,13.106799
2012-08-28,13.096266
2012-08-29,13.108225
2012-08-30,13.006648
2012-08-31,13.072701
2012-09-04,13.058908
2012-09-05,13.036313
2012-09-06,13.303145
2012-09-07,13.377897
2012-09-10,13.29628
2012-09-11,13.340895
2012-09-12,13.364768
2012-09-13,13.5691
2012-09-14,13.622185
2012-09-17,13.580488
2012-09-18,13.560088
2012-09-19,13.576937
2012-09-20,13.575384
2012-09-21,13.579719
2012-09-24,13.559517
2012-09-25,13.407034
2012-09-26,13.331537
2012-09-27,13.453249
2012-09-28,13.393755
2012-10-01,13.442575
2012-10-02,13.420246
2012-10-03,13.482245
2012-10-04,13.577611
2012-10-05,13.555846
2012-10-08,13.504464
2012-10-09,13.368035
2012-10-10,13.288241
2012-10-11,13.290384
2012-10-12,13.232885
2012-10-15,13.338309
2012-10-16,13.437494
2012-10-17,13.487965
2012-10-18,13.411535
2012-10-19,13.194813
2012-10-22,13.195852
2012-10-23,13.003678
2012-10-24,12.9489
2012-10-25,12.919563
2012-10-26,12.956383
2012-10-31,12.958592
2012-11-01,13.075996
2012-11-02,12.937976
2012-11-05,12.97891
2012-11-06,13.072615
2012-11-07,12.753429
2012-11-08,12.596966
2012-11-09,12.625102
2012-11-12,12.635751
2012-11-13,12.582979
2012-11-14,12.4074
2012-11-15,12.378066
2012-11-16,12.44616
2012-11-19,12.689543
2012-11-20,12.709054
2012-11-21,12.737746
2012-11-23,12.903516
2012-11-26,12.873512
2012-11-27,12.811314
2012-11-28,12.912847
2012-11-29,12.970877
2012-11-30,12.985102
2012-12-03,12.925153
2012-12-04,12.905142
2012-12-05,12.928435
2012-12-06,12.965013
2012-12-07,13.003838
2012-12-10,13.021116
2012-12-11,13.108691
2012-12-12,13.122083
2012-12-13,13.042288
2012-12-14,13.003827
2012-12-17,13.156422
2012-12-18,13.304188
2012-12-19,13.230621
2012-12-20,13.290407
2012-12-21,13.188283
2012-12-24,13.162283
2012-12-26,13.099872
2012-12-27,13.084656
2012-12-28,12.939992
2012-12-31,13.156317
2013-01-02,13.430661
2013-01-03,13.406182
2013-01-04,13.468585
2013-01-07,13.431643
2013-01-08,13.386568
2013-01-09,13.430891
2013-01-10,13.526084
2013-01-11,13.532143
2013-01-14,13.515994
2013-01-15,13.531283
2013-01-16,13.541543
2013-01-17,13.583568
2013-01-18,13.609907
2013-01-22,13.626734
2013-01-23,13.628575
2013-01-24,13.650483
2013-01-25,13.714223
2013-01-28,13.679683
2013-01-29,13.72244
2013-01-30,13.681785
2013-01-31,13.610831
2013-02-01,13.738776
2013-02-04,13.56909
2013-02-05,13.692439
2013-02-06,13.658984
2013-02-07,13.623557
2013-02-08,13.698722
2013-02-11,13.69034
2013-02-12,13.69967
2013-02-13,13.695773
2013-02-14,13.701566
2013-02-15,13.691104
2013-02-19,13.789276
2013-02-20,13.612233
2013-02-21,13.489265
2013-02-22,13.593769
2013-02-25,13.334134
2013-02-26,13.416034
2013-02-27,13.591212
2013-02-28,13.580502
2013-03-01,13.613902
2013-03-04,13.678126
2013-03-05,13.801725
2013-03-06,13.816526
2013-03-07,13.842993
2013-03-08,13.90426
2013-03-11,13.949791
2013-03-12,13.916797
2013-03-13,13.933734
2013-03-14,14.013873
2013-03-15,13.989146
2013-03-18,13.919501
2013-03-19,13.885624
2013-03-20,13.974591
2013-03-21,13.854748
2013-03-22,13.9623
2013-03-25,13.911876
2013-03-26,14.024093
2013-03-27,14.021759
2013-03-28,14.075796
2013-04-01,14.011108
2013-04-02,14.083326
2013-04-03,13.934462
2013-04-04,13.993436
2013-04-05,13.933554
2013-04-08,14.015414
2013-04-09,14.063021
2013-04-10,14.232497
2013-04-11,14.285864
2013-04-12,14.246575
2013-04-15,13.908401
2013-04-16,14.092628
2013-04-17,13.888081
2013-04-18,13.743228
2013-04-19,13.868471
2013-04-22,13.937697
2013-04-23,14.045435
2013-04-24,14.099499
2013-04-25,14.13152
2013-04-26,14.100441
2013-04-29,14.197531
2013-04-30,14.229008
2013-05-01,14.078042
2013-05-02,14.193792
2013-05-03,14.342023
2013-05-06,14.364962
2013-05-07,14.429322
2013-05-08,14.488433
2013-05-09,14.43992
2013-05-10,14.504544
2013-05-13,14.50544
2013-05-14,14.653375
2013-05-15,14.723714
2013-05-16,14.641425
2013-05-17,14.794399
2013-05-20,14.774486
2013-05-21,14.795602
2013-05-22,14.664319
2013-05-23,14.618856
2013-05-24,14.613631
2013-05-28,14.715635
2013-05-29,14.618942
2013-05-30,14.671491
2013-05-31,14.459168
2013-06-03,14.545737
2013-06-04,14.465342
2013-06-05,14.266831
2013-06-06,14.389812
2013-06-07,14.554949
2013-06-10,14.551889
2013-06-11,14.405039
2013-06-12,14.281312
2013-06-13,14.496404
2013-06-14,14.410166
2013-06-17,14.520116
2013-06-18,14.630241
2013-06-19,14.429512
2013-06-20,14.065519
2013-06-21,14.103092
2013-06-24,13.946925
2013-06-25,14.080519
2013-06-26,14.215859
2013-06-27,14.309754
2013-06-28,14.251251
2013-07-01,14.333592
2013-07-02,14.322605
2013-07-03,14.336799
2013-07-05,14.486779
2013-07-08,14.567281
2013-07-09,14.682861
2013-07-10,14.689598
2013-07-11,14.895259
2013-07-12,14.942833
2013-07-15,14.949371
2013-07-16,14.884121
2013-07-17,14.897533
2013-07-18,14.929403
2013-07-19,14.966449
2013-07-22,14.993088
2013-07-23,14.914289
2013-07-24,14.843445
2013-07-25,14.84495
2013-07-26,14.86459
2013-07-29,14.791013
2013-07-30,14.773403
2013-07-31,14.757628
2013-08-01,14.906649
2013-08-02,14.929266
2013-08-05,14.910814
2013-08-06,14.80499
2013-08-07,14.747392
2013-08-08,14.803037
2013-08-09,14.750594
2013-08-12,14.729097
2013-08-13,14.769685
2013-08-14,14.69569
2013-08-15,14.482433
2013-08-16,14.439209
2013-08-19,14.348242
2013-08-20,14.397677
2013-08-21,14.305718
2013-08-22,14.435276
2013-08-23,14.48915
2013-08-26,14.433091
2013-08-27,14.206516
2013-08-28,14.24999
2013-08-29,14.279232
2013-08-30,14.228684
2013-09-03,14.287175
2013-09-04,14.404627
2013-09-05,14.427315
2013-09-06,14.429146
2013-09-09,14.562078
2013-09-10,14.671385
2013-09-11,14.703828
2013-09-12,14.649425
2013-09-13,14.693606
2013-09-16,14.778423
2013-09-17,14.846647
2013-09-18,15.021552
2013-09-19,14.995553
2013-09-20,14.892676
2013-09-23,14.856188
2013-09-24,14.813123
2013-09-25,14.776114
2013-09-26,14.831101
2013-09-27,14.772108
2013-09-30,14.694503
2013-10-01,14.810251
2013-10-02,14.800554
2013-10-03,14.676045
2013-10-04,14.786338
2013-10-07,14.661259
2013-10-08,14.483822
2013-10-09,14.496343
2013-10-10,14.818611
2013-10-11,14.905896
2013-10-14,14.972823
2013-10-15,14.855661
2013-10-16,15.018014
2013-10-17,15.094538
2013-10-18,15.178834
2013-10-21,15.176874
2013-10-22,15.244406
2013-10-23,15.154738
2013-10-24,15.178089
2013-10-25,15.237771
2013-10-28,15.236153
2013-10-29,15.282887
2013-10-30,15.184761
2013-10-31,15.08544
2013-11-01,15.116192
2013-11-04,15.170624
2013-11-05,15.117968
2013-11-06,15.163876
2013-11-07,14.957155
2013-11-08,15.157939
2013-11-11,15.173221
2013-11-12,15.138401
2013-11-13,15.264537
2013-11-14,15.344566
2013-11-15,15.412209
2013-11-18,15.356832
2013-11-19,15.321476
2013-11-20,15.259043
2013-11-21,15.380392
2013-11-22,15.460793
2013-11-25,15.443039
2013-11-26,15.445809
2013-11-27,15.485759
2013-11-29,15.472774
2013-12-02,15.406162
2013-12-03,15.356472
2013-12-04,15.338083
2013-12-05,15.266522
2013-12-06,15.437328
2013-12-09,15.468478
2013-12-10,15.427475
2013-12-11,15.253728
2013-12-12,15.201022
2013-12-13,15.205911
2013-12-16,15.3061
2013-12-17,15.266653
2013-12-18,15.520728
2013-12-19,15.531253
2013-12-20,15.610638
2013-12-23,15.764324
2013-12-24,15.810779
2013-12-26,15.886271
2013-12-27,15.88091
2013-12-30,15.877882
2013-12-31,15.939893
2014-01-02,15.800602
2014-01-03,15.797782
2014-01-06,15.75696
2014-01-07,15.848582
2014-01-08,15.842847
2014-01-09,15.857462
2014-01-10,15.911925
2014-01-13,15.710739
2014-01-14,15.861268
2014-01-15,15.928233
2014-01-16,15.876909
2014-01-17,15.818586
2014-01-21,15.841534
2014-01-22,15.842325
2014-01-23,15.674313
2014-01-24,15.341443
2014-01-27,15.252498
2014-01-28,15.346747
2014-01-29,15.175454
2014-01-30,15.289911
2014-01-31,15.182776
2014-02-03,14.836724
2014-02-04,14.929866
2014-02-05,14.884601
2014-02-06,15.05385
2014-02-07,15.265965
2014-02-10,15.288225
2014-02-11,15.445548
2014-02-12,15.436244
2014-02-13,15.512
2014-02-14,15.607345
2014-02-18,15.624648
2014-02-19,15.513652
2014-02-20,15.600306
2014-02-21,15.574617
2014-02-24,15.662824
2014-02-25,15.624004
2014-02-26,15.61698
2014-02-27,15.696524
2014-02-28,15.740312
2014-03-03,15.622029
2014-03-04,15.863304
2014-03-05,15.86615
2014-03-06,15.896788
2014-03-07,15.904504
2014-03-10,15.896585
2014-03-11,15.818188
2014-03-12,15.825883
2014-03-13,15.642701
2014-03-14,15.600507
2014-03-17,15.750563
2014-03-18,15.862636
2014-03-19,15.766356
2014-03-20,15.862421
2014-03-21,15.820964
2014-03-24,15.768105
2014-03-25,15.834285
2014-03-26,15.721925
2014-03-27,15.698964
2014-03-28,15.76973
2014-03-31,15.892531
2014-04-01,16.007549
2014-04-02,16.065685
2014-04-03,15.967931
2014-04-04,15.784618
2014-04-07,15.626194
2014-04-08,15.692956
2014-04-09,15.869228
2014-04-10,15.554364
2014-04-11,15.398805
2014-04-14,15.528914
2014-04-15,15.624079
2014-04-16,15.711259
2014-04-17,15.724697
2014-04-21,15.785221
2014-04-22,15.811975
2014-04-23,15.67165
2014-04-24,15.599716
2014-04-25,15.461891
2014-04-28,15.500762
2014-04-29,15.549361
2014-04-30,15.57475
2014-05-01,15.546685
2014-05-02,15.514789
2014-05-05,15.55215
2014-05-06,15.404345
2014-05-07,15.479818
2014-05-08,15.45091
2014-05-09,15.475542
2014-05-12,15.624169
2014-05-13,15.631196
2014-05-14,15.554071
2014-05-15,15.399068
2014-05-16,15.462149
2014-05-19,15.528235
2014-05-20,15.422451
2014-05-21,15.543042
2014-05-22,15.579906
2014-05-23,15.647326
2014-05-27,15.737854
2014-05-28,15.720552
2014-05-29,15.798775
2014-05-30,15.830397
2014-06-02,15.848923
2014-06-03,15.843804
2014-06-04,15.877288
2014-06-05,15.985962
2014-06-06,16.065139
2014-06-09,16.077121
2014-06-10,16.070273
2014-06-11,16.016229
2014-06-12,15.898673
2014-06-13,15.934948
2014-06-16,15.947936
2014-06-17,15.981475
2014-06-18,16.10365
2014-06-19,16.120968
2014-06-20,16.152898
2014-06-23,16.155058
2014-06-24,16.047885
2014-06-25,16.125246
2014-06-26,16.10712
2014-06-27,16.14415
2014-06-30,16.144013
2014-07-01,16.244619
2014-07-02,16.264576
2014-07-03,16.348478
2014-07-07,16.287038
2014-07-08,16.171783
2014-07-09,16.243284
2014-07-10,16.20214
2014-07-11,16.220591
2014-07-14,16.289885
2014-07-15,16.244779
2014-07-16,16.239823
2014-07-17,15.99863
2014-07-18,16.158535
2014-07-21,16.112547
2014-07-22,16.139437
2014-07-23,16.101888
2014-07-24,16.042391
2014-07-25,15.963267
2014-07-28,15.95499
2014-07-29,15.858151
2014-07-30,15.82327
2014-07-31,15.47865
2014-08-01,15.440189
2014-08-04,15.547813
2014-08-05,15.38927
2014-08-06,15.388257
2014-08-07,15.299922
2014-08-08,15.478205
2014-08-11,15.519327
2014-08-12,15.500354
2014-08-13,15.604116
2014-08-14,15.669265
2014-08-15,15.675566
2014-08-18,15.81845
2014-08-19,15.892975
2014-08-20,15.925023
2014-08-21,16.019588
2014-08-22,16.002067
2014-08-25,16.089223
2014-08-26,16.104662
2014-08-27,16.10484
2014-08-28,16.072381
2014-08-29,16.120164
2014-09-02,16.108728
2014-09-03,16.098024
2014-09-04,16.074828
2014-09-05,16.157475
2014-09-08,16.110213
2014-09-09,16.012481
2014-09-10,16.068793
2014-09-11,16.080905
2014-09-12,15.985144
2014-09-15,15.973586
2014-09-16,16.092364
2014-09-17,16.110314
2014-09-18,16.183159
2014-09-19,16.183255
2014-09-22,16.067833
2014-09-23,15.968839
2014-09-24,16.088891
2014-09-25,15.823241
2014-09-26,15.957583
2014-09-29,15.919214
2014-09-30,15.888944
2014-10-01,15.680297
2014-10-02,15.680025
2014-10-03,15.865441
2014-10-06,15.859131
2014-10-07,15.624663
2014-10-08,15.902499
2014-10-09,15.575549
2014-10-10,15.412323
2014-10-13,15.177174
2014-10-14,15.191929
2014-10-15,15.014891
2014-10-16,15.021233
2014-10-17,15.230113
2014-10-20,15.418688
2014-10-21,15.706456
2014-10-22,15.588512
2014-10-23,15.732207
2014-10-24,15.837918
2014-10-27,15.82956
2014-10-28,15.981066
2014-10-29,15.959193
2014-10-30,16.025692
2014-10-31,16.208643
2014-11-03,16.201991
2014-11-04,16.136702
2014-11-05,16.221264
2014-11-06,16.263913
2014-11-07,16.272316
2014-11-10,16.311465
2014-11-11,16.342845
2014-11-12,16.328333
2014-11-13,16.334454
2014-11-14,16.34554
2014-11-17,16.357411
2014-11-18,16.435461
2014-11-19,16.409189
2014-11-20,16.440421
2014-11-21,16.540845
2014-11-24,16.591761
2014-11-25,16.593955
2014-11-26,16.641997
2014-11-28,16.632906
2014-12-01,16.551422
2014-12-02,16.677676
2014-12-03,16.745823
2014-12-04,16.736182
2014-12-05,16.787009
2014-12-08,16.693019
2014-12-09,16.712296
2014-12-10,16.445852
2014-12-11,16.511284
2014-12-12,16.254818
2014-12-15,16.20445
2014-12-16,16.093531
2014-12-17,16.427248
2014-12-18,16.867
2014-12-19,16.952546
2014-12-22,17.062562
2014-12-23,17.098927
2014-12-24,17.104521
2014-12-26,17.160092
2014-12-29,17.17261
2014-12-30,17.090609
2014-12-31,16.91555
2015-01-02,16.921655
2015-01-05,16.616707
2015-01-06,16.508306
2015-01-07,16.739276
2015-01-08,17.051948
2015-01-09,16.934161
2015-01-12,16.841648
2015-01-13,16.856152
2015-01-14,16.767164
2015-01-15,16.611113
2015-01-16,16.844404
2015-01-20,16.892739
2015-01-21,17.041398
2015-01-22,17.291076
2015-01-23,17.203055
2015-01-26,17.259122
2015-01-27,17.037596
2015-01-28,16.789529
2015-01-29,16.926971
2015-01-30,16.711514
2015-02-02,16.983406
2015-02-03,17.259388
2015-02-04,17.183831
2015-02-05,17.349868
2015-02-06,17.290818
2015-02-09,17.219056
2015-02-10,17.39843
2015-02-11,17.379525
2015-02-12,17.544733
2015-02-13,17.63195
2015-02-17,17.649317
2015-02-18,17.651039
2015-02-19,17.633433
2015-02-20,17.754118
2015-02-23,17.741071
2015-02-24,17.782074
2015-02-25,17.791783
2015-02-26,17.761678
2015-02-27,17.714033
2015-03-02,17.818675
2015-03-03,17.741352
2015-03-04,17.679514
2015-03-05,17.698512
2015-03-06,17.458561
2015-03-09,17.520778
2015-03-10,17.21783
2015-03-11,17.185694
2015-03-12,17.418371
2015-03-13,17.339683
2015-03-16,17.580998
2015-03-17,17.514907
2015-03-18,17.741544
2015-03-19,17.658378
2015-03-20,17.826838
2015-03-23,17.722959
2015-03-24,17.621574
2015-03-25,17.363268
2015-03-26,17.32381
2015-03-27,17.365276
2015-03-30,17.584126
2015-03-31,17.442829
2015-04-01,17.368274
2015-04-02,17.441251
2015-04-06,17.564122
2015-04-07,17.543878
2015-04-08,17.597578
2015-04-09,17.678773
2015-04-10,17.776969
2015-04-13,17.709029
2015-04-14,17.728495
2015-04-15,17.79254
2015-04-16,17.778879
2015-04-17,17.568736
2015-04-20,17.77908
2015-04-21,17.727086
2015-04-22,17.782543
2015-04-23,17.785504
2015-04-24,17.849471
2015-04-27,17.736929
2015-04-28,17.747486
2015-04-29,17.655537
2015-04-30,17.406349
2015-05-01,17.543364
2015-05-04,17.577116
2015-05-05,17.353127
2015-05-06,17.262703
2015-05-07,17.315103
2015-05-08,17.553355
2015-05-11,17.452076
2015-05-12,17.398519
2015-05-13,17.387195
2015-05-14,17.572822
2015-05-15,17.589381
2015-05-18,17.635044
2015-05-19,17.619576
2015-05-20,17.599888
2015-05-21,17.636228
2015-05-22,17.597833
2015-05-26,17.399727
2015-05-27,17.563947
2015-05-28,17.539308
2015-05-29,17.429261
2015-06-01,17.467574
2015-06-02,17.45554
2015-06-03,17.493544
2015-06-04,17.344052
2015-06-05,17.323848
2015-06-08,17.212852
2015-06-09,17.221317
2015-06-10,17.432109
2015-06-11,17.466221
2015-06-12,17.335839
2015-06-15,17.25585
2015-06-16,17.353242
2015-06-17,17.380533
2015-06-18,17.570618
2015-06-19,17.48097
2015-06-22,17.608568
2015-06-23,17.622711
2015-06-24,17.492671
2015-06-25,17.433268
2015-06-26,17.438366
2015-06-29,17.092066
2015-06-30,17.141636
2015-07-01,17.253928
2015-07-02,17.248081
2015-07-06,17.181454
2015-07-07,17.293895
2015-07-08,17.008262
2015-07-09,17.046475
2015-07-10,17.265792
2015-07-13,17.461518
2015-07-14,17.523367
2015-07-15,17.492576
2015-07-16,17.60076
2015-07-17,17.636887
2015-07-20,17.628632
2015-07-21,17.539504
2015-07-22,17.453685
2015-07-23,17.320556
2015-07-24,17.11278
2015-07-27,17.009069
2015-07-28,17.1826
2015-07-29,17.267519
2015-07-30,17.25573
2015-07-31,17.231695
2015-08-03,17.196559
2015-08-04,17.151061
2015-08-05,17.202879
2015-08-06,17.054638
2015-08-07,16.999041
2015-08-10,17.240784
2015-08-11,17.078869
2015-08-12,17.099934
2015-08-13,17.073769
2015-08-14,17.149575
2015-08-17,17.238869
2015-08-18,17.183532
2015-08-19,17.036775
2015-08-20,16.6737
2015-08-21,16.15908
2015-08-24,15.52696
2015-08-25,15.321559
2015-08-26,15.920657
2015-08-27,16.305987
2015-08-28,16.318901
2015-08-31,16.182755
2015-09-01,15.71886
2015-09-02,16.01284
2015-09-03,15.987479
2015-09-04,15.743754
2015-09-08,16.170284
2015-09-09,15.951331
2015-09-10,16.032415
2015-09-11,16.135224
2015-09-14,16.073887
2015-09-15,16.285885
2015-09-16,16.435289
2015-09-17,16.407668
2015-09-18,16.153905
2015-09-21,16.258828
2015-09-22,16.055987
2015-09-23,16.02202
2015-09-24,15.97188
2015-09-25,15.969179
2015-09-28,15.567886
2015-09-29,15.597861
2015-09-30,15.895674
2015-10-01,15.934553
2015-10-02,16.178126
2015-10-05,16.487213
2015-10-06,16.447147
2015-10-07,16.599031
2015-10-08,16.770641
2015-10-09,16.801758
2015-10-12,16.839101
2015-10-13,16.709703
2015-10-14,16.614382
2015-10-15,16.850635
2015-10-16,16.922057
2015-10-19,16.953702
2015-10-20,16.959951
2015-10-21,16.839058
2015-10-22,17.065719
2015-10-23,17.241567
2015-10-26,17.209425
2015-10-27,17.090478
2015-10-28,17.25239
2015-10-29,17.217825
2015-10-30,17.112231
2015-11-02,17.269754
2015-11-03,17.309579
2015-11-04,17.213484
2015-11-05,17.190791
2015-11-06,17.171267
2015-11-09,17.002194
2015-11-10,17.028967
2015-11-11,16.977178
2015-11-12,16.73691
2015-11-13,16.55486
2015-11-16,16.789063
2015-11-17,16.761384
2015-11-18,17.020109
2015-11-19,17.013524
2015-11-20,17.088956
2015-11-23,17.070977
2015-11-24,17.091343
2015-11-25,17.111798
2015-11-27,17.122929
2015-11-30,17.040078
2015-12-01,17.22562
2015-12-02,17.032538
2015-12-03,16.778029
2015-12-04,17.123027
2015-12-07,17.006444
2015-12-08,16.902435
2015-12-09,16.779853
2015-12-10,16.813621
2015-12-11,16.499433
2015-12-14,16.586078
2015-12-15,16.782309
2015-12-16,17.026399
2015-12-17,16.780554
2015-12-18,16.482599
2015-12-21,16.643293
2015-12-22,16.794073
2015-12-23,17.019941
2015-12-24,16.992027
2015-12-28,16.957032
2015-12-29,17.132867
2015-12-30,17.009212
2015-12-31,16.850205
2016-01-01,16.48258163260805
2016-01-04,16.271098987157966
2016-01-05,16.286254351682512
2016-01-06,16.06248079115741
2016-01-07,15.701585306757815
2016-01-08,15.59745004435258
2016-01-11,15.68096626225371
2016-01-12,15.846973932425811
2016-01-13,15.480518760332403
2016-01-14,15.69813966400789
2016-01-15,15.357138782755005
2016-01-18,15.37744916237454
2016-01-19,15.39367311041134
2016-01-20,15.220760493296828
2016-01-21,15.297993980667089
2016-01-22,15.63099050223886
2016-01-25,15.421410594619756
2016-01-26,15.713435445154447
2016-01-27,15.59720288128509
2016-01-28,15.56057381342678
2016-01-29,15.946835767188132
2016-02-01,16.056676211635754
2016-02-02,15.705423278527224
2016-02-03,15.73493096763966
2016-02-04,15.777359476287154
2016-02-05,15.557516437528651
2016-02-08,15.28208705896695
2016-02-09,15.323522299439094
2016-02-10,15.298596461185335
2016-02-11,15.04246544405459
2016-02-12,15.350787197232684
2016-02-15,15.410287649218036
2016-02-16,15.68417667885251
2016-02-17,15.86892962038028
2016-02-18,15.775942618829529
2016-02-19,15.792443211821327
2016-02-22,16.009790657012104
2016-02-23,15.809615923144245
2016-02-24,15.893745092777904
2016-02-25,16.088191968782883
2016-02-26,16.066140842143664
2016-02-29,15.93034999172582
2016-03-01,16.347844752303857
2016-03-02,16.417735851716547
2016-03-03,16.458835899961986
2016-03-04,16.522471138162814
2016-03-07,16.517651698509265
2016-03-08,16.346955333051902
2016-03-09,16.435958546112822
2016-03-10,16.446080139336956
2016-03-11,16.737204541648516
2016-03-14,16.127873281691226
2016-03-15,16.677255370348586
2016-03-16,16.746518637669855
2016-03-17,16.85815055305645
2016-03-18,16.98359263820056
2016-03-21,17.027427859595818
2016-03-22,17.015906750563882
2016-03-23,16.8850509756931
2016-03-24,16.859357347265018
2016-03-25,16.87511841904789
2016-03-28,16.905989309995753
2016-03-29,17.039610289150712
2016-03-30,17.120309847256642
2016-03-31,17.132158895719346
2016-04-01,17.236622812081333
2016-04-04,17.197249704369597
2016-04-05,17.026001473564133
2016-04-06,17.08721289690553
2016-04-07,16.95829073308578
2016-04-08,17.02351626463985
2016-04-11,17.025142751854634
2016-04-12,17.18992355454421
2016-04-13,17.38586838111291
2016-04-14,17.383559612078102
2016-04-15,17.293639954309246
2016-04-18,16.686159915569583
2016-04-19,17.388027658192946
2016-04-20,17.456772767248548
2016-04-21,17.324728495198706
2016-04-22,17.32912284555012
2016-04-25,17.21371697724622
2016-04-26,17.247216006108214
2016-05-06,16.78718903211946
2016-05-11,16.839699882588917
2016-05-12,16.816351703475128
2016-05-13,16.689853566454513
2016-05-16,16.881102357657742
2016-05-17,16.723133034036042
2016-05-18,16.7594082730981
2016-05-19,16.670310836415396
2016-05-20,16.719523713904067
2016-05-23,16.71112088523913
2016-05-24,16.944425352650743
2016-05-25,17.066025699651426
2016-05-26,17.02956275793173
2016-05-27,17.115883784535374
2016-05-30,17.1352116544369
2016-05-31,17.101305515942453
2016-06-01,17.090686714550355
2016-06-02,17.12424369121275
2016-06-03,17.055879361587294
2016-06-06,17.13195281309609
2016-06-07,17.140243295852763
2016-06-08,17.132334293609823
2016-06-09,17.197677771031472
2016-06-10,17.067698888649097
2016-06-13,16.926609572734485
2016-06-14,16.845280517310965
2016-06-15,16.814048824938467
2016-06-16,16.880349686423582
2016-06-17,16.87096833522455
2016-06-20,16.996326664863044
2016-06-21,17.03615803398137
2016-06-22,17.015812216817604
2016-06-23,17.264836393737205
2016-06-24,16.583012498277473
2016-06-27,16.232547251068436
2016-06-28,16.541228097228384
2016-06-29,16.983334919555922
2016-06-30,17.208372947894095
2016-07-01,17.23457971834667
2016-07-04,17.234608983426448
2016-07-05,17.074807857421796
2016-07-06,17.16935889009113
2016-07-07,17.220445157350895
2016-07-08,17.49978133164212
2016-07-11,17.57586674087455
2016-07-12,17.71759599007648
2016-07-13,17.6903410829302
2016-07-14,17.769047913945723
2016-07-15,17.745492554842716
2016-07-18,17.754971547543114
2016-07-19,17.727127451698742
2016-07-20,17.75187084215283
2016-07-21,17.649555826555986
2016-07-22,17.717915111251692
2016-07-25,17.677340083152085
2016-07-26,17.598523353322964
2016-07-27,17.575661134073336
2016-07-28,17.5102378839493
2016-07-29,17.42282295373598
2016-08-01,17.468400636308967
2016-08-02,17.293264443548843
2016-08-03,17.3551319547952
2016-08-04,17.36381207379924
2016-08-05,17.511604392539006
2016-08-08,17.529907271713252
2016-08-09,17.542178067111717
2016-08-10,17.349316935942714
2016-08-11,17.53926894062568
2016-08-12,17.525374988546933
2016-08-15,17.60920002283204
2016-08-16,17.51316809867437
2016-08-17,17.51747861421812
2016-08-18,17.534980923339475
2016-08-19,17.519446466729317
2016-08-22,17.51056655306665
2016-08-23,17.54170067496051
2016-08-24,17.461832643763692
2016-08-25,17.432561560317268
2016-08-26,17.413410483771706
2016-08-29,17.4969583592763
2016-08-30,17.352054073943815
2016-08-31,17.317368095738743
2016-09-01,17.293246663621865
2016-09-02,17.379101311968725
2016-09-05,17.340961754738125
2016-09-06,17.386867460734766
2016-09-07,17.41911247625153
2016-09-08,17.35451260402207
2016-09-09,16.982340038534193
2016-09-12,17.213711858550383
2016-09-13,16.980244147891042
2016-09-14,16.951384999691612
2016-09-15,17.22883627324859
2016-09-16,17.140011880183337
2016-09-19,17.147430216524317
2016-09-20,17.187581386262412
2016-09-21,17.343650535077234
2016-09-22,17.462863400589516
2016-09-23,17.38640260895368
2016-09-26,17.21610214993031
2016-09-27,17.33903783614259
2016-09-28,17.39647281441486
2016-09-29,17.23412720004085
2016-09-30,17.41252530721709
2016-10-03,17.34556330187962
2016-10-04,17.261994476175673
2016-10-05,17.31682751903536
2016-10-06,17.327516537429688
2016-10-07,17.27620626653225
2016-10-10,17.35286215464492
2016-10-11,17.159940429501777
2016-10-12,17.117777444224284
2016-10-13,17.138150677758073
2016-10-14,17.14701756230595
2016-10-17,17.13195931861297
2016-10-18,17.17904379447786
2016-10-19,17.177300666691647
2016-10-20,17.1297451877329
2016-10-21,17.096796971976755
2016-10-24,17.166571118360324
2016-10-25,17.04940927235023
2016-10-26,17.034679921586417
2016-10-27,16.909233935185927
2016-10-28,16.726682354247117
2016-10-31,16.77656455483374
2016-11-01,16.644422209231905
2016-11-02,16.546511327812134
2016-11-03,16.44208044407877
2016-11-04,16.418198477124573
2016-11-07,16.72395217001329
2016-11-08,16.762829755011033
2016-11-09,17.02775369885315
2016-11-10,17.055544741337844
2016-11-11,16.988783986515227
2016-11-14,16.996079987005082
2016-11-15,17.07482437748275
2016-11-16,17.0522008752601
2016-11-17,17.15014547173167
2016-11-18,17.09665580287445
2016-11-21,17.200106988690703
2016-11-22,17.250438090702236
2016-11-23,17.244874993988006
2016-11-25,17.348245563134466
2016-11-28,17.266807157031966
2016-11-29,17.253926925477398
2016-11-30,17.17501944521064
2016-12-01,17.14704339246174
2016-12-02,17.13077502849934
2016-12-05,17.233964513069086
2016-12-06,17.320964912027897
2016-12-07,17.5530827619729
2016-12-08,17.600216950167816
2016-12-09,17.697774539928243
2016-12-12,17.666835719350463
2016-12-13,17.80074576157621
2016-12-14,17.681572884121717
2016-12-15,17.753835239623875
2016-12-16,17.696917289453268
2016-12-19,17.77713839161536
2016-12-20,17.843945490833256
2016-12-21,17.78809224897052
2016-12-22,17.739395398080667
2016-12-23,17.774928796550377
2016-12-26,17.765889773037234
2016-12-27,17.796830162913096
2016-12-28,17.652640896724087
2016-12-29,17.644793561745985
2016-12-30,17.5790482129114
2017-01-02,17.572729512033437
2017-01-03,17.738137666416232
2017-01-04,17.836507932635794
2017-01-05,17.778071811771976
2017-01-06,17.849670204213975
2017-01-09,17.80776183599536
2017-01-10,17.80556601590127
2017-01-11,17.831621976706906
2017-01-12,17.798522560125676
2017-01-13,17.795569061468072
2017-01-16,17.791176183054116
2017-01-17,17.700686054002617
2017-01-18,17.739424105371885
2017-01-19,17.66322036892215
2017-01-20,17.719985873904548
2017-01-23,17.65946486863191
2017-01-24,17.774765831945547
2017-01-25,17.913630290045145
2017-01-26,17.818540562107675
2017-01-27,17.80801815975173
2017-01-30,17.70016980964662
2017-01-31,17.59049599805379
2017-02-01,17.608998662514246
2017-02-02,17.52959202741669
2017-02-03,17.68536311985731
2017-02-06,17.632423084440816
2017-02-07,17.62493156843397
2017-02-08,17.637353104497606
2017-02-09,17.73797984951841
2017-02-10,17.822049980496267
2017-02-13,17.917698671454595
2017-02-14,18.000017986373212
2017-02-15,18.03645540098369
2017-02-16,18.01196659021074
2017-02-17,18.027783187382173
2017-02-20,18.028638703534728
2017-02-21,18.124904347808258
2017-02-22,18.11360650668929
2017-02-23,18.12722681089176
2017-02-24,18.14392621781377
2017-02-27,18.204082812550904
2017-02-28,18.162233336579384
2017-03-01,18.42787652266882
2017-03-02,18.312223673002237
2017-03-03,18.34785189787525
2017-03-06,18.26255882482186
2017-03-07,18.22766014156191
2017-03-08,18.202282761366348
2017-03-09,18.193629850538677
2017-03-10,18.25272978259061
2017-03-13,18.253459615761027
2017-03-14,18.21363177969425
2017-03-15,18.346171720771014
2017-03-16,18.34341857340753
2017-03-17,18.277827262432044
2017-03-20,18.28291855813592
2017-03-21,18.04390536696341
2017-03-22,18.10267239516032
2017-03-23,18.08795400712293
2017-03-24,18.03316799974576
2017-03-27,18.014937312642758
2017-03-28,18.15541148353198
2017-03-29,18.141397241396064
2017-03-30,18.222993522469157
2017-03-31,18.15531581271491
2017-04-03,18.12299696070355
2017-04-04,18.129272283165434
2017-04-05,18.07404092492052
2017-04-06,18.11750657728031
2017-04-07,18.09380548039463
2017-04-10,18.089352996403356
2017-04-11,18.06857263329098
2017-04-12,18.00427368561592
2017-04-13,17.737146449734198
2017-04-14,17.843668159339817
2017-04-17,18.004430731491688
2017-04-18,17.89309994551024
2017-04-19,17.865924401036974
2017-04-20,17.996132202595327
2017-04-21,17.869304733126206
2017-04-24,18.125358093777542
2017-04-25,18.177874399294417
2017-04-26,18.133073239816703
2017-04-27,18.05929980635017
2017-04-28,18.003264097623052
2017-05-01,18.05875240397705
2017-05-02,18.003282198513645
2017-05-03,17.976967218817915
2017-05-04,17.98395293605318
2017-05-05,18.04068492324583
2017-05-08,18.05578455992143
2017-05-09,18.03544049427366
2017-05-10,18.058509425461907
2017-05-11,18.02492724005476
2017-05-12,18.005104606881975
2017-05-15,18.09989488437415
2017-05-16,18.084264392337552
2017-05-17,17.75527837724593
2017-05-18,17.815109558692416
2017-05-19,17.924565675232518
2017-05-22,18.009351652520895
2017-05-23,18.047683229756743
2017-05-24,18.09876868269988
2017-05-25,18.184230096486964
2017-05-26,18.192620709557914
2017-05-29,18.16985653944515
2017-05-30,18.179931522019974
2017-05-31,18.16693417163505
2017-06-01,18.30417226194057
2017-06-02,18.37403701541825
2017-06-05,18.355551718162943
2017-06-06,18.27005593593778
2017-06-07,18.33106850150685
2017-06-08,18.33975752661477
2017-06-09,18.3189983758928
2017-06-12,18.292682479933443
2017-06-13,18.3856350972868
2017-06-14,18.36462931007512
2017-06-15,18.330683218383893
2017-06-16,18.32218416057547
2017-06-19,18.493809008952564
2017-06-20,18.371141318467235
2017-06-21,18.361380847350617
2017-06-22,18.344230878855655
2017-06-23,18.370437641409595
2017-06-26,18.372032587423035
2017-06-27,18.23237357490112
2017-06-28,18.39262117840608
2017-06-29,18.233181628752373
2017-06-30,18.25451771388432
2017-07-03,18.298600661973065
2017-07-04,18.277868573568878
2017-07-05,18.33728602500597
2017-07-06,18.18492952095441
2017-07-07,18.301421337772936
2017-07-10,18.34493626219712
2017-07-11,18.329549040142965
2017-07-12,18.46224587666458
2017-07-13,18.50611854024721
2017-07-14,18.556546410513555
2017-07-17,18.574356264464384
2017-07-18,18.538149322673643
2017-07-19,18.613921430116264
2017-07-20,18.613500533511846
2017-07-21,18.593772205265086
2017-07-24,18.557469010654447
2017-07-25,18.58612381300303
2017-07-26,18.53407065666809
2017-07-27,18.41902871929458
2017-07-28,18.32880851187224
2017-07-31,18.33960736454538
2017-08-01,18.31152860042222
2017-08-02,18.27679873202501
2017-08-03,18.2184369584502
2017-08-04,18.26447902624629
2017-08-07,18.298611280283872
2017-08-08,18.24245380917448
2017-08-09,18.25087779237323
2017-08-10,17.978961213021293
2017-08-11,17.993715307791035
2017-08-14,18.174973960039328
2017-08-15,18.164688105606825
2017-08-16,18.191432416531576
2017-08-17,17.90924496087109
2017-08-18,17.865498983423546
2017-08-21,17.88747754097972
2017-08-22,18.065481893188014
2017-08-23,18.00069513005606
2017-08-24,17.959937903826518
2017-08-25,18.00048511735512
2017-08-28,18.01447708902996
2017-08-29,18.0301726887326
2017-08-30,18.112530371558226
2017-08-31,18.21205737293491
2017-09-01,18.25490537318606
2017-09-04,18.21054420832529
2017-09-05,18.125412564434686
2017-09-06,18.19914863589773
2017-09-07,18.20458527831694
2017-09-08,18.1793543973877
2017-09-11,18.389342844615168
2017-09-12,18.44845470190823
2017-09-13,18.45888314129643
2017-09-14,18.42979238035899
2017-09-15,18.468881490947524
2017-09-18,18.52810888211052
2017-09-19,18.550763762049776
2017-09-20,18.562273908341272
2017-09-21,18.50347419202
2017-09-22,18.5132922726892
2017-09-25,18.46142561887042
2017-09-26,18.462466778311448
2017-09-27,18.53639522303049
2017-09-28,18.573791723582858
2017-09-29,18.64277765536846
2017-10-02,18.71962795917817
2017-10-03,18.768324609214208
2017-10-04,18.79007635872096
2017-10-05,18.902369896064556
2017-10-06,18.882257127112386
2017-10-09,18.879926672279645
2017-10-10,18.950220152643396
2017-10-11,18.98741557066871
2017-10-12,18.926431348296124
2017-10-13,18.907544080077244
2017-10-16,18.94437710813501
2017-10-17,18.918332764103575
2017-10-18,18.91741779824028
2017-10-19,18.888372195303727
2017-10-20,18.980668513240364
2017-10-23,18.90382157899023
2017-10-24,18.90070725659676
2017-10-25,18.772310045084694
2017-10-26,18.698915170271714
2017-10-27,18.79096996097193
2017-10-30,18.71691279461471
2017-10-31,18.71225177149213
2017-11-01,18.69835326380658
2017-11-02,18.59453107709409
2017-11-03,18.60637039370192
2017-11-06,18.629058197042127
2017-11-07,18.62832394173717
2017-11-08,18.65606467979081
2017-11-09,18.584151430490486
2017-11-10,18.551777384486112
2017-11-13,18.585665033875795
2017-11-14,18.55393908134229
2017-11-15,18.440336112498848
2017-11-16,18.581849108152763
2017-11-17,18.52028686231422
2017-11-20,18.55055311198104
2017-11-21,18.65160484012064
2017-11-22,18.621483219271628
2017-11-24,18.666173022895027
2017-11-27,18.668388579329427
2017-11-28,18.850597602960725
2017-11-29,18.837342596363445
2017-11-30,18.997135975410917
2017-12-01,18.96009988563507
2017-12-04,18.938329538285743
2017-12-05,18.86820201373694
2017-12-06,18.87014623229833
2017-12-07,18.925801558140005
2017-12-08,19.029194598891348
2017-12-11,19.09014854788229
2017-12-12,19.118173917519016
2017-12-13,19.108581146363765
2017-12-14,19.01464936645465
2017-12-15,19.18033971241264
2017-12-18,19.300374504883035
2017-12-19,19.235462329525923
2017-12-20,19.15669595181455
2017-12-21,19.160327221885588
2017-12-22,19.13453374877485
2017-12-25,18.972131307651125
2017-12-26,19.115887585879577
2017-12-27,19.1327150694822
2017-12-28,19.16240692007077
2017-12-29,19.061610341439987
2018-01-01,19.06302209128588
2018-01-02,19.196782471489087
2018-01-03,19.286521367331503
2018-01-04,19.312220594039463
2018-01-05,19.40711311956555
2018-01-08,19.343589573979852
2018-01-09,19.30156862775854
2018-01-10,19.23432843196765
2018-01-11,19.282595502320028
2018-01-12,19.35084774250473
2018-01-15,19.33825752326273
2018-01-16,19.20233377783525
2018-01-17,19.311701863135507
2018-01-18,19.23149982603336
2018-01-19,19.30429660265803
2018-01-22,19.41168719729174
2018-01-23,19.36756712130769
2018-01-24,19.28001544973838
2018-01-25,19.20697075723611
2018-01-26,19.363051438304822
2018-01-29,19.18306125494596
2018-01-30,18.93266063711322
2018-01-31,18.849482985413797
2018-02-01,18.621020158955872
2018-02-02,18.139465743580217
2018-02-05,17.370729650024327
2018-02-06,17.62516668426589
2018-02-07,17.516739019442003
2018-02-08,16.818429993411907
2018-02-09,17.044671582280518
2018-02-12,17.273552505128535
2018-02-13,17.326513251688333
2018-02-14,17.5307647264769
2018-02-15,17.712578171183456
2018-02-16,17.70123990066612
2018-02-19,17.685840812718272
2018-02-20,17.580685776428016
2018-02-21,17.48548579423686
2018-02-22,17.49552937927417
2018-02-23,17.77062688231451
2018-02-26,17.982828571354315
2018-02-27,17.769437440961614
2018-02-28,17.561421363893647
2018-03-01,17.31581415353717
2018-03-02,17.395706470833137
2018-03-05,17.58798095713139
2018-03-06,17.62294436655784
2018-03-07,17.619381740873198
2018-03-08,17.702247328696046
2018-03-09,18.01324049974813
2018-03-12,17.98882043971264
2018-03-13,17.877965678749153
2018-03-14,17.774581848102045
2018-03-15,17.757529816486823
2018-03-16,17.79409277143404
2018-03-19,17.576497818966864
2018-03-20,17.594395943964905
2018-03-21,17.545395084731524
2018-03-22,17.097804192296337
2018-03-23,16.722042208881707
2018-03-26,17.188410494520813
2018-03-27,16.876943930778932
2018-03-28,16.82750942396562
2018-03-29,17.10761177880438
2018-03-30,17.024335469921677
2018-04-02,16.678610168350044
2018-04-03,16.89011111495825
2018-04-04,17.094138661391113
2018-04-05,17.179927789701964
2018-04-06,16.796649772308847
2018-04-09,16.8502738706662
2018-04-10,17.120499295399462
2018-04-11,17.03544499386023
2018-04-12,17.165181753137265
2018-04-13,17.082885152021127
2018-04-16,17.205525484648334
2018-04-17,17.36450321637351
2018-04-18,17.350466813065296
2018-04-19,17.229231798662596
2018-04-20,17.069909618662123
2018-04-23,16.847254224267473
2018-04-24,16.778160071713643
2018-04-25,16.756458476972632
2018-04-26,16.843565539134204
2018-04-27,16.799701497513865
2018-04-30,16.676761424844024
2018-05-01,16.680202364246203
2018-05-02,16.586685387223042
2018-05-03,16.533334450600847
2018-05-04,16.7679042212186
2018-05-07,16.740199826467357
2018-05-08,16.557360847095172
2018-05-09,16.710842616256425
2018-05-10,17.020130885620723
2018-05-11,17.04300390241306
2018-05-14,17.04664716519396
2018-05-15,16.92752607597587
2018-05-16,16.990226162982232
2018-05-17,16.965490030784533
2018-05-18,16.91754673291288
2018-05-21,17.02595494396413
2018-05-22,16.950340322875363
2018-05-23,17.01332520637978
2018-05-24,16.966480240603477
2018-05-25,16.93220850277333
2018-05-28,17.015722533436634
2018-05-29,16.733458331599618
2018-05-30,16.9508038275201
2018-05-31,16.832760955390555
2018-06-01,17.000952273302303
2018-06-04,17.085922171754135
2018-06-05,17.10107380489784
2018-06-06,17.24403269346218
2018-06-07,17.229450311467286
2018-06-08,17.27486830342242
2018-06-11,17.2827913085645
2018-06-12,17.31803388944798
2018-06-13,17.242678915443914
2018-06-14,17.282091735991827
2018-06-15,17.266626768617975
2018-06-18,17.210385689974775
2018-06-19,17.160433136314236
2018-06-20,17.194334906146253
2018-06-21,17.071116908553876
2018-06-22,17.09618364114652
2018-06-25,16.85471687527927
2018-06-26,16.871219397317745
2018-06-27,16.719990157390686
2018-06-28,16.8295619086404
2018-06-29,16.844851637834616
2018-07-02,16.903161541703298
2018-07-03,16.813939581184815
2018-07-05,16.957601404899375
2018-07-06,17.103110315814178
2018-07-09,17.25471908087481
2018-07-10,17.319190082777993
2018-07-11,17.202061745569505
2018-07-12,17.348309405891257
2018-07-13,17.33355053299091
2018-07-16,17.27835042588015
2018-07-17,17.332053249955212
2018-07-18,17.350505816808045
2018-07-19,17.27675260130165
2018-07-20,17.229738871419475
2018-07-23,17.25451070433956
2018-07-24,17.29732546627675
2018-07-25,17.384793147850814
2018-07-26,17.286843861611406
2018-07-30,17.01790463856373
2018-08-01,16.996716432169126
2018-08-02,17.065048496608686
2018-08-03,17.152997789929422
2018-08-06,17.207434277954825
2018-08-07,17.23893922592464
2018-08-08,17.24213285754221
2018-08-09,17.20937630509243
2018-08-10,17.07905447943999
2018-08-13,17.01094938820597
2018-08-14,17.10957136677566
2018-08-15,16.985371753295393
2018-08-16,17.111247436354283
2018-08-17,17.168432685392943
2018-08-20,17.20392346346553
2018-08-21,17.234420701690656
2018-08-22,17.233629112185938
2018-08-23,17.20286229583112
2018-08-24,17.30783561069964
2018-08-27,17.4364244294374
2018-08-28,17.44983266494633
2018-08-29,17.546695124603268
2018-08-30,17.472843120316544
2018-08-31,17.48097310175319
2018-09-04,17.45594354917658
2018-09-05,17.403092450337734
2018-09-06,17.33467492185085
2018-09-07,17.291422625907746
2018-09-10,17.3255971638249
2018-09-11,17.391375703342323
2018-09-12,17.396584165774858
2018-09-13,17.485422675377418
2018-09-14,17.49300544688269
2018-09-17,17.382488273779224
2018-09-18,17.47869587009905
2018-09-19,17.496537403264142
2018-09-20,17.654535445098144
2018-09-21,17.661798203168228
2018-09-24,17.626171280951986
2018-09-25,17.606230314106778
2018-09-26,17.54438354718343
2018-09-27,17.59396991536248
2018-09-28,17.586176762645184
2018-10-01,17.650202980457124
2018-10-02,17.64830681743163
2018-10-03,17.651708387208053
2018-10-04,17.5069047452779
2018-10-05,17.41030840226466
2018-10-08,17.421876355502523
2018-10-09,17.381463665260412
2018-10-10,16.813607257701843
2018-10-11,16.475644747727262
2018-10-12,16.68275991787816
2018-10-15,16.55068964896326
2018-10-16,16.89232886250161
2018-10-17,16.882778945339343
2018-10-18,16.622489670254925
2018-10-19,16.62515483961115
2018-10-22,16.565171015287344
2018-10-23,16.457003400100998
2018-10-24,15.9195260594672
2018-10-25,16.152314044340795
2018-10-26,15.839245653324983
2018-10-29,15.733664190555894
2018-10-30,15.961140323544434
2018-10-31,16.141583442088667
2018-11-01,16.28918903818175
2018-11-02,16.163696086723654
2018-11-05,16.22565143681291
2018-11-06,16.30877621816951
2018-11-07,16.65815918546612
2018-11-08,16.615674934714043
2018-11-09,16.46409715570224
2018-11-12,16.14349012030619
2018-11-13,16.122888085043062
2018-11-14,16.013563496158643
2018-11-15,16.17964434623673
2018-11-16,16.23582261020534
2018-11-19,15.979320084049776
2018-11-20,15.691173002125764
2018-11-21,15.744084491349788
2018-11-23,15.639529496438865
2018-11-26,15.891615222921669
2018-11-27,15.960514462693544
2018-11-28,16.333597633433378
2018-11-29,16.2892629939997
2018-11-30,16.436708388079747
2018-12-03,16.616576807684925
2018-12-04,16.05432658978532
2018-12-06,16.063692709647874
2018-12-07,15.689222641650671
2018-12-10,15.746164435785424
2018-12-11,15.789100767998404
2018-12-12,15.876641169960545
2018-12-13,15.9010464370938
2018-12-14,15.595419054893211
2018-12-17,15.282326105474212
2018-12-18,15.289281570911928
2018-12-19,15.08924501053638
2018-12-20,14.866313352382226
2018-12-21,14.568178279730477
2018-12-24,14.195313730625188
2018-12-26,14.901281221092718
2018-12-27,15.03150732534075
2018-12-28,15.015168474784907
2018-12-31,15.144947028601168
2019-01-02,15.154377089850684
2019-01-03,14.829154984729382
2019-01-04,15.361091257675628
2019-01-07,15.502034263810089
2019-01-08,15.660211939752353
2019-01-09,15.75891797953416
2019-01-10,15.847593334410488
2019-01-11,15.856941054815469
2019-01-14,15.76020337192988
2019-01-15,15.91918838889766
2019-01-16,15.940238961889412
2019-01-17,16.052492726433773
2019-01-18,16.309774655458106
2019-01-22,16.0868812998168
2019-01-23,16.11055567648716
2019-01-24,16.12287400617834
2019-01-25,16.261831781140003
2019-01-28,16.139986396139257
2019-01-29,16.084077001069357
2019-01-30,16.354278955335893
2019-01-31,16.486243767046236
2019-02-01,16.460036742719947
2019-02-04,16.558313839084754
2019-02-05,16.604093379279444
2019-02-06,16.5649639939307
2019-02-07,16.40077995684446
2019-02-08,16.42031707361571
2019-02-11,16.427588145824863
2019-02-12,16.630382633394042
2019-02-13,16.662910158356127
2019-02-14,16.610382541214857
2019-02-15,16.801274394709324
2019-02-19,16.817140203911027
2019-02-20,16.854437139683338
2019-02-21,16.804350426932338
2019-02-22,16.921913225131746
2019-02-25,16.94457037075416
2019-02-26,16.933387039332597
2019-02-27,16.929275787027787
2019-02-28,16.887173138463556
2019-03-01,17.004396544930835
2019-03-04,16.93725832240026
2019-03-05,16.922828040555807
2019-03-06,16.815039963303054
2019-03-07,16.672802113364423
2019-03-08,16.636895117590385
2019-03-11,16.884038608483788
2019-03-12,16.939150323902293
2019-03-13,17.057751421020427
2019-03-14,17.030581559425336
2019-03-15,17.11833162382889
2019-03-18,17.220777260307788
2019-03-19,17.219656381725404
2019-03-20,17.178000518130876
2019-03-21,17.37777985458647
2019-03-22,17.053049935889664
2019-03-25,17.041320669531103
2019-03-26,17.165635564256778
2019-03-27,17.097568854163786
2019-03-28,17.160784783775426
2019-03-29,17.27713837362171
2019-04-01,17.46971727389547
2019-04-02,17.447786044632846
2019-04-03,17.502018263534445
2019-04-04,17.5351344686432
2019-04-05,17.607969304651043
2019-04-08,17.646532791410706
2019-04-09,17.55060524964817
2019-04-10,17.609185882409868
2019-04-11,17.603869437808367
2019-04-12,17.693871209177544
2019-04-15,17.679306837379993
2019-04-16,17.645271557729924
2019-04-17,17.58886863497379
2019-04-18,17.583573809209813
2019-04-22,17.610396818291974
2019-04-23,17.705154827283668
2019-04-24,17.594475224962718
2019-04-25,17.53320463070926
2019-04-26,17.562316710129554
2019-04-29,17.554335978985
2019-04-30,17.49328800581564
2019-05-01,17.349103826909353
2019-05-02,17.311173338194756
2019-05-03,17.480345347377558
2019-05-06,17.375857812230805
2019-05-07,17.11510499226871
2019-05-08,17.074630737193246
2019-05-09,17.01933359992655
2019-05-10,17.08889314601866
2019-05-13,16.6811436218616
2019-05-14,16.8070585580635
2019-05-15,16.90568875306681
2019-05-16,17.045478322563607
2019-05-17,16.947842083268277
2019-05-20,16.835789135185863
2019-05-21,16.971256996213604
2019-05-22,16.928397656389063
2019-05-23,16.732993627704918
2019-05-24,16.75468786343157
2019-05-28,16.61887168140393
2019-05-29,16.4947154809259
2019-05-30,16.496160212931326
2019-05-31,16.311520050184928
2019-06-03,16.267193679321153
2019-06-04,16.619213513307578
2019-06-05,16.760117315052355
2019-06-06,16.86763582978643
2019-06-07,17.048547334862068
2019-06-10,17.136384722708193
2019-06-11,17.139895942102907
2019-06-12,17.085670898054847
2019-06-13,17.188590438605583
2019-06-14,17.168618515410824
2019-06-17,17.195984353361826
2019-06-18,17.358566093096996
2019-06-19,17.41081693094083
2019-06-20,17.57399237976094
2019-06-21,17.55880061396529
2019-06-24,17.558374783980998
2019-06-25,17.385263716637727
2019-06-26,17.382654001818135
2019-06-27,17.455177380190136
2019-06-28,17.55691922550563
2019-07-01,17.718498747790427
2019-07-02,17.777204442574387
2019-07-03,17.89569819591982
2019-07-05,17.882994710594776
2019-07-08,17.81048075125532
2019-07-09,17.8380203276194
2019-07-10,17.933842642588026
2019-07-11,17.98413498590281
2019-07-12,18.072408177349
2019-07-15,18.11408414588357
2019-07-16,18.01744988927611
2019-07-17,17.90335996555384
2019-07-18,18.01800003673217
2019-07-19,17.8675545545773
2019-07-22,17.92633286121176
2019-07-23,18.02399670048057
2019-07-24,17.988184796827213
2019-07-25,17.822402107110335
2019-07-26,17.978007173586978
2019-07-29,17.98183690992433
2019-07-30,17.876660196115203
2019-07-31,17.65246422394338
2019-08-01,17.48567595236944
2019-08-02,17.328683019452672
2019-08-05,16.821921114232065
2019-08-06,17.018535017222057
2019-08-07,17.07444228943044
2019-08-08,17.381564301270537
2019-08-09,17.28109045390112
2019-08-12,17.07781375740954
2019-08-13,17.332791055864973
2019-08-14,16.828673143786194
2019-08-15,16.872513121451455
2019-08-16,17.110003767943255
2019-08-19,17.321833784945184
2019-08-20,17.18259610609002
2019-08-21,17.32647968005946
2019-08-22,17.319953818723437
2019-08-23,16.879817316075613
2019-08-26,17.063733976416117
2019-08-27,17.007136385493332
2019-08-28,17.114171877477844
2019-08-29,17.328344042632285
2019-08-30,17.34189841727331
2019-09-03,17.232103088874023
2019-09-04,17.416155149594783
2019-09-05,17.647531652297346
2019-09-06,17.662679304989112
2019-09-09,17.66040959191232
2019-09-10,17.669351459605252
2019-09-11,17.79432864474962
2019-09-12,17.843601823502336
2019-09-13,17.837298239550083
2019-09-16,17.776835287374205
2019-09-17,17.825640565206516
2019-09-18,17.862319940944605
2019-09-19,17.864496485084572
2019-09-20,17.78759989484986
2019-09-23,17.825434727109645
2019-09-24,17.67494980398644
2019-09-25,17.782426525887697
2019-09-26,17.741115221641834
2019-09-27,17.64327617093026
2019-09-30,17.740003624290697
2019-10-01,17.536323562796067
2019-10-02,17.22989375750592
2019-10-03,17.35578873076553
2019-10-04,17.618066634524663
2019-10-07,17.536961245125788
2019-10-08,17.28212365238813
2019-10-09,17.45227377508319
2019-10-10,17.575163630457194
2019-10-11,17.772158917925307
2019-10-14,17.743372592885823
2019-10-15,17.917292911258844
2019-10-16,17.87159700310741
2019-10-17,17.94842903495575
2019-10-18,17.872311741404783
2019-10-21,18.01632532815596
2019-10-22,17.908216124083747
2019-10-23,17.91707449484427
2019-10-24,17.91732108820026
2019-10-25,18.006789013634716
2019-10-28,18.087362521528377
2019-10-29,18.06992877573988
2019-10-30,18.082202349811705
2019-10-31,17.972636942958033
2019-11-01,18.16011719543788
2019-11-04,18.185622283630504
2019-11-05,18.182639511584718
2019-11-06,18.188861033802343
2019-11-07,18.225797468504737
2019-11-08,18.25440973448634
2019-11-11,18.221713006798907
2019-11-12,18.26142528886921
2019-11-13,18.2710278541345
2019-11-14,18.28677893085104
2019-11-15,18.410611906707164
2019-11-18,18.42065824577214
2019-11-19,18.40744260244927
2019-11-20,18.338471395753256
2019-11-21,18.304633742351463
2019-11-22,18.34481092395718
2019-11-25,18.482614393098157
2019-11-26,18.526201704034744
2019-11-27,18.602887713739943
2019-11-29,18.534373338124578
2019-12-02,18.376153564452604
2019-12-03,18.259522595752088
2019-12-04,18.37889862047225
2019-12-05,18.3807437851854
2019-12-06,18.547615327735127
2019-12-09,18.46319219182312
2019-12-10,18.443867739031237
2019-12-11,18.497761028811027
2019-12-12,18.645631239003123
2019-12-13,18.648152179798124
2019-12-16,18.790200133489776
2019-12-17,18.80291682185308
2019-12-18,18.796150023789693
2019-12-19,18.88193852759667
2019-12-20,18.986989147664737
2019-12-23,18.99621938742511
2019-12-24,19.033266298769437
2019-12-26,19.136182746458072
2019-12-27,19.12682022569957
2019-12-30,19.0273849917419
2019-12-31,19.087893491837136
2020-01-02,19.24321037189585
2020-01-03,19.110567369074484
2020-01-06,19.181667472730105
2020-01-07,19.12788195256999
2020-01-08,19.2299719377812
2020-01-09,19.35332036948062
2020-01-10,19.303726384867005
2020-01-13,19.43412115024035
2020-01-14,19.37670771378574
2020-01-15,19.41799836175075
2020-01-16,19.576220102887945
2020-01-17,19.660177140334422
2020-01-21,19.606255833712385
2020-01-22,19.618713616022976
2020-01-23,19.627723829195407
2020-01-24,19.42452500893549
2020-01-27,19.115907147765164
2020-01-28,19.26763853043825
2020-01-29,19.12353897582317
2020-01-30,19.1763754788946
2020-01-31,18.79478592641401
2020-02-03,18.942289075041604
2020-02-04,19.183674732961915
2020-02-05,19.35160611773877
2020-02-06,19.38556586790115
2020-02-07,19.28436177186225
2020-02-10,19.42698686175216
2020-02-11,19.45751931136873
2020-02-12,19.5711915674284
2020-02-13,19.533714593679317
2020-02-14,19.562814867029942
2020-02-18,19.527427463182946
2020-02-19,19.624686628207773
2020-02-20,19.54862790106496
2020-02-21,19.348478569675123
2020-02-24,18.69352639407986
2020-02-25,18.13026009337997
2020-02-26,18.06658422196867
2020-02-27,17.27241689534239
2020-02-28,17.154885171371262
2020-03-02,17.949509678083476
2020-03-03,17.452274560649858
2020-03-04,18.204827571545614
2020-03-05,17.625266860587836
2020-03-06,17.37554256876751
2020-03-09,16.133522185593293
2020-03-10,16.961373299970102
2020-03-11,16.18909109663328
2020-03-12,14.686767335546833
2020-03-13,16.123143115673983
2020-03-16,14.362103822280927
2020-03-17,15.294221939290049
2020-03-18,14.574554594779446
2020-03-19,14.738429615447638
2020-03-20,14.173877323645304
2020-03-23,13.925790123831645
2020-03-24,15.41521942180536
2020-03-25,15.760733995480438
2020-03-26,16.905837498740564
2020-03-27,16.44714954862112
2020-03-30,17.20472525096113
2020-03-31,17.00882105836466
2020-04-01,16.498513944641843
2020-04-02,17.003928670961656
2020-04-03,16.784215408921245
2020-04-06,18.196065008653346
2020-04-07,18.349646890933865
2020-04-08,19.073856634809484
2020-04-09,19.63597599861916
2020-04-13,19.501046459629546
2020-04-14,20.234460647114844
2020-04-15,20.05398256178321
2020-04-16,20.395028089837822
2020-04-17,21.060490392246944
2020-04-20,20.854376432197867
2020-04-21,20.383200745241044
2020-04-22,20.94307432960436
2020-04-23,21.092508032949407
2020-04-24,21.517551184440656
2020-04-27,21.922215337256542
2020-04-28,21.813355586865598
2020-04-29,22.435424476574557
2020-04-30,22.12230841224428
2020-05-01,21.78080628344864
2020-05-04,21.905082430290083
2020-05-05,22.16091577670044
2020-05-06,22.05541571422042
2020-05-07,22.31819179612708
2020-05-08,22.789391193899995
2020-05-11,22.740836285079272
2020-05-12,22.333599388776108
2020-05-13,21.940960122211184
2020-05-14,22.253528528633808
2020-05-15,22.372954451422665
2020-05-18,23.10288657042578
2020-05-19,22.842860019805684
2020-05-20,23.202660045802364
2020-05-21,23.03849222622477
2020-05-22,23.09138956275404
2020-05-26,23.3875799555048
2020-05-27,23.732417562505542
2020-05-28,23.660137976914587
2020-05-29,23.799573444781764
2020-06-01,23.89114169825735
2020-06-02,24.085523309647883
2020-06-03,24.41343253447573
2020-06-04,24.34197276741089
2020-06-05,25.001532859209817
2020-06-08,25.291630974748717
2020-06-09,25.06164420611764
2020-06-10,24.94324426878163
2020-06-11,23.444228771901603
2020-06-12,23.77120539060451
2020-06-15,23.955258018992595
2020-06-16,24.409727683787043
2020-06-17,24.31020560066961
2020-06-18,24.32801625960586
2020-06-19,24.18375196249675
2020-06-22,24.441599397890386
2020-06-23,24.51402604364161
2020-06-24,23.866232967245768
2020-06-25,24.13245714672933
2020-06-26,23.568509916200718
2020-06-29,23.92115004902957
2020-06-30,24.2281980666045
2020-07-01,24.36256511311456
2020-07-02,24.455139335858068
2020-07-06,24.82322383357816
2020-07-07,24.54445944412996
2020-07-08,24.741804596312964
2020-07-09,24.657589668586905
2020-07-10,24.942726398778788
2020-07-13,24.7160959075436
2020-07-14,24.81621802701143
2020-07-15,25.07762877497109
2020-07-16,24.8513450895497
2020-07-17,24.91813354927961
2020-07-20,24.994103015868333
2020-07-21,24.969148855029363
2020-07-22,24.97826806339934
2020-07-23,24.388342993520403
2020-07-24,24.18904413231008
2020-07-27,24.346416549708827
2020-07-28,23.972706762547656
2020-07-29,24.070091947503343
2020-07-30,23.369647671335706
2020-07-31,23.19640746721663
2020-08-03,23.28756019705534
2020-08-04,23.25027241804916
2020-08-05,23.39433597551024
2020-08-06,23.46741069776759
2020-08-07,23.49967264610337
2020-08-10,23.512573254030567
2020-08-11,23.32887334578617
2020-08-12,23.656015868844342
2020-08-13,23.59248898269549
2020-08-14,23.573829839708264
2020-08-17,23.627774871782517
2020-08-18,23.663731529761108
2020-08-19,23.520635654192056
2020-08-20,23.5640539668863
2020-08-21,23.629809420504905
2020-08-24,23.86298622716509
2020-08-25,23.913908651118646
2020-08-26,24.1570474258306
2020-08-27,24.184517568429207
2020-08-28,24.34317088751862
2020-08-31,24.28090563900552
2020-09-01,24.46466672507824
2020-09-02,24.83598621947021
2020-09-03,23.955577462796597
2020-09-04,23.74965360906293
2020-09-08,23.09448389861597
2020-09-09,23.55638092720603
2020-09-10,23.144152200733565
2020-09-11,23.1447340781224
2020-09-14,23.43494121538379
2020-09-15,23.526718927585677
2020-09-16,23.39017964476936
2020-09-17,23.179931653813263
2020-09-18,22.92364317690487
2020-09-21,22.71611160013669
2020-09-22,22.9426954065923
2020-09-23,22.38686206602528
2020-09-24,22.441291084074297
2020-09-25,22.80338849276089
2020-09-28,23.154766520217212
2020-09-29,23.029405278967992
2020-09-30,23.22466652282574
2020-10-01,23.346487387960178
2020-10-02,23.131716567639128
2020-10-05,23.515181604235583
2020-10-06,23.174671830206037
2020-10-07,23.5718365220388
2020-10-08,23.739426698414213
2020-10-09,23.936197581579577
2020-10-12,24.24958238586889
2020-10-13,24.037416785200417
2020-10-14,23.756294113966597
2020-10-15,23.66834444181724
2020-10-16,23.64868536555764
2020-10-19,23.260374590946423
2020-10-20,23.339527562219025
2020-10-21,23.26229667849348
2020-10-22,23.231245820532106
2020-10-23,23.292553368155502
2020-10-26,22.746829321867747
2020-10-27,22.58679836239518
2020-10-28,21.636587972024863
2020-10-29,21.705337265055324
2020-10-30,21.24688491145439
2020-11-02,21.46066845199119
2020-11-03,21.802421137578012
2020-11-04,22.257794996685924
2020-11-05,22.544398271641715
2020-11-06,22.49915334428141
2020-11-09,22.696123582287484
2020-11-10,22.808661967724976
2020-11-12,22.581053158423693
2020-11-13,22.809128677992295
2020-11-16,23.107300785157232
2020-11-17,22.900529873689347
2020-11-18,22.596745989235064
2020-11-19,22.6713890981198
2020-11-20,22.5359445552341
2020-11-23,22.64167956053848
2020-11-24,22.984375506694267
2020-11-25,22.89006711792413
2020-11-27,22.990789024497992
2020-11-30,22.86246746697376
2020-12-01,23.113701292128184
2020-12-02,23.145794728318457
2020-12-03,23.12888613381288
2020-12-04,23.31560270641353
2020-12-07,23.267364471986927
2020-12-08,23.325985164305088
2020-12-09,23.133446941774192
2020-12-10,23.08118519354557
2020-12-11,23.02783216634485
2020-12-14,22.92313100317783
2020-12-15,23.203273034783432
2020-12-16,23.238150683816283
2020-12-17,23.33860796745852
2020-12-18,23.237059271823075
2020-12-21,23.51868985409313
2020-12-22,23.46834220440674
2020-12-23,23.48763486014934
2020-12-24,23.56001692253724
2020-12-28,23.783380791455414
2020-12-29,23.73061486936077
2020-12-30,23.75993595807868
2020-12-31,23.97060177386097
2021-01-04,23.55935801785117
2021-01-05,23.697944951351285
2021-01-06,23.82815109623253
2021-01-07,24.130707465665616
2021-01-08,24.248701704430992
2021-01-11,24.033534370631504
2021-01-12,24.0039513228126
2021-01-13,24.069966324742516
2021-01-14,23.96089237074274
2021-01-15,23.80410250632252
2021-01-19,23.853841283821303
2021-01-20,24.110327927772385
2021-01-21,24.02583971436949
2021-01-22,23.876642928868623
2021-01-25,23.935589767130693
2021-01-26,23.737393267068946
2021-01-27,22.86884307197785
2021-01-28,22.919768439415307
2021-01-29,22.438425025377988
2021-02-01,22.780727054295426
2021-02-02,22.91536908034805
2021-02-03,22.812832354391645
2021-02-04,22.957221479556203
2021-02-05,22.98767764909388
2021-02-08,23.14814145638565
2021-02-09,23.08655607803285
2021-02-10,23.050068367950367
2021-02-11,23.06194030296488
2021-02-12,23.129537019026028
2021-02-16,23.10813440680584
2021-02-17,23.077079950223517
2021-02-18,22.947185736577755
2021-02-19,22.88010856574876
2021-02-22,22.67781844924812
2021-02-23,22.676852038558295
2021-02-24,22.91709209936876
2021-02-25,22.316980019400624
2021-02-26,22.194017543172755
2021-03-01,22.671513288879805
2021-03-02,22.48897207679856
2021-03-03,22.20121003248301
2021-03-04,21.892369211314254
2021-03-05,22.309846313321675
2021-03-08,22.1746776039093
2021-03-09,22.484795351984904
2021-03-10,22.61057486371563
2021-03-11,22.830920270833964
2021-03-12,22.841869217840703
2021-03-15,22.966686662858898
2021-03-16,22.915023573240745
2021-03-17,22.95874209174934
2021-03-18,22.608751826309664
2021-03-19,22.58570303760253
2021-03-22,22.82305286420427
2021-03-23,22.634388352275835
2021-03-24,22.5140824025937
2021-03-25,22.62564175142341
2021-03-26,22.99920877894421
2021-03-29,22.979345632578863
2021-03-30,22.89177662565555
2021-03-31,22.908702474677582
2021-04-01,23.07989144359028
2021-04-05,23.439248267485432
2021-04-06,23.410162879062867
2021-04-07,23.41909316964646
2021-04-08,23.503276843476755
2021-04-09,23.66888193970849
2021-04-12,23.63431170070309
2021-04-13,23.69419253371219
2021-04-14,23.54016729421027
2021-04-15,23.68264751269548
2021-04-16,23.72445544273564
2021-04-19,23.513270575674444
2021-04-20,23.30044307327097
2021-04-21,23.521638602220243
2021-04-22,23.19797345857484
2021-04-23,23.403669866856195
2021-04-26,23.415841330355534
2021-04-27,23.2497498921777
2021-04-28,22.923493738954
2021-04-29,22.8656550866196
2021-04-30,22.5504483612297
2021-05-03,22.550383911195706
2021-05-04,22.25710626068554
2021-05-05,22.249238151655728
2021-05-06,22.399439230964926
2021-05-07,22.529728454546756
2021-05-10,22.28832763967698
2021-05-11,22.089842862397028
2021-05-12,21.6176538772658
2021-05-13,21.85222866754634
2021-05-14,22.18266998134657
2021-05-17,22.125961357512324
2021-05-18,21.92365141255408
2021-05-19,21.81567084894931
2021-05-20,22.03212082932872
2021-05-21,21.987638735101736
2021-05-24,22.19838786690617
2021-05-25,22.138491923325613
2021-05-26,22.168702323083604
2021-05-27,22.14558527293652
2021-05-28,22.1587858824964
2021-06-01,22.147738774506887
2021-06-02,22.182268959487345
2021-06-03,22.08938267999673
2021-06-04,22.26095269418741
2021-06-07,22.24064243309071
2021-06-08,22.23214653631359
2021-06-09,22.18598549955436
2021-06-10,22.288927160223672
2021-06-11,22.327607130699366
2021-06-14,22.36695794696758
2021-06-15,22.31709938519259
2021-06-16,22.18830864849771
2021-06-17,22.162745950361305
2021-06-18,21.865228127410774
2021-06-21,22.159159354261263
2021-06-22,22.26540388989391
2021-06-23,22.239865748602902
2021-06-24,22.335922555005123
2021-06-25,22.389494419232847
2021-06-28,22.442420533156312
2021-06-29,22.434668887314597
2021-06-30,22.41815991086598
2021-07-01,22.51637432791397
2021-07-02,22.682962015695733
2021-07-06,22.652656664801476
2021-07-07,22.70221231293309
2021-07-08,22.508842505031627
2021-07-09,22.76539820584824
2021-07-12,22.837377681873804
2021-07-13,22.75004719852432
2021-07-14,22.70116553091522
2021-07-15,22.59003408711515
2021-07-16,22.40474784362886
2021-07-19,22.00799212538024
2021-07-20,22.271375232487305
2021-07-21,22.335522778876705
2021-07-22,22.334222739390903
2021-07-23,22.502835566948008
2021-07-26,22.544846800361505
2021-07-27,22.32502520233802
2021-07-28,22.023656809840976
2021-07-29,21.97582352395636
2021-07-30,21.83487431756545
2021-08-02,21.77882804495624
2021-08-03,21.89991723731795
2021-08-04,21.7408697412438
2021-08-05,21.84643612726032
2021-08-06,21.81409223224003
2021-08-09,21.79225166180537
2021-08-10,21.800357330541665
2021-08-11,21.83755716131737
2021-08-12,21.884340109156067
2021-08-13,21.920464062305108
2021-08-16,21.97975645934456
2021-08-17,21.81019702882359
2021-08-18,21.54019014939599
2021-08-19,21.54965993670688
2021-08-20,21.70684070105313
2021-08-23,21.894322629364705
2021-08-24,21.924900178806123
2021-08-25,21.947344997536234
2021-08-26,21.81375617939623
2021-08-27,22.00524989288987
2021-08-30,22.10807296043556
2021-08-31,22.07549992469764
2021-09-01,22.08176743343805
2021-09-02,22.142196334018397
2021-09-03,22.129916713886875
2021-09-07,22.04779731962945
2021-09-08,22.022876689893707
2021-09-09,21.920714669035508
2021-09-10,21.763048261890788
2021-09-13,21.803164369525863
2021-09-14,21.676820305859497
2021-09-15,21.84617204965084
2021-09-16,21.809123269310174
2021-09-17,21.616239158362472
2021-09-20,21.310387156997454
2021-09-21,21.277622059586196
2021-09-22,21.47711692166053
2021-09-23,21.729705003418093
2021-09-24,21.756647911877643
2021-09-27,21.69960364630528
2021-09-28,21.258277547332824
2021-09-29,21.302646583617587
2021-09-30,21.043199051716293
2021-10-01,21.27173966646345
2021-10-04,20.990651640773635
2021-10-05,21.200078397265965
2021-10-06,21.26315089002808
2021-10-07,21.434524141218358
2021-10-08,21.37734682575335
2021-10-11,21.232483109815448
2021-10-12,21.18745238071754
2021-10-13,21.230075699483205
2021-10-14,21.52302880025238
2021-10-15,21.68631914344649
2021-10-18,21.75550894859712
2021-10-19,21.857550624732973
2021-10-20,21.90425458190101
2021-10-21,21.94368462492298
2021-10-22,21.913800657542296
2021-10-25,21.98386407232012
2021-10-26,21.967153496113607
2021-10-27,21.70165076382026
2021-10-28,21.838250552999806
2021-10-29,21.883557966196708
2021-11-01,21.88835360049844
2021-11-02,21.92746037263888
2021-11-03,22.02237026756208
2021-11-04,22.08778053688646
2021-11-05,22.1821260924047
2021-11-08,22.17248181526072
2021-11-09,22.09604101932293
2021-11-10,21.903628196648423
2021-11-11,21.92971114205299
2021-11-12,22.063727294486178
2021-11-15,22.044005995702857
2021-11-16,22.11350642053032
2021-11-17,22.022287851709763
2021-11-18,22.07840031210857
2021-11-19,22.05024139849192
2021-11-22,21.980619577639704
2021-11-23,21.994879246817664
2021-11-24,22.033931531913463
2021-11-26,21.535805848654988
2021-11-29,21.822235648133237
2021-11-30,21.405003802280657
2021-12-01,21.1520191890156
2021-12-02,21.452695629160218
2021-12-03,21.271624367549872
2021-12-06,21.52699990583968
2021-12-07,21.890661924764327
2021-12-08,22.04290090389455
2021-12-09,21.88100264369478
2021-12-10,22.02273271145941
2021-12-13,21.79574432659053
2021-12-14,21.641678643672066
2021-12-15,21.993296041595308
2021-12-16,21.785127373576785
2021-12-17,21.55338197555348
2021-12-20,21.32095869541864
2021-12-21,21.69200171916457
2021-12-22,21.90860559982773
2021-12-23,22.038561414546223
2021-12-27,22.343634621890264
2021-12-28,22.31971259808971
2021-12-29,22.349440244116742
2021-12-30,22.281185983615305
2021-12-31,22.22312789422524
2022-01-03,22.355074933597056
2022-01-04,22.34090721416205
2022-01-05,21.896906853660425
2022-01-06,21.867279413369992
2022-01-07,21.790266732664232
2022-01-10,21.75388691270465
2022-01-11,21.946733025866028
2022-01-12,22.01096086243664
2022-01-13,21.685517293309385
2022-01-14,21.69528900613624
2022-01-18,21.26154826011984
2022-01-19,21.005857439277143
2022-01-20,20.74196118600085
2022-01-21,20.36223670926225
2022-01-24,20.400385596800295
2022-01-25,20.071080348518876
2022-01-26,19.99373397571364
2022-01-27,19.853034020151576
2022-01-28,20.29276706845584
2022-01-31,20.657527744003303
2022-02-01,20.788583768126376
2022-02-02,20.79901550833703
2022-02-03,20.20512204513817
2022-02-04,20.32819258421804
2022-02-07,20.24978436308435
2022-02-08,20.40661387575247
2022-02-09,20.65256530788394
2022-02-10,20.257846652076847
2022-02-11,19.86349375265092
2022-02-14,19.809947907231063
2022-02-15,20.130041791255465
2022-02-16,20.137145879480304
2022-02-17,19.67492670093265
2022-02-18,19.53301497916045
2022-02-22,19.323778204241712
2022-02-23,18.95649422554156
2022-02-24,19.2315951163228
2022-02-25,19.64221977991208
2022-02-28,19.60283288187724
2022-03-01,19.288939253741063
2022-03-02,19.64097697202134
2022-03-03,19.512759584175274
2022-03-04,19.34356621326793
2022-03-07,18.768608043251184
2022-03-08,18.62134956337229
2022-03-09,19.036319078512413
2022-03-10,19.00907592660104
2022-03-11,18.712355626745083
2022-03-14,18.53480863614137
2022-03-15,18.93203744227152
2022-03-16,19.354602140028323
2022-03-17,19.585438051636537
2022-03-18,19.810332121518265
2022-03-21,19.816699958719997
2022-03-22,20.0222012859816
2022-03-23,19.752280301159608
2022-03-24,20.039827631095974
2022-03-25,20.142950698540503
2022-03-28,20.286878044919717
2022-03-29,20.517537069734654
2022-03-30,20.38232881165281
2022-03-31,20.0597126559776
2022-04-01,20.116483724073767
2022-04-04,20.274959719465475
2022-04-05,20.00413173702004
2022-04-06,19.79155486872743
2022-04-07,19.860893045172677
2022-04-08,19.85667030438749
2022-04-11,19.48281388527291
2022-04-12,19.422691727005787
2022-04-13,19.603476471430383
2022-04-14,19.343002714672565
2022-04-18,19.241199629620507
2022-04-19,19.563957505930567
2022-04-20,19.51397945530799
2022-04-21,19.15954535416264
2022-04-22,18.5985384836652
2022-04-25,18.65680578403036
2022-04-26,18.11907453520582
2022-04-27,18.084571552113022
2022-04-28,18.46407149565593
2022-04-29,17.8334702103346
2022-05-02,17.898979290751992
2022-05-03,17.99091999504812
2022-05-04,18.487242784190823
2022-05-05,17.813007819013166
2022-05-06,17.72173024642986
2022-05-09,17.156498674950996
2022-05-10,17.17859862521174
2022-05-11,16.89282372622096
2022-05-12,16.868989045504726
2022-05-13,17.278452598804606
2022-05-16,17.21261855651865
2022-05-17,17.551094189961418
2022-05-18,16.825422898177127
2022-05-19,16.745556083411618
2022-05-20,16.75712910525905
2022-05-23,17.068553080965998
2022-05-24,16.907199533705516
2022-05-25,17.05911892448899
2022-05-26,17.39994095246725
2022-05-27,17.830332674702117
2022-05-31,17.69660953136352
2022-06-01,17.562245487053634
2022-06-02,17.89185577018018
2022-06-03,17.597086232162493
2022-06-06,17.653905974651806
2022-06-07,17.803611792162215
2022-06-08,17.622123246310103
2022-06-09,17.19921686990073
2022-06-10,16.69938689517748
2022-06-13,16.02141282647672
2022-06-14,15.961832607196044
2022-06-15,16.202153201714417
2022-06-16,15.673012266467609
2022-06-17,15.712041314353996
2022-06-21,16.122533472107403
2022-06-22,16.063450729894036
2022-06-23,16.218159593609045
2022-06-24,16.72498778246036
2022-06-27,16.674394182075922
2022-06-28,16.34752148685389
2022-06-29,16.34442221996454
2022-06-30,16.199570815598136
2022-07-01,16.402844198571042
2022-07-05,16.40669834489044
2022-07-06,16.465563415073674
2022-07-07,16.72152406730272
2022-07-08,16.70696813624377
2022-07-11,16.51153072965954
2022-07-12,16.379055443494057
2022-07-13,16.30972796614135
2022-07-14,16.260835898202032
2022-07-15,16.54251933640799
2022-07-18,16.40077833005628
2022-07-19,16.84199161968616
2022-07-20,16.926989269265302
2022-07-21,17.11894068678005
2022-07-22,16.967969938404533
2022-07-25,17.015103016010073
2022-07-26,16.78637075184463
2022-07-27,17.218824590711392
2022-07-28,17.4617461768649
2022-07-29,17.887025605945784
2022-08-01,17.83403203710798
2022-08-02,17.7425380139809
2022-08-03,18.010112946094857
2022-08-04,17.97591853898559
2022-08-05,17.980076390953414
2022-08-08,17.985537310714363
2022-08-09,17.919298476947603
2022-08-10,18.293345054840447
2022-08-11,18.29289272438649
2022-08-12,18.613845192626528
2022-08-15,18.688537661138096
2022-08-16,18.710482552364724
2022-08-17,18.554952545286685
2022-08-18,18.59129373956244
2022-08-19,18.351315750444808
2022-08-22,17.955190844306998
2022-08-23,17.911987663288667
2022-08-24,17.940522867101414
2022-08-25,18.219716266120987
2022-08-26,17.601941040440252
2022-08-29,17.48785361887243
2022-08-30,17.297655524965986
2022-08-31,17.148133894236675
2022-09-01,17.203317357746133
2022-09-02,17.021313154108533
2022-09-06,16.96074857111865
2022-09-07,17.27074131084919
2022-09-08,17.38471348914844
2022-09-09,17.650410592432273
2022-09-12,17.83110986080814
2022-09-13,17.06809217209607
2022-09-14,17.133883781207796
2022-09-15,16.930292755268184
2022-09-16,16.82133162542811
2022-09-19,17.056175871717322
2022-09-20,16.87125553025799
2022-09-21,16.584681962847718
2022-09-22,16.441430155926405
2022-09-23,16.162561826806694
2022-09-26,16.005946519585386
2022-09-27,15.97362345207249
2022-09-28,16.293461151579116
2022-09-29,15.948584081237158
2022-09-30,15.737460290114932
2022-10-03,16.132791849818425
2022-10-04,16.644648910706128
2022-10-05,16.63227511226416
2022-10-06,16.470869340880217
2022-10-07,16.0228755125348
2022-10-10,15.89918167917048
2022-10-11,15.827891455350343
2022-10-12,15.796748166673591
2022-10-13,16.215829473639058
2022-10-14,15.80760118501914
2022-10-17,16.222284030346604
2022-10-18,16.43638209635891
2022-10-19,16.316030234877392
2022-10-20,16.20529533776551
2022-10-21,16.62115588233364
2022-10-24,16.83334601261236
2022-10-25,17.060676328869004
2022-10-26,17.01572243626817
2022-10-27,16.88908837185247
2022-10-28,17.424404522128317
2022-10-31,17.29476772296115
2022-11-01,17.21339727067818
2022-11-02,16.7914923935704
2022-11-03,16.641169521025873
2022-11-04,16.90747666173443
2022-11-07,17.075856773258025
2022-11-08,17.191463425148196
2022-11-09,16.858134536633283
2022-11-10,17.78672070661149
2022-11-11,17.943368167014466
2022-11-14,17.783658725265916
2022-11-15,17.941993101127306
2022-11-16,17.783425691346164
2022-11-17,17.724252616511556
2022-11-18,17.810959260723827
2022-11-21,17.734791330199435
2022-11-22,17.978251409198066
2022-11-23,18.04366356514986
2022-11-25,18.07689511661031
2022-11-28,17.799851362165384
2022-11-29,17.770635504558282
2022-11-30,18.322243111074243
2022-12-01,18.30601763956838
2022-12-02,18.283999156183476
2022-12-05,17.9719666077636
2022-12-06,17.714457454447682
2022-12-07,17.687342528815286
2022-12-08,17.826087375075684
2022-12-09,17.70944807756743
2022-12-12,17.968557396757486
2022-12-13,18.121551349530733
2022-12-14,18.023158405852687
2022-12-15,17.585949102527234
2022-12-16,17.386987464677432
2022-12-19,17.264628990708974
2022-12-20,17.286112838848336
2022-12-21,17.532042036827868
2022-12-22,17.293125802152286
2022-12-23,17.388408121191247
2022-12-27,17.314201810640448
2022-12-28,17.11805364345393
2022-12-29,17.41710894439534
2022-12-30,17.37576075994563
2023-01-03,17.33592769703726
2023-01-04,17.45882581556121
2023-01-05,17.269629776230264
2023-01-06,17.688351611796005
2023-01-09,17.691289095636723
2023-01-10,17.81317555304039
2023-01-11,18.05846784816273
2023-01-12,18.11580835828754
2023-01-13,18.175917311259592
2023-01-17,18.148253997734276
2023-01-18,17.87928349829755
2023-01-19,17.757895440496924
2023-01-20,18.099333168104828
2023-01-23,18.341043838287867
2023-01-24,18.29988924835464
2023-01-25,18.369373812048096
2023-01-26,18.583966169701963
2023-01-27,18.65669170556205
2023-01-30,18.41358175644365
2023-01-31,18.734702265327225
2023-02-01,18.83383415274492
2023-02-02,19.05879785556414
2023-02-03,18.91926275985056
2023-02-06,18.80147733443945
2023-02-07,19.03125357742713
2023-02-08,18.81882180319379
2023-02-09,18.63677116313106
2023-02-10,18.683144157013874
2023-02-13,18.896629520516782
2023-02-14,18.880942310685604
2023-02-15,18.93165639265328
2023-02-16,18.659238973228486
2023-02-17,18.60412734253845
2023-02-21,18.23135042611897
2023-02-22,18.204366530787368
2023-02-23,18.311571451393537
2023-02-24,18.12457536686496
2023-02-27,18.16288529044826
2023-02-28,18.10279457314734
2023-03-01,18.013002474455817
2023-03-02,18.13007472830428
2023-03-03,18.41999452076597
2023-03-06,18.437641861709974
2023-03-07,18.163263673306925
2023-03-08,18.187089107877664
2023-03-09,17.851853489273612
2023-03-10,17.58254494087052
2023-03-13,17.56591443312165
2023-03-14,17.860585610405504
2023-03-15,17.738688323042044
2023-03-16,18.053264237066536
2023-03-17,17.85749783752547
2023-03-20,18.05662053648949
2023-03-21,18.29131617790989
2023-03-22,17.992796424031546
2023-03-23,18.04905195203933
2023-03-24,18.15078818067193
2023-03-27,18.19783766884244
2023-03-28,18.1702318194236
2023-03-29,18.444816152403813
2023-03-30,18.524154754423986
2023-03-31,18.83143078843351
2023-04-03,18.911712817573367
2023-04-04,18.812277906029752
2023-04-05,18.77182567984454
2023-04-06,18.847072241485748
2023-04-10,18.87499275115272
2023-04-11,18.90016698726843
2023-04-12,18.82603798821805
2023-04-13,19.08730500391861
2023-04-14,19.044366327867724
2023-04-17,19.088398336929515
2023-04-18,19.097442108452995
2023-04-19,19.06361512014344
2023-04-20,18.94306755621184
2023-04-21,18.96777802800927
2023-04-24,18.963010893791257
2023-04-25,18.56565662916078
2023-04-26,18.402714414542423
2023-04-27,18.654660326667184
2023-04-28,18.81102535352656
2023-05-01,18.793089720854724
2023-05-02,18.56135145494845
2023-05-03,18.424479266342352
2023-05-04,18.32787671591796
2023-05-05,18.652459800568423
2023-05-08,18.66247550235782
2023-05-09,18.581041035924844
2023-05-10,18.66062785362619
2023-05-11,18.63697046435373
2023-05-12,18.6075668273505
2023-05-15,18.663556888170117
2023-05-16,18.53777482126801
2023-05-17,18.73031461523392
2023-05-18,18.908953507670848
2023-05-19,18.903306516939807
2023-05-22,18.917679337246216
2023-05-23,18.706314969381527
2023-05-24,18.56137844119897
2023-05-25,18.632171687922263
2023-05-26,18.88175529993309
2023-05-30,18.881115562804297
2023-05-31,18.762068036119395
2023-06-01,18.94220914442123
2023-06-02,19.21960006723045
2023-06-05,19.186962177210432
2023-06-06,19.22835122350331
2023-06-07,19.154740612442065
2023-06-08,19.27691714635568
2023-06-09,19.299263198272605
2023-06-12,19.48783372070493
2023-06-13,19.647746752951743
2023-06-14,19.66493476090992
2023-06-15,19.903282366095905
2023-06-16,19.828794724895467
2023-06-20,19.7885864576957
2023-06-21,19.68896680221125
2023-06-22,19.76434567394815
2023-06-23,19.61477531851234
2023-06-26,19.534573087558385
2023-06-27,19.76438517774006
2023-06-28,19.74279559099896
2023-06-29,19.84470184827213
2023-06-30,20.099532162727705
2023-07-03,20.14164067752879
2023-07-05,20.201317158480236
2023-07-06,20.044948893658358
2023-07-07,20.00000496758207
2023-07-10,20.060360565995047
2023-07-11,20.19829280331386
2023-07-12,20.351449715574887
2023-07-13,20.53107260254757
2023-07-14,20.500377354913084
2023-07-17,20.57490358805196
2023-07-18,20.732840646150155
2023-07-19,20.754180204383157
2023-07-20,20.596017090016453
2023-07-21,20.59675081844083
2023-07-24,20.691467286508704
2023-07-25,20.676601776618256
2023-07-26,20.53333824670384
2023-07-27,20.29377815122019
2023-07-28,20.475871783595853
2023-07-31,20.49456045875126
2023-08-01,20.25282928689293
2023-08-02,19.929894509011493
2023-08-03,19.826873704642413
2023-08-04,19.657171686018923
2023-08-07,19.811496489122103
2023-08-08,19.72077200184568
2023-08-09,19.55427400701748
2023-08-10,19.55844416255883
2023-08-11,19.53974939383041
2023-08-14,19.652154217253862
2023-08-15,19.415197870945075
2023-08-16,19.24416544013769
2023-08-17,19.091785554042023
2023-08-18,19.078248793075947
2023-08-21,19.2033713464721
2023-08-22,19.14393623952457
2023-08-23,19.33954308768
2023-08-24,18.97004191463232
2023-08-25,19.1030498446906
2023-08-28,19.225728731374904
2023-08-29,19.50558615293965
2023-08-30,19.59385204346844
2023-08-31,19.55463466857756
2023-09-01,19.581933005645386
2023-09-05,19.49972527555999
2023-09-06,19.3659040978754
2023-09-07,19.301598861042088
2023-09-08,19.331884034552512
2023-09-11,19.461021419832743
2023-09-12,19.349291064773887
2023-09-13,19.37620634026741
2023-09-14,19.537313787879203
2023-09-15,19.303751740908005
2023-09-18,19.36884550176097
2023-09-19,19.330027636870053
2023-09-20,19.13923642968956
2023-09-21,18.826243375772027
2023-09-22,18.782501929926266
2023-09-25,18.852241671427997
2023-09-26,18.57434047856961
2023-09-27,18.556853693891124
2023-09-28,18.650323001679247
2023-09-29,18.606816699489237
2023-10-02,18.611348517391303
2023-10-03,18.368292285343514
2023-10-04,18.522861842927227
2023-10-05,18.5304259178347
2023-10-06,18.758367435238387
2023-10-09,18.886828567933023
2023-10-10,18.99113827506876
2023-10-11,19.077319741191484
2023-10-12,18.949454915233453
2023-10-13,18.856406171294765
2023-10-16,19.113642829193637
2023-10-17,19.08734514869333
2023-10-18,18.856559381535007
2023-10-19,18.688381232712874
2023-10-20,18.467942639827516
2023-10-23,18.44514212927133
2023-10-24,18.523964157750385
2023-10-25,18.21575391958011
2023-10-26,17.959259796680897
2023-10-27,18.031174251285304
2023-10-30,18.26246181098481
2023-10-31,18.31310343964081
2023-11-01,18.262786120575583
2023-11-02,18.58383934003757
2023-11-03,18.762965265511514
2023-11-06,18.801208699187704
2023-11-07,18.858245134569717
2023-11-08,18.83029481224044
2023-11-09,18.72195799612605
2023-11-10,19.22923991152575
2023-11-13,19.20706975598831
2023-11-14,19.5730955010812
2023-11-15,19.428472957014414
2023-11-16,19.407991752328318
2023-11-17,19.475945170189675
2023-11-20,19.576796092630822
2023-11-21,19.507226347607357
2023-11-22,19.56053790190513
2023-11-24,19.57325308340981
2023-11-27,19.517350848841122
2023-11-28,19.560812010577315
2023-11-29,19.555700188844142
2023-11-30,19.638825385316714
2023-12-01,19.727491921490937
2023-12-04,19.662977285226393
2023-12-05,19.589685605683883
2023-12-06,19.545651341633675
2023-12-07,19.69480036668879
2023-12-08,19.801312870780198
2023-12-11,19.880177079006714
2023-12-12,19.92470105075685
2023-12-13,20.231135146710486
2023-12-14,20.39504230436027
2023-12-15,20.32328895139029
2023-12-18,20.407766886108504
2023-12-19,20.600268229809828
2023-12-20,20.284435134988364
2023-12-21,20.446278886758453
2023-12-22,20.495251330111728
2023-12-26,20.583845903998366
2023-12-27,20.61013614804393
2023-12-28,20.620380811311787
2023-12-29,20.56040823475482
2024-01-02,20.532681945087763
2024-01-03,20.320443669067068
2024-01-04,20.22070685279284
2024-01-05,20.27469684202359
2024-01-08,20.51317873661225
2024-01-09,20.515642427130174
2024-01-10,20.677132407187955
2024-01-11,20.652841483900303
2024-01-12,20.653343717087193
2024-01-16,20.52864223031643
2024-01-17,20.65129483448731
2024-01-18,20.584464854711364
2024-01-19,20.883822982055946
2024-01-22,20.94327909489345
2024-01-23,20.993320361372756
2024-01-24,20.991052844561572
2024-01-25,21.134607671356072
2024-01-26,21.10127327329781
2024-01-29,21.195867027610255
2024-01-30,21.137271375088364
2024-01-31,20.661496573651142
2024-02-01,20.68153215682137
2024-02-02,20.900513371197068
2024-02-05,20.782825287246023
2024-02-06,20.846152628667895
2024-02-07,20.976914052768933
2024-02-08,20.919522000505477
2024-02-09,21.095102178846318
2024-02-13,21.05927461362945
2024-02-14,20.950565176497303
2024-02-15,21.10903158218475
2024-02-16,20.981586447549162
2024-02-20,20.893936866790536
2024-02-21,20.890269625790985
2024-02-22,21.10001139454325
2024-02-23,20.994667461865333
2024-02-26,21.088919893480252
2024-02-27,21.138979671127363
2024-02-28,21.087355775438965
2024-02-29,21.16793185009674
2024-03-01,21.358354251810056
2024-03-04,21.327678612116966
2024-03-05,21.18975882070679
2024-03-06,21.216328417474635
2024-03-07,21.363440939321247
2024-03-08,21.27988715414951
2024-03-11,21.25379550390473
2024-03-12,21.490965080945244
2024-03-13,21.44975205356674
2024-03-14,21.386014807500114
2024-03-15,21.242898396778426
2024-03-18,21.422820725588316
2024-03-19,21.54778905569044
2024-03-20,21.73918899214806
2024-03-21,21.786391777739407
2024-03-22,21.738849805436512
2024-03-25,21.69209152705804
2024-03-26,21.616717018513683
2024-03-27,21.79073575938213
2024-03-28,21.85765301398612
2024-04-01,21.787045290814756
2024-04-02,21.625946470421663
2024-04-03,21.6517348210375
2024-04-04,21.384521730452256
2024-04-05,21.62130263205128
2024-04-08,21.612614535705475
2024-04-09,21.62845798405044
2024-04-10,21.436991269172825
2024-04-11,21.64859928493257
2024-04-12,21.3301712696651
2024-04-15,21.122043884331628
2024-04-16,21.042620697208452
2024-04-17,20.916327886995703
2024-04-18,20.875599077281
2024-04-19,20.682439629319667
2024-04-22,20.85574778676897
2024-04-23,21.05756271385759
2024-04-24,21.033980544188985
2024-04-25,20.668968354808687
2024-04-26,20.726850894595056
2024-04-29,20.755865974078894
2024-04-30,20.355814956901988
2024-05-01,20.21931925370522
2024-05-02,20.3442980819286
2024-05-03,20.651487774600287
2024-05-06,20.867414237531076
2024-05-07,20.876963875327206
2024-05-08,20.879937167732493
2024-05-09,20.971335034560965
2024-05-10,21.009198729756537
2024-05-13,21.00125062282356
2024-05-14,21.099148275426735
2024-05-15,21.357788137925258
2024-05-16,21.304421181120308
2024-05-17,21.330246367277454
2024-05-20,21.341832413076936
2024-05-21,21.397306187966397
2024-05-22,21.307332147180116
2024-05-23,21.081033467055946
2024-05-24,21.23117812585913
2024-05-28,21.238077656004883
2024-05-29,21.088148970009712
2024-05-30,20.955557090559164
2024-05-31,21.131482944247896
2024-06-03,21.15381096612816
2024-06-04,21.176457382925317
2024-06-05,21.343731004970802
2024-06-06,21.422832993441904
2024-06-07,21.40535416963169
2024-06-10,21.44256013309745
2024-06-11,21.427259067484364
2024-06-12,21.590330332733007
2024-06-13,21.712568036289294
2024-06-14,21.705890798581645
2024-06-17,21.869052030649318
2024-06-18,21.922953363645156
2024-06-20,21.868422377718883
2024-06-21,21.841265967875202
2024-06-24,21.822628997450963
2024-06-25,21.801382607888588
2024-06-26,21.87139743821939
2024-06-27,21.927907960965637
2024-06-28,21.85986285769664
2024-07-01,21.87007521195346
2024-07-02,22.058652095438013
2024-07-03,22.17072474390311
2024-07-05,22.213905444045132
2024-07-08,22.326829588457883
2024-07-09,22.353986681330166
2024-07-10,22.564271937637955
2024-07-11,22.395550756979688
2024-07-12,20.440616785536783
2024-07-15,22.584472574767354
2024-07-16,22.72570460272646
2024-07-17,22.3938908098793
2024-07-18,22.211547349036362
2024-07-19,22.036367591695598
2024-07-22,22.306551863698193
2024-07-23,22.193886206183826
2024-07-24,21.649020031403932
2024-07-25,21.497812585850543
2024-07-26,21.731962253243847
2024-07-29,21.739690047280007
2024-07-30,21.627809974202147
2024-07-31,21.833312718098075
2024-08-01,21.372566518815418
2024-08-02,20.98169502818226
2024-08-05,20.363527117729152
2024-08-06,20.546875665195806
2024-08-07,20.40322898318201
2024-08-08,20.811339494807772
2024-08-09,20.916436775786956
2024-08-12,20.89410953344156
2024-08-13,21.294668825403615
2024-08-14,21.378190980694978
2024-08-15,21.66468755196578
2024-08-16,21.76222613003144
2024-08-19,21.945175831761134
2024-08-20,21.904782202895195
2024-08-21,22.007495289733654
2024-08-22,21.822436328297947
2024-08-23,22.073477234778753
2024-08-26,21.99486727546008
2024-08-27,22.00316685147227
2024-08-28,21.958517110011105
2024-08-29,21.830375092860727
2024-08-30,22.028894577089385
2024-09-03,21.624336315723955
2024-09-04,21.512329451458
2024-09-05,21.386857783887162
2024-09-06,21.05298559539625
2024-09-09,21.283773197656732
2024-09-10,21.298793039457973
2024-09-11,21.52193745691092
2024-09-12,21.765936858882153
2024-09-13,21.91096636534661
2024-09-16,22.033780626613478
2024-09-17,22.00281964291079
2024-09-18,21.962286643920148
2024-09-19,22.25922937395968
2024-09-20,22.27006255000082
2024-09-23,22.32425396967978
2024-09-24,22.471271795065157
2024-09-25,22.369887259299677
2024-09-26,22.5427773057571
2024-09-27,22.561727930063917
2024-09-30,22.60135750672208
2024-10-01,22.41752896016399
2024-10-02,22.041513543530325
2024-10-03,22.41727857742073
2024-10-04,22.624257346984752
2024-10-07,22.433561956575698
2024-10-08,22.555956480127925
2024-10-09,22.81474238849337
2024-10-10,22.781195407698625
2024-10-11,22.915553210299294
2024-10-14,23.14543098168076
2024-10-15,22.955031019595353
2024-10-16,23.062465961132055
2024-10-17,22.997404627661552
2024-10-18,23.09995264313947
2024-10-21,22.996066014972854
2024-10-22,23.05301220415808
2024-10-23,22.80897735092953
2024-10-24,22.717124133330014
2024-10-25,22.712737868672285
2024-10-28,22.8419048899323
2024-10-29,22.73176947974816
2024-10-30,22.68876661623268
2024-10-31,22.127193426135694
2024-11-01,22.119721561020583
2024-11-04,22.02611948326093
2024-11-05,22.25963185340591
2024-11-06,22.864845316194625
2024-11-07,22.90118940236572
2024-11-08,23.11734649143
2024-11-11,23.14584245340426
2024-11-12,23.028360172230766
2024-11-13,23.062483327579223
2024-11-14,22.917073258441537
2024-11-15,22.63745871598941
2024-11-18,22.7191253772308
2024-11-19,22.720513879289975
2024-11-20,22.600713544545545
2024-11-21,22.796521336479614
2024-11-22,22.860474827189584
2024-11-25,22.96767099373229
2024-11-26,22.99040098932469
2024-11-27,23.000500326162733
2024-11-29,23.10707507102058
2024-12-02,23.078440954107162
2024-12-03,23.142333164256975
2024-12-04,23.22190100492283
2024-12-05,23.257194981254436
2024-12-06,23.277703092284273
2024-12-09,23.202925426912813
2024-12-10,23.11602091953471
2024-12-11,23.19998661576988
2024-12-12,23.038621124227173
2024-12-13,23.100291435627433
2024-12-16,23.090695691147157
2024-12-17,23.14098375810608
2024-12-18,23.122543453821315
2024-12-19,22.517758540946723
2024-12-20,22.762923998833568
2024-12-23,22.875136706719537
2024-12-24,23.079215464610435
2024-12-26,23.153363362627246
2024-12-27,22.987055484157978
2024-12-30,22.75802333142129
2024-12-31,22.665448150866013
2025-01-02,22.626759010508273
2025-01-03,22.78715330674134
2025-01-06,22.869064939461893
2025-01-07,22.717733271288253
2025-01-08,22.718395093595788
2025-01-10,22.37508013511947
2025-01-13,22.503953063402744
2025-01-14,22.60550329381773
2025-01-15,22.792018702650747
2025-01-16,22.815537893395202
2025-01-17,22.993487863461322
2025-01-21,23.138548898038927
2025-01-22,23.146218029027285
2025-01-23,23.315650817819765
2025-01-24,23.370558698202455
2025-01-27,23.17653710171052
2025-01-28,23.079951535115097
2025-01-29,23.142995496120193
2025-01-30,23.0808350600001
2025-01-31,22.927876366477406
2025-02-03,22.792178530279074
2025-02-04,22.78806854052814
2025-02-05,22.910494161234283
2025-02-06,22.87424634553464
2025-02-07,22.747710867759892
2025-02-10,22.850183584912106
2025-02-11,22.91161780960767
2025-02-12,22.77156670615723
2025-02-13,22.98762917245413
2025-02-14,23.01183357347785
2025-02-18,23.064596109050363
2025-02-19,23.138384954599907
2025-02-20,23.035110529218528
2025-02-21,22.650324784188037
2025-02-24,22.50946847994105
2025-02-25,22.400392964208915
2025-02-26,22.20029172954471
2025-02-27,21.91777300204966
2025-02-28,22.19268642248452
2025-03-03,21.850964898797432
2025-03-04,21.521265708014745
2025-03-05,21.776313813408215
2025-03-06,21.488308925881565
2025-03-07,21.63390751646598
2025-03-10,21.129918005506145
2025-03-11,20.942556805987394
2025-03-12,20.992157433107366
2025-03-13,20.73386656824942
2025-03-14,21.161771689849193
2025-03-17,21.321798609476843
2025-03-18,21.140192745295753
2025-03-19,21.348015447415115
2025-03-20,21.300467192805673
2025-03-21,21.294184492179177
2025-03-24,21.625378711166046
2025-03-25,21.629234990347527
2025-03-26,21.458018307982965
2025-03-27,21.365321311590396
2025-03-28,20.96889995409641
2025-03-31,21.1074547407785
2025-04-01,21.160496960929194
2025-04-02,21.29305884274925
2025-04-03,20.211579735416446
2025-04-04,19.019038435166458
2025-04-07,19.04468329095256
2025-04-08,18.745644953924156
2025-04-09,20.461514372108272
2025-04-10,19.7241602492242
2025-04-11,20.073528946794163
2025-04-14,20.28301903150249
2025-04-15,20.256905719019986
2025-04-16,19.833529121435937
2025-04-17,19.88427061289479
2025-04-21,19.477259438246264
2025-04-22,20.020228867493156
2025-04-23,20.30189812984349
2025-04-24,20.695970620971263
2025-04-25,20.816245861449037
2025-04-28,20.90303435617088
2025-04-29,20.9844744195675
2025-04-30,21.013830571907516
2025-05-01,20.954499859805058
2025-05-02,21.392915797256183
2025-05-05,21.235133703307007
2025-05-06,21.04024356359149
2025-05-07,21.09829049780045
2025-05-08,21.23389560569476
2025-05-09,21.18848349588461
2025-05-12,21.88758347120601
2025-05-13,22.012225987725976
2025-05-14,22.0726855881417
2025-05-15,22.26609632491309
2025-05-16,22.445427929440676
2025-05-19,22.427256380979426
2025-05-20,22.341671125178458
2025-05-21,22.02968282965973
2025-05-22,21.992614058538972
2025-05-23,21.893810671017572
2025-05-27,22.3084330435863
2025-05-28,22.05682560203798
2025-05-29,22.131746267218336
2025-05-30,22.122746433696214
2025-06-02,22.185253428186986
2025-06-03,22.309194720397535
2025-06-04,22.32608679136316
2025-06-05,22.27248695222561
2025-06-06,22.45380688045296
2025-06-09,22.45512952353531
2025-06-10,22.587529532421282
2025-06-11,22.513333245697854
2025-06-12,22.61013116860161
2025-06-13,22.338967142398378
2025-06-16,22.529531973781307
2025-06-17,22.359874023715463
2025-06-18,22.376182000558135
2025-06-20,22.337529292931027
2025-06-23,22.494228621137093
2025-06-24,22.796321205034708
2025-06-25,22.773767236056422
2025-06-26,22.97050927023966
2025-06-27,23.085586269607195
2025-06-30,23.2076917481939
2025-07-01,23.31789152941228
2025-07-02,23.24101403212794
2025-07-03,23.457102050750983
2025-07-07,23.269825623908297
2025-07-08,23.296749719884485
2025-07-09,23.393779512489512
2025-07-10,23.514681250409556
2025-07-11,23.385228393581272
2025-07-14,23.41903534658703
2025-07-15,23.19547945602132
2025-07-16,23.307504261646784
2025-07-17,23.39839603368376
2025-07-18,23.351799697128815
2025-07-21,23.37227073323521
2025-07-22,23.47340163757722
2025-07-23,23.579777063336312
2025-07-24,23.417083479232605
2025-07-25,23.478122851229674
2025-07-28,23.45061143840678
2025-07-29,23.420879929572802
2025-07-30,23.33310065611697
2025-07-31,22.965441025341164
2025-08-01,22.740805412887305
2025-08-04,22.902009725510496
2025-08-05,22.778642727565337
2025-08-06,22.81865370330187
2025-08-07,22.805245126839882
2025-08-08,23.002576495145885
2025-08-11,22.930467384015696
2025-08-12,23.191821482892685
2025-08-13,23.311360148060423
2025-08-14,23.257615320764454
2025-08-15,23.19563485814318
2025-08-18,23.18347490660423
2025-08-19,23.13095711169401
2025-08-20,23.01668261454414
2025-08-21,22.899762555828577
2025-08-22,23.225890566540002
2025-08-25,23.100519956876248
2025-08-26,23.185745853721798
2025-08-27,23.195712624709756
2025-08-28,23.149765652533688
2025-08-29,23.10904454698665
2025-09-02,22.96509356797877
2025-09-03,22.952825529982643
2025-09-04,23.126275341562007
2025-09-05,23.02504240009735
2025-09-08,23.05632393171374
2025-09-09,23.158738382645492
2025-09-10,23.16443033793184
2025-09-11,23.451078137837044
2025-09-12,23.34795659182773
2025-09-15,23.445606766810435
2025-09-16,23.479766098438684
2025-09-17,23.509181417422017
2025-09-18,23.54771493081082
2025-09-19,23.620149553703612
2025-09-22,23.724302069780784
2025-09-23,23.777026639628573
2025-09-24,23.64868510639669
2025-09-25,23.530053092915526
2025-09-26,23.67566349289563
2025-09-29,23.70976610175433
2025-09-30,23.809149207468813
2025-10-01,23.885848919664323
2025-10-02,23.8991494971437
2025-10-03,23.963185006543995
2025-10-06,23.97919416235946
2025-10-07,23.855101035033453
2025-10-08,23.96909998239403
2025-10-09,23.96974537525187
2025-10-10,23.404681061462394
2025-10-13,23.650469618959622
2025-10-14,23.76642336610957
2025-10-15,23.64658530751623
2025-10-16,23.470310104565698
2025-10-17,23.649210953380123
2025-10-20,23.761976599832973
2025-10-21,23.85090436171518
2025-10-22,23.687915136889824
2025-10-23,23.720263014168488
2025-10-24,23.94153442926447
2025-10-27,24.173270601296267
2025-10-28,24.16630203652597
2025-10-29,23.953373616979047
2025-10-30,23.631356246128423
2025-10-31,23.386885778975888
2025-11-03,23.524782154012026
2025-11-04,23.39492893203542
2025-11-05,23.392473520251613
2025-11-06,23.16231980564235
2025-11-07,23.172569948157385
2025-11-10,23.380095329304897
2025-11-11,23.598749166731892
2025-11-12,23.584304202440293
2025-11-13,23.20753877056492
2025-11-14,23.07621098517748
2025-11-17,22.86226407560368
2025-11-18,22.77750364646089
2025-11-19,22.604164026061206
2025-11-20,22.22498042484346
2025-11-21,22.455390241908358
2025-11-24,22.649653691124865
2025-11-25,22.986174890188334
2025-11-26,23.11263213256527
2025-11-28,23.22456286509809
2025-12-01,23.13249163157204
2025-12-02,23.14922014959307
2025-12-03,23.270500571965876
2025-12-04,23.28857902610604
2025-12-05,23.28934277351356
2025-12-08,23.21631270174218
2025-12-09,23.18474824204697
2025-12-10,23.395246772961055
2025-12-11,23.379724002692495
2025-12-12,23.13666644188046
2025-12-15,23.07327678363922
2025-12-16,22.93412742997298
2025-12-17,22.62960965751326
2025-12-18,22.665291888916723
2025-12-19,22.87957525848683
2025-12-22,23.057285401854163
2025-12-23,23.176729536778698
2025-12-24,23.270005851431954
2025-12-29,23.200895664172958
2025-12-30,23.17547727841762
2025-12-31,22.97593589319013
2026-01-01,22.974939762437725
2026-01-02,23.066282180218643
2026-01-05,23.153829681406044
2026-01-06,23.31960826906831
2026-01-07,23.182214188700495
2026-01-08,23.318937276046768
2026-01-09,23.379368037381056
2026-01-12,23.403178469902176
2026-01-13,23.314870405460894
2026-01-14,23.27977190500327
2026-01-15,23.28311574300833
2026-01-16,23.250518946330427
2026-01-20,22.813404123235856
2026-01-21,23.026018891320405
2026-01-22,23.14104149137022
2026-01-23,23.12352095638914
2026-01-26,23.277222963926917
2026-01-27,23.28008369078728
2026-01-28,23.279431775469675
2026-01-29,23.110088705345465
2026-01-30,22.916809407991433
2026-02-02,22.99096847426079
2026-02-03,22.74559959620085
2026-02-04,22.662516503167197
2026-02-05,22.21982508847071
2026-02-06,22.590273792768755
2026-02-09,22.65708730829822
2026-02-10,22.60377630509078
2026-02-11,22.593456236310164
2026-02-12,22.223420958880546
2026-02-13,22.231540578464777
2026-02-17,22.22049012379128
2026-02-18,22.370035309560613
2026-02-19,22.241027733181163
2026-02-20,22.403909880823647
2026-02-23,22.102006368971043
2026-02-24,22.280612904983446
2026-02-25,22.33221521357254
2026-02-26,22.17515702934007
2026-02-27,22.036449727914828
2026-03-02,21.99153959157385
2026-03-03,21.79656835415598
2026-03-04,21.867579198833447
2026-03-05,21.695868265375672
2026-03-06,21.40389241378688
2026-03-09,21.589293191773812
2026-03-10,21.574062726083746
2026-03-11,21.54661984756511
2026-03-12,21.189070323858857
2026-03-13,21.071916263274545
2026-03-16,21.279852321629594
2026-03-17,21.32352908327563
2026-03-18,20.95738567577596
2026-03-19,20.523169733517108
2026-03-20,20.23363733249269
2026-03-23,20.346509442265187
2026-03-24,20.39573573331909
2026-03-25,20.462017027509457
2026-03-26,20.142649052424133
2026-03-27,19.78861489615458
2026-03-30,19.67385377279757
2026-03-31,20.234722814786256
2026-04-01,20.396065732382418
2026-04-02,20.41411741817624
2026-04-06,20.50491663644774
2026-04-07,20.47711164971472
2026-04-08,21.07195347995256
2026-04-09,21.110611471289086
2026-04-10,21.04875488080058
2026-04-13,21.31714587949946
2026-04-14,21.50326636011497
2026-04-15,21.583989740398973
2026-04-16,21.68760509748937
2026-04-17,21.848477508717863
2026-04-20,21.841131208255838
2026-04-21,21.68316172120901
2026-04-22,21.814067340136514
2026-04-23,21.678196296346012
2026-04-24,21.76422131073402
2026-04-27,21.917080981925633
2026-04-28,21.725005223979654
2026-04-29,21.619756301503074
2026-04-30,21.38611452335358
2026-05-01,21.311409334998825
2026-05-04,21.261465019606167
2026-05-05,21.352613675482065
2026-05-06,21.521912502169318
2026-05-07,21.537145443389146
2026-05-08,21.73846312031371
2026-05-11,21.799979536459244
2026-05-12,21.818161928889968
2026-05-13,21.84953097704217
2026-05-14,21.891494823407598
2026-05-15,21.81449069390984
2026-05-18,21.789119200859627
2026-05-19,21.65281546186772
2026-05-20,21.615076792452978
2026-05-21,21.585645660487472
2026-05-22,21.627470067921575
2026-05-26,21.730999387532574
2026-05-27,21.75193655013
2026-05-28,21.78940649756431
2026-05-29,21.882728858197893
2026-06-01,21.95303571184992
2026-06-02,21.893929400988334
2026-06-03,21.68948881866851
2026-06-04,21.77313465860601
2026-06-05,21.241649144806196
2026-06-08,21.217271782788917
2026-06-09,21.221971831234047
2026-06-10,20.848662591388297
2026-06-11,21.10737102084455
2026-06-12,21.275390658461905
2026-06-15,21.537942059585724
2026-06-16,21.440754764510455
2026-06-17,21.183681463742587
2026-06-18,21.348467815426424
2026-06-22,21.326091134193426
2026-06-23,21.1790183623277
2026-06-24,21.124778730280966
2026-06-25,20.878454286999002
2026-06-26,20.7677887485283
2026-06-29,20.894677668554596
2026-06-30,21.10067056248653
2026-07-01,21.147502470181077
2026-07-02,21.1783442725365
2026-07-06,21.447565367465685
2026-07-07,21.279941955047068
2026-07-08,21.157452509052252
2026-07-09,21.311573724482436
2026-07-10,21.420871794957723
2026-07-13,21.24668724014797
2026-07-14,21.215882503639815
2026-07-15,21.232571925053332
2026-07-16,21.17248375989971
2026-07-17,20.945075656909115
2026-07-20,20.909332774399886
2026-07-21,21.088100850577685
2026-07-22,20.923142415058166
2026-07-23,20.693553081763216
2026-07-24,20.596146306000147
2026-07-27,20.598735237043645
2026-07-28,20.54476792771251
2026-07-29,20.153792830086207
2026-07-30,20.570266705271184
2026-07-31,20.607312079814793
2026-08-03,20.75945605268549
2026-08-04,21.020479648290205
2026-08-05,20.920608915822314
2026-08-06,20.855837053513092
2026-08-07,20.96077245348898
2026-08-10,20.985917494806692
2026-08-11,20.922292324558313
2026-08-12,20.922292324558313
2026-08-13,21.08352974234674
2026-08-14,21.056870890508435
2026-08-17,20.918095167682004
2026-08-18,20.73794643130333
2026-08-19,20.744626602063818
2026-08-20,20.644275299993154
2026-08-21,20.5708420475348
