date,forward_pe
2003-06-11,20.054227
2003-06-12,20.149997
2003-06-13,19.982611
2003-06-16,20.443761
2003-06-17,20.394197
2003-06-18,20.239735
2003-06-19,19.924541
2003-06-20,19.936432
2003-06-23,19.738061
2003-06-24,19.705762
2003-06-25,19.586884
2003-06-26,19.900373
2003-06-27,19.70106
2003-06-30,19.650372
2003-07-01,19.692618
2003-07-02,19.887817
2003-07-03,19.828946
2003-07-07,20.390288
2003-07-08,20.621358
2003-07-09,20.530401
2003-07-10,20.297579
2003-07-11,20.563745
2003-07-14,20.668773
2003-07-15,20.29267
2003-07-16,20.297892
2003-07-17,19.807309
2003-07-18,20.00053
2003-07-21,19.707523
2003-07-22,19.85726
2003-07-23,19.718825
2003-07-24,19.528951
2003-07-25,19.773716
2003-07-28,19.826877
2003-07-29,19.734381
2003-07-30,19.565833
2003-07-31,19.552802
2003-08-01,19.438392
2003-08-04,19.250929
2003-08-05,18.87221
2003-08-06,18.932375
2003-08-07,19.095501
2003-08-08,19.346158
2003-08-11,19.413766
2003-08-12,19.607199
2003-08-13,19.703804
2003-08-14,19.706648
2003-08-15,19.759402
2003-08-18,19.9417
2003-08-19,19.890353
2003-08-20,19.915612
2003-08-21,20.013403
2003-08-22,19.784772
2003-08-25,19.76271
2003-08-26,19.801121
2003-08-27,19.871859
2003-08-28,20.015057
2003-08-29,20.196997
2003-09-02,20.387616
2003-09-03,20.47595
2003-09-04,20.475543
2003-09-05,20.24345
2003-09-08,20.271499
2003-09-09,19.863461
2003-09-10,19.59857
2003-09-11,19.767226
2003-09-12,19.707587
2003-09-15,19.766076
2003-09-16,20.078773
2003-09-17,20.064124
2003-09-18,20.124345
2003-09-19,20.077808
2003-09-22,19.791703
2003-09-23,20.021945
2003-09-24,19.63457
2003-09-25,19.533413
2003-09-26,19.313819
2003-09-29,19.400592
2003-09-30,19.225798
2003-10-01,19.526801
2003-10-02,19.827173
2003-10-03,20.082553
2003-10-06,20.210847
2003-10-07,20.318332
2003-10-08,20.198123
2003-10-09,20.477707
2003-10-10,20.446
2003-10-13,20.652524
2003-10-14,20.740317
2003-10-15,20.616598
2003-10-16,20.555954
2003-10-17,20.226274
2003-10-20,20.298208
2003-10-21,20.256339
2003-10-22,19.864064
2003-10-23,19.878603
2003-10-24,19.831931
2003-10-27,20.072381
2003-10-28,20.497376
2003-10-29,20.511608
2003-10-30,20.455386
2003-10-31,20.191657
2003-11-03,20.396187
2003-11-04,20.26608
2003-11-05,20.238818
2003-11-06,20.369074
2003-11-07,20.393558
2003-11-10,20.189474
2003-11-11,20.139717
2003-11-12,20.343354
2003-11-13,20.179148
2003-11-14,20.085965
2003-11-17,19.817384
2003-11-18,19.476307
2003-11-19,19.593469
2003-11-20,19.478575
2003-11-21,19.548879
2003-11-24,19.958741
2003-11-25,20.066338
2003-11-26,20.080018
2003-11-28,20.125204
2003-12-01,20.291731
2003-12-02,20.136969
2003-12-03,20.029669
2003-12-04,19.928983
2003-12-05,19.695898
2003-12-08,19.759593
2003-12-09,19.648065
2003-12-10,19.639674
2003-12-11,19.860865
2003-12-12,19.916098
2003-12-15,19.607391
2003-12-16,19.791344
2003-12-17,19.94553
2003-12-18,20.169796
2003-12-19,20.191409
2003-12-22,20.315227
2003-12-23,20.267772
2003-12-24,20.20086
2003-12-26,20.207828
2003-12-29,20.443895
2003-12-30,20.402096
2003-12-31,20.483662
2004-01-02,20.302152
2004-01-05,20.475411
2004-01-06,20.461704
2004-01-07,20.539394
2004-01-08,20.595105
2004-01-09,20.489026
2004-01-12,20.501548
2004-01-13,20.494164
2004-01-14,20.701636
2004-01-15,20.759677
2004-01-16,20.721636
2004-01-20,20.545957
2004-01-21,20.524773
2004-01-22,20.516854
2004-01-23,20.456985
2004-01-26,20.562779
2004-01-27,20.340902
2004-01-28,19.797877
2004-01-29,19.922361
2004-01-30,19.892316
2004-02-02,19.809033
2004-02-03,19.732737
2004-02-04,19.688734
2004-02-05,19.824124
2004-02-06,20.046714
2004-02-09,20.074358
2004-02-10,20.164937
2004-02-11,20.301491
2004-02-12,20.063562
2004-02-13,19.882659
2004-02-17,20.11469
2004-02-18,20.042735
2004-02-19,19.940273
2004-02-20,19.86128
2004-02-23,19.711391
2004-02-24,19.626685
2004-02-25,19.733991
2004-02-26,19.763812
2004-02-27,19.811228
2004-03-01,20.024123
2004-03-02,19.879424
2004-03-03,19.913404
2004-03-04,19.926595
2004-03-05,19.991484
2004-03-08,19.80198
2004-03-09,19.673914
2004-03-10,19.297859
2004-03-11,19.026568
2004-03-12,19.303509
2004-03-15,18.949181
2004-03-16,19.028339
2004-03-17,19.290079
2004-03-18,19.270812
2004-03-19,19.117905
2004-03-22,18.8454
2004-03-23,18.862008
2004-03-24,18.876967
2004-03-25,19.237664
2004-03-26,19.2527
2004-03-29,19.458712
2004-03-30,19.539034
2004-03-31,19.45598
2004-04-01,19.501011
2004-04-02,19.612988
2004-04-05,19.87977
2004-04-06,19.880873
2004-04-07,19.635662
2004-04-08,19.541817
2004-04-12,19.611458
2004-04-13,19.228945
2004-04-14,19.19332
2004-04-15,19.129688
2004-04-16,19.303178
2004-04-19,19.313627
2004-04-20,19.068804
2004-04-21,18.861213
2004-04-22,19.206264
2004-04-23,19.129052
2004-04-26,19.002174
2004-04-27,19.04415
2004-04-28,18.71713
2004-04-29,18.50989
2004-04-30,18.362112
2004-05-03,18.507871
2004-05-04,18.466481
2004-05-05,18.421759
2004-05-06,18.113512
2004-05-07,17.728408
2004-05-10,17.517831
2004-05-11,17.743597
2004-05-12,17.685148
2004-05-13,17.592054
2004-05-14,17.630215
2004-05-17,17.284724
2004-05-18,17.444221
2004-05-19,17.335084
2004-05-20,17.35813
2004-05-21,17.467545
2004-05-24,17.596498
2004-05-25,17.96754
2004-05-26,18.01046
2004-05-27,18.115207
2004-05-28,18.096417
2004-06-01,18.122272
2004-06-02,18.185718
2004-06-03,18.051028
2004-06-04,18.118492
2004-06-07,18.37076
2004-06-08,18.460123
2004-06-09,18.296115
2004-06-10,18.373698
2004-06-14,18.158044
2004-06-15,18.112004
2004-06-16,18.288951
2004-06-17,18.182532
2004-06-18,18.164474
2004-06-21,18.118337
2004-06-22,18.059518
2004-06-23,18.216367
2004-06-24,18.206216
2004-06-25,18.18525
2004-06-28,18.136032
2004-06-29,18.019121
2004-06-30,18.060791
2004-07-01,17.941043
2004-07-02,17.871795
2004-07-06,17.720202
2004-07-07,17.725674
2004-07-08,17.482387
2004-07-09,17.562902
2004-07-12,17.633504
2004-07-13,17.675489
2004-07-14,17.562471
2004-07-15,17.472979
2004-07-16,17.252517
2004-07-19,17.200982
2004-07-20,17.303817
2004-07-21,17.102205
2004-07-22,17.076989
2004-07-23,16.886646
2004-07-26,16.78836
2004-07-27,17.130989
2004-07-28,16.913663
2004-07-29,17.012269
2004-07-30,17.007891
2004-08-02,17.153825
2004-08-03,16.958776
2004-08-04,16.827876
2004-08-05,16.522159
2004-08-06,16.333239
2004-08-09,16.325167
2004-08-10,16.541626
2004-08-11,16.379394
2004-08-12,16.153124
2004-08-13,16.185381
2004-08-16,16.514062
2004-08-17,16.580586
2004-08-18,16.769723
2004-08-19,16.685179
2004-08-20,16.78266
2004-08-23,16.706961
2004-08-24,16.767396
2004-08-25,16.895043
2004-08-26,16.901479
2004-08-27,16.90265
2004-08-30,16.755281
2004-08-31,16.790246
2004-09-01,16.859261
2004-09-02,17.159319
2004-09-03,17.139439
2004-09-07,17.289344
2004-09-08,17.218355
2004-09-09,17.129843
2004-09-10,17.280187
2004-09-13,17.360794
2004-09-14,17.462427
2004-09-15,17.400194
2004-09-16,17.483721
2004-09-17,17.437381
2004-09-20,17.341804
2004-09-21,17.449344
2004-09-22,17.242357
2004-09-23,17.244681
2004-09-24,17.320087
2004-09-27,17.185447
2004-09-28,17.205777
2004-09-29,17.304344
2004-09-30,17.343222
2004-10-01,17.552924
2004-10-04,17.669675
2004-10-05,17.647026
2004-10-06,17.80568
2004-10-07,17.684568
2004-10-08,17.529292
2004-10-11,17.660109
2004-10-12,17.614624
2004-10-13,17.534734
2004-10-14,17.440776
2004-10-15,17.540924
2004-10-18,17.664362
2004-10-19,17.545413
2004-10-20,17.540325
2004-10-21,17.699666
2004-10-22,17.561762
2004-10-25,17.519538
2004-10-26,17.773198
2004-10-27,18.01471
2004-10-28,18.080792
2004-10-29,18.059433
2004-11-01,18.118772
2004-11-02,18.167135
2004-11-03,18.16485
2004-11-04,18.549886
2004-11-05,18.644333
2004-11-08,18.621424
2004-11-09,18.625874
2004-11-10,18.620666
2004-11-11,18.766787
2004-11-12,18.940027
2004-11-15,18.963235
2004-11-16,18.619064
2004-11-17,18.661936
2004-11-18,18.679922
2004-11-19,18.453215
2004-11-22,18.583971
2004-11-23,18.677142
2004-11-24,18.784741
2004-11-26,18.789809
2004-11-29,18.680273
2004-11-30,18.474688
2004-12-01,18.969776
2004-12-02,19.046583
2004-12-03,19.030839
2004-12-06,19.009206
2004-12-07,18.875583
2004-12-08,18.994141
2004-12-09,19.131528
2004-12-10,19.230628
2004-12-13,19.420797
2004-12-14,19.519514
2004-12-15,19.532817
2004-12-16,19.362219
2004-12-17,19.267509
2004-12-20,19.422442
2004-12-21,19.523264
2004-12-22,19.63598
2004-12-23,19.642726
2004-12-27,19.669351
2004-12-28,19.916355
2004-12-29,19.93791
2004-12-30,19.968251
2004-12-31,19.933216
2005-01-03,19.826511
2005-01-04,19.561592
2005-01-05,19.451486
2005-01-06,19.349025
2005-01-07,19.324592
2005-01-10,19.404463
2005-01-11,19.277204
2005-01-12,19.408177
2005-01-13,19.26081
2005-01-14,19.434081
2005-01-18,19.852596
2005-01-19,19.230771
2005-01-20,19.064478
2005-01-21,19.033345
2005-01-24,18.861968
2005-01-25,18.907823
2005-01-26,19.01908
2005-01-27,18.932736
2005-01-28,18.853899
2005-01-31,19.054862
2005-02-01,18.999607
2005-02-02,19.035766
2005-02-03,18.907957
2005-02-04,19.011197
2005-02-07,19.008611
2005-02-08,18.936674
2005-02-09,18.717196
2005-02-10,18.779151
2005-02-11,18.898115
2005-02-14,18.878805
2005-02-15,19.046337
2005-02-16,19.009599
2005-02-17,18.880168
2005-02-18,18.847211
2005-02-22,18.418197
2005-02-23,18.505201
2005-02-24,18.482252
2005-02-25,18.584559
2005-02-28,18.538044
2005-03-01,18.727515
2005-03-02,18.739708
2005-03-03,18.732911
2005-03-04,18.891461
2005-03-07,18.962074
2005-03-08,18.855021
2005-03-09,18.676976
2005-03-10,18.729387
2005-03-11,18.63961
2005-03-14,18.712634
2005-03-15,18.738671
2005-03-16,18.940633
2005-03-17,18.967825
2005-03-18,18.90903
2005-03-21,18.806322
2005-03-22,18.689939
2005-03-23,18.618753
2005-03-24,18.621846
2005-03-28,18.736927
2005-03-29,18.580266
2005-03-30,18.835109
2005-03-31,18.829138
2005-04-01,18.638994
2005-04-04,18.694123
2005-04-05,18.827024
2005-04-06,18.757772
2005-04-07,18.836081
2005-04-08,18.780333
2005-04-11,18.792288
2005-04-12,18.918197
2005-04-13,18.638003
2005-04-14,18.3783
2005-04-15,17.981747
2005-04-18,18.081798
2005-04-19,17.639398
2005-04-20,17.478515
2005-04-21,17.866102
2005-04-22,17.652288
2005-04-25,17.812352
2005-04-26,17.652
2005-04-27,17.640113
2005-04-28,17.306964
2005-04-29,17.359864
2005-05-02,17.494192
2005-05-03,17.556329
2005-05-04,17.834977
2005-05-05,17.945434
2005-05-06,17.920807
2005-05-09,18.072961
2005-05-10,17.876659
2005-05-11,17.849377
2005-05-12,17.697055
2005-05-13,17.676289
2005-05-16,18.030708
2005-05-17,18.100856
2005-05-18,18.459608
2005-05-19,18.610363
2005-05-20,18.519068
2005-05-23,18.616815
2005-05-24,18.601819
2005-05-25,18.525927
2005-05-26,18.572214
2005-05-27,18.613631
2005-05-31,18.497432
2005-06-01,18.624028
2005-06-02,18.82979
2005-06-03,18.651768
2005-06-06,18.694272
2005-06-07,18.767979
2005-06-08,18.667116
2005-06-09,18.741309
2005-06-10,18.715301
2005-06-13,18.783547
2005-06-14,18.954179
2005-06-15,18.970949
2005-06-16,18.957729
2005-06-17,19.046985
2005-06-20,19.053439
2005-06-21,19.30097
2005-06-22,19.445931
2005-06-23,19.125563
2005-06-24,18.969469
2005-06-27,18.662475
2005-06-28,19.156489
2005-06-29,18.807365
2005-06-30,18.720389
2005-07-01,18.738175
2005-07-05,18.646131
2005-07-06,18.477451
2005-07-07,18.510739
2005-07-08,18.760662
2005-07-11,18.925584
2005-07-12,19.028727
2005-07-13,18.966939
2005-07-14,19.03295
2005-07-15,19.152503
2005-07-18,19.142149
2005-07-19,19.182705
2005-07-20,19.138579
2005-07-21,19.188962
2005-07-22,19.261222
2005-07-25,19.118719
2005-07-26,19.163372
2005-07-27,19.193519
2005-07-28,19.35926
2005-07-29,19.160198
2005-08-01,19.179348
2005-08-02,19.202082
2005-08-03,19.108251
2005-08-04,18.906393
2005-08-05,18.762011
2005-08-08,18.568703
2005-08-09,18.768058
2005-08-10,18.738177
2005-08-11,18.771224
2005-08-12,18.693123
2005-08-15,18.744402
2005-08-16,18.290715
2005-08-17,18.336768
2005-08-18,18.297727
2005-08-19,18.231872
2005-08-22,18.197717
2005-08-23,18.152261
2005-08-24,18.008557
2005-08-25,18.047529
2005-08-26,17.963485
2005-08-29,18.246098
2005-08-30,18.017475
2005-08-31,17.944203
2005-09-01,17.764234
2005-09-02,17.698052
2005-09-06,18.029805
2005-09-07,18.171115
2005-09-08,18.046134
2005-09-09,18.174293
2005-09-12,18.240206
2005-09-13,17.983544
2005-09-14,17.824923
2005-09-15,17.835531
2005-09-16,17.854532
2005-09-19,17.590219
2005-09-20,17.328194
2005-09-21,17.08476
2005-09-22,17.368677
2005-09-23,17.397487
2005-09-26,17.40785
2005-09-27,17.379861
2005-09-28,17.276428
2005-09-29,17.440448
2005-09-30,17.520441
2005-10-03,17.535583
2005-10-04,17.194158
2005-10-05,16.915916
2005-10-06,16.957865
2005-10-07,17.012651
2005-10-10,16.928846
2005-10-11,16.620189
2005-10-12,16.422757
2005-10-13,16.475566
2005-10-14,16.63538
2005-10-17,16.709509
2005-10-18,16.392743
2005-10-19,16.883594
2005-10-20,16.785328
2005-10-21,16.691151
2005-10-24,16.99594
2005-10-25,16.83766
2005-10-26,16.653989
2005-10-27,16.364427
2005-10-28,16.697751
2005-10-31,16.945268
2005-11-01,16.956266
2005-11-02,17.219467
2005-11-03,17.196463
2005-11-04,17.228014
2005-11-07,17.388235
2005-11-08,17.364186
2005-11-09,17.315252
2005-11-10,17.545223
2005-11-11,17.624299
2005-11-14,17.575148
2005-11-15,17.249506
2005-11-16,17.19135
2005-11-17,17.209817
2005-11-18,17.333067
2005-11-21,17.617086
2005-11-22,17.694209
2005-11-23,17.788548
2005-11-25,17.78839
2005-11-28,17.597573
2005-11-29,17.567733
2005-11-30,17.470467
2005-12-01,17.678787
2005-12-02,17.715721
2005-12-05,17.610685
2005-12-06,17.593614
2005-12-07,17.559123
2005-12-08,17.458522
2005-12-09,17.515139
2005-12-12,17.70839
2005-12-13,17.833089
2005-12-14,17.786838
2005-12-15,17.725645
2005-12-16,17.675052
2005-12-19,17.474495
2005-12-20,17.450885
2005-12-21,17.45985
2005-12-22,17.644759
2005-12-23,17.67699
2005-12-27,17.55826
2005-12-28,17.584001
2005-12-29,17.575323
2005-12-30,17.455318
2006-01-03,16.700173
2006-01-04,17.516775
2006-01-05,17.556941
2006-01-06,17.710354
2006-01-09,17.870464
2006-01-10,17.92918
2006-01-11,18.011641
2006-01-12,17.855151
2006-01-13,17.894912
2006-01-17,17.828316
2006-01-18,17.777967
2006-01-19,17.90933
2006-01-20,17.577657
2006-01-23,17.423181
2006-01-24,17.602583
2006-01-25,17.551276
2006-01-26,17.595983
2006-01-27,17.71722
2006-01-30,17.715497
2006-01-31,17.664111
2006-02-01,17.324638
2006-02-02,17.100872
2006-02-03,17.088813
2006-02-06,17.038883
2006-02-07,16.882706
2006-02-08,17.026663
2006-02-09,16.991194
2006-02-10,17.030409
2006-02-13,16.982629
2006-02-14,17.180569
2006-02-15,17.265596
2006-02-16,17.28575
2006-02-17,17.191559
2006-02-21,17.02062
2006-02-22,17.092441
2006-02-23,17.005738
2006-02-24,16.988388
2006-02-27,17.120054
2006-02-28,16.962531
2006-03-01,17.071883
2006-03-02,16.968229
2006-03-03,16.926888
2006-03-06,16.86238
2006-03-07,16.791037
2006-03-08,16.85233
2006-03-09,16.786445
2006-03-10,16.934465
2006-03-13,16.931887
2006-03-14,17.136278
2006-03-15,17.209278
2006-03-16,17.292883
2006-03-17,17.314659
2006-03-20,17.256683
2006-03-21,17.158955
2006-03-22,17.202587
2006-03-23,17.179084
2006-03-24,17.198779
2006-03-27,17.192169
2006-03-28,17.134947
2006-03-29,17.269066
2006-03-30,17.187753
2006-03-31,17.115966
2006-04-03,17.043914
2006-04-04,17.130196
2006-04-05,17.226298
2006-04-06,17.275511
2006-04-07,17.195162
2006-04-10,17.133211
2006-04-11,16.998745
2006-04-12,16.9605
2006-04-13,17.022355
2006-04-17,16.924858
2006-04-18,17.168517
2006-04-19,17.117925
2006-04-20,17.098094
2006-04-21,16.933652
2006-04-24,16.884661
2006-04-25,16.856446
2006-04-26,16.960556
2006-04-27,17.067246
2006-04-28,17.065637
2006-05-01,17.002378
2006-05-02,17.013392
2006-05-03,16.996546
2006-05-04,17.06751
2006-05-05,17.275347
2006-05-08,17.294476
2006-05-09,17.344015
2006-05-10,17.296948
2006-05-11,17.091176
2006-05-12,16.915794
2006-05-15,16.944192
2006-05-16,16.745896
2006-05-17,16.524907
2006-05-18,16.476751
2006-05-19,16.599131
2006-05-22,16.424292
2006-05-23,16.286035
2006-05-24,16.289363
2006-05-25,16.425281
2006-05-26,16.491484
2006-05-30,16.239345
2006-05-31,16.403815
2006-06-01,16.650369
2006-06-02,16.578314
2006-06-05,16.332083
2006-06-06,16.253772
2006-06-07,16.271602
2006-06-08,16.2419
2006-06-09,16.181449
2006-06-12,15.973029
2006-06-13,15.850994
2006-06-14,15.959745
2006-06-15,16.316475
2006-06-16,16.283386
2006-06-19,16.216142
2006-06-20,16.174718
2006-06-21,16.332232
2006-06-22,16.220561
2006-06-23,16.1872
2006-06-26,16.314244
2006-06-27,16.078628
2006-06-28,16.070082
2006-06-29,16.410522
2006-06-30,16.423391
2006-07-03,16.434427
2006-07-05,16.296407
2006-07-06,16.308828
2006-07-07,16.160604
2006-07-10,16.171552
2006-07-11,16.163287
2006-07-12,15.924384
2006-07-13,15.696279
2006-07-14,15.563974
2006-07-17,15.640707
2006-07-18,15.519649
2006-07-19,15.837637
2006-07-20,15.614319
2006-07-21,15.509888
2006-07-24,15.914116
2006-07-25,16.035687
2006-07-26,15.800198
2006-07-27,15.585647
2006-07-28,15.794181
2006-07-31,15.790012
2006-08-01,15.667334
2006-08-02,15.758919
2006-08-03,15.870391
2006-08-04,15.893295
2006-08-07,15.835992
2006-08-08,15.65834
2006-08-09,15.32308
2006-08-10,15.510442
2006-08-11,15.48098
2006-08-14,15.53057
2006-08-15,15.714129
2006-08-16,15.872572
2006-08-17,15.930187
2006-08-18,15.922467
2006-08-21,15.87072
2006-08-22,15.880732
2006-08-23,15.749099
2006-08-24,15.683678
2006-08-25,15.677928
2006-08-28,15.847582
2006-08-29,15.944828
2006-08-30,15.961411
2006-08-31,15.97719
2006-09-01,16.144747
2006-09-05,16.138594
2006-09-06,15.994437
2006-09-07,16.030546
2006-09-08,16.251299
2006-09-11,16.400663
2006-09-12,16.775362
2006-09-13,16.916654
2006-09-14,16.904351
2006-09-15,16.95931
2006-09-18,17.042797
2006-09-19,17.087388
2006-09-20,17.225486
2006-09-21,17.049179
2006-09-22,17.038087
2006-09-25,17.362697
2006-09-26,17.52989
2006-09-27,17.515549
2006-09-28,17.523771
2006-09-29,17.425934
2006-10-02,17.402877
2006-10-03,17.601073
2006-10-04,17.949305
2006-10-05,17.986072
2006-10-06,17.930115
2006-10-09,18.066936
2006-10-10,18.482913
2006-10-11,18.44027
2006-10-12,18.672143
2006-10-13,18.574418
2006-10-16,18.572822
2006-10-17,18.487892
2006-10-18,18.525349
2006-10-19,18.45219
2006-10-20,18.445257
2006-10-23,18.690912
2006-10-24,18.717716
2006-10-25,18.799831
2006-10-26,18.898242
2006-10-27,18.77555
2006-10-30,18.83975
2006-10-31,18.807497
2006-11-01,18.605595
2006-11-02,18.548911
2006-11-03,18.400363
2006-11-06,18.64765
2006-11-07,18.694749
2006-11-08,18.71484
2006-11-09,18.570607
2006-11-10,18.620366
2006-11-13,18.629708
2006-11-14,18.871239
2006-11-15,18.947023
2006-11-16,19.085743
2006-11-17,19.06338
2006-11-20,19.036856
2006-11-21,19.058907
2006-11-22,19.082158
2006-11-24,18.974904
2006-11-27,18.705328
2006-11-28,18.758974
2006-11-29,19.089829
2006-11-30,19.251734
2006-12-01,19.248073
2006-12-04,19.445547
2006-12-05,19.592895
2006-12-06,19.583187
2006-12-07,19.475771
2006-12-08,19.518339
2006-12-11,19.598438
2006-12-12,19.452827
2006-12-13,19.517038
2006-12-14,19.738227
2006-12-15,19.710768
2006-12-18,19.721509
2006-12-19,19.791186
2006-12-20,19.750496
2006-12-21,19.6867
2006-12-22,19.641065
2006-12-26,19.686056
2006-12-27,19.837306
2006-12-28,19.793975
2006-12-29,19.722221
2007-01-03,19.860092
2007-01-04,19.931
2007-01-05,19.775876
2007-01-08,19.809317
2007-01-09,19.916573
2007-01-10,20.02891
2007-01-11,20.255536
2007-01-12,20.328359
2007-01-16,20.489835
2007-01-17,20.404504
2007-01-18,20.516578
2007-01-19,20.496026
2007-01-22,20.390948
2007-01-23,20.356022
2007-01-24,20.426437
2007-01-25,19.610085
2007-01-26,19.829737
2007-01-29,19.886088
2007-01-30,19.92697
2007-01-31,20.048221
2007-02-01,20.001703
2007-02-02,20.147342
2007-02-05,20.091938
2007-02-06,20.153824
2007-02-07,20.234377
2007-02-08,20.160425
2007-02-09,19.967736
2007-02-12,19.86469
2007-02-13,20.037167
2007-02-14,20.152033
2007-02-15,20.20697
2007-02-16,20.194738
2007-02-20,20.361935
2007-02-21,20.313861
2007-02-22,20.215763
2007-02-23,20.127651
2007-02-26,19.940666
2007-02-27,19.153872
2007-02-28,19.285469
2007-03-01,19.166253
2007-03-02,19.019943
2007-03-05,18.787861
2007-03-06,19.075626
2007-03-07,19.062136
2007-03-08,19.225454
2007-03-09,19.23323
2007-03-12,19.269842
2007-03-13,18.860216
2007-03-14,18.906636
2007-03-15,19.004025
2007-03-16,18.950219
2007-03-19,19.166893
2007-03-20,19.349346
2007-03-21,19.654925
2007-03-22,19.568379
2007-03-23,19.581666
2007-03-26,19.544336
2007-03-27,19.418926
2007-03-28,19.179006
2007-03-29,19.11244
2007-03-30,19.138156
2007-04-02,19.21618
2007-04-03,19.424118
2007-04-04,19.379726
2007-04-05,19.519714
2007-04-09,19.581659
2007-04-10,19.591182
2007-04-11,19.477736
2007-04-12,19.585541
2007-04-13,19.591585
2007-04-16,19.769358
2007-04-17,19.842247
2007-04-18,19.798366
2007-04-19,19.702719
2007-04-20,19.885062
2007-04-23,19.809504
2007-04-24,19.735921
2007-04-25,19.882615
2007-04-26,19.64756
2007-04-27,19.480888
2007-04-30,19.284454
2007-05-01,19.349471
2007-05-02,19.485012
2007-05-03,19.352987
2007-05-04,19.524203
2007-05-07,19.531853
2007-05-08,19.460654
2007-05-09,19.432306
2007-05-10,19.151337
2007-05-11,19.277591
2007-05-14,19.266209
2007-05-15,19.16552
2007-05-16,19.321341
2007-05-17,19.295036
2007-05-18,19.506319
2007-05-21,19.571967
2007-05-22,19.559842
2007-05-23,19.524163
2007-05-24,19.368718
2007-05-25,19.435243
2007-05-29,19.235738
2007-05-30,19.390491
2007-05-31,19.405623
2007-06-01,19.511686
2007-06-04,19.624127
2007-06-05,19.479476
2007-06-06,19.241795
2007-06-07,18.858249
2007-06-08,19.059192
2007-06-11,19.015541
2007-06-12,18.806819
2007-06-13,19.034488
2007-06-14,19.158064
2007-06-15,19.225002
2007-06-18,19.223036
2007-06-19,19.25814
2007-06-20,19.211152
2007-06-21,19.203377
2007-06-22,19.038404
2007-06-25,19.007345
2007-06-26,18.895998
2007-06-27,19.118925
2007-06-28,19.121293
2007-06-29,19.089365
2007-07-02,19.243618
2007-07-03,19.262278
2007-07-05,19.42268
2007-07-06,19.599227
2007-07-09,19.531906
2007-07-10,19.206048
2007-07-11,19.384845
2007-07-12,19.672765
2007-07-13,19.752587
2007-07-16,19.647297
2007-07-17,19.663788
2007-07-18,19.674308
2007-07-19,19.870959
2007-07-20,19.596956
2007-07-23,19.789432
2007-07-24,19.351701
2007-07-25,19.214265
2007-07-26,18.323122
2007-07-27,17.902247
2007-07-30,18.103048
2007-07-31,17.780243
2007-08-01,17.61744
2007-08-02,17.882134
2007-08-03,17.240734
2007-08-06,17.541549
2007-08-07,17.623956
2007-08-08,17.773345
2007-08-09,17.33007
2007-08-10,17.380154
2007-08-13,17.404584
2007-08-14,16.803179
2007-08-15,16.571251
2007-08-16,16.502194
2007-08-17,16.783218
2007-08-20,16.780595
2007-08-21,16.856154
2007-08-22,17.097855
2007-08-23,17.027098
2007-08-24,17.259669
2007-08-27,17.1249
2007-08-28,16.689057
2007-08-29,17.168976
2007-08-30,17.072217
2007-08-31,17.369488
2007-09-04,17.38305
2007-09-05,17.201343
2007-09-06,17.246205
2007-09-07,16.884364
2007-09-10,16.771598
2007-09-11,16.999379
2007-09-12,16.946466
2007-09-13,17.197712
2007-09-14,17.267278
2007-09-17,17.140926
2007-09-18,17.708393
2007-09-19,17.761557
2007-09-20,17.459632
2007-09-21,17.475575
2007-09-24,17.360037
2007-09-25,17.170065
2007-09-26,17.344914
2007-09-27,17.347271
2007-09-28,17.375225
2007-10-01,17.608571
2007-10-02,17.736043
2007-10-03,17.798442
2007-10-04,17.747034
2007-10-05,18.2525
2007-10-08,18.190403
2007-10-09,18.209584
2007-10-10,18.207325
2007-10-11,18.092939
2007-10-12,18.413395
2007-10-15,18.173394
2007-10-16,18.118725
2007-10-17,18.081112
2007-10-18,17.994245
2007-10-19,17.550274
2007-10-22,17.750221
2007-10-23,17.649934
2007-10-24,17.570092
2007-10-25,17.242113
2007-10-26,17.459292
2007-10-29,17.532499
2007-10-30,17.514925
2007-10-31,17.634116
2007-11-01,17.165341
2007-11-02,17.245423
2007-11-05,17.092313
2007-11-06,17.326144
2007-11-07,16.677641
2007-11-08,16.633151
2007-11-09,16.237061
2007-11-12,16.212417
2007-11-13,16.702363
2007-11-14,16.396613
2007-11-15,16.27847
2007-11-16,16.38553
2007-11-19,16.045146
2007-11-20,16.017984
2007-11-21,15.926217
2007-11-23,16.226663
2007-11-26,15.842615
2007-11-27,16.10027
2007-11-28,16.63216
2007-11-29,16.582466
2007-11-30,16.808342
2007-12-03,16.778549
2007-12-04,16.809804
2007-12-05,16.803239
2007-12-06,17.001326
2007-12-07,17.061226
2007-12-10,17.137223
2007-12-11,16.639698
2007-12-12,16.650284
2007-12-13,16.597764
2007-12-14,16.392781
2007-12-17,16.236526
2007-12-18,16.358395
2007-12-19,16.205226
2007-12-20,16.240295
2007-12-21,16.50281
2007-12-24,16.684014
2007-12-26,16.614186
2007-12-27,16.405647
2007-12-28,16.398849
2007-12-31,16.377371
2008-01-02,16.028954
2008-01-03,15.853241
2008-01-04,15.375368
2008-01-07,15.463765
2008-01-08,15.156929
2008-01-09,15.337579
2008-01-10,15.577503
2008-01-11,15.191415
2008-01-14,15.328538
2008-01-15,15.031611
2008-01-16,15.254965
2008-01-17,14.987253
2008-01-18,14.999002
2008-01-22,15.29731
2008-01-23,15.872464
2008-01-24,15.771079
2008-01-25,15.504656
2008-01-28,15.810824
2008-01-29,15.934592
2008-01-30,15.770056
2008-01-31,16.337921
2008-02-01,16.622473
2008-02-04,16.193458
2008-02-05,15.737249
2008-02-06,15.747049
2008-02-07,16.043653
2008-02-08,15.933488
2008-02-11,16.143353
2008-02-12,16.011169
2008-02-13,16.38521
2008-02-14,16.1429
2008-02-15,16.22647
2008-02-19,16.18263
2008-02-20,16.342462
2008-02-21,16.060861
2008-02-22,16.275372
2008-02-25,16.605727
2008-02-26,16.918707
2008-02-27,16.93817
2008-02-28,16.534577
2008-02-29,16.037128
2008-03-03,16.098563
2008-03-04,16.113893
2008-03-05,16.102617
2008-03-06,15.681514
2008-03-07,15.535781
2008-03-10,15.29094
2008-03-11,15.756297
2008-03-12,15.686408
2008-03-13,15.753073
2008-03-14,15.46066
2008-03-17,15.248501
2008-03-18,15.911382
2008-03-19,15.705875
2008-03-20,16.192229
2008-03-24,16.743729
2008-03-25,16.714883
2008-03-26,16.348538
2008-03-27,16.069604
2008-03-28,15.779555
2008-03-31,15.955679
2008-04-01,16.6754
2008-04-02,16.7398
2008-04-03,16.687432
2008-04-04,16.643926
2008-04-07,16.591042
2008-04-08,16.42681
2008-04-09,16.179407
2008-04-10,16.370287
2008-04-11,16.059348
2008-04-14,16.032015
2008-04-15,16.145915
2008-04-16,16.430638
2008-04-17,16.492905
2008-04-18,16.911438
2008-04-21,16.991906
2008-04-22,16.660373
2008-04-23,16.628895
2008-04-24,17.125097
2008-04-25,17.165643
2008-04-28,17.021492
2008-04-29,17.036768
2008-04-30,16.755144
2008-05-01,17.209548
2008-05-02,17.27
2008-05-05,17.0648
2008-05-06,17.131773
2008-05-07,16.772778
2008-05-08,16.686429
2008-05-09,16.599811
2008-05-12,16.946601
2008-05-13,17.000078
2008-05-14,17.195099
2008-05-15,17.381082
2008-05-16,17.223161
2008-05-19,17.190718
2008-05-20,16.88344
2008-05-21,16.555213
2008-05-22,16.582178
2008-05-23,16.545031
2008-05-27,16.799256
2008-05-28,16.875578
2008-05-29,17.125917
2008-05-30,17.145596
2008-06-02,16.969413
2008-06-03,16.945359
2008-06-04,17.140828
2008-06-05,17.3845
2008-06-06,16.683423
2008-06-09,16.659172
2008-06-10,16.735384
2008-06-11,16.361903
2008-06-12,16.510927
2008-06-13,16.945316
2008-06-16,16.929025
2008-06-17,16.700943
2008-06-18,16.485359
2008-06-19,16.71001
2008-06-20,16.324282
2008-06-23,16.289775
2008-06-24,16.347321
2008-06-25,16.602186
2008-06-26,16.064674
2008-06-27,15.972194
2008-06-30,15.890705
2008-07-01,15.920684
2008-07-02,15.644034
2008-07-03,15.867204
2008-07-07,15.895955
2008-07-08,16.291614
2008-07-09,15.879325
2008-07-10,15.595333
2008-07-11,15.418411
2008-07-14,15.367353
2008-07-15,15.554207
2008-07-16,16.105255
2008-07-17,16.515638
2008-07-18,16.501714
2008-07-21,16.339579
2008-07-22,16.689368
2008-07-23,16.931441
2008-07-24,16.432174
2008-07-25,16.591931
2008-07-28,16.152028
2008-07-29,16.653046
2008-07-30,16.671214
2008-07-31,16.633353
2008-08-01,16.231345
2008-08-04,17.140526
2008-08-05,17.827106
2008-08-06,17.795014
2008-08-07,17.418805
2008-08-08,18.358055
2008-08-11,18.822184
2008-08-12,18.566381
2008-08-13,18.273535
2008-08-14,18.628842
2008-08-15,18.860917
2008-08-18,18.524092
2008-08-19,18.074546
2008-08-20,18.022687
2008-08-21,18.118006
2008-08-22,18.660726
2008-08-25,18.08559
2008-08-26,18.145076
2008-08-27,18.231259
2008-08-28,18.641648
2008-08-29,18.456069
2008-09-02,18.805618
2008-09-03,18.935051
2008-09-04,18.265705
2008-09-05,18.310668
2008-09-08,19.052791
2008-09-09,18.578415
2008-09-10,18.591982
2008-09-11,18.841609
2008-09-12,18.757938
2008-09-15,18.241185
2008-09-16,18.328529
2008-09-17,17.440655
2008-09-18,18.148085
2008-09-19,18.469044
2008-09-22,17.607316
2008-09-23,17.307289
2008-09-24,17.254212
2008-09-25,17.572353
2008-09-26,17.66795
2008-09-29,16.401325
2008-09-30,17.030645
2008-10-01,16.913807
2008-10-02,16.227521
2008-10-03,15.801286
2008-10-06,15.291136
2008-10-07,14.491824
2008-10-08,14.352646
2008-10-09,13.393422
2008-10-10,13.266855
2008-10-13,14.93405
2008-10-14,14.625695
2008-10-15,13.326215
2008-10-16,13.961568
2008-10-17,14.130576
2008-10-20,14.670332
2008-10-21,14.306534
2008-10-22,13.432423
2008-10-23,13.434189
2008-10-24,12.977515
2008-10-27,12.708344
2008-10-28,14.375209
2008-10-29,14.554908
2008-10-30,15.149943
2008-10-31,15.662508
2008-11-03,15.41488
2008-11-04,16.258663
2008-11-05,15.533522
2008-11-06,14.529585
2008-11-07,15.292487
2008-11-10,15.516545
2008-11-11,15.275767
2008-11-12,14.154787
2008-11-13,16.160312
2008-11-14,15.652287
2008-11-17,15.98963
2008-11-18,16.159206
2008-11-19,15.10275
2008-11-20,15.113291
2008-11-21,16.187234
2008-11-24,17.523025
2008-11-25,17.639501
2008-11-26,19.643483
2008-11-28,19.84908
2008-12-01,18.128783
2008-12-02,18.919531
2008-12-03,19.48086
2008-12-04,19.653973
2008-12-05,20.44464
2008-12-08,21.173745
2008-12-09,20.558064
2008-12-10,21.074271
2008-12-11,20.259745
2008-12-12,20.384308
2008-12-15,20.210462
2008-12-16,21.419619
2008-12-17,21.604118
2008-12-18,19.836432
2008-12-19,19.903654
2008-12-22,19.778944
2008-12-23,19.565104
2008-12-24,19.701928
2008-12-26,19.863425
2008-12-29,19.631676
2008-12-30,20.26141
2008-12-31,20.592192
2009-01-02,21.633411
2009-01-05,21.828278
2009-01-06,22.252295
2009-01-07,21.513242
2009-01-08,21.767824
2009-01-09,21.396649
2009-01-12,21.031071
2009-01-13,20.767479
2009-01-14,20.046529
2009-01-15,20.522828
2009-01-16,22.801268
2009-01-20,21.349564
2009-01-21,22.173957
2009-01-22,20.016726
2009-01-23,20.318091
2009-01-26,20.604177
2009-01-27,20.993786
2009-01-28,21.948269
2009-01-29,20.424225
2009-01-30,20.620343
2009-02-02,21.436279
2009-02-03,21.784868
2009-02-04,21.538354
2009-02-05,22.31876
2009-02-06,23.421948
2009-02-09,23.325123
2009-02-10,22.29938
2009-02-11,22.56751
2009-02-12,22.72874
2009-02-13,22.409973
2009-02-17,21.54277
2009-02-18,21.059668
2009-02-19,21.013914
2009-02-20,21.128545
2009-02-23,20.72643
2009-02-24,21.803999
2009-02-25,21.807448
2009-02-26,23.453271
2009-02-27,27.667423
2009-03-02,28.627682
2009-03-03,28.404344
2009-03-04,29.522271
2009-03-05,28.688495
2009-03-06,28.616877
2009-03-09,28.764906
2009-03-10,32.032071
2009-03-11,32.466886
2009-03-12,34.179483
2009-03-13,34.517052
2009-03-16,33.941851
2009-03-17,35.505591
2009-03-18,36.658548
2009-03-19,36.44822
2009-03-20,35.96803
2009-03-23,37.544471
2009-03-24,35.89114
2009-03-25,37.604252
2009-03-26,38.791397
2009-03-27,37.950498
2009-03-30,35.091369
2009-03-31,35.969184
2009-04-01,36.630601
2009-04-02,38.722528
2009-04-03,39.227516
2009-04-06,38.730307
2009-04-07,37.003288
2009-04-08,37.959721
2009-04-09,42.832008
2009-04-13,42.622694
2009-04-14,41.626697
2009-04-15,42.019571
2009-04-16,43.592043
2009-04-17,44.207468
2009-04-20,42.089899
2009-04-21,42.506717
2009-04-22,41.338032
2009-04-23,41.593462
2009-04-24,38.339532
2009-04-27,36.225017
2009-04-28,35.559735
2009-04-29,35.445141
2009-04-30,34.488432
2009-05-01,34.390154
2009-05-04,35.555082
2009-05-05,35.021276
2009-05-06,34.806048
2009-05-07,28.609244
2009-05-08,30.969103
2009-05-11,30.020816
2009-05-12,29.278666
2009-05-13,28.320074
2009-05-14,29.131962
2009-05-15,28.855046
2009-05-18,29.647697
2009-05-19,29.475009
2009-05-20,29.259031
2009-05-21,28.508879
2009-05-22,28.44232
2009-05-26,29.652022
2009-05-27,28.778252
2009-05-28,28.66484
2009-05-29,29.069482
2009-06-01,30.904617
2009-06-02,18.703852
2009-06-03,18.531772
2009-06-04,18.502551
2009-06-05,18.445253
2009-06-08,18.48021
2009-06-09,18.613219
2009-06-10,18.409041
2009-06-11,18.219974
2009-06-12,18.253589
2009-06-15,17.868583
2009-06-16,17.442264
2009-06-17,17.614456
2009-06-18,17.538279
2009-06-19,17.707534
2009-06-22,17.283219
2009-06-23,17.155754
2009-06-24,17.241022
2009-06-25,17.711062
2009-06-26,17.622058
2009-06-29,17.786296
2009-06-30,17.696932
2009-07-01,17.77368
2009-07-02,17.03989
2009-07-06,17.011094
2009-07-07,16.567252
2009-07-08,16.72436
2009-07-09,16.847845
2009-07-10,16.770796
2009-07-13,17.101831
2009-07-14,17.350877
2009-07-15,17.847293
2009-07-16,17.915288
2009-07-17,17.843062
2009-07-20,18.157179
2009-07-21,18.054433
2009-07-22,18.102515
2009-07-23,17.349541
2009-07-24,17.133235
2009-07-27,17.124995
2009-07-28,17.116788
2009-07-29,17.040004
2009-07-30,17.078804
2009-07-31,17.079913
2009-08-03,17.342424
2009-08-04,17.371988
2009-08-05,17.314517
2009-08-06,17.135441
2009-08-07,17.665582
2009-08-10,17.434086
2009-08-11,17.259083
2009-08-12,17.404086
2009-08-13,17.413822
2009-08-14,16.991994
2009-08-17,16.417901
2009-08-18,16.570223
2009-08-19,16.587794
2009-08-20,16.712422
2009-08-21,17.061062
2009-08-24,16.902514
2009-08-25,17.094513
2009-08-26,17.168347
2009-08-27,17.185048
2009-08-28,17.158184
2009-08-31,16.875498
2009-09-01,16.519956
2009-09-02,16.418927
2009-09-03,16.62947
2009-09-04,16.873332
2009-09-08,17.040987
2009-09-09,17.229367
2009-09-10,17.46473
2009-09-11,17.384865
2009-09-14,17.455579
2009-09-15,17.510086
2009-09-16,17.845599
2009-09-17,17.769817
2009-09-18,17.905471
2009-09-21,17.776004
2009-09-22,17.799912
2009-09-23,17.544772
2009-09-24,17.365533
2009-09-25,17.191525
2009-09-28,17.530476
2009-09-29,17.727921
2009-09-30,17.629203
2009-10-01,17.201723
2009-10-02,16.975098
2009-10-05,17.25547
2009-10-06,17.497564
2009-10-07,17.579445
2009-10-08,17.732185
2009-10-09,17.693428
2009-10-12,17.701611
2009-10-13,17.758549
2009-10-14,17.998286
2009-10-15,18.006382
2009-10-16,17.907061
2009-10-19,18.04344
2009-10-20,17.798038
2009-10-21,17.563818
2009-10-22,17.73805
2009-10-23,17.528678
2009-10-26,17.291076
2009-10-27,16.982612
2009-10-28,16.534662
2009-10-29,16.948414
2009-10-30,16.453564
2009-11-02,16.356918
2009-11-03,16.105472
2009-11-04,15.845914
2009-11-05,16.074923
2009-11-06,16.199441
2009-11-09,16.531838
2009-11-10,16.515921
2009-11-11,16.555487
2009-11-12,16.368253
2009-11-13,16.601119
2009-11-16,16.832081
2009-11-17,16.621893
2009-11-18,16.55588
2009-11-19,16.366121
2009-11-20,16.253005
2009-11-23,16.374319
2009-11-24,16.314601
2009-11-25,16.511569
2009-11-27,16.262855
2009-11-30,16.203308
2009-12-01,16.388953
2009-12-02,16.404058
2009-12-03,16.286917
2009-12-04,16.419718
2009-12-07,16.492849
2009-12-08,16.360795
2009-12-09,16.338915
2009-12-10,16.484456
2009-12-11,16.670175
2009-12-14,16.842902
2009-12-15,16.77009
2009-12-16,16.810642
2009-12-17,16.599369
2009-12-18,16.673469
2009-12-21,16.780598
2009-12-22,16.749454
2009-12-23,16.809679
2009-12-24,16.837945
2009-12-28,16.827072
2009-12-29,16.859504
2009-12-30,16.789114
2009-12-31,16.628744
2010-01-04,16.727691
2010-01-05,16.785238
2010-01-06,16.736506
2010-01-07,16.794834
2010-01-08,16.781079
2010-01-11,16.737354
2010-01-12,16.510607
2010-01-13,16.67345
2010-01-14,16.665484
2010-01-15,16.515042
2010-01-19,16.706242
2010-01-20,16.480215
2010-01-21,16.240224
2010-01-22,15.850417
2010-01-25,15.876484
2010-01-26,15.867803
2010-01-27,15.901388
2010-01-28,15.911821
2010-01-29,15.587075
2010-02-01,15.755206
2010-02-02,16.07662
2010-02-03,15.842841
2010-02-04,15.331727
2010-02-05,15.236068
2010-02-08,15.188301
2010-02-09,15.254044
2010-02-10,15.156602
2010-02-11,15.308065
2010-02-12,15.299357
2010-02-16,15.532892
2010-02-17,15.657465
2010-02-18,15.636042
2010-02-19,15.68694
2010-02-22,15.634631
2010-02-23,15.477994
2010-02-24,15.652734
2010-02-25,15.624222
2010-02-26,15.63602
2010-03-01,15.907134
2010-03-02,15.841865
2010-03-03,15.845843
2010-03-04,15.992793
2010-03-05,16.236608
2010-03-08,16.281288
2010-03-09,16.26596
2010-03-10,16.312617
2010-03-11,16.412145
2010-03-12,16.451818
2010-03-15,16.462492
2010-03-16,16.561216
2010-03-17,16.632108
2010-03-18,16.601042
2010-03-19,16.466345
2010-03-22,16.685331
2010-03-23,16.720705
2010-03-24,16.626347
2010-03-25,16.70145
2010-03-26,16.804311
2010-03-29,16.788283
2010-03-30,16.785652
2010-03-31,16.645445
2010-04-01,16.76073
2010-04-05,16.961853
2010-04-06,16.846155
2010-04-07,16.825594
2010-04-08,16.94157
2010-04-09,17.039983
2010-04-12,17.027892
2010-04-13,17.121544
2010-04-14,17.353701
2010-04-15,17.414015
2010-04-16,17.151418
2010-04-19,17.187916
2010-04-20,17.32526
2010-04-21,17.367642
2010-04-22,17.577511
2010-04-23,17.629347
2010-04-26,17.664115
2010-04-27,16.925578
2010-04-28,16.665282
2010-04-29,16.939874
2010-04-30,16.513497
2010-05-03,16.843157
2010-05-04,16.337591
2010-05-05,16.062793
2010-05-06,15.423802
2010-05-07,15.109441
2010-05-10,15.868306
2010-05-11,15.84412
2010-05-12,16.041248
2010-05-13,15.67645
2010-05-14,15.40503
2010-05-17,15.497632
2010-05-18,15.20552
2010-05-19,15.025793
2010-05-20,14.430871
2010-05-21,14.685804
2010-05-24,14.566391
2010-05-25,14.688459
2010-05-26,14.642297
2010-05-27,15.151105
2010-05-28,14.945297
2010-06-01,14.698729
2010-06-02,15.053655
2010-06-03,15.106238
2010-06-04,14.529967
2010-06-07,14.26769
2010-06-08,14.386929
2010-06-09,14.389565
2010-06-10,14.864613
2010-06-11,14.89246
2010-06-14,14.912379
2010-06-15,15.267286
2010-06-16,15.184562
2010-06-17,15.085533
2010-06-18,15.043936
2010-06-21,14.939577
2010-06-22,14.59382
2010-06-23,14.593662
2010-06-24,14.23405
2010-06-25,14.244277
2010-06-28,14.169784
2010-06-29,13.642588
2010-06-30,13.461102
2010-07-01,13.576147
2010-07-02,13.417061
2010-07-06,13.413721
2010-07-07,13.797798
2010-07-08,13.901801
2010-07-09,14.037469
2010-07-12,14.044046
2010-07-13,14.391474
2010-07-14,14.320936
2010-07-15,14.364252
2010-07-16,13.852568
2010-07-19,13.98982
2010-07-20,14.160117
2010-07-21,13.856134
2010-07-22,14.253913
2010-07-23,14.374996
2010-07-26,14.335429
2010-07-27,14.165074
2010-07-28,14.057361
2010-07-29,13.943297
2010-07-30,14.020079
2010-08-02,14.323328
2010-08-03,14.099108
2010-08-04,14.24612
2010-08-05,14.23645
2010-08-06,14.16943
2010-08-09,14.28415
2010-08-10,14.128059
2010-08-11,13.737917
2010-08-12,13.681109
2010-08-13,13.538945
2010-08-16,13.523446
2010-08-17,13.680861
2010-08-18,13.769791
2010-08-19,13.512564
2010-08-20,13.499486
2010-08-23,13.384561
2010-08-24,13.150472
2010-08-25,13.275819
2010-08-26,13.158653
2010-08-27,13.357053
2010-08-30,13.121253
2010-08-31,13.132924
2010-09-01,13.580306
2010-09-02,13.834606
2010-09-03,14.049399
2010-09-07,13.835617
2010-09-08,13.937047
2010-09-09,13.94933
2010-09-10,14.080323
2010-09-13,14.249095
2010-09-14,14.25691
2010-09-15,14.287197
2010-09-16,14.280599
2010-09-17,14.323481
2010-09-20,14.682348
2010-09-21,14.566881
2010-09-22,14.474639
2010-09-23,14.373889
2010-09-24,14.686092
2010-09-27,14.592923
2010-09-28,14.699966
2010-09-29,14.600367
2010-09-30,14.548727
2010-10-01,14.566948
2010-10-04,14.468412
2010-10-05,14.774526
2010-10-06,14.694642
2010-10-07,14.780592
2010-10-08,14.869089
2010-10-11,14.886232
2010-10-12,14.907651
2010-10-13,14.930426
2010-10-14,14.924563
2010-10-15,15.024464
2010-10-18,14.958017
2010-10-19,14.719136
2010-10-20,14.88201
2010-10-21,14.914552
2010-10-22,15.005397
2010-10-25,15.075102
2010-10-26,15.004014
2010-10-27,14.81633
2010-10-28,14.834827
2010-10-29,14.830791
2010-11-01,14.792037
2010-11-02,14.936003
2010-11-03,14.948892
2010-11-04,15.127243
2010-11-05,15.166791
2010-11-08,15.130958
2010-11-09,14.983217
2010-11-10,15.08693
2010-11-11,15.000762
2010-11-12,14.845694
2010-11-15,14.779031
2010-11-16,14.538338
2010-11-17,14.623974
2010-11-18,14.731077
2010-11-19,14.798776
2010-11-22,14.85339
2010-11-23,14.63719
2010-11-24,14.924162
2010-11-26,14.848676
2010-11-29,14.778009
2010-11-30,14.742586
2010-12-01,15.043395
2010-12-02,15.244121
2010-12-03,15.261733
2010-12-06,15.260274
2010-12-07,15.249351
2010-12-08,15.232076
2010-12-09,15.15638
2010-12-10,15.20788
2010-12-13,15.113478
2010-12-14,15.115514
2010-12-15,15.073152
2010-12-16,15.189218
2010-12-17,15.204478
2010-12-20,15.371758
2010-12-21,15.423874
2010-12-22,15.432403
2010-12-23,15.361357
2010-12-27,15.316216
2010-12-28,15.283848
2010-12-29,15.321102
2010-12-30,15.311052
2010-12-31,15.274015
2011-01-03,15.422176
2011-01-04,15.369215
2011-01-05,15.48692
2011-01-06,15.372603
2011-01-07,15.366724
2011-01-10,15.340643
2011-01-11,15.322866
2011-01-12,15.353856
2011-01-13,15.328237
2011-01-14,15.427074
2011-01-18,15.420516
2011-01-19,15.27146
2011-01-20,15.277337
2011-01-21,15.289884
2011-01-24,15.369133
2011-01-25,15.314088
2011-01-26,15.323809
2011-01-27,15.37307
2011-01-28,15.044693
2011-01-31,15.199206
2011-02-01,15.37816
2011-02-02,15.236491
2011-02-03,15.354634
2011-02-04,15.424118
2011-02-07,15.520013
2011-02-08,15.655998
2011-02-09,15.697559
2011-02-10,15.714828
2011-02-11,15.831469
2011-02-14,15.763712
2011-02-15,15.774221
2011-02-16,15.857497
2011-02-17,15.847672
2011-02-18,15.907143
2011-02-22,15.439536
2011-02-23,15.131277
2011-02-24,15.190384
2011-02-25,15.33555
2011-02-28,15.427888
2011-03-01,15.152877
2011-03-02,15.199791
2011-03-03,15.452024
2011-03-04,15.34781
2011-03-07,15.193504
2011-03-08,15.289819
2011-03-09,15.311086
2011-03-10,15.157343
2011-03-11,15.244618
2011-03-14,15.078272
2011-03-15,14.95482
2011-03-16,14.703092
2011-03-17,14.759985
2011-03-18,14.776494
2011-03-21,14.991395
2011-03-22,14.880814
2011-03-23,15.008544
2011-03-24,15.213067
2011-03-25,15.249131
2011-03-28,15.087532
2011-03-29,15.26226
2011-03-30,15.427949
2011-03-31,15.337768
2011-04-01,15.452844
2011-04-04,15.471544
2011-04-05,15.558508
2011-04-06,15.527129
2011-04-07,15.461339
2011-04-08,15.376346
2011-04-11,15.36751
2011-04-12,15.365927
2011-04-13,15.415637
2011-04-14,15.386046
2011-04-15,15.46755
2011-04-18,15.318686
2011-04-19,15.340291
2011-04-20,15.588789
2011-04-21,15.668813
2011-04-25,15.61871
2011-04-26,15.572377
2011-04-27,15.765158
2011-04-28,15.837056
2011-04-29,15.767575
2011-05-02,15.811307
2011-05-03,15.705691
2011-05-04,15.557654
2011-05-05,15.427046
2011-05-06,15.419714
2011-05-09,15.443202
2011-05-10,15.595814
2011-05-11,15.467378
2011-05-12,15.589661
2011-05-13,15.483316
2011-05-16,15.229089
2011-05-17,15.208492
2011-05-18,15.386705
2011-05-19,15.434499
2011-05-20,15.319002
2011-05-23,15.170208
2011-05-24,15.082281
2011-05-25,15.080984
2011-05-26,15.200341
2011-05-27,15.242674
2011-05-31,15.340088
2011-06-01,15.00982
2011-06-02,14.976115
2011-06-03,14.76806
2011-06-06,14.627944
2011-06-07,14.646206
2011-06-08,14.522928
2011-06-09,14.633029
2011-06-10,14.363224
2011-06-13,14.347994
2011-06-14,14.607911
2011-06-15,14.388877
2011-06-16,14.360439
2011-06-17,14.469115
2011-06-20,14.638109
2011-06-21,14.924119
2011-06-22,14.789047
2011-06-23,14.827724
2011-06-24,14.682499
2011-06-27,14.867876
2011-06-28,15.137686
2011-06-29,15.198539
2011-06-30,15.34317
2011-07-01,15.630153
2011-07-05,15.698363
2011-07-06,15.652816
2011-07-07,15.861473
2011-07-08,15.763969
2011-07-11,15.456132
2011-07-12,15.391488
2011-07-13,15.466639
2011-07-14,15.354547
2011-07-15,15.359969
2011-07-18,15.199178
2011-07-19,15.455689
2011-07-20,15.328147
2011-07-21,15.506124
2011-07-22,15.532924
2011-07-25,15.422848
2011-07-26,15.38688
2011-07-27,15.103533
2011-07-28,14.939105
2011-07-29,14.870269
2011-08-01,14.796544
2011-08-02,14.240974
2011-08-03,14.27401
2011-08-04,13.510951
2011-08-05,13.493359
2011-08-08,12.59684
2011-08-09,13.15624
2011-08-10,12.594565
2011-08-11,13.117629
2011-08-12,13.283545
2011-08-15,13.457593
2011-08-16,13.370207
2011-08-17,13.315301
2011-08-18,12.667869
2011-08-19,12.492338
2011-08-22,12.533044
2011-08-23,13.020247
2011-08-24,13.233446
2011-08-25,12.973604
2011-08-26,13.244082
2011-08-29,13.62584
2011-08-30,13.680537
2011-08-31,13.760772
2011-09-01,13.575491
2011-09-02,13.219898
2011-09-06,13.18386
2011-09-07,13.528921
2011-09-08,13.344329
2011-09-09,12.98741
2011-09-12,13.141706
2011-09-13,13.296503
2011-09-14,13.517551
2011-09-15,13.753947
2011-09-16,13.89397
2011-09-19,13.927075
2011-09-20,13.85023
2011-09-21,13.43019
2011-09-22,12.975475
2011-09-23,13.185905
2011-09-26,13.474656
2011-09-27,13.57898
2011-09-28,13.353127
2011-09-29,13.238456
2011-09-30,12.869821
2011-10-03,12.502847
2011-10-04,12.859905
2011-10-05,13.102564
2011-10-06,13.399448
2011-10-07,13.389069
2011-10-10,13.862886
2011-10-11,13.908806
2011-10-12,14.058232
2011-10-13,14.045162
2011-10-14,14.284693
2011-10-17,14.004659
2011-10-18,14.234944
2011-10-19,14.044384
2011-10-20,14.113255
2011-10-21,14.480713
2011-10-24,14.659966
2011-10-25,14.341685
2011-10-26,14.436833
2011-10-27,14.81647
2011-10-28,14.757296
2011-10-31,14.553807
2011-11-01,14.219581
2011-11-02,14.281222
2011-11-03,14.413359
2011-11-04,14.369921
2011-11-07,14.413323
2011-11-08,14.567001
2011-11-09,14.028929
2011-11-10,14.081849
2011-11-11,14.4456
2011-11-14,14.326158
2011-11-15,14.34704
2011-11-16,14.048556
2011-11-17,13.814881
2011-11-18,13.810728
2011-11-21,13.597773
2011-11-22,13.586518
2011-11-23,13.298351
2011-11-25,13.239204
2011-11-28,13.628035
2011-11-29,13.642801
2011-11-30,14.079075
2011-12-01,14.078584
2011-12-02,14.180327
2011-12-05,14.301798
2011-12-06,14.270956
2011-12-07,14.338193
2011-12-08,14.050877
2011-12-09,14.277512
2011-12-12,14.23445
2011-12-13,13.949921
2011-12-14,13.794678
2011-12-15,13.830155
2011-12-16,13.843312
2011-12-19,13.72475
2011-12-20,14.103741
2011-12-21,14.119373
2011-12-22,14.158164
2011-12-23,14.317384
2011-12-27,14.34732
2011-12-28,14.190992
2011-12-29,14.341587
2011-12-30,14.266795
2012-01-03,14.409982
2012-01-04,14.527801
2012-01-05,14.65989
2012-01-06,14.706508
2012-01-09,14.716136
2012-01-10,14.812435
2012-01-11,14.818318
2012-01-12,14.862644
2012-01-13,14.811179
2012-01-17,14.909782
2012-01-18,15.159664
2012-01-19,15.283161
2012-01-20,15.18341
2012-01-23,15.159449
2012-01-24,15.1642
2012-01-25,15.290345
2012-01-26,15.258472
2012-01-27,15.198069
2012-01-30,15.128975
2012-01-31,15.115373
2012-02-01,15.154738
2012-02-02,15.090089
2012-02-03,15.390702
2012-02-06,15.368258
2012-02-07,15.396307
2012-02-08,15.360986
2012-02-09,15.389416
2012-02-10,15.314754
2012-02-13,15.437763
2012-02-14,15.404757
2012-02-15,15.276444
2012-02-16,15.298464
2012-02-17,15.431325
2012-02-21,15.324722
2012-02-22,15.220809
2012-02-23,15.298072
2012-02-24,15.276001
2012-02-27,15.310992
2012-02-28,15.385989
2012-02-29,15.354965
2012-03-01,15.465899
2012-03-02,15.440307
2012-03-05,15.428921
2012-03-06,15.198506
2012-03-07,15.347559
2012-03-08,15.508902
2012-03-09,15.605848
2012-03-12,15.578318
2012-03-13,15.816475
2012-03-14,15.80813
2012-03-15,15.857104
2012-03-16,15.798173
2012-03-19,15.899345
2012-03-20,15.931569
2012-03-21,15.94962
2012-03-22,15.893493
2012-03-23,15.915566
2012-03-26,16.17757
2012-03-27,16.139284
2012-03-28,15.998417
2012-03-29,15.993237
2012-03-30,16.052624
2012-04-02,16.091748
2012-04-03,16.079132
2012-04-04,15.921006
2012-04-05,16.020402
2012-04-09,15.860191
2012-04-10,15.471775
2012-04-11,15.676834
2012-04-12,15.889655
2012-04-13,15.845567
2012-04-16,15.781945
2012-04-17,15.953738
2012-04-18,15.96587
2012-04-19,15.819709
2012-04-20,15.793402
2012-04-23,15.612531
2012-04-24,15.557946
2012-04-25,15.803449
2012-04-26,15.915026
2012-04-27,16.039224
2012-04-30,15.959485
2012-05-01,16.031609
2012-05-02,16.032719
2012-05-03,15.888073
2012-05-04,15.575319
2012-05-07,15.562998
2012-05-08,15.272064
2012-05-09,15.142054
2012-05-10,15.206255
2012-05-11,15.185728
2012-05-14,14.964692
2012-05-15,14.887936
2012-05-16,14.850323
2012-05-17,14.44257
2012-05-18,14.370574
2012-05-21,14.592777
2012-05-22,14.623551
2012-05-23,14.705975
2012-05-24,14.778267
2012-05-25,14.761454
2012-05-29,14.955097
2012-05-30,14.717185
2012-05-31,14.6713
2012-06-01,14.217117
2012-06-04,14.286353
2012-06-05,14.343415
2012-06-06,14.665385
2012-06-07,14.647755
2012-06-08,14.78739
2012-06-11,14.563357
2012-06-12,14.734518
2012-06-13,14.510512
2012-06-14,14.710748
2012-06-15,14.849366
2012-06-18,14.960607
2012-06-19,15.096134
2012-06-20,15.08563
2012-06-21,14.755048
2012-06-22,14.813952
2012-06-25,14.580169
2012-06-26,14.75607
2012-06-27,14.74125
2012-06-28,14.685404
2012-06-29,15.011297
2012-07-02,15.1199
2012-07-03,15.102819
2012-07-05,15.133751
2012-07-06,15.072381
2012-07-09,15.005493
2012-07-10,14.908801
2012-07-11,14.825515
2012-07-12,14.767729
2012-07-13,15.006937
2012-07-16,14.937627
2012-07-17,15.074053
2012-07-18,15.153518
2012-07-19,15.245194
2012-07-20,15.082971
2012-07-23,14.869873
2012-07-24,14.774523
2012-07-25,14.654435
2012-07-26,14.839694
2012-07-27,15.131881
2012-07-30,15.078538
2012-07-31,14.906193
2012-08-01,14.758931
2012-08-02,14.725779
2012-08-03,15.001527
2012-08-06,15.055796
2012-08-07,15.145415
2012-08-08,15.055324
2012-08-09,15.038335
2012-08-10,15.049359
2012-08-13,15.056918
2012-08-14,15.02585
2012-08-15,15.066096
2012-08-16,15.179736
2012-08-17,15.245663
2012-08-20,15.160235
2012-08-21,15.159309
2012-08-22,15.205277
2012-08-23,15.113367
2012-08-24,15.236873
2012-08-27,15.213735
2012-08-28,15.236422
2012-08-29,15.309416
2012-08-30,15.220308
2012-08-31,15.266419
2012-09-04,15.239623
2012-09-05,15.232202
2012-09-06,15.57608
2012-09-07,15.668748
2012-09-10,15.632566
2012-09-11,15.63513
2012-09-12,15.688201
2012-09-13,15.909571
2012-09-14,15.981783
2012-09-17,15.908786
2012-09-18,15.83441
2012-09-19,15.973008
2012-09-20,15.961184
2012-09-21,15.952448
2012-09-24,15.919711
2012-09-25,15.715626
2012-09-26,15.602741
2012-09-27,15.747364
2012-09-28,15.673457
2012-10-01,15.680893
2012-10-02,15.644581
2012-10-03,15.765514
2012-10-04,15.903123
2012-10-05,15.964449
2012-10-08,15.924836
2012-10-09,15.674173
2012-10-10,15.568508
2012-10-11,15.500003
2012-10-12,15.501814
2012-10-15,15.669199
2012-10-16,15.790708
2012-10-17,15.885618
2012-10-18,15.883039
2012-10-19,15.606989
2012-10-22,15.543982
2012-10-23,15.394374
2012-10-24,15.301969
2012-10-25,15.256097
2012-10-26,15.28336
2012-10-31,15.324538
2012-11-01,15.469234
2012-11-02,15.424445
2012-11-05,15.45768
2012-11-06,15.477486
2012-11-07,15.275218
2012-11-08,14.994553
2012-11-09,14.94673
2012-11-12,14.982929
2012-11-13,14.979452
2012-11-14,14.733347
2012-11-15,14.675065
2012-11-16,14.787614
2012-11-19,15.081134
2012-11-20,15.165232
2012-11-21,15.220264
2012-11-23,15.421261
2012-11-26,15.352475
2012-11-27,15.286398
2012-11-28,15.48236
2012-11-29,15.519798
2012-11-30,15.536361
2012-12-03,15.459839
2012-12-04,15.407022
2012-12-05,15.353854
2012-12-06,15.445906
2012-12-07,15.495127
2012-12-10,15.406105
2012-12-11,15.442576
2012-12-12,15.4648
2012-12-13,15.367298
2012-12-14,15.295435
2012-12-17,15.571218
2012-12-18,15.736877
2012-12-19,15.612282
2012-12-20,15.630832
2012-12-21,15.418295
2012-12-24,15.429802
2012-12-26,15.280008
2012-12-27,15.29551
2012-12-28,15.15956
2012-12-31,15.460175
2013-01-02,15.807489
2013-01-03,15.848403
2013-01-04,15.913352
2013-01-07,15.87037
2013-01-08,15.839596
2013-01-09,15.87553
2013-01-10,15.907524
2013-01-11,15.936486
2013-01-14,15.972857
2013-01-15,16.079328
2013-01-16,16.101253
2013-01-17,16.275012
2013-01-18,16.284676
2013-01-22,16.318662
2013-01-23,16.295277
2013-01-24,16.394969
2013-01-25,16.56851
2013-01-28,16.496658
2013-01-29,16.406335
2013-01-30,16.376413
2013-01-31,16.239981
2013-02-01,16.352293
2013-02-04,16.150374
2013-02-05,16.307132
2013-02-06,16.293276
2013-02-07,16.243573
2013-02-08,16.367569
2013-02-11,16.31862
2013-02-12,16.325585
2013-02-13,16.331544
2013-02-14,16.305612
2013-02-15,16.320172
2013-02-19,16.391009
2013-02-20,16.126502
2013-02-21,15.99141
2013-02-22,16.083648
2013-02-25,15.799126
2013-02-26,15.923142
2013-02-27,16.090384
2013-02-28,16.127287
2013-03-01,16.221398
2013-03-04,16.378929
2013-03-05,16.543819
2013-03-06,16.539382
2013-03-07,16.574591
2013-03-08,16.745249
2013-03-11,16.78855
2013-03-12,16.728094
2013-03-13,16.812351
2013-03-14,16.841377
2013-03-15,16.788092
2013-03-18,16.671259
2013-03-19,16.55191
2013-03-20,16.735688
2013-03-21,16.585607
2013-03-22,16.767
2013-03-25,16.724888
2013-03-26,16.816012
2013-03-27,16.820338
2013-03-28,16.88867
2013-04-01,16.76317
2013-04-02,16.905458
2013-04-03,16.73538
2013-04-04,16.833716
2013-04-05,16.765037
2013-04-08,16.928483
2013-04-09,16.905419
2013-04-10,17.097345
2013-04-11,17.260119
2013-04-12,17.332001
2013-04-15,16.90836
2013-04-16,17.170087
2013-04-17,17.010791
2013-04-18,16.807589
2013-04-19,16.998569
2013-04-22,17.081482
2013-04-23,17.198279
2013-04-24,17.131988
2013-04-25,17.236874
2013-04-26,17.142228
2013-04-29,17.190496
2013-04-30,17.218124
2013-05-01,17.014825
2013-05-02,17.162633
2013-05-03,17.378243
2013-05-06,17.431611
2013-05-07,17.487269
2013-05-08,17.468653
2013-05-09,17.484714
2013-05-10,17.63777
2013-05-13,17.631713
2013-05-14,17.8116
2013-05-15,17.905093
2013-05-16,17.690537
2013-05-17,17.867907
2013-05-20,17.8083
2013-05-21,17.846067
2013-05-22,17.61411
2013-05-23,17.552966
2013-05-24,17.521556
2013-05-28,17.676632
2013-05-29,17.496777
2013-05-30,17.472608
2013-05-31,17.286724
2013-06-03,17.379979
2013-06-04,17.29116
2013-06-05,17.014291
2013-06-06,17.185611
2013-06-07,17.306548
2013-06-10,17.251832
2013-06-11,17.086883
2013-06-12,16.897493
2013-06-13,17.197759
2013-06-14,17.156472
2013-06-17,17.248333
2013-06-18,17.42324
2013-06-19,17.230894
2013-06-20,16.776033
2013-06-21,16.829886
2013-06-24,16.677248
2013-06-25,16.810299
2013-06-26,17.023623
2013-06-27,17.178087
2013-06-28,17.254103
2013-07-01,17.413895
2013-07-02,17.432965
2013-07-03,17.521583
2013-07-05,17.701845
2013-07-08,17.85857
2013-07-09,17.931138
2013-07-10,17.920703
2013-07-11,18.177781
2013-07-12,18.274207
2013-07-15,18.212081
2013-07-16,18.098142
2013-07-17,18.118152
2013-07-18,18.192973
2013-07-19,18.154067
2013-07-22,18.120787
2013-07-23,18.100467
2013-07-24,17.995048
2013-07-25,17.855587
2013-07-26,17.954554
2013-07-29,17.860174
2013-07-30,17.805792
2013-07-31,17.828265
2013-08-01,18.074776
2013-08-02,18.184227
2013-08-05,18.132261
2013-08-06,17.955384
2013-08-07,17.831749
2013-08-08,17.918815
2013-08-09,17.861287
2013-08-12,17.848132
2013-08-13,17.845804
2013-08-14,17.665707
2013-08-15,17.351654
2013-08-16,17.288367
2013-08-19,17.224531
2013-08-20,17.333831
2013-08-21,17.115224
2013-08-22,17.355763
2013-08-23,17.359428
2013-08-26,17.321306
2013-08-27,17.044252
2013-08-28,17.161733
2013-08-29,17.237
2013-08-30,17.125676
2013-09-03,17.243508
2013-09-04,17.408039
2013-09-05,17.425087
2013-09-06,17.387866
2013-09-09,17.540589
2013-09-10,17.710816
2013-09-11,17.834229
2013-09-12,17.794648
2013-09-13,17.849495
2013-09-16,17.920707
2013-09-17,18.022632
2013-09-18,18.236838
2013-09-19,18.239885
2013-09-20,18.119167
2013-09-23,17.985572
2013-09-24,17.988286
2013-09-25,17.922107
2013-09-26,18.07373
2013-09-27,18.073677
2013-09-30,18.083266
2013-10-01,18.245877
2013-10-02,18.235253
2013-10-03,18.055677
2013-10-04,18.213092
2013-10-07,17.980189
2013-10-08,17.653406
2013-10-09,17.582151
2013-10-10,17.979829
2013-10-11,18.120813
2013-10-14,18.192134
2013-10-15,18.029416
2013-10-16,18.234937
2013-10-17,18.371203
2013-10-18,18.498575
2013-10-21,18.479437
2013-10-22,18.600429
2013-10-23,18.474766
2013-10-24,18.552965
2013-10-25,18.65235
2013-10-28,18.608403
2013-10-29,18.713208
2013-10-30,18.502098
2013-10-31,18.504938
2013-11-01,18.55677
2013-11-04,18.615312
2013-11-05,18.556988
2013-11-06,18.478739
2013-11-07,18.046388
2013-11-08,18.313583
2013-11-11,18.338788
2013-11-12,18.306332
2013-11-13,18.631643
2013-11-14,18.735837
2013-11-15,18.801362
2013-11-18,18.656057
2013-11-19,18.533135
2013-11-20,18.361718
2013-11-21,18.495703
2013-11-22,18.644672
2013-11-25,18.68377
2013-11-26,18.778547
2013-11-27,18.842853
2013-11-29,18.870295
2013-12-02,18.555997
2013-12-03,18.399875
2013-12-04,18.343619
2013-12-05,18.335386
2013-12-06,18.49887
2013-12-09,18.472629
2013-12-10,18.486829
2013-12-11,18.301714
2013-12-12,18.231737
2013-12-13,18.281089
2013-12-16,18.412172
2013-12-17,18.348499
2013-12-18,18.630039
2013-12-19,18.793405
2013-12-20,18.880963
2013-12-23,18.912418
2013-12-24,18.963155
2013-12-26,19.084994
2013-12-27,19.036141
2013-12-30,19.107662
2013-12-31,19.182137
2014-01-02,19.085933
2014-01-03,19.03823
2014-01-06,18.92087
2014-01-07,19.029278
2014-01-08,18.999592
2014-01-09,18.99097
2014-01-10,19.116679
2014-01-13,18.752013
2014-01-14,18.892079
2014-01-15,18.947761
2014-01-16,18.91986
2014-01-17,18.85389
2014-01-21,18.806568
2014-01-22,18.864316
2014-01-23,18.685567
2014-01-24,18.394017
2014-01-27,18.328289
2014-01-28,18.386198
2014-01-29,18.13048
2014-01-30,18.383514
2014-01-31,18.155547
2014-02-03,17.681592
2014-02-04,17.843829
2014-02-05,17.816093
2014-02-06,18.146125
2014-02-07,18.41524
2014-02-10,18.375127
2014-02-11,18.517884
2014-02-12,18.529628
2014-02-13,18.592864
2014-02-14,18.700476
2014-02-18,18.713495
2014-02-19,18.529121
2014-02-20,18.613046
2014-02-21,18.625583
2014-02-24,18.66917
2014-02-25,18.715426
2014-02-26,18.726137
2014-02-27,18.791465
2014-02-28,18.870405
2014-03-03,18.705624
2014-03-04,18.94278
2014-03-05,19.002346
2014-03-06,19.041216
2014-03-07,19.0285
2014-03-10,18.963977
2014-03-11,18.858873
2014-03-12,18.844258
2014-03-13,18.569648
2014-03-14,18.586578
2014-03-17,18.725088
2014-03-18,18.811006
2014-03-19,18.69151
2014-03-20,18.712815
2014-03-21,18.604056
2014-03-24,18.43611
2014-03-25,18.308735
2014-03-26,18.16535
2014-03-27,18.080957
2014-03-28,18.227788
2014-03-31,18.343496
2014-04-01,18.60617
2014-04-02,18.730798
2014-04-03,18.634301
2014-04-04,18.307475
2014-04-07,17.960173
2014-04-08,18.138482
2014-04-09,18.3508
2014-04-10,17.916323
2014-04-11,17.698922
2014-04-14,17.858842
2014-04-15,17.882258
2014-04-16,18.143552
2014-04-17,18.171082
2014-04-21,18.258157
2014-04-22,18.332572
2014-04-23,18.229461
2014-04-24,18.083308
2014-04-25,17.709132
2014-04-28,17.717862
2014-04-29,17.793689
2014-04-30,17.8409
2014-05-01,17.923016
2014-05-02,17.963041
2014-05-05,17.976776
2014-05-06,17.671434
2014-05-07,17.622991
2014-05-08,17.64515
2014-05-09,17.739239
2014-05-12,17.959815
2014-05-13,17.904402
2014-05-14,17.704195
2014-05-15,17.580536
2014-05-16,17.704495
2014-05-19,17.780513
2014-05-20,17.597142
2014-05-21,17.775275
2014-05-22,17.859357
2014-05-23,18.022735
2014-05-27,18.107056
2014-05-28,18.078689
2014-05-29,18.147091
2014-05-30,18.164391
2014-06-02,18.22154
2014-06-03,18.183479
2014-06-04,18.257317
2014-06-05,18.387587
2014-06-06,18.484189
2014-06-09,18.477949
2014-06-10,18.432179
2014-06-11,18.396923
2014-06-12,18.157449
2014-06-13,18.159957
2014-06-16,18.223831
2014-06-17,18.282899
2014-06-18,18.418806
2014-06-19,18.380226
2014-06-20,18.335452
2014-06-23,18.37548
2014-06-24,18.32666
2014-06-25,18.474514
2014-06-26,18.48434
2014-06-27,18.515123
2014-06-30,18.502626
2014-07-01,18.695575
2014-07-02,18.7271
2014-07-03,18.871173
2014-07-07,18.755277
2014-07-08,18.562731
2014-07-09,18.789195
2014-07-10,18.62898
2014-07-11,18.690983
2014-07-14,18.781011
2014-07-15,18.730478
2014-07-16,18.761215
2014-07-17,18.617524
2014-07-18,18.770605
2014-07-21,18.677532
2014-07-22,18.682321
2014-07-23,18.666954
2014-07-24,18.403211
2014-07-25,18.242741
2014-07-28,18.275284
2014-07-29,18.220257
2014-07-30,18.315442
2014-07-31,17.924443
2014-08-01,17.866842
2014-08-04,18.031541
2014-08-05,17.89539
2014-08-06,17.780223
2014-08-07,17.682326
2014-08-08,17.969044
2014-08-11,18.033502
2014-08-12,17.974399
2014-08-13,18.036004
2014-08-14,18.177802
2014-08-15,18.15548
2014-08-18,18.311147
2014-08-19,18.406895
2014-08-20,18.436283
2014-08-21,18.413545
2014-08-22,18.427725
2014-08-25,18.478419
2014-08-26,18.484349
2014-08-27,18.502119
2014-08-28,18.458758
2014-08-29,18.457122
2014-09-02,18.488905
2014-09-03,18.429078
2014-09-04,18.515191
2014-09-05,18.594258
2014-09-08,18.499765
2014-09-09,18.354205
2014-09-10,18.417747
2014-09-11,18.428263
2014-09-12,18.370502
2014-09-15,18.29941
2014-09-16,18.383089
2014-09-17,18.381982
2014-09-18,18.456183
2014-09-19,18.461974
2014-09-22,18.170734
2014-09-23,17.998099
2014-09-24,18.197323
2014-09-25,17.918282
2014-09-26,18.090452
2014-09-29,17.981877
2014-09-30,18.030128
2014-10-01,17.81493
2014-10-02,17.895232
2014-10-03,18.135298
2014-10-06,18.036087
2014-10-07,17.767081
2014-10-08,18.077168
2014-10-09,17.681915
2014-10-10,17.534864
2014-10-13,17.203138
2014-10-14,17.354498
2014-10-15,17.211359
2014-10-16,17.255304
2014-10-17,17.462418
2014-10-20,17.703145
2014-10-21,18.01831
2014-10-22,17.868067
2014-10-23,17.974225
2014-10-24,17.862521
2014-10-27,17.914145
2014-10-28,18.107475
2014-10-29,18.034624
2014-10-30,18.099345
2014-10-31,18.286798
2014-11-03,18.284896
2014-11-04,17.983099
2014-11-05,18.030129
2014-11-06,18.125143
2014-11-07,18.105931
2014-11-10,18.081753
2014-11-11,18.145772
2014-11-12,18.244032
2014-11-13,18.346111
2014-11-14,18.426052
2014-11-17,18.407242
2014-11-18,18.404535
2014-11-19,18.434316
2014-11-20,18.478473
2014-11-21,18.532755
2014-11-24,18.707485
2014-11-25,18.745373
2014-11-26,18.750286
2014-11-28,18.966162
2014-12-01,18.766934
2014-12-02,18.8413
2014-12-03,18.871583
2014-12-04,18.842938
2014-12-05,18.883021
2014-12-08,18.748445
2014-12-09,18.717765
2014-12-10,18.471235
2014-12-11,18.60349
2014-12-12,18.491577
2014-12-15,18.385637
2014-12-16,18.11919
2014-12-17,18.465282
2014-12-18,18.752229
2014-12-19,18.808197
2014-12-22,18.989479
2014-12-23,19.099246
2014-12-24,19.063872
2014-12-26,19.171184
2014-12-29,19.300279
2014-12-30,19.226673
2014-12-31,19.158734
2015-01-02,19.012836
2015-01-05,18.640662
2015-01-06,18.458677
2015-01-07,18.747704
2015-01-08,19.026586
2015-01-09,18.823422
2015-01-12,18.763014
2015-01-13,18.755779
2015-01-14,18.551818
2015-01-15,18.299349
2015-01-16,18.492249
2015-01-20,18.373791
2015-01-21,18.506107
2015-01-22,18.825667
2015-01-23,18.814848
2015-01-26,18.969028
2015-01-27,18.828882
2015-01-28,18.583914
2015-01-29,18.70171
2015-01-30,18.540821
2015-02-02,18.71993
2015-02-03,19.062006
2015-02-04,19.078416
2015-02-05,19.169358
2015-02-06,19.147473
2015-02-09,19.08539
2015-02-10,19.31437
2015-02-11,19.268674
2015-02-12,19.471925
2015-02-13,19.586228
2015-02-17,19.554893
2015-02-18,19.539419
2015-02-19,19.575782
2015-02-20,19.75512
2015-02-23,19.738675
2015-02-24,19.715047
2015-02-25,19.871537
2015-02-26,19.790285
2015-02-27,19.76932
2015-03-02,20.017681
2015-03-03,19.961354
2015-03-04,19.832483
2015-03-05,19.864075
2015-03-06,19.616921
2015-03-09,19.719729
2015-03-10,19.385201
2015-03-11,19.293473
2015-03-12,19.688618
2015-03-13,19.550054
2015-03-16,19.770254
2015-03-17,19.665669
2015-03-18,19.847827
2015-03-19,19.793742
2015-03-20,20.014326
2015-03-23,19.995122
2015-03-24,19.899801
2015-03-25,19.582448
2015-03-26,19.460075
2015-03-27,19.567029
2015-03-30,19.758866
2015-03-31,19.670946
2015-04-01,19.583404
2015-04-02,19.755988
2015-04-06,19.856704
2015-04-07,19.747807
2015-04-08,19.928794
2015-04-09,19.948281
2015-04-10,20.020364
2015-04-13,19.920791
2015-04-14,19.905235
2015-04-15,19.907958
2015-04-16,19.967302
2015-04-17,19.688089
2015-04-20,19.896248
2015-04-21,19.907663
2015-04-22,19.927362
2015-04-23,19.927854
2015-04-24,20.187403
2015-04-27,20.010415
2015-04-28,19.833052
2015-04-29,19.636094
2015-04-30,19.374777
2015-05-01,19.668613
2015-05-04,19.66621
2015-05-05,19.38705
2015-05-06,19.241432
2015-05-07,19.304608
2015-05-08,19.52216
2015-05-11,19.439176
2015-05-12,19.397066
2015-05-13,19.277915
2015-05-14,19.364167
2015-05-15,19.503469
2015-05-18,19.590643
2015-05-19,19.536737
2015-05-20,19.474992
2015-05-21,19.532985
2015-05-22,19.498783
2015-05-26,19.369472
2015-05-27,19.510784
2015-05-28,19.466131
2015-05-29,19.331708
2015-06-01,19.390199
2015-06-02,19.415348
2015-06-03,19.557261
2015-06-04,19.426448
2015-06-05,19.36943
2015-06-08,19.234815
2015-06-09,19.201121
2015-06-10,19.397702
2015-06-11,19.448179
2015-06-12,19.368718
2015-06-15,19.280059
2015-06-16,19.38783
2015-06-17,19.475378
2015-06-18,19.720387
2015-06-19,19.668868
2015-06-22,19.778895
2015-06-23,19.828874
2015-06-24,19.674551
2015-06-25,19.663306
2015-06-26,19.704933
2015-06-29,19.261173
2015-06-30,19.360003
2015-07-01,19.560035
2015-07-02,19.536491
2015-07-06,19.491045
2015-07-07,19.647908
2015-07-08,19.290887
2015-07-09,19.37121
2015-07-10,19.661035
2015-07-13,19.947461
2015-07-14,19.959357
2015-07-15,19.931978
2015-07-16,20.074172
2015-07-17,20.045372
2015-07-20,20.067091
2015-07-21,19.990674
2015-07-22,20.050194
2015-07-23,19.77493
2015-07-24,19.641555
2015-07-27,19.499054
2015-07-28,19.553056
2015-07-29,19.801937
2015-07-30,19.826383
2015-07-31,19.894716
2015-08-03,19.838695
2015-08-04,19.849347
2015-08-05,19.578411
2015-08-06,19.29945
2015-08-07,19.293118
2015-08-10,19.459665
2015-08-11,19.266097
2015-08-12,19.187832
2015-08-13,19.298113
2015-08-14,19.329762
2015-08-17,19.520794
2015-08-18,19.464425
2015-08-19,19.358627
2015-08-20,18.805963
2015-08-21,18.188214
2015-08-24,17.455532
2015-08-25,17.380894
2015-08-26,18.047144
2015-08-27,18.460209
2015-08-28,18.463966
2015-08-31,18.324428
2015-09-01,17.840401
2015-09-02,18.216145
2015-09-03,18.227407
2015-09-04,18.02296
2015-09-08,18.436147
2015-09-09,18.232822
2015-09-10,18.287168
2015-09-11,18.423005
2015-09-14,18.320404
2015-09-15,18.523557
2015-09-16,18.736097
2015-09-17,18.78302
2015-09-18,18.510647
2015-09-21,18.639366
2015-09-22,18.367914
2015-09-23,18.319908
2015-09-24,18.252113
2015-09-25,18.245941
2015-09-28,17.714587
2015-09-29,17.656103
2015-09-30,18.121952
2015-10-01,18.258049
2015-10-02,18.510046
2015-10-05,18.779085
2015-10-06,18.645268
2015-10-07,18.728365
2015-10-08,18.961977
2015-10-09,19.003804
2015-10-12,19.100498
2015-10-13,18.995334
2015-10-14,18.783368
2015-10-15,19.03441
2015-10-16,19.163472
2015-10-19,19.25189
2015-10-20,19.206935
2015-10-21,19.096051
2015-10-22,19.254539
2015-10-23,19.269583
2015-10-26,19.416468
2015-10-27,19.2437
2015-10-28,19.406839
2015-10-29,19.401472
2015-10-30,19.433125
2015-11-02,19.519853
2015-11-03,19.59093
2015-11-04,19.398332
2015-11-05,19.474126
2015-11-06,19.444489
2015-11-09,19.160407
2015-11-10,19.302662
2015-11-11,19.219159
2015-11-12,19.0335
2015-11-13,18.555622
2015-11-16,18.784384
2015-11-17,18.783598
2015-11-18,19.0751
2015-11-19,19.083312
2015-11-20,19.318364
2015-11-23,19.394704
2015-11-24,19.351046
2015-11-25,19.444475
2015-11-27,19.366587
2015-11-30,19.203312
2015-12-01,19.403956
2015-12-02,19.233742
2015-12-03,18.939488
2015-12-04,19.322298
2015-12-07,19.235541
2015-12-08,19.187466
2015-12-09,18.962724
2015-12-10,19.012698
2015-12-11,18.571368
2015-12-14,18.657558
2015-12-15,18.764173
2015-12-16,19.078992
2015-12-17,18.770387
2015-12-18,18.476609
2015-12-21,18.587655
2015-12-22,18.691678
2015-12-23,18.80116
2015-12-24,18.752112
2015-12-28,18.811523
2015-12-29,19.02317
2015-12-30,18.871896
2015-12-31,18.688556
2016-01-01,19.42136463259561
2016-01-04,19.157642028990946
2016-01-05,19.098995214863788
2016-01-06,18.653616294760056
2016-01-07,18.295319773834148
2016-01-08,18.149696912166306
2016-01-11,18.31988610933548
2016-01-12,18.47328449601197
2016-01-13,18.012934479324066
2016-01-14,18.057770230417116
2016-01-15,17.622301498632098
2016-01-18,17.670852896152805
2016-01-19,17.707443663988386
2016-01-20,17.528532087136654
2016-01-21,17.81087518369848
2016-01-22,18.04898467895938
2016-01-25,17.759590695318124
2016-01-26,18.041881742995773
2016-01-27,17.96170248776543
2016-01-28,17.86550942466792
2016-01-29,18.272864353914223
2016-02-01,18.668233971220776
2016-02-02,18.29316587796634
2016-02-03,17.95735601827218
2016-02-04,17.817671588070905
2016-02-05,17.352464229769993
2016-02-08,17.108415096832505
2016-02-09,17.043838141578366
2016-02-10,16.74807247062884
2016-02-11,16.627780998646028
2016-02-12,17.06700309501619
2016-02-15,17.16903658759118
2016-02-16,17.583425395509348
2016-02-17,17.840688298238536
2016-02-18,17.691043109346843
2016-02-19,17.738569780533414
2016-02-22,18.00455309556425
2016-02-23,17.86156487710778
2016-02-24,17.905034844308584
2016-02-25,18.10570981322203
2016-02-26,18.15400699213645
2016-02-29,18.02641212320646
2016-03-01,18.442761646096898
2016-03-02,18.40222004318865
2016-03-03,18.59723924279493
2016-03-04,18.60161034330668
2016-03-07,18.48973624381681
2016-03-08,18.2975605200418
2016-03-09,18.21682544075625
2016-03-10,18.297367897672952
2016-03-11,18.56089600828381
2016-03-14,18.54714511118222
2016-03-15,18.58084293960605
2016-03-16,18.79521166276287
2016-03-17,18.92757488105326
2016-03-18,18.9061733958646
2016-03-21,18.84880623325995
2016-03-22,18.756608611701072
2016-03-23,18.613616700798342
2016-03-24,18.619541695199835
2016-03-25,18.696981979419537
2016-03-28,18.83358933065434
2016-03-29,18.99145516572429
2016-03-30,19.09149074059407
2016-03-31,19.150565915422256
2016-04-01,19.120380118058357
2016-04-04,18.851990954556115
2016-04-05,18.82164556558366
2016-04-06,18.816731077730875
2016-04-07,18.69905978797729
2016-04-08,18.71900016868856
2016-04-11,18.709345710777377
2016-04-12,18.835643334945956
2016-04-13,19.06981012502129
2016-04-14,19.0671480494573
2016-04-15,19.048295427393487
2016-04-18,18.89163085909886
2016-04-19,19.288848240775764
2016-04-20,19.336600416656637
2016-04-21,19.058831647446752
2016-04-22,18.94535390369897
2016-04-25,18.8166058415772
2016-04-26,18.99477679959313
2016-05-06,18.741288963944847
2016-05-11,18.57055099718241
2016-05-12,18.650968361140663
2016-05-13,18.514725435892217
2016-05-16,18.56871683384473
2016-05-17,18.40922961086333
2016-05-18,18.295973987957797
2016-05-19,18.23545899414229
2016-05-20,18.39192986067764
2016-05-23,18.353812217505016
2016-05-24,18.5719277590144
2016-05-25,18.625297522989893
2016-05-26,18.577222087679715
2016-05-27,18.632841599436752
2016-05-30,18.70242935846116
2016-05-31,18.651307484409514
2016-06-01,18.528540298204742
2016-06-02,18.61071759948717
2016-06-03,18.52792515248589
2016-06-06,18.5329171171208
2016-06-07,18.61613240994857
2016-06-08,18.63754278478151
2016-06-09,18.5327508905237
2016-06-10,18.38754837647691
2016-06-13,18.27519604185928
2016-06-14,18.18044143115921
2016-06-15,18.27275558411696
2016-06-16,18.323827413297707
2016-06-17,18.381336027563908
2016-06-20,18.56596385648217
2016-06-21,18.51861077730468
2016-06-22,18.40869927839824
2016-06-23,18.5849084211456
2016-06-24,17.89485531087515
2016-06-27,17.540232982756958
2016-06-28,17.860088414472926
2016-06-29,18.304950554753532
2016-06-30,18.44824204496789
2016-07-01,18.624535215404595
2016-07-04,18.611756896130863
2016-07-05,18.384762867891315
2016-07-06,18.542029489974325
2016-07-07,18.744727235653222
2016-07-08,19.07598314594584
2016-07-11,19.189322306224568
2016-07-12,19.324196994882023
2016-07-13,19.16645679394492
2016-07-14,19.186172854477945
2016-07-15,19.11970155141677
2016-07-18,19.18266664885009
2016-07-19,19.19707297813711
2016-07-20,19.240188426952734
2016-07-21,19.118712856045796
2016-07-22,19.222228812067183
2016-07-25,19.220684144071416
2016-07-26,19.16969729178031
2016-07-27,19.01696228276396
2016-07-28,18.865027229748613
2016-07-29,18.99337854060256
2016-08-01,19.145237636326545
2016-08-02,18.76485671095894
2016-08-03,18.870538432083084
2016-08-04,18.982433906208417
2016-08-05,19.114635613366147
2016-08-08,19.110454018689687
2016-08-09,19.02936772131629
2016-08-10,19.00528681344616
2016-08-11,19.31103198028336
2016-08-12,19.267869798570736
2016-08-15,19.29930961530228
2016-08-16,19.124337730270145
2016-08-17,18.97539564158205
2016-08-18,18.95578695077003
2016-08-19,18.96712586730512
2016-08-22,18.95712834099467
2016-08-23,19.038716559525803
2016-08-24,18.966123923683035
2016-08-25,18.8795883316381
2016-08-26,18.84487123572341
2016-08-29,18.90788026342103
2016-08-30,18.85943070308001
2016-08-31,18.803366622261382
2016-09-01,18.82334957155422
2016-09-02,18.89882006892008
2016-09-05,18.951126785889056
2016-09-06,18.92356473408593
2016-09-07,18.98977194460192
2016-09-08,18.81615250736037
2016-09-09,18.383517554207668
2016-09-12,18.64204885121733
2016-09-13,18.392872904492396
2016-09-14,18.36003676182603
2016-09-15,18.734958037651616
2016-09-16,18.653617037374914
2016-09-19,18.682549091962624
2016-09-20,18.71393637135348
2016-09-21,18.909834880579517
2016-09-22,19.00789513971512
2016-09-23,18.992475376383325
2016-09-26,18.747212262320847
2016-09-27,18.85968359896456
2016-09-28,18.995931187811085
2016-09-29,18.86028098715986
2016-09-30,19.059283082496105
2016-10-03,19.03471955304409
2016-10-04,18.994814859831887
2016-10-05,19.030813774799803
2016-10-06,19.072925741938334
2016-10-07,18.983306436765957
2016-10-10,18.98698035642693
2016-10-11,18.79631429025339
2016-10-12,19.006517296774344
2016-10-13,18.81222825205352
2016-10-14,18.82120224035569
2016-10-17,18.703132242343447
2016-10-18,18.663211898689934
2016-10-19,18.77369491436231
2016-10-20,18.78783661391226
2016-10-21,18.823221178502163
2016-10-24,18.987212859334992
2016-10-25,18.65395941952749
2016-10-26,18.68137803894762
2016-10-27,18.2998370037377
2016-10-28,18.47409696602417
2016-10-31,18.69649356565768
2016-11-01,18.577136395539483
2016-11-02,18.5345419489978
2016-11-03,18.376446074450936
2016-11-04,18.400779723500104
2016-11-07,18.38237327689404
2016-11-08,18.450140830250167
2016-11-09,18.546628792258414
2016-11-10,18.802271911151664
2016-11-11,18.755059196167405
2016-11-14,18.704537128792147
2016-11-15,18.60118461003282
2016-11-16,18.713821415483554
2016-11-17,18.931914279762985
2016-11-18,18.85555482152024
2016-11-21,18.95756351325117
2016-11-22,19.262248800219123
2016-11-23,19.225673076556227
2016-11-25,19.34873199100245
2016-11-29,19.198056929804885
2016-11-30,19.042108610006306
2016-12-01,19.153498495565973
2016-12-02,18.922403140986564
2016-12-05,19.092521949540675
2016-12-06,19.18105383483024
2016-12-07,19.62231427336364
2016-12-08,19.570866982639547
2016-12-09,19.62998805616152
2016-12-12,19.466857413307373
2016-12-13,19.615693532921867
2016-12-14,19.443034260941424
2016-12-15,19.47985553639777
2016-12-16,19.349704550195703
2016-12-19,19.420369092363966
2016-12-20,19.585407445033542
2016-12-21,19.58508434925982
2016-12-22,19.349023598128014
2016-12-23,19.376774146598603
2016-12-26,19.354886376400533
2016-12-27,19.371581473773865
2016-12-28,19.264459599946832
2016-12-29,19.27942498269219
2016-12-30,19.10574052543712
2017-01-02,19.069542069974016
2017-01-03,19.203644779354804
2017-01-04,19.545930052969897
2017-01-05,19.315313735930943
2017-01-06,19.50889133422677
2017-01-09,19.56639364637292
2017-01-10,19.636097090115857
2017-01-11,19.633427902459776
2017-01-12,19.591260565529343
2017-01-13,19.68298260240211
2017-01-16,19.720495553911388
2017-01-17,19.80291427119023
2017-01-18,19.7172398865052
2017-01-19,19.626210305609533
2017-01-20,19.706017899897585
2017-01-23,19.65177128148828
2017-01-24,19.921591169828066
2017-01-25,20.032370490374888
2017-01-26,19.795576051514924
2017-01-27,19.78971083514817
2017-01-30,19.79410178673612
2017-01-31,19.77062673228952
2017-02-01,19.62043311213337
2017-02-02,19.63422028035776
2017-02-03,19.721735822713637
2017-02-06,19.51602941016896
2017-02-07,19.337334518222725
2017-02-08,19.453362229422765
2017-02-09,19.68257955189745
2017-02-10,19.793864425916624
2017-02-13,19.82805439034966
2017-02-14,20.02894174718305
2017-02-15,20.023807373301544
2017-02-16,19.9298004644006
2017-02-17,20.024771795600763
2017-02-20,20.016341243709668
2017-02-21,20.06181483776484
2017-02-22,20.05087776030984
2017-02-23,19.89420662451332
2017-02-24,20.01582838611483
2017-02-27,20.00169646715344
2017-02-28,19.862925686096304
2017-03-01,20.183431126900757
2017-03-02,20.18375747764215
2017-03-03,20.0834965997271
2017-03-06,19.971581668045445
2017-03-07,19.9099020145382
2017-03-08,19.9900339529499
2017-03-09,19.94194060979269
2017-03-10,20.008650613293497
2017-03-13,20.05059329482745
2017-03-14,20.083750225645613
2017-03-15,20.176291940188044
2017-03-16,20.193321841382804
2017-03-17,20.15803401264245
2017-03-20,20.13753114318725
2017-03-21,19.87223079709776
2017-03-22,19.927619183719557
2017-03-23,20.01855117970836
2017-03-24,20.061827112727748
2017-03-27,20.01631672242447
2017-03-28,20.202000628881397
2017-03-29,20.24736320115983
2017-03-30,20.32796804726341
2017-03-31,20.311938831603914
2017-04-03,20.091179867470373
2017-04-04,20.07832334694198
2017-04-05,20.079808537194666
2017-04-06,20.225362431742248
2017-04-07,20.08200129553617
2017-04-10,20.14825689229721
2017-04-11,20.16931822832144
2017-04-12,20.080384395057173
2017-04-13,19.716414911422017
2017-04-14,19.9551219787538
2017-04-17,20.103393826366634
2017-04-18,20.133807429092595
2017-04-19,20.19845784384682
2017-04-20,20.40153868368209
2017-04-21,20.32967713081942
2017-04-24,20.488692540668307
2017-04-25,21.09926596512466
2017-04-26,21.167982099324064
2017-04-27,21.0460730288208
2017-04-28,20.4486011528432
2017-05-01,20.427987089753056
2017-05-02,21.022194647377773
2017-05-03,20.95857509975468
2017-05-04,20.971508976291847
2017-05-05,21.091169657834342
2017-05-08,21.146245142830505
2017-05-09,21.240322405817977
2017-05-10,21.204655010380964
2017-05-11,21.053759645263145
2017-05-12,21.024240043413258
2017-05-15,21.036582899998727
2017-05-16,20.916045119824503
2017-05-17,20.55783408998998
2017-05-18,20.68283992311852
2017-05-19,20.788020410884883
2017-05-22,20.90229026189716
2017-05-23,20.822113753311573
2017-05-24,20.87821704021409
2017-05-25,21.060524225478986
2017-05-26,21.127023175521888
2017-05-29,20.622642049806288
2017-05-30,21.131601091622034
2017-05-31,21.181459867307204
2017-06-01,21.34156414321624
2017-06-02,21.487268216259725
2017-06-05,21.406666252320534
2017-06-06,20.67396522393597
2017-06-07,21.2591348347366
2017-06-08,21.110015914378017
2017-06-09,21.00557269024037
2017-06-12,20.96410202260633
2017-06-13,21.15384000043064
2017-06-14,21.14995709538482
2017-06-15,21.056935129802625
2017-06-16,21.06012643607552
2017-06-19,21.279852875047307
2017-06-20,21.01042123447669
2017-06-21,21.015530153796192
2017-06-22,20.97477912726335
2017-06-23,20.93744518755676
2017-06-26,20.979023459075638
2017-06-27,20.79097832601021
2017-06-28,20.99187045576203
2017-06-29,20.776898894650817
2017-06-30,20.89850988180224
2017-07-03,20.43465351220885
2017-07-04,20.31469072214655
2017-07-05,20.80346215582052
2017-07-06,20.59591028199502
2017-07-07,20.773225674830083
2017-07-10,20.83291608312206
2017-07-11,20.81912817460245
2017-07-12,20.983111296964267
2017-07-13,20.98903186763556
2017-07-14,21.0422314159514
2017-07-17,21.09289949810437
2017-07-18,21.186254133148744
2017-07-19,21.28296962909242
2017-07-20,21.2106456233126
2017-07-21,21.22380489247661
2017-07-24,21.120660400051857
2017-07-25,21.257108455811714
2017-07-26,21.1546021396248
2017-07-27,21.034285829751585
2017-07-28,21.085317540441224
2017-07-31,21.15172908146573
2017-08-01,21.178622504962306
2017-08-02,21.1375116928262
2017-08-03,21.06241031702365
2017-08-04,21.07438844968621
2017-08-07,21.105630914496345
2017-08-08,21.024038882930963
2017-08-09,21.00751948659544
2017-08-10,20.67877589603301
2017-08-11,20.77415467970695
2017-08-14,20.930664542878205
2017-08-15,20.66675648059791
2017-08-16,20.78351576233739
2017-08-17,20.44697767707656
2017-08-18,20.375731957429064
2017-08-21,20.415897840052992
2017-08-22,20.665536695992184
2017-08-23,20.45267177299548
2017-08-24,20.38505835848279
2017-08-25,20.435358448152293
2017-08-28,20.502594665561347
2017-08-29,20.437567584817472
2017-08-30,20.588530061010545
2017-08-31,20.67725220268428
2017-09-01,20.781823961070057
2017-09-04,20.73798251875208
2017-09-05,20.717396042833528
2017-09-06,20.86185239273759
2017-09-07,20.68330187635428
2017-09-08,20.62784193255643
2017-09-11,20.73556772958857
2017-09-12,20.79936425395079
2017-09-13,20.93750983942121
2017-09-14,20.841708944336634
2017-09-15,20.76557292320665
2017-09-18,20.69617900790319
2017-09-19,20.664833250187893
2017-09-20,20.74461792101652
2017-09-21,20.699531728362505
2017-09-22,20.74039818966002
2017-09-25,20.693220770320757
2017-09-26,20.640811746889053
2017-09-27,20.797416335736035
2017-09-28,20.808662265343106
2017-09-29,20.88321711550797
2017-10-02,20.900671649335116
2017-10-03,20.972923921057205
2017-10-04,21.094231839030755
2017-10-05,21.216298308723523
2017-10-06,21.259925628042637
2017-10-09,21.129046780549693
2017-10-10,21.171824712298434
2017-10-11,21.204379871923805
2017-10-12,21.079328387114032
2017-10-13,21.120947907525466
2017-10-16,21.14176095639535
2017-10-17,21.120053153207103
2017-10-18,21.07101720435697
2017-10-19,21.057700469649845
2017-10-20,21.10458847459876
2017-10-23,20.961440126300573
2017-10-24,20.98203781135798
2017-10-25,20.905570592561062
2017-10-26,20.80006792746084
2017-10-27,21.227515339847468
2017-10-30,21.17074834185681
2017-10-31,21.1427105827889
2017-11-01,21.16008896660495
2017-11-02,21.0158061995702
2017-11-03,21.12938089202879
2017-11-06,21.23293584982458
2017-11-07,21.17852938352947
2017-11-08,21.223054935543555
2017-11-09,21.23288000507706
2017-11-10,21.26435572121836
2017-11-13,21.34897204307323
2017-11-14,21.314204043982283
2017-11-15,21.223236562290232
2017-11-16,21.39052439608284
2017-11-17,21.44315969647849
2017-11-20,21.4978164115831
2017-11-21,21.58327398551319
2017-11-22,21.535541461039102
2017-11-24,21.686450044011288
2017-11-27,21.70571451668353
2017-11-28,21.95492157745053
2017-11-29,22.027001830047304
2017-11-30,22.11726295063456
2017-12-01,22.1036943998395
2017-12-04,22.420749712880955
2017-12-05,22.27313291305273
2017-12-06,22.14478197165523
2017-12-07,22.189798583833657
2017-12-08,22.303084195846026
2017-12-11,22.379722876381415
2017-12-12,22.388972563823803
2017-12-13,22.406351996130283
2017-12-14,22.437757424031343
2017-12-15,22.537109783177105
2017-12-18,22.76894841305004
2017-12-19,22.732299570005644
2017-12-20,22.68755325822736
2017-12-21,22.75474141117581
2017-12-22,22.701253707258115
2017-12-25,22.274319474306296
2017-12-26,22.77604702995336
2017-12-27,22.737312346415035
2017-12-28,22.800785636953357
2017-12-29,22.65041512917337
2018-01-01,22.70235148863481
2018-01-02,22.97267745650155
2018-01-03,23.064719582512957
2018-01-04,23.09902578444021
2018-01-05,23.211981284137565
2018-01-08,23.142223839715893
2018-01-09,23.039135061582847
2018-01-10,22.964642523146047
2018-01-11,23.28955428103278
2018-01-12,23.515592407887123
2018-01-15,23.61416432918418
2018-01-16,23.322101941444203
2018-01-17,23.31910311758791
2018-01-18,23.23888331426573
2018-01-19,23.446230480763088
2018-01-22,23.474933455347063
2018-01-23,23.598838046063687
2018-01-24,23.541086454349728
2018-01-25,23.515585989075937
2018-01-26,23.6971971658898
2018-01-29,23.61632087723381
2018-01-30,23.368051888296744
2018-01-31,23.26348130898728
2018-02-01,22.94473701951244
2018-02-02,22.563717995963717
2018-02-05,21.74412491710946
2018-02-06,22.227389150881702
2018-02-07,22.048767132747734
2018-02-08,21.109124593177665
2018-02-09,21.277408207456908
2018-02-12,21.51930028953906
2018-02-13,21.590452147669044
2018-02-14,21.92489208648379
2018-02-15,22.05100526748926
2018-02-16,21.90993809668898
2018-02-19,21.93365687505429
2018-02-20,21.71753900455835
2018-02-21,21.69356446645466
2018-02-22,21.69827467798189
2018-02-23,21.99008941773317
2018-02-26,22.21619359700896
2018-02-27,21.75949541591423
2018-02-28,21.613271199925222
2018-03-01,21.33486904669603
2018-03-02,21.316635601191894
2018-03-05,21.5642044764684
2018-03-06,21.67190811413662
2018-03-07,21.516207750530384
2018-03-08,21.58803458728578
2018-03-09,21.941953974762274
2018-03-12,22.000546525232316
2018-03-13,21.8455116665608
2018-03-14,21.815413367600726
2018-03-15,21.77569793927213
2018-03-16,21.78203261006242
2018-03-19,21.549040520902512
2018-03-20,21.694745416677133
2018-03-21,21.66860133610181
2018-03-22,21.15980393218612
2018-03-23,20.74563917844158
2018-03-26,21.373955025708053
2018-03-27,20.93645869045236
2018-03-28,20.664603244998908
2018-03-29,21.48777569986824
2018-03-30,20.939250102067245
2018-04-02,20.364199150226163
2018-04-03,20.62777472260065
2018-04-04,21.00924886811421
2018-04-05,21.320225374593686
2018-04-06,20.850075962545
2018-04-09,20.800736225622195
2018-04-10,21.06500429008559
2018-04-11,20.99367024027556
2018-04-12,21.111292496106817
2018-04-13,20.975115959044928
2018-04-16,21.107793662974775
2018-04-17,21.50926545444956
2018-04-18,21.63433538902761
2018-04-19,21.564803313728845
2018-04-20,21.34931818225387
2018-04-23,21.3737079118966
2018-04-24,20.999308781522668
2018-04-25,21.01510234908601
2018-04-26,21.299101262846253
2018-04-27,21.117848242125078
2018-04-30,21.04147336581432
2018-05-01,21.08128803815916
2018-05-02,21.33423897004181
2018-05-03,21.211658422005456
2018-05-04,21.52579896354989
2018-05-07,21.161051963205804
2018-05-08,20.99648902165901
2018-05-09,21.0531467652106
2018-05-10,21.111466624746
2018-05-11,21.166755358082884
2018-05-14,21.181173546619693
2018-05-15,21.04582398283971
2018-05-16,21.21587028953253
2018-05-17,21.167610389937177
2018-05-18,21.13886619170464
2018-05-21,21.2597306819399
2018-05-22,21.08474878079527
2018-05-23,21.25252181183388
2018-05-24,21.284784771595493
2018-05-25,21.323278335835877
2018-05-28,21.739330645647275
2018-05-29,21.155927025622887
2018-05-30,21.34217857200428
2018-05-31,21.23364171340489
2018-06-01,21.383808792670955
2018-06-04,21.63977786115891
2018-06-05,21.757531317052692
2018-06-06,21.985329171558188
2018-06-07,22.016376378588493
2018-06-08,22.07303082965046
2018-06-11,22.13562540951818
2018-06-12,22.272353929726105
2018-06-13,22.27027029290801
2018-06-14,22.491534674889472
2018-06-15,22.518132638312025
2018-06-18,22.1076559878282
2018-06-19,22.11348114492929
2018-06-20,22.54732668863596
2018-06-21,22.37077788692396
2018-06-22,22.326026078740565
2018-06-25,21.813794876515896
2018-06-26,21.919195223681665
2018-06-27,21.609678360274746
2018-06-28,21.768318985076228
2018-06-29,21.81341731901145
2018-07-02,21.870164933537097
2018-07-03,21.74457483261272
2018-07-05,21.87323440886839
2018-07-06,22.04004728121355
2018-07-09,22.29906339174699
2018-07-10,22.35819976415825
2018-07-11,22.337907936725145
2018-07-12,22.5127383582637
2018-07-13,22.57994712864237
2018-07-16,22.60597684225904
2018-07-17,22.68206145383288
2018-07-18,22.629454635982896
2018-07-19,22.588842833801845
2018-07-20,22.50742256384471
2018-07-23,22.483487332755395
2018-07-24,22.43624110503348
2018-07-25,22.54412537804105
2018-07-26,22.285585694894746
2018-07-30,21.77895573571416
2018-08-01,21.773426003292798
2018-08-02,21.915431710507548
2018-08-03,21.97604324701831
2018-08-06,22.11804630251665
2018-08-07,22.198357841623817
2018-08-08,22.22707490181339
2018-08-09,22.28658732414912
2018-08-10,22.113706962860665
2018-08-13,21.99726153304363
2018-08-14,22.13408032117288
2018-08-15,21.85853692258863
2018-08-16,21.958134650995618
2018-08-17,21.984660879352177
2018-08-20,22.113359221195715
2018-08-21,22.28994550929777
2018-08-22,22.332030618539697
2018-08-23,22.2855814130803
2018-08-24,22.41508806827788
2018-08-27,22.574873648765948
2018-08-28,22.63515870062951
2018-08-29,22.901464465554835
2018-08-30,22.755288913869222
2018-08-31,22.844867808202853
2018-09-04,22.906112108163985
2018-09-05,22.64205144382504
2018-09-06,22.555853608896268
2018-09-07,22.542847094942623
2018-09-10,22.62308445109304
2018-09-11,22.815441641890068
2018-09-12,22.860759822860004
2018-09-13,22.86492503884704
2018-09-14,22.797014162567866
2018-09-17,22.49846507367284
2018-09-18,22.789796698880497
2018-09-19,22.795253165379584
2018-09-20,22.96319320569537
2018-09-21,22.897939990171903
2018-09-24,20.955582904794007
2018-09-25,21.00131264655699
2018-09-26,21.044710191572264
2018-09-27,21.10080592646699
2018-09-28,21.077277980206844
2018-10-01,21.0274471742503
2018-10-02,20.77704829610692
2018-10-03,20.682241820512225
2018-10-04,20.38557996340002
2018-10-05,20.231085175353908
2018-10-08,20.362459044079177
2018-10-09,20.22006029935076
2018-10-10,19.566422189330957
2018-10-11,19.2405503272598
2018-10-12,19.60566180456813
2018-10-15,19.5625130943016
2018-10-16,19.98577436088624
2018-10-17,19.823547741915405
2018-10-18,19.43699273680256
2018-10-19,19.28000062966838
2018-10-22,19.35883691068024
2018-10-23,19.34099060161289
2018-10-24,18.708030945445437
2018-10-25,19.090545809545564
2018-10-26,18.46360462266107
2018-10-29,18.33770657902242
2018-10-30,18.56835738109048
2018-10-31,18.70248599727393
2018-11-01,19.069745578221585
2018-11-02,19.16408393602048
2018-11-05,19.12051331689336
2018-11-06,19.209337761293305
2018-11-07,19.72037209420733
2018-11-08,19.744607597696547
2018-11-09,19.487058432675436
2018-11-12,19.091890441578183
2018-11-13,19.026961474392703
2018-11-14,18.87724336069077
2018-11-15,18.85307463160347
2018-11-16,18.780235600380177
2018-11-19,18.32180603446074
2018-11-20,17.852665840412527
2018-11-21,18.03922043330211
2018-11-23,17.962911353400905
2018-11-26,18.369237963346567
2018-11-27,18.411528704539705
2018-11-28,18.95554785953128
2018-11-29,18.872222835757
2018-11-30,18.993496886871643
2018-12-03,19.33139329765616
2018-12-04,18.62990648738981
2018-12-06,18.70193527073047
2018-12-07,18.151354435678734
2018-12-10,18.160226410006537
2018-12-11,18.158582330351734
2018-12-12,18.345645415661384
2018-12-13,18.2519458832144
2018-12-14,17.938267842954847
2018-12-17,17.467265861050812
2018-12-18,17.629927819806323
2018-12-19,17.273276039326593
2018-12-20,16.855020876230125
2018-12-21,16.486600517782502
2018-12-24,16.39922227765577
2018-12-26,17.377191291025667
2018-12-27,17.433071724603447
2018-12-28,17.479179450300798
2018-12-31,17.658943525473248
2019-01-02,17.723242812744967
2019-01-03,17.343964619125543
2019-01-04,17.94717217981722
2019-01-07,18.37104094849688
2019-01-08,18.579393521075836
2019-01-09,18.68341940026765
2019-01-10,18.67442235500668
2019-01-11,18.660407934322897
2019-01-14,18.546843060365603
2019-01-15,18.71688090602883
2019-01-16,18.68449537023491
2019-01-17,18.835354108580383
2019-01-18,19.102124312614293
2019-01-22,18.812061355935136
2019-01-23,18.941306758069707
2019-01-24,18.92901921022945
2019-01-25,19.146025418134883
2019-01-28,19.036659064704505
2019-01-29,18.94468505958588
2019-01-30,19.27084322296367
2019-01-31,19.428745257268258
2019-02-01,18.98469442683843
2019-02-04,19.112221990541983
2019-02-05,19.277415423277876
2019-02-06,19.09247936916451
2019-02-07,18.909720886624807
2019-02-08,18.792742350833187
2019-02-11,18.83700957354605
2019-02-12,19.126822508291248
2019-02-13,19.20528919017677
2019-02-14,19.125802989778222
2019-02-15,19.29208958700345
2019-02-19,19.387742090146773
2019-02-20,19.424490301849342
2019-02-21,19.37596380110992
2019-02-22,19.49053543426881
2019-02-25,19.41980071880959
2019-02-26,19.4710660938024
2019-02-27,19.45857737712404
2019-02-28,19.321413393669854
2019-03-01,19.48376300607716
2019-03-04,19.427230872743653
2019-03-05,19.43617915248244
2019-03-06,19.354412421582644
2019-03-07,19.107836993970945
2019-03-08,18.975362787428267
2019-03-11,19.23701611200316
2019-03-12,19.274564657148595
2019-03-13,19.336266880735387
2019-03-14,19.28148899925389
2019-03-15,19.400165534546844
2019-03-18,19.741493363571006
2019-03-19,19.828930019905908
2019-03-20,19.87316425669288
2019-03-21,20.103549102255283
2019-03-22,19.74387832006948
2019-03-25,19.861320021737917
2019-03-26,19.94878202614838
2019-03-27,19.924239716711607
2019-03-28,20.053783105718026
2019-03-29,20.153094088224357
2019-04-01,20.37939388721798
2019-04-02,20.372898793252677
2019-04-03,20.524790395499245
2019-04-04,20.68706452803893
2019-04-05,20.807205706134678
2019-04-08,20.885914516837623
2019-04-09,20.69609493753505
2019-04-10,20.792950210127486
2019-04-11,20.82314550460963
2019-04-12,20.95080801797518
2019-04-15,21.010952779740403
2019-04-16,21.095927821211998
2019-04-17,21.134147559965943
2019-04-18,21.12330849543665
2019-04-22,21.03985551330204
2019-04-23,21.245017244606927
2019-04-24,21.241156092078903
2019-04-25,20.91110504973849
2019-04-26,21.05073216449926
2019-04-29,20.96724878610799
2019-04-30,20.82253957049396
2019-05-01,20.66158857790568
2019-05-02,20.668423430376297
2019-05-03,20.92937626222976
2019-05-06,20.800426144309345
2019-05-07,20.49593975010671
2019-05-08,20.482522526592028
2019-05-09,20.377600248667555
2019-05-10,20.389822931890382
2019-05-13,19.809426846059637
2019-05-14,19.97740194851962
2019-05-15,20.11303885989624
2019-05-16,20.302137704131216
2019-05-17,20.17670904019532
2019-05-20,20.034575210853248
2019-05-21,20.10662820404316
2019-05-22,19.93477602585132
2019-05-23,19.69006208680545
2019-05-24,19.712426048156857
2019-05-28,19.59987746153453
2019-05-29,19.410970372884265
2019-05-30,19.49728248915937
2019-05-31,19.27186341383114
2019-06-03,19.109511125116843
2019-06-04,19.623264443885308
2019-06-05,19.714145882705868
2019-06-06,19.808631129847853
2019-06-07,20.0515269713796
2019-06-10,20.221364386104145
2019-06-11,20.290173946434237
2019-06-12,20.257743853498475
2019-06-13,20.492220158302597
2019-06-14,20.52402379910105
2019-06-17,20.541094381625754
2019-06-18,20.69430764791032
2019-06-19,20.737988084100863
2019-06-20,20.873032395021795
2019-06-21,20.79758436404537
2019-06-24,20.349049981854225
2019-06-25,20.151005642836687
2019-06-26,20.2109153088051
2019-06-27,20.333958124460523
2019-06-28,20.429370684878837
2019-07-01,20.60220938037017
2019-07-02,20.66298043289191
2019-07-03,20.81514304634821
2019-07-05,20.84834293347025
2019-07-08,20.87896682703556
2019-07-09,20.911264230251543
2019-07-10,20.955199438040847
2019-07-11,21.013556828386577
2019-07-12,21.25369076542713
2019-07-15,21.325103365913726
2019-07-16,21.30093784169529
2019-07-17,21.10081701288371
2019-07-18,21.067654974399737
2019-07-19,20.91552661161088
2019-07-22,20.909404820296583
2019-07-23,21.017132853852665
2019-07-24,21.05443035721645
2019-07-25,20.797272232071585
2019-07-26,21.143180544603847
2019-07-29,21.10343839625416
2019-07-30,20.88182487215938
2019-07-31,20.62643564178896
2019-08-01,20.265851249536134
2019-08-02,20.070806156874863
2019-08-05,19.55767687640091
2019-08-06,19.78528379270973
2019-08-07,19.866898072580515
2019-08-08,20.240236492298084
2019-08-09,20.125998906710056
2019-08-12,19.84746537605219
2019-08-13,20.170249176110964
2019-08-14,19.55734449475078
2019-08-15,19.5425382256802
2019-08-16,19.767216003381467
2019-08-19,20.013808503624244
2019-08-20,19.95188312840494
2019-08-21,20.25931928016538
2019-08-22,20.25500071130564
2019-08-23,19.71265274779937
2019-08-26,19.911722907498707
2019-08-27,19.826301318043
2019-08-28,20.06311354913181
2019-08-29,20.338164155431016
2019-08-30,20.2380183004056
2019-09-03,20.140430620028937
2019-09-04,20.329194812803696
2019-09-05,20.71128302054918
2019-09-06,20.77115568624288
2019-09-09,20.840245830860272
2019-09-10,20.761000473774832
2019-09-11,20.79723341241467
2019-09-12,20.890296371648
2019-09-13,20.851635381294823
2019-09-16,20.582713051368472
2019-09-17,20.70381332084561
2019-09-18,20.697839007073945
2019-09-19,20.644783142500447
2019-09-20,20.434897863219604
2019-09-23,20.75463621619282
2019-09-24,20.506140226266176
2019-09-25,20.676251781758324
2019-09-26,20.54389724307293
2019-09-27,20.4968414892206
2019-09-30,20.68370252024349
2019-10-01,20.51771195855358
2019-10-02,20.167208275571763
2019-10-03,20.25479298973448
2019-10-04,20.46826783325678
2019-10-07,20.36461328378871
2019-10-08,20.17715274994014
2019-10-09,20.354056617853672
2019-10-10,20.48279849698321
2019-10-11,20.755461733583275
2019-10-14,20.72448343212556
2019-10-15,20.94108656489639
2019-10-16,21.053819388307133
2019-10-17,21.15329966730656
2019-10-18,21.126782086072804
2019-10-21,21.22134794487464
2019-10-22,21.04325233933562
2019-10-23,20.869311842839878
2019-10-24,20.79108032561222
2019-10-25,21.062069924084213
2019-10-28,21.100224534939603
2019-10-29,21.098443134176076
2019-10-30,21.264062514834723
2019-10-31,21.15343268232668
2019-11-01,21.370838145572726
2019-11-04,21.31492308840847
2019-11-05,21.361602207424102
2019-11-06,21.354054325606832
2019-11-07,21.210877971295595
2019-11-08,21.23815629520397
2019-11-11,21.23214897463322
2019-11-12,21.144328494252807
2019-11-13,21.082179371294124
2019-11-14,21.15755699513281
2019-11-15,21.187099620459417
2019-11-18,21.253544384606943
2019-11-19,20.99496540756763
2019-11-20,20.88563164908785
2019-11-21,20.763048527051755
2019-11-22,20.902181844172908
2019-11-25,21.061121075617933
2019-11-26,21.24187339359802
2019-11-27,21.384144857669504
2019-11-29,21.26950529516662
2019-12-02,21.118594336052613
2019-12-03,20.894726020767344
2019-12-04,20.996171600734325
2019-12-05,20.946308514717007
2019-12-06,21.115677177841743
2019-12-09,21.13507047079082
2019-12-10,21.094791063939635
2019-12-11,21.18360951817586
2019-12-12,21.394160291355657
2019-12-13,21.407145993582223
2019-12-16,21.49876524602476
2019-12-17,21.59897385508726
2019-12-18,21.611312534538293
2019-12-19,21.653714927963737
2019-12-20,21.744523550289895
2019-12-23,21.610570963337608
2019-12-24,21.944119159383245
2019-12-26,22.1998199256976
2019-12-27,22.195315212286022
2019-12-30,22.061212536232343
2019-12-31,22.11133612700101
2020-01-02,22.367210279911625
2020-01-03,22.18011550655513
2020-01-06,22.233058388911523
2020-01-07,22.16687981342542
2020-01-08,22.184325014428516
2020-01-09,22.34902652773829
2020-01-10,22.23299529698229
2020-01-13,22.30796812594497
2020-01-14,22.298837835681127
2020-01-15,22.2596933475981
2020-01-16,22.458655415192755
2020-01-17,22.538189903277555
2020-01-21,22.535452647559456
2020-01-22,22.52182812367989
2020-01-23,22.563973248996557
2020-01-24,22.27103984299799
2020-01-27,21.93049886037036
2020-01-28,22.12072386300001
2020-01-29,22.057002691252578
2020-01-30,22.030627239355784
2020-01-31,21.775056585779243
2020-02-03,21.91702122740271
2020-02-04,22.270795956324
2020-02-05,22.12631398029609
2020-02-06,22.119966600313216
2020-02-07,22.114287154414075
2020-02-10,22.370680891131396
2020-02-11,22.537485259275872
2020-02-12,22.805372621199695
2020-02-13,22.828317311110197
2020-02-14,22.738376107228973
2020-02-18,22.754777184349752
2020-02-19,22.85698815896373
2020-02-20,22.931268348246363
2020-02-21,22.60866210016056
2020-02-24,21.826753212285624
2020-02-25,21.20955341163825
2020-02-26,21.020276264000483
2020-02-27,20.241239246749945
2020-02-28,20.090525915523624
2020-03-02,20.82417257104501
2020-03-03,20.35153282126525
2020-03-04,21.061316252862422
2020-03-05,20.273725026277518
2020-03-06,20.018662415626768
2020-03-09,18.814850392024532
2020-03-10,19.93400262461194
2020-03-11,18.86634117601943
2020-03-12,17.052697002789323
2020-03-13,18.18170136801975
2020-03-16,15.960164079882974
2020-03-17,16.632694594254016
2020-03-18,15.931478728900338
2020-03-19,17.30841965533577
2020-03-20,17.016599394848694
2020-03-23,17.67095383138618
2020-03-24,19.98361478287446
2020-03-25,21.57857152368875
2020-03-26,23.192156860254805
2020-03-27,22.644805441673128
2020-03-30,24.21971002761848
2020-03-31,22.11576120562272
2020-04-01,21.304783857350294
2020-04-02,21.8419662428788
2020-04-03,21.63188972967585
2020-04-06,23.66381597423768
2020-04-07,24.458761049816733
2020-04-08,25.438770012212043
2020-04-09,26.590658306867144
2020-04-13,26.93162013167724
2020-04-14,28.73914914376229
2020-04-15,28.41504558732145
2020-04-16,29.14090146461619
2020-04-17,30.56412033574708
2020-04-20,30.98375036688834
2020-04-21,30.435047698068995
2020-04-22,31.68590433377415
2020-04-23,32.258326766767816
2020-04-24,33.23633698298982
2020-04-27,34.87599246218915
2020-04-28,34.42641228679812
2020-04-29,38.01045750462144
2020-04-30,37.12270899768996
2020-05-01,37.0874527411344
2020-05-04,37.56390157646158
2020-05-05,38.06674420209308
2020-05-06,37.73829298884528
2020-05-07,39.00993532277785
2020-05-08,40.58019374385417
2020-05-11,40.9253279090972
2020-05-12,40.30443504841359
2020-05-13,39.749000067610815
2020-05-14,40.14390989905972
2020-05-15,41.191309445995536
2020-05-18,42.6855300728541
2020-05-19,41.51183033252309
2020-05-20,41.745829131664536
2020-05-21,43.23228914811243
2020-05-22,43.20874121087131
2020-05-26,43.90753017605315
2020-05-27,44.600053598048014
2020-05-28,43.83869910707001
2020-05-29,44.11414955002187
2020-06-01,44.46418486134468
2020-06-02,44.87109223919662
2020-06-03,45.73850080702843
2020-06-04,45.12235618434299
2020-06-05,46.21954005744751
2020-06-08,46.97004161196644
2020-06-09,46.58601199272435
2020-06-10,46.44388351827008
2020-06-11,43.46920228373946
2020-06-12,44.08820403986583
2020-06-15,44.41915684857885
2020-06-16,44.97808473240664
2020-06-17,44.71667087724717
2020-06-18,44.30693579084498
2020-06-19,44.05287582819018
2020-06-22,44.45811405000416
2020-06-23,44.1581776620542
2020-06-24,43.17063295054563
2020-06-25,42.9016786436562
2020-06-26,42.157062892336334
2020-06-29,43.03088956164287
2020-06-30,43.51571998070169
2020-07-01,43.865425392508136
2020-07-02,44.09365293887007
2020-07-06,44.99514693104137
2020-07-07,44.19387514655604
2020-07-08,44.68314363081283
2020-07-09,44.67758107912674
2020-07-10,45.16732146253655
2020-07-13,44.75132912436646
2020-07-14,45.3197577857545
2020-07-15,45.85444217402465
2020-07-16,45.64368870205248
2020-07-17,45.40998906819532
2020-07-20,46.142873862164
2020-07-21,46.27479654141665
2020-07-22,45.61655911242999
2020-07-23,44.76711195589091
2020-07-24,44.52665861625216
2020-07-27,44.83431781654716
2020-07-28,41.85818741372982
2020-07-29,39.004451696640864
2020-07-30,33.487685607095
2020-07-31,33.17133404221788
2020-08-03,33.11497316498663
2020-08-04,33.062464555996726
2020-08-05,33.457112386754524
2020-08-06,32.86196340878765
2020-08-07,32.802634569649506
2020-08-10,32.851638065586656
2020-08-11,32.93825494764969
2020-08-12,33.24752009206314
2020-08-13,33.151726138112245
2020-08-14,33.109428140625475
2020-08-17,33.48474095512688
2020-08-18,33.400604003155344
2020-08-19,32.57591674272368
2020-08-20,32.25372917258555
2020-08-21,32.43066712673018
2020-08-24,32.89279508135216
2020-08-25,32.93954473050906
2020-08-26,33.288427478942964
2020-08-27,32.90173506365523
2020-08-28,33.071217019295005
2020-08-31,32.99828325965234
2020-09-01,33.22410960258129
2020-09-02,33.653875894106264
2020-09-03,32.60655957279408
2020-09-04,32.24180709487221
2020-09-08,31.882045357716184
2020-09-09,32.49564218441692
2020-09-10,31.997841959267344
2020-09-11,32.031709844200925
2020-09-14,32.236691412359924
2020-09-15,32.04992553684015
2020-09-16,31.805238934212564
2020-09-17,31.318638977254835
2020-09-18,30.87891604563658
2020-09-21,30.70613597374297
2020-09-22,31.15091477176764
2020-09-23,30.47423296799415
2020-09-24,30.341341780072096
2020-09-25,30.721751918280123
2020-09-28,31.38850422206324
2020-09-29,31.15264546906014
2020-09-30,31.393059424101804
2020-10-01,31.82381118771169
2020-10-02,31.679129550931307
2020-10-05,32.10724879821647
2020-10-06,31.49951067724971
2020-10-07,32.23826363977816
2020-10-08,32.38512114806319
2020-10-09,32.74731477584448
2020-10-12,32.93154941840416
2020-10-13,32.935257815598824
2020-10-14,32.551124268265255
2020-10-15,32.65683153724238
2020-10-16,32.37967396558544
2020-10-19,31.919274766707453
2020-10-20,32.00996369119029
2020-10-21,31.703178719652858
2020-10-22,31.674271425103186
2020-10-23,31.908010492048994
2020-10-26,31.220975951404476
2020-10-27,31.21574395954693
2020-10-28,30.079739095445817
2020-10-29,29.062259506193744
2020-10-30,28.451110678254302
2020-11-02,28.627969570545364
2020-11-03,29.28657255308569
2020-11-04,29.62460376591825
2020-11-05,29.766809183763662
2020-11-06,29.493115475533543
2020-11-09,29.157151084516983
2020-11-10,29.5748351430087
2020-11-12,28.65672680720203
2020-11-13,29.093510075608133
2020-11-16,29.456718220158827
2020-11-17,29.251997434375944
2020-11-18,28.7638144859274
2020-11-19,28.850069249951385
2020-11-20,28.83578940281093
2020-11-23,29.08138702145088
2020-11-24,29.45566027054786
2020-11-25,29.381660732841542
2020-11-27,29.62634017962889
2020-11-30,29.44243337637927
2020-12-01,29.715716995089444
2020-12-02,29.467223346542244
2020-12-03,29.57804769268296
2020-12-04,29.58061985552635
2020-12-07,29.500178003072367
2020-12-08,29.42063920244969
2020-12-09,29.381437954810128
2020-12-10,29.26981286596693
2020-12-11,29.08998812530074
2020-12-14,29.14027880262324
2020-12-15,29.52049634174132
2020-12-16,29.731266234643964
2020-12-17,29.821027296397123
2020-12-18,29.5071809856869
2020-12-21,35.51824776720553
2020-12-22,35.360922768274484
2020-12-23,35.57694887263811
2020-12-24,35.58813502925583
2020-12-28,36.0755909943074
2020-12-29,36.08672598466784
2020-12-30,36.28592690003975
2020-12-31,36.23161175916681
2021-01-04,35.889078394017886
2021-01-05,36.12712513257743
2021-01-06,36.43928670171452
2021-01-07,37.18735960372596
2021-01-08,37.90271316187689
2021-01-11,37.235189065599286
2021-01-12,37.81070310173591
2021-01-13,37.83854030239928
2021-01-14,37.63848384256625
2021-01-15,37.325898422907045
2021-01-19,37.511857685642056
2021-01-20,38.21325161646415
2021-01-21,38.39774720927197
2021-01-22,38.40318434598742
2021-01-25,38.542685681569125
2021-01-26,37.77706351522891
2021-01-27,36.51169502223277
2021-01-28,36.492481615815095
2021-01-29,35.649438902255994
2021-02-01,36.51412624812727
2021-02-02,36.94079506787145
2021-02-03,36.60629899585903
2021-02-04,36.82904296288028
2021-02-05,36.46960336965108
2021-02-08,36.647818008465
2021-02-09,36.46785165413591
2021-02-10,36.3180112350263
2021-02-11,36.4652646277517
2021-02-12,35.997827972991615
2021-02-16,35.774172995669474
2021-02-17,35.889723687035264
2021-02-18,35.814940347339814
2021-02-19,35.5762323059279
2021-02-22,34.74875367667749
2021-02-23,34.60280180675828
2021-02-24,34.78904275434366
2021-02-25,33.40297013645538
2021-02-26,33.58933082244223
2021-03-01,34.41499232186178
2021-03-02,33.93152093051521
2021-03-03,33.39129489752814
2021-03-04,32.65723686538836
2021-03-05,32.89439967055812
2021-03-08,32.924015334943874
2021-03-09,34.307216006613054
2021-03-10,34.46502663659624
2021-03-11,35.000469817013624
2021-03-12,35.0888802893437
2021-03-15,35.54863137882713
2021-03-16,35.144921840627184
2021-03-17,35.61617418264793
2021-03-18,34.697768217868884
2021-03-19,34.932521600740344
2021-03-22,36.38580804494648
2021-03-23,36.03260360056308
2021-03-24,35.5019147746688
2021-03-25,35.73763657481523
2021-03-26,36.03575798987736
2021-03-29,35.85432788355024
2021-03-30,36.18209013590484
2021-03-31,36.410989191472986
2021-04-01,36.6805734331357
2021-04-05,37.52827123088564
2021-04-06,37.66997995408861
2021-04-07,37.4489444983624
2021-04-08,37.53223511975715
2021-04-09,37.88692212538282
2021-04-12,38.09736990413319
2021-04-13,38.51536766805699
2021-04-14,38.083048147427846
2021-04-15,38.32891162123229
2021-04-16,38.634803665522014
2021-04-19,38.15620398724555
2021-04-20,37.69347669256067
2021-04-21,38.014171794743376
2021-04-22,37.65153270465888
2021-04-23,37.33524786395097
2021-04-26,37.25422585050125
2021-04-27,37.039207237180456
2021-04-28,36.42809015242877
2021-04-29,36.48107859619799
2021-04-30,36.075406679784805
2021-05-03,35.898181295961
2021-05-04,35.273098873821205
2021-05-05,34.80840048360756
2021-05-06,35.062258871117216
2021-05-07,35.091873950005414
2021-05-10,34.31137268741
2021-05-11,33.900807577927424
2021-05-12,32.796197518546585
2021-05-13,33.020140144384754
2021-05-14,33.57057583363277
2021-05-17,33.47423753286569
2021-05-18,33.01068670908737
2021-05-19,32.182031538488644
2021-05-20,32.372813934372374
2021-05-21,32.18299538082361
2021-05-24,32.47161445690003
2021-05-25,32.54192351790976
2021-05-26,32.83524434996003
2021-05-27,32.86918641425676
2021-05-28,32.759180689958605
2021-06-01,32.69753835107225
2021-06-02,32.513584558925125
2021-06-03,32.0658937457858
2021-06-04,32.24391548287392
2021-06-07,32.21416077135719
2021-06-08,32.47389746392732
2021-06-09,32.30420151277341
2021-06-10,32.47096211200425
2021-06-11,32.648551232746485
2021-06-14,32.65138927326927
2021-06-15,32.47154417683288
2021-06-16,32.449336222929524
2021-06-17,32.38552412001766
2021-06-18,32.08050539546677
2021-06-21,31.97255198861205
2021-06-22,32.28283796803155
2021-06-23,32.51660432257509
2021-06-24,32.20795671792535
2021-06-25,32.10527311954216
2021-06-28,32.1248501485754
2021-06-29,32.13843395881398
2021-06-30,32.08207052855099
2021-07-01,32.14297965418047
2021-07-02,32.42814137079056
2021-07-06,32.45412508617752
2021-07-07,32.38139807690335
2021-07-08,32.312380697840666
2021-07-09,32.62585559419932
2021-07-12,32.84181172556773
2021-07-13,32.413148364794885
2021-07-14,32.33434072032103
2021-07-15,32.1173054748861
2021-07-16,31.64203768705859
2021-07-19,31.253175659692133
2021-07-20,31.776959560371623
2021-07-21,31.953283425381183
2021-07-22,31.94531483108117
2021-07-23,32.21196544920113
2021-07-26,32.26561495772835
2021-07-27,31.697333719196266
2021-07-28,30.857472087343943
2021-07-29,30.857218575076832
2021-07-30,30.510101892339463
2021-08-02,30.561902592432936
2021-08-03,30.533226628338813
2021-08-04,29.86785259821137
2021-08-05,30.05531604111141
2021-08-06,29.68720754113747
2021-08-09,29.81455799893543
2021-08-10,29.89726541148355
2021-08-11,29.94163314187843
2021-08-12,29.94112431100219
2021-08-13,29.8465168012274
2021-08-16,29.712971212206565
2021-08-17,28.86425672168327
2021-08-18,28.8194079602163
2021-08-19,28.535599115480228
2021-08-20,28.781312367661844
2021-08-23,29.17400335089854
2021-08-24,29.328677373929043
2021-08-25,29.4453994865284
2021-08-26,29.13988839284836
2021-08-27,29.406784666796536
2021-08-30,29.620414565128364
2021-08-31,29.67857860087994
2021-09-01,29.63817755489101
2021-09-02,29.634734071643678
2021-09-03,29.624269621288605
2021-09-07,29.730557467271996
2021-09-08,29.800806685079333
2021-09-09,29.75259548805493
2021-09-10,29.578770939006542
2021-09-13,29.64345809853166
2021-09-14,29.55914132127127
2021-09-15,29.769458700715678
2021-09-16,29.92780591412984
2021-09-17,29.844271830171177
2021-09-20,29.400417775986103
2021-09-21,29.4027417904398
2021-09-22,29.800823711294896
2021-09-23,30.06396666988004
2021-09-24,29.99441244145652
2021-09-27,30.37078339801353
2021-09-28,29.812752627204585
2021-09-29,29.822851060682535
2021-09-30,29.33897011427237
2021-10-01,29.55234459927462
2021-10-04,29.27997906201221
2021-10-05,29.45656844182621
2021-10-06,29.550497073015347
2021-10-07,30.17497618977648
2021-10-08,30.06260247484621
2021-10-11,30.00159963066144
2021-10-12,30.20508054408328
2021-10-13,30.33876797932658
2021-10-14,30.64691985771888
2021-10-15,31.11634491108965
2021-10-18,31.481045077586582
2021-10-19,31.376726559651026
2021-10-20,31.246091605068763
2021-10-21,31.565590526418227
2021-10-22,31.44011911853473
2021-10-25,32.17330732303667
2021-10-26,32.13642277207069
2021-10-27,31.547495259600478
2021-10-28,31.50123880143518
2021-10-29,32.35981181186217
2021-11-01,33.06945224141469
2021-11-02,32.86714784148219
2021-11-03,33.016739516348515
2021-11-04,33.3333298510393
2021-11-05,33.55338787738809
2021-11-08,33.070750955682826
2021-11-09,32.340437081289814
2021-11-10,32.195626712851954
2021-11-11,32.25407001164692
2021-11-12,32.19866034538923
2021-11-15,32.12129972840238
2021-11-16,32.34417977825819
2021-11-17,32.3468983383422
2021-11-18,32.61772646467657
2021-11-19,32.72888683643287
2021-11-22,32.660126310268744
2021-11-23,32.381509094793586
2021-11-24,32.47865210708464
2021-11-26,31.611313392758912
2021-11-29,32.13037729679631
2021-11-30,31.717419984876837
2021-12-01,31.093810330544105
2021-12-02,31.488115012637056
2021-12-03,30.863868430699338
2021-12-06,31.34145458700928
2021-12-07,31.89125914557368
2021-12-08,32.08127271175308
2021-12-09,31.50960571882443
2021-12-10,31.72604318030617
2021-12-13,30.911512351492597
2021-12-14,30.71887971865653
2021-12-15,31.13366132721092
2021-12-16,30.38316986747991
2021-12-17,30.17475410104452
2021-12-20,29.94925532704845
2021-12-21,30.69341751364254
2021-12-22,31.244530509926857
2021-12-23,31.66576612107023
2021-12-27,31.96741809610378
2021-12-28,31.98349635902399
2021-12-29,32.05052197304288
2021-12-30,31.920330640039403
2021-12-31,31.83584358023727
2022-01-03,32.64704608612589
2022-01-04,32.52513609644541
2022-01-05,31.627621581658406
2022-01-06,31.53546471000034
2022-01-07,31.042327245861863
2022-01-10,30.81192077314526
2022-01-11,31.13781956539807
2022-01-12,31.339162606041985
2022-01-13,30.7084141650968
2022-01-14,30.531490885697263
2022-01-18,29.9523860313125
2022-01-19,29.39317646489115
2022-01-20,28.87977942310038
2022-01-21,28.044853666645245
2022-01-24,28.30057440860885
2022-01-25,27.817123753314306
2022-01-26,27.74791649406646
2022-01-27,26.9155741407626
2022-01-28,27.48151295309603
2022-01-31,28.54983214533737
2022-02-01,28.454088425078677
2022-02-02,28.174243281138327
2022-02-03,26.54575176992716
2022-02-04,27.24963808135608
2022-02-07,27.108148872096876
2022-02-08,27.48742094249729
2022-02-09,27.828827847065103
2022-02-10,27.340381806804256
2022-02-11,26.531661284552484
2022-02-14,26.65621379546796
2022-02-15,27.201942426503955
2022-02-16,27.250337715170964
2022-02-17,26.502016734524407
2022-02-18,26.326060628355844
2022-02-22,25.497495587966323
2022-02-23,24.613586601059943
2022-02-24,25.101852851833307
2022-02-25,25.60186654968539
2022-02-28,25.77638678895784
2022-03-01,25.274741306649045
2022-03-02,25.72278320131405
2022-03-03,25.094165873001643
2022-03-04,24.684613130388684
2022-03-07,23.481193997651168
2022-03-08,23.588674785445985
2022-03-09,24.273128843506807
2022-03-10,24.521574241814875
2022-03-11,24.04635015978268
2022-03-14,23.658378952932857
2022-03-15,24.4548122879562
2022-03-16,25.26877954015737
2022-03-17,25.66941135636645
2022-03-18,26.201025161068973
2022-03-21,26.35016610258095
2022-03-22,26.84302374650456
2022-03-23,26.529610412479617
2022-03-24,26.747333493217788
2022-03-25,26.724445226916203
2022-03-28,27.44904139993061
2022-03-29,27.9587560336814
2022-03-30,27.560943052110893
2022-03-31,27.04219661372688
2022-04-01,26.965724827044895
2022-04-04,27.57300732249094
2022-04-05,26.95953767076113
2022-04-06,26.29351001314941
2022-04-07,26.442162670902768
2022-04-08,26.21829984503555
2022-04-11,25.749155587387826
2022-04-12,25.83091034570348
2022-04-13,26.483071345267884
2022-04-14,26.11504657531814
2022-04-18,26.232631628908106
2022-04-19,26.9897162880257
2022-04-20,26.480011726067808
2022-04-21,26.07595318525141
2022-04-22,25.507040803729755
2022-04-25,25.696120793604504
2022-04-26,24.299485397091125
2022-04-27,24.123192770735336
2022-04-28,24.282332711521327
2022-04-29,23.89939094750705
2022-05-02,24.161033323712434
2022-05-03,23.984812495108077
2022-05-04,24.665127208611157
2022-05-05,23.06477485844228
2022-05-06,22.79931601524042
2022-05-09,21.85077429167065
2022-05-10,21.65769440890509
2022-05-11,21.03603763359283
2022-05-12,21.178825421459607
2022-05-13,22.047419456162345
2022-05-16,21.579899431907787
2022-05-17,22.08850308937497
2022-05-18,20.640800859897496
2022-05-19,20.793640781631478
2022-05-20,20.46665606648762
2022-05-23,20.62609413843431
2022-05-24,20.06762951822768
2022-05-25,20.596745449572136
2022-05-26,21.59118435550492
2022-05-27,22.33880031724676
2022-05-31,22.417684069790067
2022-06-01,22.18685082898637
2022-06-02,22.897030766057608
2022-06-03,22.225224953783428
2022-06-06,22.50343070791918
2022-06-07,22.59494385694244
2022-06-08,22.484802920134552
2022-06-09,22.0768891846206
2022-06-10,21.197361258407525
2022-06-13,20.26130762865898
2022-06-14,20.263793919646343
2022-06-15,20.84628675033422
2022-06-16,19.81664958894212
2022-06-17,20.079994096202363
2022-06-21,21.395342801897243
2022-06-22,21.208730815132007
2022-06-23,21.571524028077928
2022-06-24,22.50470079133721
2022-06-27,22.31182057243123
2022-06-28,21.48508863472405
2022-06-29,21.476723175833826
2022-06-30,21.16343301990065
2022-07-01,21.390213647604824
2022-07-05,21.883650992487063
2022-07-06,21.817043121002904
2022-07-07,22.410983845675243
2022-07-08,22.42388467736537
2022-07-11,21.790412583011346
2022-07-12,21.655326089747145
2022-07-13,21.876478143217387
2022-07-14,21.901317724423617
2022-07-15,22.27852273695437
2022-07-18,22.34407580899263
2022-07-19,23.04903396905597
2022-07-20,23.25452531008992
2022-07-21,23.891092266630764
2022-07-22,23.826158000249183
2022-07-25,23.73515017117776
2022-07-26,22.92524637547898
2022-07-27,23.72603997200529
2022-07-28,23.79042289486557
2022-07-29,24.90902756169898
2022-08-01,24.97908799509235
2022-08-02,24.737087726785163
2022-08-03,25.251436885460343
2022-08-04,25.3945282942288
2022-08-05,24.970465326875203
2022-08-08,25.115644874535818
2022-08-09,24.734609484847503
2022-08-10,25.47788700242693
2022-08-11,25.340127595867777
2022-08-12,25.943424979560152
2022-08-15,26.118920062644992
2022-08-16,26.33067839058994
2022-08-17,25.781806326513166
2022-08-18,25.767508436268724
2022-08-19,25.239514527813014
2022-08-22,24.53561998916708
2022-08-23,24.59455469811509
2022-08-24,24.69841326701776
2022-08-25,25.032885563653743
2022-08-26,24.06858292943843
2022-08-29,23.942475069279983
2022-08-30,23.67927587321112
2022-08-31,23.43102604113192
2022-09-01,23.614390543027568
2022-09-02,23.41596123216719
2022-09-06,23.349148234713788
2022-09-07,24.076420154714057
2022-09-08,24.271662541438072
2022-09-09,24.72596026655877
2022-09-12,25.05236596706072
2022-09-13,23.77920387447103
2022-09-14,24.09609225125231
2022-09-15,23.938138032599102
2022-09-16,23.76261309682143
2022-09-19,24.218092817034016
2022-09-20,23.83549676319149
2022-09-21,23.308361104860747
2022-09-22,22.77142746493174
2022-09-23,22.270912113844737
2022-09-26,22.275671306449205
2022-09-27,22.358238997937683
2022-09-28,22.996381043377237
2022-09-29,22.222364884845447
2022-09-30,21.808561538883268
2022-10-03,21.86272306414638
2022-10-04,22.68285832090533
2022-10-05,22.59255263819788
2022-10-06,22.44991579676492
2022-10-07,21.68590736892393
2022-10-10,21.60762213223411
2022-10-11,21.44568735997175
2022-10-12,21.523678064465997
2022-10-13,21.74258808243073
2022-10-14,20.91227938263352
2022-10-17,21.761645851500827
2022-10-18,21.970556802124214
2022-10-19,21.53202442030169
2022-10-20,21.17330561349911
2022-10-21,21.888860665655617
2022-10-24,22.04647627607506
2022-10-25,22.822420261393557
2022-10-26,22.498809544723034
2022-10-27,22.09593415175267
2022-10-28,22.65098061762112
2022-10-31,22.54362405949865
2022-11-01,22.312251491518577
2022-11-02,21.38417487372861
2022-11-03,21.27638808047489
2022-11-04,21.48715998089464
2022-11-07,21.340873658565773
2022-11-08,21.18712934681193
2022-11-09,20.78287453090753
2022-11-10,22.301254571707243
2022-11-11,22.842620235264167
2022-11-14,22.44579223966529
2022-11-15,22.778292371414736
2022-11-16,22.46337052269495
2022-11-17,22.29807930748348
2022-11-18,22.32720079488353
2022-11-21,21.9948595272008
2022-11-22,22.23452674242352
2022-11-23,22.46414999708197
2022-11-25,22.57906173334413
2022-11-28,22.449169459461856
2022-11-29,22.388983413659968
2022-11-30,23.164247777181064
2022-12-01,23.141056941454472
2022-12-02,23.118754170436336
2022-12-05,22.4586621209451
2022-12-06,22.078564881436307
2022-12-07,21.948531674764595
2022-12-08,22.169612716635797
2022-12-09,22.104035579609324
2022-12-12,22.185980825079376
2022-12-13,22.18835747816724
2022-12-14,21.97958556597366
2022-12-15,21.756956399489766
2022-12-16,21.38731847476185
2022-12-19,22.09689831008915
2022-12-20,21.80886859843808
2022-12-21,22.023568969777585
2022-12-22,21.48536998973938
2022-12-23,21.63949312751633
2022-12-27,21.286255889895845
2022-12-28,21.14211411864901
2022-12-29,21.690045338643127
2022-12-30,21.666871110847843
2023-01-03,21.635161702338632
2023-01-04,21.970813559598884
2023-01-05,21.774437353645787
2023-01-06,22.365383535031285
2023-01-09,22.486804009119503
2023-01-10,22.73281433072068
2023-01-11,23.41364942274955
2023-01-12,23.48819111857366
2023-01-13,23.79428003412068
2023-01-17,23.88110760469816
2023-01-18,23.595974520817883
2023-01-19,23.1776756590084
2023-01-20,23.79414122832092
2023-01-23,24.245519347755472
2023-01-24,24.251742805159303
2023-01-25,24.441813716880706
2023-01-26,24.99805260553656
2023-01-27,25.596598036776797
2023-01-30,25.3218522437492
2023-01-31,25.87825045961215
2023-02-01,26.04121753808875
2023-02-02,26.802113409084114
2023-02-03,26.287535464345265
2023-02-06,26.225262106629582
2023-02-07,26.1713286121524
2023-02-08,25.950734111963477
2023-02-09,25.69165868813013
2023-02-10,25.37379262739804
2023-02-13,25.77898929654777
2023-02-14,26.05212642732305
2023-02-15,26.36108434084244
2023-02-16,25.79365005254491
2023-02-17,25.78645789636496
2023-02-21,25.00518122799716
2023-02-22,25.118577382601043
2023-02-23,25.12220258309426
2023-02-24,24.697760914333625
2023-02-27,24.986204986458755
2023-02-28,24.82879721004919
2023-03-01,24.559553234880543
2023-03-02,24.490746066351537
2023-03-03,25.00493264153395
2023-03-06,24.83445121053841
2023-03-07,24.50134008108376
2023-03-08,24.44755341836431
2023-03-09,23.864960871702586
2023-03-10,23.61914023703261
2023-03-13,23.671353504767264
2023-03-14,24.05777628296364
2023-03-15,23.988122651388448
2023-03-16,24.45552800757764
2023-03-17,24.161966710577232
2023-03-20,24.1814904298962
2023-03-21,24.774615284478557
2023-03-22,24.195804511526703
2023-03-23,24.16593363272001
2023-03-24,24.082613758734443
2023-03-27,24.039263991957647
2023-03-28,24.06026831970152
2023-03-29,24.52839786232753
2023-03-30,24.69903742235412
2023-03-31,25.427317233415984
2023-04-03,24.87147896075265
2023-04-04,24.825690826949465
2023-04-05,24.31804052127508
2023-04-06,24.29907117964921
2023-04-10,24.4234628203465
2023-04-11,24.471613591287756
2023-04-12,24.093922365267264
2023-04-13,24.62184013026132
2023-04-14,24.656123388948146
2023-04-17,24.825646532239908
2023-04-18,24.857332581970507
2023-04-19,24.61372045811329
2023-04-20,24.408937618927336
2023-04-21,24.672733467895338
2023-04-24,24.632417177048865
2023-04-25,23.989094511953773
2023-04-26,23.82121422359796
2023-04-27,24.23910193438815
2023-04-28,24.085538970886127
2023-05-01,23.83193198658687
2023-05-02,23.68471569598436
2023-05-03,23.498277189214058
2023-05-04,23.212794669294876
2023-05-05,23.634367397144285
2023-05-08,23.720774349793107
2023-05-09,23.690432630943118
2023-05-10,23.799357922659613
2023-05-11,23.909372878481943
2023-05-12,23.705967626361318
2023-05-15,23.71807878562534
2023-05-16,23.661675478157026
2023-05-17,24.177258354692377
2023-05-18,24.524063393791067
2023-05-19,24.347460045653733
2023-05-22,24.266695391201424
2023-05-23,24.033518765508543
2023-05-24,23.957114696425805
2023-05-25,23.82733080444589
2023-05-26,24.374898512231
2023-05-30,24.554447363302728
2023-05-31,24.34914923764703
2023-06-01,24.65283420666462
2023-06-02,25.215707676121845
2023-06-05,25.30487678472158
2023-06-06,25.560757582705936
2023-06-07,25.369790936799024
2023-06-08,25.745106508089677
2023-06-09,25.868527266864053
2023-06-12,26.29114059527919
2023-06-13,26.57478654640428
2023-06-14,26.541136011363022
2023-06-15,26.61840132110216
2023-06-16,26.51499044234301
2023-06-20,26.036753723524008
2023-06-21,25.752136286534853
2023-06-22,26.061166570400587
2023-06-23,25.73511513284248
2023-06-26,25.3277586108612
2023-06-27,25.84683778041832
2023-06-28,25.945935936556065
2023-06-29,25.987301374275265
2023-06-30,26.276398640162288
2023-07-03,26.36422326319293
2023-07-05,26.6286156075277
2023-07-06,26.17423833430253
2023-07-07,26.195283170718746
2023-07-10,26.218165639819876
2023-07-11,26.42824490565229
2023-07-12,26.66010454197252
2023-07-13,26.884828628581705
2023-07-14,26.894616863169336
2023-07-17,27.016704253008857
2023-07-18,27.079500251735958
2023-07-19,26.939608278590324
2023-07-20,25.94444972928633
2023-07-21,25.93282822405749
2023-07-24,26.070075211549312
2023-07-25,25.89374000140917
2023-07-26,25.6797876840533
2023-07-27,25.34994687933237
2023-07-28,25.785743914093604
2023-07-31,25.82571328167548
2023-08-01,25.45992136259842
2023-08-02,25.005529100197325
2023-08-03,24.76776036428716
2023-08-04,24.654687985051325
2023-08-07,24.896676083982346
2023-08-08,24.68730077852009
2023-08-09,24.38022688978309
2023-08-10,24.42581376477147
2023-08-11,24.343765964462897
2023-08-14,24.42539952405144
2023-08-15,24.05047976534924
2023-08-16,23.713101542763376
2023-08-17,23.28110694286076
2023-08-18,23.209304583544714
2023-08-21,23.46332153831435
2023-08-22,23.439084063881992
2023-08-23,23.634652530847585
2023-08-24,23.14565101765374
2023-08-25,23.436943093762167
2023-08-28,23.536992837869004
2023-08-29,24.11387542195997
2023-08-30,24.20685149156993
2023-08-31,24.2909711749128
2023-09-01,24.144220782666157
2023-09-05,24.148267839153828
2023-09-06,23.898658092531807
2023-09-07,23.9724307570247
2023-09-08,23.976370121679757
2023-09-11,24.617778485200446
2023-09-12,24.410170276531304
2023-09-13,24.539107847800423
2023-09-14,24.7640598406082
2023-09-15,24.304247383446075
2023-09-18,24.08313645458453
2023-09-19,23.9344760670512
2023-09-20,23.709276152336844
2023-09-21,23.060217716870877
2023-09-22,22.84123933466566
2023-09-25,22.97029991409919
2023-09-26,22.564282033010805
2023-09-27,22.4287613213246
2023-09-28,22.6461930654594
2023-09-29,22.774895143565697
2023-10-02,22.803688293610357
2023-10-03,22.208238190531944
2023-10-04,22.660994970708987
2023-10-05,22.542435165648573
2023-10-06,22.688503750063507
2023-10-09,22.71350544107232
2023-10-10,22.971668551132545
2023-10-11,23.05719592389443
2023-10-12,22.80880743799368
2023-10-13,22.464745429486083
2023-10-16,22.75824528182001
2023-10-17,22.65342242617252
2023-10-18,22.250228835211733
2023-10-19,21.883070970710254
2023-10-20,21.54896946452134
2023-10-23,21.58793809463629
2023-10-24,21.80595135546878
2023-10-25,21.46307505686523
2023-10-26,20.874622519947664
2023-10-27,21.09268719006373
2023-10-30,21.26536647583293
2023-10-31,21.400615779609755
2023-11-01,21.540026735397497
2023-11-02,22.00541241823315
2023-11-03,22.381077678369284
2023-11-06,22.348122134599198
2023-11-07,22.55503273733793
2023-11-08,22.49256824690131
2023-11-09,22.14836372220111
2023-11-10,22.457280661074243
2023-11-13,22.4559859069282
2023-11-14,23.359504147244603
2023-11-15,23.339890790659076
2023-11-16,23.122560882485846
2023-11-17,23.235833241066203
2023-11-20,23.347051918401338
2023-11-21,23.383781661049436
2023-11-22,23.469603974992385
2023-11-24,23.499636360761713
2023-11-27,23.50188551594542
2023-11-28,23.666082333766404
2023-11-29,23.673898961831966
2023-11-30,23.441553509679768
2023-12-01,23.701035848542826
2023-12-04,23.743565993936308
2023-12-05,23.52916717645237
2023-12-06,23.692687808830847
2023-12-07,23.840356084586148
2023-12-08,23.957168341751693
2023-12-11,24.080098280034797
2023-12-12,24.07222205067481
2023-12-13,24.442641187134477
2023-12-14,24.866076319136347
2023-12-15,24.771158860924388
2023-12-18,24.8182596143287
2023-12-19,25.55207524118959
2023-12-20,25.066631070976022
2023-12-21,25.37238206783772
2023-12-22,25.22357849737758
2023-12-26,25.321536947071568
2023-12-27,25.39575072322771
2023-12-28,25.374771933274477
2023-12-29,25.12332777813587
2024-01-02,24.934689896921878
2024-01-03,24.090190965660874
2024-01-04,23.965233067072358
2024-01-05,23.947966689316754
2024-01-08,24.325643869072188
2024-01-09,24.22001143129944
2024-01-10,24.42019853534453
2024-01-11,24.414663781779574
2024-01-12,24.109416775506226
2024-01-16,24.09374520129296
2024-01-17,23.867932908605724
2024-01-18,23.98930623470658
2024-01-19,24.227739621294635
2024-01-22,24.186352078894302
2024-01-23,23.92980805601209
2024-01-24,23.959238833162726
2024-01-25,24.0646080995376
2024-01-26,23.872451220284134
2024-01-29,24.130959790211755
2024-01-30,24.066578822673694
2024-01-31,23.30645558900193
2024-02-01,23.12264675306598
2024-02-02,23.397997350195645
2024-02-05,23.240076269646124
2024-02-06,23.165315533846883
2024-02-07,23.380114379198748
2024-02-08,23.346064817230122
2024-02-09,23.53914694270007
2024-02-13,22.96668574986063
2024-02-14,23.17294120491736
2024-02-15,23.409339024900873
2024-02-16,23.36319837176217
2024-02-20,23.217406183015207
2024-02-21,23.23624512205441
2024-02-22,23.621761849373563
2024-02-23,23.591988888460186
2024-02-26,23.52736448219699
2024-02-27,23.744856385432747
2024-02-28,23.792256257263162
2024-02-29,23.92815120899487
2024-03-01,24.005294344759342
2024-03-04,23.835126602117278
2024-03-05,23.49549410556758
2024-03-06,23.33556206131373
2024-03-07,23.386261815811444
2024-03-08,23.36396004632782
2024-03-11,23.311662366567976
2024-03-12,23.49630770787986
2024-03-13,23.445347101736754
2024-03-14,23.282805438879706
2024-03-15,23.071113438660127
2024-03-18,23.613396538478764
2024-03-19,23.81930269612185
2024-03-20,24.177798979525633
2024-03-21,24.35106099331501
2024-03-22,24.099690029943048
2024-03-25,24.01613158292484
2024-03-26,24.073934467434142
2024-03-27,24.347249990137374
2024-03-28,24.388438602956374
2024-04-01,24.115792312213724
2024-04-02,23.78372463414302
2024-04-03,23.848800097526443
2024-04-04,23.594430456713972
2024-04-05,23.72963920271604
2024-04-08,23.917366805845983
2024-04-09,24.022220947649462
2024-04-10,23.69056723314254
2024-04-11,23.821291310728967
2024-04-12,23.508284573515553
2024-04-15,23.135990821341192
2024-04-16,22.99950581881882
2024-04-17,22.89886127706665
2024-04-18,22.84283113277579
2024-04-19,22.54583711918746
2024-04-22,22.660809112943383
2024-04-23,22.741516326800898
2024-04-24,22.999432030272953
2024-04-25,22.836589559409816
2024-04-26,23.07087497429005
2024-04-29,23.596601222805173
2024-04-30,22.817366926087622
2024-05-01,22.400708112382937
2024-05-02,22.65502180041308
2024-05-03,22.82025173553425
2024-05-06,23.049539401558818
2024-05-07,22.87617945346786
2024-05-08,22.796225934146456
2024-05-09,22.948522174959507
2024-05-10,22.885368149870825
2024-05-13,22.849489122886197
2024-05-14,22.927026496922068
2024-05-15,22.960578440713274
2024-05-16,22.81858112119577
2024-05-17,22.93066011872614
2024-05-20,22.762764179349983
2024-05-21,22.87713335668107
2024-05-22,22.6249762888818
2024-05-23,22.255256458473177
2024-05-24,22.46716858401516
2024-05-28,22.408634738933188
2024-05-29,22.258258396036023
2024-05-30,22.37729419726686
2024-05-31,22.493322489683617
2024-06-03,22.510202257694502
2024-06-04,22.446907799063226
2024-06-05,22.62761417292874
2024-06-06,22.699320771025114
2024-06-07,22.70503756589921
2024-06-10,22.86215567870956
2024-06-11,22.708605596730067
2024-06-12,22.902126742315943
2024-06-13,22.95205372343889
2024-06-14,22.767767813455375
2024-06-17,23.076676867029704
2024-06-18,23.057960980546177
2024-06-20,23.160283597985387
2024-06-21,23.300669952055856
2024-06-24,23.298380824913828
2024-06-25,22.793511833639464
2024-06-26,23.303193459612228
2024-06-27,23.43912412904967
2024-06-28,23.25050455790715
2024-07-01,23.120339651228416
2024-07-02,23.530707495242265
2024-07-03,23.98913028452875
2024-07-05,24.166628520717904
2024-07-08,24.190497984371262
2024-07-09,24.130789427223423
2024-07-10,24.44849888793598
2024-07-11,24.66225858940377
2024-07-12,24.451791931080678
2024-07-15,24.343702548225757
2024-07-16,24.828292149715164
2024-07-17,24.43142204460656
2024-07-18,24.18868327732166
2024-07-19,23.960934214150402
2024-07-22,24.197095745213204
2024-07-23,23.862818525969292
2024-07-24,22.96069787528615
2024-07-25,22.93042204961301
2024-07-26,23.17822825768762
2024-07-29,23.542327248750418
2024-07-30,23.524072895256495
2024-07-31,23.73219335968719
2024-08-01,22.925697690210153
2024-08-02,22.028903552580367
2024-08-05,21.41707387009023
2024-08-06,21.671524065474124
2024-08-07,21.32228589788772
2024-08-08,21.736845330739794
2024-08-09,21.811544733058586
2024-08-12,21.696805849957
2024-08-13,22.26582641415812
2024-08-14,22.174393962484693
2024-08-15,22.74780272925325
2024-08-16,22.928479651305924
2024-08-19,23.191947946264484
2024-08-20,23.208065942962058
2024-08-21,23.525588395603233
2024-08-22,23.063558182595855
2024-08-23,23.602496010668286
2024-08-26,23.336278293424595
2024-08-27,23.347761554939648
2024-08-28,23.188773536484838
2024-08-29,23.056101130480464
2024-08-30,23.417739620605172
2024-09-03,23.072076586860934
2024-09-04,23.062777840538715
2024-09-05,23.21247130683056
2024-09-06,22.80078133714569
2024-09-09,23.121020441420093
2024-09-10,23.05134412279513
2024-09-11,23.498921703481027
2024-09-12,23.888903121378114
2024-09-13,24.04915697844348
2024-09-16,24.10160451316469
2024-09-17,24.135617451967313
2024-09-18,24.145425799303336
2024-09-19,24.389803888385142
2024-09-20,24.57360374536599
2024-09-23,24.733501219699367
2024-09-24,24.277014655286013
2024-09-25,24.04835658012089
2024-09-26,24.439504388176736
2024-09-27,24.42198730402167
2024-09-30,24.32999653385652
2024-10-01,24.348165825102516
2024-10-02,24.19236428349831
2024-10-03,24.028873611666672
2024-10-04,24.147794351217097
2024-10-07,24.017937340934473
2024-10-08,24.046781039427664
2024-10-09,24.376688301371146
2024-10-10,24.132773719639566
2024-10-11,24.03327468103071
2024-10-14,24.1770501166572
2024-10-15,24.154439202265817
2024-10-16,24.35449198990599
2024-10-17,24.281714681218887
2024-10-18,24.382622429916843
2024-10-21,24.140146027488104
2024-10-22,24.15198874204377
2024-10-23,23.802998278993712
2024-10-24,23.880928356031745
2024-10-25,24.27205982964983
2024-10-28,24.553952110162545
2024-10-29,24.32993440145287
2024-10-30,24.457605292495078
2024-10-31,23.688638752059177
2024-11-01,23.94949151713815
2024-11-04,23.984078702785425
2024-11-05,24.220608526366746
2024-11-06,24.655011231724338
2024-11-07,25.231628081696876
2024-11-08,25.495122386993806
2024-11-11,26.15930493699736
2024-11-12,26.11069551748707
2024-11-13,26.140533326295785
2024-11-14,26.048493895392063
2024-11-15,25.516707358737268
2024-11-18,25.5492461482344
2024-11-19,25.38869385685613
2024-11-20,25.35083791641581
2024-11-21,25.83804023745315
2024-11-22,26.087742562211588
2024-11-25,26.634936144444843
2024-11-26,26.20362719008135
2024-11-27,26.400683876169747
2024-11-29,26.531517956053698
2024-12-02,26.491075723957174
2024-12-03,26.735364179063264
2024-12-04,26.85782554937578
2024-12-05,27.032837645364896
2024-12-06,27.532883565406827
2024-12-09,27.699519774938164
2024-12-10,27.576927349310434
2024-12-11,27.70853508672583
2024-12-13,27.96219159812969
2024-12-16,27.762818004433147
2024-12-17,28.265866926864607
2024-12-18,27.251278488480033
2024-12-19,27.465910898721223
2024-12-20,27.752330971672563
2024-12-23,27.47855700077439
2024-12-24,27.868636256812977
2024-12-26,26.662552784920457
2024-12-27,26.55178723999653
2024-12-30,26.237424550872362
2024-12-31,25.968149096545577
2025-01-02,25.650482351619367
2025-01-03,25.777269395696035
2025-01-06,25.896577943017014
2025-01-07,25.500642388861934
2025-01-08,25.607310529427917
2025-01-10,25.285024790425098
2025-01-13,25.366868741799028
2025-01-14,25.550437234088015
2025-01-15,25.828672380551183
2025-01-16,26.12585960341649
2025-01-17,26.352731546977736
2025-01-21,26.472158834995046
2025-01-22,26.33719159506953
2025-01-23,26.67378800036409
2025-01-24,26.490736830805282
2025-01-27,26.82946354652556
2025-01-28,26.246690370711622
2025-01-29,26.403747378957558
2025-01-30,26.60142537833357
2025-01-31,26.384455596032126
2025-02-03,26.222932415763363
2025-02-04,26.4318307560807
2025-02-05,26.335321367304054
2025-02-06,25.977051247283228
2025-02-07,25.638948735171798
2025-02-10,25.669558677172255
2025-02-11,25.547878027307103
2025-02-12,25.300131109632563
2025-02-13,25.56007744228378
2025-02-14,25.73502719672497
2025-02-18,25.63271501967812
2025-02-19,25.514870381105915
2025-02-20,25.412759033313044
2025-02-21,24.733194807333508
2025-02-24,24.64846949014834
2025-02-25,24.737114695758887
2025-02-26,24.45147120660515
2025-02-27,23.96065372937642
2025-02-28,24.324306243327097
2025-03-03,23.906877928208782
2025-03-04,23.455254462913956
2025-03-05,23.936199636818184
2025-03-06,23.38482467678126
2025-03-07,23.381271413580496
2025-03-10,22.912631167119592
2025-03-11,22.600472819984137
2025-03-12,22.53382333053616
2025-03-13,22.01181069319105
2025-03-14,22.458836959044003
2025-03-17,22.660491258824766
2025-03-18,22.344680570159692
2025-03-19,22.751508723962345
2025-03-20,22.678084843192398
2025-03-21,22.727513909853474
2025-03-24,23.34410428053492
2025-03-25,23.436392671587495
2025-03-26,23.28077043586113
2025-03-27,23.123735221950437
2025-03-28,22.49526349438942
2025-03-31,22.581700129950573
2025-04-01,22.750192542428344
2025-04-02,23.05827999191541
2025-04-03,21.67741227135198
2025-04-04,21.012319441159413
2025-04-07,20.767725889623133
2025-04-08,20.27373122431235
2025-04-09,22.158658918573344
2025-04-10,21.44522381784784
2025-04-11,21.642761920074154
2025-04-14,21.87160655568918
2025-04-15,21.743914055950565
2025-04-16,21.333258577033444
2025-04-17,21.609072896188355
2025-04-21,21.22349349271574
2025-04-22,22.748989133377894
2025-04-23,23.226761338667597
2025-04-24,23.822734733131593
2025-04-25,24.006298932346503
2025-04-28,24.35803939736801
2025-04-29,24.430596835044916
2025-04-30,24.3604783539985
2025-05-01,24.572373911712308
2025-05-02,24.969169392351407
2025-05-05,24.65507198849277
2025-05-06,24.389375757352873
2025-05-07,24.53007766270777
2025-05-08,24.821496591429963
2025-05-09,24.77554378199711
2025-05-12,26.127901559569704
2025-05-13,26.450476238272863
2025-05-14,26.53269556384415
2025-05-15,26.75478326191508
2025-05-16,26.9982812109067
2025-05-19,26.88461525280707
2025-05-20,26.584222331332086
2025-05-21,26.068422787802465
2025-05-22,26.08122994389969
2025-05-23,25.884033071430814
2025-05-27,26.45244376467187
2025-05-28,26.41039456900305
2025-05-29,26.4509173768523
2025-05-30,26.50193316358271
2025-06-02,26.291743324904452
2025-06-03,26.513053806866527
2025-06-04,26.514117144674675
2025-06-05,26.25308356116132
2025-06-06,25.905934649706666
2025-06-09,26.145288712296207
2025-06-10,26.483063174381375
2025-06-11,26.3680735801184
2025-06-12,26.33427922202554
2025-06-13,25.840656402189914
2025-06-16,26.25173981427949
2025-06-17,25.93246236726664
2025-06-18,25.821120569991614
2025-06-20,25.901171428681717
2025-06-23,26.17105149355964
2025-06-24,26.789706037893588
2025-06-25,26.421041521656917
2025-06-26,26.607266324277408
2025-06-27,27.046815684826896
2025-06-30,26.99247226769939
2025-07-01,27.40721272275476
2025-07-02,27.14961239503476
2025-07-03,27.42457918317038
2025-07-07,27.2312342696339
2025-07-08,26.99623565036752
2025-07-09,27.226927862412637
2025-07-10,27.376220020448656
2025-07-11,27.495739666019304
2025-07-14,27.522131858917025
2025-07-15,27.102387379192702
2025-07-16,27.12744318774832
2025-07-17,27.355478121057804
2025-07-18,27.412267955470014
2025-07-21,27.53565362689689
2025-07-22,27.919614611282082
2025-07-23,28.16862995094123
2025-07-24,27.58058232100363
2025-07-25,27.5989595784556
2025-07-28,27.68488688044428
2025-07-29,27.48519030968895
2025-07-30,27.28088873005051
2025-07-31,26.87435227449162
2025-08-01,26.068344985914564
2025-08-04,26.243259364169592
2025-08-05,26.380862408734643
2025-08-06,26.73747170017961
2025-08-07,26.800474901333843
2025-08-08,26.847174666703054
2025-08-11,26.840736383640664
2025-08-12,27.3224441929635
2025-08-13,27.782916523372364
2025-08-14,27.578683760778524
2025-08-15,27.571407138474072
2025-08-18,27.571446245462095
2025-08-19,27.705707233496003
2025-08-20,27.274488036420568
2025-08-21,27.06331543510443
2025-08-22,27.780418407278685
2025-08-25,27.713966502742448
2025-08-26,27.864435806392116
2025-08-27,27.969449614299286
2025-08-28,27.97728996769172
2025-08-29,27.78981192376776
2025-09-02,27.63245789603012
2025-09-03,27.490635804025665
2025-09-04,28.053548348358532
2025-09-05,27.943944966936748
2025-09-08,28.230292994497056
2025-09-09,28.05568849083896
2025-09-10,27.759953664781367
2025-09-11,28.191403721354057
2025-09-12,28.08141112052176
2025-09-15,28.49009947882952
2025-09-16,28.678568201757162
2025-09-17,28.77979676569651
2025-09-18,28.7299528238851
2025-09-19,28.576539101033227
2025-09-22,28.554187493463544
2025-09-23,28.527022304576935
2025-09-24,28.464162279134445
2025-09-25,28.424707679541296
2025-09-26,28.525330968546417
2025-09-29,28.660588260057867
2025-09-30,28.431575617462293
2025-10-01,28.492558989937073
2025-10-02,28.669198933506998
2025-10-03,28.330076096568877
2025-10-06,28.24340727656109
2025-10-07,27.70757184526272
2025-10-08,27.902552798049122
2025-10-09,27.845551752428015
2025-10-10,27.33166982014657
2025-10-13,27.52714540254869
2025-10-14,28.0115296276415
2025-10-15,27.75344696808837
2025-10-16,27.590205550365386
2025-10-17,27.769637993065608
2025-10-20,27.76512534929768
2025-10-21,28.59095417783324
2025-10-22,27.98879664259884
2025-10-23,28.048161090011128
2025-10-24,28.31579901622134
2025-10-27,28.491898084904168
2025-10-28,28.159415184804597
2025-10-29,27.905790056242257
2025-10-30,27.25901314414632
2025-10-31,27.283620987264353
2025-11-03,27.372098932755776
2025-11-04,27.7359100891463
2025-11-05,27.704391988609864
2025-11-06,27.357697749758536
2025-11-07,27.445773465751913
2025-11-10,27.346911712005955
2025-11-11,27.670637085312787
2025-11-12,27.54813379613785
2025-11-13,26.967679632414704
2025-11-14,26.5130477834361
2025-11-17,26.11666788672272
2025-11-18,25.999321661254797
2025-11-19,25.831097818354312
2025-11-20,25.504319778044163
2025-11-21,26.191545104721147
2025-11-24,25.987097477924493
2025-11-25,27.021907403955012
2025-11-26,27.0146475681591
2025-11-28,27.163290911448115
2025-12-01,27.23382808073879
2025-12-02,27.24549737855545
2025-12-03,27.39337804359207
2025-12-04,27.16964002690138
2025-12-05,27.586335752174183
2025-12-08,27.30866572881705
2025-12-09,27.13835372713357
2025-12-10,27.73723276350173
2025-12-11,27.869410675907595
2025-12-12,27.704219145091024
2025-12-15,27.932654751983165
2025-12-16,27.86279617431583
2025-12-17,27.995072393172556
2025-12-18,27.968279077469052
2025-12-19,28.14673067287942
2025-12-22,28.23454909991251
2025-12-23,28.734452489936775
2025-12-24,28.8549906695633
2025-12-29,28.595275582671995
2025-12-30,28.428076996336813
2025-12-31,28.09070087452942
2026-01-01,28.09092700816313
2026-01-02,28.055178322462854
2026-01-05,28.183065732420985
2026-01-06,28.73819159708246
2026-01-07,28.430100343336026
2026-01-08,29.032004779613544
2026-01-09,29.327817634370174
2026-01-12,29.240200298726773
2026-01-13,29.225311815988142
2026-01-14,28.688017222650604
2026-01-15,28.811339962077867
2026-01-16,28.652729857005
2026-01-20,27.970254227719636
2026-01-21,28.521473407101222
2026-01-22,28.544855493698623
2026-01-23,28.825303733021705
2026-01-26,28.86111200610722
2026-01-27,28.801100308148683
2026-01-28,28.320893483238745
2026-01-29,28.374061926587597
2026-01-30,27.87361394890743
2026-02-02,28.40661661433824
2026-02-03,27.93666042258439
2026-02-04,28.0118783775051
2026-02-05,27.183131622028778
2026-02-06,27.014823368133438
2026-02-09,26.797403613038625
2026-02-10,26.942719748807615
2026-02-11,26.813066527777014
2026-02-12,26.44824663473535
2026-02-13,26.418162809175808
2026-02-17,26.454442304481987
2026-02-18,26.58427885554451
2026-02-19,26.244688260077293
2026-02-20,26.64912278209666
2026-02-23,26.024678654426637
2026-02-24,26.436029370501654
2026-02-25,26.36598153465315
2026-02-26,26.587174337150735
2026-02-27,26.55239481809316
2026-03-02,25.989084073707183
2026-03-03,25.904362718167178
2026-03-04,26.176099369506574
2026-03-05,26.28303387841793
2026-03-06,25.90631093377095
2026-03-09,25.86119365280738
2026-03-10,25.828344896936883
2026-03-11,25.66827388269956
2026-03-12,25.201241181141892
2026-03-13,25.061981342345582
2026-03-16,25.36925644845597
2026-03-17,25.595100460099573
2026-03-18,25.007339364541036
2026-03-19,24.91051851028241
2026-03-20,24.409786777820973
2026-03-23,24.9338857379476
2026-03-24,24.980045927358976
2026-03-25,25.194669070885688
2026-03-26,24.905952165880517
2026-03-27,24.094894078496353
2026-03-30,24.162704075955276
2026-03-31,24.8089295339062
2026-04-01,24.988700816622742
2026-04-02,24.871357318600406
2026-04-06,25.22145167692778
2026-04-07,24.681648106966918
2026-04-08,25.650397575374015
2026-04-09,25.791942387347365
2026-04-10,25.81456901554824
2026-04-13,26.171189488890693
2026-04-14,26.692405617922233
2026-04-15,26.845056284450244
2026-04-16,27.048893942246146
2026-04-17,27.799398569722385
2026-04-20,27.68577265483835
2026-04-21,27.34707127089563
2026-04-22,27.213319258730603
2026-04-23,27.063669333522782
2026-04-24,27.11948330398957
2026-04-27,27.003470107072644
2026-04-28,26.675708818961496
2026-04-29,26.53627694171905
2026-04-30,26.369276164304537
2026-05-01,26.376322597332155
2026-05-04,26.217087311207912
2026-05-05,26.534654790524858
2026-05-06,26.90739236874218
2026-05-07,26.90496578210569
2026-05-08,26.734302623886567
2026-05-11,26.32739773656759
2026-05-12,26.572619434025185
2026-05-13,26.39352036666097
2026-05-14,26.538805477275684
2026-05-15,26.11828087835338
2026-05-18,26.069576243212584
2026-05-19,25.73906588052557
2026-05-20,26.30746144772224
2026-05-21,26.50210751017032
2026-05-22,26.524402945941503
2026-05-26,26.534879485396257
2026-05-27,27.093092537569678
2026-05-28,27.19899338872614
2026-05-29,26.972095885743407
2026-06-01,26.492571220003228
2026-06-02,26.030452909848215
2026-06-03,25.914563131432782
2026-06-04,26.12048793195309
2026-06-05,25.777715424593236
2026-06-08,25.45489547348814
2026-06-09,25.977954831712726
2026-06-10,25.2154432117471
2026-06-11,25.785819261729824
2026-06-12,25.877417406704144
2026-06-15,26.376513660034927
2026-06-16,26.40618312019434
2026-06-17,25.64082390887749
2026-06-18,26.044945602345884
2026-06-22,26.045361260563975
2026-06-23,25.09692122201153
2026-06-24,24.887430061602448
2026-06-25,24.84332790324941
2026-06-26,25.11946861892349
2026-06-29,25.281015530018227
2026-06-30,25.555342824512053
2026-07-01,25.709249609373682
2026-07-02,25.971499324524828
2026-07-06,25.856981955118723
2026-07-07,25.76195518651443
2026-07-08,25.20781970908113
2026-07-09,25.45571188065001
2026-07-10,25.686673795327515
2026-07-13,25.417832046792547
2026-07-14,25.292330589703294
2026-07-15,25.614041632647478
2026-07-16,25.74896104096882
2026-07-17,25.251896521916986
2026-07-20,25.086071951767877
2026-07-21,24.949437311463672
2026-07-22,24.95358884685821
2026-07-23,24.242776163009296
2026-07-24,24.049458418045745
2026-07-27,24.357967542724214
2026-07-28,24.436762618249016
2026-07-29,24.12828906811205
2026-07-30,23.997036383421236
2026-07-31,24.779908271507278
2026-08-03,24.513988779313166
2026-08-04,24.80769734052243
2026-08-05,24.935058725905606
2026-08-06,24.6047795791077
2026-08-07,24.98969452047841
2026-08-10,24.91829121111983
2026-08-11,24.937476307525056
2026-08-12,24.59275655302227
2026-08-13,24.609297053140384
2026-08-14,24.665491378734252
2026-08-17,24.297421838387546
2026-08-18,24.283873271140948
2026-08-19,24.64864726295121
2026-08-20,24.31451650521854
2026-08-21,24.30826943496247
