date,forward_pe
2003-06-12,13.036306
2003-06-13,12.868232
2003-06-16,13.130637
2003-06-17,13.137931
2003-06-18,13.181918
2003-06-19,13.18165
2003-06-20,13.169765
2003-06-23,13.013662
2003-06-24,12.915282
2003-06-25,12.903294
2003-06-26,13.012227
2003-06-27,12.893649
2003-06-30,12.919911
2003-07-01,12.858719
2003-07-02,12.948539
2003-07-03,12.844698
2003-07-07,12.893022
2003-07-08,12.815629
2003-07-09,12.685631
2003-07-10,12.442396
2003-07-11,12.538243
2003-07-14,12.526333
2003-07-15,12.35602
2003-07-16,12.170403
2003-07-17,12.094822
2003-07-18,12.325793
2003-07-21,12.104864
2003-07-22,12.309705
2003-07-23,12.226096
2003-07-24,12.254699
2003-07-25,12.304345
2003-07-28,12.252853
2003-07-29,12.213442
2003-07-30,12.078927
2003-07-31,12.129354
2003-08-01,12.085694
2003-08-04,12.094907
2003-08-05,11.895788
2003-08-06,12.036721
2003-08-07,12.093429
2003-08-08,12.176526
2003-08-11,12.186297
2003-08-12,12.294788
2003-08-13,12.429752
2003-08-14,12.467852
2003-08-15,12.469015
2003-08-18,12.376213
2003-08-19,12.338256
2003-08-20,12.479005
2003-08-21,12.52521
2003-08-22,12.378689
2003-08-25,12.38418
2003-08-26,12.403652
2003-08-27,12.420558
2003-08-28,12.428653
2003-08-29,12.466643
2003-09-02,12.660054
2003-09-03,12.744167
2003-09-04,12.745506
2003-09-05,12.70955
2003-09-08,12.845509
2003-09-09,12.742883
2003-09-10,12.760405
2003-09-11,12.733487
2003-09-12,12.822751
2003-09-15,12.785164
2003-09-16,12.902512
2003-09-17,12.818735
2003-09-18,13.006301
2003-09-19,13.033836
2003-09-22,12.902758
2003-09-23,12.997305
2003-09-24,12.85883
2003-09-25,12.871948
2003-09-26,12.995493
2003-09-29,13.131286
2003-09-30,13.079046
2003-10-01,13.199251
2003-10-02,13.285902
2003-10-03,13.337752
2003-10-06,13.39968
2003-10-07,13.328529
2003-10-08,13.253344
2003-10-09,13.395525
2003-10-10,13.369353
2003-10-13,13.406783
2003-10-14,13.456923
2003-10-15,13.294818
2003-10-16,13.347059
2003-10-17,13.313889
2003-10-20,13.361725
2003-10-21,13.281956
2003-10-22,13.236454
2003-10-23,13.106242
2003-10-24,13.087936
2003-10-27,13.111629
2003-10-28,13.11327
2003-10-29,13.139036
2003-10-30,13.11363
2003-10-31,13.101131
2003-11-03,13.224598
2003-11-04,13.10804
2003-11-05,13.104095
2003-11-06,13.075795
2003-11-07,12.960861
2003-11-10,12.967628
2003-11-11,12.960109
2003-11-12,12.91985
2003-11-13,12.867959
2003-11-14,12.83932
2003-11-17,12.693833
2003-11-18,12.512643
2003-11-19,12.753438
2003-11-20,12.700499
2003-11-21,12.721097
2003-11-24,12.870298
2003-11-25,12.934859
2003-11-26,13.014305
2003-11-28,13.052713
2003-12-01,13.15657
2003-12-02,13.13564
2003-12-03,13.10879
2003-12-04,13.189041
2003-12-05,13.232431
2003-12-08,13.314813
2003-12-09,13.22682
2003-12-10,13.240063
2003-12-11,13.302199
2003-12-12,13.322926
2003-12-15,13.325307
2003-12-16,13.38996
2003-12-17,13.469007
2003-12-18,13.616764
2003-12-19,13.655998
2003-12-22,13.766978
2003-12-23,13.853296
2003-12-24,13.834477
2003-12-26,13.829467
2003-12-29,13.958919
2003-12-30,14.008054
2003-12-31,13.962624
2004-01-02,13.951276
2004-01-05,13.953722
2004-01-06,13.915461
2004-01-07,14.040976
2004-01-08,14.024093
2004-01-09,13.97625
2004-01-12,13.919912
2004-01-13,13.895748
2004-01-14,14.025977
2004-01-15,13.936865
2004-01-16,13.964108
2004-01-20,14.088253
2004-01-21,14.298137
2004-01-22,14.311901
2004-01-23,14.233108
2004-01-26,14.140319
2004-01-27,14.078962
2004-01-28,14.11532
2004-01-29,14.090574
2004-01-30,14.022123
2004-02-02,13.981759
2004-02-03,14.048517
2004-02-04,13.861838
2004-02-05,13.757838
2004-02-06,13.863579
2004-02-09,13.87525
2004-02-10,13.969199
2004-02-11,14.012682
2004-02-12,14.066075
2004-02-13,13.941776
2004-02-17,14.089486
2004-02-18,14.158353
2004-02-19,14.006441
2004-02-20,13.939054
2004-02-23,13.978141
2004-02-24,13.927975
2004-02-25,14.091483
2004-02-26,14.146912
2004-02-27,14.313054
2004-03-01,14.425706
2004-03-02,14.367874
2004-03-03,14.366112
2004-03-04,14.399829
2004-03-05,14.507072
2004-03-08,14.455259
2004-03-09,14.424234
2004-03-10,14.278821
2004-03-11,14.080417
2004-03-12,14.144086
2004-03-15,14.132921
2004-03-16,14.212203
2004-03-17,14.461015
2004-03-18,14.387141
2004-03-19,14.331552
2004-03-22,14.176418
2004-03-23,14.088277
2004-03-24,14.076586
2004-03-25,14.126351
2004-03-26,14.149523
2004-03-29,14.228987
2004-03-30,14.312926
2004-03-31,14.329883
2004-04-01,14.485387
2004-04-02,14.435514
2004-04-05,14.456713
2004-04-06,14.461936
2004-04-07,14.335531
2004-04-08,14.298215
2004-04-12,14.061275
2004-04-13,13.825081
2004-04-14,13.79425
2004-04-15,13.863271
2004-04-16,13.912852
2004-04-19,13.855827
2004-04-20,13.748649
2004-04-21,13.746908
2004-04-22,13.895071
2004-04-23,13.908467
2004-04-26,13.900566
2004-04-27,13.805965
2004-04-28,13.763701
2004-04-29,13.562775
2004-04-30,13.581865
2004-05-03,13.361471
2004-05-04,13.368009
2004-05-05,13.270347
2004-05-06,13.234877
2004-05-07,12.855415
2004-05-10,12.632221
2004-05-11,12.587102
2004-05-12,12.56395
2004-05-13,12.590343
2004-05-14,12.698695
2004-05-17,12.566537
2004-05-18,12.66965
2004-05-19,12.605365
2004-05-20,12.687038
2004-05-21,12.685138
2004-05-24,12.85567
2004-05-25,13.076554
2004-05-26,13.076589
2004-05-27,13.186559
2004-05-28,13.237248
2004-06-01,13.174468
2004-06-02,13.193314
2004-06-03,13.084597
2004-06-04,13.099198
2004-06-07,13.225934
2004-06-08,13.114081
2004-06-09,12.983379
2004-06-10,13.063591
2004-06-14,12.999916
2004-06-15,13.090065
2004-06-16,13.14433
2004-06-17,13.212445
2004-06-18,13.26553
2004-06-21,13.351643
2004-06-22,13.340904
2004-06-23,13.437313
2004-06-24,13.455157
2004-06-25,13.406118
2004-06-28,13.436137
2004-06-29,13.307278
2004-06-30,13.369573
2004-07-01,13.242111
2004-07-02,13.36343
2004-07-06,13.370045
2004-07-07,13.382731
2004-07-08,13.345076
2004-07-09,13.277293
2004-07-12,13.280078
2004-07-13,13.284918
2004-07-14,13.417772
2004-07-15,13.458308
2004-07-16,13.563368
2004-07-19,13.643259
2004-07-20,13.697381
2004-07-21,13.45356
2004-07-22,13.372521
2004-07-23,13.305639
2004-07-26,13.266862
2004-07-27,13.24388
2004-07-28,13.341195
2004-07-29,13.311127
2004-07-30,13.317193
2004-08-02,13.442365
2004-08-03,13.473384
2004-08-04,13.63278
2004-08-05,13.437227
2004-08-06,13.539003
2004-08-09,13.52587
2004-08-10,13.609107
2004-08-11,13.601581
2004-08-12,13.576383
2004-08-13,13.543972
2004-08-16,13.63397
2004-08-17,13.618492
2004-08-18,13.767782
2004-08-19,13.654019
2004-08-20,13.683537
2004-08-23,13.638494
2004-08-24,13.648925
2004-08-25,13.716936
2004-08-26,13.70225
2004-08-27,13.709636
2004-08-30,13.727734
2004-08-31,13.872038
2004-09-01,13.897125
2004-09-02,13.975308
2004-09-03,13.927792
2004-09-07,14.000427
2004-09-08,13.874378
2004-09-09,13.923916
2004-09-10,13.973254
2004-09-13,13.875225
2004-09-14,13.872226
2004-09-15,13.912249
2004-09-16,14.03564
2004-09-17,14.068992
2004-09-20,14.036269
2004-09-21,14.07724
2004-09-22,14.028303
2004-09-23,13.934867
2004-09-24,14.018615
2004-09-27,14.061294
2004-09-28,14.163016
2004-09-29,14.112629
2004-09-30,14.150188
2004-10-01,14.253112
2004-10-04,14.298172
2004-10-05,14.322723
2004-10-06,14.400429
2004-10-07,14.324566
2004-10-08,14.397676
2004-10-11,14.423038
2004-10-12,14.49772
2004-10-13,14.323231
2004-10-14,14.311474
2004-10-15,14.456638
2004-10-18,14.382741
2004-10-19,14.309845
2004-10-20,14.3689
2004-10-21,14.160592
2004-10-22,14.124051
2004-10-25,14.308403
2004-10-26,14.491856
2004-10-27,14.414966
2004-10-28,14.331205
2004-10-29,14.384046
2004-11-01,14.460155
2004-11-02,14.204394
2004-11-03,14.395778
2004-11-04,14.582296
2004-11-05,14.415508
2004-11-08,14.534749
2004-11-09,14.526139
2004-11-10,14.512832
2004-11-11,14.599809
2004-11-12,14.76703
2004-11-15,14.672789
2004-11-16,14.661356
2004-11-17,14.540392
2004-11-18,14.549574
2004-11-19,14.503882
2004-11-22,14.725708
2004-11-23,14.791324
2004-11-24,14.835801
2004-11-26,14.865761
2004-11-29,14.699924
2004-11-30,14.505175
2004-12-01,14.413175
2004-12-02,14.268964
2004-12-03,14.373893
2004-12-06,14.49763
2004-12-07,14.370686
2004-12-08,14.321127
2004-12-09,14.345781
2004-12-10,14.377567
2004-12-13,14.61261
2004-12-14,14.667974
2004-12-15,14.766036
2004-12-16,14.754491
2004-12-17,14.762457
2004-12-20,14.924179
2004-12-21,15.029875
2004-12-22,15.064448
2004-12-23,15.046973
2004-12-27,14.97125
2004-12-28,15.058331
2004-12-29,15.06404
2004-12-30,15.090578
2004-12-31,15.007082
2005-01-03,14.832895
2005-01-04,14.721853
2005-01-05,14.578181
2005-01-06,14.593123
2005-01-07,14.55341
2005-01-10,14.659165
2005-01-11,14.597426
2005-01-12,14.631029
2005-01-13,14.70543
2005-01-14,14.829439
2005-01-18,14.958319
2005-01-19,14.818921
2005-01-20,14.715801
2005-01-21,14.656262
2005-01-24,14.811039
2005-01-25,14.680284
2005-01-26,14.880004
2005-01-27,14.921205
2005-01-28,15.03747
2005-01-31,15.072701
2005-02-01,15.206616
2005-02-02,15.207215
2005-02-03,14.98192
2005-02-04,15.16108
2005-02-07,15.126119
2005-02-08,15.168855
2005-02-09,15.058674
2005-02-10,15.036704
2005-02-11,15.029166
2005-02-14,15.172298
2005-02-15,15.118377
2005-02-16,15.192562
2005-02-17,15.110691
2005-02-18,14.834912
2005-02-22,14.493565
2005-02-23,14.668038
2005-02-24,14.819198
2005-02-25,15.071124
2005-02-28,14.951523
2005-03-01,15.025243
2005-03-02,15.01657
2005-03-03,15.049514
2005-03-04,15.360016
2005-03-07,15.458404
2005-03-08,15.363191
2005-03-09,15.075714
2005-03-10,15.206306
2005-03-11,15.07724
2005-03-14,15.335013
2005-03-15,15.259154
2005-03-16,15.117109
2005-03-17,15.211542
2005-03-18,15.167933
2005-03-21,15.140544
2005-03-22,14.85786
2005-03-23,14.747691
2005-03-24,14.923782
2005-03-28,14.952963
2005-03-29,14.761049
2005-03-30,14.972817
2005-03-31,15.123628
2005-04-01,15.180889
2005-04-04,15.204282
2005-04-05,15.317596
2005-04-06,15.289943
2005-04-07,15.380305
2005-04-08,15.255614
2005-04-11,15.408252
2005-04-12,15.564666
2005-04-13,15.457116
2005-04-14,15.303563
2005-04-15,15.031412
2005-04-18,15.096336
2005-04-19,15.277618
2005-04-20,15.138405
2005-04-21,15.314562
2005-04-22,15.386042
2005-04-25,15.452119
2005-04-26,15.281958
2005-04-27,15.357129
2005-04-28,15.230346
2005-04-29,15.397146
2005-05-02,15.445358
2005-05-03,15.35594
2005-05-04,15.402328
2005-05-05,15.095869
2005-05-06,15.121496
2005-05-09,15.150754
2005-05-10,15.022402
2005-05-11,15.044724
2005-05-12,14.92294
2005-05-13,14.682687
2005-05-16,14.75353
2005-05-17,14.934995
2005-05-18,14.956374
2005-05-19,15.010865
2005-05-20,15.011592
2005-05-23,14.960541
2005-05-24,14.96888
2005-05-25,14.937577
2005-05-26,14.97727
2005-05-27,15.05755
2005-05-31,15.073675
2005-06-01,15.219945
2005-06-02,15.203448
2005-06-03,15.218243
2005-06-06,15.23101
2005-06-07,15.271278
2005-06-08,15.280252
2005-06-09,15.292136
2005-06-10,15.361754
2005-06-13,15.412308
2005-06-14,15.469275
2005-06-15,15.393918
2005-06-16,15.370665
2005-06-17,15.540863
2005-06-20,15.592645
2005-06-21,15.60139
2005-06-22,15.741983
2005-06-23,15.800029
2005-06-24,15.683544
2005-06-27,15.773351
2005-06-28,15.92936
2005-06-29,15.886682
2005-06-30,15.9078
2005-07-01,16.064485
2005-07-05,16.101747
2005-07-06,15.834917
2005-07-07,15.976052
2005-07-08,16.133265
2005-07-11,16.254661
2005-07-12,16.291724
2005-07-13,16.322496
2005-07-14,16.161174
2005-07-15,16.147887
2005-07-18,16.092033
2005-07-19,16.148576
2005-07-20,16.212137
2005-07-21,15.930835
2005-07-22,16.046915
2005-07-25,16.009215
2005-07-26,15.991895
2005-07-27,15.998377
2005-07-28,16.061739
2005-07-29,16.031468
2005-08-01,15.82737
2005-08-02,16.0977
2005-08-03,16.105756
2005-08-04,15.975239
2005-08-05,15.691349
2005-08-08,15.355873
2005-08-09,15.524298
2005-08-10,15.526162
2005-08-11,15.621057
2005-08-12,15.571136
2005-08-15,15.571895
2005-08-16,15.351705
2005-08-17,15.312713
2005-08-18,15.37455
2005-08-19,15.47482
2005-08-22,15.596185
2005-08-23,15.668494
2005-08-24,15.576576
2005-08-25,15.725132
2005-08-26,15.665879
2005-08-29,15.7442
2005-08-30,15.731704
2005-08-31,15.859003
2005-09-01,16.081563
2005-09-02,15.913649
2005-09-06,16.098906
2005-09-07,16.082927
2005-09-08,15.898136
2005-09-09,16.088482
2005-09-12,16.064038
2005-09-13,15.948334
2005-09-14,16.011404
2005-09-15,16.126511
2005-09-16,16.239344
2005-09-19,16.222731
2005-09-20,16.123505
2005-09-21,15.899613
2005-09-22,15.781951
2005-09-23,15.839246
2005-09-26,15.919931
2005-09-27,15.968437
2005-09-28,16.122501
2005-09-29,16.292292
2005-09-30,16.26523
2005-10-03,16.419741
2005-10-04,16.146869
2005-10-05,15.681714
2005-10-06,15.472866
2005-10-07,15.62567
2005-10-10,15.345367
2005-10-11,15.365662
2005-10-12,15.111541
2005-10-13,14.779631
2005-10-14,14.90187
2005-10-17,15.098741
2005-10-18,14.79856
2005-10-19,14.847233
2005-10-20,14.501604
2005-10-21,14.665781
2005-10-24,15.051056
2005-10-25,15.002536
2005-10-26,14.804971
2005-10-27,14.646189
2005-10-28,14.939723
2005-10-31,15.082886
2005-11-01,14.646072
2005-11-02,14.570672
2005-11-03,14.486213
2005-11-04,14.47269
2005-11-07,14.424869
2005-11-08,14.406304
2005-11-09,14.521369
2005-11-10,14.454804
2005-11-11,14.336847
2005-11-14,14.161256
2005-11-15,14.196065
2005-11-16,14.303552
2005-11-17,14.498285
2005-11-18,14.505818
2005-11-21,14.537148
2005-11-22,14.561691
2005-11-23,14.682152
2005-11-25,14.757447
2005-11-28,14.714373
2005-11-29,14.746498
2005-11-30,14.60333
2005-12-01,14.705288
2005-12-02,14.684938
2005-12-05,14.691322
2005-12-06,14.660172
2005-12-07,14.552172
2005-12-08,14.700736
2005-12-09,14.856273
2005-12-12,14.759816
2005-12-13,14.948431
2005-12-14,15.111167
2005-12-15,15.114267
2005-12-16,15.127877
2005-12-19,14.9089
2005-12-20,14.941148
2005-12-21,14.773082
2005-12-22,14.857739
2005-12-23,14.85767
2005-12-27,14.800741
2005-12-28,14.752861
2005-12-29,14.722673
2005-12-30,14.669951
2006-01-03,14.957288
2006-01-04,14.960242
2006-01-05,14.854935
2006-01-06,14.988088
2006-01-09,14.928271
2006-01-10,14.940668
2006-01-11,14.915115
2006-01-12,14.910589
2006-01-13,15.030984
2006-01-17,15.182639
2006-01-18,15.233016
2006-01-19,15.33172
2006-01-20,15.216912
2006-01-23,15.245046
2006-01-24,15.335912
2006-01-25,15.10344
2006-01-26,14.832387
2006-01-27,14.936118
2006-01-30,14.844073
2006-01-31,14.841286
2006-02-01,14.794546
2006-02-02,14.460613
2006-02-03,14.368341
2006-02-06,14.448565
2006-02-07,14.383315
2006-02-08,14.354494
2006-02-09,14.408068
2006-02-10,14.40541
2006-02-13,14.379792
2006-02-14,14.330466
2006-02-15,14.344945
2006-02-16,14.444945
2006-02-17,14.559963
2006-02-21,14.588246
2006-02-22,14.697842
2006-02-23,14.621683
2006-02-24,14.665631
2006-02-27,14.803565
2006-02-28,14.687755
2006-03-01,14.596867
2006-03-02,14.577242
2006-03-03,14.553238
2006-03-06,14.264571
2006-03-07,14.20917
2006-03-08,14.232793
2006-03-09,14.166145
2006-03-10,14.243836
2006-03-13,14.319219
2006-03-14,14.45404
2006-03-15,14.504657
2006-03-16,14.602392
2006-03-17,14.536422
2006-03-20,14.389236
2006-03-21,14.249526
2006-03-22,14.346913
2006-03-23,14.31531
2006-03-24,14.29523
2006-03-27,14.186642
2006-03-28,14.118547
2006-03-29,14.234473
2006-03-30,14.085666
2006-03-31,13.977882
2006-04-03,14.015909
2006-04-04,14.154946
2006-04-05,14.287338
2006-04-06,14.076683
2006-04-07,13.846398
2006-04-10,13.874147
2006-04-11,13.726621
2006-04-12,13.757349
2006-04-13,13.689265
2006-04-17,13.683679
2006-04-18,13.965959
2006-04-19,13.987981
2006-04-20,14.10717
2006-04-21,14.155657
2006-04-24,14.244375
2006-04-25,14.030892
2006-04-26,13.760103
2006-04-27,13.98514
2006-04-28,14.001542
2006-05-01,13.842971
2006-05-02,13.994456
2006-05-03,13.783552
2006-05-04,13.822357
2006-05-05,14.115647
2006-05-08,13.995189
2006-05-09,13.86948
2006-05-10,13.95031
2006-05-11,13.816652
2006-05-12,13.679916
2006-05-15,13.763667
2006-05-16,13.693873
2006-05-17,13.454345
2006-05-18,13.476429
2006-05-19,13.592902
2006-05-22,13.704905
2006-05-23,13.508927
2006-05-24,13.570576
2006-05-25,13.692653
2006-05-26,13.842244
2006-05-30,13.686596
2006-05-31,13.876211
2006-06-01,14.03563
2006-06-02,14.20297
2006-06-05,14.070322
2006-06-06,14.063827
2006-06-07,13.990255
2006-06-08,14.073928
2006-06-09,14.187863
2006-06-12,14.245805
2006-06-13,14.06758
2006-06-14,13.981784
2006-06-15,14.168048
2006-06-16,14.165357
2006-06-19,13.987613
2006-06-20,14.018219
2006-06-21,13.95202
2006-06-22,13.903083
2006-06-23,13.903807
2006-06-26,13.96768
2006-06-27,13.908902
2006-06-28,13.970299
2006-06-29,14.147059
2006-06-30,14.207544
2006-07-03,14.339037
2006-07-05,14.273892
2006-07-06,14.208717
2006-07-07,14.311533
2006-07-10,14.383302
2006-07-11,14.516862
2006-07-12,14.439486
2006-07-13,14.413118
2006-07-14,14.427202
2006-07-17,14.464389
2006-07-18,14.502878
2006-07-19,14.683157
2006-07-20,14.752763
2006-07-21,14.797348
2006-07-24,14.945685
2006-07-25,15.025592
2006-07-26,15.081111
2006-07-27,14.889087
2006-07-28,14.934425
2006-07-31,14.92381
2006-08-01,15.084458
2006-08-02,15.087542
2006-08-03,14.916024
2006-08-04,14.913265
2006-08-07,14.733024
2006-08-08,14.846711
2006-08-09,14.834532
2006-08-10,14.824503
2006-08-11,14.78643
2006-08-14,14.832506
2006-08-15,14.946496
2006-08-16,14.802027
2006-08-17,14.75906
2006-08-18,14.932718
2006-08-21,14.951427
2006-08-22,15.043257
2006-08-23,14.911302
2006-08-24,14.95738
2006-08-25,14.933095
2006-08-28,15.05455
2006-08-29,15.072492
2006-08-30,14.949692
2006-08-31,15.137702
2006-09-01,15.116572
2006-09-05,14.992739
2006-09-06,14.915046
2006-09-07,14.912945
2006-09-08,14.936509
2006-09-11,14.894981
2006-09-12,14.79526
2006-09-13,14.840883
2006-09-14,14.75474
2006-09-15,14.773863
2006-09-18,14.618005
2006-09-19,14.667294
2006-09-20,14.645099
2006-09-21,14.604408
2006-09-22,14.609773
2006-09-25,14.829501
2006-09-26,14.828977
2006-09-27,15.009906
2006-09-28,14.957873
2006-09-29,14.804017
2006-10-02,14.895919
2006-10-03,14.967724
2006-10-04,15.035417
2006-10-05,14.99297
2006-10-06,14.931695
2006-10-09,14.935831
2006-10-10,15.02266
2006-10-11,15.042452
2006-10-12,15.080406
2006-10-13,15.062479
2006-10-16,15.133515
2006-10-17,15.240688
2006-10-18,15.404413
2006-10-19,15.475175
2006-10-20,15.563163
2006-10-23,15.604563
2006-10-24,15.578512
2006-10-25,15.673323
2006-10-26,15.568782
2006-10-27,15.313019
2006-10-30,15.242117
2006-10-31,15.175105
2006-11-01,15.292472
2006-11-02,15.165777
2006-11-03,14.958155
2006-11-06,14.873885
2006-11-07,14.860309
2006-11-08,14.974764
2006-11-09,15.087654
2006-11-10,15.191646
2006-11-13,15.194878
2006-11-14,15.237243
2006-11-15,15.21033
2006-11-16,15.252607
2006-11-17,15.266596
2006-11-20,15.227687
2006-11-21,15.237173
2006-11-22,15.282902
2006-11-24,15.301697
2006-11-27,15.263104
2006-11-28,15.319586
2006-11-29,15.51905
2006-11-30,15.560697
2006-12-01,15.640254
2006-12-04,15.789407
2006-12-05,15.824917
2006-12-06,15.729172
2006-12-07,15.653695
2006-12-08,15.649053
2006-12-11,15.72037
2006-12-12,15.988055
2006-12-13,16.054251
2006-12-14,16.097758
2006-12-15,16.064836
2006-12-18,15.943958
2006-12-19,16.024762
2006-12-20,15.965996
2006-12-21,15.934967
2006-12-22,15.89447
2006-12-26,15.976393
2006-12-27,15.999854
2006-12-28,15.940485
2006-12-29,15.912382
2007-01-03,15.469993
2007-01-04,15.410296
2007-01-05,15.15699
2007-01-08,15.13492
2007-01-09,15.259077
2007-01-10,15.298137
2007-01-11,15.277401
2007-01-12,15.163734
2007-01-16,15.216667
2007-01-17,15.234451
2007-01-18,15.210256
2007-01-19,15.263526
2007-01-22,15.24796
2007-01-23,15.363252
2007-01-24,15.42559
2007-01-25,15.335114
2007-01-26,15.370124
2007-01-29,15.474263
2007-01-30,15.533412
2007-01-31,15.575222
2007-02-01,15.466098
2007-02-02,15.545872
2007-02-05,15.744155
2007-02-06,15.893523
2007-02-07,15.91014
2007-02-08,15.995074
2007-02-09,15.918702
2007-02-12,15.944975
2007-02-13,16.056287
2007-02-14,16.085702
2007-02-15,15.982182
2007-02-16,15.995226
2007-02-20,16.041695
2007-02-21,15.954668
2007-02-22,15.999239
2007-02-23,16.080009
2007-02-26,16.414033
2007-02-27,15.980785
2007-02-28,16.250514
2007-03-01,15.938352
2007-03-02,15.704247
2007-03-05,15.495171
2007-03-06,15.707876
2007-03-07,15.691102
2007-03-08,15.720085
2007-03-09,15.737383
2007-03-12,15.915485
2007-03-13,15.688142
2007-03-14,15.778393
2007-03-15,15.960609
2007-03-16,15.864898
2007-03-19,16.044337
2007-03-20,16.26454
2007-03-21,16.451504
2007-03-22,16.433133
2007-03-23,16.529024
2007-03-26,16.612538
2007-03-27,16.560937
2007-03-28,16.545539
2007-03-29,16.599142
2007-03-30,16.494454
2007-04-02,16.828121
2007-04-03,16.856142
2007-04-04,16.79471
2007-04-05,16.863114
2007-04-09,16.969627
2007-04-10,17.02145
2007-04-11,16.938929
2007-04-12,16.87912
2007-04-13,16.846605
2007-04-16,16.963296
2007-04-17,17.097075
2007-04-18,17.14241
2007-04-19,17.054424
2007-04-20,17.207257
2007-04-23,17.334617
2007-04-24,17.441034
2007-04-25,17.470787
2007-04-26,17.296259
2007-04-27,17.190828
2007-04-30,17.030059
2007-05-01,17.224112
2007-05-02,17.230539
2007-05-03,17.176532
2007-05-04,17.155618
2007-05-07,17.309235
2007-05-08,17.203986
2007-05-09,17.219934
2007-05-10,17.047209
2007-05-11,17.182266
2007-05-14,17.243012
2007-05-15,17.281094
2007-05-16,17.376617
2007-05-17,17.292591
2007-05-18,17.379333
2007-05-21,17.370521
2007-05-22,17.258396
2007-05-23,16.967079
2007-05-24,16.487487
2007-05-25,16.473045
2007-05-29,16.59322
2007-05-30,16.771651
2007-05-31,16.834112
2007-06-01,16.738003
2007-06-04,16.664339
2007-06-05,16.403406
2007-06-06,16.176465
2007-06-07,15.65007
2007-06-08,15.804797
2007-06-11,15.97988
2007-06-12,15.739279
2007-06-13,16.059546
2007-06-14,16.122977
2007-06-15,16.377703
2007-06-18,16.208191
2007-06-19,16.246306
2007-06-20,15.845307
2007-06-21,15.939959
2007-06-22,15.697794
2007-06-25,15.780436
2007-06-26,15.73038
2007-06-27,15.954977
2007-06-28,15.926752
2007-06-29,15.982669
2007-07-02,16.346222
2007-07-03,16.328706
2007-07-05,16.268022
2007-07-06,16.175723
2007-07-09,16.22711
2007-07-10,16.022293
2007-07-11,16.110052
2007-07-12,16.374175
2007-07-13,16.56774
2007-07-16,16.343938
2007-07-17,16.335779
2007-07-18,16.477696
2007-07-19,16.82854
2007-07-20,16.539088
2007-07-23,16.673774
2007-07-24,16.10664
2007-07-25,16.127607
2007-07-26,15.65905
2007-07-27,15.324112
2007-07-30,15.431878
2007-07-31,15.344907
2007-08-01,15.641312
2007-08-02,15.747816
2007-08-03,15.131988
2007-08-06,15.693316
2007-08-07,16.001677
2007-08-08,16.169128
2007-08-09,15.698135
2007-08-10,15.620183
2007-08-13,15.620853
2007-08-14,15.297502
2007-08-15,15.078156
2007-08-16,15.050109
2007-08-17,15.454267
2007-08-20,15.431635
2007-08-21,15.517444
2007-08-22,15.700598
2007-08-23,15.71193
2007-08-24,15.832843
2007-08-27,15.289355
2007-08-28,15.113672
2007-08-29,15.479658
2007-08-30,15.334067
2007-08-31,15.425685
2007-09-04,15.715837
2007-09-05,15.53289
2007-09-06,15.716015
2007-09-07,15.492725
2007-09-10,15.537241
2007-09-11,15.707061
2007-09-12,15.754299
2007-09-13,15.80173
2007-09-14,15.857351
2007-09-17,15.766842
2007-09-18,16.087947
2007-09-19,16.316231
2007-09-20,16.153251
2007-09-21,16.235836
2007-09-24,16.238289
2007-09-25,16.212876
2007-09-26,16.308958
2007-09-27,16.143498
2007-09-28,15.921927
2007-10-01,16.116083
2007-10-02,16.087911
2007-10-03,16.085187
2007-10-04,16.228039
2007-10-05,16.311713
2007-10-08,16.276366
2007-10-09,16.535568
2007-10-10,16.648365
2007-10-11,16.716086
2007-10-12,16.716181
2007-10-15,16.533871
2007-10-16,16.555238
2007-10-17,16.511171
2007-10-18,16.487118
2007-10-19,16.105232
2007-10-22,16.336299
2007-10-23,16.324702
2007-10-24,16.419765
2007-10-25,16.618606
2007-10-26,16.800941
2007-10-29,16.976506
2007-10-30,16.924635
2007-10-31,16.991117
2007-11-01,16.482577
2007-11-02,16.531317
2007-11-05,16.686366
2007-11-06,16.659173
2007-11-07,16.218726
2007-11-08,16.545133
2007-11-09,16.362088
2007-11-12,16.111893
2007-11-13,16.221645
2007-11-14,16.206572
2007-11-15,16.233608
2007-11-16,16.3113
2007-11-19,16.345265
2007-11-20,16.579475
2007-11-21,16.098797
2007-11-23,16.438181
2007-11-26,16.323677
2007-11-27,16.458672
2007-11-28,16.654215
2007-11-29,16.603043
2007-11-30,16.700817
2007-12-03,16.814232
2007-12-04,16.980275
2007-12-05,17.24988
2007-12-06,17.237622
2007-12-07,17.271869
2007-12-10,17.321547
2007-12-11,16.930235
2007-12-12,16.953371
2007-12-13,17.166852
2007-12-14,16.944779
2007-12-17,16.733468
2007-12-18,16.975672
2007-12-19,16.950575
2007-12-20,16.977549
2007-12-21,17.106486
2007-12-24,17.106433
2007-12-26,17.031564
2007-12-27,16.878573
2007-12-28,17.015267
2007-12-31,16.849849
2008-01-02,16.61811
2008-01-03,16.686416
2008-01-04,16.751076
2008-01-07,17.173838
2008-01-08,17.168288
2008-01-09,17.389977
2008-01-10,17.305482
2008-01-11,17.180318
2008-01-14,17.266198
2008-01-15,17.105075
2008-01-16,16.830776
2008-01-17,16.205424
2008-01-18,15.905598
2008-01-22,15.357942
2008-01-23,15.88639
2008-01-24,15.450448
2008-01-25,15.188405
2008-01-28,15.391312
2008-01-29,15.357906
2008-01-30,15.329539
2008-01-31,15.654183
2008-02-01,15.883534
2008-02-04,16.139836
2008-02-05,15.511566
2008-02-06,15.49075
2008-02-07,15.424449
2008-02-08,15.349576
2008-02-11,15.475288
2008-02-12,15.664737
2008-02-13,15.619658
2008-02-14,15.507925
2008-02-15,15.55537
2008-02-19,15.542104
2008-02-20,15.519907
2008-02-21,15.285487
2008-02-22,15.427467
2008-02-25,15.44144
2008-02-26,15.580744
2008-02-27,15.303577
2008-02-28,15.12218
2008-02-29,14.6701
2008-03-03,14.838218
2008-03-04,15.08134
2008-03-05,15.086272
2008-03-06,14.754908
2008-03-07,14.692615
2008-03-10,14.55712
2008-03-11,14.994469
2008-03-12,14.793398
2008-03-13,14.815492
2008-03-14,14.686364
2008-03-17,14.679824
2008-03-18,14.931473
2008-03-19,14.614581
2008-03-20,14.698794
2008-03-24,14.667911
2008-03-25,14.656375
2008-03-26,14.716354
2008-03-27,14.79865
2008-03-28,14.675968
2008-03-31,14.825762
2008-04-01,15.20352
2008-04-02,15.309824
2008-04-03,15.241122
2008-04-04,15.270986
2008-04-07,15.291755
2008-04-08,15.352006
2008-04-09,15.346758
2008-04-10,15.259178
2008-04-11,15.263374
2008-04-14,15.276581
2008-04-15,15.398363
2008-04-16,15.745959
2008-04-17,15.749863
2008-04-18,15.785787
2008-04-21,15.687141
2008-04-22,15.604261
2008-04-23,15.724723
2008-04-24,15.573884
2008-04-25,15.660118
2008-04-28,15.622961
2008-04-29,15.517741
2008-04-30,15.431253
2008-05-01,15.582818
2008-05-02,15.745695
2008-05-05,15.563757
2008-05-06,15.546426
2008-05-07,15.328556
2008-05-08,15.353482
2008-05-09,15.392462
2008-05-12,15.550378
2008-05-13,15.478626
2008-05-14,15.612386
2008-05-15,15.571311
2008-05-16,15.670146
2008-05-19,15.847109
2008-05-20,15.893175
2008-05-21,15.883744
2008-05-22,15.960124
2008-05-23,15.650196
2008-05-27,15.764063
2008-05-28,15.754539
2008-05-29,15.866178
2008-05-30,15.852074
2008-06-02,15.680037
2008-06-03,15.589913
2008-06-04,15.76213
2008-06-05,15.941108
2008-06-06,15.528525
2008-06-09,15.767001
2008-06-10,15.786359
2008-06-11,15.643694
2008-06-12,15.638307
2008-06-13,15.86741
2008-06-16,15.865276
2008-06-17,15.872552
2008-06-18,15.820177
2008-06-19,15.906308
2008-06-20,15.669085
2008-06-23,15.806432
2008-06-24,15.752589
2008-06-25,15.831556
2008-06-26,15.401296
2008-06-27,15.309785
2008-06-30,15.659551
2008-07-01,15.757393
2008-07-02,15.666098
2008-07-03,15.553907
2008-07-07,15.421822
2008-07-08,15.481357
2008-07-09,15.620885
2008-07-10,15.688226
2008-07-11,15.556493
2008-07-14,15.351622
2008-07-15,15.27805
2008-07-16,14.982877
2008-07-17,14.739729
2008-07-18,14.862154
2008-07-21,15.03791
2008-07-22,15.006115
2008-07-23,14.620961
2008-07-24,14.499427
2008-07-25,14.410374
2008-07-28,14.364275
2008-07-29,14.380134
2008-07-30,14.560077
2008-07-31,14.402195
2008-08-01,13.855823
2008-08-04,13.736128
2008-08-05,13.920173
2008-08-06,13.841996
2008-08-07,13.804926
2008-08-08,13.944336
2008-08-11,14.084887
2008-08-12,13.801716
2008-08-13,13.910593
2008-08-14,13.716512
2008-08-15,13.796037
2008-08-18,13.807426
2008-08-19,13.823502
2008-08-20,13.899666
2008-08-21,14.044492
2008-08-22,14.079892
2008-08-25,13.925511
2008-08-26,14.071712
2008-08-27,14.171213
2008-08-28,14.255863
2008-08-29,13.998968
2008-09-02,13.805742
2008-09-03,13.602643
2008-09-04,13.510998
2008-09-05,13.251877
2008-09-08,13.525791
2008-09-09,13.199972
2008-09-10,13.293207
2008-09-11,13.457159
2008-09-12,13.642395
2008-09-15,13.224547
2008-09-16,13.111306
2008-09-17,12.42707
2008-09-18,12.899373
2008-09-19,13.264224
2008-09-22,12.989205
2008-09-23,12.837919
2008-09-24,12.884547
2008-09-25,13.276342
2008-09-26,13.15318
2008-09-29,12.515453
2008-09-30,12.674836
2008-10-01,12.728741
2008-10-02,12.403321
2008-10-03,12.319823
2008-10-06,11.677816
2008-10-07,11.232497
2008-10-08,11.015311
2008-10-09,10.339183
2008-10-10,9.829333
2008-10-13,11.205538
2008-10-14,11.080885
2008-10-15,10.192571
2008-10-16,10.597881
2008-10-17,10.691744
2008-10-20,11.578357
2008-10-21,11.16262
2008-10-22,10.522496
2008-10-23,10.991857
2008-10-24,10.645513
2008-10-27,10.311127
2008-10-28,11.386286
2008-10-29,11.034665
2008-10-30,11.384105
2008-10-31,11.172414
2008-11-03,11.204957
2008-11-04,11.481389
2008-11-05,11.066875
2008-11-06,10.638419
2008-11-07,11.147957
2008-11-10,10.831536
2008-11-11,10.852163
2008-11-12,10.553525
2008-11-13,11.329378
2008-11-14,10.97399
2008-11-17,10.926704
2008-11-18,10.945788
2008-11-19,10.587577
2008-11-20,10.081853
2008-11-21,10.962438
2008-11-24,11.100554
2008-11-25,11.183942
2008-11-26,11.241816
2008-11-28,11.457093
2008-12-01,10.710622
2008-12-02,10.936993
2008-12-03,11.176056
2008-12-04,10.655996
2008-12-05,10.902919
2008-12-08,10.991587
2008-12-09,10.797848
2008-12-10,10.996009
2008-12-11,10.880715
2008-12-12,11.031201
2008-12-15,10.874555
2008-12-16,11.264042
2008-12-17,10.932006
2008-12-18,11.021696
2008-12-19,11.070872
2008-12-22,11.088739
2008-12-23,10.91433
2008-12-24,10.989098
2008-12-26,11.045748
2008-12-29,11.038989
2008-12-30,11.218923
2008-12-31,11.412163
2009-01-02,11.67849
2009-01-05,11.786347
2009-01-06,11.693588
2009-01-07,11.506226
2009-01-08,11.529574
2009-01-09,11.442565
2009-01-12,11.46871
2009-01-13,11.237291
2009-01-14,11.100593
2009-01-15,11.169581
2009-01-16,11.410272
2009-01-20,11.35267
2009-01-21,11.518259
2009-01-22,11.517181
2009-01-23,11.551893
2009-01-26,11.893554
2009-01-27,11.889004
2009-01-28,11.896373
2009-01-29,11.802987
2009-01-30,11.538618
2009-02-02,11.605193
2009-02-03,11.693574
2009-02-04,11.787427
2009-02-05,11.891717
2009-02-06,12.011984
2009-02-09,11.897561
2009-02-10,11.545594
2009-02-11,11.461729
2009-02-12,11.368103
2009-02-13,11.331179
2009-02-17,10.800238
2009-02-18,10.664349
2009-02-19,10.756784
2009-02-20,10.4914
2009-02-23,10.242294
2009-02-24,10.571698
2009-02-25,10.439213
2009-02-26,10.302182
2009-02-27,10.169256
2009-03-02,9.81016
2009-03-03,9.478363
2009-03-04,9.694234
2009-03-05,9.339444
2009-03-06,9.370371
2009-03-09,9.139945
2009-03-10,9.361125
2009-03-11,9.312552
2009-03-12,9.463194
2009-03-13,9.597836
2009-03-16,9.867039
2009-03-17,10.074993
2009-03-18,10.373547
2009-03-19,10.500382
2009-03-20,10.432465
2009-03-23,10.860279
2009-03-24,10.614343
2009-03-25,10.598025
2009-03-26,10.76594
2009-03-27,10.600981
2009-03-30,10.40707
2009-03-31,10.605162
2009-04-01,10.6294
2009-04-02,10.754783
2009-04-03,10.815229
2009-04-06,10.701681
2009-04-07,10.657644
2009-04-08,10.801062
2009-04-09,10.803255
2009-04-13,10.651363
2009-04-14,10.510845
2009-04-15,10.692346
2009-04-16,10.714237
2009-04-17,10.735823
2009-04-20,10.598333
2009-04-21,10.659885
2009-04-22,10.537438
2009-04-23,10.606317
2009-04-24,10.596119
2009-04-27,10.702543
2009-04-28,10.749148
2009-04-29,10.861922
2009-04-30,10.819711
2009-05-01,11.052614
2009-05-04,11.249388
2009-05-05,11.210417
2009-05-06,11.177719
2009-05-07,11.249253
2009-05-08,11.405031
2009-05-11,11.353189
2009-05-12,11.425098
2009-05-13,11.11695
2009-05-14,11.068156
2009-05-15,10.842007
2009-05-18,10.862397
2009-05-19,11.041172
2009-05-20,10.864756
2009-05-21,10.741518
2009-05-22,10.814244
2009-05-26,11.13866
2009-05-27,10.914447
2009-05-28,11.134625
2009-05-29,11.220209
2009-06-01,11.601262
2009-06-02,11.475222
2009-06-03,11.266808
2009-06-04,11.372229
2009-06-05,11.383233
2009-06-08,11.303647
2009-06-09,11.250784
2009-06-10,11.425702
2009-06-11,11.642293
2009-06-12,11.799206
2009-06-15,11.550502
2009-06-16,11.510398
2009-06-17,11.495801
2009-06-18,11.754522
2009-06-19,11.616588
2009-06-22,11.614034
2009-06-23,11.501229
2009-06-24,11.587629
2009-06-25,11.792111
2009-06-26,11.735431
2009-06-29,11.884279
2009-06-30,11.801264
2009-07-01,11.959174
2009-07-02,11.569003
2009-07-06,11.69142
2009-07-07,11.442259
2009-07-08,11.402545
2009-07-09,11.443783
2009-07-10,11.401817
2009-07-13,11.586884
2009-07-14,11.668142
2009-07-15,11.904235
2009-07-16,11.94309
2009-07-17,11.862208
2009-07-20,11.917888
2009-07-21,12.043651
2009-07-22,11.974732
2009-07-23,12.283461
2009-07-24,12.460216
2009-07-27,12.452554
2009-07-28,12.209536
2009-07-29,12.162091
2009-07-30,12.290059
2009-07-31,12.150625
2009-08-03,12.275375
2009-08-04,11.972597
2009-08-05,11.904646
2009-08-06,11.93167
2009-08-07,11.972732
2009-08-10,12.010535
2009-08-11,11.989221
2009-08-12,12.095516
2009-08-13,12.076969
2009-08-14,12.098436
2009-08-17,11.914224
2009-08-18,11.936296
2009-08-19,11.990536
2009-08-20,12.078544
2009-08-21,12.317477
2009-08-24,12.349144
2009-08-25,12.274409
2009-08-26,12.294134
2009-08-27,12.241128
2009-08-28,12.29354
2009-08-31,12.202061
2009-09-01,12.11497
2009-09-02,12.012113
2009-09-03,12.04162
2009-09-04,12.081874
2009-09-08,12.100607
2009-09-09,12.086589
2009-09-10,12.089565
2009-09-11,12.047949
2009-09-14,12.244969
2009-09-15,12.33812
2009-09-16,12.524475
2009-09-17,12.483937
2009-09-18,12.552662
2009-09-21,12.499325
2009-09-22,12.473148
2009-09-23,12.422593
2009-09-24,12.40668
2009-09-25,12.364305
2009-09-28,12.476911
2009-09-29,12.566541
2009-09-30,12.458138
2009-10-01,12.242877
2009-10-02,12.141436
2009-10-05,12.281499
2009-10-06,12.376215
2009-10-07,12.344367
2009-10-08,12.368216
2009-10-09,12.476926
2009-10-12,12.545174
2009-10-13,12.468201
2009-10-14,12.509938
2009-10-15,12.620826
2009-10-16,12.658616
2009-10-19,12.850798
2009-10-20,12.682587
2009-10-21,12.713914
2009-10-22,12.726104
2009-10-23,12.530146
2009-10-26,12.38038
2009-10-27,12.275364
2009-10-28,12.15443
2009-10-29,12.075077
2009-10-30,11.663812
2009-11-02,11.684587
2009-11-03,11.649842
2009-11-04,11.730089
2009-11-05,11.92076
2009-11-06,11.853171
2009-11-09,12.066174
2009-11-10,12.107144
2009-11-11,12.094404
2009-11-12,11.938833
2009-11-13,12.056146
2009-11-16,12.183761
2009-11-17,12.140556
2009-11-18,11.996823
2009-11-19,11.857875
2009-11-20,11.887049
2009-11-23,12.051948
2009-11-24,12.083503
2009-11-25,12.19323
2009-11-27,11.999817
2009-11-30,12.087948
2009-12-01,12.319915
2009-12-02,12.482839
2009-12-03,12.51511
2009-12-04,12.461454
2009-12-07,12.554315
2009-12-08,12.502673
2009-12-09,12.548867
2009-12-10,12.708212
2009-12-11,12.931048
2009-12-14,12.990691
2009-12-15,12.941487
2009-12-16,12.895647
2009-12-17,12.796043
2009-12-18,12.852085
2009-12-21,12.882452
2009-12-22,12.79222
2009-12-23,12.824591
2009-12-24,12.923353
2009-12-28,12.943008
2009-12-29,12.928184
2009-12-30,12.936726
2009-12-31,12.741065
2010-01-04,12.768484
2010-01-05,12.62913
2010-01-06,12.692097
2010-01-07,12.624939
2010-01-08,12.608001
2010-01-11,12.758403
2010-01-12,12.719158
2010-01-13,12.834052
2010-01-14,12.816684
2010-01-15,12.727423
2010-01-19,12.867666
2010-01-20,12.733233
2010-01-21,12.532466
2010-01-22,12.258637
2010-01-25,12.321235
2010-01-26,12.317496
2010-01-27,12.273004
2010-01-28,12.117028
2010-01-29,11.981856
2010-02-01,12.068424
2010-02-02,12.182406
2010-02-03,12.089377
2010-02-04,11.770098
2010-02-05,11.660623
2010-02-08,11.520886
2010-02-09,11.630279
2010-02-10,11.568924
2010-02-11,11.630984
2010-02-12,11.56913
2010-02-16,11.763557
2010-02-17,11.773609
2010-02-18,11.816951
2010-02-19,11.945808
2010-02-22,11.901818
2010-02-23,11.797561
2010-02-24,11.827524
2010-02-25,11.823201
2010-02-26,11.686543
2010-03-01,11.821143
2010-03-02,11.88936
2010-03-03,11.876452
2010-03-04,11.884517
2010-03-05,12.021197
2010-03-08,12.010836
2010-03-09,11.977101
2010-03-10,11.990184
2010-03-11,12.019931
2010-03-12,11.939384
2010-03-15,12.047837
2010-03-16,12.170082
2010-03-17,12.211966
2010-03-18,12.150799
2010-03-19,12.126255
2010-03-22,12.057712
2010-03-23,12.094328
2010-03-24,11.973403
2010-03-25,11.893924
2010-03-26,11.927266
2010-03-29,12.068634
2010-03-30,12.05416
2010-03-31,12.016762
2010-04-01,12.183352
2010-04-05,12.266368
2010-04-06,12.368256
2010-04-07,12.254021
2010-04-08,12.182239
2010-04-09,12.260041
2010-04-12,12.304206
2010-04-13,12.25488
2010-04-14,12.258694
2010-04-15,12.238523
2010-04-16,12.117597
2010-04-19,12.142982
2010-04-20,12.277754
2010-04-21,12.295333
2010-04-22,12.347714
2010-04-23,12.396277
2010-04-26,12.350505
2010-04-27,12.133915
2010-04-28,12.248426
2010-04-29,12.23498
2010-04-30,12.303895
2010-05-03,12.497559
2010-05-04,12.233537
2010-05-05,12.161888
2010-05-06,11.84742
2010-05-07,11.773222
2010-05-10,12.147891
2010-05-11,12.188432
2010-05-12,12.281298
2010-05-13,12.221159
2010-05-14,12.1428
2010-05-17,12.152976
2010-05-18,12.032831
2010-05-19,11.9098
2010-05-20,11.526896
2010-05-21,11.591719
2010-05-24,11.477796
2010-05-25,11.427926
2010-05-26,11.395849
2010-05-27,11.639726
2010-05-28,11.636559
2010-06-01,11.36825
2010-06-02,11.622336
2010-06-03,11.734751
2010-06-04,11.410458
2010-06-07,11.486935
2010-06-08,11.636139
2010-06-09,11.561637
2010-06-10,11.871171
2010-06-11,11.865736
2010-06-14,11.90582
2010-06-15,12.160739
2010-06-16,12.233309
2010-06-17,12.314664
2010-06-18,12.341844
2010-06-21,12.254961
2010-06-22,11.952298
2010-06-23,11.812488
2010-06-24,11.740737
2010-06-25,11.763722
2010-06-28,11.848885
2010-06-29,11.604782
2010-06-30,11.523976
2010-07-01,11.392164
2010-07-02,11.39611
2010-07-06,11.52844
2010-07-07,11.887215
2010-07-08,11.987977
2010-07-09,12.064441
2010-07-12,12.104148
2010-07-13,12.144062
2010-07-14,12.148947
2010-07-15,12.223327
2010-07-16,12.01705
2010-07-19,12.20727
2010-07-20,12.314656
2010-07-21,12.136468
2010-07-22,12.32322
2010-07-23,12.333655
2010-07-26,12.418029
2010-07-27,12.583163
2010-07-28,12.489435
2010-07-29,12.237719
2010-07-30,12.172777
2010-08-02,12.436972
2010-08-03,12.343888
2010-08-04,12.346198
2010-08-05,12.333636
2010-08-06,12.371101
2010-08-09,12.4363
2010-08-10,12.485018
2010-08-11,12.238542
2010-08-12,12.168669
2010-08-13,12.198778
2010-08-16,12.20806
2010-08-17,12.314451
2010-08-18,12.25056
2010-08-19,12.083827
2010-08-20,12.09821
2010-08-23,12.15703
2010-08-24,12.188284
2010-08-25,12.165015
2010-08-26,12.108382
2010-08-27,12.321148
2010-08-30,12.156436
2010-08-31,12.226717
2010-09-01,12.430725
2010-09-02,12.413458
2010-09-03,12.492286
2010-09-07,12.42908
2010-09-08,12.3723
2010-09-09,12.461817
2010-09-10,12.401459
2010-09-13,12.451147
2010-09-14,12.401376
2010-09-15,12.348632
2010-09-16,12.286104
2010-09-17,12.269915
2010-09-20,12.4304
2010-09-21,12.365071
2010-09-22,12.443919
2010-09-23,12.320523
2010-09-24,12.512314
2010-09-27,12.525162
2010-09-28,12.555981
2010-09-29,12.51417
2010-09-30,12.470914
2010-10-01,12.563771
2010-10-04,12.516754
2010-10-05,12.657439
2010-10-06,12.601079
2010-10-07,12.606062
2010-10-08,12.63986
2010-10-11,12.64497
2010-10-12,12.604204
2010-10-13,12.647646
2010-10-14,12.625119
2010-10-15,12.668273
2010-10-18,12.823661
2010-10-19,12.750684
2010-10-20,12.882283
2010-10-21,12.762485
2010-10-22,12.711246
2010-10-25,12.677004
2010-10-26,12.63286
2010-10-27,12.617144
2010-10-28,12.650269
2010-10-29,12.699406
2010-11-01,12.566181
2010-11-02,12.717627
2010-11-03,12.683388
2010-11-04,12.849944
2010-11-05,12.819864
2010-11-08,12.740004
2010-11-09,12.660769
2010-11-10,12.58716
2010-11-11,12.588154
2010-11-12,12.488595
2010-11-15,12.526075
2010-11-16,12.388304
2010-11-17,12.378857
2010-11-18,12.454127
2010-11-19,12.418941
2010-11-22,12.452052
2010-11-23,12.315869
2010-11-24,12.360827
2010-11-26,12.290677
2010-11-29,12.253138
2010-11-30,12.256113
2010-12-01,12.39659
2010-12-02,12.436103
2010-12-03,12.469263
2010-12-06,12.410006
2010-12-07,12.347636
2010-12-08,12.307917
2010-12-09,12.349865
2010-12-10,12.39911
2010-12-13,12.452646
2010-12-14,12.479943
2010-12-15,12.369979
2010-12-16,12.473806
2010-12-17,12.532734
2010-12-20,12.585395
2010-12-21,12.5552
2010-12-22,12.618088
2010-12-23,12.631897
2010-12-27,12.626844
2010-12-28,12.657096
2010-12-29,12.624639
2010-12-30,12.599534
2010-12-31,12.598853
2011-01-03,12.663962
2011-01-04,12.729937
2011-01-05,12.65156
2011-01-06,12.659476
2011-01-07,12.708442
2011-01-10,12.640067
2011-01-11,12.654499
2011-01-12,12.751142
2011-01-13,12.742203
2011-01-14,12.79034
2011-01-18,12.826212
2011-01-19,12.817229
2011-01-20,12.902216
2011-01-21,12.910713
2011-01-24,12.979545
2011-01-25,12.941318
2011-01-26,12.818604
2011-01-27,12.861884
2011-01-28,12.684641
2011-01-31,12.695973
2011-02-01,12.829421
2011-02-02,12.757271
2011-02-03,12.785136
2011-02-04,12.669147
2011-02-07,12.765392
2011-02-08,12.762165
2011-02-09,12.756532
2011-02-10,12.768968
2011-02-11,12.742484
2011-02-14,12.640614
2011-02-15,12.685286
2011-02-16,12.642431
2011-02-17,12.672138
2011-02-18,12.659493
2011-02-22,12.638294
2011-02-23,12.658145
2011-02-24,12.629595
2011-02-25,12.707364
2011-02-28,12.847842
2011-03-01,12.731153
2011-03-02,12.762037
2011-03-03,12.875597
2011-03-04,12.790017
2011-03-07,12.828652
2011-03-08,12.965061
2011-03-09,13.104799
2011-03-10,12.943195
2011-03-11,12.982043
2011-03-14,12.807748
2011-03-15,12.569979
2011-03-16,12.355166
2011-03-17,12.378224
2011-03-18,12.424106
2011-03-21,12.59039
2011-03-22,12.598727
2011-03-23,12.594215
2011-03-24,12.637915
2011-03-25,12.638503
2011-03-28,12.592292
2011-03-29,12.705088
2011-03-30,12.858658
2011-03-31,12.821698
2011-04-01,12.912617
2011-04-04,12.904521
2011-04-05,12.844301
2011-04-06,12.942263
2011-04-07,12.876246
2011-04-08,12.844615
2011-04-11,12.670232
2011-04-12,12.63943
2011-04-13,12.666047
2011-04-14,12.736753
2011-04-15,12.874776
2011-04-18,12.764346
2011-04-19,12.762049
2011-04-20,12.92016
2011-04-21,12.944395
2011-04-25,12.957924
2011-04-26,13.068104
2011-04-27,13.23473
2011-04-28,13.292833
2011-04-29,13.327713
2011-05-02,13.382422
2011-05-03,13.477871
2011-05-04,13.388749
2011-05-05,13.306663
2011-05-06,13.460417
2011-05-09,13.433471
2011-05-10,13.613505
2011-05-11,13.579301
2011-05-12,13.687728
2011-05-13,13.631997
2011-05-16,13.634371
2011-05-17,13.733999
2011-05-18,13.687323
2011-05-19,13.715196
2011-05-20,13.716048
2011-05-23,13.551739
2011-05-24,13.528313
2011-05-25,13.488417
2011-05-26,13.472762
2011-05-27,13.481773
2011-05-31,13.573115
2011-06-01,13.422056
2011-06-02,13.382621
2011-06-03,13.290832
2011-06-06,13.227036
2011-06-07,13.244239
2011-06-08,13.265603
2011-06-09,13.27301
2011-06-10,13.196723
2011-06-13,13.278988
2011-06-14,13.331325
2011-06-15,13.168146
2011-06-16,13.250296
2011-06-17,13.329896
2011-06-20,13.395476
2011-06-21,13.405217
2011-06-22,13.303929
2011-06-23,13.202665
2011-06-24,13.243381
2011-06-27,13.34525
2011-06-28,13.404884
2011-06-29,13.465467
2011-06-30,13.514336
2011-07-01,13.6797
2011-07-05,13.585861
2011-07-06,13.61389
2011-07-07,13.661898
2011-07-08,13.615246
2011-07-11,13.464952
2011-07-12,13.527081
2011-07-13,13.495801
2011-07-14,13.435603
2011-07-15,13.457617
2011-07-18,13.330834
2011-07-19,13.431344
2011-07-20,13.491008
2011-07-21,13.684443
2011-07-22,13.6079
2011-07-25,13.672348
2011-07-26,13.619402
2011-07-27,13.598629
2011-07-28,13.463835
2011-07-29,13.318792
2011-08-01,13.351713
2011-08-02,13.152039
2011-08-03,13.195412
2011-08-04,12.763811
2011-08-05,12.880715
2011-08-08,12.156779
2011-08-09,12.538409
2011-08-10,12.281008
2011-08-11,12.876362
2011-08-12,12.812774
2011-08-15,13.271915
2011-08-16,13.24546
2011-08-17,13.33761
2011-08-18,13.167976
2011-08-19,13.06698
2011-08-22,13.045684
2011-08-23,13.283084
2011-08-24,13.556098
2011-08-25,13.349323
2011-08-26,13.337091
2011-08-29,13.591398
2011-08-30,13.591618
2011-08-31,13.692055
2011-09-01,13.543529
2011-09-02,13.387339
2011-09-06,13.297902
2011-09-07,13.432089
2011-09-08,13.425726
2011-09-09,13.155918
2011-09-12,13.26582
2011-09-13,13.340504
2011-09-14,13.444217
2011-09-15,13.624458
2011-09-16,13.765168
2011-09-19,13.70009
2011-09-20,13.884958
2011-09-21,13.655455
2011-09-22,13.404029
2011-09-23,13.534574
2011-09-26,13.607569
2011-09-27,13.642217
2011-09-28,13.525084
2011-09-29,13.731989
2011-09-30,13.582543
2011-10-03,13.267536
2011-10-04,13.232523
2011-10-05,13.276049
2011-10-06,13.545569
2011-10-07,13.598756
2011-10-10,13.886031
2011-10-11,13.73999
2011-10-12,13.720684
2011-10-13,13.729736
2011-10-14,13.865659
2011-10-17,13.828889
2011-10-18,13.902059
2011-10-19,13.918472
2011-10-20,14.013793
2011-10-21,14.24165
2011-10-24,14.160097
2011-10-25,13.986731
2011-10-26,14.165924
2011-10-27,14.433891
2011-10-28,14.319247
2011-10-31,14.247176
2011-11-01,14.041648
2011-11-02,14.305047
2011-11-03,14.405812
2011-11-04,14.316947
2011-11-07,14.394985
2011-11-08,14.484835
2011-11-09,14.16784
2011-11-10,14.269715
2011-11-11,14.466374
2011-11-14,14.289695
2011-11-15,14.318606
2011-11-16,14.132625
2011-11-17,14.049114
2011-11-18,14.139873
2011-11-21,13.972141
2011-11-22,13.796348
2011-11-23,13.585098
2011-11-25,13.647613
2011-11-28,13.825556
2011-11-29,13.980405
2011-11-30,14.365242
2011-12-01,14.331333
2011-12-02,14.17473
2011-12-05,14.290468
2011-12-06,14.328132
2011-12-07,14.291575
2011-12-08,14.069537
2011-12-09,14.263385
2011-12-12,14.104966
2011-12-13,14.14372
2011-12-14,14.02963
2011-12-15,14.224651
2011-12-16,14.179711
2011-12-19,14.065129
2011-12-20,14.353767
2011-12-21,14.566234
2011-12-22,14.630403
2011-12-23,14.731721
2011-12-27,14.847227
2011-12-28,14.758397
2011-12-29,14.874802
2011-12-30,14.777924
2012-01-03,14.524008
2012-01-04,14.445111
2012-01-05,14.467381
2012-01-06,14.35333
2012-01-09,14.379889
2012-01-10,14.404685
2012-01-11,14.342008
2012-01-12,14.308829
2012-01-13,14.273025
2012-01-17,14.325217
2012-01-18,14.328585
2012-01-19,14.254918
2012-01-20,14.275004
2012-01-23,14.372533
2012-01-24,14.229052
2012-01-25,14.470191
2012-01-26,14.524639
2012-01-27,14.283055
2012-01-30,14.221572
2012-01-31,14.292878
2012-02-01,14.350167
2012-02-02,14.297008
2012-02-03,14.330855
2012-02-06,14.280428
2012-02-07,14.378929
2012-02-08,14.375806
2012-02-09,14.317668
2012-02-10,14.316181
2012-02-13,14.273502
2012-02-14,14.298389
2012-02-15,14.214416
2012-02-16,14.402493
2012-02-17,14.374476
2012-02-21,14.343453
2012-02-22,14.371431
2012-02-23,14.316756
2012-02-24,14.394964
2012-02-27,14.339982
2012-02-28,14.218497
2012-02-29,14.237056
2012-03-01,14.235507
2012-03-02,14.233216
2012-03-05,14.251042
2012-03-06,14.184475
2012-03-07,14.18082
2012-03-08,14.229237
2012-03-09,14.30533
2012-03-12,14.456294
2012-03-13,14.488342
2012-03-14,14.252328
2012-03-15,14.238422
2012-03-16,14.204654
2012-03-19,14.140249
2012-03-20,14.168104
2012-03-21,14.151172
2012-03-22,14.16347
2012-03-23,14.169371
2012-03-26,14.283354
2012-03-27,14.340493
2012-03-28,14.209387
2012-03-29,14.259756
2012-03-30,14.335929
2012-04-02,14.400694
2012-04-03,14.409323
2012-04-04,14.385598
2012-04-05,14.27699
2012-04-09,14.20171
2012-04-10,14.021026
2012-04-11,14.050363
2012-04-12,14.10769
2012-04-13,14.05122
2012-04-16,14.192921
2012-04-17,14.283565
2012-04-18,14.245225
2012-04-19,14.220738
2012-04-20,14.395228
2012-04-23,14.317605
2012-04-24,14.441684
2012-04-25,14.515091
2012-04-26,14.512785
2012-04-27,14.566029
2012-04-30,14.5983
2012-05-01,14.651381
2012-05-02,14.573043
2012-05-03,14.483415
2012-05-04,14.515389
2012-05-07,14.475415
2012-05-08,14.466838
2012-05-09,14.476904
2012-05-10,14.631691
2012-05-11,14.624944
2012-05-14,14.566835
2012-05-15,14.484548
2012-05-16,14.515163
2012-05-17,14.426191
2012-05-18,14.420674
2012-05-21,14.452047
2012-05-22,14.539637
2012-05-23,14.44494
2012-05-24,14.523598
2012-05-25,14.550495
2012-05-29,14.608774
2012-05-30,14.489042
2012-05-31,14.569907
2012-06-01,14.512578
2012-06-04,14.598249
2012-06-05,14.640777
2012-06-06,14.84184
2012-06-07,14.940262
2012-06-08,15.001602
2012-06-11,14.988293
2012-06-12,15.020004
2012-06-13,15.044752
2012-06-14,15.162846
2012-06-15,15.242959
2012-06-18,15.29221
2012-06-19,15.263296
2012-06-20,15.093626
2012-06-21,14.933854
2012-06-22,14.947136
2012-06-25,14.913446
2012-06-26,14.955445
2012-06-27,15.109209
2012-06-28,15.142487
2012-06-29,15.226645
2012-07-02,15.268175
2012-07-03,15.209372
2012-07-05,14.829775
2012-07-06,15.077087
2012-07-09,15.015982
2012-07-10,15.068952
2012-07-11,15.162219
2012-07-12,15.172501
2012-07-13,15.323672
2012-07-16,15.283365
2012-07-17,15.316435
2012-07-18,15.338418
2012-07-19,15.381636
2012-07-20,15.408612
2012-07-23,15.309711
2012-07-24,15.190224
2012-07-25,15.1406
2012-07-26,15.391565
2012-07-27,15.566643
2012-07-30,15.63919
2012-07-31,15.534592
2012-08-01,15.43756
2012-08-02,15.304215
2012-08-03,15.481662
2012-08-06,15.372586
2012-08-07,15.232643
2012-08-08,15.278275
2012-08-09,15.271795
2012-08-10,15.327219
2012-08-13,15.269382
2012-08-14,15.267059
2012-08-15,15.188338
2012-08-16,15.134462
2012-08-17,15.106821
2012-08-20,15.12138
2012-08-21,15.018969
2012-08-22,14.996143
2012-08-23,14.838676
2012-08-24,14.910352
2012-08-27,14.936149
2012-08-28,14.903474
2012-08-29,14.866405
2012-08-30,14.831966
2012-08-31,14.816576
2012-09-04,14.883041
2012-09-05,14.820168
2012-09-06,14.991813
2012-09-07,14.942088
2012-09-10,14.914066
2012-09-11,14.884242
2012-09-12,14.812535
2012-09-13,15.026542
2012-09-14,14.91263
2012-09-17,14.826847
2012-09-18,14.745746
2012-09-19,14.777663
2012-09-20,14.831884
2012-09-21,14.849674
2012-09-24,15.001942
2012-09-25,14.955397
2012-09-26,14.979832
2012-09-27,14.914765
2012-09-28,14.991704
2012-10-01,14.932532
2012-10-02,14.996092
2012-10-03,15.089405
2012-10-04,15.147346
2012-10-05,15.104041
2012-10-08,15.129979
2012-10-09,15.117592
2012-10-10,15.076674
2012-10-11,15.089624
2012-10-12,15.007652
2012-10-15,15.0924
2012-10-16,15.130252
2012-10-17,15.320627
2012-10-18,15.388423
2012-10-19,15.293201
2012-10-22,15.225553
2012-10-23,15.106848
2012-10-24,14.926932
2012-10-25,14.988761
2012-10-26,14.996212
2012-10-31,15.123025
2012-11-01,14.937233
2012-11-02,14.862746
2012-11-05,14.578528
2012-11-06,14.568081
2012-11-07,14.261947
2012-11-08,14.230126
2012-11-09,14.196859
2012-11-12,14.074611
2012-11-13,14.120653
2012-11-14,13.99495
2012-11-15,13.903429
2012-11-16,14.055032
2012-11-19,14.055854
2012-11-20,14.037758
2012-11-21,14.002191
2012-11-23,13.967383
2012-11-26,14.149216
2012-11-27,14.180101
2012-11-28,14.216467
2012-11-29,14.297562
2012-11-30,14.442708
2012-12-03,14.346031
2012-12-04,14.268284
2012-12-05,14.493005
2012-12-06,14.4716
2012-12-07,14.478194
2012-12-10,14.504462
2012-12-11,14.529722
2012-12-12,14.498297
2012-12-13,14.440938
2012-12-14,14.395065
2012-12-17,14.585189
2012-12-18,14.726246
2012-12-19,14.601321
2012-12-20,14.661931
2012-12-21,14.593845
2012-12-24,14.54421
2012-12-26,14.411717
2012-12-27,14.379167
2012-12-28,14.237173
2012-12-31,14.435948
2013-01-02,14.697952
2013-01-03,14.697656
2013-01-04,14.777754
2013-01-07,14.598493
2013-01-08,14.570319
2013-01-09,14.541973
2013-01-10,14.607236
2013-01-11,14.604835
2013-01-14,14.583541
2013-01-15,14.629379
2013-01-16,14.554879
2013-01-17,14.610278
2013-01-18,14.739046
2013-01-22,14.87146
2013-01-23,14.822973
2013-01-24,14.847037
2013-01-25,14.915733
2013-01-28,14.911697
2013-01-29,15.020003
2013-01-30,15.014007
2013-01-31,15.015927
2013-02-01,15.043372
2013-02-04,14.93637
2013-02-05,14.988224
2013-02-06,15.026903
2013-02-07,15.116358
2013-02-08,15.203913
2013-02-11,15.238503
2013-02-12,15.291174
2013-02-13,15.221878
2013-02-14,15.052002
2013-02-15,15.098258
2013-02-19,15.220923
2013-02-20,15.127693
2013-02-21,15.07472
2013-02-22,15.244067
2013-02-25,15.104208
2013-02-26,15.151558
2013-02-27,15.233096
2013-02-28,15.252056
2013-03-01,15.280834
2013-03-04,15.430088
2013-03-05,15.515685
2013-03-06,15.49328
2013-03-07,15.416877
2013-03-08,15.448861
2013-03-11,15.486946
2013-03-12,15.433598
2013-03-13,15.482592
2013-03-14,15.517308
2013-03-15,15.615954
2013-03-18,15.530106
2013-03-19,15.568885
2013-03-20,15.684488
2013-03-21,15.607624
2013-03-22,15.63765
2013-03-25,15.595593
2013-03-26,15.740303
2013-03-27,15.807599
2013-03-28,16.006308
2013-04-01,15.969776
2013-04-02,16.027751
2013-04-03,15.987056
2013-04-04,16.130855
2013-04-05,16.199828
2013-04-08,16.327756
2013-04-09,16.273367
2013-04-10,16.397343
2013-04-11,16.443276
2013-04-12,16.494283
2013-04-15,16.264958
2013-04-16,16.459322
2013-04-17,16.375689
2013-04-18,16.439004
2013-04-19,16.676373
2013-04-22,16.662717
2013-04-23,16.685848
2013-04-24,16.725689
2013-04-25,16.746398
2013-04-26,16.727624
2013-04-29,16.872504
2013-04-30,16.878676
2013-05-01,16.732293
2013-05-02,16.650422
2013-05-03,16.600333
2013-05-06,16.400271
2013-05-07,16.516063
2013-05-08,16.38532
2013-05-09,16.092685
2013-05-10,16.157372
2013-05-13,16.046396
2013-05-14,16.152887
2013-05-15,16.282545
2013-05-16,16.152103
2013-05-17,16.316248
2013-05-20,16.239277
2013-05-21,16.257823
2013-05-22,15.995991
2013-05-23,15.875295
2013-05-24,15.709167
2013-05-28,15.535915
2013-05-29,15.296598
2013-05-30,15.328864
2013-05-31,15.239574
2013-06-03,15.266946
2013-06-04,15.199131
2013-06-05,15.057404
2013-06-06,15.215339
2013-06-07,15.329803
2013-06-10,15.31751
2013-06-11,15.224482
2013-06-12,15.074811
2013-06-13,15.32625
2013-06-14,15.348501
2013-06-17,15.401053
2013-06-18,15.508431
2013-06-19,15.154367
2013-06-20,14.715474
2013-06-21,14.908135
2013-06-24,14.884653
2013-06-25,15.065928
2013-06-26,15.259138
2013-06-27,15.318535
2013-06-28,15.374448
2013-07-01,15.177083
2013-07-02,15.164555
2013-07-03,15.142343
2013-07-05,15.069353
2013-07-08,15.280949
2013-07-09,15.393151
2013-07-10,15.466441
2013-07-11,15.721397
2013-07-12,15.794897
2013-07-15,16.04062
2013-07-16,15.993648
2013-07-17,15.953145
2013-07-18,16.102899
2013-07-19,16.091946
2013-07-22,16.090696
2013-07-23,16.137384
2013-07-24,15.878822
2013-07-25,15.995477
2013-07-26,16.039511
2013-07-29,16.069865
2013-07-30,16.059789
2013-07-31,15.900284
2013-08-01,16.037004
2013-08-02,15.992373
2013-08-05,15.894895
2013-08-06,15.810476
2013-08-07,15.840881
2013-08-08,15.940752
2013-08-09,15.800044
2013-08-12,15.717514
2013-08-13,15.628281
2013-08-14,15.507419
2013-08-15,15.289458
2013-08-16,15.113763
2013-08-19,14.896497
2013-08-20,15.023442
2013-08-21,14.845031
2013-08-22,14.943745
2013-08-23,15.060367
2013-08-26,14.941792
2013-08-27,14.944734
2013-08-28,14.983386
2013-08-29,14.905609
2013-08-30,14.908342
2013-09-03,14.741598
2013-09-04,14.723147
2013-09-05,14.670343
2013-09-06,14.753294
2013-09-09,14.822019
2013-09-10,14.92805
2013-09-11,14.793397
2013-09-12,14.745004
2013-09-13,14.856572
2013-09-16,14.888754
2013-09-17,14.976931
2013-09-18,15.426893
2013-09-19,15.356381
2013-09-20,15.134053
2013-09-23,15.304578
2013-09-24,15.286269
2013-09-25,15.169267
2013-09-26,15.142545
2013-09-27,15.039339
2013-09-30,15.02636
2013-10-01,15.078151
2013-10-02,15.10291
2013-10-03,14.914225
2013-10-04,14.945405
2013-10-07,14.870611
2013-10-08,14.962242
2013-10-09,15.027931
2013-10-10,15.249794
2013-10-11,15.319861
2013-10-14,15.236592
2013-10-15,15.045523
2013-10-16,15.174691
2013-10-17,15.429734
2013-10-18,15.473104
2013-10-21,15.48866
2013-10-22,15.676287
2013-10-23,15.655499
2013-10-24,15.634505
2013-10-25,15.809413
2013-10-28,15.805237
2013-10-29,15.844639
2013-10-30,15.68393
2013-10-31,15.581073
2013-11-01,15.616045
2013-11-04,15.663089
2013-11-05,15.542305
2013-11-06,15.657176
2013-11-07,15.452323
2013-11-08,15.42689
2013-11-11,15.442441
2013-11-12,15.324127
2013-11-13,15.309483
2013-11-14,15.442635
2013-11-15,15.52528
2013-11-18,15.524244
2013-11-19,15.414387
2013-11-20,15.231555
2013-11-21,15.270218
2013-11-22,15.257247
2013-11-25,15.189394
2013-11-26,15.038326
2013-11-27,15.00927
2013-11-29,15.000879
2013-12-02,14.949725
2013-12-03,15.038199
2013-12-04,15.080393
2013-12-05,14.967661
2013-12-06,15.145975
2013-12-09,15.069347
2013-12-10,14.908963
2013-12-11,14.768811
2013-12-12,14.7846
2013-12-13,14.760767
2013-12-16,14.84009
2013-12-17,14.809031
2013-12-18,15.005609
2013-12-19,14.892122
2013-12-20,15.027858
2013-12-23,14.979414
2013-12-24,15.031243
2013-12-26,14.983691
2013-12-27,15.01176
2013-12-30,15.055964
2013-12-31,15.090589
2014-01-02,14.861085
2014-01-03,14.862934
2014-01-06,14.883793
2014-01-07,15.019308
2014-01-08,14.937587
2014-01-09,15.02866
2014-01-10,15.244868
2014-01-13,15.076573
2014-01-14,15.089969
2014-01-15,15.064919
2014-01-16,15.157531
2014-01-17,15.157648
2014-01-21,15.33217
2014-01-22,15.346459
2014-01-23,15.297758
2014-01-24,15.123061
2014-01-27,15.141897
2014-01-28,15.198537
2014-01-29,15.133774
2014-01-30,15.381397
2014-01-31,15.491593
2014-02-03,15.11879
2014-02-04,15.031348
2014-02-05,14.950121
2014-02-06,15.089118
2014-02-07,15.156242
2014-02-10,15.229492
2014-02-11,15.361177
2014-02-12,15.325432
2014-02-13,15.512951
2014-02-14,15.582648
2014-02-18,15.662777
2014-02-19,15.575501
2014-02-20,15.683766
2014-02-21,15.667264
2014-02-24,15.617138
2014-02-25,15.61039
2014-02-26,15.552576
2014-02-27,15.503455
2014-02-28,15.597823
2014-03-03,15.527369
2014-03-04,15.651057
2014-03-05,15.538611
2014-03-06,15.444141
2014-03-07,15.484094
2014-03-10,15.454018
2014-03-11,15.400848
2014-03-12,15.597511
2014-03-13,15.739249
2014-03-14,15.825208
2014-03-17,15.921904
2014-03-18,15.891676
2014-03-19,15.655449
2014-03-20,15.661104
2014-03-21,15.779555
2014-03-24,15.812289
2014-03-25,15.872869
2014-03-26,15.809455
2014-03-27,15.932013
2014-03-28,15.961996
2014-03-31,16.127895
2014-04-01,16.007531
2014-04-02,15.975976
2014-04-03,16.027753
2014-04-04,16.098911
2014-04-07,16.066761
2014-04-08,16.268866
2014-04-09,16.216666
2014-04-10,16.154199
2014-04-11,16.137345
2014-04-14,16.242048
2014-04-15,16.418969
2014-04-16,16.535201
2014-04-17,16.324094
2014-04-21,16.298815
2014-04-22,16.30465
2014-04-23,16.318594
2014-04-24,16.475791
2014-04-25,16.660176
2014-04-28,16.716661
2014-04-29,16.662277
2014-04-30,16.647905
2014-05-01,16.642163
2014-05-02,16.315819
2014-05-05,16.489019
2014-05-06,16.398326
2014-05-07,16.555918
2014-05-08,16.340489
2014-05-09,16.120897
2014-05-12,15.964718
2014-05-13,15.990364
2014-05-14,16.047483
2014-05-15,15.995484
2014-05-16,16.036489
2014-05-19,15.788533
2014-05-20,15.791416
2014-05-21,15.776722
2014-05-22,15.908067
2014-05-23,15.87059
2014-05-27,15.999792
2014-05-28,16.056014
2014-05-29,16.075798
2014-05-30,16.198014
2014-06-02,16.19014
2014-06-03,16.248172
2014-06-04,16.252471
2014-06-05,16.397473
2014-06-06,16.3503
2014-06-09,16.217432
2014-06-10,16.125803
2014-06-11,15.925076
2014-06-12,15.969405
2014-06-13,16.073784
2014-06-16,16.189381
2014-06-17,16.160407
2014-06-18,16.51968
2014-06-19,16.662306
2014-06-20,16.56183
2014-06-23,16.509859
2014-06-24,16.554275
2014-06-25,16.634082
2014-06-26,16.667306
2014-06-27,16.723968
2014-06-30,16.863031
2014-07-01,16.698059
2014-07-02,16.375564
2014-07-03,16.199759
2014-07-07,16.264627
2014-07-08,16.342215
2014-07-09,16.316634
2014-07-10,16.422689
2014-07-11,16.310127
2014-07-14,16.173564
2014-07-15,16.251256
2014-07-16,16.306206
2014-07-17,16.146707
2014-07-18,16.338808
2014-07-21,16.310894
2014-07-22,16.262452
2014-07-23,16.276487
2014-07-24,16.348331
2014-07-25,16.209661
2014-07-28,16.382622
2014-07-29,16.179481
2014-07-30,15.854373
2014-07-31,15.577934
2014-08-01,15.630543
2014-08-04,15.536682
2014-08-05,15.293513
2014-08-06,15.137856
2014-08-07,15.336455
2014-08-08,15.628139
2014-08-11,15.599046
2014-08-12,15.580642
2014-08-13,15.634245
2014-08-14,15.784411
2014-08-15,15.796132
2014-08-18,15.772304
2014-08-19,15.960469
2014-08-20,15.993665
2014-08-21,16.028442
2014-08-22,16.015744
2014-08-25,16.132472
2014-08-26,15.947023
2014-08-27,16.087777
2014-08-28,16.142238
2014-08-29,16.265194
2014-09-02,16.100076
2014-09-03,16.195334
2014-09-04,16.195449
2014-09-05,16.393345
2014-09-08,16.273527
2014-09-09,16.101676
2014-09-10,16.039496
2014-09-11,16.175011
2014-09-12,15.808252
2014-09-15,15.861261
2014-09-16,16.055802
2014-09-17,16.015349
2014-09-18,15.904953
2014-09-19,16.035515
2014-09-22,15.938775
2014-09-23,15.720002
2014-09-24,15.668878
2014-09-25,15.58294
2014-09-26,15.608328
2014-09-29,15.698146
2014-09-30,15.736843
2014-10-01,15.821338
2014-10-02,15.803202
2014-10-03,15.89689
2014-10-06,15.893457
2014-10-07,15.872773
2014-10-08,16.241247
2014-10-09,15.980137
2014-10-10,16.060554
2014-10-13,16.045308
2014-10-14,16.200551
2014-10-15,15.986104
2014-10-16,16.294669
2014-10-17,16.390731
2014-10-20,16.658949
2014-10-21,16.722107
2014-10-22,16.843994
2014-10-23,16.852525
2014-10-24,17.010217
2014-10-27,17.171841
2014-10-28,17.323088
2014-10-29,17.251465
2014-10-30,17.525107
2014-10-31,17.47225
2014-11-03,17.592287
2014-11-04,17.394182
2014-11-05,17.530737
2014-11-06,17.043382
2014-11-07,17.378018
2014-11-10,17.449567
2014-11-11,17.425584
2014-11-12,17.072366
2014-11-13,16.932416
2014-11-14,16.86756
2014-11-17,17.086697
2014-11-18,17.134501
2014-11-19,17.12316
2014-11-20,17.082736
2014-11-21,17.149796
2014-11-24,16.995841
2014-11-25,16.983158
2014-11-26,17.066151
2014-11-28,17.248318
2014-12-01,17.276635
2014-12-02,17.402689
2014-12-03,17.356572
2014-12-04,17.344435
2014-12-05,17.198852
2014-12-08,17.325166
2014-12-09,17.408471
2014-12-10,17.196136
2014-12-11,17.314614
2014-12-12,17.148928
2014-12-15,16.968651
2014-12-16,16.936204
2014-12-17,17.133217
2014-12-18,17.46813
2014-12-19,17.456519
2014-12-22,17.510418
2014-12-23,17.55969
2014-12-24,17.876779
2014-12-26,18.09262
2014-12-29,18.256265
2014-12-30,17.878014
2014-12-31,17.546082
2015-01-02,17.64493
2015-01-05,17.425356
2015-01-06,17.437545
2015-01-07,17.607911
2015-01-08,17.733325
2015-01-09,17.624062
2015-01-12,17.578027
2015-01-13,17.584858
2015-01-14,17.575266
2015-01-15,17.694515
2015-01-16,18.01623
2015-01-20,18.060477
2015-01-21,18.239692
2015-01-22,18.337695
2015-01-23,18.403534
2015-01-26,18.436335
2015-01-27,18.436631
2015-01-28,18.216131
2015-01-29,18.463349
2015-01-30,18.052568
2015-02-02,18.167637
2015-02-03,18.247709
2015-02-04,17.980401
2015-02-05,18.168785
2015-02-06,17.420429
2015-02-09,17.282152
2015-02-10,17.584374
2015-02-11,17.165585
2015-02-12,17.116586
2015-02-13,16.842596
2015-02-17,16.827736
2015-02-18,17.221765
2015-02-19,16.955574
2015-02-20,17.062154
2015-02-23,17.165918
2015-02-24,17.27569
2015-02-25,16.989519
2015-02-26,16.851879
2015-02-27,16.636797
2015-03-02,16.411826
2015-03-03,16.57317
2015-03-04,16.46324
2015-03-05,16.596304
2015-03-06,16.088463
2015-03-09,16.117431
2015-03-10,16.086608
2015-03-11,15.984584
2015-03-12,16.290996
2015-03-13,16.130553
2015-03-16,16.399506
2015-03-17,16.366352
2015-03-18,16.81292
2015-03-19,16.647102
2015-03-20,16.805325
2015-03-23,16.841277
2015-03-24,16.633463
2015-03-25,16.444011
2015-03-26,16.310357
2015-03-27,16.393807
2015-03-30,16.60598
2015-03-31,16.598404
2015-04-01,16.616724
2015-04-02,16.660402
2015-04-06,16.871199
2015-04-07,16.689319
2015-04-08,16.645488
2015-04-09,16.565619
2015-04-10,16.699655
2015-04-13,16.537342
2015-04-14,16.629678
2015-04-15,16.660747
2015-04-16,16.597028
2015-04-17,16.54466
2015-04-20,16.789427
2015-04-21,16.64863
2015-04-22,16.693246
2015-04-23,16.80887
2015-04-24,16.964026
2015-04-27,16.752061
2015-04-28,16.845115
2015-04-29,16.764003
2015-04-30,16.535752
2015-05-01,16.60648
2015-05-04,16.711363
2015-05-05,16.313779
2015-05-06,16.217034
2015-05-07,16.283292
2015-05-08,16.381981
2015-05-11,16.256424
2015-05-12,16.203847
2015-05-13,16.036713
2015-05-14,16.195927
2015-05-15,16.42845
2015-05-18,16.484242
2015-05-19,16.5213
2015-05-20,16.548767
2015-05-21,16.55163
2015-05-22,16.52218
2015-05-26,16.422181
2015-05-27,16.47273
2015-05-28,16.52017
2015-05-29,16.49212
2015-06-01,16.510013
2015-06-02,16.225464
2015-06-03,15.997223
2015-06-04,15.958298
2015-06-05,15.753143
2015-06-08,15.661805
2015-06-09,15.639031
2015-06-10,15.716593
2015-06-11,15.832064
2015-06-12,15.69726
2015-06-15,15.677383
2015-06-16,15.747495
2015-06-17,15.888671
2015-06-18,16.103023
2015-06-19,15.937645
2015-06-22,15.917979
2015-06-23,15.700096
2015-06-24,15.575973
2015-06-25,15.470597
2015-06-26,15.554933
2015-06-29,15.471415
2015-06-30,15.43878
2015-07-01,15.492478
2015-07-02,15.469258
2015-07-06,15.573806
2015-07-07,15.961208
2015-07-08,15.880632
2015-07-09,15.710217
2015-07-10,15.796971
2015-07-13,15.803203
2015-07-14,15.777483
2015-07-15,15.858355
2015-07-16,16.130569
2015-07-17,15.97404
2015-07-20,15.902676
2015-07-21,15.751384
2015-07-22,15.836765
2015-07-23,15.596772
2015-07-24,15.548947
2015-07-27,15.741475
2015-07-28,15.791955
2015-07-29,15.95712
2015-07-30,16.059297
2015-07-31,16.211037
2015-08-03,16.345831
2015-08-04,16.085419
2015-08-05,16.061096
2015-08-06,16.110111
2015-08-07,16.302259
2015-08-10,16.2276
2015-08-11,16.295055
2015-08-12,16.554121
2015-08-13,16.545704
2015-08-14,16.65115
2015-08-17,16.771094
2015-08-18,16.723987
2015-08-19,16.795725
2015-08-20,16.698396
2015-08-21,16.496488
2015-08-24,15.827795
2015-08-25,15.334162
2015-08-26,15.592378
2015-08-27,15.779633
2015-08-28,15.738872
2015-08-31,15.440875
2015-09-01,15.028918
2015-09-02,15.032144
2015-09-03,15.109767
2015-09-04,14.883556
2015-09-08,15.197652
2015-09-09,15.004815
2015-09-10,14.975004
2015-09-11,15.094905
2015-09-14,15.121046
2015-09-15,15.185947
2015-09-16,15.338841
2015-09-17,15.536358
2015-09-18,15.441976
2015-09-21,15.521724
2015-09-22,15.344074
2015-09-23,15.378823
2015-09-24,15.50263
2015-09-25,15.659649
2015-09-28,15.56726
2015-09-29,15.57895
2015-09-30,15.849847
2015-10-01,15.658815
2015-10-02,15.867452
2015-10-05,16.075724
2015-10-06,15.962567
2015-10-07,15.915332
2015-10-08,16.105915
2015-10-09,16.041519
2015-10-12,16.188237
2015-10-13,16.146101
2015-10-14,16.143607
2015-10-15,16.412282
2015-10-16,16.538469
2015-10-19,16.550923
2015-10-20,16.588008
2015-10-21,16.570797
2015-10-22,16.754091
2015-10-23,16.445931
2015-10-26,16.393413
2015-10-27,16.321531
2015-10-28,15.940571
2015-10-29,15.811707
2015-10-30,15.903383
2015-11-02,15.871766
2015-11-03,15.887918
2015-11-04,15.920562
2015-11-05,15.904448
2015-11-06,15.276669
2015-11-09,15.312415
2015-11-10,15.431721
2015-11-11,15.56922
2015-11-12,15.395899
2015-11-13,15.339757
2015-11-16,15.579995
2015-11-17,15.292135
2015-11-18,15.405777
2015-11-19,15.558026
2015-11-20,15.627764
2015-11-23,15.488247
2015-11-24,15.443991
2015-11-25,15.344936
2015-11-27,15.380612
2015-11-30,15.407659
2015-12-01,15.535992
2015-12-02,15.192266
2015-12-03,15.050469
2015-12-04,15.281773
2015-12-07,15.336267
2015-12-08,15.299783
2015-12-09,15.304767
2015-12-10,15.060562
2015-12-11,15.017859
2015-12-14,15.113276
2015-12-15,15.246908
2015-12-16,15.637556
2015-12-17,15.654093
2015-12-18,15.431889
2015-12-21,15.449985
2015-12-22,15.589621
2015-12-23,15.830228
2015-12-24,15.816877
2015-12-28,15.890615
2015-12-29,15.970717
2015-12-30,15.946859
2015-12-31,15.779375
2016-01-01,15.830043823916307
2016-01-04,15.773035484776088
2016-01-05,15.914824391273005
2016-01-06,15.837335103889076
2016-01-07,15.699269390507364
2016-01-08,15.735434070492644
2016-01-11,15.848218947620822
2016-01-12,15.706454424982612
2016-01-13,15.682970814003795
2016-01-14,15.954443651169738
2016-01-15,15.797737162200796
2016-01-18,15.818092185674674
2016-01-19,16.062130239800766
2016-01-20,15.674660251175805
2016-01-21,15.733351752841596
2016-01-22,16.071239097140307
2016-01-25,15.874196077998068
2016-01-26,16.051753927991204
2016-01-27,16.175326964639233
2016-01-28,16.369852612441072
2016-01-29,16.627930936607907
2016-02-01,16.719077368399404
2016-02-02,16.779141471280372
2016-02-03,16.927389541136563
2016-02-04,16.8346229006046
2016-02-05,16.87875348003379
2016-02-08,16.790924270768393
2016-02-09,16.861376339794766
2016-02-10,16.84682121807309
2016-02-11,16.512183195353956
2016-02-12,16.495261229401418
2016-02-15,16.50528985651514
2016-02-16,16.63471287309923
2016-02-17,16.636209761394593
2016-02-18,16.879519694840003
2016-02-19,16.71215002321207
2016-02-22,16.93385440966404
2016-02-23,16.92687047498283
2016-02-24,16.985866595911023
2016-02-25,17.167640845537473
2016-02-26,16.729027756266603
2016-02-29,16.77452955462574
2016-03-01,16.727920806853916
2016-03-02,16.77268390804895
2016-03-03,16.874924768888658
2016-03-04,17.06992042085983
2016-03-07,17.303018728082748
2016-03-08,17.45445638075912
2016-03-09,17.373910609971425
2016-03-10,17.397156799806382
2016-03-11,17.47836533447171
2016-03-14,16.95342762554716
2016-03-15,17.50739606741949
2016-03-16,17.703269560951732
2016-03-17,17.889601392150666
2016-03-18,17.73597652975096
2016-03-21,17.726344441176302
2016-03-22,17.681543099878745
2016-03-23,17.73823351385004
2016-03-24,17.79442699917411
2016-03-25,17.805105563113
2016-03-28,17.73198891382526
2016-03-29,17.97928580566501
2016-03-30,17.908170084787034
2016-03-31,18.05227966569352
2016-04-01,18.11455007195364
2016-04-04,18.038251536090524
2016-04-05,17.710639052153773
2016-04-06,17.867829037049198
2016-04-07,17.699198029243828
2016-04-08,17.809076327141018
2016-04-11,17.70228289581254
2016-04-12,17.838093643678942
2016-04-13,17.72200404374126
2016-04-14,17.690031382667723
2016-04-15,17.793635837638448
2016-04-18,17.30232756034432
2016-04-19,17.92268917405282
2016-04-20,17.50238609849739
2016-04-21,17.122882642935696
2016-04-22,17.291087502980034
2016-04-25,17.519976815593935
2016-04-26,17.348906043121257
2016-05-06,17.64794162525162
2016-05-11,17.796049600039645
2016-05-12,17.880419219303036
2016-05-13,17.789340240841288
2016-05-16,17.834156879673767
2016-05-17,17.51968579261623
2016-05-18,17.187780679143582
2016-05-19,17.47985159042667
2016-05-20,17.534562910114115
2016-05-23,17.35378595471715
2016-05-24,17.543837781187033
2016-05-25,17.49499023477204
2016-05-26,17.674463033634016
2016-05-27,17.72256534524427
2016-05-30,17.721437983992598
2016-05-31,17.83359329282762
2016-06-01,17.895034330018106
2016-06-02,17.890437620104954
2016-06-03,18.19062944684944
2016-06-06,18.10877625190789
2016-06-07,18.081488114304985
2016-06-08,18.186718484027782
2016-06-09,18.326027254816232
2016-06-10,18.251750775438733
2016-06-13,18.25369430832685
2016-06-14,18.3191215814044
2016-06-15,18.2080075499112
2016-06-16,18.33289029441674
2016-06-17,18.43064332358191
2016-06-20,18.362658950412037
2016-06-21,18.39985114386589
2016-06-22,18.30456083599956
2016-06-23,18.38065815067233
2016-06-24,18.42460909993434
2016-06-27,18.643885434643767
2016-06-28,18.726667102825065
2016-06-29,18.79898897999958
2016-06-30,19.214619845261403
2016-07-01,19.191553394104005
2016-07-04,19.206000324641277
2016-07-05,19.332120675055457
2016-07-06,19.36382742121705
2016-07-07,19.025096658210767
2016-07-08,19.191322203405
2016-07-11,19.17026494922624
2016-07-12,18.923005437000167
2016-07-13,19.11335778607953
2016-07-14,18.980310031529697
2016-07-15,19.032073447495502
2016-07-18,19.07591094966463
2016-07-19,19.038992807374875
2016-07-20,18.954768759088232
2016-07-21,19.10202919212921
2016-07-22,19.349076772862173
2016-07-25,19.387743664951557
2016-07-26,19.14529494113092
2016-07-27,18.8374589069988
2016-07-28,18.81561753968005
2016-07-29,18.967189502451763
2016-08-01,19.01034917964177
2016-08-02,18.88641940396971
2016-08-03,18.78877168014446
2016-08-04,18.713390740585343
2016-08-05,18.349826822691877
2016-08-08,18.40421770385189
2016-08-09,18.49757475805628
2016-08-10,18.644788709866475
2016-08-11,18.48660836174709
2016-08-12,18.52222964337324
2016-08-15,18.245292548104818
2016-08-16,18.098434212965024
2016-08-17,18.33042574065089
2016-08-18,18.563055463719696
2016-08-19,18.339480969356234
2016-08-22,18.39367843782029
2016-08-23,18.31720096565663
2016-08-24,18.31975593862396
2016-08-25,18.31320446449731
2016-08-26,17.94468510096626
2016-08-29,17.918451014622907
2016-08-30,17.60915251485547
2016-08-31,17.67924677452672
2016-09-01,17.623867769476913
2016-09-02,17.861600937060064
2016-09-05,17.628292617095166
2016-09-06,17.77150775725633
2016-09-07,17.733702946509982
2016-09-08,17.806756648761645
2016-09-09,17.19924462855754
2016-09-12,17.434341265584905
2016-09-13,17.162326576030164
2016-09-14,17.228302766013865
2016-09-15,17.042482005259465
2016-09-16,17.129195678520038
2016-09-19,17.329965232666236
2016-09-20,17.31853243368254
2016-09-21,17.675766245282425
2016-09-22,17.741792583276688
2016-09-23,17.684596591452433
2016-09-26,17.66178332315787
2016-09-27,17.473549659764853
2016-09-28,17.421894296143467
2016-09-29,17.229147863207018
2016-09-30,17.14169290632199
2016-10-03,16.937365568135373
2016-10-04,16.61548676859684
2016-10-05,16.610978378761693
2016-10-06,16.776770957549797
2016-10-07,16.573739815791818
2016-10-10,16.73168536170634
2016-10-11,16.519439158718214
2016-10-12,17.044157368456634
2016-10-13,16.84391533919489
2016-10-14,16.768445680471107
2016-10-17,17.100534827485678
2016-10-18,17.178875948049903
2016-10-19,17.190656046552355
2016-10-20,17.173106552826713
2016-10-21,17.094996714546955
2016-10-24,17.114249305304895
2016-10-25,17.174519695419413
2016-10-26,17.299358756157154
2016-10-27,17.23970831824396
2016-10-28,17.26107125182418
2016-10-31,17.581556884618937
2016-11-01,17.292354035530987
2016-11-02,17.061877866875466
2016-11-03,17.088913562347035
2016-11-04,17.16332769484683
2016-11-07,17.649330496641493
2016-11-08,17.737880795812615
2016-11-09,17.095915721499892
2016-11-10,16.673058265977037
2016-11-11,16.614769128072535
2016-11-14,16.59019988213267
2016-11-15,16.93630520916108
2016-11-16,16.75239045911029
2016-11-17,16.776935190603353
2016-11-18,16.728556198347494
2016-11-21,16.91927193726777
2016-11-22,16.962845910000663
2016-11-23,16.641919287721755
2016-11-25,17.05812100171122
2016-11-29,17.45752581572059
2016-11-30,16.88801027594412
2016-12-01,16.743596465846725
2016-12-02,16.912250541230552
2016-12-05,16.950013122382163
2016-12-06,16.898493126486127
2016-12-07,17.093542006259348
2016-12-08,17.138835085339498
2016-12-09,17.312835616879944
2016-12-12,17.447707019078884
2016-12-13,17.632914928149596
2016-12-14,17.260666968614927
2016-12-15,17.37260147155972
2016-12-16,17.61555004542252
2016-12-19,17.669008975426394
2016-12-20,17.72219066361757
2016-12-21,17.64153354144873
2016-12-22,17.698154402972392
2016-12-23,17.689470386501192
2016-12-26,17.69759720785599
2016-12-27,17.698146230853894
2016-12-28,17.540862427309026
2016-12-29,17.76753032956514
2016-12-30,17.675452614964485
2017-01-02,17.67491325868463
2017-01-03,17.62567493879453
2017-01-04,17.683499834671615
2017-01-05,17.70450839816994
2017-01-06,17.785871564022674
2017-01-09,17.39239512042119
2017-01-10,17.343738479399452
2017-01-11,17.50695637336426
2017-01-12,17.51565410159008
2017-01-13,17.72645929952518
2017-01-16,17.496957732919267
2017-01-17,17.69574747962324
2017-01-18,17.640519585270106
2017-01-19,17.47766195158608
2017-01-20,17.50427574380496
2017-01-23,17.51279467750516
2017-01-24,17.53694283179723
2017-01-25,17.557117040966087
2017-01-26,17.545714315962563
2017-01-27,17.486420169675927
2017-01-30,17.48405630640807
2017-01-31,17.76335142541161
2017-02-01,17.54583900590299
2017-02-02,17.672998901145487
2017-02-03,17.70587282789489
2017-02-06,17.694089196085706
2017-02-07,17.431374014967258
2017-02-08,17.573455399226113
2017-02-09,17.375015948945794
2017-02-10,17.49755229846346
2017-02-13,17.569185407086312
2017-02-14,17.456677183631125
2017-02-15,17.379598317478955
2017-02-16,17.52460490256502
2017-02-17,17.559445422334104
2017-02-20,17.5625637442157
2017-02-21,17.745921416069876
2017-02-22,17.766737430435487
2017-02-23,17.902460208747545
2017-02-24,18.16444322412285
2017-02-27,18.05417992218991
2017-02-28,18.19457879164538
2017-03-01,17.979584100873776
2017-03-02,18.103087100854506
2017-03-03,18.052603430333846
2017-03-06,18.009853446597884
2017-03-07,18.01660715508927
2017-03-08,17.748919330669953
2017-03-09,17.71093287567954
2017-03-10,17.847501983366648
2017-03-13,17.89079280055577
2017-03-14,17.873705296632313
2017-03-15,18.16404337019567
2017-03-16,17.970345789605414
2017-03-17,18.07312102185486
2017-03-20,17.92577446272706
2017-03-21,18.16146940445974
2017-03-22,18.23237746442428
2017-03-23,18.198528691972435
2017-03-24,18.27041616643376
2017-03-27,18.18606584975783
2017-03-28,18.20847237307626
2017-03-29,18.12818794727413
2017-03-30,18.012724315208313
2017-03-31,18.067607429851577
2017-04-03,18.04937837956706
2017-04-04,18.11276730437799
2017-04-05,18.191153910131945
2017-04-06,18.17652737655311
2017-04-07,18.077903762833376
2017-04-10,18.11268856815154
2017-04-11,18.124766620891144
2017-04-12,18.2433816514862
2017-04-13,18.175884063563423
2017-04-14,18.174446262494808
2017-04-17,18.251694499926668
2017-04-18,18.272232860242564
2017-04-19,18.161527995382052
2017-04-20,18.105898844919444
2017-04-21,18.19680065528856
2017-04-24,18.32815073634866
2017-04-25,18.324747304812227
2017-04-26,18.226327114219007
2017-04-27,18.265430772993327
2017-04-28,18.15139838155443
2017-05-01,18.02310681363863
2017-05-02,18.183380421732146
2017-05-03,17.839677674939377
2017-05-04,17.84643930193525
2017-05-05,17.883389518396122
2017-05-08,17.849406755298634
2017-05-09,17.68692899966437
2017-05-10,17.746901272598823
2017-05-11,17.766768213156887
2017-05-12,17.856114639229094
2017-05-15,17.92023174005615
2017-05-16,17.77758811324776
2017-05-17,17.818042113920594
2017-05-18,17.88758446496581
2017-05-19,17.94428026068059
2017-05-22,18.108058615240395
2017-05-23,18.148481598670063
2017-05-24,18.26819862314921
2017-05-25,18.399095628599053
2017-05-26,18.3883349927962
2017-05-29,18.348325766727875
2017-05-30,18.47417801224026
2017-05-31,18.541680754872296
2017-06-01,18.675185839057505
2017-06-02,18.69192658809473
2017-06-05,18.605065929600546
2017-06-06,18.54233709621453
2017-06-07,18.63834348113513
2017-06-08,18.47675919972291
2017-06-09,18.474570547557025
2017-06-12,18.428310774888345
2017-06-13,18.45724088559807
2017-06-14,18.565695434110037
2017-06-15,18.661546916824285
2017-06-16,18.755422429585355
2017-06-19,18.685218413118243
2017-06-20,18.69348627963284
2017-06-21,18.624101601427878
2017-06-22,18.545318090297457
2017-06-23,18.48364006878989
2017-06-26,18.62932356358288
2017-06-27,18.39625608931184
2017-06-28,18.154314688177013
2017-06-29,18.01118001331808
2017-06-30,18.00799180804274
2017-07-03,17.889183993248306
2017-07-04,17.891567069021082
2017-07-05,17.85082335341551
2017-07-06,17.829393123847066
2017-07-07,17.86032286198836
2017-07-10,17.845881094900626
2017-07-11,17.840073372931208
2017-07-12,17.992998351290762
2017-07-13,17.95823674250128
2017-07-14,18.0571488917305
2017-07-17,18.126947658876364
2017-07-18,18.17953434139428
2017-07-19,18.266994758973023
2017-07-20,18.379950016990957
2017-07-21,18.50833731948573
2017-07-24,18.388394528631164
2017-07-25,18.32523906176324
2017-07-26,18.43640664563052
2017-07-27,18.406710000432795
2017-07-28,18.38997767580862
2017-07-31,18.43123359715547
2017-08-01,18.51340740646386
2017-08-02,18.397465483551823
2017-08-03,18.35881856963827
2017-08-04,18.36908685097561
2017-08-07,18.419096653946795
2017-08-08,18.4142795813419
2017-08-09,18.33336187483806
2017-08-10,18.39108489503439
2017-08-11,18.274802668637847
2017-08-14,18.377728488496107
2017-08-15,18.47021129772299
2017-08-16,18.556426327871428
2017-08-17,18.416075304826816
2017-08-18,18.533611368129897
2017-08-21,18.596774783235954
2017-08-22,18.636774010508777
2017-08-23,18.686206988633845
2017-08-24,18.670640639892294
2017-08-25,18.728601188374263
2017-08-28,18.76987737524764
2017-08-29,18.74749080682374
2017-08-30,18.662750322457622
2017-08-31,18.71901642855639
2017-09-01,18.662792820881798
2017-09-04,18.662786724428496
2017-09-05,18.720049585506985
2017-09-06,18.617208492871526
2017-09-07,18.754512983081728
2017-09-08,18.842499577951983
2017-09-11,19.01874295709201
2017-09-12,18.67444650187608
2017-09-13,18.573104083680395
2017-09-14,18.73573323268499
2017-09-15,18.752294555654508
2017-09-18,18.556999382121504
2017-09-19,18.51751687094616
2017-09-20,18.3737603349116
2017-09-21,18.350751834791
2017-09-22,18.22401405543913
2017-09-25,18.374549573327425
2017-09-26,18.34880888708242
2017-09-27,18.11562772962313
2017-09-28,18.17237450507286
2017-09-29,18.16263724353268
2017-10-02,18.202969406439653
2017-10-03,18.124096434513785
2017-10-04,18.31948569404748
2017-10-05,18.29758709275075
2017-10-06,18.285541328442477
2017-10-09,18.34693072330292
2017-10-10,18.52735674294933
2017-10-11,18.592403758240533
2017-10-12,18.6873862232352
2017-10-13,18.540244031132666
2017-10-16,18.49836435412363
2017-10-17,18.66057831021362
2017-10-18,18.771525521717997
2017-10-19,18.964985418203582
2017-10-20,18.940673175736244
2017-10-23,18.9007987227721
2017-10-24,18.92465645182876
2017-10-25,18.778690126745875
2017-10-26,18.730434307523087
2017-10-27,18.859819759787253
2017-10-30,18.761785382010505
2017-10-31,18.79420364269341
2017-11-01,18.61093382491388
2017-11-02,18.58370354927751
2017-11-03,18.606981560227247
2017-11-06,18.53671523980565
2017-11-07,18.76310249003868
2017-11-08,18.762931282297323
2017-11-09,18.78107679239495
2017-11-10,18.701415616433657
2017-11-13,18.897893460239565
2017-11-14,19.126681179470296
2017-11-15,18.94730660206657
2017-11-16,18.868941717957977
2017-11-17,18.73272983054065
2017-11-20,18.681630730376927
2017-11-21,18.700875880728493
2017-11-22,18.69497631479117
2017-11-24,18.727207687896133
2017-11-27,18.809691199162454
2017-11-28,18.89135585477718
2017-11-29,18.902075876596733
2017-11-30,18.960378426346335
2017-12-01,18.897866028167496
2017-12-04,18.78151745316047
2017-12-05,18.596204934053087
2017-12-06,18.66682311399186
2017-12-07,18.68611601844942
2017-12-08,18.740682385834557
2017-12-11,18.869503608280404
2017-12-12,18.539809672928104
2017-12-13,18.59987786642833
2017-12-14,18.57386054000093
2017-12-15,18.63607070738452
2017-12-18,18.424260041993
2017-12-19,18.099543563027524
2017-12-20,17.957625408938636
2017-12-21,17.756019864011147
2017-12-22,17.776948742796808
2017-12-25,17.53935614376842
2017-12-26,17.67205656490117
2017-12-27,17.742845810101574
2017-12-28,17.827565216069438
2017-12-29,17.82697618090788
2018-01-01,17.826950021736348
2018-01-02,17.696954068290143
2018-01-03,17.52619241756252
2018-01-04,17.378608493577968
2018-01-05,17.382887455817816
2018-01-08,17.55520319192649
2018-01-09,17.35771252535279
2018-01-10,17.131183439485273
2018-01-11,17.05050002025827
2018-01-12,16.97282287541568
2018-01-15,16.972840891791655
2018-01-16,16.935425070288336
2018-01-17,17.04072131967643
2018-01-18,16.859846796696495
2018-01-19,16.831143399027265
2018-01-22,16.73487719465171
2018-01-23,16.880543352815167
2018-01-24,16.783939654619722
2018-01-25,17.015211854032312
2018-01-26,16.883502719937198
2018-01-29,16.63352336238649
2018-01-30,16.656268217571117
2018-01-31,16.77498999916389
2018-02-01,16.488559331546245
2018-02-02,16.371324679489973
2018-02-05,16.11703632843151
2018-02-06,15.873614355448838
2018-02-07,15.830968113432686
2018-02-08,15.504368868671142
2018-02-09,15.76862322338298
2018-02-12,15.895462783952564
2018-02-13,15.953496793531729
2018-02-14,15.786921290706184
2018-02-15,16.115507386893757
2018-02-16,16.199494823130884
2018-02-19,16.199502963883518
2018-02-20,16.009945004307863
2018-02-21,15.903552141722043
2018-02-22,15.96268914197518
2018-02-23,16.39849430017512
2018-02-26,16.35764499579514
2018-02-27,16.08063993400437
2018-02-28,15.978324368329163
2018-03-01,15.970367295912377
2018-03-02,15.920255679737592
2018-03-05,16.240556151896563
2018-03-06,16.016402722502484
2018-03-07,15.899129591495372
2018-03-08,16.01058061345718
2018-03-09,16.05523918598292
2018-03-12,16.109147985655163
2018-03-13,16.14360961201136
2018-03-14,16.292899547355027
2018-03-15,16.277882463986238
2018-03-16,16.441955540429543
2018-03-19,16.318005466176146
2018-03-20,16.247001187214433
2018-03-21,16.189584827864547
2018-03-22,16.286225627154874
2018-03-23,16.058249970082844
2018-03-26,16.23169824129832
2018-03-27,16.47083185042345
2018-03-28,16.357840284127285
2018-03-29,16.41585829194184
2018-03-30,16.443268559200217
2018-04-02,16.317386986706637
2018-04-03,16.370609505307964
2018-04-04,16.4044999584557
2018-04-05,16.53492441531126
2018-04-06,16.420535648614543
2018-04-09,16.434349389674047
2018-04-10,16.321222740720415
2018-04-11,16.296241201854055
2018-04-12,16.0883328394844
2018-04-13,16.196465059965014
2018-04-16,16.419163615785088
2018-04-17,16.64474786766847
2018-04-18,16.575185028483613
2018-04-19,16.542915313847907
2018-04-20,16.400219929573502
2018-04-23,12.799646476128164
2018-04-24,16.491056877767782
2018-04-25,16.49487288872087
2018-04-26,16.70813341003696
2018-04-27,16.860182786168668
2018-04-30,16.76297559718618
2018-05-01,16.671571943247784
2018-05-02,16.623722523221357
2018-05-03,16.612122372498302
2018-05-04,16.636230372674902
2018-05-07,16.505690892168037
2018-05-08,16.09450361721476
2018-05-09,15.97558290689214
2018-05-10,16.178813277369482
2018-05-11,16.222719206314803
2018-05-14,16.157895145166147
2018-05-15,16.021662576064518
2018-05-16,15.883034937652456
2018-05-17,15.739831249515976
2018-05-18,15.718109574888071
2018-05-21,15.803892261089567
2018-05-22,15.85083973491367
2018-05-23,16.00713197879554
2018-05-24,16.12647216706572
2018-05-25,16.19711511478575
2018-05-28,16.164099682298556
2018-05-29,16.236148664248113
2018-05-30,16.363593973277286
2018-05-31,16.379332872080877
2018-06-01,16.124015433225516
2018-06-04,15.986497952536192
2018-06-05,15.969099516713856
2018-06-06,15.63530404121848
2018-06-07,15.68427125587243
2018-06-08,15.681503638570938
2018-06-11,15.620311836131972
2018-06-12,15.818184013082949
2018-06-13,15.7788718481558
2018-06-14,15.959791727337574
2018-06-15,16.077305690961644
2018-06-18,16.138345375933195
2018-06-19,16.30816140610729
2018-06-20,16.340434077344185
2018-06-21,16.401373287714303
2018-06-22,16.51828908654678
2018-06-25,16.804981836966956
2018-06-26,16.802942469013715
2018-06-27,16.91136178242472
2018-06-28,16.90237818336815
2018-06-29,16.907483582544067
2018-07-02,17.036879763559966
2018-07-03,17.075825314782456
2018-07-05,17.183553841321338
2018-07-06,17.31093855746565
2018-07-09,16.78824522247576
2018-07-10,16.955603477962153
2018-07-11,17.094722233936903
2018-07-12,17.11056742295249
2018-07-13,17.154182368511595
2018-07-16,17.0855338985449
2018-07-17,17.073235466740467
2018-07-18,16.97771064826016
2018-07-19,17.122919170386556
2018-07-20,16.966252453472165
2018-07-23,16.836733451130417
2018-07-24,16.933387363213683
2018-07-25,16.97714504627313
2018-07-26,17.164138888346375
2018-07-30,17.0147656210744
2018-08-01,17.01812440105429
2018-08-02,17.156527643250733
2018-08-03,17.251362270798104
2018-08-06,17.191052172471885
2018-08-07,17.22872537806011
2018-08-08,17.119706083705157
2018-08-09,17.223047861278005
2018-08-10,17.15801541236361
2018-08-13,17.177236425836732
2018-08-14,17.220643626227876
2018-08-15,17.347037818988824
2018-08-16,17.542031973210662
2018-08-17,17.598533163698963
2018-08-20,17.536828686272276
2018-08-21,17.412629388321232
2018-08-22,17.2797199289849
2018-08-23,17.281856654443246
2018-08-24,17.34153078589447
2018-08-27,17.215231704758033
2018-08-28,17.187174514160866
2018-08-29,17.234256752281812
2018-08-30,17.256693604384036
2018-08-31,17.179939841427604
2018-09-04,17.240364698919524
2018-09-05,17.459089151008865
2018-09-06,17.5357540277041
2018-09-07,17.320311989407454
2018-09-10,17.422070430784732
2018-09-11,17.36466722817067
2018-09-12,17.352215249623008
2018-09-13,17.48804735679074
2018-09-14,17.38852070731186
2018-09-17,17.439935959862897
2018-09-18,17.402779334902483
2018-09-19,17.035216040924166
2018-09-20,17.05789592372236
2018-09-21,17.128883323439275
2018-09-24,16.989902970127073
2018-09-25,16.779293346609105
2018-09-26,16.602002311498747
2018-09-27,16.762170158994056
2018-09-28,17.013728408768973
2018-10-01,16.960594324745557
2018-10-02,17.179232105691643
2018-10-03,16.968769792121478
2018-10-04,17.086737252518578
2018-10-05,17.356572871808957
2018-10-08,17.464945786361508
2018-10-09,17.537819365316984
2018-10-10,17.438135890955245
2018-10-11,17.086638730697473
2018-10-12,17.09983429843563
2018-10-15,17.162011852523705
2018-10-16,17.356311635897825
2018-10-17,17.32742758249462
2018-10-18,17.379381570908855
2018-10-19,17.641254911032945
2018-10-22,17.5202322635994
2018-10-23,17.3675459663141
2018-10-24,17.77709523433333
2018-10-25,17.487174083213393
2018-10-26,17.161097005459176
2018-10-29,17.36452443028644
2018-10-30,17.392679830355043
2018-10-31,17.262314211818254
2018-11-01,17.129699147179927
2018-11-02,17.0273022344797
2018-11-05,17.233608675160834
2018-11-06,17.36597863278346
2018-11-07,17.502801376638995
2018-11-08,17.472297663409083
2018-11-09,17.384190678880014
2018-11-12,17.375379877966054
2018-11-13,17.426740094431615
2018-11-14,17.211407019271114
2018-11-15,17.07606864427385
2018-11-16,17.292101199795507
2018-11-19,17.375501562846072
2018-11-20,17.283240636262384
2018-11-21,17.074016681956614
2018-11-23,17.05465027452412
2018-11-26,17.138237297967343
2018-11-27,17.288346459341945
2018-11-28,17.272264202993963
2018-11-29,17.241703209892712
2018-11-30,17.513562204424627
2018-12-03,17.671140975873286
2018-12-04,17.70254735141049
2018-12-06,17.691447336696946
2018-12-07,17.768085824928335
2018-12-10,17.807748698593798
2018-12-11,17.859485563488036
2018-12-12,17.75573983848638
2018-12-13,17.915279216313483
2018-12-14,17.866559496229183
2018-12-17,17.28052937744259
2018-12-18,17.167829877694277
2018-12-19,17.129992128084858
2018-12-20,17.176467195214453
2018-12-21,17.053161254437736
2018-12-24,16.33072605761463
2018-12-26,16.58625377607291
2018-12-27,16.72953648990481
2018-12-28,16.72682624484419
2018-12-31,16.76354706693332
2019-01-02,16.540631201716202
2019-01-03,16.4947231087535
2019-01-04,16.73237170291471
2019-01-07,16.508264744902046
2019-01-08,16.71090503006871
2019-01-09,16.60196677490484
2019-01-10,16.835673016872185
2019-01-11,16.78938153118488
2019-01-14,16.410847417627487
2019-01-15,16.61365676790969
2019-01-16,16.658397938792742
2019-01-17,16.727180658117426
2019-01-18,17.544401499617035
2019-01-22,17.61179255901653
2019-01-23,17.71721118778397
2019-01-24,17.77547737440897
2019-01-25,17.53733037319159
2019-01-28,17.452831550981184
2019-01-29,17.505157400244396
2019-01-30,17.624759657047974
2019-01-31,17.979278400948832
2019-02-01,17.842377382506292
2019-02-04,17.851248835555392
2019-02-05,17.91356086986225
2019-02-06,17.89602424620918
2019-02-07,18.10273846965036
2019-02-08,18.162348323732232
2019-02-11,18.14946654176155
2019-02-12,18.18014001524174
2019-02-13,18.10268097780459
2019-02-14,18.03383768778631
2019-02-15,18.09183228043432
2019-02-19,18.19589806079812
2019-02-20,18.182544048969973
2019-02-21,18.302375316166813
2019-02-22,18.41612161276148
2019-02-25,18.29667563858404
2019-02-26,18.25170828981747
2019-02-27,18.26794302148925
2019-02-28,18.327426380556023
2019-03-01,18.344587290162416
2019-03-04,18.38337566071742
2019-03-05,18.35259271863552
2019-03-06,18.35739106436859
2019-03-07,18.404247722096112
2019-03-08,18.472544175751175
2019-03-11,18.613421981659044
2019-03-12,18.73678095084014
2019-03-13,18.764515455294777
2019-03-14,18.74242020949142
2019-03-15,18.828609312081763
2019-03-18,18.747347203820283
2019-03-19,18.52555414490702
2019-03-20,18.58457714900949
2019-03-21,18.77884400190424
2019-03-22,18.91006869635625
2019-03-25,18.932767002919565
2019-03-26,19.06449597627361
2019-03-27,18.939807460799383
2019-03-28,18.70373642534663
2019-03-29,18.8163166162819
2019-04-01,18.68262951244749
2019-04-02,18.70161087538022
2019-04-03,18.67382384477185
2019-04-04,18.6005824631544
2019-04-05,18.786527100720143
2019-04-08,18.661192511038184
2019-04-09,18.710353851394284
2019-04-10,18.640673037602696
2019-04-11,18.7486489272835
2019-04-12,18.842274306182546
2019-04-15,18.8370111379033
2019-04-16,18.575395731918267
2019-04-17,18.536037537585123
2019-04-18,18.53744525289132
2019-04-22,18.53303556093392
2019-04-23,17.834325856746435
2019-04-24,17.917537039295055
2019-04-25,17.948168013424862
2019-04-26,17.97483726915551
2019-04-29,17.86145580632293
2019-04-30,18.128063800022744
2019-05-01,17.861766613063
2019-05-02,17.773734503442537
2019-05-03,17.8741635412787
2019-05-06,17.764222438972098
2019-05-07,18.424121864789143
2019-05-08,18.13626270507473
2019-05-09,18.0896832339089
2019-05-10,18.43088473572887
2019-05-13,18.622425382515125
2019-05-14,18.476614858156644
2019-05-15,18.453646848732348
2019-05-16,18.56004312331909
2019-05-17,18.649538369054504
2019-05-20,18.691411838433552
2019-05-21,18.68563518123918
2019-05-22,18.840684199953547
2019-05-23,18.993349228182684
2019-05-24,18.952216239564155
2019-05-28,18.64641236497585
2019-05-29,18.364819033292125
2019-05-30,18.33880979645781
2019-05-31,18.424364041213934
2019-06-03,18.623331909225858
2019-06-04,18.61633002639818
2019-06-05,19.01407329225836
2019-06-06,19.082864438733075
2019-06-07,18.938833295404027
2019-06-10,18.826030005954117
2019-06-11,18.706097471858563
2019-06-12,18.949681497595588
2019-06-13,18.9891714623699
2019-06-14,19.197571271926947
2019-06-17,19.133115915728936
2019-06-18,19.052550957700035
2019-06-19,19.215206655288565
2019-06-20,19.32043748680923
2019-06-21,19.40561271864052
2019-06-24,19.429800524993905
2019-06-25,19.319939801238597
2019-06-26,18.90465442410991
2019-06-27,18.933182318030617
2019-06-28,19.0357881854017
2019-07-01,18.976884278854705
2019-07-02,19.212020598248778
2019-07-03,19.379620625440403
2019-07-05,19.341898926799573
2019-07-08,19.352323392765594
2019-07-09,19.362191544241973
2019-07-10,19.42342904331916
2019-07-11,19.43012399834473
2019-07-12,19.312824981374234
2019-07-15,19.384164467685537
2019-07-16,19.319613880809797
2019-07-17,19.43003939773825
2019-07-18,19.569825617728284
2019-07-19,19.28555229915949
2019-07-22,19.276872647583808
2019-07-23,19.20451109919904
2019-07-24,19.1658898134214
2019-07-25,19.09843709238542
2019-07-26,19.23822677364834
2019-07-29,19.323665342190814
2019-07-30,19.16887280392721
2019-07-31,18.98915375942856
2019-08-01,19.15572693528104
2019-08-02,19.091027640695767
2019-08-05,18.785736501709756
2019-08-06,19.012442061837827
2019-08-07,19.113715122525257
2019-08-08,19.325254360417745
2019-08-09,19.352979098063884
2019-08-12,19.31947192989258
2019-08-13,19.330220756251947
2019-08-14,19.15022631687749
2019-08-15,19.395092229759975
2019-08-16,19.44079373380809
2019-08-19,19.568767818601472
2019-08-20,19.533701520582778
2019-08-21,19.6690174503378
2019-08-22,19.6818177011284
2019-08-23,19.475061734416062
2019-08-26,19.718440777029016
2019-08-27,19.74299763388822
2019-08-28,19.691796826052364
2019-08-29,19.8111917508632
2019-08-30,19.816387846582863
2019-09-03,20.164372276560123
2019-09-04,20.194205180835592
2019-09-05,19.96468272067488
2019-09-06,19.8877698864488
2019-09-09,19.76124585231035
2019-09-10,19.78122606167379
2019-09-11,19.974617144249176
2019-09-12,20.00067558897873
2019-09-13,19.91032137463832
2019-09-16,19.92718012999532
2019-09-17,20.107965518637712
2019-09-18,20.210545229479997
2019-09-19,20.283429835470344
2019-09-20,20.360730069185408
2019-09-23,20.39077979637095
2019-09-24,20.60451207507881
2019-09-25,20.59590481264876
2019-09-26,20.69591843076936
2019-09-27,20.625368533687077
2019-09-30,20.620875677005078
2019-10-01,20.53728534032466
2019-10-02,20.28315926286036
2019-10-03,20.340285818501936
2019-10-04,20.650119211029
2019-10-07,20.557359777211783
2019-10-08,20.35174972114142
2019-10-09,20.45379954028464
2019-10-10,20.43215434162476
2019-10-11,20.35493913617061
2019-10-14,20.1535321303791
2019-10-15,20.084291416532924
2019-10-16,20.129513707952487
2019-10-17,20.187309476315846
2019-10-18,20.29437179734356
2019-10-21,20.397070257937138
2019-10-22,20.416804462601316
2019-10-23,20.504256788078543
2019-10-24,20.56590296874476
2019-10-25,20.342008016968556
2019-10-28,20.092586462287777
2019-10-29,20.12284074169712
2019-10-30,20.290763487034152
2019-10-31,20.30226010092654
2019-11-01,20.255054694418305
2019-11-04,19.966590593526007
2019-11-05,19.773259917597034
2019-11-06,19.68283421619363
2019-11-07,19.45112014520572
2019-11-08,19.086040071433253
2019-11-11,18.95661277484553
2019-11-12,19.02522902121798
2019-11-13,19.30885908389253
2019-11-14,19.35111075421701
2019-11-15,19.410407402562843
2019-11-18,19.400038462894766
2019-11-19,19.332419429599383
2019-11-20,19.461527355196683
2019-11-21,19.394594759856155
2019-11-22,19.398585172870195
2019-11-25,19.332439225360066
2019-11-26,19.393648155839205
2019-11-27,19.4253116886535
2019-11-29,19.38425550293285
2019-12-02,19.23513579657629
2019-12-03,19.33466760478984
2019-12-04,19.47558198405461
2019-12-05,19.47918068995399
2019-12-06,19.458781141183408
2019-12-09,19.363145800917756
2019-12-10,19.356205695003663
2019-12-11,19.422544910195697
2019-12-12,19.34323169915742
2019-12-13,19.475396654857324
2019-12-16,19.71983093929736
2019-12-17,19.766489478425928
2019-12-18,19.84067318428145
2019-12-19,19.82961269389481
2019-12-20,19.97955302774487
2019-12-23,19.79479337001568
2019-12-24,19.788638833042786
2019-12-26,19.83193803744654
2019-12-27,19.88101691888854
2019-12-30,19.8781772633942
2019-12-31,19.98943385710578
2020-01-02,19.706441799902656
2020-01-03,19.7289899515272
2020-01-06,19.776172758821797
2020-01-07,19.83309304354613
2020-01-08,19.840383525972605
2020-01-09,19.90459023276608
2020-01-10,19.95034510318947
2020-01-13,20.06302957365515
2020-01-14,20.13218197833005
2020-01-15,20.41563684655403
2020-01-16,20.54200831077652
2020-01-17,20.6983960616442
2020-01-21,20.89173906799297
2020-01-22,20.960057868826887
2020-01-23,21.148640177227943
2020-01-24,21.21983677903868
2020-01-27,21.047229225478475
2020-01-28,21.12512497133425
2020-01-29,21.18964453944432
2020-01-30,21.395881492358868
2020-01-31,21.25067027312906
2020-02-03,21.309665373960826
2020-02-04,21.091326712400136
2020-02-05,21.179035502151716
2020-02-06,21.146577976262524
2020-02-07,21.080840910359854
2020-02-10,21.140526749077825
2020-02-11,21.17750276453355
2020-02-12,21.17053569529429
2020-02-13,21.36026071761661
2020-02-14,21.55016755190236
2020-02-18,21.72412015625323
2020-02-19,21.50648614386289
2020-02-20,21.526227353178136
2020-02-21,21.470750885927803
2020-02-24,21.205577197174744
2020-02-25,20.730711731717072
2020-02-26,20.53190905742184
2020-02-27,19.57875123846769
2020-02-28,19.048808188117604
2020-03-02,20.140062299443745
2020-03-03,19.901427957180022
2020-03-04,21.03425400965009
2020-03-05,20.692368023084427
2020-03-06,20.533648861167435
2020-03-09,19.37886540640551
2020-03-10,19.57673301608025
2020-03-11,18.58201235585721
2020-03-12,16.690792212714754
2020-03-13,17.60613838741599
2020-03-16,15.57669683585694
2020-03-17,17.62064356579681
2020-03-18,16.79990388324463
2020-03-19,15.88023379832815
2020-03-20,14.577184925449668
2020-03-23,13.809779097116891
2020-03-24,15.32096287250816
2020-03-25,15.769855221308108
2020-03-26,17.10239691033135
2020-03-27,17.195669967341736
2020-03-30,17.849861253150493
2020-03-31,17.172653725723453
2020-04-01,16.12990816659506
2020-04-02,16.64715323250439
2020-04-03,16.04908985470054
2020-04-06,17.310291938774046
2020-04-07,17.120521212771553
2020-04-08,18.047449473723766
2020-04-09,18.89146883210572
2020-04-13,18.287321749346585
2020-04-14,18.835533875643637
2020-04-15,18.21706694672255
2020-04-16,18.23418927042
2020-04-17,18.83933811438093
2020-04-20,18.094437307819803
2020-04-21,17.841254074285892
2020-04-22,18.366779069528818
2020-04-23,18.081306374398885
2020-04-24,18.20382653627294
2020-04-27,18.355073400948427
2020-04-28,18.405518177277937
2020-04-29,17.436304931379187
2020-04-30,16.996919271579607
2020-05-01,16.57756866024527
2020-05-04,17.48758892161441
2020-05-05,17.610794387758247
2020-05-06,16.964600419521283
2020-05-07,16.846212358625845
2020-05-08,17.421035276130954
2020-05-11,17.31355486513683
2020-05-12,17.15426818175717
2020-05-13,17.023126796143032
2020-05-14,17.18461711780818
2020-05-15,16.9220717130004
2020-05-18,17.615338463279254
2020-05-19,17.32002557952646
2020-05-20,17.363659763581758
2020-05-21,17.192314404756555
2020-05-22,17.38931270652807
2020-05-26,17.53962986124404
2020-05-27,17.729869638081276
2020-05-28,18.27166591631085
2020-05-29,18.41876170211755
2020-06-01,18.57845842783922
2020-06-02,18.693833352248078
2020-06-03,18.932111258093418
2020-06-04,18.558711971939843
2020-06-05,18.815999913805665
2020-06-08,19.31102911346132
2020-06-09,18.897313159043364
2020-06-10,18.79701796870864
2020-06-11,18.047195089130994
2020-06-12,18.003873494516313
2020-06-15,18.12376639510937
2020-06-16,18.367162561977853
2020-06-17,18.29774242300665
2020-06-18,18.290010948632947
2020-06-19,17.722445307503463
2020-06-22,17.95654602686249
2020-06-23,17.766470193889692
2020-06-24,17.5988614972112
2020-06-25,17.384225700036463
2020-06-26,17.20511173540512
2020-06-29,17.53606520367375
2020-06-30,17.609444379854924
2020-07-01,18.022124375875546
2020-07-02,18.06543066273434
2020-07-06,18.07468900858576
2020-07-07,18.01291285322495
2020-07-08,18.17345054300239
2020-07-09,17.94251315024888
2020-07-10,18.283390343477528
2020-07-13,18.29102287899178
2020-07-14,18.47946203845768
2020-07-15,18.42047541639809
2020-07-16,18.663501291953
2020-07-17,19.081532912296503
2020-07-20,18.79120753937937
2020-07-21,18.881476127860424
2020-07-22,19.187961851517965
2020-07-23,19.185585810794542
2020-07-24,18.986305799741707
2020-07-27,18.761414259335428
2020-07-28,19.083791105202145
2020-07-29,19.11539749463832
2020-07-30,19.059811786501708
2020-07-31,19.13033243485795
2020-08-03,18.937490816079876
2020-08-04,19.07833754860139
2020-08-05,18.86877538778351
2020-08-06,18.84807243999236
2020-08-07,19.20009314844058
2020-08-10,19.235386624841617
2020-08-11,18.819078647883085
2020-08-12,19.09768494980009
2020-08-13,19.022012430079045
2020-08-14,18.765064312649137
2020-08-17,18.73423106955693
2020-08-18,18.729866036044253
2020-08-19,18.67127016933016
2020-08-20,18.49021817929483
2020-08-21,18.51523430912714
2020-08-24,18.67832219675108
2020-08-25,18.50880884360523
2020-08-26,18.28561953094748
2020-08-27,18.34094718010989
2020-08-28,18.389586952381947
2020-08-31,18.441925080553084
2020-09-01,18.233695442551333
2020-09-02,18.80201553633392
2020-09-03,18.59536832568529
2020-09-04,18.492621315169437
2020-09-08,18.380657501568788
2020-09-09,18.610329243917786
2020-09-10,18.281472237885563
2020-09-11,18.34465604171042
2020-09-14,18.57555368200669
2020-09-15,18.67010538388946
2020-09-16,18.629849503120056
2020-09-17,18.47766526275764
2020-09-18,18.14823163555344
2020-09-21,18.049800328250026
2020-09-22,18.20316088423659
2020-09-23,17.91028311179418
2020-09-24,18.120974689866397
2020-09-25,18.41272635298089
2020-09-28,18.46166898263779
2020-09-29,18.44612664422063
2020-09-30,18.62223223590768
2020-10-01,18.81490386419181
2020-10-02,19.029129009483537
2020-10-05,19.266806133257468
2020-10-06,19.43345364992031
2020-10-07,19.55313981096063
2020-10-08,19.908534306075087
2020-10-09,19.885401690493836
2020-10-12,20.016720543475927
2020-10-13,19.88007279872365
2020-10-14,19.85265458978181
2020-10-15,19.84316484186072
2020-10-16,20.023676685647622
2020-10-19,19.850448722864183
2020-10-20,19.97135849688879
2020-10-21,19.866701841055303
2020-10-22,20.04627802934337
2020-10-23,20.106019844349337
2020-10-26,20.115991647101858
2020-10-27,20.10471357456398
2020-10-28,19.531657308934136
2020-10-29,19.532598025130905
2020-10-30,19.3703930573208
2020-11-02,19.798453201032856
2020-11-03,20.066209296350664
2020-11-04,19.731888008007143
2020-11-05,19.78967702689972
2020-11-06,19.63971428018783
2020-11-09,19.68571031030425
2020-11-10,19.98401843455488
2020-11-12,19.68269592311089
2020-11-13,19.786564253078826
2020-11-16,19.98974982304345
2020-11-17,19.57872385132796
2020-11-18,19.19973492331013
2020-11-19,19.00115473664966
2020-11-20,18.98344284362975
2020-11-23,19.0158484566318
2020-11-24,19.213355545899823
2020-11-25,19.209925973797173
2020-11-27,19.057284865985125
2020-11-30,18.78470340137964
2020-12-01,18.926770667301607
2020-12-02,19.053665413269464
2020-12-03,18.80918802644414
2020-12-04,18.83618587609854
2020-12-07,18.938860132085114
2020-12-08,18.88198711062099
2020-12-09,18.83965439221793
2020-12-10,18.7458675348658
2020-12-11,18.789594032626127
2020-12-14,18.695816960874083
2020-12-15,19.07057821924121
2020-12-16,18.851912317806708
2020-12-17,18.97052001084384
2020-12-18,18.8049062078091
2020-12-21,18.55758144112688
2020-12-22,18.515065763736303
2020-12-23,18.475240038610316
2020-12-24,18.589852303109005
2020-12-28,18.691341095659286
2020-12-29,18.682747943886906
2020-12-30,18.77099654706818
2020-12-31,19.07225937834622
2021-01-04,18.587386510886727
2021-01-05,18.592007523647965
2021-01-06,19.046239618814955
2021-01-07,19.01054290589597
2021-01-08,19.17266092663705
2021-01-11,18.78020581205187
2021-01-12,18.68624302314593
2021-01-13,19.060005547994933
2021-01-14,18.9892601222811
2021-01-15,19.173888168508523
2021-01-19,19.115121902589056
2021-01-20,19.214500620718592
2021-01-21,19.14474332213944
2021-01-22,19.1264592818245
2021-01-25,19.48958207336568
2021-01-26,19.18074741075242
2021-01-27,18.68069112655139
2021-01-28,18.999823810428516
2021-01-29,18.88763567866033
2021-02-01,18.977864092658727
2021-02-02,19.12255654815573
2021-02-03,19.07061290135907
2021-02-04,19.15226009045942
2021-02-05,19.25510911350367
2021-02-08,19.106436088162127
2021-02-09,19.124212419454977
2021-02-10,19.201225750106776
2021-02-11,19.00746377061598
2021-02-12,18.80534207686736
2021-02-16,18.66501663471175
2021-02-17,18.710124485003096
2021-02-18,18.739807064601983
2021-02-19,18.433350946258127
2021-02-22,18.047410331014127
2021-02-23,18.170504123985
2021-02-24,18.03165889846192
2021-02-25,17.83113791572464
2021-02-26,17.46521307025468
2021-03-01,17.841458351827107
2021-03-02,17.746097646763594
2021-03-03,17.53889371944296
2021-03-04,17.503626606763046
2021-03-05,17.780028902312182
2021-03-08,18.02519439531486
2021-03-09,18.25155366816018
2021-03-10,18.369504870833484
2021-03-11,18.325147247087408
2021-03-12,18.56199299744889
2021-03-15,18.8139778372541
2021-03-16,18.812223975368067
2021-03-17,18.557817005537537
2021-03-18,18.60819642193473
2021-03-19,18.65236149445328
2021-03-22,18.62337699756815
2021-03-23,18.907981046753925
2021-03-24,18.90895258298217
2021-03-25,19.0967628917422
2021-03-26,19.171168537303256
2021-03-29,19.37605482071786
2021-03-30,19.19568209764808
2021-03-31,19.32349327706706
2021-04-01,19.31585554656889
2021-04-05,19.53414049552315
2021-04-06,19.636698881355382
2021-04-07,19.61138202395988
2021-04-08,19.591183037217032
2021-04-09,19.57707545427448
2021-04-12,19.59290832508776
2021-04-13,19.83701289239508
2021-04-14,19.916082114632463
2021-04-15,20.12646752629508
2021-04-16,20.297092968806695
2021-04-19,20.19759740434012
2021-04-20,20.458447492027982
2021-04-21,20.243205158731165
2021-04-22,20.06083295165629
2021-04-23,20.055604947645904
2021-04-26,19.93034612118036
2021-04-27,19.789129340082564
2021-04-28,19.83643860828263
2021-04-29,19.667049705351012
2021-04-30,19.82967102645935
2021-05-03,19.82351251132973
2021-05-04,18.790922523402724
2021-05-05,19.39551874364233
2021-05-06,19.255862761743963
2021-05-07,19.334708824481066
2021-05-10,19.48213144150389
2021-05-11,19.3657115752173
2021-05-12,18.90646490088284
2021-05-13,19.24984240149233
2021-05-14,19.327568000594237
2021-05-17,19.16201698380645
2021-05-18,19.16101923981847
2021-05-19,19.13275702807065
2021-05-20,19.300300262883603
2021-05-21,19.40396949427795
2021-05-24,19.36426482956355
2021-05-25,19.13372086854393
2021-05-26,19.133992953970694
2021-05-27,19.008832267344484
2021-05-28,19.097379637871462
2021-06-01,18.97891208944384
2021-06-02,19.073961345180813
2021-06-03,19.1707033919672
2021-06-04,19.14556470299819
2021-06-07,19.1876488048222
2021-06-08,19.02798409228281
2021-06-09,19.19709519261408
2021-06-10,19.32892002166925
2021-06-11,19.38306197227659
2021-06-14,19.4049968465924
2021-06-15,19.4690663209416
2021-06-16,19.17822263168913
2021-06-17,19.271809297760846
2021-06-18,19.105230318509623
2021-06-21,19.362887506789768
2021-06-22,19.2312185820974
2021-06-23,19.02913240874887
2021-06-24,18.9943024704111
2021-06-25,19.20989614976282
2021-06-28,19.33958905116372
2021-06-29,19.02567917304421
2021-06-30,19.06490959847686
2021-07-01,19.29664472708287
2021-07-02,19.35389545952297
2021-07-06,19.4005575317018
2021-07-07,19.50939401056233
2021-07-08,19.461783014125377
2021-07-09,19.49258502866048
2021-07-12,19.54651597343253
2021-07-13,19.392608717246784
2021-07-14,19.55649085772505
2021-07-15,19.789921257930917
2021-07-16,19.98072946188862
2021-07-19,19.658732517204005
2021-07-20,19.835937954039814
2021-07-21,19.62144810767199
2021-07-22,19.639364095026508
2021-07-23,19.869174933932197
2021-07-26,19.878069771603496
2021-07-27,20.25267031997076
2021-07-28,20.123688658256597
2021-07-29,20.116678747748487
2021-07-30,19.953597990319228
2021-08-02,20.08318257312325
2021-08-03,20.16807687800472
2021-08-04,20.172500691912557
2021-08-05,20.40940095473441
2021-08-06,20.29378263256265
2021-08-09,20.2592879350176
2021-08-10,20.31001742598292
2021-08-11,20.52555324934661
2021-08-12,20.523377801005
2021-08-13,20.612484930075134
2021-08-16,20.747937580694128
2021-08-17,20.761737330200063
2021-08-18,20.665152761875483
2021-08-19,20.744907343803096
2021-08-20,20.998532621052057
2021-08-23,20.78910056548679
2021-08-24,20.68214763995492
2021-08-25,20.723973348730187
2021-08-26,20.641715117967028
2021-08-27,20.63548264167953
2021-08-30,20.671384236281025
2021-08-31,20.617054965003884
2021-09-01,20.88932415326868
2021-09-02,21.055498144931445
2021-09-03,20.882978385997525
2021-09-07,20.59669718370653
2021-09-08,20.97219490980685
2021-09-09,20.86025069871657
2021-09-10,20.55076889877664
2021-09-13,20.512731194344106
2021-09-14,20.426030956387237
2021-09-15,20.397364776113854
2021-09-16,20.23117198303708
2021-09-17,19.889565780838595
2021-09-20,19.84603116329536
2021-09-21,19.810052080818075
2021-09-22,19.79236529407285
2021-09-23,19.692245363701872
2021-09-24,19.652865005162223
2021-09-27,19.42209274296999
2021-09-28,19.16498630077812
2021-09-29,19.413781710491563
2021-09-30,19.25338499230353
2021-10-01,19.250429521359035
2021-10-04,19.516407932834
2021-10-05,19.47443038547411
2021-10-06,19.770561515543008
2021-10-07,19.66787749216689
2021-10-08,19.52740874529431
2021-10-11,19.28634263443306
2021-10-12,19.38256379043999
2021-10-13,19.603487604820582
2021-10-14,19.83882635341384
2021-10-15,19.79168788434076
2021-10-18,19.602971564297963
2021-10-19,19.86180242062905
2021-10-20,20.0911003676479
2021-10-21,20.084459916564352
2021-10-22,20.180681532884105
2021-10-25,20.066506431567053
2021-10-26,20.182762191926827
2021-10-27,20.046244786194386
2021-10-28,20.070754464992405
2021-10-29,19.96189782303344
2021-11-01,20.052441567754805
2021-11-02,20.030041203767052
2021-11-03,20.146626064451173
2021-11-04,19.909585562885557
2021-11-05,20.03119744890736
2021-11-08,19.791381989998477
2021-11-09,19.8777646640918
2021-11-10,20.023143360776736
2021-11-11,19.897715634656095
2021-11-12,19.86216193463177
2021-11-15,20.14732900889772
2021-11-16,20.04129518595244
2021-11-17,20.06869612720591
2021-11-18,19.944988803391663
2021-11-19,20.05924516959784
2021-11-22,20.191799191542582
2021-11-23,20.21728793012903
2021-11-24,20.197962468105764
2021-11-26,19.872608576404083
2021-11-29,20.17907312855886
2021-11-30,19.56852949328095
2021-12-01,19.650688633846197
2021-12-02,19.888661038886173
2021-12-03,20.09153050148492
2021-12-06,20.389734316276005
2021-12-07,20.52884205249673
2021-12-08,20.544594052530687
2021-12-09,20.513047673138
2021-12-10,20.62165144175884
2021-12-13,20.874124550169487
2021-12-14,20.741520531058352
2021-12-15,21.085724786062524
2021-12-16,21.203265230624737
2021-12-17,20.87787009077717
2021-12-20,20.88984227609862
2021-12-21,20.81960670979112
2021-12-22,20.901926294304616
2021-12-23,20.92984422461037
2021-12-27,21.03348659544607
2021-12-28,21.22168926836928
2021-12-29,21.33105814945358
2021-12-30,21.40397601443205
2021-12-31,21.473517513281465
2022-01-03,21.24858735672721
2022-01-04,21.180328148372368
2022-01-05,21.177837324170767
2022-01-06,20.953404149423
2022-01-07,21.18331705668375
2022-01-10,21.055000098300308
2022-01-11,20.88492603037989
2022-01-12,20.88661187344808
2022-01-13,20.915173445279788
2022-01-14,20.776346955827155
2022-01-18,20.542072613528266
2022-01-19,20.60603657308484
2022-01-20,20.57326737325688
2022-01-21,20.60015817961432
2022-01-24,20.40152598703201
2022-01-25,19.952490529848404
2022-01-26,19.805296515205413
2022-01-27,19.962850796650173
2022-01-28,20.18328412173229
2022-01-31,20.543268808875997
2022-02-01,20.280534261295795
2022-02-02,20.18260801990356
2022-02-03,20.221474066100143
2022-02-04,20.06795480049325
2022-02-07,20.065985361552585
2022-02-08,20.08273232635244
2022-02-09,20.1742890900492
2022-02-10,19.67292264697317
2022-02-11,19.63733308971178
2022-02-14,19.480821108599105
2022-02-15,19.384963396795825
2022-02-16,19.414695618587423
2022-02-17,19.42712216615033
2022-02-18,19.347260462849903
2022-02-22,19.25887769702622
2022-02-23,18.902414790893253
2022-02-24,18.839467727814124
2022-02-25,19.350864914929023
2022-02-28,19.622274372364338
2022-03-01,19.45173862090897
2022-03-02,19.68536117123953
2022-03-03,19.974185585187836
2022-03-04,20.412483008303788
2022-03-07,20.67873402293323
2022-03-08,20.34682088777784
2022-03-09,20.21230570743575
2022-03-10,20.3351662494963
2022-03-11,20.25946910649532
2022-03-14,20.252896477953158
2022-03-15,20.506581638006537
2022-03-16,20.511538589742116
2022-03-17,20.60454132108723
2022-03-18,20.41866863591341
2022-03-21,20.55244792612614
2022-03-22,20.570468163544454
2022-03-23,20.60449114852105
2022-03-24,20.82917521515176
2022-03-25,21.141127618171623
2022-03-28,21.2660911201761
2022-03-29,21.461644266782613
2022-03-30,21.640572087976945
2022-03-31,21.603871816537254
2022-04-01,21.917410982308827
2022-04-04,21.74692915173192
2022-04-05,21.89202713960877
2022-04-06,22.329033753062987
2022-04-07,22.27240385062763
2022-04-08,22.33657802646721
2022-04-11,22.02649183898541
2022-04-12,22.115394222959058
2022-04-13,22.0782132001148
2022-04-14,22.061243078993524
2022-04-18,21.962649713071297
2022-04-19,22.08133813826885
2022-04-20,22.257894488516577
2022-04-21,21.947578468497834
2022-04-22,21.58568947124073
2022-04-25,21.394878534405613
2022-04-26,21.159668823759528
2022-04-27,21.04789310013868
2022-04-28,21.224528322304547
2022-04-29,20.54730750003304
2022-05-02,20.36962987910791
2022-05-03,20.47066296873399
2022-05-04,19.744070036490093
2022-05-05,20.61446357269549
2022-05-06,20.98662015532166
2022-05-09,20.756925553614906
2022-05-10,20.51522941003604
2022-05-11,20.697574516457944
2022-05-12,20.45390880017742
2022-05-13,20.689462223863696
2022-05-16,20.76037602602844
2022-05-17,20.96768104664908
2022-05-18,20.75210091408685
2022-05-19,20.70622048200221
2022-05-20,20.842440960022262
2022-05-23,21.09483774022353
2022-05-24,21.51913382530493
2022-05-25,21.49155140755095
2022-05-26,21.561164881922828
2022-05-27,21.88155215814951
2022-05-31,21.557590618735503
2022-06-01,21.516795859479963
2022-06-02,21.66108430160923
2022-06-03,21.566218777830656
2022-06-06,21.66142943615143
2022-06-07,21.78986533006241
2022-06-08,21.358808439220937
2022-06-09,20.948365743379934
2022-06-10,20.81323596208463
2022-06-13,19.841301655085104
2022-06-14,19.334828066794923
2022-06-15,19.695476307375383
2022-06-16,19.3080136528759
2022-06-17,19.124669292214158
2022-06-21,19.48879618101621
2022-06-22,19.697419839822377
2022-06-23,20.149585325779924
2022-06-24,20.497289133575023
2022-06-27,20.66258167075333
2022-06-28,20.58826059472434
2022-06-29,20.597734025116264
2022-06-30,20.823789337273663
2022-07-01,21.33985888725673
2022-07-05,20.60071695180037
2022-07-06,20.75462965492767
2022-07-07,20.735095857820077
2022-07-08,20.667064579984014
2022-07-11,20.776598974051144
2022-07-12,20.670609104916203
2022-07-13,20.58439699606554
2022-07-14,20.587489515350686
2022-07-15,20.628579478054228
2022-07-18,20.36716983048611
2022-07-19,20.376557666078394
2022-07-20,20.062501886764288
2022-07-21,20.16664442476183
2022-07-22,20.362966554065405
2022-07-25,20.62901678640521
2022-07-26,20.616205412380243
2022-07-27,20.612341789147617
2022-07-28,21.269556498236845
2022-07-29,21.46537961659197
2022-08-01,21.56774074016598
2022-08-02,21.50932222773792
2022-08-03,21.642254028876398
2022-08-04,21.591096528436378
2022-08-05,21.652417052282136
2022-08-08,21.644945175626475
2022-08-09,21.896487876260323
2022-08-10,21.99511419517646
2022-08-11,21.95901640944763
2022-08-12,22.29562045263307
2022-08-15,22.47901590534004
2022-08-16,22.543853267288377
2022-08-17,22.47537611924029
2022-08-18,22.54969110340376
2022-08-19,22.5387161868794
2022-08-22,22.228966764400937
2022-08-23,21.94908349231972
2022-08-24,22.00051161350586
2022-08-25,22.13154594557582
2022-08-26,21.789652565323426
2022-08-29,21.83921514922517
2022-08-30,21.520466766273657
2022-08-31,21.393340546513485
2022-09-01,21.6964614922261
2022-09-02,21.464042091674408
2022-09-06,21.54291501581981
2022-09-07,22.219222255922865
2022-09-08,22.194090816260733
2022-09-09,22.28414531428294
2022-09-12,22.559832154430072
2022-09-13,21.97151023641017
2022-09-14,22.143452855554692
2022-09-15,21.58433861364377
2022-09-16,21.508327478802062
2022-09-19,21.81051293974204
2022-09-20,21.49744852103557
2022-09-21,21.20139970328333
2022-09-22,21.11940910929704
2022-09-23,20.8709112318966
2022-09-26,20.36440204197629
2022-09-27,20.01745866253739
2022-09-28,20.237295984608995
2022-09-29,19.411474311128767
2022-09-30,19.029791290141866
2022-10-03,19.38202352880513
2022-10-04,19.802801294884304
2022-10-05,19.33619577825171
2022-10-06,18.700969908270885
2022-10-07,18.315608352119924
2022-10-10,18.39766754016852
2022-10-11,18.34777438052797
2022-10-12,17.721887582830153
2022-10-13,18.174240864606947
2022-10-14,17.88299031087346
2022-10-17,18.28628015043443
2022-10-18,18.611246386950768
2022-10-19,18.352799714976918
2022-10-20,17.882015352498094
2022-10-21,18.22175306116649
2022-10-24,18.248713767374515
2022-10-25,18.643011126307755
2022-10-26,18.63027052301161
2022-10-27,18.562195444818748
2022-10-28,18.972172632599268
2022-10-31,18.74932132689091
2022-11-01,18.709828329900773
2022-11-02,18.59810834570741
2022-11-03,18.63414534612014
2022-11-04,18.808989773365155
2022-11-07,18.28072782722053
2022-11-08,18.374440990800444
2022-11-09,18.193847985219136
2022-11-10,19.10685489957124
2022-11-11,18.892860249326382
2022-11-14,18.6593645994694
2022-11-15,18.85939973207924
2022-11-16,19.0235391442867
2022-11-17,18.682416484820934
2022-11-18,19.055499157384624
2022-11-21,19.155013251482867
2022-11-22,19.33558017719296
2022-11-23,19.5299674309548
2022-11-25,19.65220438844753
2022-11-28,19.442379627837685
2022-11-29,19.290231346138
2022-11-30,19.78666712192316
2022-12-01,19.749908975024933
2022-12-02,19.657446955335224
2022-12-05,19.547380582142324
2022-12-06,19.67483835316172
2022-12-07,19.582267756412868
2022-12-08,19.72693120588424
2022-12-09,19.63407066717985
2022-12-12,20.082071539834303
2022-12-13,20.1748882684163
2022-12-14,20.14249410724324
2022-12-15,20.008785466397995
2022-12-16,19.68105773981147
2022-12-19,19.60899976062684
2022-12-20,19.655084406623104
2022-12-21,19.88289199378931
2022-12-22,19.756729568295437
2022-12-23,19.94555791666746
2022-12-27,20.07311248215776
2022-12-28,19.882303311037827
2022-12-29,20.01724486454112
2022-12-30,19.82502733185611
2023-01-03,19.87015533537502
2023-01-04,20.05635551310356
2023-01-05,19.571465625518982
2023-01-06,19.968531432107618
2023-01-09,20.10693372486796
2023-01-10,20.109992124268626
2023-01-11,20.20504501763601
2023-01-12,20.07501194046637
2023-01-13,19.98641467052459
2023-01-17,19.98082062152546
2023-01-18,19.48747319447645
2023-01-19,19.296615276330083
2023-01-20,19.464889992620744
2023-01-23,19.348938315942647
2023-01-24,19.105995104198357
2023-01-25,19.059486763282013
2023-01-26,18.918282115978386
2023-01-27,18.912426016491683
2023-01-30,18.819447163504417
2023-01-31,19.00054845178811
2023-02-01,19.021666557921748
2023-02-02,19.01956168417544
2023-02-03,18.67966839881684
2023-02-06,18.768819926033714
2023-02-07,18.74987783782991
2023-02-08,18.47831749163168
2023-02-09,18.24683563832532
2023-02-10,18.603770164764573
2023-02-13,18.72478481844729
2023-02-14,18.600568271657448
2023-02-15,18.69378578880664
2023-02-16,18.432331537428755
2023-02-17,18.611489662823505
2023-02-21,18.221426777852653
2023-02-22,18.145081051394055
2023-02-23,17.922148047878036
2023-02-24,17.842826278055306
2023-02-27,17.706106765667226
2023-02-28,17.335744755821324
2023-03-01,17.040178680870632
2023-03-02,17.349750648245788
2023-03-03,17.668162622820287
2023-03-06,17.744106566365357
2023-03-07,17.456429053088517
2023-03-08,17.59014375303284
2023-03-09,17.44372707823496
2023-03-10,17.17474634042252
2023-03-13,17.448975337358178
2023-03-14,17.671252690793423
2023-03-15,17.906923112920424
2023-03-16,18.03220513083859
2023-03-17,17.861271979840964
2023-03-20,18.007196424491198
2023-03-21,17.638924723958894
2023-03-22,17.291445436006352
2023-03-23,17.119861804665085
2023-03-24,17.648820992812627
2023-03-27,17.674786727559887
2023-03-28,17.726978298444532
2023-03-29,17.98250804040795
2023-03-30,18.053547571644447
2023-03-31,18.190784786628637
2023-04-03,18.0588160670194
2023-04-04,18.15374156790367
2023-04-05,18.624943426227244
2023-04-06,18.762273563426323
2023-04-10,18.724528471999143
2023-04-11,18.736871839240717
2023-04-12,18.716217957919557
2023-04-13,18.72153549928448
2023-04-14,18.514182599835745
2023-04-17,18.633442090433952
2023-04-18,18.549854182026625
2023-04-19,18.697256184794757
2023-04-20,17.86726086022991
2023-04-21,17.922323375676
2023-04-24,17.995180440914318
2023-04-25,17.95725622362142
2023-04-26,17.43863693505327
2023-04-27,17.44134527494307
2023-04-28,17.420663443291087
2023-05-01,17.456832279430646
2023-05-02,17.230310630150466
2023-05-03,17.18038610233659
2023-05-04,18.111402726917827
2023-05-05,18.23851501912356
2023-05-08,18.236029566971485
2023-05-09,18.18825087704712
2023-05-10,18.35617322163466
2023-05-11,18.146068762234336
2023-05-12,18.22618335514574
2023-05-15,18.01872642666676
2023-05-16,17.558548423444734
2023-05-17,17.495975606448276
2023-05-18,17.4326376386408
2023-05-19,17.406288622623734
2023-05-22,17.393993756216805
2023-05-23,17.327658950316003
2023-05-24,17.21892269548811
2023-05-25,16.981665694502194
2023-05-26,16.962967501779136
2023-05-30,16.896755605088362
2023-05-31,17.058579853045064
2023-06-01,16.92453076584381
2023-06-02,17.108596226798145
2023-06-05,17.184559497180658
2023-06-06,17.173668140835147
2023-06-07,17.416121442547315
2023-06-08,17.483546693455605
2023-06-09,17.407513746335503
2023-06-12,17.377381423627156
2023-06-13,17.33941571760897
2023-06-14,17.327419496451352
2023-06-15,17.510341982421462
2023-06-16,17.60073755026139
2023-06-20,17.39995605135368
2023-06-21,17.54618100993111
2023-06-22,17.413929496510267
2023-06-23,17.18269705318456
2023-06-26,17.35671122183892
2023-06-27,17.364440355891595
2023-06-28,17.094670947183847
2023-06-29,17.097345141641895
2023-06-30,17.312928691120028
2023-07-03,17.433061014464343
2023-07-05,17.619634906382693
2023-07-06,17.40974700938745
2023-07-07,17.272473916256747
2023-07-10,17.206355716038544
2023-07-11,17.426167845377304
2023-07-12,17.684934934118427
2023-07-13,17.762835224136236
2023-07-14,17.69622433408461
2023-07-17,17.48386944953248
2023-07-18,17.376077500997223
2023-07-19,17.574792589959575
2023-07-20,17.890649616054024
2023-07-21,18.13730648733422
2023-07-24,18.0605291641939
2023-07-25,18.117536972407372
2023-07-26,18.11054031147998
2023-07-27,17.70325415960691
2023-07-28,17.654232866019633
2023-07-31,17.625890802516825
2023-08-01,17.367681484541514
2023-08-02,17.328588493599618
2023-08-03,16.795347549475586
2023-08-04,16.499122114161725
2023-08-07,16.52851522498947
2023-08-08,16.532621362237297
2023-08-09,16.55954614434715
2023-08-10,16.521827715786632
2023-08-11,16.61150727975723
2023-08-14,16.47408186143956
2023-08-15,16.197038775306194
2023-08-16,16.26501261006006
2023-08-17,16.21923823165057
2023-08-18,16.287969014453623
2023-08-21,16.190844102108535
2023-08-22,16.252964022408143
2023-08-23,16.363976765355734
2023-08-24,16.256955073527468
2023-08-25,16.38336039712925
2023-08-28,16.38277447930887
2023-08-29,16.431906922376438
2023-08-30,16.362709165730337
2023-08-31,16.195576056652484
2023-09-01,16.112456073093426
2023-09-05,15.863038014368026
2023-09-06,15.876664726302252
2023-09-07,16.08689745885709
2023-09-08,16.251229714919614
2023-09-11,16.302665471802097
2023-09-12,16.323937861442605
2023-09-13,16.52348700170483
2023-09-14,16.769972303110826
2023-09-15,16.686744680041826
2023-09-18,16.648359742841482
2023-09-19,16.557645009628597
2023-09-20,16.454998759028797
2023-09-21,16.316872738296663
2023-09-22,16.290672381927084
2023-09-25,16.259170649111066
2023-09-26,15.757816262853517
2023-09-27,15.452045901530967
2023-09-28,15.11348181696398
2023-09-29,15.144077915340675
2023-10-02,14.4233165676805
2023-10-03,14.589329821386505
2023-10-04,14.585642757489175
2023-10-05,14.505515288851122
2023-10-06,14.703544933193738
2023-10-09,14.87275793347999
2023-10-10,15.080873424941498
2023-10-11,15.317526493195064
2023-10-12,15.089834688017117
2023-10-13,15.25448368092289
2023-10-16,15.47654420084668
2023-10-17,15.458699202845352
2023-10-18,15.331726847316428
2023-10-19,15.23265412100732
2023-10-20,15.054005269512734
2023-10-23,14.93970722368717
2023-10-24,15.29806876801641
2023-10-25,15.372028701957694
2023-10-26,15.475363344030644
2023-10-27,15.199578980318602
2023-10-30,15.235283334524446
2023-10-31,15.33130873819932
2023-11-01,15.504487102295345
2023-11-02,15.713406006168906
2023-11-03,15.711295077269906
2023-11-06,15.646494745375394
2023-11-07,15.554183887401132
2023-11-08,15.4409871374643
2023-11-09,15.211614965736285
2023-11-10,15.28043134428719
2023-11-13,15.087362517737771
2023-11-14,15.687973308399195
2023-11-15,15.634144040574913
2023-11-16,15.704065887796823
2023-11-17,15.733490727806977
2023-11-20,15.512914267528291
2023-11-21,15.486498525831248
2023-11-22,15.537559919281415
2023-11-24,15.584043728901321
2023-11-27,15.61500154919409
2023-11-28,15.666026794630207
2023-11-29,15.552491776094111
2023-11-30,15.626387330159938
2023-12-01,15.85286772760065
2023-12-04,15.932309908371224
2023-12-05,15.814604067698061
2023-12-06,16.02852792302001
2023-12-07,16.013328908368226
2023-12-08,16.00468429170848
2023-12-11,15.817094599411789
2023-12-12,15.75792459212964
2023-12-13,16.288715627112705
2023-12-14,16.159451949002055
2023-12-15,15.898473271786303
2023-12-18,15.856990344331695
2023-12-19,15.961270606168165
2023-12-20,15.638397491032492
2023-12-21,15.67204391926884
2023-12-22,15.716961330743402
2023-12-26,15.818314189025076
2023-12-27,15.799645670302874
2023-12-28,15.914958157190872
2023-12-29,15.922212863963738
2024-01-02,16.139266423922887
2024-01-03,16.210750451445325
2024-01-04,16.150180398035292
2024-01-05,16.21205105072508
2024-01-08,16.331939765740604
2024-01-09,16.17581371874317
2024-01-10,16.092705339223233
2024-01-11,15.6883081426157
2024-01-12,15.776730173335185
2024-01-16,15.627415499686613
2024-01-17,15.398254271188518
2024-01-18,15.208274187217029
2024-01-19,15.169026007090412
2024-01-22,15.096646612358988
2024-01-23,15.328150049058841
2024-01-24,15.126901556383824
2024-01-25,15.35047242897984
2024-01-26,15.398386713110396
2024-01-29,15.488996291415868
2024-01-30,15.489479449300164
2024-01-31,15.450674930350978
2024-02-01,15.747826894803886
2024-02-02,15.463858001391833
2024-02-05,15.148361799568681
2024-02-06,15.173872401740033
2024-02-07,15.191910893215848
2024-02-08,15.200995667976882
2024-02-09,15.126913406572019
2024-02-14,15.094759174441384
2024-02-15,15.284715863807596
2024-02-16,15.257961185315953
2024-02-20,15.22812014763407
2024-02-21,15.440398305369973
2024-02-22,15.291768236650782
2024-02-23,15.37474165099696
2024-02-26,15.081202317234355
2024-02-27,15.224050205795276
2024-02-28,15.380179910063829
2024-02-29,15.402484252642004
2024-03-01,15.306763221434906
2024-03-04,15.566361145435414
2024-03-05,15.50008237534883
2024-03-06,15.654266694322715
2024-03-07,15.745101146825425
2024-03-08,15.774898212763997
2024-03-11,15.866724107000572
2024-03-12,15.723636288620575
2024-03-13,15.827184871841693
2024-03-14,15.697961080813673
2024-03-15,15.719477553984406
2024-03-18,15.792999669886267
2024-03-19,15.939929747235652
2024-03-20,15.96454194922745
2024-03-21,15.940268549625339
2024-03-22,15.953237787497454
2024-03-25,16.030235328706496
2024-03-26,15.847581197992266
2024-03-27,16.285869749186066
2024-03-28,16.418664824279787
2024-04-01,16.302854187903424
2024-04-02,16.336652688105055
2024-04-03,16.268765224757704
2024-04-04,16.236834703737127
2024-04-05,16.293500302389695
2024-04-08,16.40443716290115
2024-04-09,16.501118530613105
2024-04-10,16.208842045266092
2024-04-11,16.170626377337893
2024-04-12,16.05952829690186
2024-04-15,15.913379318872728
2024-04-16,15.696762973106166
2024-04-17,16.02358415482622
2024-04-18,16.12265199785763
2024-04-19,16.36058335777805
2024-04-22,16.51927340407403
2024-04-23,16.670048109011773
2024-04-24,16.71341217447391
2024-04-25,16.694775488782472
2024-04-26,16.508478133334446
2024-04-29,16.740197819869568
2024-04-30,16.570525036644884
2024-05-01,16.774168124094633
2024-05-02,16.767446961156416
2024-05-03,16.9262146501745
2024-05-06,17.004643885776073
2024-05-07,17.137650635497195
2024-05-08,17.372184962455485
2024-05-09,17.642538494038018
2024-05-10,17.471282405848253
2024-05-13,17.503710011417947
2024-05-14,17.542374008005147
2024-05-15,17.81669193738336
2024-05-16,17.75039082453888
2024-05-17,17.752759807340187
2024-05-20,17.71583058958776
2024-05-21,17.912380203915635
2024-05-22,17.70016631242768
2024-05-23,17.411052374243248
2024-05-24,17.583714710052995
2024-05-28,17.541093149886176
2024-05-29,17.311260685162107
2024-05-30,17.548991504073243
2024-05-31,17.836597940446232
2024-06-03,17.63219096282979
2024-06-04,17.578723898826563
2024-06-05,17.48140631164988
2024-06-06,17.312366160754344
2024-06-07,17.124145075316857
2024-06-10,17.30988559932731
2024-06-11,17.256414428217525
2024-06-12,17.124636170111298
2024-06-13,17.0919422796429
2024-06-14,17.052200768611808
2024-06-17,16.87294604685583
2024-06-18,16.868724120717076
2024-06-20,17.019431233336316
2024-06-21,16.945189346689872
2024-06-24,17.158331889285922
2024-06-25,16.969201511527142
2024-06-26,16.94280550192626
2024-06-27,16.96003954477458
2024-06-28,16.765631233043965
2024-07-01,16.62025497510378
2024-07-02,16.699034556588707
2024-07-03,16.808883594099864
2024-07-05,16.84024405288327
2024-07-08,16.853169257083795
2024-07-09,16.901821964376555
2024-07-10,17.05251188300149
2024-07-11,17.385394661307515
2024-07-12,17.497924933650456
2024-07-15,17.038131843904438
2024-07-16,17.143046870143333
2024-07-17,17.14688287815663
2024-07-18,17.15690363648025
2024-07-19,17.16015635210298
2024-07-22,17.333546442966536
2024-07-23,17.206110104488364
2024-07-24,17.36587245137289
2024-07-25,17.205484837548482
2024-07-26,17.358003555267054
2024-07-29,17.431350523358816
2024-07-30,17.477034041438767
2024-07-31,17.65542869463374
2024-08-01,17.873930620580616
2024-08-02,17.91250164656243
2024-08-05,17.421034269498836
2024-08-06,17.5298337967721
2024-08-07,17.605462465254547
2024-08-08,17.678865418548384
2024-08-09,17.720697558729363
2024-08-12,17.756205861852028
2024-08-13,17.87575998443414
2024-08-14,17.85764310968592
2024-08-15,17.88203767736531
2024-08-16,17.935787118291472
2024-08-19,18.04363668419611
2024-08-20,17.98751629821817
2024-08-21,18.11665770909173
2024-08-22,18.09225059551691
2024-08-23,18.14337165571591
2024-08-26,18.253557446636012
2024-08-27,18.11448474660466
2024-08-28,18.120161707643348
2024-08-29,18.238154226203203
2024-08-30,18.340456078036656
2024-09-03,18.307325830988827
2024-09-04,18.472833261933236
2024-09-05,18.42346364778567
2024-09-06,18.24806449522155
2024-09-09,18.427182327816553
2024-09-10,18.493317093126816
2024-09-11,18.562610768204202
2024-09-12,18.598930553433913
2024-09-13,18.858716310951667
2024-09-16,19.011276174288977
2024-09-17,18.97953187806036
2024-09-18,18.836829716567685
2024-09-19,18.738652849777907
2024-09-20,19.15266914076513
2024-09-23,19.383237109054537
2024-09-24,19.253323894492056
2024-09-25,19.336436870664418
2024-09-26,19.247091586087574
2024-09-27,19.42101082703995
2024-09-30,19.350657127556865
2024-10-01,19.53581135565297
2024-10-02,19.535152032767645
2024-10-03,19.453158748071044
2024-10-04,19.41982379789691
2024-10-07,19.006196175878383
2024-10-08,18.974136641841984
2024-10-09,18.837614077803366
2024-10-10,18.7530629120096
2024-10-11,18.931127161409123
2024-10-14,19.15466259540216
2024-10-15,19.23034468877405
2024-10-16,19.580166219741873
2024-10-17,19.41786567919689
2024-10-18,19.53548090613069
2024-10-21,19.45730546566125
2024-10-22,19.464570825290266
2024-10-23,19.529732530811675
2024-10-24,19.514462034083017
2024-10-25,19.194927866396625
2024-10-28,19.322976902267477
2024-10-29,18.95677626479358
2024-10-30,18.861892242826915
2024-10-31,18.962178243999865
2024-11-01,18.506484776383278
2024-11-04,18.291136656118628
2024-11-05,18.51848467965972
2024-11-06,18.317599827317505
2024-11-07,18.191785558883435
2024-11-08,18.556830527359885
2024-11-11,18.607598405774883
2024-11-12,18.355017901005585
2024-11-13,18.352997487880877
2024-11-14,18.26269191382502
2024-11-15,18.529023409533032
2024-11-18,18.658661798867314
2024-11-19,18.753924956109913
2024-11-20,18.75937637407474
2024-11-21,19.09216109122601
2024-11-22,19.00237471931465
2024-11-25,19.05416493329909
2024-11-26,19.307422249239963
2024-11-27,19.385536809149677
2024-11-29,19.35382887956818
2024-12-02,18.916164907205854
2024-12-03,18.768616268903365
2024-12-04,18.761315037429032
2024-12-05,18.813779593218406
2024-12-06,18.59368453590866
2024-12-09,18.398143272343358
2024-12-10,18.218344846452442
2024-12-11,18.117181581997002
2024-12-13,18.10088535269053
2024-12-16,17.952435802307846
2024-12-17,17.907995891643985
2024-12-18,17.484629173603672
2024-12-19,17.481919908086994
2024-12-20,17.854695224155932
2024-12-23,17.920332830020588
2024-12-24,18.016861625861658
2024-12-26,17.96649908460197
2024-12-27,17.921375750914372
2024-12-30,17.854619192769636
2024-12-31,17.837856911761367
2025-01-02,17.933444639619943
2025-01-03,18.09574397694364
2025-01-06,17.858279023597916
2025-01-07,17.81113853819661
2025-01-08,17.874057640343345
2025-01-10,17.565595955055386
2025-01-13,17.344694120043627
2025-01-14,17.74262322759618
2025-01-15,18.018659521310994
2025-01-16,18.455116447785354
2025-01-17,18.46961585961881
2025-01-21,18.760418341004463
2025-01-22,18.292954776434634
2025-01-23,18.387552580538127
2025-01-24,18.57324289352233
2025-01-27,18.258706836050692
2025-01-28,17.87611426031924
2025-01-29,17.91650606620074
2025-01-30,18.257477874722394
2025-01-31,18.23676834809414
2025-02-03,18.26510312183836
2025-02-04,18.07758401574173
2025-02-05,18.264867041089325
2025-02-06,18.24280082229297
2025-02-07,18.172537097292057
2025-02-10,18.358965932110426
2025-02-11,18.411391921456882
2025-02-12,18.308658900963216
2025-02-13,18.1923951594981
2025-02-14,18.054686071430897
2025-02-18,18.185216741808013
2025-02-19,18.305501220862052
2025-02-20,18.318943525059996
2025-02-21,18.328925381678008
2025-02-24,18.211840039018984
2025-02-25,18.052267598629598
2025-02-26,18.153048014278966
2025-02-27,17.73124408489356
2025-02-28,18.021168961539342
2025-03-03,18.018662704946912
2025-03-04,17.70150034835906
2025-03-05,17.61066094228692
2025-03-06,17.249406250581092
2025-03-07,17.546319758677637
2025-03-10,17.70097150762594
2025-03-11,17.575802857598244
2025-03-12,17.517831701797647
2025-03-13,17.584990831426822
2025-03-14,17.928044860595705
2025-03-17,18.030613726547593
2025-03-18,17.923961078213324
2025-03-19,17.977940717883264
2025-03-20,18.056241996813842
2025-03-21,17.92740016555853
2025-03-24,17.92763077967906
2025-03-25,17.63232154346488
2025-03-26,17.76178514099388
2025-03-27,17.747892438351165
2025-03-28,17.859769026836805
2025-03-31,18.047789488626158
2025-04-01,18.107815918692594
2025-04-02,18.206025176207127
2025-04-03,18.03872785647151
2025-04-04,16.977013808734437
2025-04-07,16.74791739136183
2025-04-08,16.642617697173765
2025-04-09,17.368372198312827
2025-04-10,17.21221062123836
2025-04-11,17.417153723303876
2025-04-14,17.729460754537474
2025-04-15,17.7362106095994
2025-04-16,17.571567101118553
2025-04-17,17.747978999972783
2025-04-21,17.299425779554227
2025-04-22,17.846903989646552
2025-04-23,17.89348788870422
2025-04-24,17.817572511162442
2025-04-25,17.75510045720666
2025-04-28,17.90800606431467
2025-04-29,18.01537337181629
2025-04-30,17.830662771291024
2025-05-01,17.892309104646245
2025-05-02,18.07633061884118
2025-05-05,18.020094199333812
2025-05-06,18.12994433791961
2025-05-07,18.199428016779873
2025-05-08,18.01564894930541
2025-05-09,18.023891032307745
2025-05-12,17.89993516415728
2025-05-13,17.868125002538882
2025-05-14,17.810242720063574
2025-05-15,18.19916277011322
2025-05-16,18.44472602059576
2025-05-19,18.479453662995372
2025-05-20,18.560787149624087
2025-05-21,18.18160662006942
2025-05-22,17.951238053345712
2025-05-23,18.196413436715833
2025-05-27,18.31679487518235
2025-05-28,18.05941893233129
2025-05-29,18.236351775636557
2025-05-30,18.391241441340252
2025-06-02,18.412964649422253
2025-06-03,18.44190970045102
2025-06-04,18.17380052050241
2025-06-05,18.19521194319702
2025-06-06,18.229855532742437
2025-06-09,18.069688469463863
2025-06-10,18.199716426583336
2025-06-11,18.14188504523773
2025-06-12,18.367481725356765
2025-06-13,18.238957581389272
2025-06-16,18.159716090086192
2025-06-17,18.08375554158027
2025-06-18,18.16462913033053
2025-06-20,18.190097185149327
2025-06-23,18.393257921831427
2025-06-24,18.51606191797865
2025-06-25,18.237262302362304
2025-06-26,18.392084653845906
2025-06-27,18.432181576324037
2025-06-30,18.533859418887705
2025-07-01,18.66290958843788
2025-07-02,18.445362446634874
2025-07-03,18.55136048045955
2025-07-07,18.53680476417082
2025-07-08,18.412310687813623
2025-07-09,18.60446269139212
2025-07-10,18.711909858430598
2025-07-11,18.684240297314755
2025-07-14,18.756715430917215
2025-07-15,18.628924337555024
2025-07-16,18.652448316831205
2025-07-17,18.6958532430274
2025-07-18,18.992824715218294
2025-07-21,19.065540878156554
2025-07-22,19.34629016770565
2025-07-23,19.155105496180354
2025-07-24,19.173907112879352
2025-07-25,19.137523833180918
2025-07-28,18.903258327442774
2025-07-29,19.337893568578952
2025-07-30,19.38874216139851
2025-07-31,19.44120947971041
2025-08-01,19.423416232694922
2025-08-04,19.585025740465383
2025-08-05,19.513058151974686
2025-08-06,19.250485301475713
2025-08-07,19.25390139302696
2025-08-08,19.114621035176533
2025-08-11,19.05735665612184
2025-08-12,19.082566412516545
2025-08-13,19.173962285951276
2025-08-14,19.019291165165082
2025-08-15,18.933530774024554
2025-08-18,18.840182036824253
2025-08-19,19.054049205009704
2025-08-20,19.041683998925055
2025-08-21,18.88454984625053
2025-08-22,19.067131683430173
2025-08-25,18.769511435746058
2025-08-26,18.817038661521615
2025-08-27,18.848406600121844
2025-08-28,18.666708066456504
2025-08-29,18.6510949093084
2025-09-02,18.580966720911086
2025-09-03,18.47902043003815
2025-09-04,18.43820374362679
2025-09-05,18.409465537929634
2025-09-08,18.18834429708797
2025-09-09,18.34864341740638
2025-09-10,18.61338514779475
2025-09-11,18.997712075908925
2025-09-12,19.022310422783807
2025-09-15,19.109306876953667
2025-09-16,18.783941482811287
2025-09-17,18.846813707919864
2025-09-18,18.84554614432995
2025-09-19,18.93717833617355
2025-09-22,19.062010771907293
2025-09-23,19.23735586785422
2025-09-24,19.309994329085885
2025-09-25,18.988138090170576
2025-09-26,19.298343881339658
2025-09-29,19.345960735543716
2025-09-30,19.39572176859481
2025-10-01,19.569035218686867
2025-10-02,19.4624468136896
2025-10-03,19.729690106798813
2025-10-06,19.873635090965767
2025-10-07,19.94032303973032
2025-10-08,20.082720759020216
2025-10-09,20.06357830072249
2025-10-10,20.03134695275025
2025-10-13,20.180585850025214
2025-10-14,20.401868901793982
2025-10-15,20.615347670369342
2025-10-16,20.410272032730578
2025-10-17,20.34341228310402
2025-10-20,20.399425354043206
2025-10-21,20.08676351446652
2025-10-22,19.984589821463064
2025-10-23,19.95423827965702
2025-10-24,20.18523266825485
2025-10-27,20.40828144432251
2025-10-28,19.97156950128374
2025-10-29,19.857681427496814
2025-10-30,19.953727716435488
2025-10-31,19.497302302135125
2025-11-03,19.526392006957014
2025-11-04,19.51134600486353
2025-11-05,19.40671271047263
2025-11-06,19.177668156808796
2025-11-07,19.309022317341462
2025-11-10,19.294574524232765
2025-11-11,19.32708478571458
2025-11-12,19.365308502580373
2025-11-13,19.120755554744527
2025-11-14,19.062174259311394
2025-11-17,19.19677425637811
2025-11-18,19.12903271510186
2025-11-19,18.911499853644287
2025-11-20,18.902151432847443
2025-11-21,18.893910929226205
2025-11-24,19.032972259948178
2025-11-25,18.96901664425943
2025-11-26,19.234139771018906
2025-11-28,19.364407992898826
2025-12-01,18.924675445693
2025-12-02,18.75518700898824
2025-12-03,18.715157425030707
2025-12-04,18.679164484417427
2025-12-05,18.506669702867494
2025-12-08,18.26119972858135
2025-12-09,18.27442808778022
2025-12-10,18.225585661970385
2025-12-11,18.34595505145038
2025-12-12,18.453872863825808
2025-12-15,18.55495294783004
2025-12-16,18.341182496854426
2025-12-17,18.24569824665844
2025-12-18,18.37649661231506
2025-12-19,18.15096594744564
2025-12-22,18.217414352815272
2025-12-23,18.265657802745917
2025-12-24,18.361413750457036
2025-12-29,18.399958835446498
2025-12-30,18.387702331361417
2025-12-31,18.3316301792759
2026-01-01,18.3008859275632
2026-01-02,18.51359395251321
2026-01-05,18.311665581632518
2026-01-06,18.412818918597782
2026-01-07,17.927871377776125
2026-01-08,18.018053538105978
2026-01-09,18.20701605401042
2026-01-12,18.249609189149616
2026-01-13,18.362766941269104
2026-01-14,18.516656837166696
2026-01-15,18.701510339111294
2026-01-16,18.650068250255185
2026-01-20,18.444209698397295
2026-01-21,18.468913383424788
2026-01-22,18.342566468909297
2026-01-23,18.256059091721117
2026-01-26,18.417981641826383
2026-01-27,18.47915260082767
2026-01-28,18.425926418977475
2026-01-29,18.435724267694784
2026-01-30,18.408174431774512
2026-02-02,18.09762884819502
2026-02-03,18.37383233583164
2026-02-04,18.28412944561237
2026-02-05,18.218929790021434
2026-02-06,18.310589705728823
2026-02-09,18.346541510544817
2026-02-10,18.59856373215933
2026-02-11,18.74500881319953
2026-02-12,18.923391182892992
2026-02-13,19.427055675764354
2026-02-17,19.28529624342826
2026-02-18,19.062681507542532
2026-02-19,19.232271990747027
2026-02-20,19.26819994794097
2026-02-23,19.42030095853534
2026-02-24,19.569538392441466
2026-02-25,19.653246975889644
2026-02-26,19.621892629212905
2026-02-27,19.86465276419518
2026-03-02,19.643231345702816
2026-03-03,19.574167672336987
2026-03-04,19.660519300441447
2026-03-05,19.47957889935478
2026-03-06,19.44832953748117
2026-03-09,19.458999008287083
2026-03-10,19.36048220032196
2026-03-11,19.148197885366727
2026-03-12,19.263516565269978
2026-03-13,19.445753215897323
2026-03-16,19.5633114586362
2026-03-17,19.51308718592814
2026-03-18,19.356497048779612
2026-03-19,19.25474276657369
2026-03-20,18.482571717861028
2026-03-23,18.665456760759813
2026-03-24,18.798845531777882
2026-03-25,18.86164774721427
2026-03-26,18.91365428264422
2026-03-27,19.00556740990544
2026-03-30,19.152379996016627
2026-03-31,19.166393100818624
2026-04-01,19.247356518145057
2026-04-02,19.385243642362223
2026-04-06,19.303901186007852
2026-04-07,19.349235250352308
2026-04-08,19.55823143770893
2026-04-09,19.71604392477149
2026-04-10,19.623617607057533
2026-04-13,19.370120490041998
2026-04-14,19.42393749276402
2026-04-15,19.24435664555921
2026-04-16,19.36710671682202
2026-04-17,19.28977272198341
2026-04-20,19.1252910649088
2026-04-21,18.78938545977127
2026-04-22,18.744111750300856
2026-04-23,19.193532445928888
2026-04-24,19.241473769876386
2026-04-27,19.262120348235396
2026-04-28,19.270129181436275
2026-04-29,19.051475646636145
2026-04-30,19.37702568707462
2026-05-01,19.291681993865314
2026-05-04,19.210332290820094
2026-05-05,19.21977297120433
2026-05-06,18.873110814650335
2026-05-07,18.795740970613252
2026-05-08,18.356801210129056
2026-05-11,18.518244249302562
2026-05-12,18.54794870853396
2026-05-13,18.29181658641976
2026-05-14,18.294167640170603
2026-05-15,17.95930236517716
2026-05-18,17.962308099530766
2026-05-19,18.164811202866336
2026-05-20,18.231015362476192
2026-05-21,18.420213321287527
2026-05-22,18.599986292217732
2026-05-26,18.588154572954803
2026-05-27,18.516300139556208
2026-05-28,18.29825226751111
2026-05-29,18.21368805598042
2026-06-01,17.69348069885254
2026-06-02,18.001212983269003
2026-06-03,17.9254836239863
2026-06-04,17.97569450456242
2026-06-05,18.019864604976725
2026-06-08,17.671839493141754
2026-06-09,17.869711099787402
2026-06-10,17.89392941262091
2026-06-11,17.954472497370993
2026-06-12,18.11998768525855
2026-06-15,18.20358107121254
2026-06-16,18.329410119562393
2026-06-17,18.099301383340638
2026-06-18,18.237783790743187
2026-06-22,18.236274357816768
2026-06-23,18.49957031748983
2026-06-24,18.70360147261733
2026-06-25,18.80784614239842
2026-06-26,18.96416025360126
2026-06-29,18.98135152012548
2026-06-30,18.700146657520367
2026-07-01,18.450323255237393
2026-07-02,18.859937855303247
2026-07-06,18.68108342378035
2026-07-07,18.85393866534788
2026-07-08,18.724027757601686
2026-07-09,18.626795644523302
2026-07-10,18.757064386468777
2026-07-13,18.883943550904608
2026-07-14,18.879121223896245
2026-07-15,18.706380788443415
2026-07-16,18.794906843475754
2026-07-17,18.672485150765695
2026-07-20,18.586972565336207
2026-07-21,18.594285309040657
2026-07-22,19.021250052736228
2026-07-23,19.051125362351694
2026-07-24,19.086970653410777
2026-07-27,18.844550238567532
2026-07-28,18.727005148927674
2026-07-29,18.431875173617076
2026-07-30,18.348519478140965
2026-07-31,18.175897993184858
2026-08-03,18.06829243113472
2026-08-04,17.913906677750287
2026-08-05,17.806502821840873
2026-08-06,17.648049023676826
2026-08-07,17.660885166679765
2026-08-10,17.453951116958674
2026-08-11,17.592067183156015
2026-08-12,17.68532304509536
2026-08-13,17.766940821735844
2026-08-14,17.8803739005614
2026-08-17,17.787438788246156
2026-08-18,17.74039150771474
2026-08-19,17.723286276740186
2026-08-20,17.63057446095218
2026-08-21,17.624207574588286
