date,forward_pe
2003-06-11,19.817726
2003-06-12,19.825634
2003-06-13,19.693954
2003-06-16,20.314669
2003-06-17,20.749194
2003-06-18,20.752015
2003-06-19,20.316674
2003-06-20,20.454526
2003-06-23,20.194422
2003-06-24,20.238517
2003-06-25,20.106358
2003-06-26,20.434232
2003-06-27,20.070773
2003-06-30,19.932992
2003-07-01,20.052687
2003-07-02,20.226474
2003-07-03,20.093697
2003-07-07,20.43496
2003-07-08,20.388138
2003-07-09,20.265707
2003-07-10,20.044835
2003-07-11,20.234166
2003-07-14,20.318213
2003-07-15,20.105446
2003-07-16,19.920254
2003-07-17,19.785586
2003-07-18,19.942121
2003-07-21,19.536356
2003-07-22,19.440651
2003-07-23,19.51152
2003-07-24,19.286872
2003-07-25,19.080771
2003-07-28,19.002875
2003-07-29,18.884302
2003-07-30,19.009986
2003-07-31,18.846797
2003-08-01,18.553065
2003-08-04,18.636685
2003-08-05,18.307727
2003-08-06,18.256877
2003-08-07,18.619704
2003-08-08,18.60595
2003-08-11,18.628751
2003-08-12,18.631672
2003-08-13,18.385947
2003-08-14,18.34081
2003-08-15,18.385238
2003-08-18,18.405619
2003-08-19,18.308979
2003-08-20,18.183842
2003-08-21,18.093552
2003-08-22,17.878966
2003-08-25,17.972633
2003-08-26,18.024668
2003-08-27,18.002344
2003-08-28,18.033209
2003-08-29,18.116595
2003-09-02,18.39944
2003-09-03,18.340316
2003-09-04,18.322202
2003-09-05,18.296455
2003-09-08,18.666764
2003-09-09,18.653952
2003-09-10,18.739148
2003-09-11,18.799401
2003-09-12,18.84081
2003-09-15,18.793446
2003-09-16,18.906336
2003-09-17,18.87257
2003-09-18,18.967884
2003-09-19,18.762637
2003-09-22,18.564977
2003-09-23,18.648818
2003-09-24,18.361783
2003-09-25,18.20403
2003-09-26,18.149836
2003-09-29,18.287619
2003-09-30,18.216436
2003-10-01,18.535653
2003-10-02,18.628635
2003-10-03,18.496853
2003-10-06,18.451704
2003-10-07,18.434846
2003-10-08,18.339786
2003-10-09,18.356462
2003-10-10,18.282103
2003-10-13,18.323482
2003-10-14,18.342118
2003-10-15,18.224253
2003-10-16,18.290985
2003-10-17,18.118399
2003-10-20,18.190288
2003-10-21,18.275249
2003-10-22,17.523793
2003-10-23,17.910241
2003-10-24,17.9836
2003-10-27,17.952192
2003-10-28,18.117828
2003-10-29,18.022313
2003-10-30,17.867065
2003-10-31,18.054079
2003-11-03,18.006709
2003-11-04,17.813268
2003-11-05,17.867953
2003-11-06,17.919429
2003-11-07,17.747051
2003-11-10,17.600525
2003-11-11,17.682127
2003-11-12,17.878477
2003-11-13,18.397882
2003-11-14,18.606345
2003-11-17,18.528997
2003-11-18,18.477327
2003-11-19,18.665072
2003-11-20,18.383481
2003-11-21,18.164245
2003-11-24,18.469561
2003-11-25,18.391419
2003-11-26,18.387857
2003-11-28,18.330002
2003-12-01,18.650621
2003-12-02,18.658123
2003-12-03,18.688178
2003-12-04,18.717903
2003-12-05,18.594631
2003-12-08,18.726009
2003-12-09,18.664173
2003-12-10,18.557597
2003-12-11,18.785802
2003-12-12,18.803355
2003-12-15,18.767697
2003-12-16,18.880098
2003-12-17,18.929619
2003-12-18,19.063008
2003-12-19,19.047808
2003-12-22,19.032479
2003-12-23,19.104521
2003-12-24,19.148042
2003-12-26,19.167182
2003-12-29,19.386528
2003-12-30,19.405264
2003-12-31,19.457829
2004-01-02,19.556328
2004-01-05,19.666147
2004-01-06,19.689694
2004-01-07,20.057265
2004-01-08,19.745003
2004-01-09,19.586216
2004-01-12,19.486871
2004-01-13,19.405964
2004-01-14,19.541928
2004-01-15,19.548312
2004-01-16,19.552245
2004-01-20,19.477481
2004-01-21,19.740932
2004-01-22,19.487469
2004-01-23,19.434178
2004-01-26,19.80357
2004-01-27,19.504939
2004-01-28,19.343811
2004-01-29,19.573704
2004-01-30,19.525721
2004-02-02,19.704885
2004-02-03,19.839655
2004-02-04,19.915561
2004-02-05,19.815949
2004-02-06,19.947139
2004-02-09,19.778436
2004-02-10,19.881614
2004-02-11,19.980924
2004-02-12,19.845707
2004-02-13,19.74724
2004-02-17,19.848127
2004-02-18,19.747
2004-02-19,19.665443
2004-02-20,19.613873
2004-02-23,19.537309
2004-02-24,19.607088
2004-02-25,19.627815
2004-02-26,19.607638
2004-02-27,19.522872
2004-03-01,19.652459
2004-03-02,19.507355
2004-03-03,19.606086
2004-03-04,19.68708
2004-03-05,19.743171
2004-03-08,19.721893
2004-03-09,19.5423
2004-03-10,19.193747
2004-03-11,18.843471
2004-03-12,18.934683
2004-03-15,18.712717
2004-03-16,18.825624
2004-03-17,18.82034
2004-03-18,18.767868
2004-03-19,18.518978
2004-03-22,18.304531
2004-03-23,18.371891
2004-03-24,18.256376
2004-03-25,18.440318
2004-03-26,18.44912
2004-03-29,18.741339
2004-03-30,18.726274
2004-03-31,18.76304
2004-04-01,18.918016
2004-04-02,19.144893
2004-04-05,19.320087
2004-04-06,19.242486
2004-04-07,19.171029
2004-04-08,19.058492
2004-04-12,19.185875
2004-04-13,18.980446
2004-04-14,19.152798
2004-04-15,19.507797
2004-04-16,19.61162
2004-04-19,19.570528
2004-04-20,18.959914
2004-04-21,19.106388
2004-04-22,19.10701
2004-04-23,19.033846
2004-04-26,18.967407
2004-04-27,19.039425
2004-04-28,18.843754
2004-04-29,18.708913
2004-04-30,18.721785
2004-05-03,18.945461
2004-05-04,18.923302
2004-05-05,19.008411
2004-05-06,18.971429
2004-05-07,18.863201
2004-05-10,18.626882
2004-05-11,18.645171
2004-05-12,18.68194
2004-05-13,18.632497
2004-05-14,18.664898
2004-05-17,18.553876
2004-05-18,18.547801
2004-05-19,18.386139
2004-05-20,18.263305
2004-05-21,18.292265
2004-05-24,18.181765
2004-05-25,18.397763
2004-05-26,18.473211
2004-05-27,18.694012
2004-05-28,18.65561
2004-06-01,18.788997
2004-06-02,18.826034
2004-06-03,18.766761
2004-06-04,18.830225
2004-06-07,19.009
2004-06-08,19.050983
2004-06-09,18.835749
2004-06-10,18.840685
2004-06-14,18.714344
2004-06-15,18.726264
2004-06-16,18.744952
2004-06-17,18.748926
2004-06-18,18.746772
2004-06-21,18.628147
2004-06-22,18.598055
2004-06-23,18.702546
2004-06-24,18.698091
2004-06-25,18.467479
2004-06-28,18.469699
2004-06-29,18.578923
2004-06-30,18.639027
2004-07-01,18.549267
2004-07-02,18.510139
2004-07-06,18.354063
2004-07-07,18.337503
2004-07-08,18.293201
2004-07-09,18.223971
2004-07-12,18.169302
2004-07-13,18.223562
2004-07-14,18.25683
2004-07-15,18.030923
2004-07-16,17.905264
2004-07-19,17.816522
2004-07-20,17.876345
2004-07-21,17.510072
2004-07-22,17.495636
2004-07-23,17.344058
2004-07-26,17.207702
2004-07-27,17.282923
2004-07-28,17.184416
2004-07-29,17.25278
2004-07-30,17.295805
2004-08-02,17.295448
2004-08-03,17.255625
2004-08-04,17.220486
2004-08-05,16.902126
2004-08-06,16.672687
2004-08-09,16.633875
2004-08-10,16.878217
2004-08-11,17.113963
2004-08-12,17.016749
2004-08-13,16.90184
2004-08-16,17.120039
2004-08-17,17.139558
2004-08-18,17.374144
2004-08-19,17.293604
2004-08-20,17.424597
2004-08-23,17.380572
2004-08-24,17.40109
2004-08-25,17.547147
2004-08-26,17.53714
2004-08-27,17.641641
2004-08-30,17.428587
2004-08-31,17.537591
2004-09-01,17.579908
2004-09-02,17.771848
2004-09-03,17.756982
2004-09-07,17.864563
2004-09-08,17.845574
2004-09-09,17.773818
2004-09-10,17.725679
2004-09-13,17.796121
2004-09-14,17.931634
2004-09-15,17.873688
2004-09-16,17.85523
2004-09-17,17.910014
2004-09-20,17.7394
2004-09-21,17.825499
2004-09-22,17.584183
2004-09-23,17.480544
2004-09-24,17.512702
2004-09-27,17.415128
2004-09-28,17.564413
2004-09-29,17.625923
2004-09-30,17.384637
2004-10-01,17.79804
2004-10-04,17.876373
2004-10-05,17.817272
2004-10-06,17.804461
2004-10-07,17.387258
2004-10-08,17.21499
2004-10-11,17.300086
2004-10-12,17.231727
2004-10-13,17.044644
2004-10-14,16.859862
2004-10-15,16.85439
2004-10-18,17.077428
2004-10-19,16.750246
2004-10-20,16.574683
2004-10-21,16.305672
2004-10-22,16.154596
2004-10-25,16.137491
2004-10-26,16.427388
2004-10-27,16.876135
2004-10-28,16.847783
2004-10-29,16.876464
2004-11-01,16.705587
2004-11-02,16.570179
2004-11-03,17.062586
2004-11-04,17.074334
2004-11-05,17.166558
2004-11-08,17.137638
2004-11-09,17.124775
2004-11-10,17.103022
2004-11-11,17.18616
2004-11-12,17.225956
2004-11-15,17.290363
2004-11-16,17.170361
2004-11-17,17.164568
2004-11-18,17.111841
2004-11-19,16.916231
2004-11-22,16.943733
2004-11-23,16.889725
2004-11-24,16.930599
2004-11-26,17.020354
2004-11-29,17.018507
2004-11-30,17.067456
2004-12-01,17.337802
2004-12-02,17.502611
2004-12-03,17.422404
2004-12-06,17.334824
2004-12-07,17.163669
2004-12-08,17.440983
2004-12-09,17.583176
2004-12-10,17.529518
2004-12-13,17.649791
2004-12-14,17.80802
2004-12-15,17.8701
2004-12-16,18.148389
2004-12-17,17.81473
2004-12-20,17.82152
2004-12-21,18.014479
2004-12-22,18.151671
2004-12-23,18.210622
2004-12-27,18.199513
2004-12-28,18.393824
2004-12-29,18.429657
2004-12-30,18.430616
2004-12-31,18.366993
2005-01-03,18.171229
2005-01-04,18.048252
2005-01-05,17.991417
2005-01-06,18.117605
2005-01-07,18.120608
2005-01-10,18.267035
2005-01-11,18.154987
2005-01-12,18.246943
2005-01-13,17.941387
2005-01-14,18.035519
2005-01-18,18.119427
2005-01-19,17.946922
2005-01-20,17.882199
2005-01-21,17.72392
2005-01-24,17.580124
2005-01-25,17.563941
2005-01-26,17.588033
2005-01-27,17.49614
2005-01-28,17.347268
2005-01-31,17.34581
2005-02-01,17.526271
2005-02-02,17.611469
2005-02-03,17.55919
2005-02-04,17.706513
2005-02-07,17.737833
2005-02-08,17.818266
2005-02-09,17.596701
2005-02-10,17.613318
2005-02-11,17.736642
2005-02-14,17.748333
2005-02-15,17.745897
2005-02-16,17.664176
2005-02-17,17.635879
2005-02-18,17.918288
2005-02-22,17.680211
2005-02-23,17.787574
2005-02-24,17.927695
2005-02-25,18.079409
2005-02-28,17.799198
2005-03-01,17.957083
2005-03-02,17.962981
2005-03-03,17.952084
2005-03-04,18.087058
2005-03-07,18.159917
2005-03-08,18.031473
2005-03-09,17.937379
2005-03-10,17.988537
2005-03-11,17.796275
2005-03-14,17.871795
2005-03-15,17.665342
2005-03-16,17.520911
2005-03-17,17.54324
2005-03-18,17.559067
2005-03-21,17.468514
2005-03-22,17.433938
2005-03-23,17.656664
2005-03-24,17.671511
2005-03-28,17.653023
2005-03-29,17.587583
2005-03-30,17.843831
2005-03-31,17.705867
2005-04-01,17.552145
2005-04-04,17.6449
2005-04-05,18.096327
2005-04-06,18.226659
2005-04-07,18.431633
2005-04-08,18.301843
2005-04-11,18.306107
2005-04-12,18.393207
2005-04-13,18.493864
2005-04-14,18.410445
2005-04-15,18.492933
2005-04-18,18.366293
2005-04-19,18.196283
2005-04-20,17.986273
2005-04-21,18.210006
2005-04-22,18.140701
2005-04-25,18.146077
2005-04-26,18.001207
2005-04-27,18.108743
2005-04-28,17.973954
2005-04-29,18.233034
2005-05-02,18.307566
2005-05-03,18.329105
2005-05-04,18.466258
2005-05-05,18.461407
2005-05-06,18.41074
2005-05-09,18.515833
2005-05-10,18.396249
2005-05-11,18.444701
2005-05-12,18.403421
2005-05-13,18.292243
2005-05-16,18.480106
2005-05-17,18.503688
2005-05-18,18.513104
2005-05-19,18.531549
2005-05-20,18.478718
2005-05-23,18.536434
2005-05-24,18.525263
2005-05-25,18.444712
2005-05-26,18.517679
2005-05-27,18.45411
2005-05-31,18.333554
2005-06-01,18.425832
2005-06-02,18.454064
2005-06-03,18.338639
2005-06-06,18.356095
2005-06-07,18.374075
2005-06-08,18.236813
2005-06-09,18.330595
2005-06-10,18.262442
2005-06-13,18.354079
2005-06-14,18.493061
2005-06-15,18.452283
2005-06-16,18.530945
2005-06-17,18.627104
2005-06-20,18.637124
2005-06-21,18.569105
2005-06-22,18.520453
2005-06-23,18.385098
2005-06-24,18.304075
2005-06-27,18.219796
2005-06-28,18.406155
2005-06-29,18.365792
2005-06-30,18.2282
2005-07-01,18.191179
2005-07-05,18.294031
2005-07-06,18.168446
2005-07-07,18.180635
2005-07-08,18.413415
2005-07-11,18.459942
2005-07-12,18.451381
2005-07-13,18.341577
2005-07-14,18.395785
2005-07-15,18.466001
2005-07-18,18.356927
2005-07-19,18.232249
2005-07-20,18.259487
2005-07-21,17.999202
2005-07-22,17.966146
2005-07-25,17.849518
2005-07-26,17.87928
2005-07-27,17.988974
2005-07-28,18.153323
2005-07-29,18.059668
2005-08-01,18.161281
2005-08-02,18.221344
2005-08-03,18.229174
2005-08-04,18.047114
2005-08-05,17.895801
2005-08-08,17.820988
2005-08-09,18.021586
2005-08-10,17.973854
2005-08-11,18.076643
2005-08-12,17.958314
2005-08-15,17.979653
2005-08-16,17.839499
2005-08-17,17.866187
2005-08-18,17.879055
2005-08-19,17.739406
2005-08-22,17.725623
2005-08-23,17.612892
2005-08-24,17.555422
2005-08-25,17.589894
2005-08-26,17.511052
2005-08-29,17.688515
2005-08-30,17.660165
2005-08-31,17.868664
2005-09-01,17.854148
2005-09-02,17.851579
2005-09-06,18.134477
2005-09-07,18.261443
2005-09-08,18.216745
2005-09-09,18.303227
2005-09-12,18.240808
2005-09-13,18.015473
2005-09-14,17.984099
2005-09-15,17.996165
2005-09-16,18.139077
2005-09-19,18.009179
2005-09-20,17.8734
2005-09-21,17.793279
2005-09-22,17.823577
2005-09-23,17.822667
2005-09-26,17.78794
2005-09-27,17.698957
2005-09-28,17.693051
2005-09-29,17.751981
2005-09-30,17.771927
2005-10-03,17.754723
2005-10-04,17.852756
2005-10-05,17.569777
2005-10-06,17.458645
2005-10-07,17.420861
2005-10-10,17.387613
2005-10-11,17.272588
2005-10-12,17.285187
2005-10-13,17.380464
2005-10-14,17.440916
2005-10-17,17.430033
2005-10-18,17.299597
2005-10-19,17.443024
2005-10-20,16.99625
2005-10-21,16.886816
2005-10-24,17.027127
2005-10-25,16.927361
2005-10-26,16.679267
2005-10-27,16.576666
2005-10-28,16.874683
2005-10-31,16.97187
2005-11-01,16.884731
2005-11-02,16.903006
2005-11-03,17.049385
2005-11-04,17.1195
2005-11-07,17.232963
2005-11-08,17.164225
2005-11-09,17.201163
2005-11-10,17.392343
2005-11-11,17.421583
2005-11-14,17.252133
2005-11-15,17.365377
2005-11-16,17.282657
2005-11-17,17.361326
2005-11-18,17.399974
2005-11-21,17.430018
2005-11-22,17.351614
2005-11-23,17.365466
2005-11-25,17.39591
2005-11-28,17.228189
2005-11-29,17.238889
2005-11-30,17.145291
2005-12-01,17.299144
2005-12-02,17.373724
2005-12-05,17.389565
2005-12-06,17.367516
2005-12-07,17.30438
2005-12-08,17.352127
2005-12-09,17.365283
2005-12-12,17.369919
2005-12-13,17.582072
2005-12-14,17.623969
2005-12-15,17.702288
2005-12-16,17.731018
2005-12-19,17.932716
2005-12-20,17.900975
2005-12-21,17.966671
2005-12-22,18.107324
2005-12-23,18.109118
2005-12-27,17.988263
2005-12-28,18.00944
2005-12-29,17.947837
2005-12-30,17.825745
2006-01-03,18.063682
2006-01-04,18.221543
2006-01-05,18.200519
2006-01-06,18.335527
2006-01-09,18.432055
2006-01-10,18.36647
2006-01-11,18.32504
2006-01-12,18.297885
2006-01-13,18.263793
2006-01-17,18.184574
2006-01-18,18.226512
2006-01-19,18.200629
2006-01-20,17.890303
2006-01-23,17.856738
2006-01-24,17.752887
2006-01-25,17.720248
2006-01-26,17.721624
2006-01-27,17.909561
2006-01-30,17.823661
2006-01-31,17.832125
2006-02-01,17.900806
2006-02-02,17.726259
2006-02-03,17.687708
2006-02-06,17.511745
2006-02-07,17.482649
2006-02-08,17.686719
2006-02-09,17.676794
2006-02-10,17.641083
2006-02-13,17.674393
2006-02-14,17.84674
2006-02-15,17.990732
2006-02-16,18.095037
2006-02-17,18.087359
2006-02-21,17.957531
2006-02-22,18.136145
2006-02-23,18.054618
2006-02-24,18.046166
2006-02-27,18.18971
2006-02-28,17.962094
2006-03-01,18.009423
2006-03-02,17.952358
2006-03-03,17.918613
2006-03-06,17.802031
2006-03-07,17.830711
2006-03-08,17.956373
2006-03-09,17.89069
2006-03-10,18.025084
2006-03-13,18.066336
2006-03-14,18.179811
2006-03-15,18.253328
2006-03-16,18.26003
2006-03-17,18.32531
2006-03-20,18.353069
2006-03-21,18.20807
2006-03-22,18.40457
2006-03-23,18.307957
2006-03-24,18.288276
2006-03-27,18.150183
2006-03-28,17.976298
2006-03-29,18.023724
2006-03-30,17.986634
2006-03-31,17.891022
2006-04-03,17.893814
2006-04-04,17.910844
2006-04-05,17.839398
2006-04-06,17.725233
2006-04-07,17.504586
2006-04-10,17.454974
2006-04-11,17.273759
2006-04-12,17.36811
2006-04-13,17.349685
2006-04-17,17.245792
2006-04-18,17.245942
2006-04-19,17.092571
2006-04-20,17.245764
2006-04-21,17.158395
2006-04-24,16.916626
2006-04-25,16.790944
2006-04-26,16.767723
2006-04-27,16.650944
2006-04-28,16.782825
2006-05-01,16.661851
2006-05-02,16.631786
2006-05-03,16.452764
2006-05-04,16.489416
2006-05-05,16.63277
2006-05-08,16.702962
2006-05-09,16.586435
2006-05-10,16.568882
2006-05-11,16.505725
2006-05-12,16.474756
2006-05-15,16.700026
2006-05-16,16.773197
2006-05-17,16.590488
2006-05-18,16.516157
2006-05-19,16.439349
2006-05-22,16.367406
2006-05-23,16.266345
2006-05-24,16.350244
2006-05-25,16.474984
2006-05-26,16.57376
2006-05-30,16.32086
2006-05-31,16.437169
2006-06-01,16.675081
2006-06-02,16.73479
2006-06-05,16.490624
2006-06-06,16.527098
2006-06-07,16.610885
2006-06-08,16.648264
2006-06-09,16.526708
2006-06-12,16.353238
2006-06-13,16.312274
2006-06-14,16.357195
2006-06-15,16.572945
2006-06-16,16.528327
2006-06-19,16.382559
2006-06-20,16.336741
2006-06-21,16.423364
2006-06-22,16.350714
2006-06-23,16.365734
2006-06-26,16.298946
2006-06-27,16.101099
2006-06-28,16.125402
2006-06-29,16.399733
2006-06-30,16.482911
2006-07-03,16.544589
2006-07-05,16.490578
2006-07-06,16.56623
2006-07-07,16.586331
2006-07-10,16.663152
2006-07-11,16.72025
2006-07-12,16.59837
2006-07-13,16.451322
2006-07-14,16.338261
2006-07-17,16.39792
2006-07-18,16.357563
2006-07-19,16.683187
2006-07-20,16.556927
2006-07-21,16.595517
2006-07-24,16.942641
2006-07-25,17.057362
2006-07-26,17.052069
2006-07-27,16.944528
2006-07-28,17.088573
2006-07-31,16.951908
2006-08-01,16.971418
2006-08-02,17.055796
2006-08-03,16.906306
2006-08-04,16.907427
2006-08-07,16.897849
2006-08-08,16.887679
2006-08-09,16.892042
2006-08-10,16.885168
2006-08-11,16.783983
2006-08-14,16.819471
2006-08-15,16.968147
2006-08-16,17.099817
2006-08-17,17.144387
2006-08-18,17.178686
2006-08-21,17.113206
2006-08-22,17.170102
2006-08-23,17.135186
2006-08-24,17.258117
2006-08-25,17.238989
2006-08-28,17.37092
2006-08-29,17.430515
2006-08-30,17.430435
2006-08-31,17.412667
2006-09-01,17.549075
2006-09-05,17.496435
2006-09-06,17.393703
2006-09-07,17.293107
2006-09-08,17.411576
2006-09-11,17.526991
2006-09-12,17.732217
2006-09-13,17.689067
2006-09-14,17.910168
2006-09-15,17.94814
2006-09-18,17.924976
2006-09-19,17.947412
2006-09-20,18.046855
2006-09-21,17.949277
2006-09-22,17.865859
2006-09-25,17.92828
2006-09-26,17.945306
2006-09-27,17.970468
2006-09-28,17.97319
2006-09-29,18.001558
2006-10-02,17.8973
2006-10-03,17.96989
2006-10-04,18.09603
2006-10-05,18.095296
2006-10-06,18.055122
2006-10-09,17.993245
2006-10-10,17.919842
2006-10-11,17.904227
2006-10-12,18.0191
2006-10-13,17.945592
2006-10-16,18.017213
2006-10-17,17.912479
2006-10-18,18.004961
2006-10-19,17.813089
2006-10-20,17.791667
2006-10-23,17.767621
2006-10-24,17.666375
2006-10-25,17.546963
2006-10-26,17.518128
2006-10-27,17.420646
2006-10-30,17.335816
2006-10-31,17.24523
2006-11-01,17.083398
2006-11-02,17.149137
2006-11-03,17.013182
2006-11-06,17.375116
2006-11-07,17.540083
2006-11-08,17.274188
2006-11-09,16.827127
2006-11-10,16.876902
2006-11-13,16.895982
2006-11-14,17.032581
2006-11-15,17.145445
2006-11-16,17.253588
2006-11-17,17.312772
2006-11-20,17.040099
2006-11-21,16.982663
2006-11-22,17.031192
2006-11-24,16.928035
2006-11-27,16.816591
2006-11-28,16.915485
2006-11-29,17.024725
2006-11-30,17.094111
2006-12-01,16.994616
2006-12-04,16.910409
2006-12-05,16.948621
2006-12-06,16.990931
2006-12-07,16.944893
2006-12-08,16.979004
2006-12-11,16.987749
2006-12-12,16.989677
2006-12-13,16.958756
2006-12-14,17.051036
2006-12-15,17.109763
2006-12-18,17.144355
2006-12-19,17.268095
2006-12-20,17.280659
2006-12-21,17.241961
2006-12-22,17.144844
2006-12-26,17.172559
2006-12-27,17.258508
2006-12-28,17.264089
2006-12-29,17.217915
2007-01-03,17.232823
2007-01-04,17.398027
2007-01-05,17.314831
2007-01-08,17.338612
2007-01-09,17.315587
2007-01-10,17.343137
2007-01-11,17.534628
2007-01-12,17.604175
2007-01-16,17.645762
2007-01-17,17.761191
2007-01-18,17.788896
2007-01-19,17.790212
2007-01-22,17.515654
2007-01-23,17.370742
2007-01-24,17.523306
2007-01-25,17.28622
2007-01-26,17.162882
2007-01-29,17.123864
2007-01-30,17.139959
2007-01-31,17.195429
2007-02-01,17.2995
2007-02-02,17.286338
2007-02-05,17.267397
2007-02-06,17.22904
2007-02-07,17.211064
2007-02-08,17.168453
2007-02-09,17.080551
2007-02-12,17.066101
2007-02-13,17.113652
2007-02-14,17.203454
2007-02-15,17.255763
2007-02-16,17.200681
2007-02-20,17.195905
2007-02-21,17.102466
2007-02-22,17.049735
2007-02-23,16.975406
2007-02-26,17.028653
2007-02-27,16.56301
2007-02-28,16.642986
2007-03-01,16.561693
2007-03-02,16.412172
2007-03-05,16.323218
2007-03-06,16.504365
2007-03-07,16.456369
2007-03-08,16.543022
2007-03-09,16.563823
2007-03-12,16.586164
2007-03-13,16.325215
2007-03-14,16.377515
2007-03-15,16.397339
2007-03-16,16.355659
2007-03-19,16.564223
2007-03-20,16.647744
2007-03-21,16.845312
2007-03-22,16.861884
2007-03-23,16.745964
2007-03-26,16.791255
2007-03-27,16.664009
2007-03-28,16.56266
2007-03-29,16.608455
2007-03-30,16.627667
2007-04-02,16.699152
2007-04-03,16.890212
2007-04-04,16.970845
2007-04-05,17.085191
2007-04-09,17.087133
2007-04-10,17.109006
2007-04-11,17.078357
2007-04-12,17.240952
2007-04-13,17.38899
2007-04-16,17.537187
2007-04-17,17.530804
2007-04-18,17.412763
2007-04-19,17.396135
2007-04-20,17.414946
2007-04-23,17.492536
2007-04-24,17.498128
2007-04-25,17.490955
2007-04-26,17.396941
2007-04-27,17.32767
2007-04-30,17.249665
2007-05-01,17.304025
2007-05-02,17.3615
2007-05-03,17.378981
2007-05-04,17.474689
2007-05-07,17.530424
2007-05-08,17.472531
2007-05-09,17.493789
2007-05-10,17.154805
2007-05-11,17.267454
2007-05-14,17.272061
2007-05-15,17.24809
2007-05-16,17.421015
2007-05-17,17.351521
2007-05-18,17.448231
2007-05-21,17.46251
2007-05-22,17.446432
2007-05-23,17.486694
2007-05-24,17.406988
2007-05-25,17.428241
2007-05-29,17.430013
2007-05-30,17.400111
2007-05-31,17.426709
2007-06-01,17.371581
2007-06-04,17.355696
2007-06-05,17.274791
2007-06-06,17.168804
2007-06-07,16.89632
2007-06-08,17.000464
2007-06-11,16.996573
2007-06-12,16.855137
2007-06-13,17.013625
2007-06-14,17.029176
2007-06-15,17.141987
2007-06-18,17.06889
2007-06-19,17.089001
2007-06-20,16.848316
2007-06-21,16.891567
2007-06-22,16.614439
2007-06-25,16.616246
2007-06-26,16.725116
2007-06-27,16.809616
2007-06-28,16.803838
2007-06-29,16.727186
2007-07-02,16.879144
2007-07-03,16.886272
2007-07-05,16.902062
2007-07-06,16.907473
2007-07-09,16.8511
2007-07-10,16.679515
2007-07-11,16.791532
2007-07-12,17.038307
2007-07-13,17.017908
2007-07-16,16.96296
2007-07-17,16.887474
2007-07-18,16.698459
2007-07-19,16.563392
2007-07-20,16.400377
2007-07-23,16.460133
2007-07-24,16.199651
2007-07-25,16.158557
2007-07-26,15.716875
2007-07-27,15.421448
2007-07-30,15.511111
2007-07-31,15.361484
2007-08-01,15.460038
2007-08-02,15.571584
2007-08-03,15.341593
2007-08-06,15.714583
2007-08-07,15.743714
2007-08-08,15.89725
2007-08-09,15.490813
2007-08-10,15.48835
2007-08-13,15.529836
2007-08-14,15.346039
2007-08-15,15.30343
2007-08-16,15.275556
2007-08-17,15.456801
2007-08-20,15.446931
2007-08-21,15.434804
2007-08-22,15.567754
2007-08-23,15.604647
2007-08-24,15.720195
2007-08-27,15.64463
2007-08-28,15.4331
2007-08-29,15.615714
2007-08-30,15.593032
2007-08-31,15.698429
2007-09-04,15.811644
2007-09-05,15.7119
2007-09-06,15.814108
2007-09-07,15.595781
2007-09-10,15.597437
2007-09-11,15.782258
2007-09-12,15.823217
2007-09-13,15.883667
2007-09-14,15.84817
2007-09-17,15.735301
2007-09-18,16.02596
2007-09-19,16.14893
2007-09-20,16.065588
2007-09-21,16.152746
2007-09-24,16.111509
2007-09-25,16.044424
2007-09-26,16.147014
2007-09-27,16.178617
2007-09-28,16.101806
2007-10-01,16.290936
2007-10-02,16.233459
2007-10-03,16.251012
2007-10-04,16.314072
2007-10-05,16.445282
2007-10-08,16.396808
2007-10-09,16.49563
2007-10-10,16.483703
2007-10-11,16.38624
2007-10-12,16.449619
2007-10-15,16.309745
2007-10-16,16.185858
2007-10-17,16.156278
2007-10-18,16.035884
2007-10-19,15.809371
2007-10-22,15.71085
2007-10-23,15.885828
2007-10-24,15.779771
2007-10-25,15.800047
2007-10-26,15.862232
2007-10-29,15.89212
2007-10-30,15.873417
2007-10-31,16.009543
2007-11-01,15.722562
2007-11-02,15.684329
2007-11-05,15.664394
2007-11-06,15.717582
2007-11-07,15.388617
2007-11-08,15.476053
2007-11-09,15.412685
2007-11-12,15.475738
2007-11-13,15.701718
2007-11-14,15.653596
2007-11-15,15.616828
2007-11-16,15.717889
2007-11-19,15.535077
2007-11-20,15.596042
2007-11-21,15.336958
2007-11-23,15.545323
2007-11-26,15.384684
2007-11-27,15.713617
2007-11-28,15.982399
2007-11-29,16.02574
2007-11-30,16.08067
2007-12-03,15.970971
2007-12-04,15.929956
2007-12-05,16.119853
2007-12-06,16.200693
2007-12-07,16.146947
2007-12-10,16.172082
2007-12-11,15.926685
2007-12-12,15.953777
2007-12-13,15.911518
2007-12-14,15.757915
2007-12-17,15.592496
2007-12-18,15.703551
2007-12-19,15.635541
2007-12-20,15.706057
2007-12-21,15.878116
2007-12-24,15.94354
2007-12-26,15.942302
2007-12-27,15.760829
2007-12-28,15.770657
2007-12-31,15.630283
2008-01-02,15.493544
2008-01-03,15.595176
2008-01-04,15.460801
2008-01-07,15.795475
2008-01-08,15.927566
2008-01-09,16.172566
2008-01-10,16.203011
2008-01-11,16.211975
2008-01-14,16.085665
2008-01-15,15.854539
2008-01-16,15.966264
2008-01-17,15.654663
2008-01-18,15.411928
2008-01-22,14.809594
2008-01-23,14.582642
2008-01-24,14.514345
2008-01-25,14.270042
2008-01-28,14.494909
2008-01-29,14.532571
2008-01-30,14.396719
2008-01-31,14.474029
2008-02-01,14.659174
2008-02-04,14.678645
2008-02-05,14.390532
2008-02-06,14.378203
2008-02-07,14.371677
2008-02-08,14.211817
2008-02-11,14.200135
2008-02-12,14.331979
2008-02-13,14.403462
2008-02-14,14.214124
2008-02-15,14.282119
2008-02-19,14.320358
2008-02-20,14.307032
2008-02-21,14.146743
2008-02-22,14.139609
2008-02-25,14.360467
2008-02-26,14.407803
2008-02-27,14.286038
2008-02-28,14.187075
2008-02-29,13.984405
2008-03-03,13.991606
2008-03-04,13.986282
2008-03-05,13.996242
2008-03-06,13.69833
2008-03-07,13.546205
2008-03-10,13.396412
2008-03-11,13.414866
2008-03-12,13.381696
2008-03-13,13.458527
2008-03-14,13.210142
2008-03-17,13.184757
2008-03-18,13.493902
2008-03-19,13.429682
2008-03-20,13.541178
2008-03-24,13.636135
2008-03-25,13.645945
2008-03-26,13.583589
2008-03-27,13.571758
2008-03-28,13.50318
2008-03-31,13.446173
2008-04-01,13.763233
2008-04-02,13.633962
2008-04-03,13.642219
2008-04-04,13.777122
2008-04-07,13.837678
2008-04-08,13.797124
2008-04-09,13.727256
2008-04-10,13.84679
2008-04-11,13.640883
2008-04-14,13.609714
2008-04-15,13.685928
2008-04-16,13.73659
2008-04-17,13.600221
2008-04-18,13.771178
2008-04-21,13.649111
2008-04-22,13.453891
2008-04-23,13.58238
2008-04-24,13.552491
2008-04-25,13.704369
2008-04-28,13.733235
2008-04-29,13.601883
2008-04-30,13.520034
2008-05-01,13.738769
2008-05-02,13.753214
2008-05-05,13.698701
2008-05-06,13.683733
2008-05-07,13.509533
2008-05-08,13.550889
2008-05-09,13.476495
2008-05-12,13.573001
2008-05-13,13.498493
2008-05-14,13.567078
2008-05-15,13.549707
2008-05-16,13.563591
2008-05-19,13.614711
2008-05-20,13.609124
2008-05-21,13.529992
2008-05-22,13.609689
2008-05-23,13.450033
2008-05-27,13.544181
2008-05-28,13.529931
2008-05-29,13.753812
2008-05-30,13.786057
2008-06-02,13.719873
2008-06-03,13.761575
2008-06-04,13.798408
2008-06-05,13.909196
2008-06-06,13.555182
2008-06-09,13.493511
2008-06-10,13.410604
2008-06-11,13.219309
2008-06-12,13.275396
2008-06-13,13.43993
2008-06-16,13.379995
2008-06-17,13.32335
2008-06-18,13.212674
2008-06-19,13.304968
2008-06-20,13.11731
2008-06-23,13.164112
2008-06-24,13.214143
2008-06-25,13.324156
2008-06-26,13.044474
2008-06-27,13.120366
2008-06-30,13.24654
2008-07-01,13.316769
2008-07-02,13.311224
2008-07-03,13.389877
2008-07-07,13.318527
2008-07-08,13.710167
2008-07-09,13.6636
2008-07-10,13.72315
2008-07-11,13.555714
2008-07-14,13.532259
2008-07-15,13.593305
2008-07-16,13.629365
2008-07-17,13.696547
2008-07-18,13.626407
2008-07-21,13.399397
2008-07-22,13.498268
2008-07-23,13.52865
2008-07-24,13.446574
2008-07-25,13.513129
2008-07-28,13.371381
2008-07-29,13.451664
2008-07-30,13.43313
2008-07-31,13.483204
2008-08-01,13.345443
2008-08-04,13.498355
2008-08-05,13.832986
2008-08-06,13.841489
2008-08-07,13.669194
2008-08-08,14.00565
2008-08-11,14.020555
2008-08-12,13.983231
2008-08-13,13.924769
2008-08-14,13.9866
2008-08-15,14.114535
2008-08-18,13.986713
2008-08-19,13.875231
2008-08-20,13.806044
2008-08-21,13.851105
2008-08-22,13.990377
2008-08-25,13.77122
2008-08-26,13.770054
2008-08-27,13.767929
2008-08-28,13.888114
2008-08-29,13.723658
2008-09-02,13.742954
2008-09-03,13.74822
2008-09-04,13.413126
2008-09-05,13.348574
2008-09-08,13.624059
2008-09-09,13.373341
2008-09-10,13.395424
2008-09-11,13.574319
2008-09-12,13.537484
2008-09-15,13.268402
2008-09-16,13.287694
2008-09-17,12.848399
2008-09-18,13.119839
2008-09-19,13.190018
2008-09-22,12.879705
2008-09-23,12.819391
2008-09-24,12.892026
2008-09-25,13.102077
2008-09-26,13.149735
2008-09-29,12.390958
2008-09-30,12.861502
2008-10-01,12.856121
2008-10-02,12.6597
2008-10-03,12.581502
2008-10-06,12.004417
2008-10-07,11.584375
2008-10-08,11.442486
2008-10-09,10.640279
2008-10-10,10.284332
2008-10-13,11.561472
2008-10-14,11.558322
2008-10-15,10.764999
2008-10-16,11.11896
2008-10-17,11.119027
2008-10-20,11.575475
2008-10-21,11.300683
2008-10-22,10.728658
2008-10-23,10.817601
2008-10-24,10.514892
2008-10-27,10.169155
2008-10-28,10.935976
2008-10-29,10.677555
2008-10-30,10.964585
2008-10-31,11.122937
2008-11-03,11.203538
2008-11-04,11.389212
2008-11-05,10.978197
2008-11-06,10.706125
2008-11-07,11.018972
2008-11-10,10.96466
2008-11-11,10.795732
2008-11-12,10.415879
2008-11-13,11.045233
2008-11-14,10.690366
2008-11-17,10.46679
2008-11-18,10.55448
2008-11-19,10.070044
2008-11-20,9.430224
2008-11-21,9.825223
2008-11-24,10.122326
2008-11-25,10.176733
2008-11-26,10.298975
2008-11-28,10.424256
2008-12-01,9.798964
2008-12-02,10.132577
2008-12-03,10.396572
2008-12-04,10.191999
2008-12-05,10.570458
2008-12-08,10.67716
2008-12-09,10.437986
2008-12-10,10.497006
2008-12-11,10.497807
2008-12-12,10.542814
2008-12-15,10.50473
2008-12-16,10.950388
2008-12-17,10.867226
2008-12-18,10.924247
2008-12-19,11.016838
2008-12-22,10.951869
2008-12-23,10.870847
2008-12-24,10.87847
2008-12-26,10.89622
2008-12-29,10.837752
2008-12-30,11.103704
2008-12-31,11.182421
2009-01-02,11.423704
2009-01-05,11.318306
2009-01-06,11.155592
2009-01-07,11.050566
2009-01-08,11.144005
2009-01-09,11.044772
2009-01-12,10.902278
2009-01-13,11.000788
2009-01-14,10.840211
2009-01-15,10.923186
2009-01-16,11.047792
2009-01-20,10.777514
2009-01-21,11.01493
2009-01-22,11.031487
2009-01-23,11.047749
2009-01-26,10.995349
2009-01-27,11.275918
2009-01-28,11.420539
2009-01-29,11.277553
2009-01-30,11.1538
2009-02-02,11.275846
2009-02-03,11.52502
2009-02-04,11.448642
2009-02-05,11.538166
2009-02-06,11.663295
2009-02-09,11.678739
2009-02-10,11.30063
2009-02-11,11.424981
2009-02-12,11.515886
2009-02-13,11.411062
2009-02-17,11.169463
2009-02-18,11.161466
2009-02-19,11.136109
2009-02-20,11.01137
2009-02-23,10.733379
2009-02-24,10.936751
2009-02-25,10.716337
2009-02-26,10.198726
2009-02-27,9.777542
2009-03-02,9.371275
2009-03-03,9.353721
2009-03-04,9.596847
2009-03-05,9.310222
2009-03-06,9.412559
2009-03-09,9.329037
2009-03-10,9.683024
2009-03-11,9.486493
2009-03-12,9.978685
2009-03-13,10.314301
2009-03-16,10.189306
2009-03-17,10.369259
2009-03-18,10.372346
2009-03-19,10.113519
2009-03-20,10.133384
2009-03-23,10.525393
2009-03-24,10.358792
2009-03-25,10.411111
2009-03-26,10.541596
2009-03-27,10.442134
2009-03-30,10.373335
2009-03-31,10.428036
2009-04-01,10.403399
2009-04-02,10.416758
2009-04-03,10.250462
2009-04-06,10.311484
2009-04-07,10.265215
2009-04-08,10.351573
2009-04-09,10.413459
2009-04-13,10.445615
2009-04-14,10.430474
2009-04-15,10.486577
2009-04-16,10.520073
2009-04-17,10.619602
2009-04-20,10.40462
2009-04-21,10.288508
2009-04-22,10.137237
2009-04-23,10.176846
2009-04-24,10.207961
2009-04-27,10.303799
2009-04-28,10.353168
2009-04-29,10.383997
2009-04-30,10.364048
2009-05-01,10.340789
2009-05-04,10.537582
2009-05-05,10.626028
2009-05-06,10.561546
2009-05-07,10.839066
2009-05-08,10.940436
2009-05-11,10.805664
2009-05-12,10.953974
2009-05-13,10.941053
2009-05-14,10.954811
2009-05-15,10.825993
2009-05-18,10.953099
2009-05-19,10.874318
2009-05-20,10.914807
2009-05-21,10.787592
2009-05-22,10.777202
2009-05-26,10.941536
2009-05-27,10.819041
2009-05-28,10.874468
2009-05-29,11.044129
2009-06-01,11.094668
2009-06-02,11.217958
2009-06-03,11.264135
2009-06-04,11.122209
2009-06-05,11.076224
2009-06-08,10.968682
2009-06-09,10.941877
2009-06-10,10.912193
2009-06-11,11.016371
2009-06-12,11.071052
2009-06-15,10.747991
2009-06-16,10.771736
2009-06-17,10.994948
2009-06-18,11.240807
2009-06-19,11.29903
2009-06-22,11.07857
2009-06-23,11.081876
2009-06-24,11.147305
2009-06-25,11.450086
2009-06-26,11.458641
2009-06-29,11.511808
2009-06-30,11.429256
2009-07-01,11.426654
2009-07-02,11.156759
2009-07-06,11.246652
2009-07-07,11.215931
2009-07-08,11.300677
2009-07-09,11.182437
2009-07-10,11.140549
2009-07-13,11.317815
2009-07-14,11.330074
2009-07-15,11.401715
2009-07-16,11.472256
2009-07-17,11.420881
2009-07-20,11.467093
2009-07-21,11.581364
2009-07-22,11.48126
2009-07-23,11.554337
2009-07-24,11.709033
2009-07-27,11.716091
2009-07-28,11.719801
2009-07-29,11.719326
2009-07-30,11.730615
2009-07-31,11.65779
2009-08-03,11.734755
2009-08-04,11.727121
2009-08-05,11.578138
2009-08-06,11.459514
2009-08-07,11.554458
2009-08-10,11.646756
2009-08-11,11.616573
2009-08-12,11.651747
2009-08-13,11.657768
2009-08-14,11.630787
2009-08-17,11.629297
2009-08-18,11.637231
2009-08-19,11.786476
2009-08-20,11.856844
2009-08-21,11.992094
2009-08-24,12.054827
2009-08-25,12.090069
2009-08-26,12.058211
2009-08-27,12.082205
2009-08-28,11.972082
2009-08-31,11.944873
2009-09-01,11.788889
2009-09-02,11.778306
2009-09-03,11.770618
2009-09-04,11.919026
2009-09-08,11.875822
2009-09-09,11.989262
2009-09-10,12.065337
2009-09-11,12.057801
2009-09-14,12.126179
2009-09-15,12.027251
2009-09-16,12.096666
2009-09-17,12.096349
2009-09-18,12.078246
2009-09-21,12.165132
2009-09-22,12.125877
2009-09-23,12.027337
2009-09-24,11.989267
2009-09-25,11.960394
2009-09-28,12.130759
2009-09-29,12.118007
2009-09-30,12.062808
2009-10-01,11.876875
2009-10-02,11.848943
2009-10-05,11.940198
2009-10-06,12.029199
2009-10-07,12.062998
2009-10-08,12.051355
2009-10-09,12.172083
2009-10-12,12.222625
2009-10-13,12.059013
2009-10-14,12.204581
2009-10-15,12.268859
2009-10-16,12.009415
2009-10-19,12.099138
2009-10-20,11.903017
2009-10-21,11.708019
2009-10-22,11.747357
2009-10-23,11.627281
2009-10-26,11.381396
2009-10-27,11.432834
2009-10-28,11.262955
2009-10-29,11.355239
2009-10-30,11.191515
2009-11-02,11.257944
2009-11-03,11.193891
2009-11-04,11.167358
2009-11-05,11.346313
2009-11-06,11.389623
2009-11-09,11.57948
2009-11-10,11.637144
2009-11-11,11.656043
2009-11-12,11.590895
2009-11-13,11.603695
2009-11-16,11.771476
2009-11-17,11.777538
2009-11-18,11.820384
2009-11-19,11.757701
2009-11-20,11.822232
2009-11-23,11.946604
2009-11-24,12.028635
2009-11-25,12.092466
2009-11-27,11.966572
2009-11-30,11.932725
2009-12-01,12.085127
2009-12-02,12.127176
2009-12-03,12.059215
2009-12-04,12.072558
2009-12-07,12.051314
2009-12-08,11.962152
2009-12-09,12.023746
2009-12-10,12.164009
2009-12-11,12.158815
2009-12-14,12.271686
2009-12-15,12.26091
2009-12-16,12.215586
2009-12-17,12.077798
2009-12-18,12.122554
2009-12-21,12.265167
2009-12-22,12.303103
2009-12-23,12.290952
2009-12-24,12.287037
2009-12-28,12.337776
2009-12-29,12.314845
2009-12-30,12.304109
2009-12-31,12.159999
2010-01-04,12.334531
2010-01-05,12.264729
2010-01-06,12.326203
2010-01-07,12.371772
2010-01-08,12.412046
2010-01-11,12.464445
2010-01-12,12.405443
2010-01-13,12.581826
2010-01-14,12.684566
2010-01-15,12.629875
2010-01-19,12.881551
2010-01-20,12.806643
2010-01-21,12.511418
2010-01-22,12.358723
2010-01-25,12.318902
2010-01-26,12.196866
2010-01-27,12.195718
2010-01-28,12.006003
2010-01-29,11.942498
2010-02-01,11.99963
2010-02-02,12.228629
2010-02-03,11.993576
2010-02-04,11.708144
2010-02-05,11.666233
2010-02-08,11.634483
2010-02-09,11.698518
2010-02-10,11.626361
2010-02-11,11.733478
2010-02-12,11.70951
2010-02-16,11.771055
2010-02-17,11.906322
2010-02-18,11.967998
2010-02-19,11.9503
2010-02-22,11.947726
2010-02-23,11.796823
2010-02-24,11.876803
2010-02-25,11.863119
2010-02-26,11.875924
2010-03-01,11.99023
2010-03-02,12.038423
2010-03-03,11.983996
2010-03-04,11.955
2010-03-05,12.098372
2010-03-08,12.04344
2010-03-09,12.029342
2010-03-10,12.039285
2010-03-11,12.090607
2010-03-12,12.043779
2010-03-15,12.100018
2010-03-16,12.131877
2010-03-17,12.147745
2010-03-18,12.225021
2010-03-19,12.22415
2010-03-22,12.296377
2010-03-23,12.342742
2010-03-24,12.238041
2010-03-25,12.179017
2010-03-26,12.099611
2010-03-29,12.206429
2010-03-30,12.2132
2010-03-31,12.172132
2010-04-01,12.238129
2010-04-05,12.207416
2010-04-06,12.185372
2010-04-07,12.132914
2010-04-08,12.108493
2010-04-09,12.157964
2010-04-12,12.138291
2010-04-13,12.140943
2010-04-14,12.089461
2010-04-15,12.054712
2010-04-16,11.98639
2010-04-19,12.087122
2010-04-20,12.095129
2010-04-21,11.858222
2010-04-22,11.718999
2010-04-23,11.857831
2010-04-26,11.722554
2010-04-27,11.592061
2010-04-28,11.652238
2010-04-29,11.783258
2010-04-30,11.684015
2010-05-03,11.748353
2010-05-04,11.598798
2010-05-05,11.665204
2010-05-06,11.358185
2010-05-07,11.201932
2010-05-10,11.50721
2010-05-11,11.485937
2010-05-12,11.574095
2010-05-13,11.464131
2010-05-14,11.287719
2010-05-17,11.300391
2010-05-18,11.217038
2010-05-19,11.204358
2010-05-20,10.833745
2010-05-21,10.873355
2010-05-24,10.84538
2010-05-25,10.783587
2010-05-26,10.724243
2010-05-27,10.928966
2010-05-28,10.850152
2010-06-01,10.738951
2010-06-02,10.989481
2010-06-03,11.04237
2010-06-04,10.715901
2010-06-07,10.711507
2010-06-08,10.724218
2010-06-09,10.666761
2010-06-10,10.883278
2010-06-11,10.980709
2010-06-14,10.998829
2010-06-15,11.184602
2010-06-16,11.219092
2010-06-17,11.230007
2010-06-18,11.192308
2010-06-21,11.149966
2010-06-22,11.051074
2010-06-23,11.022552
2010-06-24,10.934494
2010-06-25,10.982348
2010-06-28,10.976373
2010-06-29,10.775075
2010-06-30,10.68667
2010-07-01,10.599671
2010-07-02,10.632535
2010-07-06,10.680815
2010-07-07,10.897414
2010-07-08,10.997795
2010-07-09,11.008457
2010-07-12,11.004354
2010-07-13,11.082529
2010-07-14,11.084353
2010-07-15,11.088932
2010-07-16,10.842423
2010-07-19,10.891901
2010-07-20,10.792421
2010-07-21,10.653124
2010-07-22,10.683147
2010-07-23,10.710302
2010-07-26,10.88003
2010-07-27,10.873537
2010-07-28,10.684491
2010-07-29,10.6608
2010-07-30,10.666026
2010-08-02,10.883893
2010-08-03,10.977208
2010-08-04,11.104618
2010-08-05,11.089008
2010-08-06,11.127723
2010-08-09,11.157438
2010-08-10,11.18542
2010-08-11,10.890014
2010-08-12,10.93818
2010-08-13,10.894601
2010-08-16,10.84944
2010-08-17,10.987716
2010-08-18,10.976522
2010-08-19,10.796536
2010-08-20,10.751534
2010-08-23,10.782776
2010-08-24,10.557074
2010-08-25,10.652037
2010-08-26,10.566485
2010-08-27,10.666841
2010-08-30,10.507844
2010-08-31,10.474787
2010-09-01,10.715373
2010-09-02,10.81037
2010-09-03,10.908799
2010-09-07,10.81208
2010-09-08,10.859589
2010-09-09,10.985371
2010-09-10,11.092609
2010-09-13,11.099721
2010-09-14,11.140356
2010-09-15,11.233422
2010-09-16,11.200337
2010-09-17,11.203587
2010-09-20,11.36252
2010-09-21,11.371161
2010-09-22,11.384203
2010-09-23,11.324613
2010-09-24,11.477541
2010-09-27,11.388658
2010-09-28,11.486772
2010-09-29,11.408032
2010-09-30,11.370188
2010-10-01,11.375869
2010-10-04,11.266845
2010-10-05,11.470437
2010-10-06,11.429935
2010-10-07,11.437433
2010-10-08,11.468154
2010-10-11,11.50644
2010-10-12,11.534509
2010-10-13,11.612447
2010-10-14,11.588029
2010-10-15,11.63556
2010-10-18,11.720514
2010-10-19,11.449701
2010-10-20,11.483124
2010-10-21,11.498221
2010-10-22,11.497214
2010-10-25,11.553752
2010-10-26,11.480653
2010-10-27,11.407031
2010-10-28,11.44034
2010-10-29,11.34667
2010-11-01,11.360426
2010-11-02,11.377205
2010-11-03,11.381186
2010-11-04,11.418985
2010-11-05,11.350741
2010-11-08,11.308426
2010-11-09,11.257847
2010-11-10,11.253775
2010-11-11,11.275184
2010-11-12,11.142309
2010-11-15,11.123593
2010-11-16,10.979965
2010-11-17,10.993296
2010-11-18,11.140075
2010-11-19,11.150963
2010-11-22,11.149867
2010-11-23,10.993997
2010-11-24,11.084981
2010-11-26,10.983877
2010-11-29,10.9608
2010-11-30,10.873503
2010-12-01,11.092251
2010-12-02,11.169617
2010-12-03,11.177845
2010-12-06,11.111896
2010-12-07,11.121571
2010-12-08,11.135003
2010-12-09,11.161497
2010-12-10,11.265701
2010-12-13,11.273588
2010-12-14,11.389826
2010-12-15,11.348862
2010-12-16,11.431888
2010-12-17,11.441929
2010-12-20,11.413337
2010-12-21,11.395526
2010-12-22,11.414675
2010-12-23,11.41433
2010-12-27,11.369537
2010-12-28,11.373048
2010-12-29,11.379286
2010-12-30,11.348894
2010-12-31,11.335953
2011-01-03,11.455712
2011-01-04,11.500419
2011-01-05,11.515278
2011-01-06,11.556362
2011-01-07,11.548058
2011-01-10,11.508627
2011-01-11,11.527638
2011-01-12,11.526323
2011-01-13,11.454841
2011-01-14,11.457419
2011-01-18,11.491574
2011-01-19,11.42829
2011-01-20,11.447504
2011-01-21,11.4524
2011-01-24,11.439766
2011-01-25,11.436254
2011-01-26,11.402878
2011-01-27,11.436597
2011-01-28,11.237204
2011-01-31,11.244159
2011-02-01,11.381692
2011-02-02,11.34924
2011-02-03,11.339177
2011-02-04,11.403646
2011-02-07,11.367116
2011-02-08,11.398076
2011-02-09,11.3762
2011-02-10,11.385117
2011-02-11,11.388366
2011-02-14,11.425253
2011-02-15,11.401105
2011-02-16,11.517497
2011-02-17,11.55594
2011-02-18,11.586724
2011-02-22,11.404124
2011-02-23,11.300437
2011-02-24,11.338107
2011-02-25,11.409279
2011-02-28,11.511195
2011-03-01,11.464384
2011-03-02,11.49841
2011-03-03,11.730201
2011-03-04,11.721449
2011-03-07,11.622398
2011-03-08,11.698244
2011-03-09,11.71468
2011-03-10,11.526255
2011-03-11,11.558127
2011-03-14,11.50177
2011-03-15,11.370026
2011-03-16,11.163846
2011-03-17,11.300305
2011-03-18,11.377092
2011-03-21,11.439983
2011-03-22,11.437084
2011-03-23,11.426719
2011-03-24,11.559468
2011-03-25,11.587853
2011-03-28,11.583484
2011-03-29,11.657855
2011-03-30,11.740053
2011-03-31,11.73626
2011-04-01,11.868854
2011-04-04,11.865054
2011-04-05,11.806595
2011-04-06,11.828905
2011-04-07,11.810849
2011-04-08,11.818544
2011-04-11,11.873383
2011-04-12,11.855969
2011-04-13,11.841859
2011-04-14,11.89732
2011-04-15,12.001189
2011-04-18,11.894039
2011-04-19,12.013075
2011-04-20,12.036162
2011-04-21,12.035121
2011-04-25,12.01335
2011-04-26,12.121562
2011-04-27,12.241011
2011-04-28,12.253785
2011-04-29,12.219278
2011-05-02,12.337546
2011-05-03,12.308472
2011-05-04,12.282448
2011-05-05,12.194603
2011-05-06,12.262017
2011-05-09,12.339043
2011-05-10,12.410742
2011-05-11,12.362295
2011-05-12,12.471567
2011-05-13,12.440923
2011-05-16,12.449296
2011-05-17,12.45666
2011-05-18,12.554491
2011-05-19,12.527328
2011-05-20,12.423388
2011-05-23,12.300226
2011-05-24,12.266755
2011-05-25,12.28052
2011-05-26,12.273658
2011-05-27,12.283534
2011-05-31,12.399817
2011-06-01,12.231163
2011-06-02,12.234921
2011-06-03,12.116758
2011-06-06,12.042705
2011-06-07,12.071156
2011-06-08,12.078224
2011-06-09,12.195997
2011-06-10,11.981552
2011-06-13,12.026552
2011-06-14,12.134685
2011-06-15,11.964581
2011-06-16,11.984985
2011-06-17,12.010455
2011-06-20,12.140267
2011-06-21,12.212638
2011-06-22,12.137451
2011-06-23,12.125271
2011-06-24,11.975824
2011-06-27,12.046198
2011-06-28,12.221451
2011-06-29,12.228387
2011-06-30,12.269191
2011-07-01,12.42042
2011-07-05,12.383287
2011-07-06,12.415174
2011-07-07,12.407046
2011-07-08,12.356603
2011-07-11,12.184505
2011-07-12,12.1896
2011-07-13,12.22364
2011-07-14,12.206006
2011-07-15,12.149487
2011-07-18,12.042038
2011-07-19,12.123315
2011-07-20,12.057165
2011-07-21,12.204784
2011-07-22,12.212717
2011-07-25,12.059361
2011-07-26,11.934739
2011-07-27,11.692232
2011-07-28,11.637699
2011-07-29,11.55535
2011-08-01,11.347193
2011-08-02,11.141389
2011-08-03,11.148908
2011-08-04,10.708481
2011-08-05,10.789926
2011-08-08,10.225105
2011-08-09,10.60921
2011-08-10,10.165142
2011-08-11,10.63787
2011-08-12,10.720967
2011-08-15,10.915239
2011-08-16,10.888395
2011-08-17,10.894483
2011-08-18,10.529936
2011-08-19,10.496256
2011-08-22,10.514907
2011-08-23,10.834952
2011-08-24,10.960351
2011-08-25,10.770734
2011-08-26,10.896914
2011-08-29,11.172051
2011-08-30,11.212658
2011-08-31,11.295875
2011-09-01,11.212061
2011-09-02,10.965751
2011-09-06,10.992432
2011-09-07,11.259629
2011-09-08,11.133921
2011-09-09,10.809606
2011-09-12,10.827679
2011-09-13,10.914536
2011-09-14,11.016703
2011-09-15,11.12201
2011-09-16,11.180496
2011-09-19,11.088384
2011-09-20,11.183562
2011-09-21,10.895039
2011-09-22,10.663231
2011-09-23,10.685621
2011-09-26,10.845732
2011-09-27,11.006453
2011-09-28,10.822885
2011-09-29,10.925151
2011-09-30,10.783796
2011-10-03,10.444373
2011-10-04,10.543379
2011-10-05,10.713909
2011-10-06,10.837091
2011-10-07,10.827544
2011-10-10,11.099629
2011-10-11,11.064755
2011-10-12,11.085171
2011-10-13,11.078587
2011-10-14,11.178451
2011-10-17,10.975867
2011-10-18,11.042286
2011-10-19,10.997495
2011-10-20,11.014191
2011-10-21,11.225895
2011-10-24,11.370595
2011-10-25,11.112726
2011-10-26,11.246067
2011-10-27,11.491569
2011-10-28,11.493909
2011-10-31,11.268528
2011-11-01,11.000306
2011-11-02,11.077155
2011-11-03,11.209804
2011-11-04,11.116873
2011-11-07,11.244976
2011-11-08,11.349756
2011-11-09,11.031521
2011-11-10,11.181961
2011-11-11,11.368686
2011-11-14,11.288808
2011-11-15,11.310376
2011-11-16,11.108896
2011-11-17,10.983183
2011-11-18,10.958123
2011-11-21,10.757903
2011-11-22,10.774105
2011-11-23,10.60718
2011-11-25,10.557695
2011-11-28,10.844698
2011-11-29,10.865389
2011-11-30,11.268975
2011-12-01,11.278271
2011-12-02,11.162051
2011-12-05,11.179716
2011-12-06,11.232502
2011-12-07,11.300064
2011-12-08,11.100651
2011-12-09,11.253233
2011-12-12,11.124533
2011-12-13,11.108565
2011-12-14,11.087887
2011-12-15,11.214095
2011-12-16,11.213322
2011-12-19,11.217341
2011-12-20,11.447668
2011-12-21,11.534478
2011-12-22,11.603177
2011-12-23,11.695157
2011-12-27,11.707669
2011-12-28,11.568897
2011-12-29,11.67769
2011-12-30,11.642064
2012-01-03,11.805451
2012-01-04,11.742672
2012-01-05,11.791373
2012-01-06,11.799574
2012-01-09,11.826348
2012-01-10,11.931665
2012-01-11,11.933202
2012-01-12,11.958463
2012-01-13,11.915433
2012-01-17,12.026677
2012-01-18,12.090672
2012-01-19,12.085989
2012-01-20,12.086119
2012-01-23,12.028012
2012-01-24,11.992391
2012-01-25,12.061993
2012-01-26,12.012903
2012-01-27,11.993601
2012-01-30,11.974415
2012-01-31,11.794953
2012-02-01,11.917652
2012-02-02,11.983805
2012-02-03,12.078507
2012-02-06,12.020893
2012-02-07,12.050854
2012-02-08,12.032548
2012-02-09,11.979031
2012-02-10,11.942852
2012-02-13,12.013916
2012-02-14,12.053516
2012-02-15,12.027739
2012-02-16,12.108586
2012-02-17,12.06282
2012-02-21,11.96706
2012-02-22,11.972092
2012-02-23,11.973589
2012-02-24,12.018297
2012-02-27,12.028246
2012-02-28,12.088162
2012-02-29,12.028051
2012-03-01,12.078507
2012-03-02,12.057229
2012-03-05,12.040704
2012-03-06,11.87385
2012-03-07,11.915611
2012-03-08,12.06363
2012-03-09,12.107766
2012-03-12,12.100214
2012-03-13,12.2671
2012-03-14,12.263413
2012-03-15,12.285348
2012-03-16,12.27726
2012-03-19,12.2915
2012-03-20,12.237123
2012-03-21,12.222328
2012-03-22,12.189641
2012-03-23,12.216981
2012-03-26,12.425038
2012-03-27,12.461593
2012-03-28,12.428513
2012-03-29,12.458504
2012-03-30,12.546618
2012-04-02,12.581923
2012-04-03,12.579675
2012-04-04,12.46781
2012-04-05,12.472909
2012-04-09,12.312719
2012-04-10,12.173789
2012-04-11,12.20921
2012-04-12,12.276641
2012-04-13,12.165413
2012-04-16,12.167862
2012-04-17,12.340625
2012-04-18,12.288313
2012-04-19,12.275903
2012-04-20,12.341604
2012-04-23,12.245056
2012-04-24,12.271074
2012-04-25,12.367289
2012-04-26,12.359092
2012-04-27,12.417378
2012-04-30,12.408341
2012-05-01,12.484172
2012-05-02,12.451923
2012-05-03,12.399462
2012-05-04,12.240385
2012-05-07,12.264542
2012-05-08,12.278906
2012-05-09,12.165105
2012-05-10,12.238062
2012-05-11,12.222125
2012-05-14,12.171375
2012-05-15,12.106852
2012-05-16,12.12946
2012-05-17,12.016653
2012-05-18,11.918126
2012-05-21,12.031562
2012-05-22,12.008056
2012-05-23,11.9358
2012-05-24,12.030172
2012-05-25,12.12643
2012-05-29,12.171293
2012-05-30,12.080823
2012-05-31,12.038896
2012-06-01,11.824759
2012-06-04,11.849182
2012-06-05,11.909485
2012-06-06,12.071228
2012-06-07,12.100041
2012-06-08,12.189063
2012-06-11,12.089036
2012-06-12,12.194979
2012-06-13,12.175973
2012-06-14,12.339466
2012-06-15,12.412879
2012-06-18,12.483302
2012-06-19,12.605768
2012-06-20,12.57665
2012-06-21,12.399958
2012-06-22,12.529472
2012-06-25,12.380472
2012-06-26,12.420814
2012-06-27,12.553694
2012-06-28,12.506732
2012-06-29,12.736914
2012-07-02,12.776613
2012-07-03,12.768501
2012-07-05,12.697594
2012-07-06,12.606174
2012-07-09,12.685587
2012-07-10,12.608415
2012-07-11,12.593453
2012-07-12,12.615877
2012-07-13,12.755932
2012-07-16,12.772596
2012-07-17,12.915336
2012-07-18,12.948728
2012-07-19,12.916588
2012-07-20,12.74091
2012-07-23,12.608137
2012-07-24,12.461658
2012-07-25,12.480225
2012-07-26,12.562716
2012-07-27,12.925481
2012-07-30,12.844331
2012-07-31,12.77816
2012-08-01,12.749182
2012-08-02,12.628529
2012-08-03,12.789446
2012-08-06,12.783187
2012-08-07,12.755371
2012-08-08,12.788716
2012-08-09,12.774439
2012-08-10,12.83758
2012-08-13,12.830348
2012-08-14,12.84605
2012-08-15,12.877593
2012-08-16,12.846475
2012-08-17,12.781475
2012-08-20,12.812686
2012-08-21,12.766015
2012-08-22,12.767905
2012-08-23,12.744801
2012-08-24,12.849179
2012-08-27,12.849406
2012-08-28,12.829337
2012-08-29,12.884745
2012-08-30,12.838262
2012-08-31,12.873019
2012-09-04,12.907334
2012-09-05,12.90722
2012-09-06,13.117517
2012-09-07,13.114336
2012-09-10,13.06437
2012-09-11,13.067109
2012-09-12,13.07081
2012-09-13,13.202645
2012-09-14,13.15156
2012-09-17,13.218843
2012-09-18,13.258026
2012-09-19,13.27518
2012-09-20,13.330032
2012-09-21,13.396168
2012-09-24,13.412967
2012-09-25,13.404924
2012-09-26,13.335181
2012-09-27,13.396564
2012-09-28,13.338223
2012-10-01,13.414031
2012-10-02,13.478465
2012-10-03,13.572188
2012-10-04,13.670386
2012-10-05,13.68491
2012-10-08,13.658874
2012-10-09,13.48778
2012-10-10,13.388496
2012-10-11,13.394619
2012-10-12,13.380373
2012-10-15,13.570562
2012-10-16,13.635596
2012-10-17,13.626624
2012-10-18,13.629013
2012-10-19,13.406627
2012-10-22,13.407878
2012-10-23,13.181082
2012-10-24,13.136851
2012-10-25,13.226961
2012-10-26,13.190049
2012-10-31,13.075553
2012-11-01,13.130585
2012-11-02,13.056133
2012-11-05,13.057117
2012-11-06,13.091765
2012-11-07,12.841078
2012-11-08,12.702817
2012-11-09,12.746707
2012-11-12,12.805074
2012-11-13,12.753248
2012-11-14,12.605067
2012-11-15,12.574623
2012-11-16,12.665349
2012-11-19,12.794415
2012-11-20,12.870166
2012-11-21,12.874548
2012-11-23,13.010133
2012-11-26,12.949464
2012-11-27,12.87581
2012-11-28,12.982514
2012-11-29,13.072376
2012-11-30,13.096083
2012-12-03,13.065978
2012-12-04,13.0841
2012-12-05,13.130892
2012-12-06,13.13355
2012-12-07,13.171025
2012-12-10,13.222757
2012-12-11,13.358688
2012-12-12,13.334824
2012-12-13,13.216264
2012-12-14,13.170641
2012-12-17,13.26707
2012-12-18,13.364907
2012-12-19,13.44394
2012-12-20,13.457983
2012-12-21,13.560463
2012-12-24,13.527407
2012-12-26,13.472316
2012-12-27,13.454972
2012-12-28,13.311974
2012-12-31,13.471006
2013-01-02,13.140029
2013-01-03,13.168264
2013-01-04,13.220644
2013-01-07,13.247258
2013-01-08,13.240916
2013-01-09,13.38493
2013-01-10,13.484245
2013-01-11,13.463813
2013-01-14,13.486832
2013-01-15,13.455743
2013-01-16,13.441162
2013-01-17,13.536167
2013-01-18,13.587355
2013-01-22,13.603972
2013-01-23,13.749373
2013-01-24,13.773879
2013-01-25,13.863375
2013-01-28,13.75155
2013-01-29,13.794882
2013-01-30,13.744801
2013-01-31,13.694706
2013-02-01,13.733993
2013-02-04,13.543294
2013-02-05,13.699697
2013-02-06,13.699472
2013-02-07,13.688709
2013-02-08,13.774463
2013-02-11,13.724825
2013-02-12,13.702925
2013-02-13,13.69757
2013-02-14,13.712649
2013-02-15,13.770149
2013-02-19,13.838622
2013-02-20,13.739216
2013-02-21,13.679285
2013-02-22,13.730504
2013-02-25,13.565902
2013-02-26,13.599045
2013-02-27,13.753639
2013-02-28,13.733917
2013-03-01,13.835289
2013-03-04,13.919253
2013-03-05,14.044337
2013-03-06,14.066541
2013-03-07,14.028402
2013-03-08,14.064619
2013-03-11,14.156992
2013-03-12,14.214132
2013-03-13,14.206596
2013-03-14,14.230378
2013-03-15,14.183219
2013-03-18,14.11133
2013-03-19,14.114866
2013-03-20,14.238837
2013-03-21,14.162112
2013-03-22,14.350745
2013-03-25,14.2979
2013-03-26,14.468337
2013-03-27,14.54292
2013-03-28,14.682449
2013-04-01,14.649669
2013-04-02,14.85756
2013-04-03,14.766169
2013-04-04,14.824704
2013-04-05,14.732926
2013-04-08,14.756349
2013-04-09,14.807006
2013-04-10,15.061281
2013-04-11,15.205327
2013-04-12,15.229712
2013-04-15,14.94571
2013-04-16,15.146244
2013-04-17,15.065764
2013-04-18,14.851129
2013-04-19,15.085696
2013-04-22,15.17037
2013-04-23,15.232585
2013-04-24,15.014451
2013-04-25,15.02148
2013-04-26,15.013597
2013-04-29,15.059837
2013-04-30,14.947677
2013-05-01,14.889013
2013-05-02,15.016777
2013-05-03,15.118946
2013-05-06,15.033216
2013-05-07,15.081202
2013-05-08,15.107853
2013-05-09,15.130052
2013-05-10,15.295463
2013-05-13,15.397689
2013-05-14,15.550742
2013-05-15,15.631453
2013-05-16,15.464067
2013-05-17,15.552695
2013-05-20,15.454251
2013-05-21,15.611616
2013-05-22,15.602346
2013-05-23,15.586525
2013-05-24,15.55172
2013-05-28,15.693979
2013-05-29,15.475683
2013-05-30,15.580606
2013-05-31,15.243543
2013-06-03,15.326789
2013-06-04,15.225898
2013-06-05,15.016614
2013-06-06,15.229761
2013-06-07,15.371069
2013-06-10,15.391698
2013-06-11,15.32133
2013-06-12,15.167127
2013-06-13,15.386766
2013-06-14,15.36506
2013-06-17,15.399739
2013-06-18,15.532616
2013-06-19,15.283167
2013-06-20,14.89611
2013-06-21,15.021992
2013-06-24,14.977828
2013-06-25,15.040692
2013-06-26,15.263743
2013-06-27,15.313292
2013-06-28,15.184165
2013-07-01,15.244491
2013-07-02,15.195955
2013-07-03,15.183943
2013-07-05,15.384318
2013-07-08,15.46379
2013-07-09,15.506083
2013-07-10,15.611935
2013-07-11,15.806334
2013-07-12,15.915687
2013-07-15,15.91307
2013-07-16,15.80211
2013-07-17,15.828981
2013-07-18,15.850206
2013-07-19,16.092504
2013-07-22,16.165329
2013-07-23,16.105149
2013-07-24,16.129882
2013-07-25,16.075319
2013-07-26,16.203188
2013-07-29,16.152925
2013-07-30,16.04099
2013-07-31,16.055362
2013-08-01,16.120702
2013-08-02,16.133087
2013-08-05,16.107746
2013-08-06,16.029773
2013-08-07,16.04057
2013-08-08,16.052595
2013-08-09,15.994384
2013-08-12,15.927686
2013-08-13,15.974742
2013-08-14,15.844219
2013-08-15,15.582901
2013-08-16,15.500552
2013-08-19,15.537507
2013-08-20,15.560012
2013-08-21,15.48284
2013-08-22,15.566884
2013-08-23,15.597909
2013-08-26,15.624746
2013-08-27,15.372792
2013-08-28,15.437173
2013-08-29,15.483389
2013-08-30,15.437061
2013-09-03,15.5285
2013-09-04,15.703159
2013-09-05,15.73001
2013-09-06,15.732809
2013-09-09,15.834842
2013-09-10,15.93023
2013-09-11,16.042563
2013-09-12,16.003536
2013-09-13,16.048192
2013-09-16,16.170782
2013-09-17,16.182742
2013-09-18,16.291968
2013-09-19,16.240585
2013-09-20,16.209192
2013-09-23,16.289144
2013-09-24,16.204603
2013-09-25,16.072832
2013-09-26,16.125678
2013-09-27,16.131127
2013-09-30,16.085244
2013-10-01,16.280495
2013-10-02,16.243821
2013-10-03,16.088506
2013-10-04,16.266274
2013-10-07,16.091623
2013-10-08,15.85413
2013-10-09,15.835603
2013-10-10,16.208048
2013-10-11,16.273099
2013-10-14,16.387084
2013-10-15,16.275039
2013-10-16,16.596704
2013-10-17,16.722666
2013-10-18,16.677809
2013-10-21,16.608626
2013-10-22,16.687495
2013-10-23,16.693831
2013-10-24,16.635562
2013-10-25,16.653525
2013-10-28,16.653224
2013-10-29,16.687971
2013-10-30,16.561252
2013-10-31,16.45874
2013-11-01,16.56814
2013-11-04,16.578447
2013-11-05,16.512763
2013-11-06,16.461711
2013-11-07,16.323208
2013-11-08,16.564923
2013-11-11,16.599691
2013-11-12,16.591607
2013-11-13,16.68003
2013-11-14,16.818861
2013-11-15,16.910198
2013-11-18,16.834063
2013-11-19,16.842845
2013-11-20,16.883287
2013-11-21,16.960515
2013-11-22,17.162725
2013-11-25,17.230146
2013-11-26,17.172524
2013-11-27,17.178723
2013-11-29,17.158081
2013-12-02,17.176545
2013-12-03,17.025995
2013-12-04,16.958725
2013-12-05,16.911789
2013-12-06,17.146143
2013-12-09,17.158692
2013-12-10,17.085773
2013-12-11,16.809404
2013-12-12,16.67634
2013-12-13,16.677753
2013-12-16,16.717508
2013-12-17,16.646769
2013-12-18,17.044741
2013-12-19,17.026177
2013-12-20,17.111829
2013-12-23,17.204478
2013-12-24,17.190106
2013-12-26,17.304859
2013-12-27,17.282922
2013-12-30,17.314632
2013-12-31,17.304177
2014-01-02,17.209972
2014-01-03,17.245231
2014-01-06,17.169567
2014-01-07,17.340117
2014-01-08,17.482089
2014-01-09,17.612431
2014-01-10,17.671461
2014-01-13,17.531535
2014-01-14,17.758956
2014-01-15,17.734525
2014-01-16,17.762886
2014-01-17,17.766778
2014-01-21,17.762423
2014-01-22,17.740478
2014-01-23,17.587317
2014-01-24,17.163932
2014-01-27,17.02644
2014-01-28,17.239474
2014-01-29,17.003227
2014-01-30,17.185995
2014-01-31,17.02148
2014-02-03,16.673781
2014-02-04,16.708042
2014-02-05,16.539949
2014-02-06,16.61616
2014-02-07,16.903997
2014-02-10,17.052007
2014-02-11,17.266763
2014-02-12,17.254027
2014-02-13,17.381267
2014-02-14,17.442502
2014-02-18,17.578287
2014-02-19,17.468103
2014-02-20,17.596097
2014-02-21,17.551912
2014-02-24,17.675272
2014-02-25,17.654281
2014-02-26,17.651558
2014-02-27,17.733438
2014-02-28,17.735425
2014-03-03,17.60994
2014-03-04,17.939133
2014-03-05,17.905685
2014-03-06,17.7902
2014-03-07,17.75643
2014-03-10,17.813865
2014-03-11,17.765199
2014-03-12,17.767965
2014-03-13,17.525837
2014-03-14,17.439319
2014-03-17,17.591384
2014-03-18,17.79446
2014-03-19,17.729548
2014-03-20,17.726945
2014-03-21,17.455277
2014-03-24,17.227106
2014-03-25,17.370574
2014-03-26,17.37376
2014-03-27,17.347105
2014-03-28,17.268546
2014-03-31,17.487428
2014-04-01,17.620314
2014-04-02,17.681003
2014-04-03,17.618494
2014-04-04,17.352772
2014-04-07,17.166524
2014-04-08,17.024221
2014-04-09,17.373667
2014-04-10,16.816649
2014-04-11,16.639316
2014-04-14,16.726583
2014-04-15,16.872126
2014-04-16,16.91864
2014-04-17,16.873181
2014-04-21,17.075304
2014-04-22,17.115386
2014-04-23,16.585445
2014-04-24,16.484994
2014-04-25,16.34741
2014-04-28,16.418638
2014-04-29,16.434951
2014-04-30,16.413423
2014-05-01,16.406284
2014-05-02,16.28893
2014-05-05,16.377083
2014-05-06,16.257581
2014-05-07,16.276834
2014-05-08,16.188353
2014-05-09,16.282467
2014-05-12,16.438335
2014-05-13,16.467725
2014-05-14,16.466776
2014-05-15,16.287021
2014-05-16,16.344653
2014-05-19,16.462294
2014-05-20,16.352729
2014-05-21,16.485663
2014-05-22,16.570635
2014-05-23,16.584272
2014-05-27,16.668043
2014-05-28,16.618615
2014-05-29,16.736973
2014-05-30,16.780206
2014-06-02,16.809213
2014-06-03,16.837041
2014-06-04,16.872511
2014-06-05,16.899366
2014-06-06,16.881526
2014-06-09,16.799796
2014-06-10,16.835576
2014-06-11,16.82629
2014-06-12,16.732247
2014-06-13,16.729638
2014-06-16,16.752496
2014-06-17,16.740961
2014-06-18,16.879745
2014-06-19,16.929611
2014-06-20,17.073257
2014-06-23,17.021443
2014-06-24,17.026202
2014-06-25,17.20923
2014-06-26,17.214462
2014-06-27,17.17867
2014-06-30,17.1157
2014-07-01,17.247145
2014-07-02,17.372457
2014-07-03,17.429935
2014-07-07,17.304165
2014-07-08,17.133989
2014-07-09,17.165979
2014-07-10,17.160538
2014-07-11,17.197975
2014-07-14,17.221353
2014-07-15,17.045379
2014-07-16,16.962297
2014-07-17,16.70575
2014-07-18,16.983131
2014-07-21,16.905934
2014-07-22,17.02179
2014-07-23,16.953629
2014-07-24,16.757009
2014-07-25,16.688201
2014-07-28,16.67586
2014-07-29,16.606379
2014-07-30,16.636473
2014-07-31,16.272882
2014-08-01,16.265596
2014-08-04,16.328366
2014-08-05,16.165094
2014-08-06,16.148765
2014-08-07,15.945368
2014-08-08,16.130703
2014-08-11,16.130839
2014-08-12,16.108355
2014-08-13,16.293949
2014-08-14,16.480204
2014-08-15,16.498917
2014-08-18,16.625589
2014-08-19,16.705173
2014-08-20,16.707467
2014-08-21,16.725428
2014-08-22,16.726273
2014-08-25,16.846809
2014-08-26,16.916205
2014-08-27,16.918735
2014-08-28,16.897659
2014-08-29,16.965133
2014-09-02,16.959724
2014-09-03,17.029336
2014-09-04,16.939493
2014-09-05,17.033627
2014-09-08,17.044403
2014-09-09,16.990241
2014-09-10,17.103631
2014-09-11,17.046464
2014-09-12,16.927294
2014-09-15,16.873008
2014-09-16,17.100345
2014-09-17,17.12539
2014-09-18,17.253706
2014-09-19,17.268201
2014-09-22,17.18621
2014-09-23,17.087054
2014-09-24,17.346106
2014-09-25,17.063018
2014-09-26,17.113792
2014-09-29,17.084982
2014-09-30,16.988502
2014-10-01,16.820436
2014-10-02,16.784132
2014-10-03,17.109834
2014-10-06,17.04222
2014-10-07,16.752933
2014-10-08,17.185357
2014-10-09,16.831964
2014-10-10,16.712
2014-10-13,16.325453
2014-10-14,16.18045
2014-10-15,16.070599
2014-10-16,15.988151
2014-10-17,16.261085
2014-10-20,16.44213
2014-10-21,16.879472
2014-10-22,16.737942
2014-10-23,16.974539
2014-10-24,17.204942
2014-10-27,17.182652
2014-10-28,17.1072
2014-10-29,17.130467
2014-10-30,17.423861
2014-10-31,17.461782
2014-11-03,17.428312
2014-11-04,17.454231
2014-11-05,17.384888
2014-11-06,17.474646
2014-11-07,17.294209
2014-11-10,17.417112
2014-11-11,17.47958
2014-11-12,17.452148
2014-11-13,17.432581
2014-11-14,17.283085
2014-11-17,17.362501
2014-11-18,17.638659
2014-11-19,17.543955
2014-11-20,17.474367
2014-11-21,17.542106
2014-11-24,17.623868
2014-11-25,17.636155
2014-11-26,17.763703
2014-11-28,17.870846
2014-12-01,17.847666
2014-12-02,18.043263
2014-12-03,18.066185
2014-12-04,18.041173
2014-12-05,18.174615
2014-12-08,18.234095
2014-12-09,18.165049
2014-12-10,17.880685
2014-12-11,17.92626
2014-12-12,17.631359
2014-12-15,17.494259
2014-12-16,17.27044
2014-12-17,17.588776
2014-12-18,18.068388
2014-12-19,18.1572
2014-12-22,18.05001
2014-12-23,17.65603
2014-12-24,17.772688
2014-12-26,17.900768
2014-12-29,17.947448
2014-12-30,17.874347
2014-12-31,17.69958
2015-01-02,17.772581
2015-01-05,17.67406
2015-01-06,17.625798
2015-01-07,18.033713
2015-01-08,18.344869
2015-01-09,18.196826
2015-01-12,18.21228
2015-01-13,18.12802
2015-01-14,18.112357
2015-01-15,17.94128
2015-01-16,18.307801
2015-01-20,18.233021
2015-01-21,18.222879
2015-01-22,18.4439
2015-01-23,18.359375
2015-01-26,18.458119
2015-01-27,18.17297
2015-01-28,17.934994
2015-01-29,18.01977
2015-01-30,17.638424
2015-02-02,17.76242
2015-02-03,17.876566
2015-02-04,17.647872
2015-02-05,17.895662
2015-02-06,17.749147
2015-02-09,17.534402
2015-02-10,17.81564
2015-02-11,17.811497
2015-02-12,17.863535
2015-02-13,17.96168
2015-02-17,18.055998
2015-02-18,18.073115
2015-02-19,18.087768
2015-02-20,18.249736
2015-02-23,18.30113
2015-02-24,18.294461
2015-02-25,18.308117
2015-02-26,18.353737
2015-02-27,18.272944
2015-03-02,18.424679
2015-03-03,18.268375
2015-03-04,18.340168
2015-03-05,18.416125
2015-03-06,18.06811
2015-03-09,18.153424
2015-03-10,17.950913
2015-03-11,17.94283
2015-03-12,18.170719
2015-03-13,18.134006
2015-03-16,18.533349
2015-03-17,18.461243
2015-03-18,18.68708
2015-03-19,18.794782
2015-03-20,18.942421
2015-03-23,18.759221
2015-03-24,18.594388
2015-03-25,18.253457
2015-03-26,18.20373
2015-03-27,18.34622
2015-03-30,18.527579
2015-03-31,18.262668
2015-04-01,18.036248
2015-04-02,18.073454
2015-04-06,18.100241
2015-04-07,18.148728
2015-04-08,18.290307
2015-04-09,18.417277
2015-04-10,18.579141
2015-04-13,18.472982
2015-04-14,18.493062
2015-04-15,18.538527
2015-04-16,18.502782
2015-04-17,18.358211
2015-04-20,18.464414
2015-04-21,18.55256
2015-04-22,18.506206
2015-04-23,18.535747
2015-04-24,18.469925
2015-04-27,18.138764
2015-04-28,18.137966
2015-04-29,17.952867
2015-04-30,17.568659
2015-05-01,17.703485
2015-05-04,17.764537
2015-05-05,17.540182
2015-05-06,17.463805
2015-05-07,17.531251
2015-05-08,17.817683
2015-05-11,17.737672
2015-05-12,17.635606
2015-05-13,17.630346
2015-05-14,17.880672
2015-05-15,17.922215
2015-05-18,18.002654
2015-05-19,18.091576
2015-05-20,18.114465
2015-05-21,18.096876
2015-05-22,18.055385
2015-05-26,17.880008
2015-05-27,18.084161
2015-05-28,18.080854
2015-05-29,18.040821
2015-06-01,18.105416
2015-06-02,18.052563
2015-06-03,18.067337
2015-06-04,17.949536
2015-06-05,17.938695
2015-06-08,17.854366
2015-06-09,17.860445
2015-06-10,18.069135
2015-06-11,18.162102
2015-06-12,17.956038
2015-06-15,17.955357
2015-06-16,18.051536
2015-06-17,18.074182
2015-06-18,18.342434
2015-06-19,18.320547
2015-06-22,18.484547
2015-06-23,18.539466
2015-06-24,18.356276
2015-06-25,18.442789
2015-06-26,18.414632
2015-06-29,17.983312
2015-06-30,18.060592
2015-07-01,18.149805
2015-07-02,18.112108
2015-07-06,18.098343
2015-07-07,18.220373
2015-07-08,17.92584
2015-07-09,18.017497
2015-07-10,18.244509
2015-07-13,18.391657
2015-07-14,18.586879
2015-07-15,18.600651
2015-07-16,18.666784
2015-07-17,18.635067
2015-07-20,18.671092
2015-07-21,18.592192
2015-07-22,18.592489
2015-07-23,18.449806
2015-07-24,17.975152
2015-07-27,17.973492
2015-07-28,18.192373
2015-07-29,18.162908
2015-07-30,18.098962
2015-07-31,18.181667
2015-08-03,18.187312
2015-08-04,18.133026
2015-08-05,18.269253
2015-08-06,17.843787
2015-08-07,17.802918
2015-08-10,17.947415
2015-08-11,17.807532
2015-08-12,17.81408
2015-08-13,17.771977
2015-08-14,17.812311
2015-08-17,17.98119
2015-08-18,17.943742
2015-08-19,17.865894
2015-08-20,17.456203
2015-08-21,16.91247
2015-08-24,16.239674
2015-08-25,16.010205
2015-08-26,16.695476
2015-08-27,17.015512
2015-08-28,16.945599
2015-08-31,16.632349
2015-09-01,16.194215
2015-09-02,16.514251
2015-09-03,16.352116
2015-09-04,16.174021
2015-09-08,16.633516
2015-09-09,16.360883
2015-09-10,16.470801
2015-09-11,16.585704
2015-09-14,16.525623
2015-09-15,16.756652
2015-09-16,16.814519
2015-09-17,16.961213
2015-09-18,16.710936
2015-09-21,16.490424
2015-09-22,16.389137
2015-09-23,16.367666
2015-09-24,16.196198
2015-09-25,15.749712
2015-09-28,15.175144
2015-09-29,15.337175
2015-09-30,15.664513
2015-10-01,15.803129
2015-10-02,16.136418
2015-10-05,16.187224
2015-10-06,15.823776
2015-10-07,16.06001
2015-10-08,16.124687
2015-10-09,16.203643
2015-10-12,16.251693
2015-10-13,16.009264
2015-10-14,15.972683
2015-10-15,16.288379
2015-10-16,16.455711
2015-10-19,16.502459
2015-10-20,16.342125
2015-10-21,16.152886
2015-10-22,16.02561
2015-10-23,16.354576
2015-10-26,16.431949
2015-10-27,16.501857
2015-10-28,16.568663
2015-10-29,16.583422
2015-10-30,16.519506
2015-11-02,16.823998
2015-11-03,16.765751
2015-11-04,16.65728
2015-11-05,16.553211
2015-11-06,16.475598
2015-11-09,16.366836
2015-11-10,16.467775
2015-11-11,16.317161
2015-11-12,16.027276
2015-11-13,15.968039
2015-11-16,16.169514
2015-11-17,16.237942
2015-11-18,16.565917
2015-11-19,16.408905
2015-11-20,16.546713
2015-11-23,16.50451
2015-11-24,16.537874
2015-11-25,16.629845
2015-11-27,16.658294
2015-11-30,16.418399
2015-12-01,16.676795
2015-12-02,16.494863
2015-12-03,16.094376
2015-12-04,16.482979
2015-12-07,16.384597
2015-12-08,16.415107
2015-12-09,16.255137
2015-12-10,16.381906
2015-12-11,16.120624
2015-12-14,16.218853
2015-12-15,16.429717
2015-12-16,16.64916
2015-12-17,16.467757
2015-12-18,16.220886
2015-12-21,16.379189
2015-12-22,16.491485
2015-12-23,16.668729
2015-12-24,16.685929
2015-12-28,16.61074
2015-12-29,16.814033
2015-12-30,16.735943
2015-12-31,16.586348
2016-01-01,16.114839833874687
2016-01-04,15.788572305616098
2016-01-05,15.89045887210206
2016-01-06,15.752084529529768
2016-01-07,15.42250506310206
2016-01-08,15.209115123575842
2016-01-11,15.052322495420755
2016-01-12,15.224664041301562
2016-01-13,14.77218393727522
2016-01-14,15.145540774155046
2016-01-15,15.015650971912107
2016-01-18,15.044040185204333
2016-01-19,14.947719803749935
2016-01-20,14.972715775294311
2016-01-21,14.934745031451495
2016-01-22,15.156359970225791
2016-01-25,15.040832823254108
2016-01-26,15.157968386319537
2016-01-27,14.899632727069672
2016-01-28,14.513428222550443
2016-01-29,14.57289943104242
2016-02-01,14.58347273698771
2016-02-02,14.364114080170292
2016-02-03,14.496246592565914
2016-02-04,14.388257946489036
2016-02-05,14.08735218899606
2016-02-08,13.913440074957949
2016-02-09,14.041861421865084
2016-02-10,14.130116675124498
2016-02-11,13.89555486075491
2016-02-12,14.068258144196792
2016-02-15,14.06265821779023
2016-02-16,14.302523327769991
2016-02-17,14.447403025807844
2016-02-18,14.38161616327247
2016-02-19,14.388977129310806
2016-02-22,14.572618508781517
2016-02-23,14.47518415416796
2016-02-24,14.548303055493388
2016-02-25,14.703077225481875
2016-02-26,14.628422513430596
2016-02-29,14.375035203453296
2016-03-01,14.658542485121249
2016-03-02,14.725336955028778
2016-03-03,14.697729144663631
2016-03-04,14.688272377576007
2016-03-07,14.818120338771848
2016-03-08,14.651744444892383
2016-03-09,14.701765855206297
2016-03-10,14.727518279870628
2016-03-11,15.018416688593115
2016-03-14,14.559090151367307
2016-03-15,14.73705797956882
2016-03-16,14.717357058637392
2016-03-17,14.602835621022551
2016-03-18,14.77457930055632
2016-03-21,14.850201524318395
2016-03-22,14.995333929966838
2016-03-23,14.871040816586095
2016-03-24,14.858285027378416
2016-03-25,14.889755616581274
2016-03-28,14.85928155081348
2016-03-29,15.018476834167677
2016-03-30,14.998095381991403
2016-03-31,14.9958484871083
2016-04-01,15.191978679324867
2016-04-04,15.325316385329137
2016-04-05,15.306669186299256
2016-04-06,15.61189222356311
2016-04-07,15.481978666338144
2016-04-08,15.420206134406174
2016-04-11,15.32647775025063
2016-04-12,15.469403595919555
2016-04-13,15.595262478233051
2016-04-14,15.637417265518998
2016-04-15,15.63983283573006
2016-04-18,15.281312906806605
2016-04-19,15.766632178686873
2016-04-20,15.82359216213946
2016-04-21,15.864758943628557
2016-04-22,15.898844655562444
2016-04-25,15.788998517818436
2016-04-26,15.74610567535547
2016-05-06,15.101904713159737
2016-05-11,15.211741247106287
2016-05-12,15.124736671266874
2016-05-13,15.111258316243877
2016-05-16,15.240714791930955
2016-05-17,15.14004105070911
2016-05-18,15.19935411689482
2016-05-19,15.070884600647164
2016-05-20,15.183387422819424
2016-05-23,15.132251683414491
2016-05-24,15.373716011801264
2016-05-25,15.466101702969649
2016-05-26,15.424219672054344
2016-05-27,15.506211727950678
2016-05-30,15.521453784386
2016-05-31,15.562177464182165
2016-06-01,15.5808150341877
2016-06-02,15.755410062440529
2016-06-03,15.715500211485969
2016-06-06,15.806164189949511
2016-06-07,15.693240438981176
2016-06-08,15.73080606173291
2016-06-09,15.707583605073824
2016-06-10,15.606713748458246
2016-06-13,15.498088531117178
2016-06-14,15.51916950168
2016-06-15,15.43974021246291
2016-06-16,15.514736223759746
2016-06-17,15.3406836758967
2016-06-20,15.426517927842191
2016-06-21,15.378111493764475
2016-06-22,15.468248094361671
2016-06-23,15.659319486353796
2016-06-24,15.241682957131731
2016-06-27,15.04291857508249
2016-06-28,15.369191562658504
2016-06-29,15.678848546733663
2016-06-30,15.786714675818812
2016-07-01,15.913624976237918
2016-07-04,15.916109467285402
2016-07-05,15.902188758053676
2016-07-06,16.06072080805073
2016-07-07,16.04499692328849
2016-07-08,16.238157232702747
2016-07-11,16.22847590521928
2016-07-12,16.3172136677075
2016-07-13,16.307767877045524
2016-07-14,16.3453844924424
2016-07-15,16.363754536864928
2016-07-18,16.36748943824312
2016-07-19,16.266706642318532
2016-07-20,16.34179906532362
2016-07-21,16.36060357649313
2016-07-22,16.373457906684386
2016-07-25,16.378475671923507
2016-07-26,16.30366027069153
2016-07-27,16.267690633701942
2016-07-28,16.27342738571801
2016-07-29,16.292772741132303
2016-08-01,16.385788548731217
2016-08-02,16.271791543830613
2016-08-03,16.224131906813614
2016-08-04,16.156406789995522
2016-08-05,16.232204299706066
2016-08-08,16.10710416793344
2016-08-09,16.161617950520338
2016-08-10,15.988755105824362
2016-08-11,16.155983300977798
2016-08-12,16.139257848674728
2016-08-15,16.124601687069852
2016-08-16,15.987750994293942
2016-08-17,16.025238641653722
2016-08-18,16.008396942821566
2016-08-19,15.988958622098554
2016-08-22,15.990160759938451
2016-08-23,16.03409376104029
2016-08-24,15.798196178064874
2016-08-25,15.683364858342609
2016-08-26,15.730187620357636
2016-08-29,15.754407837162994
2016-08-30,15.73327832544829
2016-08-31,15.700300771182375
2016-09-01,15.622866517592534
2016-09-02,15.660271479857116
2016-09-05,15.522424569930166
2016-09-06,15.615696569204871
2016-09-07,15.621918970205082
2016-09-08,15.622216831277534
2016-09-09,15.347126644137065
2016-09-12,15.549680913797998
2016-09-13,15.311324050813894
2016-09-14,15.242261490596912
2016-09-15,15.67813943500395
2016-09-16,15.68743829469125
2016-09-19,15.617813731414453
2016-09-20,15.73285667635691
2016-09-21,15.860803745831284
2016-09-22,15.961817833493727
2016-09-23,15.956451583784908
2016-09-26,15.771370857121637
2016-09-27,15.839841798413271
2016-09-28,15.874125259095878
2016-09-29,15.601149272475718
2016-09-30,15.762078618802672
2016-10-03,15.709736996429736
2016-10-04,15.695412870798984
2016-10-05,15.756244449275654
2016-10-06,15.676234334555735
2016-10-07,15.6878489011153
2016-10-10,15.736652123983694
2016-10-11,15.381202401330286
2016-10-12,15.308664129782212
2016-10-13,15.295514008679174
2016-10-14,15.217281066101249
2016-10-17,15.18573128257661
2016-10-18,15.262196173594708
2016-10-19,15.210998516686084
2016-10-20,15.277510641153604
2016-10-21,15.160522648022743
2016-10-24,15.143568766536
2016-10-25,15.084389310548636
2016-10-26,14.972441471906215
2016-10-27,14.93603051184521
2016-10-28,14.493291678914234
2016-10-31,14.492928454130062
2016-11-01,14.41716768077754
2016-11-02,14.493485520232392
2016-11-03,14.33103074368825
2016-11-04,14.453519007164903
2016-11-07,14.793542644128218
2016-11-08,14.78805359851259
2016-11-09,15.282311756666786
2016-11-10,15.45138758801089
2016-11-11,15.221742648759156
2016-11-14,15.172458899464653
2016-11-15,15.192707049282893
2016-11-16,15.126938486026202
2016-11-17,15.166508651106286
2016-11-18,15.007235360112812
2016-11-21,15.051030898208202
2016-11-22,14.822197169741496
2016-11-23,14.926699872047507
2016-11-25,14.960614106314216
2016-11-29,14.92967834265512
2016-11-30,14.782301432307904
2016-12-01,14.643595714510942
2016-12-02,14.68934884498
2016-12-05,14.688290869840952
2016-12-06,14.705798629653865
2016-12-07,14.59888920073268
2016-12-08,14.619513124765144
2016-12-09,14.833657767939073
2016-12-12,14.972630455368703
2016-12-13,15.080870363569348
2016-12-14,15.012560692306335
2016-12-15,15.09522038552153
2016-12-16,15.118615057450947
2016-12-19,15.088059401084022
2016-12-20,15.0455924753635
2016-12-21,14.951844481641904
2016-12-22,14.948799382112778
2016-12-23,15.057839765046054
2016-12-26,15.062153450942075
2016-12-27,15.077216124871285
2016-12-28,14.962348156270275
2016-12-29,14.974016150584518
2016-12-30,14.928521293352286
2017-01-02,14.92573762431562
2017-01-03,15.142935853989176
2017-01-04,15.245019013913907
2017-01-05,15.314020051328804
2017-01-06,15.365070331596558
2017-01-09,15.450192845571111
2017-01-10,15.460983371908677
2017-01-11,15.334922520878845
2017-01-12,15.360246304432758
2017-01-13,15.380264209701773
2017-01-16,15.38680136137062
2017-01-17,15.27887994037568
2017-01-18,15.273692806591171
2017-01-19,15.177962214056352
2017-01-20,15.151560586164468
2017-01-23,15.093060854138466
2017-01-24,14.927336492542937
2017-01-25,15.080757891470816
2017-01-26,14.974645267634829
2017-01-27,15.03630210618162
2017-01-30,14.956609888415011
2017-01-31,15.088110842875514
2017-02-01,15.11291740636124
2017-02-02,15.128002743191391
2017-02-03,15.250252358592542
2017-02-06,15.230569561736312
2017-02-07,15.321363753371177
2017-02-08,15.424615611224928
2017-02-09,15.487282234315863
2017-02-10,15.59162037639347
2017-02-13,15.691964568065762
2017-02-14,15.783380245314529
2017-02-15,15.988904846925744
2017-02-16,15.95602157658236
2017-02-17,15.946427067091827
2017-02-20,15.955369467201503
2017-02-21,16.018242287796554
2017-02-22,15.987321230670569
2017-02-23,16.13903796672721
2017-02-24,16.233211159483087
2017-02-27,16.4334577987547
2017-02-28,16.442923365561093
2017-03-01,16.60678959723037
2017-03-02,16.57602562317849
2017-03-03,16.700489923685538
2017-03-06,16.648004016404258
2017-03-07,16.551625264591028
2017-03-08,16.615446402762064
2017-03-09,16.701376298995594
2017-03-10,16.78229090824798
2017-03-13,16.76382693412278
2017-03-14,16.71486819038386
2017-03-15,16.9294711781518
2017-03-16,16.8077918003782
2017-03-17,16.69367967731835
2017-03-20,16.684210643619362
2017-03-21,16.568148607019477
2017-03-22,16.57421111326136
2017-03-23,16.51211037327946
2017-03-24,16.486521132466184
2017-03-27,16.56185569134735
2017-03-28,16.566055690997032
2017-03-29,16.558346686847155
2017-03-30,16.58256561611844
2017-03-31,16.531134996427674
2017-04-03,16.42180492904967
2017-04-04,16.417504179932305
2017-04-05,16.364658275317755
2017-04-06,16.387258719779584
2017-04-07,16.405129135173272
2017-04-10,16.381679304424367
2017-04-11,16.34137371196951
2017-04-12,16.36748737507551
2017-04-13,16.264886567431432
2017-04-14,16.306451805362766
2017-04-17,16.373176445102427
2017-04-18,16.150350348571294
2017-04-19,16.16152083395842
2017-04-20,16.249159711068113
2017-04-21,16.17048859128094
2017-04-24,16.297787084947284
2017-04-25,16.397768614192618
2017-04-26,16.48533697895778
2017-04-27,16.44927219069723
2017-04-28,16.429184614494794
2017-05-01,16.448366558277996
2017-05-02,16.5117893375513
2017-05-03,16.46677805060384
2017-05-04,16.554784396179755
2017-05-05,16.5456276626466
2017-05-08,16.468119659499482
2017-05-09,16.468544616923044
2017-05-10,16.431831803615726
2017-05-11,16.43308167234548
2017-05-12,16.412427079763987
2017-05-15,16.54065144233515
2017-05-16,16.478008392916376
2017-05-17,16.279365597500554
2017-05-18,16.355121777344486
2017-05-19,16.419717979356165
2017-05-22,16.43948471892702
2017-05-23,16.512484779219182
2017-05-24,16.54977051684251
2017-05-25,16.609418208199763
2017-05-26,16.569997352247366
2017-05-29,16.47081006804529
2017-05-30,16.54627816193345
2017-05-31,16.631512252838583
2017-06-01,16.81446920033346
2017-06-02,16.909257789065514
2017-06-05,16.852769926778453
2017-06-06,16.692747676661895
2017-06-07,16.83885373301966
2017-06-08,16.796210883855416
2017-06-09,16.897797582955107
2017-06-12,16.870383592769763
2017-06-13,16.892777151691114
2017-06-14,16.947836117391304
2017-06-15,16.930999668715582
2017-06-16,16.945616924209006
2017-06-19,17.16379199094441
2017-06-20,17.224079772167904
2017-06-21,17.404725234324587
2017-06-22,17.592870988306302
2017-06-23,17.572758634177926
2017-06-26,17.538739390224205
2017-06-27,17.39297480198595
2017-06-28,17.467852818166755
2017-06-29,17.32410051970938
2017-06-30,17.30956635695287
2017-07-03,17.32577459136559
2017-07-04,17.318284591337953
2017-07-05,17.415250624509678
2017-07-06,17.191105266799998
2017-07-07,17.290869752006802
2017-07-10,17.235507268143362
2017-07-11,17.214632391190097
2017-07-12,17.31363007433087
2017-07-13,17.32464653584194
2017-07-14,17.436887149560167
2017-07-17,17.35442214449058
2017-07-18,17.279438833713396
2017-07-19,17.40291939168355
2017-07-20,17.475978868444987
2017-07-21,17.43744176470301
2017-07-24,17.415856331550486
2017-07-25,17.22043382035346
2017-07-26,17.164164405148718
2017-07-27,17.016413911926737
2017-07-28,17.048470658215386
2017-07-31,17.030229967199507
2017-08-01,16.93894319549978
2017-08-02,16.918459425301716
2017-08-03,16.92422053206762
2017-08-04,16.910351233749267
2017-08-07,16.933842800261147
2017-08-08,16.847803455289675
2017-08-09,16.88353918762065
2017-08-10,16.691465893285486
2017-08-11,16.739779651265437
2017-08-14,16.84659539649173
2017-08-15,16.839707152298757
2017-08-16,16.892018550057703
2017-08-17,16.684684721651898
2017-08-18,16.597725989607028
2017-08-21,16.69285367706892
2017-08-22,16.873003658573467
2017-08-23,16.770065689230623
2017-08-24,16.81685497546047
2017-08-25,16.797824695057415
2017-08-28,16.89828276948129
2017-08-29,16.931045060175222
2017-08-30,17.03153880900846
2017-08-31,17.32522688027367
2017-09-01,17.30604930565942
2017-09-04,17.29615888895986
2017-09-05,17.222334392644807
2017-09-06,17.307533003654306
2017-09-07,17.50219089990009
2017-09-08,17.56888351555488
2017-09-11,17.721603186408338
2017-09-12,17.763336580833677
2017-09-13,17.698668119568076
2017-09-14,17.72226629011841
2017-09-15,17.666530675000203
2017-09-18,17.676213195897898
2017-09-19,17.553055553340272
2017-09-20,17.585079669707113
2017-09-21,17.4958304897982
2017-09-22,17.508855702198435
2017-09-25,17.423167597503152
2017-09-26,17.39552792197254
2017-09-27,17.383275212510302
2017-09-28,17.409592924182512
2017-09-29,17.498381461176002
2017-10-02,17.66671893249117
2017-10-03,17.653833925756636
2017-10-04,17.7409836441182
2017-10-05,17.780854606206358
2017-10-06,17.783142741818008
2017-10-09,17.681275833931213
2017-10-10,17.7323612270246
2017-10-11,17.7891517354618
2017-10-12,17.766631304428845
2017-10-13,17.713071482002043
2017-10-16,17.67221869208388
2017-10-17,17.809877607397848
2017-10-18,17.85068366167849
2017-10-19,17.96827384682617
2017-10-20,18.04330699403913
2017-10-23,17.98986171381404
2017-10-24,17.83071546445754
2017-10-25,17.750715030282727
2017-10-26,17.615896808225983
2017-10-27,17.605023047001097
2017-10-30,17.377458838174093
2017-10-31,17.31408612033938
2017-11-01,17.356881135327264
2017-11-02,17.292666821279237
2017-11-03,17.419393485739725
2017-11-06,17.330256462102334
2017-11-07,17.385298727498707
2017-11-08,17.43494588774537
2017-11-09,17.417211280453238
2017-11-10,17.27723368695301
2017-11-13,17.304830590208596
2017-11-14,17.24569497068711
2017-11-15,17.18786717349102
2017-11-16,17.35352019820235
2017-11-17,17.28526801374665
2017-11-20,17.2179249372672
2017-11-21,17.346487058671197
2017-11-22,17.294456716424982
2017-11-24,17.371796807022612
2017-11-27,17.415188258659263
2017-11-28,17.545349085090816
2017-11-29,17.62632726946296
2017-11-30,17.793128945528373
2017-12-01,17.759838355704794
2017-12-04,17.50296840280467
2017-12-05,17.46765439154737
2017-12-06,17.435308472938626
2017-12-07,17.446254422141102
2017-12-08,17.60736132809099
2017-12-11,17.672127378218423
2017-12-12,17.753555021491845
2017-12-13,17.82799800825712
2017-12-14,17.61841651239754
2017-12-15,17.81589034529548
2017-12-18,17.817057736867078
2017-12-19,17.805915672182362
2017-12-20,17.764494982219873
2017-12-21,17.70612205193291
2017-12-22,17.65598056295358
2017-12-25,17.48943376906347
2017-12-26,17.65991207473026
2017-12-27,17.70825249898182
2017-12-28,17.712064805456496
2017-12-29,17.58201896352002
2018-01-01,17.569573988422068
2018-01-02,17.79195296568739
2018-01-03,17.959381700719312
2018-01-04,17.9838068219402
2018-01-05,18.159739768646062
2018-01-08,18.08804232066366
2018-01-09,18.278266354002213
2018-01-10,18.249266325084253
2018-01-11,18.29530868879067
2018-01-12,18.3975489862193
2018-01-15,18.39257681620097
2018-01-16,18.34161610871169
2018-01-17,18.523834001072743
2018-01-18,18.459091498495248
2018-01-19,18.522900596044558
2018-01-22,18.61348626071699
2018-01-23,18.434215338106764
2018-01-24,18.454459081089315
2018-01-25,18.49658957056356
2018-01-26,18.80388502270824
2018-01-29,18.579696332399
2018-01-30,18.076043836578645
2018-01-31,17.697611900568393
2018-02-01,17.659302952659647
2018-02-02,17.36128441221664
2018-02-05,16.540772165805816
2018-02-06,16.65201574465567
2018-02-07,16.674671030267625
2018-02-08,16.05003425650354
2018-02-09,16.308211293277555
2018-02-12,16.460816931767344
2018-02-13,16.46964805769614
2018-02-14,16.622062780212996
2018-02-15,16.828458553116757
2018-02-16,16.961483156893504
2018-02-19,16.96146578236371
2018-02-20,16.758145044737375
2018-02-21,16.684478606174594
2018-02-22,16.666835566135635
2018-02-23,16.927483407195787
2018-02-26,17.1350673793903
2018-02-27,16.95665402863229
2018-02-28,16.70730939308326
2018-03-01,16.432314717687518
2018-03-02,16.60653770084778
2018-03-05,16.750572791757403
2018-03-06,16.71455286550239
2018-03-07,16.800253749322607
2018-03-08,16.93808692887442
2018-03-09,17.17948904291493
2018-03-12,17.104301167415596
2018-03-13,17.148002880920984
2018-03-14,17.026982418522795
2018-03-15,17.01237301831574
2018-03-16,17.02309526113224
2018-03-19,16.86587813688368
2018-03-20,16.90326442612127
2018-03-21,16.82829687590148
2018-03-22,16.314599065717772
2018-03-23,15.965545896925876
2018-03-26,16.295026632964447
2018-03-27,16.111175339231895
2018-03-28,16.166059805747736
2018-03-29,16.239037945513353
2018-03-30,16.250261767903858
2018-04-02,15.924931109199695
2018-04-03,16.181632149969015
2018-04-04,16.406434549855064
2018-04-05,16.399119501050635
2018-04-06,15.977508884217142
2018-04-09,16.136685588875057
2018-04-10,16.413835225395708
2018-04-11,16.268893514602137
2018-04-12,16.35412597166253
2018-04-13,16.352804417887395
2018-04-16,16.47474053751798
2018-04-17,16.54317857143217
2018-04-18,16.50891519371348
2018-04-19,16.378800347230303
2018-04-20,16.278565744932443
2018-04-23,16.328554121462172
2018-04-24,16.165773511067314
2018-04-25,16.21248169981737
2018-04-26,16.28983785984455
2018-04-27,16.35766465296155
2018-04-30,16.120344776554795
2018-05-01,15.868237521612226
2018-05-02,15.605971783517829
2018-05-03,15.443442867652244
2018-05-04,15.614663616216223
2018-05-07,15.606453147069145
2018-05-08,15.492783748663967
2018-05-09,15.586723441579114
2018-05-10,15.770291980653887
2018-05-11,15.955705860989074
2018-05-14,16.055490757548007
2018-05-15,15.849592899204511
2018-05-16,15.932685410400024
2018-05-17,15.919327980816972
2018-05-18,15.98435396817373
2018-05-21,16.027469697269574
2018-05-22,15.96938545043144
2018-05-23,16.02014620882698
2018-05-24,15.942619419885844
2018-05-25,15.911634194776136
2018-05-28,15.911601809307273
2018-05-29,15.749107268804366
2018-05-30,15.977978679853049
2018-05-31,15.806751481261882
2018-06-01,15.9916104843086
2018-06-04,16.070392147948173
2018-06-05,16.040246808392677
2018-06-06,16.218123317542048
2018-06-07,16.18698833693043
2018-06-08,16.293363735081115
2018-06-11,16.3008540106565
2018-06-12,16.30139732739182
2018-06-13,16.281178814765163
2018-06-14,16.355893577798682
2018-06-15,16.40375543781135
2018-06-18,16.260024247783974
2018-06-19,16.288804938478254
2018-06-20,16.31398393372623
2018-06-21,16.231702293327377
2018-06-22,16.30696679063832
2018-06-25,16.16017961395571
2018-06-26,16.118740878868717
2018-06-27,15.969486896571333
2018-06-28,16.013361036858033
2018-06-29,16.036531405851896
2018-07-02,16.087539673048354
2018-07-03,16.118761669410205
2018-07-05,16.28629936610345
2018-07-06,16.527244167187476
2018-07-09,16.62809848379261
2018-07-10,16.70803458959696
2018-07-11,16.575785708925572
2018-07-12,16.750350158064137
2018-07-13,16.792461515103966
2018-07-16,16.669237473029373
2018-07-17,16.69774407691249
2018-07-18,16.688948186001515
2018-07-19,16.590881586370916
2018-07-20,16.554157205384605
2018-07-23,16.581434162371416
2018-07-24,16.646477688552114
2018-07-25,16.776294329047474
2018-07-26,16.68040777681727
2018-07-30,16.475396177044757
2018-08-01,16.592413343324974
2018-08-02,16.60854272738086
2018-08-03,16.709953058432184
2018-08-06,16.72906845317007
2018-08-07,16.749015834533463
2018-08-08,16.845558529595017
2018-08-09,16.82615108339359
2018-08-10,16.753838274508023
2018-08-13,16.756166641157023
2018-08-14,16.815398534541256
2018-08-15,16.805437344743748
2018-08-16,16.960886493413877
2018-08-17,17.030346388110186
2018-08-20,17.069639570421213
2018-08-21,17.053139702042348
2018-08-22,17.08134493950294
2018-08-23,17.075980614086756
2018-08-24,17.15716553599703
2018-08-27,17.20974090419221
2018-08-28,17.219187860160353
2018-08-29,17.321578233663566
2018-08-30,17.298982423034932
2018-08-31,17.326498602904476
2018-09-04,17.20960827353888
2018-09-05,17.251365433715545
2018-09-06,17.25902523907856
2018-09-07,17.285101665957754
2018-09-10,17.238631492047638
2018-09-11,17.24213559914373
2018-09-12,17.332873794818212
2018-09-13,17.530114766554224
2018-09-14,17.46856626768282
2018-09-17,17.39985575102008
2018-09-18,17.485569834301295
2018-09-19,17.46168849116982
2018-09-20,17.62500971155286
2018-09-21,17.669907274862286
2018-09-24,17.714643710915258
2018-09-25,17.662047744619887
2018-09-26,17.68673509673545
2018-09-27,17.756599216759152
2018-09-28,17.812191073666305
2018-10-01,17.91344634336453
2018-10-02,17.892555018485556
2018-10-03,17.825060645592863
2018-10-04,17.661637130126703
2018-10-05,17.652457001041924
2018-10-08,17.66075316392469
2018-10-09,17.66265786005823
2018-10-10,17.23607560383334
2018-10-11,16.77327025763357
2018-10-12,17.021063503221125
2018-10-15,16.824273900274658
2018-10-16,17.28174771407748
2018-10-17,17.34945746448776
2018-10-18,17.134668655980565
2018-10-19,16.96043061295648
2018-10-22,16.823265332175872
2018-10-23,16.695062093534204
2018-10-24,16.136465754223902
2018-10-25,16.273438897866193
2018-10-26,16.09159145672071
2018-10-29,16.136250214766445
2018-10-30,16.303813043063094
2018-10-31,16.34170568348841
2018-11-01,16.517329616983698
2018-11-02,16.406719258813364
2018-11-05,16.54432466156879
2018-11-06,16.568636621318156
2018-11-07,17.070365365956043
2018-11-08,17.078602752201707
2018-11-09,17.043242243108534
2018-11-12,16.823476457340274
2018-11-13,16.715290185348945
2018-11-14,16.586558994354508
2018-11-15,16.744994922671502
2018-11-16,16.922928057764732
2018-11-19,16.711733501109407
2018-11-20,16.54312759568819
2018-11-21,16.412650833346476
2018-11-23,16.4573132247527
2018-11-26,16.59738844436238
2018-11-27,16.77616901009662
2018-11-28,17.15998483314359
2018-11-29,17.15332792425935
2018-11-30,17.352545442864933
2018-12-03,17.417068761142733
2018-12-04,17.050820719770467
2018-12-06,16.9655513280683
2018-12-07,16.550626501783377
2018-12-10,16.60960139221115
2018-12-11,16.663107604306923
2018-12-12,16.797128569765846
2018-12-13,16.82645894792787
2018-12-14,16.23806741291723
2018-12-17,15.881977586122863
2018-12-18,15.774140435176507
2018-12-19,15.56585308118632
2018-12-20,15.40586079383486
2018-12-21,15.034161155623703
2018-12-24,14.679498808554774
2018-12-26,15.343321013854595
2018-12-27,15.515276200320445
2018-12-28,15.530571845396588
2018-12-31,15.742816599275091
2019-01-02,15.512258360852504
2019-01-03,15.118189200257714
2019-01-04,15.553727239674728
2019-01-07,15.605829256554376
2019-01-08,15.770642708171998
2019-01-09,15.838050308380064
2019-01-10,15.879213969073094
2019-01-11,15.940772911666327
2019-01-14,15.746123239500529
2019-01-15,15.98293698593959
2019-01-16,15.963747355988293
2019-01-17,16.107357141803217
2019-01-18,16.30536037536694
2019-01-22,16.21437180632511
2019-01-23,16.201191733874463
2019-01-24,16.031643374207917
2019-01-25,16.009719994605394
2019-01-28,15.8224311070068
2019-01-29,15.872747279709296
2019-01-30,16.120586122465774
2019-01-31,16.293935845414186
2019-02-01,16.262134754329768
2019-02-04,16.22747095206211
2019-02-05,16.221244476668282
2019-02-06,16.246519304636394
2019-02-07,16.074632023171578
2019-02-08,16.10817809770558
2019-02-11,16.072637885227987
2019-02-12,16.29037830292348
2019-02-13,16.318196820259775
2019-02-14,16.346748268282713
2019-02-15,16.59271496605691
2019-02-19,16.53932718595297
2019-02-20,16.55016385259365
2019-02-21,16.44714503333246
2019-02-22,16.606666178822675
2019-02-25,16.612798797653145
2019-02-26,16.56371791636819
2019-02-27,16.490652789304352
2019-02-28,16.45995670719636
2019-03-01,16.6889507716579
2019-03-04,16.4653210024623
2019-03-05,16.45135806860024
2019-03-06,16.20765326295053
2019-03-07,16.067663811863852
2019-03-08,16.025732605787837
2019-03-11,16.230029021833865
2019-03-12,16.33403419763876
2019-03-13,16.51167279637501
2019-03-14,16.462902163856743
2019-03-15,16.54104976954798
2019-03-18,16.539824445641194
2019-03-19,16.666262127231775
2019-03-20,16.551902134811062
2019-03-21,16.599398432583733
2019-03-22,16.305369748013263
2019-03-25,16.292335152654058
2019-03-26,16.404148869802263
2019-03-27,16.26481577988855
2019-03-28,16.313226839182985
2019-03-29,16.489682514594687
2019-04-01,16.51839873150131
2019-04-02,16.476848472452293
2019-04-03,16.45541464851013
2019-04-04,16.404389604339947
2019-04-05,16.521076523549617
2019-04-08,16.515638462467845
2019-04-09,16.449679936636127
2019-04-10,16.4705048995958
2019-04-11,16.271402885420517
2019-04-12,16.10167650873789
2019-04-15,16.116669339034903
2019-04-16,15.736653237296906
2019-04-17,15.270359897453472
2019-04-18,15.268137721948497
2019-04-22,15.268601148241352
2019-04-23,15.493701773570216
2019-04-24,15.4070485209047
2019-04-25,15.556348255248576
2019-04-26,15.69525995697876
2019-04-29,15.648955413926483
2019-04-30,15.683120299115412
2019-05-01,15.62989197426644
2019-05-02,15.699429918764055
2019-05-03,15.796923742819882
2019-05-06,15.897237547120064
2019-05-07,15.601733551439327
2019-05-08,15.624989615138928
2019-05-09,15.590833662045483
2019-05-10,15.58803638082786
2019-05-13,15.329221943063216
2019-05-14,15.385589515760095
2019-05-15,15.426759172532186
2019-05-16,15.542301013937127
2019-05-17,15.514599728243168
2019-05-20,15.519952979026158
2019-05-21,15.652460104340935
2019-05-22,15.753363840310712
2019-05-23,15.688429804533444
2019-05-24,15.709768131953531
2019-05-28,15.485567183989424
2019-05-29,15.33379686039046
2019-05-30,15.396474968268372
2019-05-31,15.30471684994092
2019-06-03,15.350843587117136
2019-06-04,15.603666297012715
2019-06-05,15.715042134839292
2019-06-06,15.771696681321911
2019-06-07,15.97991472826339
2019-06-10,16.0363783726244
2019-06-11,16.00167576630606
2019-06-12,16.08577183702906
2019-06-13,16.09152283433695
2019-06-14,16.034849332101064
2019-06-17,16.10395218182812
2019-06-18,16.23227961593241
2019-06-19,16.379278280488197
2019-06-20,16.433841358740853
2019-06-21,16.50167461725026
2019-06-24,16.449433613651976
2019-06-25,16.33182442761469
2019-06-26,16.11497225888752
2019-06-27,16.21587942289334
2019-06-28,16.267177343063906
2019-07-01,16.357470524394014
2019-07-02,16.42470571914492
2019-07-03,16.577801001195034
2019-07-05,16.461055502525817
2019-07-08,16.34442629843955
2019-07-09,16.35547014161561
2019-07-10,16.420209809422392
2019-07-11,16.42147963929386
2019-07-12,16.219768980225137
2019-07-15,16.250932254575524
2019-07-16,16.212735867478866
2019-07-17,16.22528540285808
2019-07-18,16.257123052491277
2019-07-19,16.05278776312855
2019-07-22,16.02686525873122
2019-07-23,16.095531780623052
2019-07-24,16.072394989129712
2019-07-25,15.961132298471098
2019-07-26,16.00331284364301
2019-07-29,16.122671438721145
2019-07-30,16.01156467093682
2019-07-31,15.826478254258513
2019-08-01,15.835505487427778
2019-08-02,15.79667197972132
2019-08-05,15.441804002441248
2019-08-06,15.573351143795849
2019-08-07,15.596594183646568
2019-08-08,15.759820417945493
2019-08-09,15.793920184092457
2019-08-12,15.635263388634328
2019-08-13,15.83103467990772
2019-08-14,15.374785166318716
2019-08-15,15.43250685478792
2019-08-16,15.59167574301742
2019-08-19,15.752655926050602
2019-08-20,15.608673896582928
2019-08-21,15.721577842154096
2019-08-22,15.627516707055582
2019-08-23,15.270196818387518
2019-08-26,15.411305529325007
2019-08-27,15.335839251516676
2019-08-28,15.422053807445725
2019-08-29,15.543963770106886
2019-08-30,15.586671440329315
2019-09-03,15.51173673459769
2019-09-04,15.507400133565318
2019-09-05,15.65263624254243
2019-09-06,15.700038536904003
2019-09-09,15.548464470337978
2019-09-10,15.588672532305605
2019-09-11,15.750041836668592
2019-09-12,15.730843311090892
2019-09-13,15.72432081206318
2019-09-16,15.688348389801758
2019-09-17,15.711715575954006
2019-09-18,15.706198122382668
2019-09-19,15.78191261105199
2019-09-20,15.880047375654325
2019-09-23,15.812297741171442
2019-09-24,15.671215497364862
2019-09-25,15.593272008676442
2019-09-26,15.493897023415604
2019-09-27,15.423267848070232
2019-09-30,15.566910079495498
2019-10-01,15.4173367213606
2019-10-02,15.179719147918794
2019-10-03,15.265292309991183
2019-10-04,15.516277988417684
2019-10-07,15.449522074695544
2019-10-08,15.160418601998623
2019-10-09,15.2693069317488
2019-10-10,15.34319997872178
2019-10-11,15.45200447812006
2019-10-14,15.358875206247747
2019-10-15,15.637164428936565
2019-10-16,15.598702743227234
2019-10-17,15.715310616035554
2019-10-18,15.657494706246236
2019-10-21,15.629521672296637
2019-10-22,15.64234061806765
2019-10-23,15.675165964560277
2019-10-24,15.542751709835574
2019-10-25,15.585549663819846
2019-10-28,15.748808817020516
2019-10-29,15.844473435566766
2019-10-30,15.930563698909287
2019-10-31,15.848916590959984
2019-11-01,15.852401826866611
2019-11-04,15.769946898874776
2019-11-05,15.615438432285424
2019-11-06,15.697622331626878
2019-11-07,15.707060595323764
2019-11-08,15.829661458930348
2019-11-11,15.75832850718461
2019-11-12,15.854968765253078
2019-11-13,15.876862131733349
2019-11-14,15.864664002900144
2019-11-15,16.215870913130164
2019-11-18,16.171179547822245
2019-11-19,16.28177496276619
2019-11-20,16.268663016795063
2019-11-21,16.1445782128531
2019-11-22,16.205051460813475
2019-11-25,16.370451394193598
2019-11-26,16.356450262498164
2019-11-27,16.43604907241591
2019-11-29,16.376399218486448
2019-12-02,16.303135413198536
2019-12-03,16.270616796423536
2019-12-04,16.419155554316212
2019-12-05,16.43099734999823
2019-12-06,16.52772389887202
2019-12-09,16.404573764833824
2019-12-10,16.431019347391448
2019-12-11,16.45423269251894
2019-12-12,16.594241652457804
2019-12-13,16.580148177485295
2019-12-16,16.760847181109185
2019-12-17,16.734666267003846
2019-12-18,16.766262952232477
2019-12-19,16.854225281895307
2019-12-20,16.999139891003782
2019-12-23,17.034695191986685
2019-12-24,17.05126933750422
2019-12-26,17.035318365424317
2019-12-27,17.03738311498022
2019-12-30,16.934463851311442
2019-12-31,16.98486862159089
2020-01-02,17.015342911122364
2020-01-03,16.868435634787236
2020-01-06,16.968273675277434
2020-01-07,16.913123079096263
2020-01-08,17.02377005910589
2020-01-09,17.107088111862303
2020-01-10,17.11825149983125
2020-01-13,17.023607978864245
2020-01-14,17.119253356894585
2020-01-15,17.232311607681815
2020-01-16,17.32231977400822
2020-01-17,17.33161946240729
2020-01-21,17.336714254420936
2020-01-22,17.286195186951137
2020-01-23,17.19908300148513
2020-01-24,16.910661686285575
2020-01-27,16.76992123004331
2020-01-28,16.891224595342102
2020-01-29,16.775644540839128
2020-01-30,16.556427552138842
2020-01-31,16.212030476082887
2020-02-03,16.343355266489773
2020-02-04,16.608497704639205
2020-02-05,16.922215431460994
2020-02-06,16.838465170166046
2020-02-07,16.65807623341834
2020-02-10,16.70217229379621
2020-02-11,16.80185799791362
2020-02-12,16.809324112690874
2020-02-13,16.713605365303525
2020-02-14,16.735444661751977
2020-02-18,16.664250127148733
2020-02-19,16.742449636393967
2020-02-20,16.634993618551707
2020-02-21,16.63421393142111
2020-02-24,16.091231319895694
2020-02-25,15.61165567462366
2020-02-26,15.594510677936446
2020-02-27,15.070964312337486
2020-02-28,14.851123971483643
2020-03-02,15.580659121383254
2020-03-03,15.177363985407606
2020-03-04,16.079478400515413
2020-03-05,15.700355458191272
2020-03-06,15.69675230689536
2020-03-09,14.876125855856229
2020-03-10,15.40064462841647
2020-03-11,14.793731266125976
2020-03-12,13.693995468675372
2020-03-13,14.658004488700165
2020-03-16,13.180012924890931
2020-03-17,14.010448251531528
2020-03-18,13.53114830022347
2020-03-19,13.270612597802112
2020-03-20,12.723765176141436
2020-03-23,12.090632930280345
2020-03-24,13.080455519702232
2020-03-25,13.260169727651292
2020-03-26,14.205343948884664
2020-03-27,13.944425810579643
2020-03-30,14.631934697856828
2020-03-31,14.57347469127897
2020-04-01,14.071131425951908
2020-04-02,14.508800919561722
2020-04-03,14.506109998767323
2020-04-06,15.348721312745663
2020-04-07,15.20884730625444
2020-04-08,15.858662930124726
2020-04-09,16.04211284433272
2020-04-13,16.01687922040236
2020-04-14,16.513536710209344
2020-04-15,16.520647151112957
2020-04-16,16.9053142586488
2020-04-17,17.274495136367648
2020-04-20,17.17093794692702
2020-04-21,16.702723666978237
2020-04-22,17.07087097096898
2020-04-23,17.141164850282205
2020-04-24,17.38146218716157
2020-04-27,17.599976465368698
2020-04-28,17.25978130544384
2020-04-29,17.43481722644428
2020-04-30,17.341624576130577
2020-05-01,16.991460307862525
2020-05-04,17.001911093531263
2020-05-05,17.307221638006904
2020-05-06,17.144543084248195
2020-05-07,17.07575371754123
2020-05-08,17.179956243054686
2020-05-11,17.237253490555556
2020-05-12,17.15286772429794
2020-05-13,16.96930901067579
2020-05-14,17.217380751845646
2020-05-15,17.357749358509675
2020-05-18,17.50958400098663
2020-05-19,17.289772717054515
2020-05-20,17.310532077230597
2020-05-21,17.154508771970168
2020-05-22,17.273193068636203
2020-05-26,17.258546725072286
2020-05-27,17.436873385353934
2020-05-28,17.64505414882642
2020-05-29,17.88115101339478
2020-06-01,17.70159000751708
2020-06-02,17.812603635798837
2020-06-03,17.769389821328403
2020-06-04,17.615699638617482
2020-06-05,17.911983471029057
2020-06-08,18.017593688038684
2020-06-09,17.813947258518077
2020-06-10,17.78989887497762
2020-06-11,16.79099816980496
2020-06-12,16.896256940037325
2020-06-15,16.91722744980977
2020-06-16,17.33077703893821
2020-06-17,17.306670537903152
2020-06-18,17.254213037011716
2020-06-19,17.39932855546738
2020-06-22,17.422946045749676
2020-06-23,17.518610744896396
2020-06-24,17.056922966160347
2020-06-25,17.22776771934307
2020-06-26,17.015836173410758
2020-06-29,17.161887369761768
2020-06-30,17.45835199319794
2020-07-01,17.581018919643597
2020-07-02,17.673778777224037
2020-07-06,17.85981890343967
2020-07-07,17.703733991557296
2020-07-08,17.694449327025765
2020-07-09,17.546861563674618
2020-07-10,17.50444070897385
2020-07-13,17.54561536293967
2020-07-14,17.883224499629776
2020-07-15,18.2146869227137
2020-07-16,17.996762047941626
2020-07-17,18.258221231505303
2020-07-20,17.99651566995859
2020-07-21,18.182475097829823
2020-07-22,18.157809219327405
2020-07-23,17.99375502336612
2020-07-24,17.74057787461009
2020-07-27,17.84187866275621
2020-07-28,17.726639706942038
2020-07-29,17.882873948535636
2020-07-30,17.598043843968902
2020-07-31,17.22157635377527
2020-08-03,17.395168505790053
2020-08-04,17.26661511971618
2020-08-05,17.3898602225732
2020-08-06,17.20937952273713
2020-08-07,17.304043414185475
2020-08-10,17.255590532604057
2020-08-11,17.143717731835338
2020-08-12,17.431435224631215
2020-08-13,17.400745851806544
2020-08-14,17.36266101848792
2020-08-17,17.462442035338928
2020-08-18,17.457172628222924
2020-08-19,17.382934929766158
2020-08-20,17.331777911601588
2020-08-21,17.346771493791078
2020-08-24,17.249388458433575
2020-08-25,17.276929620676423
2020-08-26,17.248270296819864
2020-08-27,17.37553464429559
2020-08-28,17.404527146981945
2020-08-31,17.446000692238886
2020-09-01,17.280908375179767
2020-09-02,17.643011129652223
2020-09-03,17.14807992737043
2020-09-04,17.023065539790398
2020-09-08,16.738300484423664
2020-09-09,17.038342190852767
2020-09-10,16.773937285742647
2020-09-11,16.804580132700412
2020-09-14,17.0312848001607
2020-09-15,17.056800487502215
2020-09-16,17.01601961810856
2020-09-17,16.96484604180124
2020-09-18,16.950850623718445
2020-09-21,16.68492902518501
2020-09-22,16.64642395456866
2020-09-23,16.468619830473337
2020-09-24,16.37365557853842
2020-09-25,16.644149749591545
2020-09-28,16.779816538225376
2020-09-29,16.786315834356714
2020-09-30,17.069004761184612
2020-10-01,16.991366750739665
2020-10-02,16.83935087307783
2020-10-05,17.193076295625886
2020-10-06,16.96136666058675
2020-10-07,17.288813702096576
2020-10-08,17.365872225981366
2020-10-09,17.522631265193183
2020-10-12,17.6073463920692
2020-10-13,17.451755553743553
2020-10-14,17.200963309403015
2020-10-15,17.066511803666096
2020-10-16,17.24017484318971
2020-10-19,16.960934551618173
2020-10-20,16.975627632820913
2020-10-21,16.866575988615796
2020-10-22,17.06482074093684
2020-10-23,17.09168227685865
2020-10-26,16.884753521491525
2020-10-27,16.61921037151722
2020-10-28,16.03869970929584
2020-10-29,15.891600877790555
2020-10-30,15.831435070500458
2020-11-02,16.108898330336
2020-11-03,16.30957208844464
2020-11-04,17.06072539726321
2020-11-05,16.891262903121977
2020-11-06,16.872704517801314
2020-11-09,16.984387977629964
2020-11-10,17.150550254626243
2020-11-12,16.953453467457518
2020-11-13,17.165985790910348
2020-11-16,17.296588966119444
2020-11-17,16.817327283668547
2020-11-18,16.512954723325922
2020-11-19,16.480713699935468
2020-11-20,16.441952893411113
2020-11-23,16.41820379741115
2020-11-24,16.422045923075718
2020-11-25,16.35005871567044
2020-11-27,16.50315024589406
2020-11-30,16.554502788698432
2020-12-01,16.69441018771805
2020-12-02,16.82593851738541
2020-12-03,16.801393642551933
2020-12-04,16.93579785649721
2020-12-07,16.82989011008132
2020-12-08,16.940605843192895
2020-12-09,16.892391244180054
2020-12-10,16.85106488935698
2020-12-11,16.78329852697457
2020-12-14,16.62153551265964
2020-12-15,16.777709810521962
2020-12-16,16.695336690754576
2020-12-17,16.881584968562688
2020-12-18,16.884111630313903
2020-12-21,16.723539442694623
2020-12-22,16.667518903230906
2020-12-23,16.67439128559673
2020-12-24,16.70749932569832
2020-12-28,16.769003809776176
2020-12-29,16.84090461261246
2020-12-30,16.84015346778863
2020-12-31,17.044761984097377
2021-01-04,16.946631093216958
2021-01-05,17.06045861811369
2021-01-06,17.298016822194455
2021-01-07,17.521932513122856
2021-01-08,17.609170286315795
2021-01-11,17.70034909410318
2021-01-12,17.376824019814055
2021-01-13,17.41595386370326
2021-01-14,17.382764219841516
2021-01-15,17.383458935778215
2021-01-19,17.51194315629809
2021-01-20,17.445936123222353
2021-01-21,17.34464116727549
2021-01-22,17.305945212775296
2021-01-25,17.41015653940806
2021-01-26,17.228689298863504
2021-01-27,16.559710015258474
2021-01-28,16.807190565667785
2021-01-29,16.653112364523338
2021-02-01,16.75373317761352
2021-02-02,16.601206524929793
2021-02-03,16.370053573981927
2021-02-04,16.311551062495667
2021-02-05,16.2691099972252
2021-02-08,16.296622596183862
2021-02-09,16.304315312730893
2021-02-10,16.329222054134352
2021-02-11,16.386034339283757
2021-02-12,16.459999457703574
2021-02-16,16.28437594855255
2021-02-17,16.339876348021374
2021-02-18,16.224930891955502
2021-02-19,16.033866726690714
2021-02-22,15.992604229846222
2021-02-23,15.965598968569688
2021-02-24,16.074570442021987
2021-02-25,15.914255526372866
2021-02-26,15.784761648876993
2021-03-01,15.973488292069122
2021-03-02,15.966147938077498
2021-03-03,15.76749023313716
2021-03-04,15.5549494180861
2021-03-05,15.869335853767716
2021-03-08,15.825753256834496
2021-03-09,15.913211884993071
2021-03-10,15.948191216921623
2021-03-11,16.04883882446168
2021-03-12,16.08225524015842
2021-03-15,16.18995569396457
2021-03-16,16.177883493222264
2021-03-17,16.110335361044207
2021-03-18,16.078800999968237
2021-03-19,16.137742177125325
2021-03-22,16.305218769030553
2021-03-23,16.141443936027994
2021-03-24,16.13354554736372
2021-03-25,16.18328838690908
2021-03-26,16.505122256768328
2021-03-29,16.57240582770012
2021-03-30,16.421094676559612
2021-03-31,16.44157436281957
2021-04-01,16.403592180683273
2021-04-05,16.510715642235116
2021-04-06,16.45101335095633
2021-04-07,16.413332982681354
2021-04-08,16.427377989814754
2021-04-09,16.612502523151992
2021-04-12,16.624617486716673
2021-04-13,16.69306942531248
2021-04-14,16.665114002353132
2021-04-15,16.91984251118035
2021-04-16,17.04858955397082
2021-04-19,17.040365953092174
2021-04-20,17.089288497888948
2021-04-21,17.25880532588877
2021-04-22,17.12145623419968
2021-04-23,17.258181831545016
2021-04-26,17.189241530176457
2021-04-27,17.027382076417204
2021-04-28,16.98138592071662
2021-04-29,17.089971966705004
2021-04-30,16.959328119359814
2021-05-03,17.161023725962448
2021-05-04,17.035221636015574
2021-05-05,17.085808555212232
2021-05-06,17.05681272983882
2021-05-07,17.179299961034705
2021-05-10,17.186160947914512
2021-05-11,17.014270514224506
2021-05-12,16.840528261061767
2021-05-13,16.99620718966102
2021-05-14,17.087041112733502
2021-05-17,17.057889039887552
2021-05-18,17.059956578410997
2021-05-19,17.029455269078696
2021-05-20,17.208868474338495
2021-05-21,17.201010623693445
2021-05-24,17.201763318629624
2021-05-25,17.142947326612006
2021-05-26,17.04079117974626
2021-05-27,17.005640534127973
2021-05-28,17.062379555833417
2021-06-01,16.8130433257215
2021-06-02,16.823832873677507
2021-06-03,16.91864123034921
2021-06-04,16.96133403193755
2021-06-07,17.011342501187052
2021-06-08,16.938451274661983
2021-06-09,17.111181995042074
2021-06-10,17.40596436545559
2021-06-11,17.27734249782727
2021-06-14,17.284393224355355
2021-06-15,17.276118684810907
2021-06-16,17.211232956122785
2021-06-17,17.34028967983786
2021-06-18,17.12857976999415
2021-06-21,17.357090299183774
2021-06-22,17.392647537905138
2021-06-23,17.317084932275563
2021-06-24,17.418200591618323
2021-06-25,17.49865750391985
2021-06-28,17.53939323890825
2021-06-29,17.55231346941414
2021-06-30,17.546332248501926
2021-07-01,17.709137085108104
2021-07-02,17.8624247689748
2021-07-06,17.882930295738007
2021-07-07,17.98940046452494
2021-07-08,17.906409345005287
2021-07-09,17.97044593224576
2021-07-12,17.98805307305699
2021-07-13,17.977449702410297
2021-07-14,17.945042765945136
2021-07-15,17.85559242564389
2021-07-16,17.895169046380797
2021-07-19,17.68928537848082
2021-07-20,17.796293839371298
2021-07-21,17.539333276241607
2021-07-22,17.618769700861517
2021-07-23,17.827452129662003
2021-07-26,17.716867966946154
2021-07-27,17.757376153756915
2021-07-28,17.79592790423183
2021-07-29,17.733959812579208
2021-07-30,17.688837924167114
2021-08-02,17.71499540982259
2021-08-03,17.922172962119458
2021-08-04,17.82903000472793
2021-08-05,17.788617689783173
2021-08-06,17.499044459692286
2021-08-09,17.565067987951327
2021-08-10,17.517432653321805
2021-08-11,17.3474755250344
2021-08-12,17.482927314303186
2021-08-13,17.603637027540973
2021-08-16,17.806623325677243
2021-08-17,18.002394489500613
2021-08-18,17.735593511627147
2021-08-19,17.83252338301589
2021-08-20,17.915442120318993
2021-08-23,17.904706842262478
2021-08-24,17.84567588256597
2021-08-25,17.7172904915111
2021-08-26,17.646262509038447
2021-08-27,17.61628541486393
2021-08-30,17.76318339646361
2021-08-31,17.739623180313274
2021-09-01,17.745717643822662
2021-09-02,17.943685302250014
2021-09-03,17.963600793860504
2021-09-07,17.85819529178456
2021-09-08,17.847333297082017
2021-09-09,17.623992444151078
2021-09-10,17.45608102840577
2021-09-13,17.35131961795751
2021-09-14,17.330272483059456
2021-09-15,17.424272170715568
2021-09-16,17.376418341426653
2021-09-17,17.388810154006734
2021-09-20,17.184712221848034
2021-09-21,17.177078126367025
2021-09-22,17.178687185518907
2021-09-23,17.313212544155377
2021-09-24,17.23397824233464
2021-09-27,16.988305414124635
2021-09-28,16.69919034254109
2021-09-29,16.82919881907426
2021-09-30,16.609586476471062
2021-10-01,16.621502350159332
2021-10-04,16.358635554604113
2021-10-05,16.452453981053438
2021-10-06,16.424990351959345
2021-10-07,16.659203263858792
2021-10-08,16.57845675342974
2021-10-11,16.474211205292143
2021-10-12,16.35830188142131
2021-10-13,16.373656040489994
2021-10-14,16.546895363531274
2021-10-15,16.620872541035016
2021-10-18,16.500403939640535
2021-10-19,16.65458817955961
2021-10-20,16.858967835572805
2021-10-21,16.909606127321346
2021-10-22,16.954808595243453
2021-10-25,16.94265909013583
2021-10-26,17.02307183368439
2021-10-27,16.852402471138983
2021-10-28,16.955841853832585
2021-10-29,17.0283549119806
2021-11-01,17.00267963480715
2021-11-02,17.13725040450136
2021-11-03,17.232493731539652
2021-11-04,17.219499808474783
2021-11-05,17.131112685626036
2021-11-08,17.211570697869814
2021-11-09,17.145305640930403
2021-11-10,17.124243247902804
2021-11-11,17.104903495457986
2021-11-12,17.15699481375213
2021-11-15,17.048701531285523
2021-11-16,17.115330955942056
2021-11-17,17.139966877743028
2021-11-18,17.166821033475077
2021-11-19,17.094511945353872
2021-11-22,17.00880336851621
2021-11-23,16.985062355242967
2021-11-24,16.97938069853412
2021-11-26,16.908114834125783
2021-11-29,16.990954333747062
2021-11-30,16.663655315989057
2021-12-01,16.62302477421794
2021-12-02,16.682765734400345
2021-12-03,16.724499400804167
2021-12-06,16.80492726675655
2021-12-07,16.972385021481387
2021-12-08,17.15573324853829
2021-12-09,17.198454154389896
2021-12-10,17.019382420299323
2021-12-13,17.039323103926773
2021-12-14,16.947103736808867
2021-12-15,17.293506240033842
2021-12-16,17.39072755894966
2021-12-17,17.24982488933921
2021-12-20,17.105315545680945
2021-12-21,17.174340784734362
2021-12-22,17.374622622883074
2021-12-23,17.42422948262082
2021-12-27,17.607016322896087
2021-12-28,17.556580938582773
2021-12-29,17.65286733599344
2021-12-30,17.681655120200215
2021-12-31,17.60960617498551
2022-01-03,17.42743456100347
2022-01-04,17.191303281719353
2022-01-05,17.06981765728874
2022-01-06,16.85951115382282
2022-01-07,16.818774520083892
2022-01-10,16.969705880642806
2022-01-11,17.08316326711851
2022-01-12,17.034804517491914
2022-01-13,16.75930500766294
2022-01-14,16.617275568886203
2022-01-18,16.3329538420435
2022-01-19,16.218240380843927
2022-01-20,16.12309997275445
2022-01-21,15.99014174437668
2022-01-24,15.921109336853506
2022-01-25,15.758342604695727
2022-01-26,15.651764362336207
2022-01-27,15.6419360392727
2022-01-28,15.95989061984448
2022-01-31,16.05783798825942
2022-02-01,16.12619786307554
2022-02-02,15.941119012990784
2022-02-03,15.816176309749252
2022-02-04,15.820724678826473
2022-02-07,15.809659052863989
2022-02-08,15.9252684218188
2022-02-09,15.957363213350344
2022-02-10,15.700594176018605
2022-02-11,15.437013268504304
2022-02-14,15.40142503235998
2022-02-15,15.566141245313773
2022-02-16,15.61784205292798
2022-02-17,15.367361271471989
2022-02-18,15.243507399008257
2022-02-22,15.200119466622684
2022-02-23,15.127702816260689
2022-02-24,15.206542130177832
2022-02-25,15.65061874146866
2022-02-28,15.533304997879233
2022-03-01,15.44107064337447
2022-03-02,15.690722679499292
2022-03-03,15.740991600281935
2022-03-04,15.825209685984015
2022-03-07,15.55858073212007
2022-03-08,15.228005369260806
2022-03-09,15.509058742344616
2022-03-10,15.517982914479449
2022-03-11,15.405076441725434
2022-03-14,15.512948650590593
2022-03-15,15.814468942015582
2022-03-16,16.006322072924064
2022-03-17,16.26604440760119
2022-03-18,16.372759301005683
2022-03-21,16.364352676324646
2022-03-22,16.36587049606378
2022-03-23,16.071278658379214
2022-03-24,16.255521943487878
2022-03-25,16.34647627416459
2022-03-28,16.466381160789233
2022-03-29,16.5573550534682
2022-03-30,16.59488291870048
2022-03-31,16.39826075362087
2022-04-01,16.53088303508723
2022-04-04,16.406393202756625
2022-04-05,16.42048996325771
2022-04-06,16.66878169458815
2022-04-07,16.97988518672627
2022-04-08,17.075127686101663
2022-04-11,16.755919450644015
2022-04-12,16.630272657219493
2022-04-13,16.665673566206724
2022-04-14,16.590471634194635
2022-04-18,16.422571000827226
2022-04-19,16.573201095466924
2022-04-20,16.82902265781678
2022-04-21,16.660012607231216
2022-04-22,16.089899206877227
2022-04-25,16.214902587387396
2022-04-26,15.88797944562966
2022-04-27,15.849240787465812
2022-04-28,16.12939237243935
2022-04-29,15.7690123318786
2022-05-02,15.683098561556454
2022-05-03,15.956164596446673
2022-05-04,16.373954850879063
2022-05-05,16.057856734872416
2022-05-06,16.016122483701263
2022-05-09,15.612770693169868
2022-05-10,15.66344624444714
2022-05-11,15.564605346689774
2022-05-12,15.709311271829517
2022-05-13,15.875422308506096
2022-05-16,15.986121552735527
2022-05-17,16.209188490400113
2022-05-18,15.7882648613052
2022-05-19,15.82609630476238
2022-05-20,16.027508989062344
2022-05-23,16.189491970297922
2022-05-24,16.22923902165867
2022-05-25,16.22544169828106
2022-05-26,16.300960510013198
2022-05-27,16.59178425185993
2022-05-31,16.332193942887233
2022-06-01,16.128037598393746
2022-06-02,16.227580359409416
2022-06-03,16.04594519444963
2022-06-06,16.04581310833941
2022-06-07,16.254619728614692
2022-06-08,16.178828528802576
2022-06-09,15.808472297917096
2022-06-10,15.550972926608852
2022-06-13,15.083696948812753
2022-06-14,14.923247600547944
2022-06-15,15.07578560172223
2022-06-16,14.83652005640563
2022-06-17,14.83742039200939
2022-06-21,15.246493061657564
2022-06-22,15.381557163080927
2022-06-23,15.720873454235797
2022-06-24,15.97767135184202
2022-06-27,16.021455130797378
2022-06-28,15.750504130004412
2022-06-29,15.886748974112132
2022-06-30,15.831065602649677
2022-07-01,16.02637710419639
2022-07-05,15.935088295108052
2022-07-06,16.057835217880797
2022-07-07,16.14821827279814
2022-07-08,16.201434216582996
2022-07-11,16.170392391585548
2022-07-12,15.959365721709396
2022-07-13,15.80429133453717
2022-07-14,15.749520248729912
2022-07-15,16.09140759556094
2022-07-18,15.759779680050732
2022-07-19,16.017538269454302
2022-07-20,15.848955588010902
2022-07-21,16.077499906273193
2022-07-22,16.029804288497573
2022-07-25,16.108778925103554
2022-07-26,16.190923071125876
2022-07-27,16.241798947497784
2022-07-28,16.48992665621965
2022-07-29,16.55500876471668
2022-08-01,16.459007220539394
2022-08-02,16.39865433290471
2022-08-03,16.65764784941095
2022-08-04,16.50895369940458
2022-08-05,16.532874378829867
2022-08-08,16.587705513935962
2022-08-09,16.538931592595176
2022-08-10,16.718878909848613
2022-08-11,16.60206848859116
2022-08-12,16.833828353538106
2022-08-15,16.918343292083122
2022-08-16,16.87172995752976
2022-08-17,16.75906347148342
2022-08-18,16.682869655460756
2022-08-19,16.73014486861674
2022-08-22,16.49056126939685
2022-08-23,16.279720594469204
2022-08-24,16.298469813843862
2022-08-25,16.47771539348216
2022-08-26,16.00765892983566
2022-08-29,15.897493571070717
2022-08-30,15.79207896362527
2022-08-31,15.691631199080897
2022-09-01,15.956742700699854
2022-09-02,15.726921575672742
2022-09-06,15.729803780356391
2022-09-07,15.993145490779806
2022-09-08,16.275676508955428
2022-09-09,16.408577827549873
2022-09-12,16.50664309928448
2022-09-13,15.966512172052887
2022-09-14,15.967460599292975
2022-09-15,16.05214660739
2022-09-16,16.009307557365144
2022-09-19,15.981183758081912
2022-09-20,15.799153795349271
2022-09-21,15.533732421562446
2022-09-22,15.622706633429614
2022-09-23,15.53878061349874
2022-09-26,15.38222792031078
2022-09-27,15.353875227784512
2022-09-28,15.692769376278916
2022-09-29,15.548487605030363
2022-09-30,15.31381191976424
2022-10-03,15.64619658855479
2022-10-04,16.009933272477898
2022-10-05,16.06006395470658
2022-10-06,15.85263210689242
2022-10-07,15.51924831019294
2022-10-10,15.45232944595993
2022-10-11,15.572294308064164
2022-10-12,15.517526803605628
2022-10-13,15.865908804457469
2022-10-14,15.690347157113331
2022-10-17,15.982503383674484
2022-10-18,16.057950142678436
2022-10-19,15.817999605239487
2022-10-20,15.70148581644676
2022-10-21,16.091164621294194
2022-10-24,16.401356507210995
2022-10-25,16.51898002409193
2022-10-26,16.708000358245148
2022-10-27,16.570551933655704
2022-10-28,16.947832195690385
2022-10-31,16.93754523067768
2022-11-01,16.97151884011823
2022-11-02,16.748620316347285
2022-11-03,16.68965616305812
2022-11-04,16.877148834514482
2022-11-07,17.065439117097235
2022-11-08,17.2307631694882
2022-11-09,17.041956293953355
2022-11-10,17.48871910074548
2022-11-11,17.269666090554896
2022-11-14,17.28120685609076
2022-11-15,17.27283264427895
2022-11-16,17.252372502331855
2022-11-17,17.210653428333032
2022-11-18,17.424454628833438
2022-11-21,17.435489473407188
2022-11-22,17.602775971854204
2022-11-23,17.653985608986712
2022-11-25,17.780880208845794
2022-11-28,17.659710873861464
2022-11-29,17.609482529323582
2022-11-30,18.04725084735192
2022-12-01,18.08213482839469
2022-12-02,18.123353298536685
2022-12-05,17.944386706870986
2022-12-06,17.827101233238313
2022-12-07,17.977537503245742
2022-12-08,18.1332948676112
2022-12-09,17.893063611800283
2022-12-12,18.080673322587117
2022-12-13,18.12714267604718
2022-12-14,18.178143798693306
2022-12-15,17.831928159157112
2022-12-16,17.580913752366158
2022-12-19,17.518937168205618
2022-12-20,17.55061654571161
2022-12-21,17.78089390213669
2022-12-22,17.736359141117923
2022-12-23,17.75453552584593
2022-12-27,17.707268418761977
2022-12-28,17.594895167431194
2022-12-29,17.77893670062328
2022-12-30,17.721199297898405
2023-01-03,17.686158604349757
2023-01-04,17.730673968349205
2023-01-05,17.565806781403253
2023-01-06,17.712879795756965
2023-01-09,17.416681529978117
2023-01-10,17.501392952031058
2023-01-11,17.667614645419782
2023-01-12,17.5992627725707
2023-01-13,17.635391441918205
2023-01-17,17.603770489786225
2023-01-18,17.400589797449786
2023-01-19,17.442127833740987
2023-01-20,17.557471945662122
2023-01-23,17.6466982062478
2023-01-24,17.47261155730014
2023-01-25,17.43783203731488
2023-01-26,17.505414682121554
2023-01-27,17.40639801505922
2023-01-30,17.236131808831672
2023-01-31,17.56598849925182
2023-02-01,17.70331872014256
2023-02-02,17.430548808566325
2023-02-03,17.36441091033292
2023-02-06,17.2653981342041
2023-02-07,17.384145003287873
2023-02-08,17.337302978492385
2023-02-09,17.290754357188916
2023-02-10,17.506321957802893
2023-02-13,17.654109302676332
2023-02-14,17.554204861081573
2023-02-15,17.463002663973157
2023-02-16,17.290147995699435
2023-02-17,17.448697952319026
2023-02-21,17.211893201592495
2023-02-22,17.164726405261636
2023-02-23,17.352304064895208
2023-02-24,17.11267311488855
2023-02-27,17.079124326354812
2023-02-28,16.96018462409646
2023-03-01,16.93973372146694
2023-03-02,17.036561558814235
2023-03-03,17.23529165138538
2023-03-06,17.26063098599302
2023-03-07,16.986438002489724
2023-03-08,16.89078299961411
2023-03-09,16.716806085354357
2023-03-10,16.59306217191753
2023-03-13,16.761717696352633
2023-03-14,16.912127963513633
2023-03-15,16.958319525376623
2023-03-16,17.120184162060486
2023-03-17,16.903239330937435
2023-03-20,17.13643286444676
2023-03-21,17.229083898599885
2023-03-22,16.971864510416584
2023-03-23,16.94213535256507
2023-03-24,17.163851016137066
2023-03-27,17.22870476945511
2023-03-28,17.133422917382095
2023-03-29,17.175820014245115
2023-03-30,17.257832812298336
2023-03-31,17.46398535398178
2023-04-03,17.65900506017355
2023-04-04,17.664938027579677
2023-04-05,17.978362213597414
2023-04-06,18.03468223576986
2023-04-10,18.027888658209477
2023-04-11,18.07948505192302
2023-04-12,18.083642283947096
2023-04-13,18.313079694649577
2023-04-14,18.116276293901112
2023-04-17,18.11431350935442
2023-04-18,17.9800359635028
2023-04-19,17.996682847203974
2023-04-20,17.917194701696808
2023-04-21,18.02236587891077
2023-04-24,18.12339119618906
2023-04-25,17.928599086515774
2023-04-26,17.64089856106466
2023-04-27,17.51284210167803
2023-04-28,17.632671029863168
2023-05-01,17.706869039200814
2023-05-02,17.609806153697242
2023-05-03,17.614810255646997
2023-05-04,17.478572619819126
2023-05-05,17.650797906027407
2023-05-08,17.62560976872304
2023-05-09,17.499223695048567
2023-05-10,17.54320087982126
2023-05-11,17.48507011348221
2023-05-12,17.45607116655634
2023-05-15,17.427924035189132
2023-05-16,17.287354016791213
2023-05-17,17.303990625826703
2023-05-18,17.26195669817242
2023-05-19,17.356287836024034
2023-05-22,17.368416772435722
2023-05-23,17.177001225450326
2023-05-24,17.06488630297012
2023-05-25,16.893536890526846
2023-05-26,16.896249244339252
2023-05-30,16.78314707825826
2023-05-31,16.92570577588404
2023-06-01,17.03788231918723
2023-06-02,17.264871117627838
2023-06-05,17.33132176986321
2023-06-06,17.17937275634458
2023-06-07,17.108056023409283
2023-06-08,17.224763709880477
2023-06-09,17.257852377368568
2023-06-12,17.33439967653396
2023-06-13,17.429070854377898
2023-06-14,17.24063509975275
2023-06-15,17.51102015201926
2023-06-16,17.511165630852034
2023-06-20,17.491146507864794
2023-06-21,17.50199827574146
2023-06-22,17.633902776768135
2023-06-23,17.58199201946381
2023-06-26,17.490688164553315
2023-06-27,17.457650915101883
2023-06-28,17.396754648715834
2023-06-29,17.50962842493969
2023-06-30,17.706209123095636
2023-07-03,17.559974458212917
2023-07-05,18.16261757079441
2023-07-06,18.03020864904341
2023-07-07,17.826666739511275
2023-07-10,17.97035591864996
2023-07-11,17.989819867290024
2023-07-12,17.92166332538573
2023-07-13,17.926904262106575
2023-07-14,18.161544925497758
2023-07-17,18.10594204380146
2023-07-18,18.28003764826183
2023-07-19,18.371016917681526
2023-07-20,18.658080557867915
2023-07-21,18.844267516525708
2023-07-24,18.80521059692736
2023-07-25,18.813614155111026
2023-07-26,18.80986862473025
2023-07-27,18.654531265568615
2023-07-28,18.74623655247816
2023-07-31,18.564020678072566
2023-08-01,17.705421440386264
2023-08-02,17.6771452849049
2023-08-03,17.581377468195917
2023-08-04,17.496884472262845
2023-08-07,17.692057086927097
2023-08-08,17.754400152900043
2023-08-09,17.71225269122517
2023-08-10,17.714058520500142
2023-08-11,17.81498183763795
2023-08-14,17.872966600841337
2023-08-15,17.80178090742555
2023-08-16,17.670798682483696
2023-08-17,17.53364471662388
2023-08-18,17.53136549914265
2023-08-21,17.54682231513769
2023-08-22,17.474170733464845
2023-08-23,17.523903358734998
2023-08-24,17.385522321506627
2023-08-25,17.501874596277684
2023-08-28,17.544249330652477
2023-08-29,17.682628749712222
2023-08-30,17.778575121697713
2023-08-31,17.547808021850013
2023-09-01,17.572424592085202
2023-09-05,17.413591585466104
2023-09-06,17.307895181418523
2023-09-07,17.392661025338338
2023-09-08,17.384927147204724
2023-09-11,17.509297225056578
2023-09-12,17.475000373953865
2023-09-13,17.479093143007095
2023-09-14,17.52392996298252
2023-09-15,17.404060338761283
2023-09-18,17.390464104680685
2023-09-19,17.407766433459145
2023-09-20,17.411171731685776
2023-09-21,17.25094776369173
2023-09-22,17.206842439508083
2023-09-25,17.29984345832445
2023-09-26,17.15111261475217
2023-09-27,17.06546120577294
2023-09-28,17.15408950829845
2023-09-29,17.033471752500983
2023-10-02,17.03926801871243
2023-10-03,16.89830133543961
2023-10-04,16.97293458058787
2023-10-05,17.05842665394884
2023-10-06,17.231380069797996
2023-10-09,17.336886640034933
2023-10-10,17.438975526108777
2023-10-11,17.37303499895922
2023-10-12,17.207984942165012
2023-10-13,17.277930809459676
2023-10-16,17.93384945956278
2023-10-17,17.98329446867195
2023-10-18,17.899395300005665
2023-10-19,17.728901814712643
2023-10-20,17.661540410747623
2023-10-23,17.565409141138833
2023-10-24,17.612203339184823
2023-10-25,17.51595317277602
2023-10-26,17.4345592130505
2023-10-27,17.240832282179372
2023-10-30,17.374815210143673
2023-10-31,17.085352137779772
2023-11-01,17.10957083551294
2023-11-02,17.187916714250893
2023-11-03,17.412216936143697
2023-11-06,17.528594041930905
2023-11-07,17.56711104418557
2023-11-08,17.529596495643393
2023-11-09,17.162723288434538
2023-11-10,17.279649331782668
2023-11-13,17.317204855209834
2023-11-14,17.471754443845036
2023-11-15,17.51447860971004
2023-11-16,17.54559530281195
2023-11-17,17.555746259911096
2023-11-20,17.58064556724985
2023-11-21,17.74320974816335
2023-11-22,17.839337069180715
2023-11-24,17.929521577280788
2023-11-27,17.816083572056517
2023-11-28,17.727869055554127
2023-11-29,17.674003727983855
2023-11-30,18.00657600990816
2023-12-01,18.036397221202765
2023-12-04,18.085529872437625
2023-12-05,18.097020572191067
2023-12-06,17.98087222006179
2023-12-07,18.05806184649909
2023-12-08,18.085316044710535
2023-12-11,18.234705414105797
2023-12-12,18.278341004061026
2023-12-13,18.550224037496903
2023-12-14,18.7081208802002
2023-12-15,18.52695105905825
2023-12-18,18.6008609774493
2023-12-19,18.762142069380808
2023-12-20,18.52992840331561
2023-12-21,18.71074800359734
2023-12-22,18.817248461730074
2023-12-26,18.862723150686847
2023-12-27,18.91098006786996
2023-12-28,19.009525133322033
2023-12-29,19.0011956351705
2024-01-02,19.374631994677316
2024-01-03,19.317395774091512
2024-01-04,19.404930685434206
2024-01-05,19.420592525478707
2024-01-08,19.514670759009697
2024-01-09,19.602118919598894
2024-01-10,19.61780745255427
2024-01-11,19.648012646236186
2024-01-12,19.565098634521178
2024-01-16,19.490093050194048
2024-01-17,19.460652930110253
2024-01-18,19.408130954988913
2024-01-19,19.459048906186844
2024-01-22,19.51996789912713
2024-01-23,19.520757076754784
2024-01-24,19.295487313781855
2024-01-25,19.20425796809843
2024-01-26,19.441458638763873
2024-01-29,19.5992927315472
2024-01-30,19.36529614613579
2024-01-31,19.32308200046117
2024-02-01,19.094840900779502
2024-02-02,19.053760083309268
2024-02-05,18.980874618055086
2024-02-06,19.22030254140471
2024-02-07,19.1721048848669
2024-02-08,19.18992451777313
2024-02-09,19.182629376052404
2024-02-13,19.030129551756758
2024-02-14,19.17876885290295
2024-02-15,19.33164309270278
2024-02-16,19.371334069729087
2024-02-20,19.345118195969466
2024-02-21,19.394370909133368
2024-02-22,19.46322185813326
2024-02-23,19.64812639590436
2024-02-26,19.494910098754122
2024-02-27,19.452584757699825
2024-02-28,19.333309418222267
2024-02-29,19.216489493231595
2024-03-01,19.39475032534394
2024-03-04,19.315757850284882
2024-03-05,19.27567117424566
2024-03-06,19.36259086358607
2024-03-07,19.410983612146016
2024-03-08,19.393695086703342
2024-03-11,19.382761430707514
2024-03-12,19.4737809092607
2024-03-13,19.391477481894285
2024-03-14,19.31115390556355
2024-03-15,19.240144162814374
2024-03-18,19.24477299838912
2024-03-19,19.373700233704216
2024-03-20,19.35257546325398
2024-03-21,19.33654704216454
2024-03-22,19.329125985865932
2024-03-25,19.29793207680519
2024-03-26,19.364316637366322
2024-03-27,19.616111660961938
2024-03-28,19.66856572204754
2024-04-01,19.4653337395248
2024-04-02,19.151532220574055
2024-04-03,19.106973562792923
2024-04-04,18.884410384951014
2024-04-05,19.056646719464865
2024-04-08,18.966816344870058
2024-04-09,19.04462857705266
2024-04-10,18.859408286164378
2024-04-11,19.171896539883395
2024-04-12,18.969330690708176
2024-04-15,19.326327851719867
2024-04-16,19.27841264992995
2024-04-17,19.26895785960289
2024-04-18,19.452833540463626
2024-04-19,19.528816631728343
2024-04-22,19.595121967264
2024-04-23,19.828114254499802
2024-04-24,19.734054687711843
2024-04-25,18.58835515164379
2024-04-26,18.318057972351216
2024-04-29,18.38365130231022
2024-04-30,18.240137395932067
2024-05-01,18.160800527200113
2024-05-02,18.188469208726495
2024-05-03,18.278572546018726
2024-05-06,18.35266681617332
2024-05-07,18.484289628991615
2024-05-08,18.429721274221695
2024-05-09,18.587533339704233
2024-05-10,18.63837088628915
2024-05-13,18.62073217056795
2024-05-14,18.706023304435746
2024-05-15,18.91031925211623
2024-05-16,18.931466852869377
2024-05-17,18.95438842707661
2024-05-20,18.898692691333217
2024-05-21,18.93251637831966
2024-05-22,18.938374747966012
2024-05-23,18.755791704190102
2024-05-24,18.696738850664573
2024-05-28,18.46372751324773
2024-05-29,18.30933479791235
2024-05-30,18.33815749576465
2024-05-31,18.608320896675096
2024-06-03,18.72684075635388
2024-06-04,18.810549854325295
2024-06-05,18.836755540461606
2024-06-06,18.93753023511221
2024-06-07,18.989319091651886
2024-06-10,19.027125148123393
2024-06-11,18.976779333357527
2024-06-12,18.894199598588767
2024-06-13,18.920181689040486
2024-06-14,18.91433583465398
2024-06-17,18.856833445110517
2024-06-18,18.897858397217707
2024-06-20,19.047392346123004
2024-06-21,19.055551364889432
2024-06-24,19.09973095202905
2024-06-25,18.966610488942823
2024-06-26,19.000937590085936
2024-06-27,18.88941507666695
2024-06-28,18.931305569160624
2024-07-01,18.82630193499286
2024-07-02,18.752808978051306
2024-07-03,18.619738532734594
2024-07-05,18.761220718723617
2024-07-08,18.743931428773646
2024-07-09,18.8239917118052
2024-07-10,19.013191593365214
2024-07-11,19.187232512472775
2024-07-12,19.304985754220414
2024-07-15,19.245968059603342
2024-07-16,19.473695409683227
2024-07-17,19.519964003759572
2024-07-18,19.107971300493617
2024-07-19,19.14549400411274
2024-07-22,19.56914543978886
2024-07-23,19.524926001300962
2024-07-24,19.76768692802391
2024-07-25,19.482009477856533
2024-07-26,19.58614722698966
2024-07-29,19.605687645356397
2024-07-30,19.54971395416943
2024-07-31,19.44341990573512
2024-08-01,19.35287288342309
2024-08-02,19.303437748881866
2024-08-05,18.79023189463392
2024-08-06,18.833158474936027
2024-08-07,18.633195401431287
2024-08-08,18.884166246933948
2024-08-09,19.0173338359618
2024-08-12,18.94313783013058
2024-08-13,19.182290424032207
2024-08-14,19.26469389228025
2024-08-15,19.372177268418852
2024-08-16,19.391100432756755
2024-08-19,19.509822119218864
2024-08-20,19.55463470431761
2024-08-21,19.627984527676347
2024-08-22,19.651018363779475
2024-08-23,19.74382278998867
2024-08-26,19.72098609449117
2024-08-27,19.721408479019836
2024-08-28,19.776664009549293
2024-08-29,19.819185391026803
2024-08-30,19.94239764780437
2024-09-03,19.94555752271869
2024-09-04,19.88550054735986
2024-09-05,19.470526214681794
2024-09-06,19.365658208037257
2024-09-09,19.51199074707898
2024-09-10,19.61955396117272
2024-09-11,19.504168496770937
2024-09-12,19.648988707287465
2024-09-13,19.668651305441493
2024-09-16,19.821844661715033
2024-09-17,19.588505104175784
2024-09-18,19.588269107161796
2024-09-19,19.578139907201223
2024-09-20,19.56519111794669
2024-09-23,19.5182696370546
2024-09-24,19.44447953613356
2024-09-25,19.23772921375392
2024-09-26,19.334973884162842
2024-09-27,19.43623494656106
2024-09-30,19.472553061902545
2024-10-01,19.37641270284482
2024-10-02,19.31336138610851
2024-10-03,19.18432060760877
2024-10-04,19.175966322801585
2024-10-07,19.080396492612586
2024-10-08,19.15300746834067
2024-10-09,19.430279716896145
2024-10-10,19.396992576286163
2024-10-11,19.53655221579799
2024-10-14,19.691464825826653
2024-10-15,19.468501580353298
2024-10-16,19.517937377756784
2024-10-17,19.35048715486639
2024-10-18,19.504871863406844
2024-10-21,19.320668382619242
2024-10-22,19.3844400865033
2024-10-23,19.27538725534646
2024-10-24,19.164818817284115
2024-10-25,18.986385978511684
2024-10-28,19.050250136153533
2024-10-29,18.973256652896037
2024-10-30,18.8085403414815
2024-10-31,18.39370526530762
2024-11-01,18.489264054403787
2024-11-04,18.366957578180237
2024-11-05,18.508401634396048
2024-11-06,18.56322681380232
2024-11-07,18.560034036293263
2024-11-08,18.684848212733193
2024-11-11,18.70533088326827
2024-11-12,18.37415709050425
2024-11-13,18.37682421184011
2024-11-14,18.13169989159561
2024-11-15,17.77383418760189
2024-11-18,17.787774942408053
2024-11-19,17.710008836209127
2024-11-20,17.874924565231904
2024-11-21,18.00927766577334
2024-11-22,18.057056643509288
2024-11-25,18.20398893280469
2024-11-26,18.23061561869058
2024-11-27,18.388652193376622
2024-11-29,18.494379774867035
2024-12-02,18.438869024720052
2024-12-03,18.41293189303218
2024-12-04,18.369688283019112
2024-12-05,18.243790553532328
2024-12-06,18.08096252709358
2024-12-09,18.200990976068365
2024-12-10,18.018977167655486
2024-12-11,17.707698101924727
2024-12-13,17.648048217677427
2024-12-16,17.389514073537825
2024-12-17,17.39985968419556
2024-12-18,17.235206416274675
2024-12-19,17.21479386251486
2024-12-20,17.19733402208044
2024-12-23,17.342504795693866
2024-12-24,17.395368733043775
2024-12-26,17.451640897045053
2024-12-27,17.391237259919976
2024-12-30,17.178632540333357
2024-12-31,17.22561127391451
2025-01-02,17.21126594670159
2025-01-03,17.340904212328706
2025-01-06,17.30948397113908
2025-01-07,17.4271406908955
2025-01-08,17.531842020648387
2025-01-10,17.41633991488793
2025-01-13,17.78888135495261
2025-01-14,17.739894820027036
2025-01-15,17.572417828540857
2025-01-16,17.634388707217706
2025-01-17,17.568394264483842
2025-01-21,17.847442133252173
2025-01-22,17.646319840204757
2025-01-23,17.919535885728124
2025-01-24,17.97660062246116
2025-01-27,18.51594959718561
2025-01-28,18.294276792016927
2025-01-29,18.312926019570536
2025-01-30,18.390106956260613
2025-01-31,18.310423115425174
2025-02-03,18.372895687460048
2025-02-04,18.034054930246846
2025-02-05,18.234895166389485
2025-02-06,17.873155516502614
2025-02-07,17.908320251610608
2025-02-10,17.91689814130206
2025-02-11,17.865633416535903
2025-02-12,17.81942005763173
2025-02-13,17.88850535738482
2025-02-14,17.654341458738866
2025-02-18,17.567268026490932
2025-02-19,17.862151344190657
2025-02-20,17.96467497590488
2025-02-21,17.849996252408157
2025-02-24,18.017756448299938
2025-02-25,18.184467213169913
2025-02-26,17.905497674090928
2025-02-27,18.006786030595006
2025-02-28,18.162453283186714
2025-03-03,18.24106974526024
2025-03-04,18.0966037331279
2025-03-05,18.201643671293493
2025-03-06,18.317075104940756
2025-03-07,18.435102421821163
2025-03-10,18.341549455809336
2025-03-11,18.12594086279255
2025-03-12,17.887453488183336
2025-03-13,17.852754533817937
2025-03-14,17.944103424230224
2025-03-17,18.145230560350427
2025-03-18,18.194182032065704
2025-03-19,18.158653866368404
2025-03-20,18.191654798053897
2025-03-21,18.129960106048053
2025-03-24,18.191086507304366
2025-03-25,17.894380813774802
2025-03-26,17.90510814768708
2025-03-27,17.932766105228776
2025-03-28,17.94318359296142
2025-03-31,18.138728763034877
2025-04-01,17.790875406996456
2025-04-02,17.87173178437641
2025-04-03,17.793253586527452
2025-04-04,16.821873881312836
2025-04-07,16.69582902394498
2025-04-08,16.44890795997623
2025-04-09,17.06311091069096
2025-04-10,16.546830014692848
2025-04-11,16.779643645593133
2025-04-14,17.006026893260195
2025-04-15,16.86882479392296
2025-04-16,16.675106746206005
2025-04-17,16.567824440562887
2025-04-21,16.320787831419626
2025-04-22,16.634319688433454
2025-04-23,16.691461208747565
2025-04-24,16.872870691480504
2025-04-25,16.907534723631844
2025-04-28,17.0620458608225
2025-04-29,17.1476322396969
2025-04-30,17.333458420632688
2025-05-01,16.726895890810376
2025-05-02,16.840304001502222
2025-05-05,16.824021071490034
2025-05-06,16.388531859827363
2025-05-07,16.497310481010278
2025-05-08,16.345679085826173
2025-05-09,16.13130137506149
2025-05-12,16.5483670065742
2025-05-13,16.01235006614338
2025-05-14,15.774466966134675
2025-05-15,16.026555351654157
2025-05-16,16.37388091509094
2025-05-19,16.60158586675972
2025-05-20,16.658514446038552
2025-05-21,16.24787696595865
2025-05-22,16.111666378749113
2025-05-23,16.23984952736115
2025-05-27,16.434638837341875
2025-05-28,16.36031900109201
2025-05-29,16.49401139948955
2025-05-30,16.51783391799691
2025-06-02,16.511276311773788
2025-06-03,16.540713819157894
2025-06-04,16.602678443594876
2025-06-05,16.5990186986429
2025-06-06,16.781369168494205
2025-06-09,16.78240462889971
2025-06-10,16.89816478137792
2025-06-11,16.928073707978882
2025-06-12,17.111381682810265
2025-06-13,16.959806277205217
2025-06-16,16.893134942149196
2025-06-17,16.623709227712748
2025-06-18,16.625735609500992
2025-06-20,16.56420335490305
2025-06-23,16.527872227945533
2025-06-24,16.73754109815343
2025-06-25,16.7534580935064
2025-06-26,16.831038352036217
2025-06-27,16.832626412724963
2025-06-30,16.895090981175493
2025-07-01,17.23825132294931
2025-07-02,16.81960808148457
2025-07-03,17.000189077425684
2025-07-07,16.955263144132136
2025-07-08,17.04339032448448
2025-07-09,17.083464367402215
2025-07-10,17.133572644836015
2025-07-11,16.985064799036735
2025-07-14,16.99990877103491
2025-07-15,16.720199329040813
2025-07-16,16.936976133145482
2025-07-17,16.739991813667157
2025-07-18,16.556161973161917
2025-07-21,16.451146101532636
2025-07-22,16.88057091829487
2025-07-23,17.18745278673413
2025-07-24,17.02754797766109
2025-07-25,17.117646010341794
2025-07-28,16.972047846047303
2025-07-29,17.035728887588263
2025-07-30,16.989463083380297
2025-07-31,16.431855540242076
2025-08-01,16.523628351852192
2025-08-04,16.708998148632382
2025-08-05,16.739174987107976
2025-08-06,16.392879552049163
2025-08-07,16.21436350441179
2025-08-08,16.28152374498355
2025-08-11,16.24385913122171
2025-08-12,16.353270945127893
2025-08-13,16.61177931245477
2025-08-14,16.680892697407995
2025-08-15,16.960463048923835
2025-08-18,16.937302654892235
2025-08-19,17.033217672485357
2025-08-20,17.135054551895276
2025-08-21,17.112988513201977
2025-08-22,17.183916856809752
2025-08-25,16.97623621578968
2025-08-26,16.996622933253747
2025-08-27,17.03874903189334
2025-08-28,16.942053753236706
2025-08-29,17.11206126956988
2025-09-02,17.15277906270669
2025-09-03,17.04469386377034
2025-09-04,17.062831806844727
2025-09-05,17.188981827800788
2025-09-08,17.096384134933782
2025-09-09,17.249024343370305
2025-09-10,17.116221110316697
2025-09-11,17.382466400762507
2025-09-12,17.14929231222649
2025-09-15,16.996286495402924
2025-09-16,16.96758854440408
2025-09-17,17.05375664422763
2025-09-18,17.06060957580214
2025-09-19,17.047535505122305
2025-09-22,17.004066777432456
2025-09-23,17.123585209275667
2025-09-24,17.04714191198802
2025-09-25,16.750494128142233
2025-09-26,16.935996356488236
2025-09-29,16.973541474943207
2025-09-30,17.410787771137382
2025-10-01,17.939503505666494
2025-10-02,17.84906272250766
2025-10-03,18.05227211735932
2025-10-06,17.93995204907153
2025-10-07,18.001195957231445
2025-10-08,17.999345192539927
2025-10-09,18.16055937389064
2025-10-10,17.94224823033726
2025-10-13,17.9203859534016
2025-10-14,17.978347495841373
2025-10-15,17.90299155708275
2025-10-16,17.919405826484518
2025-10-17,18.0893112207684
2025-10-20,18.247866712950835
2025-10-21,18.301372551825455
2025-10-22,18.264504494573266
2025-10-23,18.31866335192399
2025-10-24,18.360572923296814
2025-10-27,18.406171524249828
2025-10-28,18.207514963869382
2025-10-29,17.971741740706157
2025-10-30,17.749704065708553
2025-10-31,17.839942884472563
2025-11-03,17.622074183140946
2025-11-04,17.645257887025643
2025-11-05,17.709414036974955
2025-11-06,17.688146330470047
2025-11-07,17.73264143675351
2025-11-10,17.773309389843668
2025-11-11,18.35728367310244
2025-11-12,18.51746706236041
2025-11-13,18.576250872124987
2025-11-14,18.412200131876578
2025-11-17,18.449202689210427
2025-11-18,18.542092889525218
2025-11-19,18.36574721666105
2025-11-20,18.349887145441873
2025-11-21,18.67732997741153
2025-11-24,18.86997691131785
2025-11-25,19.28324697427573
2025-11-26,19.263059115803614
2025-11-28,19.19444426891581
2025-12-01,18.875650676997207
2025-12-02,18.761805446950234
2025-12-03,18.875209091094526
2025-12-04,18.761592475436476
2025-12-05,18.606291392363364
2025-12-08,18.40506763142672
2025-12-09,18.209925750027946
2025-12-10,18.479145526790127
2025-12-11,18.66262592446056
2025-12-12,18.688614201497984
2025-12-15,18.89009887168718
2025-12-16,18.65191277397832
2025-12-17,18.656148656329304
2025-12-18,18.64934882001001
2025-12-19,18.769575031702633
2025-12-22,18.933013189971668
2025-12-23,18.90725241268897
2025-12-24,19.008313862567153
2025-12-29,18.979478162809528
2025-12-30,18.988545581622652
2025-12-31,18.874755547850594
2026-01-01,18.874192946659132
2026-01-02,18.95837196885272
2026-01-05,18.895057966036255
2026-01-06,19.229239552384055
2026-01-07,19.43359863571191
2026-01-08,19.562436437886124
2026-01-09,19.396655881936276
2026-01-12,19.389852054473415
2026-01-13,19.286388904343145
2026-01-14,19.473046954977452
2026-01-15,19.42976232425916
2026-01-16,19.21243057797486
2026-01-20,19.283872078699375
2026-01-21,19.58252970022605
2026-01-22,19.632927562880813
2026-01-23,19.53317827452863
2026-01-26,19.718638640002148
2026-01-27,19.344725581826456
2026-01-28,19.282775547264407
2026-01-29,19.209594738611564
2026-01-30,19.31356312192719
2026-02-02,19.41878862317482
2026-02-03,19.217353436432187
2026-02-04,19.173983885101915
2026-02-05,18.958363851245974
2026-02-06,19.153611160977707
2026-02-09,18.995536311873497
2026-02-10,18.77402033385788
2026-02-11,18.942887353495344
2026-02-12,18.903034487395242
2026-02-13,19.06755739702991
2026-02-17,19.00071280498946
2026-02-18,19.046645532664208
2026-02-19,18.97120239826104
2026-02-20,18.94786548350895
2026-02-23,19.127703974292366
2026-02-24,19.049663734705153
2026-02-25,19.06390041238147
2026-02-26,18.995419804506657
2026-02-27,19.310693737026764
2026-03-02,19.17675445982663
2026-03-03,18.88933132091601
2026-03-04,18.93849079631041
2026-03-05,18.603585543646464
2026-03-06,18.43100833802943
2026-03-09,18.551509977164883
2026-03-10,18.459784512081267
2026-03-11,18.439045059441188
2026-03-12,18.140364842468802
2026-03-13,18.063386990643373
2026-03-16,18.182359030225555
2026-03-17,18.09118939179304
2026-03-18,17.734317149312215
2026-03-19,17.64887160316753
2026-03-20,17.503682774748427
2026-03-23,17.50613986615747
2026-03-24,17.549418889878243
2026-03-25,17.695994288273408
2026-03-26,17.68459787025264
2026-03-27,17.361350525663422
2026-03-30,17.43523808021018
2026-03-31,17.754464447866038
2026-04-01,17.891026344491024
2026-04-02,17.79478505212125
2026-04-06,17.73393451986837
2026-04-07,17.749900112909813
2026-04-08,18.117957911515603
2026-04-09,18.11579536047512
2026-04-10,17.874395793051374
2026-04-13,17.977138176485166
2026-04-14,18.008380729519462
2026-04-15,17.893952531608953
2026-04-16,17.808055232739335
2026-04-17,18.00069043619574
2026-04-20,17.84666891824411
2026-04-21,17.64760072142492
2026-04-22,17.577369938521297
2026-04-23,17.650100396314244
2026-04-24,17.39372692846643
2026-04-27,17.32206851794947
2026-04-28,17.301741129001744
2026-04-29,17.139210020702073
2026-04-30,16.782048219489766
2026-05-01,16.700802020900767
2026-05-04,16.67722410387805
2026-05-05,16.734333324745304
2026-05-06,16.734626677865542
2026-05-07,17.027817962103327
2026-05-08,17.49732079221772
2026-05-11,17.40337444821263
2026-05-12,17.74457640347711
2026-05-13,17.851365123112487
2026-05-14,17.857126920872126
2026-05-15,17.628849106021235
2026-05-18,17.717686983112177
2026-05-19,17.901842855954182
2026-05-20,17.87443102636463
2026-05-21,17.994127350592247
2026-05-22,18.176400530800564
2026-05-26,17.9659165952146
2026-05-27,18.057797020088127
2026-05-28,18.246176401748947
2026-05-29,18.176213020030637
2026-06-01,17.95548001492807
2026-06-02,17.810606884716847
2026-06-03,17.852836372744466
2026-06-04,18.433422998238246
2026-06-05,18.61225803244678
2026-06-08,18.477204087074846
2026-06-09,18.800428749740252
2026-06-10,18.575312832887164
2026-06-11,18.669843735009785
2026-06-12,18.7043853867221
2026-06-15,18.49988011850633
2026-06-16,18.47861165802947
2026-06-17,18.23897182022841
2026-06-18,18.08639604112506
2026-06-22,18.089066206862483
2026-06-23,18.542287665564707
2026-06-24,18.53504451839778
2026-06-25,18.948546348848335
2026-06-26,19.457694989149605
2026-06-29,19.55972719593944
2026-06-30,19.33759029191398
2026-07-01,19.433171010561306
2026-07-02,19.95589724195788
2026-07-06,19.729803277938053
2026-07-07,20.01837797092065
2026-07-08,19.817998207123857
2026-07-09,19.785743877631006
2026-07-10,19.741022134157458
2026-07-13,19.755673759466834
2026-07-14,19.366321208594854
2026-07-15,19.340177192681676
2026-07-16,19.668545152987456
2026-07-17,19.572776799297827
2026-07-20,19.362987205328334
2026-07-21,19.435797062377794
2026-07-22,19.32212610474407
2026-07-23,19.527825536345667
2026-07-24,19.681973095851703
2026-07-27,19.76503456687699
2026-07-28,20.228816365034827
2026-07-29,20.070557123947165
2026-07-30,19.7562131351627
2026-07-31,19.625189968236164
2026-08-03,19.434863054780145
2026-08-04,18.371619784963276
2026-08-05,18.257457905562468
2026-08-06,18.33173619228339
2026-08-07,18.467223732775512
2026-08-10,18.728901278900395
2026-08-11,18.705587897887334
2026-08-12,18.75216145836296
2026-08-13,18.799818230111825
2026-08-14,18.69225189469412
2026-08-17,18.5857150694067
2026-08-18,18.88405076919142
2026-08-19,19.32363315992353
2026-08-20,19.306715757440802
2026-08-21,19.20188813901007
