date,forward_pe
2003-06-12,18.314152
2003-06-13,18.114714
2003-06-16,18.494703
2003-06-17,18.468313
2003-06-18,18.380083
2003-06-19,18.121117
2003-06-20,18.183297
2003-06-23,17.966877
2003-06-24,17.980211
2003-06-25,17.757913
2003-06-26,17.833766
2003-06-27,17.65157
2003-06-30,17.692539
2003-07-01,17.740061
2003-07-02,17.874658
2003-07-03,17.755429
2003-07-07,18.067834
2003-07-08,18.109637
2003-07-09,17.956111
2003-07-10,17.789593
2003-07-11,17.82463
2003-07-14,17.862497
2003-07-15,17.729947
2003-07-16,17.887115
2003-07-17,17.692837
2003-07-18,17.981207
2003-07-21,17.741769
2003-07-22,17.850339
2003-07-23,17.608969
2003-07-24,17.489895
2003-07-25,17.871995
2003-07-28,17.85451
2003-07-29,17.597516
2003-07-30,17.62527
2003-07-31,17.785789
2003-08-01,17.718296
2003-08-04,17.729793
2003-08-05,17.404887
2003-08-06,17.353749
2003-08-07,17.488187
2003-08-08,17.570375
2003-08-11,17.666756
2003-08-12,17.822897
2003-08-13,17.774313
2003-08-14,17.971563
2003-08-15,18.034068
2003-08-18,18.399498
2003-08-19,18.514348
2003-08-20,18.370653
2003-08-21,18.601209
2003-08-22,18.437589
2003-08-25,18.342893
2003-08-26,18.379234
2003-08-27,18.364343
2003-08-28,18.454846
2003-08-29,18.525493
2003-09-02,18.77904
2003-09-03,18.923749
2003-09-04,18.951762
2003-09-05,18.772408
2003-09-08,18.900303
2003-09-09,18.692445
2003-09-10,18.487734
2003-09-11,18.627432
2003-09-12,18.650737
2003-09-15,18.618098
2003-09-16,18.929536
2003-09-17,18.815923
2003-09-18,19.031147
2003-09-19,18.971305
2003-09-22,18.710785
2003-09-23,18.750914
2003-09-24,18.383623
2003-09-25,18.193801
2003-09-26,18.073278
2003-09-29,18.262544
2003-09-30,18.051804
2003-10-01,18.445176
2003-10-02,18.487444
2003-10-03,18.662161
2003-10-06,18.697336
2003-10-07,18.733294
2003-10-08,18.62898
2003-10-09,18.745594
2003-10-10,18.479401
2003-10-13,18.595617
2003-10-14,18.730207
2003-10-15,18.654521
2003-10-16,18.601572
2003-10-17,18.453471
2003-10-20,18.525828
2003-10-21,18.455478
2003-10-22,18.221678
2003-10-23,18.20441
2003-10-24,18.213538
2003-10-27,18.259069
2003-10-28,18.439717
2003-10-29,18.512851
2003-10-30,18.643121
2003-10-31,18.685147
2003-11-03,18.733558
2003-11-04,18.673631
2003-11-05,18.638339
2003-11-06,18.737196
2003-11-07,18.64425
2003-11-10,18.558712
2003-11-11,18.506275
2003-11-12,18.801065
2003-11-13,18.770634
2003-11-14,18.581105
2003-11-17,18.48793
2003-11-18,18.465563
2003-11-19,18.836165
2003-11-20,18.750382
2003-11-21,18.665811
2003-11-24,18.919302
2003-11-25,18.984029
2003-11-26,19.013566
2003-11-28,19.010652
2003-12-01,19.263051
2003-12-02,19.252324
2003-12-03,19.292873
2003-12-04,19.306074
2003-12-05,19.181095
2003-12-08,19.340343
2003-12-09,19.353255
2003-12-10,19.329298
2003-12-11,19.62439
2003-12-12,19.62382
2003-12-15,19.62573
2003-12-16,19.789927
2003-12-17,19.869826
2003-12-18,20.070467
2003-12-19,20.11363
2003-12-22,20.252346
2003-12-23,20.282541
2003-12-24,20.175624
2003-12-26,20.163127
2003-12-29,20.329796
2003-12-30,20.254947
2003-12-31,20.330485
2004-01-02,20.272794
2004-01-05,20.51082
2004-01-06,20.441047
2004-01-07,20.454798
2004-01-08,20.585097
2004-01-09,20.369848
2004-01-12,20.476958
2004-01-13,20.371409
2004-01-14,20.637632
2004-01-15,20.679082
2004-01-16,20.959467
2004-01-20,20.63969
2004-01-21,20.806
2004-01-22,20.649312
2004-01-23,20.525122
2004-01-26,20.811377
2004-01-27,20.592261
2004-01-28,20.290436
2004-01-29,20.212635
2004-01-30,20.114906
2004-02-02,20.091351
2004-02-03,19.940896
2004-02-04,19.840429
2004-02-05,19.924021
2004-02-06,19.97496
2004-02-09,19.874841
2004-02-10,19.864073
2004-02-11,20.126124
2004-02-12,20.056137
2004-02-13,19.926569
2004-02-17,20.075521
2004-02-18,19.923458
2004-02-19,19.814001
2004-02-20,19.773747
2004-02-23,19.75345
2004-02-24,19.645665
2004-02-25,19.626644
2004-02-26,19.561741
2004-02-27,19.542291
2004-03-01,19.704938
2004-03-02,19.572494
2004-03-03,19.675754
2004-03-04,19.711786
2004-03-05,19.709799
2004-03-08,19.40953
2004-03-09,19.259395
2004-03-10,18.922924
2004-03-11,18.642925
2004-03-12,18.915805
2004-03-15,18.702993
2004-03-16,18.814809
2004-03-17,19.047009
2004-03-18,19.026345
2004-03-19,18.785819
2004-03-22,18.488896
2004-03-23,18.464321
2004-03-24,18.451561
2004-03-25,18.792373
2004-03-26,18.831188
2004-03-29,19.061047
2004-03-30,19.179703
2004-03-31,19.175327
2004-04-01,19.201986
2004-04-02,19.463456
2004-04-05,19.665907
2004-04-06,19.669807
2004-04-07,19.549605
2004-04-08,19.398404
2004-04-12,19.521993
2004-04-13,19.243269
2004-04-14,19.148016
2004-04-15,19.193737
2004-04-16,19.376111
2004-04-19,19.244624
2004-04-20,19.015622
2004-04-21,18.999673
2004-04-22,19.244638
2004-04-23,19.03332
2004-04-26,18.956122
2004-04-27,18.911398
2004-04-28,18.618386
2004-04-29,18.411819
2004-04-30,18.322506
2004-05-03,18.488254
2004-05-04,18.432022
2004-05-05,18.433619
2004-05-06,18.346982
2004-05-07,18.089587
2004-05-10,17.829829
2004-05-11,17.957236
2004-05-12,18.068018
2004-05-13,18.047582
2004-05-14,18.046904
2004-05-17,17.830229
2004-05-18,17.965722
2004-05-19,17.891624
2004-05-20,17.814254
2004-05-21,17.99448
2004-05-24,18.094702
2004-05-25,18.35862
2004-05-26,18.386237
2004-05-27,18.567142
2004-05-28,18.528996
2004-06-01,18.517763
2004-06-02,18.672638
2004-06-03,18.531344
2004-06-04,18.643573
2004-06-07,18.956693
2004-06-08,18.986692
2004-06-09,18.826043
2004-06-10,18.987963
2004-06-14,18.898365
2004-06-15,19.034858
2004-06-16,19.099828
2004-06-17,19.116077
2004-06-18,19.242193
2004-06-21,19.227303
2004-06-22,19.364475
2004-06-23,19.62162
2004-06-24,19.522445
2004-06-25,19.327659
2004-06-28,19.296996
2004-06-29,19.424804
2004-06-30,19.486598
2004-07-01,19.236503
2004-07-02,19.041956
2004-07-06,18.989895
2004-07-07,19.083334
2004-07-08,18.921168
2004-07-09,18.926734
2004-07-12,19.013112
2004-07-13,19.056757
2004-07-14,19.037434
2004-07-15,19.083539
2004-07-16,19.019371
2004-07-19,18.87655
2004-07-20,18.976729
2004-07-21,18.627584
2004-07-22,18.409574
2004-07-23,18.197612
2004-07-26,18.112684
2004-07-27,18.26814
2004-07-28,18.32212
2004-07-29,18.294877
2004-07-30,18.28625
2004-08-02,18.340003
2004-08-03,18.122716
2004-08-04,18.111647
2004-08-05,17.752142
2004-08-06,17.386059
2004-08-09,17.444254
2004-08-10,17.685099
2004-08-11,17.649765
2004-08-12,17.37525
2004-08-13,17.413834
2004-08-16,17.738296
2004-08-17,17.681395
2004-08-18,17.866628
2004-08-19,17.74625
2004-08-20,17.843273
2004-08-23,17.806482
2004-08-24,17.882711
2004-08-25,18.05395
2004-08-26,18.058783
2004-08-27,18.052801
2004-08-30,17.940116
2004-08-31,18.034472
2004-09-01,18.083191
2004-09-02,18.310175
2004-09-03,18.222867
2004-09-07,18.389303
2004-09-08,18.394911
2004-09-09,18.35318
2004-09-10,18.416835
2004-09-13,18.442054
2004-09-14,18.459473
2004-09-15,18.276887
2004-09-16,18.37486
2004-09-17,18.607812
2004-09-20,18.523387
2004-09-21,18.596658
2004-09-22,18.298538
2004-09-23,18.112955
2004-09-24,18.096272
2004-09-27,17.953797
2004-09-28,18.17683
2004-09-29,18.266005
2004-09-30,18.301537
2004-10-01,18.640334
2004-10-04,18.675099
2004-10-05,18.55883
2004-10-06,18.730012
2004-10-07,18.492346
2004-10-08,18.138088
2004-10-11,18.19825
2004-10-12,18.183852
2004-10-13,18.00286
2004-10-14,17.880212
2004-10-15,18.016169
2004-10-18,18.025715
2004-10-19,17.769149
2004-10-20,17.625772
2004-10-21,17.602725
2004-10-22,17.43222
2004-10-25,17.45137
2004-10-26,17.693611
2004-10-27,17.834164
2004-10-28,17.799063
2004-10-29,17.855023
2004-11-01,17.855541
2004-11-02,17.826523
2004-11-03,18.009928
2004-11-04,18.343654
2004-11-05,18.463583
2004-11-08,18.500325
2004-11-09,18.567183
2004-11-10,18.580182
2004-11-11,18.80953
2004-11-12,18.954958
2004-11-15,18.858945
2004-11-16,18.768858
2004-11-17,18.880496
2004-11-18,19.005408
2004-11-19,18.767786
2004-11-22,18.8121
2004-11-23,18.730643
2004-11-24,18.77132
2004-11-26,18.741119
2004-11-29,18.693648
2004-11-30,18.723182
2004-12-01,19.038468
2004-12-02,18.98872
2004-12-03,18.985891
2004-12-06,18.946919
2004-12-07,18.730605
2004-12-08,18.838579
2004-12-09,18.938389
2004-12-10,19.055369
2004-12-13,19.325943
2004-12-14,19.331946
2004-12-15,19.350757
2004-12-16,19.21054
2004-12-17,19.157479
2004-12-20,19.221246
2004-12-21,19.325772
2004-12-22,19.337877
2004-12-23,19.341482
2004-12-27,19.224475
2004-12-28,19.369039
2004-12-29,19.303674
2004-12-30,19.290362
2004-12-31,19.244088
2005-01-03,19.092396
2005-01-04,18.81598
2005-01-05,18.722926
2005-01-06,18.805261
2005-01-07,18.70561
2005-01-10,18.717643
2005-01-11,18.616031
2005-01-12,18.689747
2005-01-13,18.480685
2005-01-14,18.627424
2005-01-18,18.684404
2005-01-19,18.51434
2005-01-20,18.403662
2005-01-21,18.068044
2005-01-24,17.999974
2005-01-25,18.179632
2005-01-26,18.23383
2005-01-27,18.138199
2005-01-28,18.136099
2005-01-31,18.326188
2005-02-01,18.282566
2005-02-02,18.110378
2005-02-03,18.042523
2005-02-04,18.159802
2005-02-07,18.150727
2005-02-08,18.244822
2005-02-09,18.064369
2005-02-10,18.109083
2005-02-11,18.249164
2005-02-14,18.232001
2005-02-15,18.288344
2005-02-16,18.306399
2005-02-17,18.167246
2005-02-18,18.143179
2005-02-22,17.857913
2005-02-23,17.890709
2005-02-24,18.053761
2005-02-25,18.205481
2005-02-28,18.079262
2005-03-01,18.15299
2005-03-02,18.200014
2005-03-03,18.247047
2005-03-04,18.523264
2005-03-07,18.593694
2005-03-08,18.587169
2005-03-09,18.401464
2005-03-10,18.470363
2005-03-11,18.363031
2005-03-14,18.469911
2005-03-15,18.369369
2005-03-16,18.157063
2005-03-17,18.138431
2005-03-18,18.217492
2005-03-21,18.183472
2005-03-22,18.061691
2005-03-23,17.993575
2005-03-24,18.030911
2005-03-28,18.054064
2005-03-29,17.810670000000002
2005-03-30,18.098844
2005-03-31,18.050134
2005-04-01,17.885727
2005-04-04,17.846939
2005-04-05,17.938076
2005-04-06,17.946649
2005-04-07,18.082472
2005-04-08,17.928665
2005-04-11,17.950676
2005-04-12,18.076254
2005-04-13,17.80453
2005-04-14,17.525334
2005-04-15,17.11055
2005-04-18,17.125178
2005-04-19,17.169234
2005-04-20,16.876132
2005-04-21,17.17097
2005-04-22,16.994652
2005-04-25,17.152489
2005-04-26,16.902685
2005-04-27,16.921524
2005-04-28,16.644365
2005-04-29,16.859984
2005-05-02,16.898029
2005-05-03,16.760736
2005-05-04,16.938173
2005-05-05,16.84288
2005-05-06,16.884593
2005-05-09,16.993428
2005-05-10,16.802869
2005-05-11,16.931941
2005-05-12,16.727826
2005-05-13,16.633362
2005-05-16,16.853018
2005-05-17,16.965917
2005-05-18,17.214574
2005-05-19,17.212031
2005-05-20,17.212788
2005-05-23,17.32396
2005-05-24,17.285797
2005-05-25,17.147292
2005-05-26,17.246857
2005-05-27,17.241359
2005-05-31,17.124733
2005-06-01,17.25176
2005-06-02,17.256716
2005-06-03,17.158485
2005-06-06,17.176491
2005-06-07,17.223455
2005-06-08,17.143794
2005-06-09,17.132238
2005-06-10,17.099644
2005-06-13,17.099115
2005-06-14,17.076332
2005-06-15,17.089937
2005-06-16,17.107551
2005-06-17,17.256704
2005-06-20,17.189709
2005-06-21,17.143778
2005-06-22,17.068218
2005-06-23,16.705185
2005-06-24,16.590048
2005-06-27,16.559552
2005-06-28,16.834471
2005-06-29,16.741103
2005-06-30,16.620321
2005-07-01,16.648074
2005-07-05,16.691301
2005-07-06,16.524145
2005-07-07,16.558573
2005-07-08,16.833666
2005-07-11,16.893718
2005-07-12,16.832316
2005-07-13,16.883207
2005-07-14,17.015625
2005-07-15,16.870138
2005-07-18,16.757728
2005-07-19,16.88366
2005-07-20,16.998077
2005-07-21,16.794551
2005-07-22,16.802587
2005-07-25,16.649437
2005-07-26,16.633405
2005-07-27,16.600749
2005-07-28,16.625209
2005-07-29,16.488779
2005-08-01,16.470755
2005-08-02,16.444524
2005-08-03,16.457105
2005-08-04,16.341146
2005-08-05,16.23496
2005-08-08,16.208309
2005-08-09,16.33187
2005-08-10,16.272123
2005-08-11,16.457238
2005-08-12,16.348043
2005-08-15,16.402706
2005-08-16,16.208797
2005-08-17,16.272903
2005-08-18,16.202953
2005-08-19,16.255294
2005-08-22,16.291913
2005-08-23,16.216031
2005-08-24,16.077094
2005-08-25,16.095882
2005-08-26,16.02074
2005-08-29,16.080002
2005-08-30,15.947985
2005-08-31,16.10623
2005-09-01,16.014742
2005-09-02,16.03907
2005-09-06,16.25479
2005-09-07,16.295445
2005-09-08,16.205282
2005-09-09,16.305437
2005-09-12,16.408249
2005-09-13,16.349121
2005-09-14,16.235306
2005-09-15,16.263384
2005-09-16,16.36076
2005-09-19,16.141461
2005-09-20,16.054153
2005-09-21,15.937771
2005-09-22,15.991695
2005-09-23,16.094481
2005-09-26,16.058186
2005-09-27,16.160485
2005-09-28,16.156676
2005-09-29,16.23603
2005-09-30,16.294565
2005-10-03,16.211857
2005-10-04,16.048268
2005-10-05,15.855538
2005-10-06,16.00339
2005-10-07,16.153749
2005-10-10,16.05836
2005-10-11,15.987683
2005-10-12,15.971092
2005-10-13,15.974546
2005-10-14,15.98174
2005-10-17,15.959353
2005-10-18,15.804168
2005-10-19,15.952257
2005-10-20,15.719771
2005-10-21,15.670354
2005-10-24,15.811134
2005-10-25,15.715521
2005-10-26,15.579817
2005-10-27,15.420552
2005-10-28,15.668306
2005-10-31,15.694966
2005-11-01,15.623115
2005-11-02,15.768787
2005-11-03,15.851179
2005-11-04,15.848616
2005-11-07,15.908486
2005-11-08,15.822652
2005-11-09,15.854367
2005-11-10,16.046305
2005-11-11,16.095549
2005-11-14,16.12067
2005-11-15,16.100939
2005-11-16,16.130133
2005-11-17,16.287727
2005-11-18,16.571472
2005-11-21,16.714438
2005-11-22,16.766962
2005-11-23,16.742249
2005-11-25,16.768426
2005-11-28,16.687649
2005-11-29,16.712581
2005-11-30,16.667948
2005-12-01,16.843173
2005-12-02,16.793573
2005-12-05,16.729695
2005-12-06,16.780422
2005-12-07,16.67229
2005-12-08,16.582099
2005-12-09,16.683124
2005-12-12,16.688523
2005-12-13,16.709561
2005-12-14,16.858493
2005-12-15,16.88236
2005-12-16,16.893836
2005-12-19,16.740006
2005-12-20,16.754737
2005-12-21,16.799424
2005-12-22,16.916416
2005-12-23,16.933724
2005-12-27,16.775254
2005-12-28,16.819752
2005-12-29,16.814903
2005-12-30,16.723653
2006-01-03,16.850832
2006-01-04,16.887931
2006-01-05,16.83521
2006-01-06,16.929113
2006-01-09,17.021299
2006-01-10,16.979111
2006-01-11,16.989087
2006-01-12,16.854438
2006-01-13,16.830147
2006-01-17,16.751413
2006-01-18,16.761437
2006-01-19,16.805186
2006-01-20,16.220009
2006-01-23,16.239862
2006-01-24,16.213847
2006-01-25,16.142024
2006-01-26,16.179428
2006-01-27,16.172315
2006-01-30,16.185722
2006-01-31,16.092365
2006-02-01,16.126241
2006-02-02,15.925723
2006-02-03,15.891229
2006-02-06,15.935071
2006-02-07,15.790291
2006-02-08,15.898822
2006-02-09,15.975805
2006-02-10,16.105267
2006-02-13,16.078547
2006-02-14,16.257498
2006-02-15,16.289217
2006-02-16,16.310854
2006-02-17,16.374305
2006-02-21,16.3025
2006-02-22,16.45751
2006-02-23,16.361262
2006-02-24,16.391653
2006-02-27,16.489839
2006-02-28,16.28093
2006-03-01,16.383178
2006-03-02,16.343638
2006-03-03,16.406774
2006-03-06,16.314093
2006-03-07,16.338516
2006-03-08,16.342484
2006-03-09,16.309701
2006-03-10,16.480001
2006-03-13,16.478571
2006-03-14,16.646365
2006-03-15,16.845573
2006-03-16,16.87102
2006-03-17,16.969036
2006-03-20,16.970082
2006-03-21,16.875823
2006-03-22,17.018497
2006-03-23,16.901529
2006-03-24,16.898863
2006-03-27,16.876623
2006-03-28,16.798995
2006-03-29,16.921912
2006-03-30,16.959074
2006-03-31,16.954869
2006-04-03,16.994029
2006-04-04,17.107307
2006-04-05,17.09762
2006-04-06,17.100533
2006-04-07,16.946252
2006-04-10,16.926804
2006-04-11,16.870242
2006-04-12,16.995341
2006-04-13,16.792584
2006-04-17,16.672466
2006-04-18,17.029508
2006-04-19,17.056266
2006-04-20,17.027814
2006-04-21,16.997734
2006-04-24,16.971092
2006-04-25,16.77333
2006-04-26,16.806073
2006-04-27,16.71617
2006-04-28,16.687565
2006-05-01,16.705055
2006-05-02,16.812271
2006-05-03,16.823007
2006-05-04,16.982431
2006-05-05,17.156896
2006-05-08,17.122595
2006-05-09,17.151198
2006-05-10,17.133998
2006-05-11,16.993698
2006-05-12,16.767112
2006-05-15,16.797443
2006-05-16,16.774062
2006-05-17,16.43741
2006-05-18,16.250404
2006-05-19,16.323891
2006-05-22,16.290289
2006-05-23,16.226487
2006-05-24,16.192985
2006-05-25,16.300181
2006-05-26,16.369928
2006-05-30,16.181754
2006-05-31,16.316067
2006-06-01,16.473687
2006-06-02,16.478205
2006-06-05,16.148883
2006-06-06,16.101747
2006-06-07,15.939611
2006-06-08,15.939724
2006-06-09,15.812747
2006-06-12,15.608525
2006-06-13,15.551434
2006-06-14,15.69229
2006-06-15,16.028785
2006-06-16,15.998536
2006-06-19,15.868421
2006-06-20,15.865914
2006-06-21,16.015379
2006-06-22,15.898521
2006-06-23,15.913171
2006-06-26,15.961638
2006-06-27,15.791964
2006-06-28,15.849438
2006-06-29,16.174926
2006-06-30,16.230447
2006-07-03,16.315762
2006-07-05,16.196659
2006-07-06,16.249878
2006-07-07,16.020883
2006-07-10,16.092783
2006-07-11,16.128492
2006-07-12,15.979218
2006-07-13,15.7071
2006-07-14,15.327412
2006-07-17,15.318535
2006-07-18,15.353386
2006-07-19,15.636906
2006-07-20,15.281027
2006-07-21,15.101331
2006-07-24,15.336418
2006-07-25,15.223049
2006-07-26,14.831857
2006-07-27,14.782915
2006-07-28,14.946105
2006-07-31,14.862367
2006-08-01,14.792245
2006-08-02,14.867752
2006-08-03,14.96129
2006-08-04,14.921495
2006-08-07,14.837863
2006-08-08,14.705727
2006-08-09,14.510565
2006-08-10,14.61761
2006-08-11,14.538755
2006-08-14,14.589151
2006-08-15,14.828708
2006-08-16,15.16689
2006-08-17,15.207801
2006-08-18,15.166957
2006-08-21,15.045028
2006-08-22,15.051283
2006-08-23,14.969034
2006-08-24,14.891092
2006-08-25,14.884108
2006-08-28,14.971996
2006-08-29,14.992138
2006-08-30,15.005239
2006-08-31,15.036644
2006-09-01,15.129785
2006-09-05,15.168184
2006-09-06,15.056534
2006-09-07,14.974753
2006-09-08,15.001828
2006-09-11,15.050494
2006-09-12,15.195748
2006-09-13,15.351661
2006-09-14,15.317073
2006-09-15,15.377697
2006-09-18,15.415371
2006-09-19,15.367605
2006-09-20,15.453034
2006-09-21,15.257275
2006-09-22,15.215716
2006-09-25,15.39145
2006-09-26,15.678852
2006-09-27,15.704643
2006-09-28,15.780482
2006-09-29,15.70991
2006-10-02,15.750301
2006-10-03,15.857715
2006-10-04,16.045446
2006-10-05,16.185111
2006-10-06,16.116466
2006-10-09,16.126033
2006-10-10,16.171076
2006-10-11,16.1277
2006-10-12,16.270283
2006-10-13,16.128541
2006-10-16,16.193319
2006-10-17,16.058545
2006-10-18,15.99495
2006-10-19,15.892428
2006-10-20,15.790448
2006-10-23,15.923174
2006-10-24,15.906572
2006-10-25,15.774728
2006-10-26,15.749525
2006-10-27,15.604248
2006-10-30,15.714432
2006-10-31,15.686506
2006-11-01,15.586938
2006-11-02,15.542086
2006-11-03,15.503008
2006-11-06,15.667318
2006-11-07,15.808364
2006-11-08,15.841334
2006-11-09,15.729732
2006-11-10,15.768387
2006-11-13,15.859611
2006-11-14,15.910494
2006-11-15,16.014295
2006-11-16,16.12254
2006-11-17,16.139406
2006-11-20,16.087914
2006-11-21,16.140366
2006-11-22,16.167555
2006-11-24,16.103767
2006-11-27,15.893551
2006-11-28,15.854357
2006-11-29,15.978646
2006-11-30,15.976616
2006-12-01,15.90337
2006-12-04,16.056361
2006-12-05,16.103887
2006-12-06,16.097508
2006-12-07,16.073123
2006-12-08,16.066529
2006-12-11,16.035436
2006-12-12,16.031674
2006-12-13,16.024959
2006-12-14,16.176954
2006-12-15,16.28703
2006-12-18,16.314086
2006-12-19,16.343992
2006-12-20,16.392461
2006-12-21,16.317077
2006-12-22,16.211648
2006-12-26,16.281947
2006-12-27,16.37677
2006-12-28,16.308411
2006-12-29,16.218813
2007-01-03,16.314129
2007-01-04,16.261559
2007-01-05,16.164759
2007-01-08,16.236032
2007-01-09,16.246929
2007-01-10,16.278576
2007-01-11,16.421871
2007-01-12,16.46596
2007-01-16,16.565522
2007-01-17,16.540269
2007-01-18,16.521692
2007-01-19,16.286794
2007-01-22,16.104416
2007-01-23,16.202435
2007-01-24,16.18531
2007-01-25,15.973072
2007-01-26,15.85885
2007-01-29,15.890499
2007-01-30,15.907902
2007-01-31,16.028621
2007-02-01,16.177129
2007-02-02,16.211095
2007-02-05,16.198856
2007-02-06,16.1834
2007-02-07,16.163516
2007-02-08,16.044988
2007-02-09,15.967278
2007-02-12,15.988355
2007-02-13,16.102049
2007-02-14,16.354788
2007-02-15,16.310639
2007-02-16,16.240517
2007-02-20,16.303173
2007-02-21,16.289006
2007-02-22,16.180989
2007-02-23,16.125066
2007-02-26,16.0698
2007-02-27,15.59564
2007-02-28,15.647359
2007-03-01,15.629033
2007-03-02,15.5034
2007-03-05,15.408085
2007-03-06,15.561735
2007-03-07,15.549268
2007-03-08,15.654886
2007-03-09,15.667284
2007-03-12,15.771246
2007-03-13,15.482594
2007-03-14,15.590876
2007-03-15,15.633542
2007-03-16,15.617472
2007-03-19,15.773473
2007-03-20,15.817618
2007-03-21,16.035224
2007-03-22,16.042462
2007-03-23,16.137655
2007-03-26,16.082065
2007-03-27,15.963649
2007-03-28,15.809717
2007-03-29,15.842222
2007-03-30,15.835933
2007-04-02,15.829497
2007-04-03,15.950749
2007-04-04,15.916503
2007-04-05,15.916246
2007-04-09,15.938153
2007-04-10,15.955694
2007-04-11,15.871754
2007-04-12,16.025316
2007-04-13,15.92268
2007-04-16,16.011398
2007-04-17,16.011418
2007-04-18,16.018888
2007-04-19,15.987358
2007-04-20,16.091311
2007-04-23,16.069036
2007-04-24,15.994711
2007-04-25,16.024621
2007-04-26,16.007661
2007-04-27,16.159617
2007-04-30,15.999466
2007-05-01,16.035949
2007-05-02,16.162779
2007-05-03,16.240494
2007-05-04,16.240416
2007-05-07,16.27653
2007-05-08,16.231572
2007-05-09,16.375988
2007-05-10,16.165357
2007-05-11,16.302452
2007-05-14,16.242785
2007-05-15,16.271942
2007-05-16,16.314468
2007-05-17,16.276939
2007-05-18,16.332761
2007-05-21,16.358049
2007-05-22,16.327978
2007-05-23,16.376556
2007-05-24,16.285203
2007-05-25,16.388147
2007-05-29,16.41643
2007-05-30,16.563143
2007-05-31,16.63809
2007-06-01,16.698347
2007-06-04,16.745707
2007-06-05,16.666596
2007-06-06,16.529036
2007-06-07,16.254629
2007-06-08,16.506772
2007-06-11,16.515719
2007-06-12,16.337295
2007-06-13,16.655151
2007-06-14,16.77891
2007-06-15,16.880043
2007-06-18,16.817855
2007-06-19,16.981947
2007-06-20,16.819886
2007-06-21,16.892489
2007-06-22,16.718834
2007-06-25,16.67623
2007-06-26,16.591176
2007-06-27,16.672417
2007-06-28,16.660388
2007-06-29,16.692157
2007-07-02,16.859776
2007-07-03,16.910097
2007-07-05,16.90783
2007-07-06,16.969254
2007-07-09,17.095774
2007-07-10,16.825148
2007-07-11,16.995268
2007-07-12,17.272977
2007-07-13,17.270789
2007-07-16,17.405429
2007-07-17,17.513108
2007-07-18,17.425743
2007-07-19,17.498803
2007-07-20,17.200965
2007-07-23,17.329185
2007-07-24,16.973783
2007-07-25,16.88645
2007-07-26,16.475576
2007-07-27,16.194465
2007-07-30,16.437344
2007-07-31,16.232523
2007-08-01,16.333828
2007-08-02,16.490443
2007-08-03,16.111115
2007-08-06,16.393976
2007-08-07,16.362739
2007-08-08,16.441543
2007-08-09,15.932833
2007-08-10,15.919012
2007-08-13,16.034297
2007-08-14,15.73066
2007-08-15,15.365046
2007-08-16,15.273958
2007-08-17,15.672201
2007-08-20,15.79864
2007-08-21,15.765095
2007-08-22,16.059454
2007-08-23,15.941424
2007-08-24,16.152562
2007-08-27,16.073769
2007-08-28,15.653632
2007-08-29,15.989794
2007-08-30,15.908652
2007-08-31,16.124998
2007-09-04,16.213317
2007-09-05,16.02284
2007-09-06,16.168466
2007-09-07,15.859103
2007-09-10,15.851825
2007-09-11,16.024767
2007-09-12,16.062986
2007-09-13,16.206472
2007-09-14,16.224352
2007-09-17,16.144524
2007-09-18,16.672167
2007-09-19,16.75506
2007-09-20,16.624216
2007-09-21,16.719952
2007-09-24,16.61046
2007-09-25,16.724399
2007-09-26,16.798747
2007-09-27,16.880345
2007-09-28,16.87341
2007-10-01,17.077559
2007-10-02,17.010126
2007-10-03,16.839631
2007-10-04,16.916143
2007-10-05,17.075369
2007-10-08,17.043052
2007-10-09,17.205181
2007-10-10,17.141744
2007-10-11,17.030494
2007-10-12,16.900004
2007-10-15,16.763124
2007-10-16,16.694697
2007-10-17,16.669407
2007-10-18,16.691932
2007-10-19,16.164056
2007-10-22,16.285701
2007-10-23,16.370201
2007-10-24,16.319468
2007-10-25,16.241796
2007-10-26,16.301632
2007-10-29,16.368711
2007-10-30,16.297397
2007-10-31,16.503291
2007-11-01,16.153391
2007-11-02,16.26275
2007-11-05,16.258489
2007-11-06,16.419941
2007-11-07,15.98716
2007-11-08,16.018104
2007-11-09,15.697697
2007-11-12,15.559546
2007-11-13,16.03147
2007-11-14,15.838138
2007-11-15,15.60691
2007-11-16,15.606928
2007-11-19,15.394985
2007-11-20,15.414399
2007-11-21,15.155506
2007-11-23,15.400355
2007-11-26,15.136279
2007-11-27,15.40871
2007-11-28,15.841033
2007-11-29,15.750259
2007-11-30,15.956603
2007-12-03,15.674998
2007-12-04,15.5811
2007-12-05,15.913443
2007-12-06,16.170793
2007-12-07,16.224696
2007-12-10,16.325251
2007-12-11,15.804654
2007-12-12,15.948393
2007-12-13,16.078423
2007-12-14,15.843469
2007-12-17,15.576127
2007-12-18,15.664872
2007-12-19,15.620407
2007-12-20,15.648034
2007-12-21,15.928073
2007-12-24,16.093058
2007-12-26,16.095605
2007-12-27,15.888571
2007-12-28,15.912123
2007-12-31,15.793286
2008-01-02,15.522768
2008-01-03,15.600743
2008-01-04,15.214368
2008-01-07,15.121759
2008-01-08,14.779429
2008-01-09,14.885446
2008-01-10,15.073089
2008-01-11,14.779883
2008-01-14,14.968927
2008-01-15,14.62545
2008-01-16,14.578089
2008-01-17,14.052858
2008-01-18,14.101285
2008-01-22,14.048009
2008-01-23,14.370727
2008-01-24,14.394523
2008-01-25,14.294973
2008-01-28,14.515848
2008-01-29,14.556353
2008-01-30,14.541188
2008-01-31,14.728589
2008-02-01,14.96879
2008-02-04,14.824842
2008-02-05,14.374986
2008-02-06,14.329214
2008-02-07,14.356411
2008-02-08,14.276213
2008-02-11,14.401616
2008-02-12,14.518631
2008-02-13,14.774428
2008-02-14,14.562746
2008-02-15,14.496945
2008-02-19,14.499556
2008-02-20,14.564486
2008-02-21,14.355807
2008-02-22,14.430722
2008-02-25,14.671938
2008-02-26,14.711529
2008-02-27,14.678518
2008-02-28,14.599905
2008-02-29,14.251184
2008-03-03,14.3382
2008-03-04,14.287632
2008-03-05,14.424254
2008-03-06,14.157928
2008-03-07,13.926461
2008-03-10,13.671378
2008-03-11,14.178007
2008-03-12,14.219332
2008-03-13,14.307783
2008-03-14,14.113379
2008-03-17,14.103473
2008-03-18,14.662678
2008-03-19,14.305016
2008-03-20,14.602586
2008-03-24,14.821166
2008-03-25,14.91577
2008-03-26,14.819196
2008-03-27,14.665879
2008-03-28,14.620172
2008-03-31,14.732991
2008-04-01,15.2202
2008-04-02,15.172648
2008-04-03,15.14142
2008-04-04,15.195726
2008-04-07,15.143518
2008-04-08,15.083557
2008-04-09,14.951192
2008-04-10,15.044592
2008-04-11,14.339984
2008-04-14,14.574199
2008-04-15,14.634419
2008-04-16,14.993511
2008-04-17,14.840437
2008-04-18,15.217985
2008-04-21,15.132211
2008-04-22,14.946351
2008-04-23,14.911232
2008-04-24,14.965498
2008-04-25,15.084778
2008-04-28,15.088151
2008-04-29,15.029642
2008-04-30,14.962646
2008-05-01,15.177099
2008-05-02,15.21535
2008-05-05,15.144179
2008-05-06,15.2077
2008-05-07,14.935365
2008-05-08,15.026005
2008-05-09,14.905291
2008-05-12,15.107387
2008-05-13,15.192294
2008-05-14,15.224174
2008-05-15,15.265866
2008-05-16,15.217869
2008-05-19,15.290218
2008-05-20,15.109871
2008-05-21,14.847832
2008-05-22,14.869268
2008-05-23,14.655749
2008-05-27,14.77737
2008-05-28,14.900049
2008-05-29,14.975328
2008-05-30,15.073384
2008-06-02,14.906739
2008-06-03,14.797648
2008-06-04,14.780655
2008-06-05,14.966339
2008-06-06,14.395692
2008-06-09,14.460165
2008-06-10,14.452136
2008-06-11,14.135465
2008-06-12,14.166484
2008-06-13,14.332607
2008-06-16,14.291025
2008-06-17,14.145994
2008-06-18,14.011953
2008-06-19,14.173951
2008-06-20,13.941125
2008-06-23,13.958358
2008-06-24,13.860124
2008-06-25,13.789532
2008-06-26,13.250218
2008-06-27,13.180683
2008-06-30,13.303171
2008-07-01,13.31891
2008-07-02,12.91438
2008-07-03,13.05475
2008-07-07,13.058161
2008-07-08,13.37258
2008-07-09,13.073442
2008-07-10,13.230449
2008-07-11,13.022749
2008-07-14,13.015772
2008-07-15,12.765747
2008-07-16,13.177874
2008-07-17,13.319458
2008-07-18,13.298987
2008-07-21,13.289805
2008-07-22,13.484957
2008-07-23,13.60968
2008-07-24,13.160512
2008-07-25,13.255849
2008-07-28,12.972772
2008-07-29,13.302129
2008-07-30,13.497616
2008-07-31,13.187356
2008-08-01,13.086765
2008-08-04,13.01129
2008-08-05,13.392278
2008-08-06,13.388362
2008-08-07,13.197778
2008-08-08,13.630303
2008-08-11,13.658883
2008-08-12,13.516971
2008-08-13,13.379597
2008-08-14,13.450532
2008-08-15,13.549732
2008-08-18,13.380355
2008-08-19,13.154026
2008-08-20,13.13017
2008-08-21,13.15791
2008-08-22,13.362161
2008-08-25,13.097007
2008-08-26,13.1134
2008-08-27,13.191366
2008-08-28,13.502343
2008-08-29,13.311934
2008-09-02,13.311959
2008-09-03,13.2465
2008-09-04,12.77123
2008-09-05,12.800457
2008-09-08,13.106177
2008-09-09,12.672258
2008-09-10,12.754456
2008-09-11,12.972139
2008-09-12,12.884373
2008-09-15,12.369101
2008-09-16,12.51237
2008-09-17,11.92361
2008-09-18,12.355553
2008-09-19,12.742639
2008-09-22,12.356302
2008-09-23,12.053067
2008-09-24,11.886646
2008-09-25,12.351104
2008-09-26,12.372634
2008-09-29,11.625596
2008-09-30,12.166926
2008-10-01,11.859045
2008-10-02,11.068576
2008-10-03,10.953417
2008-10-06,10.727777
2008-10-07,10.277796
2008-10-08,10.239302
2008-10-09,9.602005
2008-10-10,9.806431
2008-10-13,10.578056
2008-10-14,10.54631
2008-10-15,9.660558
2008-10-16,10.0742
2008-10-17,9.938277
2008-10-20,10.332526
2008-10-21,10.091411
2008-10-22,9.591042
2008-10-23,9.671385
2008-10-24,9.294314
2008-10-27,9.077605
2008-10-28,9.989067
2008-10-29,9.985154
2008-10-30,10.287803
2008-10-31,10.525276
2008-11-03,10.494626
2008-11-04,11.087911
2008-11-05,10.563143
2008-11-06,9.920914
2008-11-07,10.179592
2008-11-10,10.178084
2008-11-11,9.906258
2008-11-12,9.387618
2008-11-13,9.924438
2008-11-14,9.479176
2008-11-17,9.312321
2008-11-18,9.365072
2008-11-19,8.761609
2008-11-20,8.274707
2008-11-21,8.843598
2008-11-24,9.30559
2008-11-25,9.44071
2008-11-26,9.743031
2008-11-28,10.02724
2008-12-01,9.18894
2008-12-02,9.784444
2008-12-03,10.169659
2008-12-04,9.956664
2008-12-05,10.194198
2008-12-08,10.665027
2008-12-09,10.495646
2008-12-10,10.66951
2008-12-11,10.264273
2008-12-12,10.352065
2008-12-15,10.3028
2008-12-16,10.88127
2008-12-17,11.041929
2008-12-18,10.712308
2008-12-19,10.85197
2008-12-22,10.760721
2008-12-23,10.712432
2008-12-24,10.743532
2008-12-26,10.801659
2008-12-29,10.675426
2008-12-30,10.979755
2008-12-31,11.22047
2009-01-02,11.693611
2009-01-05,11.652347
2009-01-06,11.874495
2009-01-07,11.428126
2009-01-08,11.478214
2009-01-09,11.365551
2009-01-12,11.165409
2009-01-13,10.914436
2009-01-14,10.530329
2009-01-15,10.562789
2009-01-16,10.707845
2009-01-20,10.1688
2009-01-21,10.453853
2009-01-22,10.512601
2009-01-23,10.44218
2009-01-26,10.593945
2009-01-27,11.02399
2009-01-28,11.290983
2009-01-29,10.916501
2009-01-30,10.705663
2009-02-02,10.494359
2009-02-03,10.775247
2009-02-04,10.793605
2009-02-05,10.902193
2009-02-06,11.21296
2009-02-09,11.511588
2009-02-10,10.891406
2009-02-11,10.98494
2009-02-12,10.884578
2009-02-13,10.897591
2009-02-17,10.38764
2009-02-18,10.40805
2009-02-19,10.193107
2009-02-20,9.987359
2009-02-23,9.551343
2009-02-24,9.864046
2009-02-25,9.584378
2009-02-26,9.476174
2009-02-27,9.215824
2009-03-02,8.612253
2009-03-03,8.506151
2009-03-04,8.729352
2009-03-05,8.387367
2009-03-06,8.421071
2009-03-09,8.411125
2009-03-10,9.127628
2009-03-11,9.200925
2009-03-12,9.601617
2009-03-13,9.588704
2009-03-16,9.770896
2009-03-17,10.119266
2009-03-18,10.300795
2009-03-19,10.332849
2009-03-20,10.153883
2009-03-23,10.930673
2009-03-24,10.873515
2009-03-25,10.946051
2009-03-26,11.508285
2009-03-27,11.283715
2009-03-30,10.780182
2009-03-31,10.921598
2009-04-01,11.060639
2009-04-02,11.684924
2009-04-03,11.788507
2009-04-06,11.869474
2009-04-07,11.493015
2009-04-08,11.593018
2009-04-09,12.228625
2009-04-13,12.339911
2009-04-14,12.151045
2009-04-15,12.353101
2009-04-16,12.677087
2009-04-17,12.962385
2009-04-20,12.469651
2009-04-21,12.769102
2009-04-22,12.97757
2009-04-23,13.212431
2009-04-24,13.524954
2009-04-27,13.352546
2009-04-28,13.197729
2009-04-29,13.589364
2009-04-30,13.684519
2009-05-01,13.864954
2009-05-04,14.348733
2009-05-05,14.378395
2009-05-06,14.657931
2009-05-07,14.45195
2009-05-08,14.94386
2009-05-11,14.482634
2009-05-12,14.35024
2009-05-13,13.780597
2009-05-14,13.89721
2009-05-15,13.824675
2009-05-18,14.262715
2009-05-19,14.286485
2009-05-20,14.327099
2009-05-21,13.88325
2009-05-22,13.86054
2009-05-26,14.275227
2009-05-27,13.927626
2009-05-28,14.024646
2009-05-29,14.295548
2009-06-01,14.967104
2009-06-02,15.038893
2009-06-03,14.735343
2009-06-04,14.997615
2009-06-05,15.109401
2009-06-08,15.085041
2009-06-09,15.092581
2009-06-10,15.008277
2009-06-11,15.010963
2009-06-12,15.049214
2009-06-15,14.585324
2009-06-16,14.365822
2009-06-17,14.226459
2009-06-18,14.178894
2009-06-19,14.253825
2009-06-22,13.761134
2009-06-23,13.750584
2009-06-24,13.797955
2009-06-25,14.210569
2009-06-26,14.170819
2009-06-29,14.283332
2009-06-30,14.110217
2009-07-01,14.236962
2009-07-02,13.764673
2009-07-06,13.796605
2009-07-07,13.355028
2009-07-08,13.316677
2009-07-09,13.395773
2009-07-10,13.45431
2009-07-13,13.787471
2009-07-14,13.958202
2009-07-15,14.426364
2009-07-16,14.680331
2009-07-17,14.71201
2009-07-20,14.956958
2009-07-21,14.787806
2009-07-22,14.880266
2009-07-23,15.168519
2009-07-24,15.142522
2009-07-27,15.265973
2009-07-28,15.15684
2009-07-29,15.091063
2009-07-30,15.405684
2009-07-31,15.481963
2009-08-03,15.809043
2009-08-04,15.881312
2009-08-05,15.788574
2009-08-06,15.893388
2009-08-07,16.266523
2009-08-10,16.08226
2009-08-11,15.880308
2009-08-12,16.136147
2009-08-13,16.168906
2009-08-14,15.924702
2009-08-17,15.466691
2009-08-18,15.682379
2009-08-19,15.656717
2009-08-20,15.872098
2009-08-21,16.272749
2009-08-24,16.281165
2009-08-25,16.385721
2009-08-26,16.258363
2009-08-27,16.484974
2009-08-28,16.492768
2009-08-31,16.351969
2009-09-01,16.045857
2009-09-02,15.959776
2009-09-03,16.220567
2009-09-04,16.558037
2009-09-08,16.80687
2009-09-09,17.06018
2009-09-10,17.21957
2009-09-11,17.272599
2009-09-14,17.467351
2009-09-15,17.670381
2009-09-16,17.9401
2009-09-17,17.874453
2009-09-18,17.8739
2009-09-21,17.767504
2009-09-22,17.920281
2009-09-23,17.746099
2009-09-24,17.479428
2009-09-25,17.322053
2009-09-28,17.601177
2009-09-29,17.606729
2009-09-30,17.456563
2009-10-01,17.008158
2009-10-02,16.770704
2009-10-05,17.085172
2009-10-06,17.316436
2009-10-07,17.325304
2009-10-08,17.547716
2009-10-09,17.655186
2009-10-12,17.642205
2009-10-13,17.620093
2009-10-14,18.110435
2009-10-15,18.155693
2009-10-16,18.101363
2009-10-19,18.096644
2009-10-20,17.753657
2009-10-21,16.821957
2009-10-22,16.826287
2009-10-23,16.468757
2009-10-26,16.307087
2009-10-27,16.072281
2009-10-28,15.672798
2009-10-29,15.981111
2009-10-30,15.494708
2009-11-02,15.639615
2009-11-03,15.853404
2009-11-04,15.802731
2009-11-05,16.200514
2009-11-06,16.399019
2009-11-09,16.798581
2009-11-10,16.754521
2009-11-11,16.841063
2009-11-12,16.670118
2009-11-13,16.778928
2009-11-16,17.113459
2009-11-17,17.109663
2009-11-18,17.052116
2009-11-19,16.800384
2009-11-20,16.741042
2009-11-23,16.98405
2009-11-24,16.932548
2009-11-25,16.965868
2009-11-27,16.698368
2009-11-30,16.727987
2009-12-01,16.963294
2009-12-02,16.938751
2009-12-03,16.82427
2009-12-04,17.070527
2009-12-07,17.054009
2009-12-08,16.758381
2009-12-09,16.725572
2009-12-10,16.777172
2009-12-11,16.938224
2009-12-14,17.125632
2009-12-15,17.074915
2009-12-16,16.94547
2009-12-17,16.714709
2009-12-18,16.67608
2009-12-21,16.806333
2009-12-22,16.82431
2009-12-23,16.840477
2009-12-24,16.91773
2009-12-28,16.896694
2009-12-29,16.929878
2009-12-30,16.884515
2009-12-31,16.663283
2010-01-04,16.942379
2010-01-05,16.992096
2010-01-06,17.026894
2010-01-07,17.244791
2010-01-08,17.496607
2010-01-11,17.670231
2010-01-12,17.534683
2010-01-13,17.624285
2010-01-14,17.618234
2010-01-15,17.396652
2010-01-19,17.506022
2010-01-20,17.271345
2010-01-21,16.776897
2010-01-22,16.448471
2010-01-25,16.432917
2010-01-26,16.372652
2010-01-27,16.313087
2010-01-28,16.034379
2010-01-29,15.895102
2010-02-01,16.138512
2010-02-02,16.418718
2010-02-03,16.254229
2010-02-04,15.717144
2010-02-05,15.584605
2010-02-08,15.407685
2010-02-09,15.656926
2010-02-10,15.604093
2010-02-11,15.826625
2010-02-12,15.701774
2010-02-16,15.989042
2010-02-17,16.052629
2010-02-18,16.171298
2010-02-19,16.244555
2010-02-22,16.254096
2010-02-23,16.052684
2010-02-24,16.201511
2010-02-25,16.137949
2010-02-26,16.21806
2010-03-01,16.336081
2010-03-02,16.378749
2010-03-03,16.395244
2010-03-04,16.467252
2010-03-05,16.718604
2010-03-08,16.638495
2010-03-09,16.770353
2010-03-10,16.829485
2010-03-11,16.873493
2010-03-12,16.993946
2010-03-15,17.028287
2010-03-16,17.212025
2010-03-17,17.269393
2010-03-18,17.357211
2010-03-19,17.248494
2010-03-22,17.299099
2010-03-23,17.487619
2010-03-24,17.379473
2010-03-25,17.338778
2010-03-26,17.392918
2010-03-29,17.534189
2010-03-30,17.559744
2010-03-31,17.451615
2010-04-01,17.55249
2010-04-05,17.680383
2010-04-06,17.675949
2010-04-07,17.574748
2010-04-08,17.623101
2010-04-09,17.716955
2010-04-12,17.748734
2010-04-13,17.778477
2010-04-14,17.950553
2010-04-15,18.051916
2010-04-16,17.596086
2010-04-19,17.541424
2010-04-20,17.57454
2010-04-21,17.511519
2010-04-22,17.517868
2010-04-23,17.585951
2010-04-26,17.482543
2010-04-27,16.85561
2010-04-28,16.844313
2010-04-29,17.137919
2010-04-30,16.739827
2010-05-03,17.088239
2010-05-04,16.480131
2010-05-05,16.214377
2010-05-06,15.649549
2010-05-07,15.319871
2010-05-10,16.175886
2010-05-11,16.142674
2010-05-12,16.46757
2010-05-13,16.23395
2010-05-14,15.886087
2010-05-17,15.834863
2010-05-18,15.616466
2010-05-19,15.3884
2010-05-20,14.626553
2010-05-21,14.853607
2010-05-24,14.618342
2010-05-25,14.593468
2010-05-26,14.632227
2010-05-27,15.117367
2010-05-28,14.879473
2010-06-01,14.566165
2010-06-02,14.926243
2010-06-03,14.999303
2010-06-04,14.318374
2010-06-07,13.954558
2010-06-08,14.091315
2010-06-09,14.068219
2010-06-10,14.564434
2010-06-11,14.638453
2010-06-14,14.613358
2010-06-15,15.04251
2010-06-16,14.996749
2010-06-17,15.022172
2010-06-18,15.087792
2010-06-21,15.136544
2010-06-22,14.765918
2010-06-23,14.705957
2010-06-24,14.444095
2010-06-25,14.521298
2010-06-28,14.432695
2010-06-29,13.87158
2010-06-30,13.807422
2010-07-01,13.713478
2010-07-02,13.573867
2010-07-06,13.584125
2010-07-07,14.065175
2010-07-08,14.25279
2010-07-09,14.347418
2010-07-12,14.294691
2010-07-13,14.533798
2010-07-14,14.548503
2010-07-15,14.512382
2010-07-16,13.894736
2010-07-19,13.949827
2010-07-20,14.177718
2010-07-21,14.052113
2010-07-22,14.295151
2010-07-23,14.436965
2010-07-26,14.649443
2010-07-27,14.452781
2010-07-28,14.328906
2010-07-29,14.273706
2010-07-30,14.321029
2010-08-02,14.614199
2010-08-03,14.504158
2010-08-04,14.584192
2010-08-05,14.592943
2010-08-06,14.514968
2010-08-09,14.604168
2010-08-10,14.484547
2010-08-11,13.945686
2010-08-12,13.829814
2010-08-13,13.79579
2010-08-16,13.788541
2010-08-17,14.033959
2010-08-18,14.041981
2010-08-19,13.737034
2010-08-20,13.644336
2010-08-23,13.492313
2010-08-24,13.229108
2010-08-25,13.202649
2010-08-26,13.162839
2010-08-27,13.438831
2010-08-30,13.219194
2010-08-31,13.182288
2010-09-01,13.691112
2010-09-02,13.874608
2010-09-03,14.074536
2010-09-07,13.950319
2010-09-08,14.091328
2010-09-09,14.108179
2010-09-10,14.218099
2010-09-13,14.363531
2010-09-14,14.325126
2010-09-15,14.336883
2010-09-16,14.290436
2010-09-17,14.418893
2010-09-20,14.652678
2010-09-21,14.667714
2010-09-22,14.604631
2010-09-23,14.387615
2010-09-24,14.782567
2010-09-27,14.664825
2010-09-28,14.75425
2010-09-29,14.750255
2010-09-30,14.684373
2010-10-01,14.702898
2010-10-04,14.542157
2010-10-05,14.943442
2010-10-06,15.032789
2010-10-07,14.999954
2010-10-08,15.110637
2010-10-11,15.062062
2010-10-12,15.018067
2010-10-13,15.225062
2010-10-14,15.161889
2010-10-15,14.929107
2010-10-18,14.987626
2010-10-19,14.736138
2010-10-20,14.861384
2010-10-21,14.805079
2010-10-22,14.721437
2010-10-25,14.743567
2010-10-26,14.667363
2010-10-27,14.504681
2010-10-28,14.433167
2010-10-29,14.467754
2010-11-01,14.492445
2010-11-02,14.579215
2010-11-03,14.593471
2010-11-04,14.864305
2010-11-05,14.946356
2010-11-08,14.888358
2010-11-09,14.734199
2010-11-10,14.733409
2010-11-11,14.645936
2010-11-12,14.480933
2010-11-15,14.503894
2010-11-16,14.25813
2010-11-17,14.226791
2010-11-18,14.479891
2010-11-19,14.52575
2010-11-22,14.478885
2010-11-23,14.300354
2010-11-24,14.571779
2010-11-26,14.465512
2010-11-29,14.475474
2010-11-30,14.429945
2010-12-01,14.804189
2010-12-02,15.031834
2010-12-03,15.074907
2010-12-06,15.045818
2010-12-07,15.114019
2010-12-08,15.077412
2010-12-09,15.111457
2010-12-10,15.279314
2010-12-13,15.277966
2010-12-14,15.347482
2010-12-15,15.249739
2010-12-16,15.353527
2010-12-17,15.291364
2010-12-20,15.299304
2010-12-21,15.409693
2010-12-22,15.435202
2010-12-23,15.401015
2010-12-27,15.426653
2010-12-28,15.442255
2010-12-29,15.434842
2010-12-30,15.407632
2010-12-31,15.425089
2011-01-03,15.537815
2011-01-04,15.517838
2011-01-05,15.588607
2011-01-06,15.562917
2011-01-07,15.584624
2011-01-10,15.604514
2011-01-11,15.617496
2011-01-12,15.749174
2011-01-13,15.757737
2011-01-14,15.827365
2011-01-18,15.901871
2011-01-19,15.625016
2011-01-20,15.511321
2011-01-21,15.654964
2011-01-24,15.747589
2011-01-25,15.657769
2011-01-26,15.641612
2011-01-27,15.641898
2011-01-28,15.293167
2011-01-31,15.392903
2011-02-01,15.538364
2011-02-02,15.478245
2011-02-03,15.463166
2011-02-04,15.506767
2011-02-07,15.653147
2011-02-08,15.76645
2011-02-09,15.709557
2011-02-10,15.768816
2011-02-11,15.878221
2011-02-14,15.869032
2011-02-15,15.828184
2011-02-16,15.905064
2011-02-17,15.917947
2011-02-18,15.969366
2011-02-22,15.511355
2011-02-23,15.223106
2011-02-24,15.282515
2011-02-25,15.423577
2011-02-28,15.520603
2011-03-01,15.180915
2011-03-02,15.240651
2011-03-03,15.601554
2011-03-04,15.420909
2011-03-07,15.290131
2011-03-08,15.523473
2011-03-09,15.487539
2011-03-10,15.172721
2011-03-11,15.350703
2011-03-14,15.216924
2011-03-15,15.058194
2011-03-16,14.759074
2011-03-17,14.952727
2011-03-18,15.056913
2011-03-21,15.3699
2011-03-22,15.242726
2011-03-23,15.29765
2011-03-24,15.448728
2011-03-25,15.498846
2011-03-28,15.493623
2011-03-29,15.608606
2011-03-30,15.685575
2011-03-31,15.724433
2011-04-01,15.866118
2011-04-04,15.882957
2011-04-05,15.818877
2011-04-06,15.847227
2011-04-07,15.770565
2011-04-08,15.641464
2011-04-11,15.625851
2011-04-12,15.497652
2011-04-13,15.45471
2011-04-14,15.443872
2011-04-15,15.499131
2011-04-18,15.28458
2011-04-19,15.370865
2011-04-20,15.523422
2011-04-21,15.316215
2011-04-25,15.259496
2011-04-26,15.397706
2011-04-27,15.319906
2011-04-28,15.356377
2011-04-29,15.343301
2011-05-02,15.309998
2011-05-03,15.237148
2011-05-04,15.01383
2011-05-05,14.913099
2011-05-06,15.02756
2011-05-09,15.071077
2011-05-10,15.186629
2011-05-11,15.017437
2011-05-12,15.00955
2011-05-13,14.840839
2011-05-16,14.781681
2011-05-17,14.594049
2011-05-18,14.851755
2011-05-19,14.951569
2011-05-20,14.800893
2011-05-23,14.602108
2011-05-24,14.506022
2011-05-25,14.621577
2011-05-26,14.66504
2011-05-27,14.725211
2011-05-31,14.861179
2011-06-01,14.37209
2011-06-02,14.423516
2011-06-03,14.234395
2011-06-06,14.123943
2011-06-07,14.111596
2011-06-08,13.999653
2011-06-09,14.097566
2011-06-10,13.880524
2011-06-13,13.891094
2011-06-14,14.143225
2011-06-15,13.93524
2011-06-16,13.978475
2011-06-17,14.033347
2011-06-20,14.150937
2011-06-21,14.372312
2011-06-22,14.26669
2011-06-23,14.223931
2011-06-24,14.046978
2011-06-27,14.172268
2011-06-28,14.377155
2011-06-29,14.432861
2011-06-30,14.672937
2011-07-01,14.928535
2011-07-05,14.839695
2011-07-06,14.910831
2011-07-07,15.061468
2011-07-08,14.884376
2011-07-11,14.60631
2011-07-12,14.455649
2011-07-13,14.508524
2011-07-14,14.362495
2011-07-15,14.367026
2011-07-18,14.193186
2011-07-19,14.365765
2011-07-20,14.359957
2011-07-21,14.497679
2011-07-22,14.216622
2011-07-25,14.154197
2011-07-26,13.784964
2011-07-27,13.358558
2011-07-28,13.206746
2011-07-29,13.141124
2011-08-01,13.072202
2011-08-02,12.609564
2011-08-03,12.711767
2011-08-04,12.027307
2011-08-05,12.043027
2011-08-08,11.215755
2011-08-09,11.800979
2011-08-10,11.220873
2011-08-11,11.737322
2011-08-12,11.951911
2011-08-15,12.162839
2011-08-16,11.982312
2011-08-17,11.947318
2011-08-18,11.287427
2011-08-19,11.121688
2011-08-22,11.164959
2011-08-23,11.559995
2011-08-24,11.787638
2011-08-25,11.575073
2011-08-26,11.798438
2011-08-29,12.174801
2011-08-30,12.265424
2011-08-31,12.342328
2011-09-01,12.14455
2011-09-02,11.777937
2011-09-06,11.632935
2011-09-07,11.993305
2011-09-08,11.814966
2011-09-09,11.503985
2011-09-12,11.546213
2011-09-13,11.767707
2011-09-14,11.992134
2011-09-15,12.218489
2011-09-16,12.287737
2011-09-19,12.183027
2011-09-20,12.10325
2011-09-21,11.628259
2011-09-22,11.179909
2011-09-23,11.299571
2011-09-26,11.572942
2011-09-27,11.7621
2011-09-28,11.482584
2011-09-29,11.649538
2011-09-30,11.27493
2011-10-03,10.948346
2011-10-04,11.229449
2011-10-05,11.488416
2011-10-06,11.735324
2011-10-07,11.682973
2011-10-10,12.110492
2011-10-11,12.152934
2011-10-12,12.309648
2011-10-13,12.209097
2011-10-14,12.430486
2011-10-17,12.116831
2011-10-18,12.459106
2011-10-19,12.284623
2011-10-20,12.313665
2011-10-21,12.397302
2011-10-24,12.63798
2011-10-25,12.331635
2011-10-26,12.407881
2011-10-27,12.970569
2011-10-28,12.972408
2011-10-31,12.671878
2011-11-01,12.300399
2011-11-02,12.523388
2011-11-03,12.833324
2011-11-04,12.750328
2011-11-07,12.7751
2011-11-08,12.902785
2011-11-09,12.416576
2011-11-10,12.555355
2011-11-11,12.856807
2011-11-14,12.771097
2011-11-15,12.844982
2011-11-16,12.633196
2011-11-17,12.405039
2011-11-18,12.451112
2011-11-21,12.180226
2011-11-22,12.085569
2011-11-23,11.648288
2011-11-25,11.617133
2011-11-28,11.996007
2011-11-29,11.991696
2011-11-30,12.606163
2011-12-01,12.57727
2011-12-02,12.566589
2011-12-05,12.705868
2011-12-06,12.727547
2011-12-07,12.71438
2011-12-08,12.412716
2011-12-09,12.710027
2011-12-12,12.480922
2011-12-13,12.344224
2011-12-14,12.178073
2011-12-15,12.2544
2011-12-16,12.323626
2011-12-19,12.193972
2011-12-20,12.609226
2011-12-21,12.635041
2011-12-22,12.746514
2011-12-23,12.864399
2011-12-27,12.841638
2011-12-28,12.6552
2011-12-29,12.813692
2011-12-30,12.7418
2012-01-03,13.005461
2012-01-04,13.068742
2012-01-05,13.064553
2012-01-06,13.051236
2012-01-09,13.14872
2012-01-10,13.331303
2012-01-11,13.374947
2012-01-12,13.490858
2012-01-13,13.386113
2012-01-17,13.440555
2012-01-18,13.566547
2012-01-19,13.641233
2012-01-20,13.451451
2012-01-23,13.413213
2012-01-24,13.410618
2012-01-25,13.512476
2012-01-26,13.40525
2012-01-27,13.371066
2012-01-30,13.305615
2012-01-31,13.200926
2012-02-01,13.364865
2012-02-02,13.312667
2012-02-03,13.534096
2012-02-06,13.49413
2012-02-07,13.481529
2012-02-08,13.504908
2012-02-09,13.508857
2012-02-10,13.392585
2012-02-13,13.554859
2012-02-14,13.50799
2012-02-15,13.353143
2012-02-16,13.467739
2012-02-17,13.540322
2012-02-21,13.579237
2012-02-22,13.569906
2012-02-23,13.583897
2012-02-24,13.579559
2012-02-27,13.571146
2012-02-28,13.559859
2012-02-29,13.480531
2012-03-01,13.517557
2012-03-02,13.441708
2012-03-05,13.35266
2012-03-06,13.051309
2012-03-07,13.180143
2012-03-08,13.370174
2012-03-09,13.395052
2012-03-12,13.409072
2012-03-13,13.687655
2012-03-14,13.679724
2012-03-15,13.855277
2012-03-16,13.849159
2012-03-19,13.872647
2012-03-20,13.722002
2012-03-21,13.722276
2012-03-22,13.559909
2012-03-23,13.567354
2012-03-26,13.769987
2012-03-27,13.737944
2012-03-28,13.596026
2012-03-29,13.612788
2012-03-30,13.671462
2012-04-02,13.748394
2012-04-03,13.662854
2012-04-04,13.563068
2012-04-05,13.501701
2012-04-09,13.283523
2012-04-10,13.004666
2012-04-11,13.150841
2012-04-12,13.417775
2012-04-13,13.254447
2012-04-16,13.27715
2012-04-17,13.477958
2012-04-18,13.41584
2012-04-19,13.243225
2012-04-20,13.237756
2012-04-23,13.089296
2012-04-24,13.165022
2012-04-25,13.122739
2012-04-26,13.16326
2012-04-27,13.247984
2012-04-30,13.12297
2012-05-01,13.140906
2012-05-02,13.141431
2012-05-03,13.022157
2012-05-04,12.839765
2012-05-07,12.817745
2012-05-08,12.779861
2012-05-09,12.622301
2012-05-10,12.642338
2012-05-11,12.613856
2012-05-14,12.462864
2012-05-15,12.388221
2012-05-16,12.375637
2012-05-17,12.112777
2012-05-18,12.059343
2012-05-21,12.325122
2012-05-22,12.353179
2012-05-23,12.431008
2012-05-24,12.418097
2012-05-25,12.346525
2012-05-29,12.501879
2012-05-30,12.289368
2012-05-31,12.244511
2012-06-01,11.910636
2012-06-04,11.793883
2012-06-05,11.816595
2012-06-06,12.148624
2012-06-07,12.220242
2012-06-08,12.320324
2012-06-11,12.171805
2012-06-12,12.365979
2012-06-13,12.24471
2012-06-14,12.359501
2012-06-15,12.466159
2012-06-18,12.499009
2012-06-19,12.645051
2012-06-20,12.59796
2012-06-21,12.336206
2012-06-22,12.38913
2012-06-25,12.168371
2012-06-26,12.192264
2012-06-27,12.346895
2012-06-28,12.334451
2012-06-29,12.747339
2012-07-02,12.645245
2012-07-03,12.760204
2012-07-05,12.741842
2012-07-06,12.577195
2012-07-09,12.581162
2012-07-10,12.396527
2012-07-11,12.331555
2012-07-12,12.278043
2012-07-13,12.513829
2012-07-16,12.440259
2012-07-17,12.469298
2012-07-18,12.696602
2012-07-19,12.721478
2012-07-20,12.496453
2012-07-23,12.439182
2012-07-24,12.271671
2012-07-25,12.277031
2012-07-26,12.474
2012-07-27,12.771786
2012-07-30,12.729947
2012-07-31,12.619352
2012-08-01,12.539822
2012-08-02,12.468122
2012-08-03,12.742765
2012-08-06,12.747403
2012-08-07,12.857037
2012-08-08,12.848248
2012-08-09,12.853493
2012-08-10,12.91452
2012-08-13,12.889525
2012-08-14,12.871785
2012-08-15,12.882487
2012-08-16,13.010039
2012-08-17,13.077653
2012-08-20,13.051878
2012-08-21,13.009158
2012-08-22,12.95316
2012-08-23,12.850038
2012-08-24,12.915172
2012-08-27,12.879193
2012-08-28,12.837887
2012-08-29,12.839447
2012-08-30,12.721904
2012-08-31,12.792203
2012-09-04,12.675771
2012-09-05,12.638847
2012-09-06,12.936448
2012-09-07,13.048478
2012-09-10,12.962032
2012-09-11,13.035816
2012-09-12,13.101882
2012-09-13,13.236391
2012-09-14,13.324523
2012-09-17,13.26162
2012-09-18,13.278465
2012-09-19,13.338754
2012-09-20,13.310345
2012-09-21,13.272937
2012-09-24,13.221742
2012-09-25,13.076332
2012-09-26,13.02283
2012-09-27,13.159959
2012-09-28,13.222872
2012-10-01,13.189204
2012-10-02,13.182623
2012-10-03,13.237351
2012-10-04,13.304401
2012-10-05,13.352657
2012-10-08,13.314834
2012-10-09,13.165844
2012-10-10,13.083274
2012-10-11,13.137042
2012-10-12,13.151928
2012-10-15,13.239634
2012-10-16,13.360523
2012-10-17,13.450014
2012-10-18,13.450091
2012-10-19,13.112896
2012-10-22,13.22207
2012-10-23,13.051475
2012-10-24,12.968283
2012-10-25,13.037912
2012-10-26,13.039594
2012-10-31,13.079928
2012-11-01,13.309201
2012-11-02,13.21551
2012-11-05,13.28142
2012-11-06,13.423018
2012-11-07,13.113996
2012-11-08,12.982197
2012-11-09,13.021946
2012-11-12,13.064783
2012-11-13,13.008425
2012-11-14,12.681208
2012-11-15,12.677346
2012-11-16,12.712003
2012-11-19,12.959972
2012-11-20,12.968724
2012-11-21,12.945756
2012-11-23,13.119388
2012-11-26,13.12943
2012-11-27,13.095387
2012-11-28,13.212829
2012-11-29,13.278785
2012-11-30,13.248693
2012-12-03,13.085699
2012-12-04,13.128555
2012-12-05,13.268743
2012-12-06,13.281586
2012-12-07,13.35977
2012-12-10,13.416759
2012-12-11,13.450103
2012-12-12,13.510359
2012-12-13,13.44986
2012-12-14,13.4366
2012-12-17,13.557218
2012-12-18,13.742453
2012-12-19,13.638572
2012-12-20,13.689827
2012-12-21,13.616843
2012-12-24,13.580865
2012-12-26,13.535322
2012-12-27,13.517749
2012-12-28,13.360151
2012-12-31,13.60978
2013-01-02,13.935459
2013-01-03,13.932295
2013-01-04,14.028921
2013-01-07,13.978166
2013-01-08,13.872573
2013-01-09,13.994035
2013-01-10,14.076573
2013-01-11,14.025779
2013-01-14,14.071183
2013-01-15,14.116548
2013-01-16,14.064531
2013-01-17,14.197972
2013-01-18,14.229749
2013-01-22,14.277919
2013-01-23,14.204857
2013-01-24,14.195606
2013-01-25,14.205185
2013-01-28,14.182526
2013-01-29,14.199323
2013-01-30,14.026086
2013-01-31,13.913254
2013-02-01,14.058995
2013-02-04,13.907481
2013-02-05,14.011369
2013-02-06,13.993873
2013-02-07,13.977049
2013-02-08,14.024133
2013-02-11,14.020707
2013-02-12,14.064871
2013-02-13,14.143246
2013-02-14,14.151154
2013-02-15,14.163842
2013-02-19,14.290909
2013-02-20,14.095956
2013-02-21,13.974634
2013-02-22,14.082398
2013-02-25,13.788111
2013-02-26,13.874982
2013-02-27,14.129013
2013-02-28,14.115639
2013-03-01,14.081288
2013-03-04,14.066941
2013-03-05,14.260261
2013-03-06,14.269256
2013-03-07,14.272701
2013-03-08,14.396808
2013-03-11,14.435499
2013-03-12,14.356992
2013-03-13,14.421167
2013-03-14,14.500743
2013-03-15,14.500807
2013-03-18,14.419442
2013-03-19,14.403101
2013-03-20,14.402183
2013-03-21,14.275912
2013-03-22,14.372652
2013-03-25,14.2556
2013-03-26,14.325702
2013-03-27,14.319148
2013-03-28,14.409731
2013-04-01,14.249133
2013-04-02,14.227578
2013-04-03,14.124343
2013-04-04,14.182041
2013-04-05,14.154689
2013-04-08,14.239231
2013-04-09,14.277376
2013-04-10,14.465022
2013-04-11,14.508184
2013-04-12,14.437762
2013-04-15,13.993841
2013-04-16,14.179178
2013-04-17,13.953957
2013-04-18,13.854002
2013-04-19,13.856523
2013-04-22,13.894154
2013-04-23,13.995541
2013-04-24,14.133982
2013-04-25,14.152326
2013-04-26,14.140281
2013-04-29,14.172715
2013-04-30,14.172987
2013-05-01,14.018626
2013-05-02,14.175736
2013-05-03,14.419907
2013-05-06,14.503685
2013-05-07,14.626743
2013-05-08,14.729542
2013-05-09,14.702244
2013-05-10,14.725136
2013-05-13,14.678139
2013-05-14,14.845892
2013-05-15,14.903709
2013-05-16,14.83642
2013-05-17,15.05596
2013-05-20,15.096576
2013-05-21,15.123657
2013-05-22,15.003166
2013-05-23,14.954361
2013-05-24,14.969759
2013-05-28,15.045006
2013-05-29,14.960161
2013-05-30,15.039402
2013-05-31,14.897824
2013-06-03,14.986559
2013-06-04,14.895505
2013-06-05,14.660619
2013-06-06,14.753499
2013-06-07,15.016284
2013-06-10,14.972
2013-06-11,14.84347
2013-06-12,14.73619
2013-06-13,14.939065
2013-06-14,14.885148
2013-06-17,14.981373
2013-06-18,15.174524
2013-06-19,14.949309
2013-06-20,14.595923
2013-06-21,14.605092
2013-06-24,14.371043
2013-06-25,14.523473
2013-06-26,14.680966
2013-06-27,14.814569
2013-06-28,14.723637
2013-07-01,14.851662
2013-07-02,14.690023
2013-07-03,14.708483
2013-07-05,14.928922
2013-07-08,14.972504
2013-07-09,15.202047
2013-07-10,15.183358
2013-07-11,15.420405
2013-07-12,15.338733
2013-07-15,15.400268
2013-07-16,15.307602
2013-07-17,15.350797
2013-07-18,15.449002
2013-07-19,15.487348
2013-07-22,15.483045
2013-07-23,15.400591
2013-07-24,15.21811
2013-07-25,15.234967
2013-07-26,15.175845
2013-07-29,15.113359
2013-07-30,15.139644
2013-07-31,15.167021
2013-08-01,15.416716
2013-08-02,15.438748
2013-08-05,15.392754
2013-08-06,15.252853
2013-08-07,15.234278
2013-08-08,15.297092
2013-08-09,15.258167
2013-08-12,15.289723
2013-08-13,15.353571
2013-08-14,15.242591
2013-08-15,15.077909
2013-08-16,15.093324
2013-08-19,15.025901
2013-08-20,15.030838
2013-08-21,14.93322
2013-08-22,15.124501
2013-08-23,15.142336
2013-08-26,15.092814
2013-08-27,14.794476
2013-08-28,14.805934
2013-08-29,14.851413
2013-08-30,14.78848
2013-09-03,14.867556
2013-09-04,15.01054
2013-09-05,15.051249
2013-09-06,15.038428
2013-09-09,15.221135
2013-09-10,15.439328
2013-09-11,15.344785
2013-09-12,15.273324
2013-09-13,15.307414
2013-09-16,15.503679
2013-09-17,15.592011
2013-09-18,15.784569
2013-09-19,15.804832
2013-09-20,15.588998
2013-09-23,15.61127
2013-09-24,15.658922
2013-09-25,15.607467
2013-09-26,15.661913
2013-09-27,15.567257
2013-09-30,15.472992
2013-10-01,15.585041
2013-10-02,15.519723
2013-10-03,15.343882
2013-10-04,15.42291
2013-10-07,15.339198
2013-10-08,15.166686
2013-10-09,15.149644
2013-10-10,15.559954
2013-10-11,15.649355
2013-10-14,15.693081
2013-10-15,15.540376
2013-10-16,15.64975
2013-10-17,15.751289
2013-10-18,15.787397
2013-10-21,15.830834
2013-10-22,15.882125
2013-10-23,15.83911
2013-10-24,15.975432
2013-10-25,16.014904
2013-10-28,15.995027
2013-10-29,16.036074
2013-10-30,15.975993
2013-10-31,15.962877
2013-11-01,16.092357
2013-11-04,16.134422
2013-11-05,16.101587
2013-11-06,16.170565
2013-11-07,15.99103
2013-11-08,16.215317
2013-11-11,16.21331
2013-11-12,16.2177
2013-11-13,16.303875
2013-11-14,16.361552
2013-11-15,16.41827
2013-11-18,16.45928
2013-11-19,16.348745
2013-11-20,16.257145
2013-11-21,16.37262
2013-11-22,16.519828
2013-11-25,16.457475
2013-11-26,16.512726
2013-11-27,16.580121
2013-11-29,16.515133
2013-12-02,16.405824
2013-12-03,16.297112
2013-12-04,16.240926
2013-12-05,16.235693
2013-12-06,16.476824
2013-12-09,16.528779
2013-12-10,16.489335
2013-12-11,16.250759
2013-12-12,16.288722
2013-12-13,16.350473
2013-12-16,16.5114
2013-12-17,16.517142
2013-12-18,16.756852
2013-12-19,16.766555
2013-12-20,16.917331
2013-12-23,16.989174
2013-12-24,17.080591
2013-12-26,17.198485
2013-12-27,17.180328
2013-12-30,17.175076
2013-12-31,17.256714
2014-01-02,17.03782
2014-01-03,17.08913
2014-01-06,16.990255
2014-01-07,17.075887
2014-01-08,17.055697
2014-01-09,17.117647
2014-01-10,17.145608
2014-01-13,16.965692
2014-01-14,17.137687
2014-01-15,17.251905
2014-01-16,17.182029
2014-01-17,17.099429
2014-01-21,17.125035
2014-01-22,17.091074
2014-01-23,16.817114
2014-01-24,16.23369
2014-01-27,16.252768
2014-01-28,16.365551
2014-01-29,16.18081
2014-01-30,16.214673
2014-01-31,16.125804
2014-02-03,15.697304
2014-02-04,15.771261
2014-02-05,15.761842
2014-02-06,15.976947
2014-02-07,16.244443
2014-02-10,16.152675
2014-02-11,16.330921
2014-02-12,16.375904
2014-02-13,16.412167
2014-02-14,16.538092
2014-02-18,16.502661
2014-02-19,16.350771
2014-02-20,16.473126
2014-02-21,16.491215
2014-02-24,16.622211
2014-02-25,16.546187
2014-02-26,16.556132
2014-02-27,16.650709
2014-02-28,16.692908
2014-03-03,16.552991
2014-03-04,16.812123
2014-03-05,16.846992
2014-03-06,16.942492
2014-03-07,16.987169
2014-03-10,16.900752
2014-03-11,16.785426
2014-03-12,16.751194
2014-03-13,16.503786
2014-03-14,16.440386
2014-03-17,16.649441
2014-03-18,16.733305
2014-03-19,16.543356
2014-03-20,16.576751
2014-03-21,16.592998
2014-03-24,16.546446
2014-03-25,16.688508
2014-03-26,16.532058
2014-03-27,16.50814
2014-03-28,16.629062
2014-03-31,16.801982
2014-04-01,16.922457
2014-04-02,17.033317
2014-04-03,17.063735
2014-04-04,16.872769
2014-04-07,16.639769
2014-04-08,16.639747
2014-04-09,16.850128
2014-04-10,16.533106
2014-04-11,16.351343
2014-04-14,16.455865
2014-04-15,16.53818
2014-04-16,16.767466
2014-04-17,16.821626
2014-04-21,16.878234
2014-04-22,16.804976
2014-04-23,16.737543
2014-04-24,16.561723
2014-04-25,16.427303
2014-04-28,16.440889
2014-04-29,16.428744
2014-04-30,16.535334
2014-05-01,16.476351
2014-05-02,16.46432
2014-05-05,16.475565
2014-05-06,16.332498
2014-05-07,16.476761
2014-05-08,16.461673
2014-05-09,16.478575
2014-05-12,16.722137
2014-05-13,16.76327
2014-05-14,16.630416
2014-05-15,16.47377
2014-05-16,16.50636
2014-05-19,16.570916
2014-05-20,16.355014
2014-05-21,16.499156
2014-05-22,16.536917
2014-05-23,16.63659
2014-05-27,16.714494
2014-05-28,16.735209
2014-05-29,16.789161
2014-05-30,16.796528
2014-06-02,16.857662
2014-06-03,16.829588
2014-06-04,16.817244
2014-06-05,16.989411
2014-06-06,17.152801
2014-06-09,17.25143
2014-06-10,17.206638
2014-06-11,17.06864
2014-06-12,16.85467
2014-06-13,16.914924
2014-06-16,16.885285
2014-06-17,16.925716
2014-06-18,16.993683
2014-06-19,17.016844
2014-06-20,17.091439
2014-06-23,16.983749
2014-06-24,16.811847
2014-06-25,16.832514
2014-06-26,16.800607
2014-06-27,16.843484
2014-06-30,16.7678
2014-07-01,16.857388
2014-07-02,16.832421
2014-07-03,16.969307
2014-07-07,16.853074
2014-07-08,16.726952
2014-07-09,16.751722
2014-07-10,16.657608
2014-07-11,16.743385
2014-07-14,16.837684
2014-07-15,16.83043
2014-07-16,16.920872
2014-07-17,16.638371
2014-07-18,16.71083
2014-07-21,16.706371
2014-07-22,16.7164
2014-07-23,16.556493
2014-07-24,16.355735
2014-07-25,16.273401
2014-07-28,16.153495
2014-07-29,15.909051
2014-07-30,15.912441
2014-07-31,15.584712
2014-08-01,15.576249
2014-08-04,15.624701
2014-08-05,15.509428
2014-08-06,15.438423
2014-08-07,15.454306
2014-08-08,15.67164
2014-08-11,15.734633
2014-08-12,15.700034
2014-08-13,15.850683
2014-08-14,15.946762
2014-08-15,15.899557
2014-08-18,16.144624
2014-08-19,16.183498
2014-08-20,16.3432
2014-08-21,16.338477
2014-08-22,16.270441
2014-08-25,16.326245
2014-08-26,16.272707
2014-08-27,16.266095
2014-08-28,16.219264
2014-08-29,16.219499
2014-09-02,16.246149
2014-09-03,16.237325
2014-09-04,16.242755
2014-09-05,16.299052
2014-09-08,16.283078
2014-09-09,16.217864
2014-09-10,16.233053
2014-09-11,16.254545
2014-09-12,16.186337
2014-09-15,16.188793
2014-09-16,16.276971
2014-09-17,16.330942
2014-09-18,16.394577
2014-09-19,16.374762
2014-09-22,16.191897
2014-09-23,16.056921
2014-09-24,16.135922
2014-09-25,15.896023
2014-09-26,16.035047
2014-09-29,16.003324
2014-09-30,15.971783
2014-10-01,15.650934
2014-10-02,15.636903
2014-10-03,15.855721
2014-10-06,15.860562
2014-10-07,15.494416
2014-10-08,15.772326
2014-10-09,15.415188
2014-10-10,15.197238
2014-10-13,14.967098
2014-10-14,15.1497
2014-10-15,15.121642
2014-10-16,15.180723
2014-10-17,15.386882
2014-10-20,15.421573
2014-10-21,15.728259
2014-10-22,15.487744
2014-10-23,15.732149
2014-10-24,15.861415
2014-10-27,15.851188
2014-10-28,16.0953
2014-10-29,16.000722
2014-10-30,16.046159
2014-10-31,16.224632
2014-11-03,16.184462
2014-11-04,16.184421
2014-11-05,16.268341
2014-11-06,16.447827
2014-11-07,16.464387
2014-11-10,16.548995
2014-11-11,16.520062
2014-11-12,16.532406
2014-11-13,16.479366
2014-11-14,16.491907
2014-11-17,16.477498
2014-11-18,16.59857
2014-11-19,16.551769
2014-11-20,16.578725
2014-11-21,16.737175
2014-11-24,16.774771
2014-11-25,16.799051
2014-11-26,16.822788
2014-11-28,16.689149
2014-12-01,16.474105
2014-12-02,16.602887
2014-12-03,16.815518
2014-12-04,16.729678
2014-12-05,16.752593
2014-12-08,16.569534
2014-12-09,16.587092
2014-12-10,16.276085
2014-12-11,16.343414
2014-12-12,16.041326
2014-12-15,15.999544
2014-12-16,15.986726
2014-12-17,16.140043
2014-12-18,16.564359
2014-12-19,16.668323
2014-12-22,16.826078
2014-12-23,16.900157
2014-12-24,16.906687
2014-12-26,16.90734
2014-12-29,16.910572
2014-12-30,16.830165
2014-12-31,16.657979
2015-01-02,16.631664
2015-01-05,16.24625
2015-01-06,16.058332
2015-01-07,16.157805
2015-01-08,16.483384
2015-01-09,16.305091
2015-01-12,16.196133
2015-01-13,16.158531
2015-01-14,16.077326
2015-01-15,15.970993
2015-01-16,16.075034
2015-01-20,16.183314
2015-01-21,16.28406
2015-01-22,16.465987
2015-01-23,16.295509
2015-01-26,16.314682
2015-01-27,16.107172
2015-01-28,16.055014
2015-01-29,16.240662
2015-01-30,15.95851
2015-02-02,16.209717
2015-02-03,16.445875
2015-02-04,16.335166
2015-02-05,16.498716
2015-02-06,16.473971
2015-02-09,16.429078
2015-02-10,16.524828
2015-02-11,16.512963
2015-02-12,16.656892
2015-02-13,16.734629
2015-02-17,16.759771
2015-02-18,16.842632
2015-02-19,16.843515
2015-02-20,17.011366
2015-02-23,16.962825
2015-02-24,17.007918
2015-02-25,16.998116
2015-02-26,16.916452
2015-02-27,16.842906
2015-03-02,16.986337
2015-03-03,16.873703
2015-03-04,16.746672
2015-03-05,16.774741
2015-03-06,16.552928
2015-03-09,16.700357
2015-03-10,16.393077
2015-03-11,16.380195
2015-03-12,16.594225
2015-03-13,16.443579
2015-03-16,16.713814
2015-03-17,16.644725
2015-03-18,16.823532
2015-03-19,16.717347
2015-03-20,16.808182
2015-03-23,15.989221
2015-03-24,15.937416
2015-03-25,15.668983
2015-03-26,15.626744
2015-03-27,15.690425
2015-03-30,15.905176
2015-03-31,15.758901
2015-04-01,15.638729
2015-04-02,15.673619
2015-04-06,15.803688
2015-04-07,15.787476
2015-04-08,15.831152
2015-04-09,15.93939
2015-04-10,16.243246
2015-04-13,16.058223
2015-04-14,16.104193
2015-04-15,16.098481
2015-04-16,16.069225
2015-04-17,15.824657
2015-04-20,16.41025
2015-04-21,16.313593
2015-04-22,16.328806
2015-04-23,16.333151
2015-04-24,16.366968
2015-04-27,16.354626
2015-04-28,16.381173
2015-04-29,16.265131
2015-04-30,16.119143
2015-05-01,16.332661
2015-05-04,16.368273
2015-05-05,16.166943
2015-05-06,16.149297
2015-05-07,16.239573
2015-05-08,16.482716
2015-05-11,16.460865
2015-05-12,16.448532
2015-05-13,16.467141
2015-05-14,16.622995
2015-05-15,16.611177
2015-05-18,16.648985
2015-05-19,16.607603
2015-05-20,16.552561
2015-05-21,16.634732
2015-05-22,16.566396
2015-05-26,16.392329
2015-05-27,16.497899
2015-05-28,16.441182
2015-05-29,16.282101
2015-06-01,16.35265
2015-06-02,16.379181
2015-06-03,16.47035
2015-06-04,16.282155
2015-06-05,16.306379
2015-06-08,16.203172
2015-06-09,16.217568
2015-06-10,16.406519
2015-06-11,16.497736
2015-06-12,16.417176
2015-06-15,16.306891
2015-06-16,16.324468
2015-06-17,16.341881
2015-06-18,16.51705
2015-06-19,16.448169
2015-06-22,16.556135
2015-06-23,16.535282
2015-06-24,16.385502
2015-06-25,16.26297
2015-06-26,16.303524
2015-06-29,15.997497
2015-06-30,16.022057
2015-07-01,16.126878
2015-07-02,16.124755
2015-07-06,16.041446
2015-07-07,16.180784
2015-07-08,15.903766
2015-07-09,15.972419
2015-07-10,16.177046
2015-07-13,16.376045
2015-07-14,16.420683
2015-07-15,16.340182
2015-07-16,16.407051
2015-07-17,16.325448
2015-07-20,16.340146
2015-07-21,16.145219
2015-07-22,16.042664
2015-07-23,15.852086
2015-07-24,15.689092
2015-07-27,15.616916
2015-07-28,15.844129
2015-07-29,16.01363
2015-07-30,15.997754
2015-07-31,15.991971
2015-08-03,15.925824
2015-08-04,15.903877
2015-08-05,16.003966
2015-08-06,15.942474
2015-08-07,15.864793
2015-08-10,16.139942
2015-08-11,15.937215
2015-08-12,15.935531
2015-08-13,15.919456
2015-08-14,16.019921
2015-08-17,16.097062
2015-08-18,16.067009
2015-08-19,15.912022
2015-08-20,15.579595
2015-08-21,15.167553
2015-08-24,14.675197
2015-08-25,14.439632
2015-08-26,14.891202
2015-08-27,15.252707
2015-08-28,15.270435
2015-08-31,15.074298
2015-09-01,14.673395
2015-09-02,15.000716
2015-09-03,14.696078
2015-09-04,14.486556
2015-09-08,14.892202
2015-09-09,14.726551
2015-09-10,14.740897
2015-09-11,14.821057
2015-09-14,14.7521
2015-09-15,15.001425
2015-09-16,15.121193
2015-09-17,15.031444
2015-09-18,14.722282
2015-09-21,14.802916
2015-09-22,14.602758
2015-09-23,14.501904
2015-09-24,14.406152
2015-09-25,14.462583
2015-09-28,14.185784
2015-09-29,14.279258
2015-09-30,14.500381
2015-10-01,14.47541
2015-10-02,14.647525
2015-10-05,15.084761
2015-10-06,15.088731
2015-10-07,15.297873
2015-10-08,15.560147
2015-10-09,15.641628
2015-10-12,15.654397
2015-10-13,15.498028
2015-10-14,15.331107
2015-10-15,15.500719
2015-10-16,15.274812
2015-10-19,15.368815
2015-10-20,15.429877
2015-10-21,15.424993
2015-10-22,15.846885
2015-10-23,15.935831
2015-10-26,15.951709
2015-10-27,15.785943
2015-10-28,15.896869
2015-10-29,15.916276
2015-10-30,15.883477
2015-11-02,16.084472
2015-11-03,16.07713
2015-11-04,16.037558
2015-11-05,16.04437
2015-11-06,16.059675
2015-11-09,15.967847
2015-11-10,15.976932
2015-11-11,16.026601
2015-11-12,15.800724
2015-11-13,15.73618
2015-11-16,15.937575
2015-11-17,15.907474
2015-11-18,16.073291
2015-11-19,16.133454
2015-11-20,16.226779
2015-11-23,16.160798
2015-11-24,16.144388
2015-11-25,16.123925
2015-11-27,16.148253
2015-11-30,16.028688
2015-12-01,16.12435
2015-12-02,15.959221
2015-12-03,15.766321
2015-12-04,15.984877
2015-12-07,15.927676
2015-12-08,15.682894
2015-12-09,15.648924
2015-12-10,15.720158
2015-12-11,15.474806
2015-12-14,15.510619
2015-12-15,15.539234
2015-12-16,15.82332
2015-12-17,15.577821
2015-12-18,15.318945
2015-12-21,15.449948
2015-12-22,15.635688
2015-12-23,15.827545
2015-12-24,15.805491
2015-12-28,15.775818
2015-12-29,15.920666
2015-12-30,15.80237
2015-12-31,15.697714
2016-01-01,15.251217684000125
2016-01-04,15.044888265233714
2016-01-05,15.055806975266282
2016-01-06,14.85903434977542
2016-01-07,14.47074826099605
2016-01-08,14.34329443470791
2016-01-11,14.355757261889227
2016-01-12,14.476346487673698
2016-01-13,14.070859254627273
2016-01-14,14.246542060999747
2016-01-15,13.974142660956424
2016-01-18,13.978044342214012
2016-01-19,13.986931075592572
2016-01-20,13.817533394689915
2016-01-21,14.00072690383481
2016-01-22,14.211381069206189
2016-01-25,13.972640892274638
2016-01-26,14.190202834718086
2016-01-27,13.944141033467115
2016-01-28,14.01746684478053
2016-01-29,14.501678198619295
2016-02-01,14.549643268676595
2016-02-02,14.177221633575964
2016-02-03,14.372813712096525
2016-02-04,14.690724653412053
2016-02-05,14.548248390107569
2016-02-08,14.387491784141291
2016-02-09,14.461836338011365
2016-02-10,14.461764204492535
2016-02-11,14.171256271181903
2016-02-12,14.432167498202354
2016-02-15,14.44829833026899
2016-02-16,14.718112974335968
2016-02-17,14.942368995180251
2016-02-18,14.937783148116337
2016-02-19,14.908103929428174
2016-02-22,15.15725750801458
2016-02-23,14.972144632804095
2016-02-24,14.951590469784596
2016-02-25,15.086899470722395
2016-02-26,15.092834748155044
2016-02-29,15.017250374184371
2016-03-01,15.349675269133469
2016-03-02,15.324866926790946
2016-03-03,15.440896034082986
2016-03-04,15.493620597681431
2016-03-07,15.56014606788375
2016-03-08,15.32681416878567
2016-03-09,15.41057062927572
2016-03-10,15.42720818513014
2016-03-11,15.643912447131534
2016-03-14,14.908700932801237
2016-03-15,15.652076497364249
2016-03-16,15.75609373935317
2016-03-17,16.090188522349568
2016-03-18,16.265556104696934
2016-03-21,16.31847004034959
2016-03-22,16.253805294474883
2016-03-23,16.124833789973323
2016-03-24,16.08110625183774
2016-03-25,16.09530001177725
2016-03-28,16.127266980396616
2016-03-29,16.23767456501439
2016-03-30,16.295464372409327
2016-03-31,16.22730239845618
2016-04-01,16.215468532723882
2016-04-04,16.074109318412987
2016-04-05,15.976026588150326
2016-04-06,15.983800441874408
2016-04-07,15.947810288792828
2016-04-08,16.058211220246804
2016-04-11,16.048681785822883
2016-04-12,16.200800525241704
2016-04-13,16.472751468283025
2016-04-14,16.486820407517893
2016-04-15,16.489329379995286
2016-04-18,15.629745950023082
2016-04-19,16.62031577498653
2016-04-20,16.605109821484827
2016-04-21,16.481583356157167
2016-04-22,16.574798844228898
2016-04-25,16.45127354799176
2016-04-26,16.554021651265675
2016-05-06,16.22439372795499
2016-05-11,16.271131277423084
2016-05-12,16.183757779668166
2016-05-13,16.016399234318055
2016-05-16,16.120389632052007
2016-05-17,16.124359428855538
2016-05-18,16.050212698047538
2016-05-19,15.862549154107176
2016-05-20,15.946876064439788
2016-05-23,15.93554306396154
2016-05-24,16.08741568899415
2016-05-25,16.209951876808823
2016-05-26,16.174798266248803
2016-05-27,16.21275265825147
2016-05-30,16.228400183666217
2016-05-31,16.22145040274539
2016-06-01,16.225499783470358
2016-06-02,16.26314200257728
2016-06-03,16.25804707308074
2016-06-06,16.45400477237822
2016-06-07,16.55270689263345
2016-06-08,16.55109006402908
2016-06-09,16.670212523939657
2016-06-10,16.468432111243157
2016-06-13,16.243288991333014
2016-06-14,16.14230350323911
2016-06-15,16.180687522606984
2016-06-16,16.20508394964598
2016-06-17,16.31239004068211
2016-06-20,16.539916376616713
2016-06-21,16.500505650413086
2016-06-22,16.454391238480824
2016-06-23,16.628580702495636
2016-06-24,15.88870149894148
2016-06-27,15.474426944516711
2016-06-28,15.768854837285984
2016-06-29,16.220774851591127
2016-06-30,16.51210528984924
2016-07-01,16.579419469898966
2016-07-04,16.565879220483193
2016-07-05,16.24813218942696
2016-07-06,16.32973225302638
2016-07-07,16.39504943509614
2016-07-08,16.823640118243677
2016-07-11,16.93950775170572
2016-07-12,17.178557397674734
2016-07-13,17.16626529451182
2016-07-14,17.24991425326585
2016-07-15,17.239547729874428
2016-07-18,17.19892735906281
2016-07-19,17.213092005515417
2016-07-20,17.300129338893456
2016-07-21,17.104429301721304
2016-07-22,17.11134891209267
2016-07-25,17.09375011428545
2016-07-26,17.25658571432595
2016-07-27,17.07254672404834
2016-07-28,16.959152733442146
2016-07-29,16.89534112092731
2016-08-01,16.880587410820702
2016-08-02,16.63186523330052
2016-08-03,16.733855873125645
2016-08-04,16.792490067702314
2016-08-05,17.025756352869188
2016-08-08,17.01894447081314
2016-08-09,17.02997130245775
2016-08-10,16.976487884279827
2016-08-11,17.13140064738602
2016-08-12,17.095123596669115
2016-08-15,17.228179457848775
2016-08-16,17.167147940715118
2016-08-17,17.189462551568496
2016-08-18,17.225036230078498
2016-08-19,17.233605682502688
2016-08-22,17.188655918372213
2016-08-23,17.284405486099722
2016-08-24,17.243447016139005
2016-08-25,17.216954318533503
2016-08-26,17.167959587377343
2016-08-29,17.262956194006282
2016-08-30,16.963573473432184
2016-08-31,16.830519595058547
2016-09-01,16.844868042566528
2016-09-02,16.929948383920948
2016-09-05,16.393284572710453
2016-09-06,16.34141614301018
2016-09-07,16.43489719341304
2016-09-08,16.386606335552354
2016-09-09,15.911519193523471
2016-09-12,16.123658573651078
2016-09-13,15.900960887404054
2016-09-14,15.925583526675396
2016-09-15,16.30113763863879
2016-09-16,16.17335100033149
2016-09-19,16.27020060805481
2016-09-20,16.29890313086232
2016-09-21,16.557246877685284
2016-09-22,16.70267958700839
2016-09-23,16.58852674343306
2016-09-26,16.500909030051016
2016-09-27,16.658429955290526
2016-09-28,16.756576569133596
2016-09-29,16.672392237858027
2016-09-30,16.84262340347162
2016-10-03,16.8612413449473
2016-10-04,16.691274328844
2016-10-05,16.804803550897216
2016-10-06,16.816606631107614
2016-10-07,16.58602314371307
2016-10-10,16.66100805064529
2016-10-11,16.483070931348784
2016-10-12,17.17885758419877
2016-10-13,16.574756622785983
2016-10-14,16.59331844832096
2016-10-17,17.014060807552426
2016-10-18,17.069695086157974
2016-10-19,17.12284427680625
2016-10-20,16.959862223243256
2016-10-21,16.898724086308015
2016-10-24,16.947256956528076
2016-10-25,16.8686786963368
2016-10-26,16.97804482877049
2016-10-27,16.926076252496728
2016-10-28,16.980701388231335
2016-10-31,17.045639948565356
2016-11-01,16.878616998569473
2016-11-02,16.883646890228526
2016-11-03,16.850779849637515
2016-11-04,16.881362389837403
2016-11-07,17.308355651685776
2016-11-08,17.367153494857146
2016-11-09,17.838563678191633
2016-11-10,18.176351813484857
2016-11-11,18.21922220693498
2016-11-14,18.33932242408107
2016-11-15,18.39033863202024
2016-11-16,18.22728132876797
2016-11-17,18.27783714077213
2016-11-18,18.26293353697548
2016-11-21,18.349328187293644
2016-11-22,18.422966319770783
2016-11-23,18.155524314739186
2016-11-25,18.601922533934097
2016-11-29,18.461224347787507
2016-11-30,18.49695545158337
2016-12-01,18.62515498439408
2016-12-02,18.61365700234819
2016-12-05,18.63746657165599
2016-12-06,18.705762388523
2016-12-07,19.06047759215264
2016-12-08,18.96612339453935
2016-12-09,19.01513793265661
2016-12-12,18.898017946711853
2016-12-13,18.91055255269864
2016-12-14,18.699551440522622
2016-12-15,18.75425893133262
2016-12-16,18.65231973376022
2016-12-19,18.7827505979002
2016-12-20,18.883658502221024
2016-12-21,18.806417528155364
2016-12-22,18.765659746124054
2016-12-23,18.7908444850598
2016-12-26,18.78586439162485
2016-12-27,18.82606982882588
2016-12-28,18.62548628048755
2016-12-29,18.61005578723369
2016-12-30,18.55718723780747
2017-01-02,18.563682761798145
2017-01-03,18.681901187209025
2017-01-04,18.790592587430236
2017-01-05,18.69777373754568
2017-01-06,18.82010473135433
2017-01-09,18.700706336300165
2017-01-10,18.75817937340899
2017-01-11,18.82651223678278
2017-01-12,18.77030782961212
2017-01-13,18.867640312089545
2017-01-16,18.84915198030424
2017-01-17,18.68008875607281
2017-01-18,18.78276636485156
2017-01-19,18.875437971659714
2017-01-20,18.950769805180457
2017-01-23,18.84175669650807
2017-01-24,18.99941507013637
2017-01-25,19.121824049983708
2017-01-26,19.150411312862165
2017-01-27,19.11427522207862
2017-01-30,18.952895918334885
2017-01-31,18.75551455317066
2017-02-01,18.774576998330247
2017-02-02,18.68936608682717
2017-02-03,18.87028143083821
2017-02-06,18.849060296558385
2017-02-07,18.88607469511725
2017-02-08,18.854714788354052
2017-02-09,18.972763171624344
2017-02-10,19.11790530899455
2017-02-13,19.31885307082072
2017-02-14,19.307182072958035
2017-02-15,19.385710143215487
2017-02-16,19.33531452301993
2017-02-17,19.4034338439581
2017-02-20,19.379309796602524
2017-02-21,19.436228264857174
2017-02-22,19.40225363048414
2017-02-23,19.254097290880864
2017-02-24,19.33314787431267
2017-02-27,19.422042049273976
2017-02-28,19.32910927818064
2017-03-01,19.696156527801023
2017-03-02,19.483845450185548
2017-03-03,19.55248695026039
2017-03-06,19.492268595442557
2017-03-07,19.44730520426881
2017-03-08,19.40025892517732
2017-03-09,19.31081472267296
2017-03-10,19.416216088783656
2017-03-13,19.403528537855145
2017-03-14,19.23182915599562
2017-03-15,19.473191476975533
2017-03-16,19.412713808508617
2017-03-17,19.46605954736012
2017-03-20,19.44709754524813
2017-03-21,19.12033121119668
2017-03-22,19.2192001972775
2017-03-23,19.15098539691503
2017-03-24,19.0807536089152
2017-03-27,19.047535129401503
2017-03-28,19.27616417225349
2017-03-29,19.246480706308503
2017-03-30,19.33324955804264
2017-03-31,19.247230559383404
2017-04-03,18.75467301597919
2017-04-04,18.741707574402085
2017-04-05,18.72583025630917
2017-04-06,18.78891994248056
2017-04-07,18.79377126575522
2017-04-10,18.828469195979444
2017-04-11,18.85595149034416
2017-04-12,18.552488329702904
2017-04-13,18.36731596736139
2017-04-14,18.39156281369576
2017-04-17,18.576577433306536
2017-04-18,18.47442097331936
2017-04-19,18.486461228556607
2017-04-20,18.635267456215427
2017-04-21,18.65327584830648
2017-04-24,18.93727670279821
2017-04-25,18.8262826339304
2017-04-26,18.61875518259356
2017-04-27,18.464148317325268
2017-04-28,18.467536666214528
2017-05-01,18.408331427406903
2017-05-02,18.326417872002736
2017-05-03,18.28263521341504
2017-05-04,18.27627525795889
2017-05-05,18.387528138991964
2017-05-08,18.335691899371817
2017-05-09,18.374889926476826
2017-05-10,18.32254284500295
2017-05-11,18.295638264963483
2017-05-12,18.20550228463545
2017-05-15,18.28804479564245
2017-05-16,18.267462436513974
2017-05-17,17.87633625538641
2017-05-18,17.90564035273659
2017-05-19,18.087488912239717
2017-05-22,18.205508756507683
2017-05-23,18.24005819743073
2017-05-24,18.29793110389318
2017-05-25,18.46463188830865
2017-05-26,18.48763404062869
2017-05-29,18.591100418946013
2017-05-30,18.47456964379696
2017-05-31,18.50227847428159
2017-06-01,18.629209532317194
2017-06-02,18.71620975786571
2017-06-05,18.62896354929403
2017-06-06,18.619055294253695
2017-06-07,18.46776541747042
2017-06-08,18.54495468260521
2017-06-09,18.597335861407267
2017-06-12,18.61284656949195
2017-06-13,18.72147261023631
2017-06-14,18.672019854384825
2017-06-15,18.774882695226488
2017-06-16,18.83587139798628
2017-06-19,18.99380413142167
2017-06-20,18.768540471120883
2017-06-21,18.64747478516723
2017-06-22,18.627434466304592
2017-06-23,18.70542696040124
2017-06-26,18.704047730511
2017-06-27,18.56474984169168
2017-06-28,18.7719827222129
2017-06-29,18.579589319282203
2017-06-30,18.75003067652191
2017-07-03,18.931864133894223
2017-07-04,18.932931349510387
2017-07-05,18.911379360083
2017-07-06,18.79821421477066
2017-07-07,18.963474262119878
2017-07-10,19.008308491815235
2017-07-11,18.943033494192647
2017-07-12,18.993133787697445
2017-07-13,18.90821927498649
2017-07-14,19.006687819741277
2017-07-17,18.950233818629584
2017-07-18,18.826899649991898
2017-07-19,18.82197937669597
2017-07-20,18.67939908288253
2017-07-21,18.651118770588766
2017-07-24,18.576993444508705
2017-07-25,18.48204052837348
2017-07-26,18.418707855594025
2017-07-27,18.17322049216772
2017-07-28,18.231559305259264
2017-07-31,18.210439398041785
2017-08-01,18.085522302948466
2017-08-02,18.15010380887153
2017-08-03,18.201763278266128
2017-08-04,18.261491031353447
2017-08-07,18.257676072373965
2017-08-08,18.195017450419904
2017-08-09,18.17536314243661
2017-08-10,17.9239312856264
2017-08-11,17.95306455807007
2017-08-14,18.155594291744546
2017-08-15,18.14021607356676
2017-08-16,18.15498048860917
2017-08-17,17.82921560326144
2017-08-18,17.761121349039023
2017-08-21,17.784722726340004
2017-08-22,18.004605613887275
2017-08-23,17.815849161370338
2017-08-24,17.742933315445466
2017-08-25,17.825167608458255
2017-08-28,17.831863458890677
2017-08-29,17.93855707154219
2017-08-30,18.022234116667924
2017-08-31,18.070244532248616
2017-09-01,18.065179610296227
2017-09-04,18.06519786958539
2017-09-05,17.949212555432524
2017-09-06,18.01075995465445
2017-09-07,18.119748275046792
2017-09-08,18.23081742169901
2017-09-11,18.479800474789787
2017-09-12,18.57744396202733
2017-09-13,18.54854025018292
2017-09-14,18.620495107953577
2017-09-15,18.739277291629403
2017-09-18,18.923297313855617
2017-09-19,18.942631230479133
2017-09-20,19.14735467575091
2017-09-21,19.214812169316545
2017-09-22,19.2872734526861
2017-09-25,19.273718877744663
2017-09-26,19.296143585374907
2017-09-27,19.343129153774463
2017-09-28,19.35171585238741
2017-09-29,19.417846310462764
2017-10-02,19.529316709672816
2017-10-03,19.62463273942961
2017-10-04,19.64509383497569
2017-10-05,19.70069722230985
2017-10-06,19.691665243346705
2017-10-09,19.669670087659703
2017-10-10,19.732838660835696
2017-10-11,19.73176466304687
2017-10-12,19.836783779795105
2017-10-13,19.787951703600143
2017-10-16,19.78557765590904
2017-10-17,19.70094405284444
2017-10-18,19.68864468470745
2017-10-19,19.69840057001034
2017-10-20,19.891048390022327
2017-10-23,19.82663736014288
2017-10-24,19.809657015285552
2017-10-25,19.45299338006001
2017-10-26,19.40626172104128
2017-10-27,19.439576469123512
2017-10-30,19.303958788877008
2017-10-31,19.192749247615296
2017-11-01,19.179855955146135
2017-11-02,19.257519329599837
2017-11-03,19.220769788885637
2017-11-06,19.21853476695029
2017-11-07,19.24719242141346
2017-11-08,19.200772162557875
2017-11-09,18.930187448640893
2017-11-10,18.93604918991819
2017-11-13,18.994265746281027
2017-11-14,18.996350283714747
2017-11-15,18.864143367151872
2017-11-16,19.038694674505404
2017-11-17,18.940513448179296
2017-11-20,19.04642212728832
2017-11-21,19.15799006879701
2017-11-22,19.12812132741088
2017-11-24,19.10229694697386
2017-11-27,19.15174091800012
2017-11-28,19.45082524449471
2017-11-29,19.65370070758729
2017-11-30,19.99011850493568
2017-12-01,19.77494189799568
2017-12-04,19.96357217105572
2017-12-05,19.76255838946969
2017-12-06,19.783552369065408
2017-12-07,19.98416575598692
2017-12-08,20.07372511260777
2017-12-11,20.012442949464816
2017-12-12,20.01997404244714
2017-12-13,20.084801535195304
2017-12-14,19.952354850505227
2017-12-15,20.0890385096254
2017-12-18,20.281957200532805
2017-12-19,20.258333412758805
2017-12-20,20.322045061842385
2017-12-21,20.32118736956296
2017-12-22,20.315250549501297
2017-12-25,19.881707620190056
2017-12-26,20.33706182527605
2017-12-27,20.39424710193184
2017-12-28,20.42173153761304
2017-12-29,20.352026261817542
2018-01-01,20.352041722296157
2018-01-02,20.46707655414149
2018-01-03,20.537943765121764
2018-01-04,20.638583745426555
2018-01-05,20.728867572906125
2018-01-08,20.637624764241465
2018-01-09,20.64217105130039
2018-01-10,20.49571352438517
2018-01-11,20.61333687474012
2018-01-12,20.765830074117293
2018-01-15,20.765829341867672
2018-01-16,20.43292166720928
2018-01-17,20.544836599200348
2018-01-18,20.405624223570378
2018-01-19,20.47325227045687
2018-01-22,20.497132394971374
2018-01-23,20.43258166422328
2018-01-24,20.252531317527502
2018-01-25,19.82956451402808
2018-01-26,19.935227075733057
2018-01-29,19.69548363927672
2018-01-30,19.45466228495655
2018-01-31,19.26828462899694
2018-02-01,19.03629086352743
2018-02-02,18.646588022745537
2018-02-05,17.82606863676321
2018-02-06,18.052675025077765
2018-02-07,18.058770925899665
2018-02-08,17.31516030782154
2018-02-09,17.457896315839957
2018-02-12,17.757585604826648
2018-02-13,17.829494675670592
2018-02-14,18.05092317334363
2018-02-15,18.248705409209258
2018-02-16,18.1874932588291
2018-02-19,18.18750479670063
2018-02-20,17.979227491943437
2018-02-21,17.94780701242351
2018-02-22,18.03369720014169
2018-02-23,18.192028778893388
2018-02-26,18.45580502859404
2018-02-27,18.21647216815872
2018-02-28,17.932583089371686
2018-03-01,17.588451005762636
2018-03-02,17.55780634145468
2018-03-05,17.774118770375523
2018-03-06,17.858541395623686
2018-03-07,17.866431569690214
2018-03-08,17.95816726147777
2018-03-09,18.359371000988183
2018-03-12,18.12692420957791
2018-03-13,18.06007843702505
2018-03-14,17.844767472697214
2018-03-15,17.900224577210306
2018-03-16,18.02304706870244
2018-03-19,17.91701996548337
2018-03-20,17.986441955452097
2018-03-21,17.96303600636313
2018-03-22,17.35483842194628
2018-03-23,17.088966689893965
2018-03-26,17.51212922165041
2018-03-27,17.205707895887414
2018-03-28,17.129495829570207
2018-03-29,17.445756343320554
2018-03-30,17.424754193354147
2018-04-02,17.063250588887907
2018-04-03,17.32835553171543
2018-04-04,17.380974028030472
2018-04-05,17.56603594742549
2018-04-06,17.066849968707952
2018-04-09,17.017207374859296
2018-04-10,17.184743474512786
2018-04-11,17.180594872544127
2018-04-12,17.439009863178708
2018-04-13,17.360457068443196
2018-04-16,17.54356986369599
2018-04-17,17.63778742577791
2018-04-18,17.82879542600925
2018-04-19,17.69502136629528
2018-04-20,17.524985973017063
2018-04-23,17.50053157511052
2018-04-24,16.719643051699883
2018-04-25,16.777665693648302
2018-04-26,16.641685406916782
2018-04-27,16.62864737244812
2018-04-30,16.47897428665348
2018-05-01,16.319947936094632
2018-05-02,16.028113150267014
2018-05-03,16.140346087302337
2018-05-04,16.36250833274418
2018-05-07,16.50278208818121
2018-05-08,16.592127529405825
2018-05-09,16.752837799149667
2018-05-10,16.857734107339592
2018-05-11,16.911633944243988
2018-05-14,16.868843037304103
2018-05-15,16.798261150564464
2018-05-16,16.848270778908272
2018-05-17,16.907603997810234
2018-05-18,16.998185847094938
2018-05-21,17.24392186863369
2018-05-22,17.005362713505107
2018-05-23,17.05357235338643
2018-05-24,17.131115770365827
2018-05-25,17.10369417920613
2018-05-28,16.979631144858722
2018-05-29,16.830581829687915
2018-05-30,17.06566265801982
2018-05-31,16.80130938498473
2018-06-01,17.012871338015206
2018-06-04,17.01337325604488
2018-06-05,17.044547524391334
2018-06-06,17.218796321523495
2018-06-07,17.24430483971298
2018-06-08,17.31639803453744
2018-06-11,17.34682793260498
2018-06-12,17.354285290841755
2018-06-13,17.213448103952242
2018-06-14,17.1600771837115
2018-06-15,17.140836222717244
2018-06-18,17.077499901397186
2018-06-19,16.704433516579563
2018-06-20,16.727332244329226
2018-06-21,16.525914212198824
2018-06-22,16.54391341967193
2018-06-25,16.33097716111683
2018-06-26,16.304625662957186
2018-06-27,16.151973349779574
2018-06-28,16.181835376775112
2018-06-29,16.23473612745785
2018-07-02,16.323344272368725
2018-07-03,16.252379759913893
2018-07-05,16.348828435088468
2018-07-06,16.389213024400355
2018-07-09,16.70822806726515
2018-07-10,16.77253968734257
2018-07-11,16.516857351255837
2018-07-12,16.709071915133435
2018-07-13,16.81287163327829
2018-07-16,16.71667745512602
2018-07-17,16.752592948229964
2018-07-18,16.906371475078966
2018-07-19,16.857881865207716
2018-07-20,16.85735577207878
2018-07-23,16.76513201723786
2018-07-24,16.717253481618133
2018-07-25,16.822478031114116
2018-07-26,16.896971604317084
2018-07-30,16.635874511640914
2018-08-01,16.676035187196696
2018-08-02,16.64133641296018
2018-08-03,16.66994080449912
2018-08-06,16.68609626496513
2018-08-07,16.79454493861421
2018-08-08,16.710865595338955
2018-08-09,16.612833652315565
2018-08-10,16.476758471850072
2018-08-13,16.40466588724247
2018-08-14,16.524178400091714
2018-08-15,16.452862138196476
2018-08-16,16.647169237408175
2018-08-17,16.72668944405389
2018-08-20,16.837241106384244
2018-08-21,16.952419067737225
2018-08-22,16.80147559157982
2018-08-23,16.730802138698042
2018-08-24,16.8045812188044
2018-08-27,17.004115233133987
2018-08-28,16.989760856289283
2018-08-29,16.99049395368641
2018-08-30,16.86345931713925
2018-08-31,16.86247289409342
2018-09-04,16.878990330358178
2018-09-05,16.997126791117662
2018-09-06,17.05425885686256
2018-09-07,17.017709179099242
2018-09-10,17.099858128082808
2018-09-11,17.106578795644193
2018-09-12,17.14951060099586
2018-09-13,17.221413526345476
2018-09-14,17.301557052033765
2018-09-17,17.278637997185164
2018-09-18,17.43450993182457
2018-09-19,17.419066586813834
2018-09-20,17.477534318554987
2018-09-21,17.55229945687276
2018-09-24,17.339405930695253
2018-09-25,17.292614285083346
2018-09-26,17.253692981750508
2018-09-27,17.261056252230762
2018-09-28,17.26848449679958
2018-10-01,17.364316646297638
2018-10-02,17.422675327205898
2018-10-03,17.510678632467044
2018-10-04,17.444813161075977
2018-10-05,17.32692358158939
2018-10-08,17.328980837539472
2018-10-09,17.076633649738977
2018-10-10,16.483489557766156
2018-10-11,16.11526107860372
2018-10-12,16.23263990326777
2018-10-15,16.23977073857564
2018-10-16,16.50697971776509
2018-10-17,16.37719516017741
2018-10-18,16.001133968569402
2018-10-19,16.011371138180017
2018-10-22,15.9686457108077
2018-10-23,15.589923194674668
2018-10-24,14.944542884207555
2018-10-25,15.011795682272403
2018-10-26,14.882548658178973
2018-10-29,14.637571220470676
2018-10-30,15.005047285138415
2018-10-31,15.13144358276987
2018-11-01,15.413705209525665
2018-11-02,15.396099968027862
2018-11-05,15.485723439230018
2018-11-06,15.633620306752226
2018-11-07,15.923157623220137
2018-11-08,15.870136195016062
2018-11-09,15.72784776348503
2018-11-12,15.455033929647705
2018-11-13,15.4827219199547
2018-11-14,15.441350261471008
2018-11-15,15.646904154960882
2018-11-16,15.655679595431106
2018-11-19,15.42299929141539
2018-11-20,15.093641704883453
2018-11-21,15.322826512187936
2018-11-23,15.2444664513051
2018-11-26,15.38881333405564
2018-11-27,15.407728748287232
2018-11-28,15.7881238122103
2018-11-29,15.774901281871172
2018-11-30,15.977790482658932
2018-12-03,16.16094509841902
2018-12-04,15.393764351002304
2018-12-06,15.29825050419776
2018-12-07,14.885244169759645
2018-12-10,14.898168505818214
2018-12-11,14.799190566533884
2018-12-12,14.885520884267065
2018-12-13,14.80339970808709
2018-12-14,14.59110925713738
2018-12-17,14.340052319992694
2018-12-18,14.412085590953556
2018-12-19,14.162298652965696
2018-12-20,13.930241481786574
2018-12-21,13.679597767651144
2018-12-24,13.250782322365652
2018-12-26,13.905297701222208
2018-12-27,14.097628872651098
2018-12-28,14.034269303719237
2018-12-31,14.178736026132317
2019-01-02,14.198375464778032
2019-01-03,13.760817122505916
2019-01-04,14.321051864526243
2019-01-07,14.389217515460444
2019-01-08,14.618873888110052
2019-01-09,14.706293178010098
2019-01-10,14.906257421835404
2019-01-11,14.896342986640905
2019-01-14,14.868050234375458
2019-01-15,14.79115786865572
2019-01-16,14.79112701860641
2019-01-17,15.024421858202318
2019-01-18,15.312113067633968
2019-01-22,15.01799117077072
2019-01-23,14.988774098546436
2019-01-24,14.996599725788826
2019-01-25,15.15691745496312
2019-01-28,14.971477527341364
2019-01-29,15.145589574161264
2019-01-30,15.288128131504305
2019-01-31,15.224352223246274
2019-02-01,15.189839786108363
2019-02-04,15.384590560522897
2019-02-05,15.47120879141728
2019-02-06,15.475916674887811
2019-02-07,15.369921327727289
2019-02-08,15.39180220887434
2019-02-11,15.463684356756026
2019-02-12,15.721528316649875
2019-02-13,15.811371801177376
2019-02-14,15.737498403856764
2019-02-15,15.937933411878904
2019-02-19,15.910522846149648
2019-02-20,15.993256684673328
2019-02-21,15.934908312836331
2019-02-22,16.03161245248406
2019-02-25,16.057898593776663
2019-02-26,16.00246653188994
2019-02-27,16.06020631239911
2019-02-28,16.024528760635533
2019-03-01,16.044962940196648
2019-03-04,15.95644907921708
2019-03-05,15.876986219359178
2019-03-06,15.76955202161488
2019-03-07,15.654964007164132
2019-03-08,15.604838521631002
2019-03-11,15.718270244244431
2019-03-12,15.573300267972495
2019-03-13,15.70512301146317
2019-03-14,15.617755262664849
2019-03-15,15.608972864145402
2019-03-18,15.750859895545956
2019-03-19,15.659929129289994
2019-03-20,15.59160363159877
2019-03-21,15.733816021762548
2019-03-22,15.36648937327136
2019-03-25,15.418851615287446
2019-03-26,15.530929674880078
2019-03-27,15.572573300249168
2019-03-28,15.718097749142547
2019-03-29,15.892678062303908
2019-04-01,16.2293014329412
2019-04-02,16.200883093467525
2019-04-03,16.186353820798157
2019-04-04,16.300609208593894
2019-04-05,16.3465105265379
2019-04-08,16.42840963010145
2019-04-09,16.224752504289583
2019-04-10,16.236818028385773
2019-04-11,16.400280199859832
2019-04-12,16.640068364630476
2019-04-15,16.55566854344475
2019-04-16,16.66736871328603
2019-04-17,16.646771630717332
2019-04-18,16.762320215153355
2019-04-22,16.711417555176787
2019-04-23,16.821165792222622
2019-04-24,16.607928111779902
2019-04-25,16.338712465213796
2019-04-26,16.47017775259406
2019-04-29,16.51309570228308
2019-04-30,16.55514892953458
2019-05-01,16.366398566013583
2019-05-02,16.329922320426686
2019-05-03,16.53023236650436
2019-05-06,16.358682320364643
2019-05-07,16.024232956664918
2019-05-08,16.009231634236443
2019-05-09,15.974100398590762
2019-05-10,16.02975829760584
2019-05-13,15.562491928137272
2019-05-14,15.70475850812996
2019-05-15,15.729083926358012
2019-05-16,15.880490604941825
2019-05-17,15.719645577348768
2019-05-20,15.682606260414357
2019-05-21,15.85615356503802
2019-05-22,15.714820933258633
2019-05-23,15.486680975658096
2019-05-24,15.499651577373164
2019-05-28,15.352647204449331
2019-05-29,15.27928865905645
2019-05-30,15.336698298894053
2019-05-31,15.11106013606068
2019-06-03,15.214770686827016
2019-06-04,15.592213701426646
2019-06-05,15.761503614647326
2019-06-06,15.754330964443511
2019-06-07,15.903429629463478
2019-06-10,15.94611796526269
2019-06-11,15.85788219521447
2019-06-12,15.886089939680796
2019-06-13,16.01257695802223
2019-06-14,15.904409938286705
2019-06-17,15.85717130965104
2019-06-18,16.157318275780316
2019-06-19,16.149319542584628
2019-06-20,16.40136716478713
2019-06-21,16.327103935161524
2019-06-24,16.303925340672855
2019-06-25,16.195762369053604
2019-06-26,16.27032899796852
2019-06-27,16.2856353831971
2019-06-28,16.464729943836982
2019-07-01,16.609968412937118
2019-07-02,16.573011196210263
2019-07-03,16.613438887041383
2019-07-05,16.52407521770772
2019-07-08,16.42867782099346
2019-07-09,16.406283066289593
2019-07-10,16.363873080516477
2019-07-11,16.486619908002424
2019-07-12,16.780650061012576
2019-07-15,16.786151042760995
2019-07-16,16.878105088386747
2019-07-17,16.52847731851732
2019-07-18,17.19815734717174
2019-07-19,17.280596772711572
2019-07-22,17.277147278091096
2019-07-23,17.427666161862437
2019-07-24,16.517608466754215
2019-07-25,16.460399961299185
2019-07-26,16.430310402509072
2019-07-29,16.412591113020504
2019-07-30,16.47678993594565
2019-07-31,16.292292905892197
2019-08-01,15.954434395923611
2019-08-02,15.866525417141728
2019-08-05,15.41628732545454
2019-08-06,15.623611640495811
2019-08-07,15.632487449186256
2019-08-08,15.899946195749578
2019-08-09,15.81896259919992
2019-08-12,15.61248914812696
2019-08-13,15.766596052315167
2019-08-14,15.307592489910002
2019-08-15,15.3318446990058
2019-08-16,15.595362220534604
2019-08-19,15.772199833308882
2019-08-20,15.651271227032623
2019-08-21,15.78182474822473
2019-08-22,15.801670111060927
2019-08-23,15.38499555811551
2019-08-26,15.486062269929104
2019-08-27,15.424497825811889
2019-08-28,15.589773025768068
2019-08-29,15.859690125319384
2019-08-30,15.916883257075863
2019-09-03,15.667153628003746
2019-09-04,15.85060186048675
2019-09-05,16.15064118508507
2019-09-06,16.170843860857598
2019-09-09,16.22110930058578
2019-09-10,16.41230333319449
2019-09-11,16.57114439709137
2019-09-12,16.569402459851126
2019-09-13,16.662139966237348
2019-09-16,16.616375963126483
2019-09-17,16.609892374785293
2019-09-18,16.686397799501307
2019-09-19,16.592828665775865
2019-09-20,16.497250372997698
2019-09-23,16.483156394801146
2019-09-24,16.39401123688772
2019-09-25,16.500322092298926
2019-09-26,16.522602639601928
2019-09-27,16.462168271485496
2019-09-30,16.50134379247447
2019-10-01,16.10631058070731
2019-10-02,15.791399189550203
2019-10-03,15.902246079080165
2019-10-04,16.100233947223842
2019-10-07,16.01320667566582
2019-10-08,15.777763239975876
2019-10-09,15.918295652272716
2019-10-10,16.084120340774902
2019-10-11,16.420404869198695
2019-10-14,16.428428649589186
2019-10-15,16.54127890775055
2019-10-16,16.528137678356206
2019-10-17,16.570911782777067
2019-10-18,16.399679106352416
2019-10-21,16.550516736887634
2019-10-22,16.619630921063425
2019-10-23,16.38637431894326
2019-10-24,16.4904041284849
2019-10-25,16.624219838904782
2019-10-28,16.712377588814284
2019-10-29,16.817577268545453
2019-10-30,16.794183700626903
2019-10-31,16.594740536850384
2019-11-01,16.974248897445474
2019-11-04,17.170205601084298
2019-11-05,17.21245432307113
2019-11-06,17.20414166919152
2019-11-07,17.219722705871938
2019-11-08,17.22616487015196
2019-11-11,17.248701508193726
2019-11-12,17.243653580983047
2019-11-13,17.17321229054293
2019-11-14,17.21423724132354
2019-11-15,17.32347263031429
2019-11-18,17.25984561092075
2019-11-19,17.233822785107105
2019-11-20,17.107287131876042
2019-11-21,17.05748657075083
2019-11-22,17.158895372760195
2019-11-25,17.322577933166766
2019-11-26,17.394354222089948
2019-11-27,17.399274369139487
2019-11-29,17.30701031975349
2019-12-02,17.029323635488797
2019-12-03,16.8339134715733
2019-12-04,16.9024465500925
2019-12-05,16.91703937871764
2019-12-06,17.116724948542785
2019-12-09,17.09324571879317
2019-12-10,17.072387336267262
2019-12-11,17.190944569826197
2019-12-12,17.30222958387708
2019-12-13,17.258862474958782
2019-12-16,17.256218233829888
2019-12-17,17.330461241706328
2019-12-18,17.330000223112894
2019-12-19,17.371223673893603
2019-12-20,17.55672222940524
2019-12-23,17.6734741480518
2019-12-24,17.626482722883527
2019-12-26,17.66111072735143
2019-12-27,17.626852342967464
2019-12-30,17.5438787242867
2019-12-31,17.547169536425198
2020-01-02,17.816551617889836
2020-01-03,17.78568483032168
2020-01-06,17.79054635702657
2020-01-07,17.843935020004423
2020-01-08,17.95086816615551
2020-01-09,18.047289566128857
2020-01-10,17.961926593640296
2020-01-13,18.13229704815074
2020-01-14,18.144927862520152
2020-01-15,18.182695498583453
2020-01-16,18.37340093995053
2020-01-17,18.423773463452456
2020-01-21,18.210703627035144
2020-01-22,18.49587036456833
2020-01-23,18.64567142791353
2020-01-24,18.588105960415906
2020-01-27,18.26842882298009
2020-01-28,18.301769286347245
2020-01-29,17.88404573391295
2020-01-30,18.305392485879096
2020-01-31,17.890181524414768
2020-02-03,17.965337369946973
2020-02-04,18.270711054408164
2020-02-05,18.59938702896832
2020-02-06,18.690925315342696
2020-02-07,18.535061970491324
2020-02-10,18.6404420543216
2020-02-11,18.7508144460609
2020-02-12,18.959998527072443
2020-02-13,18.828820395062795
2020-02-14,18.812707004155904
2020-02-18,18.77595258879547
2020-02-19,18.772185699432768
2020-02-20,18.73065300873572
2020-02-21,18.6436144165062
2020-02-24,18.0759563419065
2020-02-25,17.37171019095324
2020-02-26,17.244610018984385
2020-02-27,16.62129724742493
2020-02-28,16.387144369901076
2020-03-02,16.887599292796633
2020-03-03,16.474069744404307
2020-03-04,17.181986730810316
2020-03-05,16.468840636591594
2020-03-06,16.393883757915578
2020-03-09,14.942845141894797
2020-03-10,15.755402110147156
2020-03-11,15.11600749370889
2020-03-12,13.54469563561515
2020-03-13,14.837612971485456
2020-03-16,13.543517521729749
2020-03-17,14.132982964959687
2020-03-18,13.465948394204064
2020-03-19,13.531420611121654
2020-03-20,13.050190842259491
2020-03-23,13.253282579322848
2020-03-24,14.93235562164076
2020-03-25,15.942247929140365
2020-03-26,17.039159666553825
2020-03-27,16.640612899061
2020-03-30,17.049117735314734
2020-03-31,17.083618551305232
2020-04-01,17.180730178691586
2020-04-02,17.590118002871282
2020-04-03,16.078706863395606
2020-04-06,19.028342805628952
2020-04-07,19.12617799793707
2020-04-08,20.096553024774146
2020-04-09,20.801622850284076
2020-04-13,20.51931688803573
2020-04-14,21.220523178588834
2020-04-15,21.01213683291824
2020-04-16,21.119031580925665
2020-04-17,22.306631197631653
2020-04-20,22.13218618094929
2020-04-21,22.238380375745628
2020-04-22,22.34713715130898
2020-04-23,22.825194627089463
2020-04-24,23.32802882339022
2020-04-27,24.0255258471962
2020-04-28,24.740155272608924
2020-04-29,25.166215583220097
2020-04-30,24.606739660938896
2020-05-01,24.124231998908986
2020-05-04,23.9595681172442
2020-05-05,24.21321693644557
2020-05-06,23.949752391954263
2020-05-07,24.505415848035128
2020-05-08,25.43130447270671
2020-05-11,25.37994519850887
2020-05-12,24.550630078789936
2020-05-13,23.75786853680004
2020-05-14,24.09532719045636
2020-05-15,24.02478610873008
2020-05-18,25.870281929172705
2020-05-19,25.568740058796635
2020-05-20,26.072127799780453
2020-05-21,26.176999990074243
2020-05-22,26.012004138204592
2020-05-26,27.44879592664308
2020-05-27,28.47106635765696
2020-05-28,28.07730128012288
2020-05-29,27.947382290963223
2020-06-01,28.11612558252734
2020-06-02,28.498673339787874
2020-06-03,29.88126644434104
2020-06-04,30.764185104073672
2020-06-05,32.12582176237102
2020-06-08,32.94248487527623
2020-06-09,31.900348781108143
2020-06-10,31.14746312671561
2020-06-11,28.40495798617732
2020-06-12,29.39772310430608
2020-06-15,29.700053800528657
2020-06-16,30.2994808289475
2020-06-17,30.17618393560377
2020-06-18,30.057665016828786
2020-06-19,29.54031506005189
2020-06-22,29.57737997065962
2020-06-23,29.44823546133935
2020-06-24,28.23703351719611
2020-06-25,29.072047304638843
2020-06-26,28.41118957194771
2020-06-29,29.678382957311047
2020-06-30,29.58555096363524
2020-07-01,29.358691824362907
2020-07-02,29.62398507903464
2020-07-06,30.09788481221955
2020-07-07,29.28600965838064
2020-07-08,29.23861815432752
2020-07-09,28.421631851376173
2020-07-10,28.958955888889736
2020-07-13,28.99132995820558
2020-07-14,28.75743436617149
2020-07-15,30.01190135524705
2020-07-16,29.88965212404286
2020-07-17,29.86022915672835
2020-07-20,29.422966413414937
2020-07-21,28.82659244545261
2020-07-22,29.117847122068994
2020-07-23,27.902946436250357
2020-07-24,27.918901163722328
2020-07-27,28.07286277989854
2020-07-28,27.18676248089205
2020-07-29,26.33977488665575
2020-07-30,25.57055219300183
2020-07-31,25.307555997629763
2020-08-03,25.337673507746334
2020-08-04,25.29909442320873
2020-08-05,25.83719053257434
2020-08-06,25.841268816099813
2020-08-07,26.280810524559666
2020-08-10,26.992524260646945
2020-08-11,27.103930602590133
2020-08-12,27.17631052701932
2020-08-13,26.97038752040204
2020-08-14,27.134087631267978
2020-08-17,26.938726303605883
2020-08-18,26.772011359495067
2020-08-19,26.72138726511125
2020-08-20,26.58966239399856
2020-08-21,26.4880723803454
2020-08-24,26.985331022043034
2020-08-25,26.931763679749004
2020-08-26,26.92883363777144
2020-08-27,27.06679849354565
2020-08-28,27.313916402335423
2020-08-31,26.934107717077246
2020-09-01,27.21687374097302
2020-09-02,27.61699164390915
2020-09-03,26.87885827979936
2020-09-04,26.966047137486427
2020-09-08,26.47672870424937
2020-09-09,26.828835407530693
2020-09-10,26.484463462174126
2020-09-11,26.858699178507745
2020-09-14,27.222697955949105
2020-09-15,27.21081319855469
2020-09-16,27.20160123524656
2020-09-17,27.22547332879182
2020-09-18,26.928722309395265
2020-09-21,26.345780091267585
2020-09-22,26.604155923033684
2020-09-23,26.12950594723652
2020-09-24,26.103390494595004
2020-09-25,26.54832985257373
2020-09-28,27.056142172626483
2020-09-29,26.7778816085859
2020-09-30,26.803514326862334
2020-10-01,26.743028106917187
2020-10-02,27.05178069255945
2020-10-05,27.5175154101231
2020-10-06,27.205793460871885
2020-10-07,28.01982204426424
2020-10-08,28.291116419179183
2020-10-09,28.387913237185717
2020-10-12,28.58387972958415
2020-10-13,27.42411917237711
2020-10-14,26.988125077059667
2020-10-15,27.20539669530539
2020-10-16,27.5150312730893
2020-10-19,27.150218164618348
2020-10-20,27.15471024555208
2020-10-21,26.827624763407886
2020-10-22,26.237524506275143
2020-10-23,26.40347540829647
2020-10-26,25.422800871355808
2020-10-27,24.695092233562917
2020-10-28,23.136520629358483
2020-10-29,23.425840992498973
2020-10-30,23.364148191454795
2020-11-02,23.9504788171018
2020-11-03,24.54376268731492
2020-11-04,24.226233973636496
2020-11-05,24.838170851740177
2020-11-06,24.816011934089445
2020-11-09,25.723440241227237
2020-11-10,26.23110094606457
2020-11-12,25.53164447410356
2020-11-13,26.08263699854693
2020-11-16,26.76861572306543
2020-11-17,26.74427132719441
2020-11-18,26.628430494807983
2020-11-19,26.647129536586025
2020-11-20,26.3959095555221
2020-11-23,26.811981510402976
2020-11-24,27.38199036708173
2020-11-25,26.87473992806403
2020-11-27,26.871952668601093
2020-11-30,26.493004495664085
2020-12-01,26.47471124183032
2020-12-02,26.558069369332667
2020-12-03,26.753787087986503
2020-12-04,27.00414461674648
2020-12-07,26.870184759938688
2020-12-08,26.982544550027765
2020-12-09,27.00260632048971
2020-12-10,26.729181860031435
2020-12-11,26.806382825667416
2020-12-14,26.45869409072951
2020-12-15,26.82615404366891
2020-12-16,26.698849320170428
2020-12-17,26.844890784645862
2020-12-18,26.7725902573451
2020-12-21,26.818934272430504
2020-12-22,26.647781271097493
2020-12-23,26.783277194649603
2020-12-24,26.897604099449957
2020-12-28,26.85459797717973
2020-12-29,26.66474216124582
2020-12-30,26.83661126674786
2020-12-31,27.118530564419675
2021-01-04,26.263920821162213
2021-01-05,26.53015113993957
2021-01-06,27.265578885647383
2021-01-07,27.459843321881173
2021-01-08,27.377151244156583
2021-01-11,27.333200372248992
2021-01-12,27.595306674926885
2021-01-13,27.51516040629359
2021-01-14,27.35551017235196
2021-01-15,27.064774555115523
2021-01-19,27.12613861264694
2021-01-20,27.399816262654305
2021-01-21,26.447247726002125
2021-01-22,26.4763588344172
2021-01-25,26.27569467526812
2021-01-26,25.656222874140926
2021-01-27,24.04356687683824
2021-01-28,24.691368217211885
2021-01-29,24.26319997156179
2021-02-01,24.43398488949621
2021-02-02,24.735673670832607
2021-02-03,24.705222961499818
2021-02-04,24.89689214925293
2021-02-05,24.98114434895481
2021-02-08,25.204386689364163
2021-02-09,25.20242937166369
2021-02-10,25.15614482756577
2021-02-11,25.099987911072688
2021-02-12,25.24587438336363
2021-02-16,25.254335662712705
2021-02-17,25.190742004343363
2021-02-18,24.991709960199344
2021-02-19,25.232956133246056
2021-02-22,25.26995649816129
2021-02-23,25.30271053812997
2021-02-24,25.761778228801447
2021-02-25,25.27413196850543
2021-02-26,25.02031446039523
2021-03-01,25.53254201878418
2021-03-02,25.47331292873232
2021-03-03,25.4626333013094
2021-03-04,25.01048694659947
2021-03-05,25.614500266527525
2021-03-08,25.84370778051971
2021-03-09,25.786344157342636
2021-03-10,26.2455979975854
2021-03-11,26.348996389129045
2021-03-12,26.706607958894523
2021-03-15,26.86382891015369
2021-03-16,26.46839621079808
2021-03-17,26.71070853187052
2021-03-18,26.685034712591506
2021-03-19,26.46797448365737
2021-03-22,26.67161450544264
2021-03-23,26.20719872342384
2021-03-24,26.41351839237892
2021-03-25,26.843243390372567
2021-03-26,27.32576746151592
2021-03-29,27.328756552804023
2021-03-30,27.431880204004862
2021-03-31,27.344694857309943
2021-04-01,27.446553519471152
2021-04-05,27.69014776030572
2021-04-06,27.65846021379341
2021-04-07,27.529222908368464
2021-04-08,27.67916256835053
2021-04-09,27.963337912249795
2021-04-12,28.04793745467704
2021-04-13,27.91544236201411
2021-04-14,28.024187196503068
2021-04-15,27.749100330265765
2021-04-16,27.7991011305076
2021-04-19,27.24246959041329
2021-04-20,27.041833463092114
2021-04-21,27.400139826447752
2021-04-22,26.248590425297397
2021-04-23,26.300388511913354
2021-04-26,26.21982515640632
2021-04-27,25.91764536090089
2021-04-28,25.43948013949329
2021-04-29,25.38180776313607
2021-04-30,25.04266061482004
2021-05-03,25.249390469231447
2021-05-04,25.215014996818496
2021-05-05,25.126586977114115
2021-05-06,25.301149727206464
2021-05-07,25.52731349564074
2021-05-10,25.5355170281418
2021-05-11,25.15634547775178
2021-05-12,24.511079113286304
2021-05-13,24.969081016387666
2021-05-14,25.37240883884821
2021-05-17,25.309233556505028
2021-05-18,24.92916288800789
2021-05-19,24.72377701901844
2021-05-20,24.76272997257387
2021-05-21,24.72485874189088
2021-05-24,24.859556433119096
2021-05-25,24.76603872198448
2021-05-26,24.83055170173633
2021-05-27,25.11767792645419
2021-05-28,25.09277114223791
2021-06-01,25.18918762792076
2021-06-02,25.093688091035503
2021-06-03,25.023634143048245
2021-06-04,25.09204685743448
2021-06-07,24.914604733060123
2021-06-08,24.968557177470213
2021-06-09,24.717919893435447
2021-06-10,24.595593488431003
2021-06-11,24.629499833201415
2021-06-14,24.52922306964328
2021-06-15,24.64174062877852
2021-06-16,24.392577660378247
2021-06-17,24.01503069502835
2021-06-18,23.69829002451856
2021-06-21,24.245738086935237
2021-06-22,24.282956070225904
2021-06-23,24.21732416974607
2021-06-24,24.33836695068505
2021-06-25,24.34872150451461
2021-06-28,24.23907572177967
2021-06-29,24.164017853596384
2021-06-30,24.32315530789005
2021-07-01,24.47077278037302
2021-07-02,24.52825423363114
2021-07-06,24.30810230614548
2021-07-07,24.56848921597472
2021-07-08,24.201525242212337
2021-07-09,24.58554040910423
2021-07-12,24.610815092108144
2021-07-13,24.291009784019725
2021-07-14,23.78307676273539
2021-07-15,23.82001502166
2021-07-16,23.616203414259445
2021-07-19,23.10841298703717
2021-07-20,23.412301071516232
2021-07-21,23.46103686355596
2021-07-22,22.87785268600373
2021-07-23,22.767399667560184
2021-07-26,22.760681842429843
2021-07-27,22.451554756815515
2021-07-28,21.98661474915213
2021-07-29,22.071745367656284
2021-07-30,21.90814972745475
2021-08-02,22.015654409792223
2021-08-03,22.26008191459028
2021-08-04,21.883983649144817
2021-08-05,21.96119813353745
2021-08-06,22.04920494755119
2021-08-09,21.98603572683528
2021-08-10,22.187208891456287
2021-08-11,22.48030723747833
2021-08-12,22.458582122416008
2021-08-13,22.38760221388804
2021-08-16,22.45539611455533
2021-08-17,22.212182784680284
2021-08-18,21.971946736412768
2021-08-19,21.783845706136965
2021-08-20,21.752576299042563
2021-08-23,21.92176036491354
2021-08-24,22.04060094480833
2021-08-25,22.17569249587585
2021-08-26,22.08680803488819
2021-08-27,22.23846226043488
2021-08-30,22.20220441473018
2021-08-31,22.146550742671856
2021-09-01,22.022930917126583
2021-09-02,22.26504683107798
2021-09-03,22.12305709032726
2021-09-07,21.743069794528317
2021-09-08,21.76935002688278
2021-09-09,21.68030228765498
2021-09-10,21.778486234888955
2021-09-13,21.85355557545511
2021-09-14,21.59704629024812
2021-09-15,21.867797971738504
2021-09-16,21.72105770209752
2021-09-17,21.53172131618962
2021-09-20,21.30808903929316
2021-09-21,21.13748743894657
2021-09-22,21.369270636317008
2021-09-23,21.71266048058268
2021-09-24,21.80096707388673
2021-09-27,21.822826763681714
2021-09-28,21.58757663518212
2021-09-29,21.603957636226507
2021-09-30,21.148128633682973
2021-10-01,21.472891805883677
2021-10-04,21.408679945931134
2021-10-05,21.675398273865486
2021-10-06,21.875929620156366
2021-10-07,22.046067035592515
2021-10-08,22.06193833247837
2021-10-11,21.955904251546528
2021-10-12,21.9002215249688
2021-10-13,21.86386288251777
2021-10-14,22.336721141043647
2021-10-15,22.554019299353858
2021-10-18,22.57199417757112
2021-10-19,22.561652525308865
2021-10-20,22.67722911383126
2021-10-21,22.47121616074547
2021-10-22,22.587743311485458
2021-10-25,22.669872224958684
2021-10-26,22.223381491089853
2021-10-27,21.7492150147438
2021-10-28,21.975578793997435
2021-10-29,22.001880189649736
2021-11-01,22.117463230244383
2021-11-02,22.14722291512283
2021-11-03,22.05727768057755
2021-11-04,22.093066002685397
2021-11-05,22.289948589071884
2021-11-08,22.38920830056896
2021-11-09,22.44271268150174
2021-11-10,22.31090686780801
2021-11-11,22.22685640429876
2021-11-12,22.386962658634825
2021-11-15,22.413239550738027
2021-11-16,22.43538231488362
2021-11-17,22.30342251583496
2021-11-18,22.23327399613269
2021-11-19,22.112635383413917
2021-11-22,22.18357874399133
2021-11-23,22.22192414814583
2021-11-24,22.11751856137661
2021-11-26,21.50752389514257
2021-11-29,21.570613680483977
2021-11-30,21.01702033261434
2021-12-01,20.717399480205028
2021-12-02,21.323697677538693
2021-12-03,21.337852013105167
2021-12-06,21.695649059998495
2021-12-07,21.896504111544857
2021-12-08,21.96624543968659
2021-12-09,21.890363288739724
2021-12-10,21.959036740769157
2021-12-13,21.709638496163045
2021-12-14,21.512942720232758
2021-12-15,21.703861429239208
2021-12-16,21.70070717099232
2021-12-17,21.312664904539613
2021-12-20,20.97330433693427
2021-12-21,21.380649189917506
2021-12-22,21.439699712731937
2021-12-23,21.689587172867466
2021-12-27,21.91739235008742
2021-12-28,22.034713826623623
2021-12-29,22.073793960961385
2021-12-30,21.986587279799156
2021-12-31,22.088362167153964
2022-01-03,21.93964398696808
2022-01-04,22.38580065147548
2022-01-05,22.17420055847641
2022-01-06,22.296214975361597
2022-01-07,22.29125943510437
2022-01-10,22.05209564888405
2022-01-11,22.21262496196044
2022-01-12,22.31887063468289
2022-01-13,22.336835746260952
2022-01-14,22.219482549309124
2022-01-18,21.99585233545631
2022-01-19,21.481933334040036
2022-01-20,21.028756794677403
2022-01-21,20.957687549924238
2022-01-24,21.038580724204884
2022-01-25,20.659820961144558
2022-01-26,20.401969213847245
2022-01-27,20.16098154895643
2022-01-28,20.32056228980088
2022-01-31,20.532081514796666
2022-02-01,20.72484641747179
2022-02-02,20.78202785490716
2022-02-03,20.3206046101804
2022-02-04,20.10070587428805
2022-02-07,20.129499326361373
2022-02-08,20.334527891223857
2022-02-09,20.593064729037454
2022-02-10,20.238501473684885
2022-02-11,19.95032033742471
2022-02-14,19.87749535573746
2022-02-15,20.130120794506794
2022-02-16,20.230244550141183
2022-02-17,19.852797692508886
2022-02-18,19.66414865335941
2022-02-22,19.453770443520103
2022-02-23,19.06883638034621
2022-02-24,19.30044430413273
2022-02-25,19.76393488109122
2022-02-28,19.987389877980117
2022-03-01,19.698853010505925
2022-03-02,20.026962013173616
2022-03-03,20.06495470314337
2022-03-04,20.06261550531662
2022-03-07,19.522075403913256
2022-03-08,19.417284707109847
2022-03-09,19.74921645384507
2022-03-10,19.742027640706404
2022-03-11,19.586086580603794
2022-03-14,19.64856306143237
2022-03-15,19.95648626825753
2022-03-16,20.209486140249005
2022-03-17,20.48149449173376
2022-03-18,20.61341865781296
2022-03-21,20.67202646158426
2022-03-22,20.78286679738615
2022-03-23,20.58786603128508
2022-03-24,20.74003157711082
2022-03-25,20.859078572046847
2022-03-28,20.86702913440686
2022-03-29,21.050602850058727
2022-03-30,21.036804577508885
2022-03-31,20.709589176619247
2022-04-01,20.561144517639026
2022-04-04,20.533955311583945
2022-04-05,20.25944572352141
2022-04-06,20.124985223186
2022-04-07,20.2187100721345
2022-04-08,20.107539606105178
2022-04-11,20.11875944127432
2022-04-12,20.135632337549232
2022-04-13,20.162039143745364
2022-04-14,20.00024624147881
2022-04-18,19.769647861897344
2022-04-19,20.11343474723539
2022-04-20,20.075920880133424
2022-04-21,19.322114805980817
2022-04-22,18.88333608862772
2022-04-25,18.877217836046015
2022-04-26,18.318954857695854
2022-04-27,18.299068773668484
2022-04-28,18.37620245265761
2022-04-29,17.875175957604913
2022-05-02,17.79660189827661
2022-05-03,17.85642187109681
2022-05-04,18.346438099789445
2022-05-05,17.846919436350888
2022-05-06,17.73377812740937
2022-05-09,17.312274327021907
2022-05-10,17.1837954274497
2022-05-11,17.021809624845606
2022-05-12,17.04724577868841
2022-05-13,17.264434566734725
2022-05-16,17.235280925175694
2022-05-17,17.618586700501663
2022-05-18,16.95337822297117
2022-05-19,16.792071358332556
2022-05-20,16.57018085580531
2022-05-23,16.84187473521816
2022-05-24,16.817939932485846
2022-05-25,16.926034789405037
2022-05-26,17.267594527616662
2022-05-27,17.621298922551315
2022-05-31,17.456609567166243
2022-06-01,17.318200871963725
2022-06-02,17.67852764216624
2022-06-03,17.609982702632504
2022-06-06,17.692265599630208
2022-06-07,17.935192553213174
2022-06-08,17.612156122561764
2022-06-09,17.251050877403152
2022-06-10,16.73667978655031
2022-06-13,16.233536280204532
2022-06-14,16.195806061851457
2022-06-15,16.366314550242937
2022-06-16,15.816421018192932
2022-06-17,15.780940753246204
2022-06-21,16.072806988090154
2022-06-22,15.987699502262148
2022-06-23,15.914637886609
2022-06-24,16.468402788715146
2022-06-27,16.425893053534097
2022-06-28,16.23631103201008
2022-06-29,16.136789260935885
2022-06-30,16.180611722494426
2022-07-01,16.32254098938232
2022-07-05,16.07504622051228
2022-07-06,16.175200137564616
2022-07-07,16.36304511423206
2022-07-08,16.316330072905053
2022-07-11,16.217246248195895
2022-07-12,16.186750282685352
2022-07-13,16.02516761401995
2022-07-14,15.922939876837509
2022-07-15,16.17365597903297
2022-07-18,16.05548416867142
2022-07-19,16.62921363063403
2022-07-20,16.70995197435417
2022-07-21,16.7642375067875
2022-07-22,16.72970275508965
2022-07-25,16.82047919331979
2022-07-26,16.62196927163666
2022-07-27,16.78816977415274
2022-07-28,17.145330311115927
2022-07-29,17.689591388469204
2022-08-01,17.739168705318047
2022-08-02,17.51529588216881
2022-08-03,17.614972526917185
2022-08-04,17.62675132440934
2022-08-05,17.6709888680472
2022-08-08,17.665193540709954
2022-08-09,17.570316409694527
2022-08-10,17.952636632697338
2022-08-11,18.041474010235685
2022-08-12,18.3095035654339
2022-08-15,18.3485527833084
2022-08-16,18.414607396911244
2022-08-17,18.27054748812994
2022-08-18,18.321519164729956
2022-08-19,18.05345474241657
2022-08-22,17.69213457986247
2022-08-23,17.724780471663042
2022-08-24,17.783398464582362
2022-08-25,18.05580850473485
2022-08-26,17.421441637526705
2022-08-29,17.43111278788333
2022-08-30,17.172795342481205
2022-08-31,17.024948168959344
2022-09-01,17.04861577201815
2022-09-02,16.88476885791125
2022-09-06,16.91491485616059
2022-09-07,17.190214952038954
2022-09-08,17.249253968252486
2022-09-09,17.452500218442562
2022-09-12,17.55516177976843
2022-09-13,16.886398981715296
2022-09-14,16.85763061081921
2022-09-15,16.66702090709793
2022-09-16,16.493809132749995
2022-09-19,16.846356129445656
2022-09-20,16.67622608926383
2022-09-21,16.452352060456047
2022-09-22,16.202178388943633
2022-09-23,15.909225927496747
2022-09-26,15.730985277903429
2022-09-27,15.684074687021608
2022-09-28,16.031739595376525
2022-09-29,15.74309944516564
2022-09-30,15.544729231469995
2022-10-03,16.030212900013304
2022-10-04,16.56627303094318
2022-10-05,16.487862745286133
2022-10-06,16.307657163069358
2022-10-07,16.00394008194634
2022-10-10,16.063699949944528
2022-10-11,16.095415592036748
2022-10-12,16.006129829714
2022-10-13,16.387718676359903
2022-10-14,16.019715299374994
2022-10-17,16.386331732200695
2022-10-18,16.796911347374298
2022-10-19,16.655103699836353
2022-10-20,16.36659571024968
2022-10-21,16.79203325177718
2022-10-24,17.017346515363457
2022-10-25,17.13676064170397
2022-10-26,17.115037290746592
2022-10-27,17.326678374717368
2022-10-28,17.743062212768734
2022-10-31,17.73678159999553
2022-11-01,17.74859189408372
2022-11-02,17.460403592485747
2022-11-03,17.62608793015715
2022-11-04,17.912276037456074
2022-11-07,18.10240666639905
2022-11-08,18.26686100492387
2022-11-09,18.000792085566648
2022-11-10,18.75300352351089
2022-11-11,18.72365770875595
2022-11-14,18.598240786181595
2022-11-15,18.75332313279548
2022-11-16,18.601373738791374
2022-11-17,18.558177812685912
2022-11-18,18.686354456386614
2022-11-21,18.75421328322649
2022-11-22,18.89426901926233
2022-11-23,18.941761866153534
2022-11-25,18.99724455882041
2022-11-28,18.66332875133931
2022-11-29,18.777621312123976
2022-11-30,19.07686843997775
2022-12-01,19.073637421499008
2022-12-02,19.180813709001207
2022-12-05,18.85456448190453
2022-12-06,18.653607834573204
2022-12-07,18.6291507601596
2022-12-08,18.717876434569288
2022-12-09,18.564519608782604
2022-12-12,18.89257722506549
2022-12-13,18.96338936793349
2022-12-14,18.921141522973663
2022-12-15,18.4391924991312
2022-12-16,18.33343807185486
2022-12-19,18.259409725827112
2022-12-20,18.252713984899994
2022-12-21,18.613137248402484
2022-12-22,18.380246899653525
2022-12-23,18.48508767217505
2022-12-27,18.546507376353382
2022-12-28,18.307815762113325
2022-12-29,18.53214504636699
2022-12-30,18.46117438439482
2023-01-03,18.671150945907723
2023-01-04,18.70691603955145
2023-01-05,18.490318359279964
2023-01-06,19.009718220983277
2023-01-09,18.97277265356333
2023-01-10,19.08901468294724
2023-01-11,19.281735418789264
2023-01-12,19.34673309906721
2023-01-13,19.34981484348545
2023-01-17,19.18061745070245
2023-01-18,18.77785590993667
2023-01-19,18.41065518402959
2023-01-20,18.736298796962732
2023-01-23,18.96748633413896
2023-01-24,18.956174591093763
2023-01-25,18.904946830858865
2023-01-26,19.168704338126545
2023-01-27,19.249033600169845
2023-01-30,19.00376651738248
2023-01-31,19.359926202576226
2023-02-01,19.47759262442026
2023-02-02,19.61219184536383
2023-02-03,19.54475663383235
2023-02-06,19.53178926066882
2023-02-07,19.55588443664343
2023-02-08,19.41583667893176
2023-02-09,19.251319611278102
2023-02-10,19.389024606588187
2023-02-13,19.55298665275264
2023-02-14,19.49259546194415
2023-02-15,19.62131442421787
2023-02-16,19.39215292892145
2023-02-17,19.452191062270305
2023-02-21,18.988857074741595
2023-02-22,18.95160816847763
2023-02-23,19.019929159581043
2023-02-24,18.9111944549138
2023-02-27,19.06538461421509
2023-02-28,19.010045261353465
2023-03-01,19.0884945957613
2023-03-02,19.31744136446237
2023-03-03,19.52146558196473
2023-03-06,19.474556882534458
2023-03-07,19.22236113202916
2023-03-08,19.266328400987643
2023-03-09,18.988519858853063
2023-03-10,18.607935178835454
2023-03-13,18.496825394896344
2023-03-14,18.695803237801428
2023-03-15,18.232495459263237
2023-03-16,18.429868309327222
2023-03-17,18.107810993564406
2023-03-20,18.591727636054028
2023-03-21,18.80196920551062
2023-03-22,18.443468934097613
2023-03-23,18.4037020496607
2023-03-24,18.4709888595391
2023-03-27,18.623004212658287
2023-03-28,18.724941281809546
2023-03-29,18.975400238645623
2023-03-30,19.016737655433246
2023-03-31,19.276604504474324
2023-04-03,19.308087966754897
2023-04-04,18.882102906271097
2023-04-05,18.63819248859872
2023-04-06,18.62085232321557
2023-04-10,18.787609807669902
2023-04-11,18.873791203349278
2023-04-12,18.936205215749528
2023-04-13,18.95279454057253
2023-04-14,18.92637093387173
2023-04-17,19.08760287930064
2023-04-18,19.106847779396876
2023-04-19,19.061717199813227
2023-04-20,19.00539199730682
2023-04-21,18.948467060244138
2023-04-24,18.863903281272187
2023-04-25,18.40793571696133
2023-04-26,17.951937846751516
2023-04-27,18.280162745462825
2023-04-28,18.34692880170833
2023-05-01,18.523678237634424
2023-05-02,18.28504298652359
2023-05-03,18.166265586647143
2023-05-04,17.981060734645556
2023-05-05,18.23234633053561
2023-05-08,18.155154649354248
2023-05-09,18.166685629035968
2023-05-10,18.10443565638201
2023-05-11,17.99339157133408
2023-05-12,17.99081172216821
2023-05-15,18.08103296290445
2023-05-16,17.816886152415123
2023-05-17,18.11949425512684
2023-05-18,18.231173416140585
2023-05-19,18.163899895225384
2023-05-22,18.13530586812148
2023-05-23,17.915910175432124
2023-05-24,17.688880026865096
2023-05-25,17.742192433638888
2023-05-26,17.89285274887911
2023-05-30,17.85141726046457
2023-05-31,17.592851180549054
2023-06-01,17.815278395241034
2023-06-02,18.342795869450143
2023-06-05,18.20554213995834
2023-06-06,18.3173550251155
2023-06-07,18.60867712611643
2023-06-08,18.637608437210293
2023-06-09,18.586100720956868
2023-06-12,18.717605884949663
2023-06-13,18.9334449350493
2023-06-14,18.880242424740807
2023-06-15,19.165141299790136
2023-06-16,19.13679925191665
2023-06-20,18.826475764198783
2023-06-21,18.940831917270128
2023-06-22,18.807083738505447
2023-06-23,18.654842635676143
2023-06-26,18.773721813106903
2023-06-27,19.008897288943103
2023-06-28,18.974414175155303
2023-06-29,19.151465181671835
2023-06-30,19.319568526967085
2023-07-03,19.37448809652582
2023-07-05,19.207844190861792
2023-07-06,19.062544773796223
2023-07-07,19.10857845828755
2023-07-10,19.35784069352932
2023-07-11,19.59302627221169
2023-07-12,19.531526986505156
2023-07-13,19.54217546616717
2023-07-14,19.478192633352226
2023-07-17,19.56061172678597
2023-07-18,19.673456826088543
2023-07-19,19.648827381846232
2023-07-20,19.737329486884867
2023-07-21,19.65511740560835
2023-07-24,19.700453218480565
2023-07-25,19.533518883878987
2023-07-26,19.463205879610108
2023-07-27,19.328815741977778
2023-07-28,19.476119247374413
2023-07-31,19.527819441884283
2023-08-01,19.46574969423514
2023-08-02,19.14568962238759
2023-08-03,18.996005839809715
2023-08-04,18.852929975593657
2023-08-07,19.088578029636743
2023-08-08,19.068613810094003
2023-08-09,19.05726355503049
2023-08-10,19.001501721966203
2023-08-11,19.018618131197435
2023-08-14,19.015517029921856
2023-08-15,18.773510123539747
2023-08-16,18.66937164174899
2023-08-17,18.56360311937716
2023-08-18,18.57142195400765
2023-08-21,18.52924381348782
2023-08-22,18.49768734512291
2023-08-23,18.68930192904781
2023-08-24,18.46186759666908
2023-08-25,18.621603220609607
2023-08-28,18.79961202344944
2023-08-29,18.95488445559479
2023-08-30,19.038283541289115
2023-08-31,18.949704761951654
2023-09-01,19.05958059652005
2023-09-05,18.766662438384905
2023-09-06,18.68211287599443
2023-09-07,18.628128813010125
2023-09-08,18.561138325534504
2023-09-11,18.570514120663468
2023-09-12,18.515393381079505
2023-09-13,18.44924186685641
2023-09-14,18.65448353495707
2023-09-15,18.56094375133522
2023-09-18,18.614294910154484
2023-09-19,18.553162129631783
2023-09-20,18.452426864471075
2023-09-21,18.14832485096131
2023-09-22,18.085772140246185
2023-09-25,18.18343321113309
2023-09-26,17.905398111002008
2023-09-27,18.049631915210988
2023-09-28,18.142266475220456
2023-09-29,18.042758377083757
2023-10-02,17.89790208036946
2023-10-03,17.830037729737526
2023-10-04,18.03985610508552
2023-10-05,17.991074122549076
2023-10-06,18.233164575112493
2023-10-09,18.53853962993999
2023-10-10,18.64852256407672
2023-10-11,18.767677396746503
2023-10-12,18.575288958486645
2023-10-13,18.43544137780326
2023-10-16,18.652286402728844
2023-10-17,18.697383473443477
2023-10-18,18.27279196499372
2023-10-19,18.033092762322777
2023-10-20,17.864134714882297
2023-10-23,17.7863720834851
2023-10-24,17.791234809448852
2023-10-25,17.2309425674996
2023-10-26,17.17529990722271
2023-10-27,17.071249032565152
2023-10-30,17.28807327068415
2023-10-31,17.392024496451004
2023-11-01,17.45605027143693
2023-11-02,17.770842489362785
2023-11-03,17.91044465937498
2023-11-06,17.86372131412833
2023-11-07,17.810735271015943
2023-11-08,17.85732775787575
2023-11-09,17.79314377587432
2023-11-10,18.056647467293967
2023-11-13,18.050977308125542
2023-11-14,18.461969085860552
2023-11-15,18.48948306257127
2023-11-16,18.462063775332734
2023-11-17,18.583808932772506
2023-11-20,18.606204679750583
2023-11-21,18.63051675607595
2023-11-22,18.714746840754476
2023-11-24,18.79781253150129
2023-11-27,18.683283743001578
2023-11-28,18.65353667583286
2023-11-29,18.72879692584257
2023-11-30,18.893532185191546
2023-12-01,19.220154986849522
2023-12-04,19.272947269695454
2023-12-05,19.086599118454334
2023-12-06,19.207730099415222
2023-12-07,19.233072512866215
2023-12-08,19.289544880828213
2023-12-11,19.44146514860291
2023-12-12,19.535359057669037
2023-12-13,19.809236555468107
2023-12-14,20.085670560818926
2023-12-15,19.98311021135118
2023-12-18,19.98923548927819
2023-12-19,20.451446007069894
2023-12-20,20.078488116403005
2023-12-21,20.319918694174525
2023-12-22,20.402972803257793
2023-12-26,20.551002162014793
2023-12-27,20.57890639718
2023-12-28,20.599877032279295
2023-12-29,20.54795580082916
2024-01-02,20.4083365303565
2024-01-03,20.023456092709853
2024-01-04,20.018808263391364
2024-01-05,20.052260686775536
2024-01-08,20.226220349001018
2024-01-09,20.097276857198196
2024-01-10,20.192796309938142
2024-01-11,20.187510802413577
2024-01-12,20.140372166218107
2024-01-16,19.96904583652077
2024-01-17,19.831222657845245
2024-01-18,20.080211797204658
2024-01-19,20.222075144819993
2024-01-22,20.37192507501213
2024-01-23,20.262377953000716
2024-01-24,20.14485460170863
2024-01-25,20.263815328756337
2024-01-26,20.116875941713282
2024-01-29,20.241686872766984
2024-01-30,20.22228610945899
2024-01-31,19.821456281588453
2024-02-01,20.165652517698625
2024-02-02,20.30421779153704
2024-02-05,20.14591798543825
2024-02-06,20.35394362547025
2024-02-07,20.383670779060544
2024-02-08,20.3637300691784
2024-02-09,20.392910662296043
2024-02-13,20.397833471274584
2024-02-14,20.503375378539072
2024-02-15,20.635171291987323
2024-02-16,20.555605147604005
2024-02-20,20.49177249818045
2024-02-21,20.57114434874349
2024-02-22,20.77512705680723
2024-02-23,20.898397496341268
2024-02-26,20.865931495497268
2024-02-27,20.892831306219264
2024-02-28,20.94254010044182
2024-02-29,21.025886337320095
2024-03-01,21.089370631363575
2024-03-04,21.14606897779612
2024-03-05,21.03273363311395
2024-03-06,21.10273368030692
2024-03-07,21.252359094706886
2024-03-08,21.21643410491506
2024-03-11,21.105821659339963
2024-03-12,21.21358863002058
2024-03-13,21.26959300709399
2024-03-14,21.17836589357495
2024-03-15,21.192741285520366
2024-03-18,21.253597905642746
2024-03-19,21.43322435671361
2024-03-20,21.73811037049647
2024-03-21,21.93011543293485
2024-03-22,21.859915445299144
2024-03-25,21.757599677116044
2024-03-26,21.683661176049384
2024-03-27,21.890624718324226
2024-03-28,22.0965075125899
2024-04-01,21.952577765296645
2024-04-02,21.821569433729117
2024-04-03,21.918505289818793
2024-04-04,21.76645498263926
2024-04-05,22.078119328733308
2024-04-08,22.077817731482714
2024-04-09,22.042329276541473
2024-04-10,21.81273954916675
2024-04-11,21.919257249491253
2024-04-12,21.72538703865714
2024-04-15,21.564446339154493
2024-04-16,21.480310641463515
2024-04-17,21.45378823434828
2024-04-18,21.3073606531538
2024-04-19,21.26725960360113
2024-04-22,21.42979235432388
2024-04-23,21.593780790618357
2024-04-24,21.21637574853275
2024-04-25,21.10444243599331
2024-04-26,21.12230991124028
2024-04-29,21.268749387726167
2024-04-30,20.850197138757427
2024-05-01,20.80333565087603
2024-05-02,20.833401306093755
2024-05-03,20.989123887531154
2024-05-06,21.208736527507376
2024-05-07,21.24992089868666
2024-05-08,21.145100081006245
2024-05-09,21.35438876157524
2024-05-10,21.38667370138452
2024-05-13,21.284047912211328
2024-05-14,21.286656178904188
2024-05-15,21.424413424076135
2024-05-16,21.35438030884596
2024-05-17,21.405148161305142
2024-05-20,21.442263318485388
2024-05-21,21.383460011738357
2024-05-22,21.42258547348494
2024-05-23,21.169917529910038
2024-05-24,21.297922332108552
2024-05-28,21.039048162264777
2024-05-29,20.74119037801391
2024-05-30,20.910268525403264
2024-05-31,21.14689871301059
2024-06-03,20.89301981764288
2024-06-04,20.84491355685661
2024-06-05,21.0470492585933
2024-06-06,20.933802138602186
2024-06-07,20.964356567015628
2024-06-10,21.02016817626229
2024-06-11,20.912861229782024
2024-06-12,21.088983613625846
2024-06-13,20.979567668866544
2024-06-14,20.766427373956517
2024-06-17,20.970525099939753
2024-06-18,21.114479644110972
2024-06-20,21.128798209204035
2024-06-21,21.099967751183762
2024-06-24,21.18723751516561
2024-06-25,20.967929334278587
2024-06-26,20.97247560052903
2024-06-27,20.964474196525707
2024-06-28,20.994484794344235
2024-07-01,20.747594489913546
2024-07-02,20.86308812895995
2024-07-03,20.965863400364675
2024-07-05,20.89005755481859
2024-07-08,20.927794760098312
2024-07-09,20.853319640336778
2024-07-10,21.044379008085276
2024-07-11,21.314371394110363
2024-07-12,21.456156337584517
2024-07-15,21.619663807169413
2024-07-16,22.18459211199215
2024-07-17,21.90374093008086
2024-07-18,21.738044084057698
2024-07-19,21.59219132127794
2024-07-22,21.855574533508403
2024-07-23,21.724829932511426
2024-07-24,21.360102576716447
2024-07-25,21.42595723330426
2024-07-26,21.799069411776074
2024-07-29,21.789219181311744
2024-07-30,21.80717507775538
2024-07-31,21.759699249491273
2024-08-01,21.364827578636564
2024-08-02,20.88286940872184
2024-08-05,20.52694203833166
2024-08-06,20.676242175467426
2024-08-07,20.51708635877762
2024-08-08,21.02714383617473
2024-08-09,21.042057448899964
2024-08-12,20.923311374408435
2024-08-13,21.154149515195208
2024-08-14,21.24314089877196
2024-08-15,21.565443899081657
2024-08-16,21.513654260534896
2024-08-19,21.648845117698524
2024-08-20,21.61482673710059
2024-08-21,21.725818828635354
2024-08-22,21.692243760758778
2024-08-23,21.91005121835391
2024-08-26,21.88287298801916
2024-08-27,21.866478860530325
2024-08-28,21.88882958414251
2024-08-29,22.045752191712765
2024-08-30,22.285948731690066
2024-09-03,21.82926274930851
2024-09-04,21.781743478693347
2024-09-05,21.54917562483823
2024-09-06,21.314986866423006
2024-09-09,21.622914454638224
2024-09-10,21.65452542265289
2024-09-11,21.69238609925568
2024-09-12,21.85714982659596
2024-09-13,22.08692296188022
2024-09-16,22.253279938244948
2024-09-17,22.351185925867483
2024-09-18,22.351050687396224
2024-09-19,22.711839106170828
2024-09-20,22.489428099540582
2024-09-23,22.666749017754647
2024-09-24,22.98735752796461
2024-09-25,22.85234312532956
2024-09-26,23.046407721988718
2024-09-27,22.999028021663833
2024-09-30,23.08399148926714
2024-10-01,23.124882231913073
2024-10-02,23.072708212494554
2024-10-03,22.987543387843292
2024-10-04,23.164874310833095
2024-10-07,23.08833957894335
2024-10-08,23.109202453615605
2024-10-09,23.392246501800603
2024-10-10,23.27315145404904
2024-10-11,23.60271740198749
2024-10-14,24.425176825206886
2024-10-15,24.14202240959109
2024-10-16,24.41576887286693
2024-10-17,24.311938770363046
2024-10-18,24.38475537115654
2024-10-21,24.258473058120224
2024-10-22,23.935046000888526
2024-10-23,22.994461048431187
2024-10-24,22.765415880675647
2024-10-25,22.7379745488456
2024-10-28,22.86893281763666
2024-10-29,22.73841277579315
2024-10-30,22.710850206052385
2024-10-31,22.4028208156415
2024-11-01,22.53008402173313
2024-11-04,22.47533905939894
2024-11-05,22.873347714964932
2024-11-06,23.81248802955805
2024-11-07,23.579526031937945
2024-11-08,23.773380707047234
2024-11-11,24.086976910312103
2024-11-12,23.885634148288034
2024-11-13,23.925634824422673
2024-11-14,23.514457475520814
2024-11-15,23.33522782348481
2024-11-18,23.266669130999748
2024-11-19,23.21930192470441
2024-11-20,23.228904331809535
2024-11-21,23.63021706405942
2024-11-22,23.92673429797673
2024-11-25,24.15259060630195
2024-11-26,24.128878593473512
2024-11-27,24.072538697624047
2024-11-29,24.166408370316233
2024-12-02,23.996567439485897
2024-12-03,23.83888927544524
2024-12-04,23.960883654160448
2024-12-05,23.70424098032542
2024-12-06,23.61395566252651
2024-12-09,23.438028670424977
2024-12-10,23.34518451635152
2024-12-11,23.266903978425294
2024-12-13,23.076647581011336
2024-12-16,23.10664450122011
2024-12-17,22.96704397226554
2024-12-18,22.301352083549
2024-12-19,22.29679632402799
2024-12-20,22.522835132995912
2024-12-23,22.51856696696207
2024-12-24,22.708325498580106
2024-12-26,22.796461988017864
2024-12-27,22.615503690944887
2024-12-30,22.408471967004417
2024-12-31,22.38132505878532
2025-01-02,22.281904638537064
2025-01-03,22.50727726958991
2025-01-06,22.454492002568706
2025-01-07,22.46724241366955
2025-01-08,22.57804690194505
2025-01-10,22.365964435699052
2025-01-13,22.65431184676358
2025-01-14,22.909917255707335
2025-01-15,23.002794356803253
2025-01-16,23.322654844451257
2025-01-17,23.44849514406984
2025-01-21,23.984834183750024
2025-01-22,23.870847828460143
2025-01-23,23.9947993989402
2025-01-24,24.146291074532
2025-01-27,24.01247173588415
2025-01-28,23.32520873240922
2025-01-29,23.31612239420246
2025-01-30,23.39866050151698
2025-01-31,23.411951318561492
2025-02-03,23.156068746018903
2025-02-04,23.247118211764896
2025-02-05,23.11287684530839
2025-02-06,23.090429162600806
2025-02-07,23.092663062514767
2025-02-10,23.284089126233425
2025-02-11,23.27039410939893
2025-02-12,23.095671706538973
2025-02-13,23.121820521560558
2025-02-14,23.081855639936112
2025-02-18,23.222132608701607
2025-02-19,23.28096718325232
2025-02-20,23.167413928847914
2025-02-21,22.60522885832648
2025-02-24,22.52038065406911
2025-02-25,22.647635981207188
2025-02-26,22.61966037449471
2025-02-27,22.550138072027462
2025-02-28,22.84800559307041
2025-03-03,22.537778177349065
2025-03-04,22.066891340044695
2025-03-05,22.49762863966616
2025-03-06,22.32095947250295
2025-03-07,22.587690702882462
2025-03-10,22.228179666182974
2025-03-11,21.79222907539466
2025-03-12,21.705787020590172
2025-03-13,21.451378977974972
2025-03-14,21.885729970258513
2025-03-17,22.16531630311534
2025-03-18,22.002673500510692
2025-03-19,22.23748673442338
2025-03-20,22.145968901996557
2025-03-21,21.992105731408838
2025-03-24,22.43690397420944
2025-03-25,22.459934750154112
2025-03-26,22.346993579383533
2025-03-27,22.190112694679776
2025-03-28,21.72470044503283
2025-03-31,21.874659420589087
2025-04-01,21.98111734861548
2025-04-02,22.248284403680064
2025-04-03,20.91618641833938
2025-04-04,19.737692910768583
2025-04-07,19.720513705790584
2025-04-08,19.54177844469075
2025-04-09,21.46043424102103
2025-04-10,20.82260179431903
2025-04-11,21.20338855384749
2025-04-14,21.44010311262687
2025-04-15,21.3659920194691
2025-04-16,21.064038941421916
2025-04-17,21.21094269106228
2025-04-21,20.792972941153288
2025-04-22,21.53712539527384
2025-04-23,21.60602800105332
2025-04-24,22.161049859028953
2025-04-25,22.12962443698178
2025-04-28,22.224488404091726
2025-04-29,22.459148863444717
2025-04-30,22.569728612063127
2025-05-01,22.678984774228187
2025-05-02,23.17584798173352
2025-05-05,23.103378550702658
2025-05-06,22.881273015657296
2025-05-07,22.902769004905373
2025-05-08,23.207595511794263
2025-05-09,23.176111302006124
2025-05-12,24.028781836230973
2025-05-13,24.0758019018762
2025-05-14,23.924360287479875
2025-05-15,24.207812911309077
2025-05-16,24.46478977341497
2025-05-19,24.50263773802367
2025-05-20,24.41478008917468
2025-05-21,23.99983095005713
2025-05-22,24.0799057273966
2025-05-23,23.914357025421793
2025-05-27,24.370731208727975
2025-05-28,24.19514466767886
2025-05-29,24.283383777339512
2025-05-30,24.276230778660715
2025-06-02,24.171463921456024
2025-06-03,24.365303347251363
2025-06-04,24.431190888670336
2025-06-05,24.405013994793954
2025-06-06,24.6543208799322
2025-06-09,24.61616593624913
2025-06-10,24.572105298484352
2025-06-11,24.400528034431318
2025-06-12,24.493886576639404
2025-06-13,24.220179248395162
2025-06-16,24.41663530976977
2025-06-17,24.163237489765542
2025-06-18,24.168756589840218
2025-06-20,24.197822323500837
2025-06-23,24.797380228159955
2025-06-24,24.72808551847654
2025-06-25,24.506348454769192
2025-06-26,24.782229743609076
2025-06-27,24.971496919443247
2025-06-30,25.12615646722001
2025-07-01,25.39537043516707
2025-07-02,25.329402457544663
2025-07-03,25.428213933183983
2025-07-07,25.275640102711996
2025-07-08,25.448231541048994
2025-07-09,25.546008755281637
2025-07-10,25.79600953377425
2025-07-11,25.535248332646802
2025-07-14,25.63887085690168
2025-07-15,25.44428350971226
2025-07-16,25.577308221370437
2025-07-17,25.720099746424406
2025-07-18,25.592748686755655
2025-07-21,25.437872898395742
2025-07-22,25.603850965711995
2025-07-23,25.89463062252089
2025-07-24,25.628516224138167
2025-07-25,25.865613882839643
2025-07-28,25.80904034357533
2025-07-29,25.243414147876816
2025-07-30,25.049935943718257
2025-07-31,25.10838145441042
2025-08-01,24.641823022835133
2025-08-04,24.93430311586176
2025-08-05,24.824266690048578
2025-08-06,24.77886138476677
2025-08-07,24.637521020325423
2025-08-08,24.65265943999266
2025-08-11,24.598635867738594
2025-08-12,24.930069780660748
2025-08-13,25.05627400083857
2025-08-14,24.740878388457947
2025-08-15,24.617307403581297
2025-08-18,24.722751254522535
2025-08-19,24.84943652107678
2025-08-20,24.709576625790117
2025-08-21,24.633346636810227
2025-08-22,25.14133059606901
2025-08-25,24.789062358607396
2025-08-26,24.990386990499694
2025-08-27,25.0606555389859
2025-08-28,25.095510605807107
2025-08-29,24.9132519069365
2025-09-02,24.656324369376996
2025-09-03,24.534194155249907
2025-09-04,24.758481139239922
2025-09-05,24.736224409905688
2025-09-08,24.71067574489509
2025-09-09,24.55256911570942
2025-09-10,24.714262223322894
2025-09-11,25.090615346831747
2025-09-12,24.834792367034204
2025-09-15,24.934494713527418
2025-09-16,24.90588014477273
2025-09-17,24.80737498216045
2025-09-18,25.068268412294266
2025-09-19,25.087573596560482
2025-09-22,25.19905518623626
2025-09-23,25.248397673236873
2025-09-24,25.150249456006897
2025-09-25,24.964937185672124
2025-09-26,25.176379777065463
2025-09-29,25.315725405681228
2025-09-30,25.42718972697953
2025-10-01,25.39680379239928
2025-10-02,25.488829946683275
2025-10-03,25.529668762562714
2025-10-06,25.67225582488039
2025-10-07,25.495375741608335
2025-10-08,25.770534176319444
2025-10-09,25.432013737152975
2025-10-10,24.845836697059028
2025-10-13,25.0913986667468
2025-10-14,25.501118403395406
2025-10-15,25.394017025979725
2025-10-16,25.12049302472038
2025-10-17,25.168967731716567
2025-10-20,25.414584441170813
2025-10-21,25.51889530553368
2025-10-22,25.123568821523236
2025-10-23,25.344750624243826
2025-10-24,25.43389764290742
2025-10-27,25.564673396271655
2025-10-28,25.300696204694813
2025-10-29,24.875602068432418
2025-10-30,24.76321975875007
2025-10-31,24.856952432969756
2025-11-03,24.74546269472901
2025-11-04,24.38229541235019
2025-11-05,24.467277202348434
2025-11-06,24.291163959122922
2025-11-07,24.41380898479519
2025-11-10,24.52912802191631
2025-11-11,24.600703481476828
2025-11-12,24.644996770979702
2025-11-13,24.244032115557744
2025-11-14,24.184932879006993
2025-11-17,23.94754996346841
2025-11-18,23.91582017390549
2025-11-19,23.913943239042815
2025-11-20,23.60920556268048
2025-11-21,23.913577696546298
2025-11-24,23.88127776599214
2025-11-25,24.24885156655826
2025-11-26,24.39058223580559
2025-11-28,24.51154415256937
2025-12-01,24.21854896561148
2025-12-02,24.33522663620989
2025-12-03,24.703376663294044
2025-12-04,24.756707688113934
2025-12-05,24.699194227920525
2025-12-08,24.64449956123184
2025-12-09,24.498428156091364
2025-12-10,24.87914743786179
2025-12-11,25.199914561889738
2025-12-12,25.035289162662757
2025-12-15,25.06706814920684
2025-12-16,24.927264985125692
2025-12-17,24.602717191522853
2025-12-18,24.61068741379276
2025-12-19,24.80027121126309
2025-12-22,25.115123982435087
2025-12-23,25.141980235093218
2025-12-24,25.22291141348815
2025-12-29,25.125018078888857
2025-12-30,25.13517895914451
2025-12-31,24.857190902266254
2026-01-01,24.85376318934204
2026-01-02,25.236506009777298
2026-01-05,25.629650496340894
2026-01-06,25.97670054416365
2026-01-07,25.46102892772664
2026-01-08,25.773471055695982
2026-01-09,25.913751206572815
2026-01-12,26.092447922131175
2026-01-13,26.193501887257106
2026-01-14,26.312064208143738
2026-01-15,26.564839919809934
2026-01-16,26.651545825675782
2026-01-20,26.02094279001981
2026-01-21,26.64015260607034
2026-01-22,26.399299623981538
2026-01-23,26.1154502475809
2026-01-26,26.148109733614458
2026-01-27,25.870312630455604
2026-01-28,25.92928389804243
2026-01-29,25.788239566474175
2026-01-30,25.67111241696994
2026-02-02,26.118841097568183
2026-02-03,26.227932931605817
2026-02-04,26.339159578482395
2026-02-05,26.028801749098346
2026-02-06,26.749960139510605
2026-02-09,26.855784262264777
2026-02-10,26.93552582374106
2026-02-11,26.93047413658344
2026-02-12,26.638493284976594
2026-02-13,26.88111791526304
2026-02-17,26.94477022871236
2026-02-18,27.157071687533627
2026-02-19,27.105297578329907
2026-02-20,27.303656903933742
2026-02-23,26.868435780508218
2026-02-24,27.211622141722525
2026-02-25,27.018876655286924
2026-02-26,27.25267593352079
2026-02-27,27.24541795359199
2026-03-02,27.45619337157823
2026-03-03,27.0650350669152
2026-03-04,27.035553857352124
2026-03-05,26.473392676105714
2026-03-06,26.07115469006466
2026-03-09,26.29669895164323
2026-03-10,26.1199261170232
2026-03-11,26.090279033566198
2026-03-12,25.430051812412067
2026-03-13,25.4110176776933
2026-03-16,25.636715315902393
2026-03-17,25.739482838966406
2026-03-18,25.44233822992406
2026-03-19,25.330991509163557
2026-03-20,24.941928670257063
2026-03-23,25.205642329396706
2026-03-24,25.557317206355908
2026-03-25,25.751061224629794
2026-03-26,25.264748148029156
2026-03-27,24.82431080135952
2026-03-30,24.50459438435029
2026-03-31,25.224112124025204
2026-04-01,25.61776411381189
2026-04-02,25.64943032245133
2026-04-06,25.78757621176639
2026-04-07,25.83654912276556
2026-04-08,26.802137025294435
2026-04-09,27.087322271968407
2026-04-10,26.999229106251033
2026-04-13,27.243309818553485
2026-04-14,27.331128136291994
2026-04-15,27.000562743085073
2026-04-16,26.94538910996068
2026-04-17,27.328704552714576
2026-04-20,27.38892218634238
2026-04-21,26.95537126465785
2026-04-22,26.454483425742865
2026-04-23,26.89459946866578
2026-04-24,26.738506690935107
2026-04-27,26.753657367382363
2026-04-28,26.411945861224194
2026-04-29,26.251795733099517
2026-04-30,26.581772853314636
2026-05-01,26.46591544899244
2026-05-04,26.071573688567153
2026-05-05,26.168255441718774
2026-05-06,26.759104643242317
2026-05-07,26.382502887113013
2026-05-08,26.215465022222624
2026-05-11,26.315089167525258
2026-05-12,26.36924806357978
2026-05-13,26.166976577658286
2026-05-14,26.213117612201685
2026-05-15,25.946033305209905
2026-05-18,25.87774832084684
2026-05-19,25.470044204476373
2026-05-20,25.756734926905526
2026-05-21,25.688231464120378
2026-05-22,25.886387901574903
2026-05-26,26.23083933148384
2026-05-27,26.29022147945313
2026-05-28,26.17505540260469
2026-05-29,26.047249636215504
2026-06-01,25.849230537429293
2026-06-02,26.073346561550824
2026-06-03,26.08672508228497
2026-06-04,26.373259066712745
2026-06-05,26.197669887290647
2026-06-08,26.03274284979706
2026-06-09,26.40525011907872
2026-06-10,25.489590619879767
2026-06-11,26.214533739929287
2026-06-12,26.415438633016823
2026-06-15,26.699865407304944
2026-06-16,26.880501907308716
2026-06-17,26.754700198518886
2026-06-18,27.038726181009487
2026-06-22,27.038049339551005
2026-06-23,26.897806789551638
2026-06-24,26.751867449233632
2026-06-25,27.60288193945545
2026-06-26,27.323380305616684
2026-06-29,27.192249088386646
2026-06-30,27.879792933761376
2026-07-01,27.800932377229998
2026-07-02,27.81443758219923
2026-07-06,27.932943992424192
2026-07-07,27.571339786528664
2026-07-08,27.13055373851679
2026-07-09,27.230418430760672
2026-07-10,27.211581181927073
2026-07-13,27.006595429075958
2026-07-14,26.873228505264965
2026-07-15,26.76296950075986
2026-07-16,26.816660682436066
2026-07-17,26.486487708163608
2026-07-20,26.33192295638929
2026-07-21,26.378875950447735
2026-07-22,26.22216966043295
2026-07-23,26.38458054039905
2026-07-24,26.600554973101122
2026-07-27,26.635405981806695
2026-07-28,26.31284009480521
2026-07-29,25.338043087780143
2026-07-30,25.433236617238364
2026-07-31,25.71067119823676
2026-08-03,25.95967934105217
2026-08-04,26.23243109300638
2026-08-05,26.00312060073154
2026-08-06,25.78362748459435
2026-08-07,25.904325869950352
2026-08-10,25.768179049832042
2026-08-11,25.91409917044275
2026-08-12,25.932610439835262
2026-08-13,25.976269033869556
2026-08-14,25.97368087433331
2026-08-17,25.91357874004576
2026-08-18,25.624266400265164
2026-08-19,25.439387125405066
2026-08-20,25.03383392807805
2026-08-21,25.024503524755243
