date,forward_pe
2003-01-02,307.175803
2003-01-03,307.166185
2003-01-06,316.238799
2003-01-07,313.466745
2003-01-08,310.140488
2003-01-09,316.001054
2003-01-10,315.697651
2003-01-13,316.418277
2003-01-14,319.265548
2003-01-15,314.381121
2003-01-16,312.058323
2003-01-17,310.983199
2003-01-21,305.756701
2003-01-22,301.218474
2003-01-23,304.64964
2003-01-24,293.743371
2003-01-27,289.692485
2003-01-28,292.826667
2003-01-29,293.295254
2003-01-30,286.759868
2003-01-31,291.303996
2003-02-03,292.894237
2003-02-04,285.728976
2003-02-05,283.738841
2003-02-06,279.592774
2003-02-07,277.10209
2003-02-10,279.329184
2003-02-11,275.741002
2003-02-12,272.512166
2003-02-13,273.987059
2003-02-14,280.172631
2003-02-18,284.729484
2003-02-19,283.330315
2003-02-20,281.040951
2003-02-21,284.426189
2003-02-24,278.23701
2003-02-25,280.204351
2003-02-26,276.57051
2003-02-27,280.946103
2003-02-28,281.746002
2003-03-03,279.805383
2003-03-04,275.615809
2003-03-05,279.169241
2003-03-06,275.143556
2003-03-07,277.770385
2003-03-10,267.496116
2003-03-11,263.218803
2003-03-12,263.040131
2003-03-13,274.362219
2003-03-14,275.432508
2003-03-17,284.811088
2003-03-18,285.56638
2003-03-19,289.678544
2003-03-20,290.430954
2003-03-21,297.91317
2003-03-24,287.691165
2003-03-25,289.484471
2003-03-26,288.294057
2003-03-27,286.929587
2003-03-28,285.683225
2003-03-31,280.067906
2003-04-01,286.311961
2003-04-02,294.277913
2003-04-03,292.094274
2003-04-04,295.383214
2003-04-07,295.771253
2003-04-08,296.59176
2003-04-09,292.283422
2003-04-10,294.55513
2003-04-11,294.704472
2003-04-14,301.279402
2003-04-15,306.15736
2003-04-16,301.909411
2003-04-17,306.404392
2003-04-21,305.878475
2003-04-22,314.896845
2003-04-23,317.846443
2003-04-24,311.303313
2003-04-25,307.501741
2003-04-28,312.907078
2003-04-29,312.678855
2003-04-30,313.824446
2003-05-01,313.666125
2003-05-02,318.835093
2003-05-05,317.402439
2003-05-06,319.784544
2003-05-07,318.337442
2003-05-08,312.847756
2003-05-09,315.764522
2003-05-12,319.890786
2003-05-13,318.981539
2003-05-14,318.35362
2003-05-15,321.420649
2003-05-16,322.138542
2003-05-19,314.185557
2003-05-20,313.845954
2003-05-21,315.285878
2003-05-22,315.764791
2003-05-23,316.534512
2003-05-27,322.947604
2003-05-28,325.784952
2003-05-29,323.31611
2003-05-30,329.754553
2003-06-02,332.606401
2003-06-03,333.818859
2003-06-04,339.244214
2003-06-05,341.232212
2003-06-06,340.86274
2003-06-09,333.410113
2003-06-10,336.673157
2003-06-11,342.034782
2003-06-12,341.006535
2003-06-13,340.207844
2003-06-16,348.43653
2003-06-17,347.474756
2003-06-18,344.1031
2003-06-19,336.500807
2003-06-20,337.091361
2003-06-23,331.700351
2003-06-24,333.745271
2003-06-25,331.647133
2003-06-26,334.167507
2003-06-27,331.285819
2003-06-30,329.971604
2003-07-01,334.449477
2003-07-02,338.314979
2003-07-03,336.097192
2003-07-07,342.913431
2003-07-08,345.178054
2003-07-09,344.286393
2003-07-10,339.225496
2003-07-11,343.244647
2003-07-14,350.015754
2003-07-15,348.842275
2003-07-16,346.106153
2003-07-17,341.117007
2003-07-18,345.422605
2003-07-21,341.372196
2003-07-22,344.126334
2003-07-23,343.507473
2003-07-24,342.075594
2003-07-25,349.365965
2003-07-28,347.778016
2003-07-29,344.897948
2003-07-30,344.444039
2003-07-31,344.219269
2003-08-01,337.245099
2003-08-04,337.876997
2003-08-05,332.792813
2003-08-06,336.125589
2003-08-07,337.959956
2003-08-08,340.065791
2003-08-11,339.422832
2003-08-12,343.565726
2003-08-13,340.602445
2003-08-14,344.061762
2003-08-15,342.969563
2003-08-18,343.806375
2003-08-19,343.990515
2003-08-20,343.182262
2003-08-21,342.39479
2003-08-22,336.614694
2003-08-25,336.999457
2003-08-26,338.069145
2003-08-27,335.985826
2003-08-28,337.942587
2003-08-29,340.189896
2003-09-02,344.929252
2003-09-03,346.251468
2003-09-04,344.813609
2003-09-05,342.93047
2003-09-08,345.693603
2003-09-09,344.454648
2003-09-10,339.10736
2003-09-11,340.44333
2003-09-12,340.801483
2003-09-15,339.806388
2003-09-16,345.155475
2003-09-17,344.879579
2003-09-18,353.090374
2003-09-19,352.470522
2003-09-22,348.31951
2003-09-23,350.466723
2003-09-24,344.547665
2003-09-25,342.912209
2003-09-26,340.991642
2003-09-29,344.557212
2003-09-30,341.801447
2003-10-01,350.946562
2003-10-02,351.225688
2003-10-03,353.02784
2003-10-06,355.308751
2003-10-07,357.615822
2003-10-08,356.768717
2003-10-09,358.162096
2003-10-10,357.797524
2003-10-13,363.333242
2003-10-14,365.660978
2003-10-15,364.260941
2003-10-16,365.121727
2003-10-17,361.758179
2003-10-20,362.195034
2003-10-21,361.452049
2003-10-22,356.592761
2003-10-23,359.765503
2003-10-24,358.386338
2003-10-27,358.161487
2003-10-28,362.939633
2003-10-29,363.89515
2003-10-30,363.754184
2003-10-31,364.432181
2003-11-03,368.669893
2003-11-04,367.023609
2003-11-05,365.523328
2003-11-06,367.318848
2003-11-07,364.075184
2003-11-10,363.763477
2003-11-11,363.364443
2003-11-12,365.222521
2003-11-13,364.693994
2003-11-14,360.046534
2003-11-17,358.570042
2003-11-18,354.783791
2003-11-19,356.563804
2003-11-20,353.957505
2003-11-21,355.875621
2003-11-24,359.692554
2003-11-25,360.979617
2003-11-26,363.407937
2003-11-28,362.823597
2003-12-01,366.917402
2003-12-02,366.052383
2003-12-03,365.267665
2003-12-04,365.840534
2003-12-05,362.93674
2003-12-08,366.679774
2003-12-09,363.174965
2003-12-10,361.740205
2003-12-11,365.126835
2003-12-12,366.590155
2003-12-15,364.6784
2003-12-16,368.093217
2003-12-17,367.243049
2003-12-18,370.522072
2003-12-19,371.608985
2003-12-22,373.415751
2003-12-23,374.216117
2003-12-24,373.586738
2003-12-26,373.968112
2003-12-29,378.66359
2003-12-30,379.351913
2003-12-31,379.820072
2004-01-02,377.81951
2004-01-05,380.891475
2004-01-06,381.187171
2004-01-07,381.726735
2004-01-08,382.75691
2004-01-09,381.178998
2004-01-12,382.630212
2004-01-13,380.479151
2004-01-14,384.18375
2004-01-15,387.236311
2004-01-16,388.63441
2004-01-20,388.286928
2004-01-21,393.824373
2004-01-22,393.919459
2004-01-23,392.215779
2004-01-26,397.16924
2004-01-27,393.723773
2004-01-28,387.482675
2004-01-29,389.668514
2004-01-30,391.015976
2004-02-02,392.929186
2004-02-03,392.902427
2004-02-04,389.687529
2004-02-05,389.645688
2004-02-06,395.493059
2004-02-09,394.411635
2004-02-10,395.556248
2004-02-11,401.798658
2004-02-12,400.533176
2004-02-13,400.08457
2004-02-17,403.235145
2004-02-18,401.350963
2004-02-19,400.494241
2004-02-20,399.25202
2004-02-23,399.195821
2004-02-24,397.165704
2004-02-25,399.277809
2004-02-26,399.61344
2004-02-27,400.842579
2004-03-01,403.534558
2004-03-02,401.870688
2004-03-03,404.226565
2004-03-04,405.258982
2004-03-05,407.906448
2004-03-08,405.978058
2004-03-09,403.121688
2004-03-10,397.144301
2004-03-11,391.119115
2004-03-12,396.04503
2004-03-15,390.300501
2004-03-16,393.919437
2004-03-17,398.79603
2004-03-18,399.09438
2004-03-19,394.323043
2004-03-22,389.542715
2004-03-23,389.172894
2004-03-24,386.027749
2004-03-25,390.7345
2004-03-26,390.216793
2004-03-29,395.316898
2004-03-30,396.986418
2004-03-31,396.069144
2004-04-01,400.029734
2004-04-02,398.006717
2004-04-05,399.92416
2004-04-06,399.630404
2004-04-07,397.928951
2004-04-08,397.447168
2004-04-12,399.152901
2004-04-13,390.950772
2004-04-14,386.364475
2004-04-15,384.224959
2004-04-16,388.711913
2004-04-19,387.346556
2004-04-20,380.851946
2004-04-21,380.740563
2004-04-22,386.523867
2004-04-23,384.675797
2004-04-26,383.742027
2004-04-27,384.761235
2004-04-28,378.610028
2004-04-29,378.014708
2004-04-30,376.872471
2004-05-03,379.758547
2004-05-04,381.013726
2004-05-05,381.10879
2004-05-06,377.056293
2004-05-07,369.027229
2004-05-10,365.027065
2004-05-11,367.472024
2004-05-12,371.298714
2004-05-13,371.682782
2004-05-14,371.877216
2004-05-17,367.249312
2004-05-18,370.535361
2004-05-19,370.188617
2004-05-20,371.91914
2004-05-21,373.840999
2004-05-24,374.479431
2004-05-25,380.24406
2004-05-26,382.240432
2004-05-27,383.053695
2004-05-28,383.288647
2004-06-01,382.165719
2004-06-02,383.695329
2004-06-03,380.780744
2004-06-04,383.512598
2004-06-07,389.509156
2004-06-08,388.915414
2004-06-09,385.067359
2004-06-10,386.524106
2004-06-14,381.459721
2004-06-15,382.583141
2004-06-16,382.977769
2004-06-17,383.107043
2004-06-18,384.214073
2004-06-21,382.572752
2004-06-22,384.067951
2004-06-23,385.653891
2004-06-24,385.603439
2004-06-25,384.303504
2004-06-28,384.199377
2004-06-29,382.939733
2004-06-30,384.414095
2004-07-01,381.536313
2004-07-02,382.433628
2004-07-06,379.668537
2004-07-07,379.278678
2004-07-08,376.33468
2004-07-09,375.823868
2004-07-12,378.169875
2004-07-13,378.191581
2004-07-14,376.441713
2004-07-15,373.389626
2004-07-16,372.632834
2004-07-19,374.102067
2004-07-20,375.767578
2004-07-21,372.018252
2004-07-22,372.128104
2004-07-23,370.242034
2004-07-26,370.562426
2004-07-27,373.715257
2004-07-28,374.128077
2004-07-29,375.755422
2004-07-30,375.482676
2004-08-02,377.096456
2004-08-03,375.492332
2004-08-04,375.954422
2004-08-05,369.662186
2004-08-06,366.334099
2004-08-09,366.516361
2004-08-10,371.365347
2004-08-11,372.19494
2004-08-12,368.884992
2004-08-13,368.556672
2004-08-16,374.481012
2004-08-17,376.679752
2004-08-18,381.218037
2004-08-19,379.94075
2004-08-20,383.233319
2004-08-23,381.861462
2004-08-24,382.986786
2004-08-25,386.174698
2004-08-26,386.830705
2004-08-27,387.061374
2004-08-30,385.161147
2004-08-31,387.569067
2004-09-01,385.031823
2004-09-02,389.451659
2004-09-03,389.370675
2004-09-07,393.846318
2004-09-08,390.933649
2004-09-09,390.412054
2004-09-10,392.191046
2004-09-13,391.465482
2004-09-14,392.014015
2004-09-15,390.08206
2004-09-16,392.527769
2004-09-17,392.874306
2004-09-20,389.141662
2004-09-21,392.314237
2004-09-22,385.179243
2004-09-23,381.505002
2004-09-24,383.309596
2004-09-27,380.785368
2004-09-28,382.791399
2004-09-29,383.964097
2004-09-30,383.484843
2004-10-01,389.194646
2004-10-04,389.468455
2004-10-05,387.63249
2004-10-06,390.187417
2004-10-07,388.872385
2004-10-08,387.553226
2004-10-11,388.623673
2004-10-12,388.825806
2004-10-13,385.91042
2004-10-14,376.180641
2004-10-15,377.364167
2004-10-18,379.118533
2004-10-19,372.501242
2004-10-20,370.245779
2004-10-21,370.472905
2004-10-22,368.068098
2004-10-25,368.014231
2004-10-26,376.973563
2004-10-27,381.342706
2004-10-28,383.698838
2004-10-29,384.329841
2004-11-01,385.156259
2004-11-02,387.06651
2004-11-03,389.016331
2004-11-04,395.569881
2004-11-05,394.896796
2004-11-08,394.180483
2004-11-09,393.603385
2004-11-10,394.310524
2004-11-11,398.055752
2004-11-12,400.471766
2004-11-15,401.394206
2004-11-16,397.769754
2004-11-17,398.743589
2004-11-18,397.682974
2004-11-19,392.293124
2004-11-22,395.211604
2004-11-23,396.141938
2004-11-24,397.544436
2004-11-26,397.231912
2004-11-29,395.721168
2004-11-30,395.008159
2004-12-01,402.598215
2004-12-02,402.019925
2004-12-03,401.648109
2004-12-06,401.880188
2004-12-07,398.039155
2004-12-08,399.346663
2004-12-09,401.223701
2004-12-10,401.521117
2004-12-13,404.791302
2004-12-14,405.853984
2004-12-15,407.678369
2004-12-16,405.486574
2004-12-17,403.359984
2004-12-20,403.480735
2004-12-21,408.095191
2004-12-22,411.127615
2004-12-23,410.962732
2004-12-27,409.091626
2004-12-28,411.377788
2004-12-29,410.756152
2004-12-30,410.969061
2004-12-31,411.094035
2005-01-03,409.528442
2005-01-04,405.582787
2005-01-05,404.731113
2005-01-06,406.784009
2005-01-07,404.773915
2005-01-10,405.396293
2005-01-11,403.286689
2005-01-12,402.277789
2005-01-13,398.707669
2005-01-14,400.204802
2005-01-18,406.237235
2005-01-19,402.24406
2005-01-20,399.338128
2005-01-21,396.963897
2005-01-24,397.37245
2005-01-25,397.965077
2005-01-26,399.224415
2005-01-27,397.469615
2005-01-28,396.533916
2005-01-31,401.563826
2005-02-01,406.304813
2005-02-02,405.458234
2005-02-03,403.788176
2005-02-04,408.68573
2005-02-07,408.337785
2005-02-08,406.886566
2005-02-09,405.867835
2005-02-10,407.334941
2005-02-11,410.175671
2005-02-14,409.72524
2005-02-15,410.713048
2005-02-16,408.110593
2005-02-17,404.251985
2005-02-18,399.948473
2005-02-22,393.854156
2005-02-23,397.052797
2005-02-24,398.110993
2005-02-25,401.68518
2005-02-28,398.502505
2005-03-01,401.960294
2005-03-02,400.343504
2005-03-03,399.469787
2005-03-04,404.324134
2005-03-07,405.287972
2005-03-08,404.411972
2005-03-09,399.307982
2005-03-10,401.341349
2005-03-11,397.134605
2005-03-14,400.107986
2005-03-15,397.024665
2005-03-16,393.671307
2005-03-17,392.037472
2005-03-18,390.680916
2005-03-21,386.923817
2005-03-22,379.531084
2005-03-23,379.920086
2005-03-24,378.414425
2005-03-28,380.88674
2005-03-29,379.287693
2005-03-30,383.350208
2005-03-31,382.466475
2005-04-01,376.958523
2005-04-04,379.325321
2005-04-05,380.037054
2005-04-06,382.78434
2005-04-07,383.784021
2005-04-08,381.060756
2005-04-11,381.550178
2005-04-12,386.206765
2005-04-13,380.860582
2005-04-14,376.514609
2005-04-15,372.387944
2005-04-18,375.491337
2005-04-19,376.632478
2005-04-20,371.470448
2005-04-21,374.270598
2005-04-22,372.467335
2005-04-25,377.221961
2005-04-26,375.403505
2005-04-27,380.164415
2005-04-28,375.947936
2005-04-29,381.802235
2005-05-02,382.815626
2005-05-03,383.15644
2005-05-04,390.260428
2005-05-05,388.30821
2005-05-06,386.061683
2005-05-09,389.318975
2005-05-10,383.959487
2005-05-11,386.074749
2005-05-12,382.025155
2005-05-13,378.539004
2005-05-16,384.953217
2005-05-17,387.648425
2005-05-18,391.856091
2005-05-19,392.407428
2005-05-20,392.290681
2005-05-23,392.204728
2005-05-24,391.534038
2005-05-25,389.728479
2005-05-26,392.691789
2005-05-27,393.205206
2005-05-31,391.674908
2005-06-01,395.091959
2005-06-02,394.392368
2005-06-03,391.683537
2005-06-06,392.641208
2005-06-07,392.451326
2005-06-08,392.817761
2005-06-09,393.809396
2005-06-10,392.824972
2005-06-13,392.918166
2005-06-14,393.693654
2005-06-15,394.984831
2005-06-16,396.324236
2005-06-17,398.305041
2005-06-20,398.221729
2005-06-21,398.740157
2005-06-22,399.005392
2005-06-23,394.827017
2005-06-24,394.278042
2005-06-27,394.103393
2005-06-28,397.405471
2005-06-29,398.917114
2005-06-30,396.415495
2005-07-01,396.767375
2005-07-05,399.664948
2005-07-06,397.156434
2005-07-07,397.905426
2005-07-08,401.479068
2005-07-11,403.140595
2005-07-12,404.026557
2005-07-13,405.111804
2005-07-14,406.932876
2005-07-15,407.955988
2005-07-18,403.728182
2005-07-19,404.018708
2005-07-20,405.206698
2005-07-21,403.125013
2005-07-22,405.294536
2005-07-25,403.782954
2005-07-26,404.223581
2005-07-27,404.446526
2005-07-28,405.303954
2005-07-29,401.59663
2005-08-01,401.591029
2005-08-02,404.351313
2005-08-03,405.012134
2005-08-04,402.346721
2005-08-05,397.595614
2005-08-08,395.892502
2005-08-09,398.098203
2005-08-10,397.656241
2005-08-11,399.887077
2005-08-12,398.107095
2005-08-15,400.166438
2005-08-16,398.246291
2005-08-17,398.146097
2005-08-18,398.401752
2005-08-19,398.893964
2005-08-22,399.939835
2005-08-23,397.68275
2005-08-24,393.620548
2005-08-25,394.867766
2005-08-26,391.26124
2005-08-29,393.332227
2005-08-30,390.865034
2005-08-31,393.523624
2005-09-01,394.748531
2005-09-02,394.327887
2005-09-06,398.764677
2005-09-07,398.940066
2005-09-08,396.756522
2005-09-09,399.650538
2005-09-12,400.289367
2005-09-13,398.008853
2005-09-14,397.103056
2005-09-15,397.220706
2005-09-16,402.906745
2005-09-19,399.703613
2005-09-20,397.651301
2005-09-21,391.107319
2005-09-22,393.03018
2005-09-23,394.031893
2005-09-26,393.100227
2005-09-27,393.250362
2005-09-28,391.51507
2005-09-29,397.721862
2005-09-30,396.700605
2005-10-03,396.082398
2005-10-04,391.799853
2005-10-05,389.891995
2005-10-06,390.80926
2005-10-07,391.29188
2005-10-10,388.822114
2005-10-11,386.529893
2005-10-12,384.432031
2005-10-13,386.034828
2005-10-14,390.027428
2005-10-17,390.798455
2005-10-18,388.624673
2005-10-19,396.293635
2005-10-20,392.145667
2005-10-21,394.072535
2005-10-24,401.654264
2005-10-25,400.028886
2005-10-26,401.67751
2005-10-27,400.101062
2005-10-28,406.789542
2005-10-31,408.513607
2005-11-01,406.792682
2005-11-02,410.712454
2005-11-03,409.683758
2005-11-04,411.235566
2005-11-07,414.260285
2005-11-08,412.559761
2005-11-09,414.572801
2005-11-10,422.128293
2005-11-11,424.287869
2005-11-14,424.277091
2005-11-15,420.232549
2005-11-16,418.54605
2005-11-17,423.275213
2005-11-18,425.283603
2005-11-21,427.501014
2005-11-22,430.75617
2005-11-23,434.418124
2005-11-25,434.929758
2005-11-28,432.151213
2005-11-29,431.983403
2005-11-30,425.937852
2005-12-01,429.236521
2005-12-02,429.470826
2005-12-05,428.648973
2005-12-06,427.770702
2005-12-07,424.264606
2005-12-08,423.494662
2005-12-09,426.564755
2005-12-12,425.246413
2005-12-13,429.767684
2005-12-14,431.366164
2005-12-15,429.454327
2005-12-16,430.127761
2005-12-19,427.236839
2005-12-20,427.935393
2005-12-21,429.953041
2005-12-22,432.322254
2005-12-23,432.976914
2005-12-27,429.589024
2005-12-28,428.745831
2005-12-29,428.018614
2005-12-30,426.398975
2006-01-03,433.477828
2006-01-04,432.633678
2006-01-05,434.186381
2006-01-06,436.429986
2006-01-09,438.294023
2006-01-10,438.267364
2006-01-11,440.140641
2006-01-12,437.14896
2006-01-13,437.221979
2006-01-17,433.137307
2006-01-18,431.634466
2006-01-19,430.255755
2006-01-20,421.033015
2006-01-23,422.763398
2006-01-24,423.909008
2006-01-25,424.740847
2006-01-26,431.57101
2006-01-27,432.369494
2006-01-30,431.254527
2006-01-31,429.512636
2006-02-01,429.374147
2006-02-02,425.557809
2006-02-03,423.460494
2006-02-06,424.482264
2006-02-07,422.045971
2006-02-08,424.93674
2006-02-09,425.825572
2006-02-10,427.778763
2006-02-13,426.406754
2006-02-14,431.896651
2006-02-15,433.852053
2006-02-16,436.690294
2006-02-17,435.018639
2006-02-21,433.810218
2006-02-22,441.689437
2006-02-23,440.214456
2006-02-24,441.144004
2006-02-27,441.459477
2006-02-28,437.145189
2006-03-01,438.859112
2006-03-02,436.39096
2006-03-03,435.286888
2006-03-06,434.195178
2006-03-07,435.629308
2006-03-08,435.794673
2006-03-09,433.199588
2006-03-10,436.696264
2006-03-13,436.691243
2006-03-14,441.79381
2006-03-15,442.50657
2006-03-16,443.964976
2006-03-17,445.146985
2006-03-20,445.331841
2006-03-21,441.320758
2006-03-22,444.503955
2006-03-23,442.382311
2006-03-24,442.389657
2006-03-27,442.372862
2006-03-28,438.141016
2006-03-29,439.909843
2006-03-30,437.732174
2006-03-31,437.44682
2006-04-03,437.928769
2006-04-04,442.536817
2006-04-05,443.706327
2006-04-06,442.364385
2006-04-07,437.93352
2006-04-10,438.637887
2006-04-11,434.757508
2006-04-12,435.490397
2006-04-13,436.278687
2006-04-17,436.132692
2006-04-18,443.677172
2006-04-19,444.383736
2006-04-20,445.215136
2006-04-21,444.867674
2006-04-24,444.500369
2006-04-25,441.865207
2006-04-26,444.689433
2006-04-27,450.863433
2006-04-28,455.211441
2006-05-01,448.349643
2006-05-02,451.360772
2006-05-03,450.714641
2006-05-04,451.706647
2006-05-05,458.09097
2006-05-08,456.094275
2006-05-09,456.869809
2006-05-10,456.996816
2006-05-11,449.815317
2006-05-12,445.355076
2006-05-15,448.008338
2006-05-16,447.494939
2006-05-17,438.503723
2006-05-18,434.806488
2006-05-19,436.779983
2006-05-22,435.71983
2006-05-23,433.696808
2006-05-24,433.921197
2006-05-25,437.861287
2006-05-26,441.1757
2006-05-30,434.625563
2006-05-31,437.288532
2006-06-01,442.893427
2006-06-02,444.639477
2006-06-05,437.492622
2006-06-06,436.375468
2006-06-07,437.815254
2006-06-08,439.188716
2006-06-09,437.935626
2006-06-12,432.450832
2006-06-13,424.137527
2006-06-14,421.609477
2006-06-15,430.881875
2006-06-16,427.906489
2006-06-19,425.249578
2006-06-20,426.482897
2006-06-21,429.689269
2006-06-22,428.073925
2006-06-23,425.590052
2006-06-26,428.916165
2006-06-27,424.733271
2006-06-28,426.747911
2006-06-29,436.085371
2006-06-30,434.130089
2006-07-03,439.025722
2006-07-05,435.631688
2006-07-06,436.891847
2006-07-07,434.987303
2006-07-10,437.285778
2006-07-11,437.814311
2006-07-12,433.018981
2006-07-13,426.956483
2006-07-14,425.088091
2006-07-17,425.32161
2006-07-18,426.190332
2006-07-19,437.692899
2006-07-20,436.326311
2006-07-21,433.770988
2006-07-24,438.991843
2006-07-25,439.990972
2006-07-26,439.572089
2006-07-27,437.434612
2006-07-28,445.492778
2006-07-31,444.152245
2006-08-01,443.064539
2006-08-02,443.576165
2006-08-03,444.933712
2006-08-04,446.083143
2006-08-07,444.359903
2006-08-08,442.021074
2006-08-09,436.625212
2006-08-10,438.916723
2006-08-11,437.466865
2006-08-14,437.681364
2006-08-15,445.149053
2006-08-16,447.510926
2006-08-17,448.836071
2006-08-18,449.464494
2006-08-21,447.755543
2006-08-22,447.360553
2006-08-23,446.875349
2006-08-24,447.950969
2006-08-25,445.682804
2006-08-28,448.4623
2006-08-29,447.05751
2006-08-30,447.228123
2006-08-31,447.629048
2006-09-01,448.523526
2006-09-05,449.953616
2006-09-06,448.434167
2006-09-07,445.087392
2006-09-08,447.568795
2006-09-11,448.231651
2006-09-12,453.673803
2006-09-13,456.769741
2006-09-14,457.24674
2006-09-15,459.481747
2006-09-18,458.593905
2006-09-19,459.324672
2006-09-20,462.599534
2006-09-21,460.264107
2006-09-22,460.149419
2006-09-25,464.821588
2006-09-26,466.96095
2006-09-27,465.310638
2006-09-28,466.707565
2006-09-29,465.826593
2006-10-02,464.175151
2006-10-03,469.030733
2006-10-04,474.333546
2006-10-05,474.483597
2006-10-06,472.577192
2006-10-09,473.948361
2006-10-10,474.004734
2006-10-11,472.667061
2006-10-12,475.164845
2006-10-13,476.301171
2006-10-16,475.197385
2006-10-17,474.445976
2006-10-18,475.53346
2006-10-19,471.963316
2006-10-20,472.073659
2006-10-23,475.171066
2006-10-24,474.880625
2006-10-25,476.295291
2006-10-26,480.213673
2006-10-27,475.60319
2006-10-30,476.987657
2006-10-31,476.379031
2006-11-01,472.207265
2006-11-02,471.377061
2006-11-03,470.118972
2006-11-06,476.391046
2006-11-07,477.428724
2006-11-08,478.853167
2006-11-09,475.840989
2006-11-10,478.643359
2006-11-13,479.321547
2006-11-14,481.832049
2006-11-15,481.749264
2006-11-16,484.781467
2006-11-17,483.760134
2006-11-20,485.120613
2006-11-21,484.531699
2006-11-22,485.059638
2006-11-24,483.371663
2006-11-27,475.515088
2006-11-28,475.859548
2006-11-29,478.666969
2006-11-30,477.457942
2006-12-01,475.401685
2006-12-04,481.312679
2006-12-05,483.498344
2006-12-06,484.571141
2006-12-07,482.905551
2006-12-08,484.353551
2006-12-11,487.416337
2006-12-12,487.475986
2006-12-13,487.878573
2006-12-14,491.553513
2006-12-15,493.543023
2006-12-18,495.80434
2006-12-19,495.33158
2006-12-20,496.061472
2006-12-21,494.572591
2006-12-22,492.582163
2006-12-26,495.977897
2006-12-27,499.869611
2006-12-28,498.321812
2006-12-29,495.310003
2007-01-03,496.628414
2007-01-04,495.861317
2007-01-05,491.756568
2007-01-08,493.655696
2007-01-09,492.861759
2007-01-10,494.226473
2007-01-11,496.708501
2007-01-12,497.79461
2007-01-16,499.076579
2007-01-17,497.812574
2007-01-18,496.304668
2007-01-19,497.410032
2007-01-22,496.996417
2007-01-23,496.937966
2007-01-25,494.84501
2007-01-26,495.480179
2007-01-29,492.957982
2007-01-30,495.503888
2007-01-31,498.793983
2007-02-09,499.328376
2007-02-12,497.850499
2007-02-26,497.454311
2007-02-27,479.777797
2007-02-28,482.422303
2007-03-01,481.51311
2007-03-02,476.598223
2007-03-05,469.081186
2007-03-06,478.858062
2007-03-07,475.694509
2007-03-08,480.026263
2007-03-09,480.854242
2007-03-12,480.712161
2007-03-13,465.482837
2007-03-14,468.431201
2007-03-15,472.607925
2007-03-16,469.478701
2007-03-19,474.990473
2007-03-20,478.387677
2007-03-21,489.914449
2007-03-22,486.835262
2007-03-23,487.650138
2007-03-26,485.846577
2007-03-27,481.972144
2007-03-28,476.166898
2007-03-29,478.893321
2007-03-30,478.274001
2007-04-02,475.681768
2007-04-03,481.280917
2007-04-04,480.260603
2007-04-05,481.100921
2007-04-09,481.015642
2007-04-10,482.060455
2007-04-11,478.374177
2007-04-12,478.519494
2007-04-13,480.861015
2007-04-16,491.051629
2007-04-17,491.82942
2007-04-18,496.786823
2007-04-19,496.093567
2007-04-20,499.531662
2007-04-23,497.530852
2007-04-24,495.661002
2007-04-30,497.29089
2007-05-01,498.050006
2007-06-07,492.53379
2007-06-08,498.207159
2007-06-12,494.387687
2007-06-20,497.063692
2007-06-21,498.08526
2007-06-22,489.461149
2007-06-25,486.601441
2007-06-26,485.739904
2007-06-27,489.769286
2007-06-28,489.028123
2007-06-29,485.412689
2007-07-02,491.205623
2007-07-03,493.904156
2007-07-05,491.460464
2007-07-06,492.273282
2007-07-09,490.917335
2007-07-10,480.134344
2007-07-11,482.084764
2007-07-12,492.439163
2007-07-13,493.379216
2007-07-16,491.78412
2007-07-17,492.326248
2007-07-18,486.488806
2007-07-19,485.078912
2007-07-20,476.264151
2007-07-23,476.073329
2007-07-24,462.429384
2007-07-25,466.36819
2007-07-26,454.928389
2007-07-27,449.303339
2007-07-30,454.814526
2007-07-31,446.820966
2007-08-01,448.6267
2007-08-02,449.457521
2007-08-03,432.227388
2007-08-06,452.53994
2007-08-07,456.652802
2007-08-08,466.494774
2007-08-09,449.011277
2007-08-10,448.47077
2007-08-13,444.830755
2007-08-14,434.18666
2007-08-15,429.913925
2007-08-16,445.036903
2007-08-17,461.166601
2007-08-20,457.449721
2007-08-21,459.623746
2007-08-22,463.43537
2007-08-23,461.369524
2007-08-24,463.875629
2007-08-27,457.546419
2007-08-28,442.746547
2007-08-29,450.738682
2007-08-30,445.697243
2007-08-31,452.457042
2007-09-04,457.735887
2007-09-05,448.187282
2007-09-06,447.225756
2007-09-07,440.740355
2007-09-10,440.33064
2007-09-11,446.198396
2007-09-12,445.313565
2007-09-13,452.384171
2007-09-14,452.190562
2007-09-17,448.808053
2007-09-18,468.790364
2007-09-19,471.543236
2007-09-20,463.351021
2007-09-21,464.45104
2007-09-24,458.72858
2007-09-25,457.271871
2007-09-26,459.839911
2007-09-27,463.441365
2007-09-28,461.49444
2007-10-01,471.076765
2007-10-02,475.02387
2007-10-03,475.07301
2007-10-04,476.190883
2007-10-05,482.00689
2007-10-08,478.021281
2007-10-09,481.944331
2007-10-10,477.155272
2007-10-11,476.059596
2007-10-12,475.860003
2007-10-15,467.096708
2007-10-16,458.426141
2007-10-17,457.770767
2007-10-18,452.853627
2007-10-19,439.578114
2007-10-22,443.780181
2007-10-23,446.599725
2007-10-24,443.120158
2007-10-25,440.324054
2007-10-26,451.501063
2007-10-29,451.229087
2007-10-30,448.785782
2007-10-31,452.297574
2007-11-01,431.295899
2007-11-02,424.240016
2007-11-05,418.282182
2007-11-06,425.467712
2007-11-07,403.954486
2007-11-08,405.770471
2007-11-09,406.317613
2007-11-12,406.91377
2007-11-13,426.937004
2007-11-14,424.246561
2007-11-15,411.240127
2007-11-16,408.128159
2007-11-19,395.880912
2007-11-20,390.739425
2007-11-21,382.003588
2007-11-23,393.743889
2007-11-26,377.799203
2007-11-27,387.733483
2007-11-28,407.273576
2007-11-29,404.192597
2007-11-30,415.885897
2007-12-03,411.076377
2007-12-04,403.46015
2007-12-05,411.593102
2007-12-06,422.363573
2007-12-07,418.109608
2007-12-10,426.66718
2007-12-11,405.61972
2007-12-12,401.853486
2007-12-13,399.884395
2007-12-14,392.531518
2007-12-17,388.952426
2007-12-18,389.336028
2007-12-19,389.769894
2007-12-20,387.224272
2007-12-21,395.13358
2007-12-24,402.127662
2007-12-26,400.210267
2007-12-27,391.256411
2007-12-28,389.430148
2007-12-31,392.077808
2008-01-02,382.395478
2008-01-03,379.918794
2008-01-04,369.068602
2008-01-07,370.68176
2008-01-08,357.158955
2008-01-09,363.156631
2008-01-10,371.619938
2008-01-11,370.875973
2008-01-14,374.629752
2008-01-15,360.733154
2008-01-16,365.357642
2008-01-17,348.242338
2008-01-18,342.032263
2008-01-22,349.66892
2008-01-23,373.331802
2008-01-24,375.480135
2008-01-25,366.18767
2008-01-28,378.422313
2008-01-29,383.863816
2008-01-30,379.504857
2008-01-31,389.705039
2008-02-01,397.212941
2008-02-04,387.140451
2008-02-05,369.443104
2008-02-06,365.523809
2008-02-07,371.606704
2008-02-08,363.076128
2008-02-11,356.208352
2008-02-12,361.067854
2008-02-13,364.029789
2008-02-14,357.007811
2008-02-15,359.246799
2008-02-19,356.518206
2008-02-20,362.11487
2008-02-21,357.264559
2008-02-22,362.892534
2008-02-25,367.091962
2008-02-26,367.843998
2008-02-27,370.845463
2008-02-28,359.585568
2008-02-29,345.158785
2008-03-03,340.921063
2008-03-04,338.148641
2008-03-05,335.770276
2008-03-06,323.527295
2008-03-07,324.62191
2008-03-10,314.666765
2008-03-11,338.01967
2008-03-12,330.862464
2008-03-13,332.004097
2008-03-14,318.522208
2008-03-17,313.61707
2008-03-18,340.247554
2008-03-19,333.366753
2008-03-20,356.514233
2008-03-24,359.028502
2008-03-25,358.012892
2008-03-26,345.572416
2008-03-27,338.553379
2008-03-28,331.750028
2008-03-31,334.562695
2008-04-01,359.644207
2008-04-02,357.228028
2008-04-03,358.606023
2008-04-04,353.608477
2008-04-07,357.086616
2008-04-08,351.086346
2008-04-09,344.878559
2008-04-10,343.516125
2008-04-11,337.281186
2008-04-14,329.061826
2008-04-15,332.639563
2008-04-16,343.609934
2008-04-17,348.497099
2008-04-18,354.810596
2008-04-21,348.761374
2008-04-22,345.702439
2008-04-23,343.087346
2008-04-24,356.117842
2008-04-25,362.284893
2008-04-28,361.717984
2008-04-29,359.401804
2008-04-30,355.784078
2008-05-01,369.6967
2008-05-02,370.848992
2008-05-05,365.484415
2008-05-06,368.743482
2008-05-07,355.245339
2008-05-08,350.875596
2008-05-09,347.487059
2008-05-12,353.423811
2008-05-13,348.432893
2008-05-14,351.693233
2008-05-15,356.039176
2008-05-16,351.224168
2008-05-19,349.351903
2008-05-20,341.668896
2008-05-21,332.863471
2008-05-22,335.866193
2008-05-23,329.643036
2008-05-27,332.38008
2008-05-28,330.232517
2008-05-29,335.561737
2008-05-30,333.125055
2008-06-02,327.198622
2008-06-03,325.201164
2008-06-04,322.58003
2008-06-05,329.120573
2008-06-06,312.78756
2008-06-09,305.569597
2008-06-10,308.899313
2008-06-11,298.779262
2008-06-12,304.82348
2008-06-13,311.059796
2008-06-16,314.333545
2008-06-17,305.127722
2008-06-18,301.43282
2008-06-19,304.078283
2008-06-20,296.357252
2008-06-23,288.274336
2008-06-24,292.572118
2008-06-25,293.701822
2008-06-26,280.659845
2008-06-27,276.847625
2008-06-30,270.953843
2008-07-01,273.69007
2008-07-02,269.77521
2008-07-03,268.887311
2008-07-07,260.403324
2008-07-08,275.287233
2008-07-09,260.896622
2008-07-10,258.471605
2008-07-11,251.843772
2008-07-14,239.220672
2008-07-15,232.147237
2008-07-16,260.702821
2008-07-17,277.587284
2008-07-18,280.637855
2008-07-21,278.262149
2008-07-22,296.598464
2008-07-23,302.172836
2008-07-24,281.786474
2008-07-25,280.091626
2008-07-28,267.338057
2008-07-29,287.366619
2008-07-30,293.129639
2008-07-31,289.389777
2008-08-01,291.17835
2008-08-04,287.522214
2008-08-05,302.046733
2008-08-06,299.039157
2008-08-07,284.031372
2008-08-08,294.077145
2008-08-11,299.570825
2008-08-12,284.012085
2008-08-13,275.587869
2008-08-14,282.615199
2008-08-15,285.775609
2008-08-18,275.558202
2008-08-19,267.172586
2008-08-20,271.637024
2008-08-21,268.735323
2008-08-22,277.087111
2008-08-25,268.459964
2008-08-26,270.381608
2008-08-27,274.898294
2008-08-28,287.265183
2008-08-29,285.592298
2008-09-02,290.764565
2008-09-03,294.714811
2008-09-04,280.887371
2008-09-05,289.963497
2008-09-08,303.426208
2008-09-09,283.411002
2008-09-10,281.38916
2008-09-11,285.672768
2008-09-12,282.633209
2008-09-15,252.822307
2008-09-16,268.532629
2008-09-17,244.53995
2008-09-18,273.223989
2008-09-19,303.573114
2008-09-22,277.831475
2008-09-23,273.605448
2008-09-24,269.543878
2008-09-25,276.601954
2008-09-26,284.977926
2008-09-29,239.360933
2008-09-30,270.684674
2008-10-01,276.509141
2008-10-02,264.56627
2008-10-03,254.072327
2008-10-06,243.465848
2008-10-07,215.387983
2008-10-08,208.906272
2008-10-09,184.380158
2008-10-10,197.215948
2008-10-13,217.38626
2008-10-14,231.3319
2008-10-15,210.227599
2008-10-16,213.717476
2008-10-17,208.792681
2008-10-20,214.661537
2008-10-21,210.711164
2008-10-22,196.021989
2008-10-23,194.331286
2008-10-24,186.851875
2008-10-27,179.218767
2008-10-28,201.618795
2008-10-29,195.832278
2008-10-30,198.266973
2008-10-31,209.134422
2008-11-03,209.741539
2008-11-04,221.181074
2008-11-05,201.774421
2008-11-06,188.177555
2008-11-07,192.217706
2008-11-10,183.755328
2008-11-11,179.384717
2008-11-12,166.987992
2008-11-13,178.829109
2008-11-14,169.551503
2008-11-17,159.389719
2008-11-18,158.129077
2008-11-19,139.843105
2008-11-20,125.12591
2008-11-21,129.363565
2008-11-24,153.643451
2008-11-25,157.460717
2008-11-26,165.230892
2008-11-28,169.946774
2008-12-01,141.046306
2008-12-02,152.236407
2008-12-03,160.753679
2008-12-04,157.745396
2008-12-05,171.35765
2008-12-08,183.086239
2008-12-09,174.131272
2008-12-10,172.950509
2008-12-11,158.286413
2008-12-12,161.53173
2008-12-15,155.091914
2008-12-16,172.533688
2008-12-17,170.368196
2008-12-18,165.221067
2008-12-19,165.931007
2008-12-22,159.242399
2008-12-23,156.121697
2008-12-24,159.043873
2008-12-26,159.164105
2008-12-29,157.59032
2008-12-30,164.087821
2008-12-31,168.791652
2009-01-02,171.364265
2009-01-05,167.150128
2009-01-06,170.385441
2009-01-07,161.643413
2009-01-08,161.308601
2009-01-09,155.791129
2009-01-12,146.900849
2009-01-13,148.880089
2009-01-14,140.402821
2009-01-15,133.276501
2009-01-16,130.099684
2009-01-20,108.330844
2009-01-21,124.160506
2009-01-22,116.904039
2009-01-23,120.912585
2009-01-26,118.410136
2009-01-27,122.843994
2009-01-28,138.770729
2009-01-29,127.120767
2009-01-30,123.984391
2009-02-02,124.210025
2009-02-03,121.083778
2009-02-04,119.877707
2009-02-05,121.508958
2009-02-06,131.3895
2009-02-09,133.133632
2009-02-10,118.639239
2009-02-11,124.805912
2009-02-12,123.167925
2009-02-13,117.979481
2009-02-17,106.393935
2009-02-18,106.191464
2009-02-19,100.668522
2009-02-20,99.186293
2009-02-23,96.175345
2009-02-24,107.565475
2009-02-25,107.073888
2009-02-26,109.217842
2009-02-27,101.150202
2009-03-02,94.235591
2009-03-03,92.764842
2009-03-04,92.06314
2009-03-05,82.909132
2009-03-06,81.742713
2009-03-09,83.765721
2009-03-10,96.819067
2009-03-11,99.14097
2009-03-12,109.069802
2009-03-13,109.413709
2009-03-16,107.387443
2009-03-17,114.453256
2009-03-18,126.01065
2009-03-19,115.884645
2009-03-20,109.74132
2009-03-23,129.209044
2009-03-24,120.749305
2009-03-25,126.27046
2009-03-26,127.573124
2009-03-27,123.122966
2009-03-30,111.520896
2009-03-31,119.011406
2009-04-01,122.085737
2009-04-02,125.653945
2009-04-03,130.946668
2009-04-06,127.109239
2009-04-07,122.989556
2009-04-08,124.054919
2009-04-09,143.290794
2009-04-13,150.181349
2009-04-14,138.647537
2009-04-15,146.355546
2009-04-16,147.283873
2009-04-17,149.17742
2009-04-20,132.149148
2009-04-21,142.967658
2009-04-22,137.506215
2009-04-23,143.68741
2009-04-24,147.205324
2009-04-27,142.530515
2009-04-28,139.915228
2009-04-29,146.583829
2009-04-30,145.395224
2009-05-01,142.955142
2009-05-04,157.437689
2009-05-05,155.520751
2009-05-06,168.136565
2009-05-07,162.34434
2009-05-08,175.844458
2009-05-11,163.84703
2009-05-12,160.856607
2009-05-13,152.497322
2009-05-14,158.567973
2009-05-15,154.601081
2009-05-18,165.719149
2009-05-19,161.389568
2009-05-20,157.458952
2009-05-21,157.806011
2009-05-22,155.898764
2009-05-26,162.346884
2009-05-27,156.102667
2009-05-28,161.665841
2009-05-29,164.442236
2009-06-01,165.307725
2009-06-02,163.318288
2009-06-03,160.880458
2009-06-04,167.263181
2009-06-05,164.836538
2009-06-08,166.633386
2009-06-09,167.516975
2009-06-10,164.917124
2009-06-11,166.38732
2009-06-12,167.540489
2009-06-15,162.613704
2009-06-16,159.947417
2009-06-17,155.843272
2009-06-18,159.710775
2009-06-19,162.424986
2009-06-22,152.404542
2009-06-23,155.014452
2009-06-24,156.728983
2009-06-25,159.378397
2009-06-26,160.351895
2009-06-29,162.57976
2009-06-30,160.763739
2009-07-01,159.964892
2009-07-02,153.550543
2009-07-06,154.765591
2009-07-07,151.799973
2009-07-08,149.239998
2009-07-09,151.262302
2009-07-10,149.326664
2009-07-13,159.056762
2009-07-14,158.557487
2009-07-15,165.065399
2009-07-16,164.666177
2009-07-17,163.394172
2009-07-20,164.729141
2009-07-21,163.421637
2009-07-22,163.175878
2009-07-23,168.024438
2009-07-24,167.446937
2009-07-27,169.937955
2009-07-28,169.305202
2009-07-29,168.88302
2009-07-30,173.359682
2009-07-31,174.882452
2009-08-03,179.553375
2009-08-04,183.255961
2009-08-05,189.366653
2009-08-06,188.059064
2009-08-07,193.144196
2009-08-10,191.884251
2009-08-11,185.095856
2009-08-12,188.829973
2009-08-13,192.533271
2009-08-14,191.578265
2009-08-17,183.424325
2009-08-18,186.951871
2009-08-19,186.854196
2009-08-20,191.702547
2009-08-21,195.804999
2009-08-24,193.996744
2009-08-25,196.172572
2009-08-26,195.929447
2009-08-27,197.826802
2009-08-28,198.134868
2009-08-31,197.373273
2009-09-01,186.982543
2009-09-02,185.156326
2009-09-03,189.403114
2009-09-04,190.971968
2009-09-08,192.162973
2009-09-09,194.921321
2009-09-10,196.711025
2009-09-11,195.09786
2009-09-14,197.930591
2009-09-15,198.106004
2009-09-16,204.826635
2009-09-17,204.066519
2009-09-18,203.942413
2009-09-21,202.078186
2009-09-22,206.616404
2009-09-23,202.323242
2009-09-24,198.733412
2009-09-25,196.530354
2009-09-28,203.281395
2009-09-29,202.195541
2009-09-30,201.180068
2009-10-01,192.377866
2009-10-02,192.230034
2009-10-05,198.571465
2009-10-06,201.024029
2009-10-07,203.034636
2009-10-08,203.448455
2009-10-09,205.099921
2009-10-12,206.959766
2009-10-13,204.672154
2009-10-14,211.691343
2009-10-15,210.285632
2009-10-16,204.751544
2009-10-19,205.686652
2009-10-20,204.300388
2009-10-21,200.414446
2009-10-22,206.261007
2009-10-23,203.051533
2009-10-26,197.952153
2009-10-27,196.57984
2009-10-28,190.231029
2009-10-29,198.469104
2009-10-30,189.032176
2009-11-02,190.614547
2009-11-03,191.432653
2009-11-04,188.540537
2009-11-05,193.321963
2009-11-06,192.451315
2009-11-09,199.433537
2009-11-10,198.535751
2009-11-11,201.314583
2009-11-12,197.604798
2009-11-13,197.05444
2009-11-16,199.477899
2009-11-17,199.619885
2009-11-18,201.404159
2009-11-19,197.32673
2009-11-20,196.198231
2009-11-23,199.076931
2009-11-24,197.584817
2009-11-25,197.170245
2009-11-27,191.761254
2009-11-30,197.018205
2009-12-01,197.211692
2009-12-02,196.975532
2009-12-03,192.921707
2009-12-04,196.326326
2009-12-07,193.167743
2009-12-08,191.447203
2009-12-09,192.20309
2009-12-10,191.812891
2009-12-11,193.142387
2009-12-14,194.272373
2009-12-15,190.949673
2009-12-16,192.232829
2009-12-17,188.752152
2009-12-18,191.367385
2009-12-21,194.201053
2009-12-22,194.78573
2009-12-23,194.10065
2009-12-24,195.774663
2009-12-28,195.169423
2009-12-29,194.353276
2009-12-30,194.495156
2009-12-31,193.779286
2010-01-04,197.785502
2010-01-05,201.146812
2010-01-06,201.999775
2010-01-07,206.210998
2010-01-08,205.088136
2010-01-11,205.146016
2010-01-12,201.876341
2010-01-13,204.243438
2010-01-14,205.537356
2010-01-15,201.34883
2010-01-19,203.639154
2010-01-20,203.367032
2010-01-21,197.351234
2010-01-22,190.934489
2010-01-25,191.940821
2010-01-26,188.702828
2010-01-27,193.067447
2010-01-28,192.290283
2010-01-29,190.916414
2010-02-01,193.977381
2010-02-02,196.146573
2010-02-03,193.510864
2010-02-04,185.483276
2010-02-05,187.737222
2010-02-08,183.59743
2010-02-09,185.615159
2010-02-10,187.147478
2010-02-11,187.555346
2010-02-12,187.02248
2010-02-16,191.626971
2010-02-17,192.362498
2010-02-18,193.440364
2010-02-19,194.599396
2010-02-22,196.817798
2010-02-23,193.307874
2010-02-24,196.675373
2010-02-25,196.03207
2010-02-26,197.426808
2010-03-01,198.162548
2010-03-02,198.729963
2010-03-03,198.833403
2010-03-04,200.653235
2010-03-05,204.730933
2010-03-08,205.03938
2010-03-09,205.602634
2010-03-10,207.91345
2010-03-11,209.803341
2010-03-12,208.93666
2010-03-15,208.784023
2010-03-16,211.431498
2010-03-17,213.739985
2010-03-18,212.76411
2010-03-19,211.186597
2010-03-22,212.406173
2010-03-23,214.035168
2010-03-24,214.399507
2010-03-25,215.320411
2010-03-26,215.550306
2010-03-29,215.957881
2010-03-30,214.394452
2010-03-31,214.753644
2010-04-01,216.735511
2010-04-05,218.902317
2010-04-06,221.191242
2010-04-07,219.998387
2010-04-08,221.829784
2010-04-09,222.817528
2010-04-12,223.834765
2010-04-13,223.832881
2010-04-14,229.747688
2010-04-15,228.638069
2010-04-16,219.926283
2010-04-19,222.348235
2010-04-20,225.262042
2010-04-21,224.046522
2010-04-22,225.329306
2010-04-23,226.219573
2010-04-26,222.313457
2010-04-27,214.872539
2010-04-28,217.642454
2010-04-29,223.058783
2010-04-30,217.538603
2010-05-03,221.53616
2010-05-04,215.526019
2010-05-05,214.511572
2010-05-06,205.689069
2010-05-07,203.157987
2010-05-10,214.497754
2010-05-11,213.471612
2010-05-12,215.84331
2010-05-13,212.245972
2010-05-14,206.473095
2010-05-17,206.459533
2010-05-18,200.691812
2010-05-19,201.03675
2010-05-20,191.557025
2010-05-21,198.497458
2010-05-24,192.780709
2010-05-25,194.393333
2010-05-26,193.14498
2010-05-27,201.744706
2010-05-28,197.41601
2010-06-01,193.307589
2010-06-02,199.18936
2010-06-03,198.14562
2010-06-04,190.29593
2010-06-07,186.42985
2010-06-08,190.189524
2010-06-09,188.345976
2010-06-10,194.632689
2010-06-11,195.335558
2010-06-14,194.042266
2010-06-15,199.015003
2010-06-16,199.062989
2010-06-17,198.777971
2010-06-18,199.841739
2010-06-21,199.300929
2010-06-22,196.294308
2010-06-23,195.699054
2010-06-24,191.649999
2010-06-25,197.03249
2010-06-28,195.272939
2010-06-29,187.689303
2010-06-30,185.639661
2010-07-01,184.070149
2010-07-02,182.083221
2010-07-06,183.118052
2010-07-07,191.243884
2010-07-08,192.473824
2010-07-09,195.505907
2010-07-12,195.545686
2010-07-13,200.619818
2010-07-14,198.785619
2010-07-15,198.595314
2010-07-16,189.915662
2010-07-19,189.965988
2010-07-20,192.154212
2010-07-21,188.712564
2010-07-22,194.560704
2010-07-23,195.937518
2010-07-26,198.981552
2010-07-27,199.192625
2010-07-28,197.31585
2010-07-29,197.974085
2010-07-30,197.915746
2010-08-02,203.00111
2010-08-03,200.731173
2010-08-04,201.282265
2010-08-05,200.520475
2010-08-06,198.866871
2010-08-09,200.060329
2010-08-10,197.994505
2010-08-11,190.884587
2010-08-12,189.70399
2010-08-13,189.094726
2010-08-16,188.693496
2010-08-17,190.083408
2010-08-18,190.847541
2010-08-19,186.262213
2010-08-20,185.82819
2010-08-23,184.719911
2010-08-24,181.562287
2010-08-25,182.079994
2010-08-26,180.482425
2010-08-27,184.710336
2010-08-30,180.609217
2010-08-31,182.267656
2010-09-01,189.287379
2010-09-02,191.08471
2010-09-03,195.188937
2010-09-07,190.55666
2010-09-08,192.729662
2010-09-09,194.953491
2010-09-10,195.098653
2010-09-13,199.519546
2010-09-14,197.544397
2010-09-15,198.270443
2010-09-16,197.555214
2010-09-17,196.534704
2010-09-20,200.515471
2010-09-21,198.451101
2010-09-22,195.259763
2010-09-23,191.430171
2010-09-24,196.724346
2010-09-27,194.393712
2010-09-28,194.997519
2010-09-29,193.385958
2010-09-30,193.175684
2010-10-01,195.206658
2010-10-04,193.755627
2010-10-05,198.338769
2010-10-06,198.267546
2010-10-07,197.415053
2010-10-08,197.618145
2010-10-11,197.417678
2010-10-12,199.909185
2010-10-13,199.904085
2010-10-14,196.274686
2010-10-15,192.923857
2010-10-18,197.4323
2010-10-19,194.659763
2010-10-20,196.844
2010-10-21,196.472507
2010-10-22,196.612298
2010-10-25,195.813613
2010-10-26,196.060588
2010-10-27,196.242642
2010-10-28,196.147236
2010-10-29,195.826988
2010-11-01,195.797842
2010-11-02,196.308285
2010-11-03,198.281952
2010-11-04,205.057305
2010-11-05,209.412625
2010-11-08,207.794374
2010-11-09,203.272707
2010-11-10,206.015236
2010-11-11,204.09192
2010-11-12,200.971372
2010-11-15,201.786218
2010-11-16,198.102024
2010-11-17,196.956649
2010-11-18,199.782226
2010-11-19,199.463058
2010-11-22,196.651476
2010-11-23,193.465548
2010-11-24,196.631503
2010-11-26,194.408393
2010-11-29,195.519443
2010-11-30,194.135214
2010-12-01,198.186199
2010-12-02,203.368746
2010-12-03,203.973193
2010-12-06,203.527511
2010-12-07,203.460997
2010-12-08,207.14397
2010-12-09,209.82372
2010-12-10,211.666891
2010-12-13,211.409584
2010-12-14,209.426685
2010-12-15,207.649455
2010-12-16,208.135389
2010-12-17,208.720566
2010-12-20,209.501023
2010-12-21,212.922923
2010-12-22,215.268959
2010-12-23,213.620081
2010-12-27,215.646978
2010-12-28,215.71274
2010-12-29,215.080183
2010-12-30,214.324251
2010-12-31,214.772024
2011-01-03,219.713391
2011-01-04,219.192095
2011-01-05,221.800805
2011-01-06,220.414739
2011-01-07,218.375434
2011-01-10,217.73005
2011-01-11,218.827922
2011-01-12,222.485972
2011-01-13,221.594996
2011-01-14,225.415782
2011-01-18,223.683358
2011-01-19,218.755663
2011-01-20,219.839538
2011-01-21,221.680067
2011-01-24,221.486011
2011-01-25,220.97992
2011-01-26,220.734992
2011-01-27,222.664483
2011-01-28,218.5615
2011-01-31,220.701152
2011-02-01,225.508089
2011-02-02,223.503091
2011-02-03,223.61242
2011-02-04,223.520971
2011-02-07,226.929892
2011-02-08,228.436829
2011-02-09,226.761725
2011-02-10,226.75686
2011-02-11,229.903007
2011-02-14,230.059861
2011-02-15,229.606449
2011-02-16,230.917137
2011-02-17,230.675453
2011-02-18,231.159276
2011-02-22,224.013428
2011-02-23,223.093614
2011-02-24,222.58114
2011-02-25,225.733578
2011-02-28,226.781029
2011-03-01,221.83291638794256
2011-03-02,220.37266738769728
2011-03-03,225.09854276015443
2011-03-04,222.130437209566
2011-03-07,220.64754264260185
2011-03-08,225.5659537197734
2011-03-09,225.37659481296183
2011-03-10,220.7522321535303
2011-03-11,222.56144562283856
2011-03-14,220.3730436553477
2011-03-15,217.68003431874493
2011-03-16,213.55666223136805
2011-03-17,216.49406903339653
2011-03-18,218.95556275051632
2011-03-21,220.3363370783989
2011-03-22,219.16865625064284
2011-03-23,218.520046975974
2011-03-24,219.5918906314853
2011-03-25,220.0557411300703
2011-03-28,219.38640427427856
2011-03-29,220.0676195466082
2011-03-30,221.69471699678755
2011-03-31,220.70841453707868
2011-04-01,222.4840438399023
2011-04-04,222.3226287706173
2011-04-05,222.0935369440917
2011-04-06,224.62437072278823
2011-04-07,223.63427256619715
2011-04-08,221.70124015206792
2011-04-11,221.58010376744923
2011-04-12,220.7183862884851
2011-04-13,218.99647815541604
2011-04-14,217.13491511321865
2011-04-15,217.2666822809688
2011-04-18,214.3106884000181
2011-04-19,215.0979498269633
2011-04-20,215.64825165443224
2011-04-21,216.86187999602456
2011-04-25,216.56262457015464
2011-04-26,217.78792301499897
2011-04-27,219.1777957022932
2011-04-28,220.942133066842
2011-04-29,220.4899317670226
2011-05-02,219.6737424664456
2011-05-03,220.5168059430723
2011-05-04,218.4533799283072
2011-05-05,215.96644141118745
2011-05-06,216.69379029389464
2011-05-09,216.2969640231439
2011-05-10,218.33860337220443
2011-05-11,215.4372320592168
2011-05-12,215.2499709768645
2011-05-13,212.0793485381625
2011-05-16,211.81701044555467
2011-05-17,213.3381517606456
2011-05-18,214.3852664624692
2011-05-19,214.51251549004127
2011-05-20,211.36126285415008
2011-05-23,208.551554574693
2011-05-24,208.24025681336715
2011-05-25,208.34346461408464
2011-05-26,209.35427453607664
2011-05-27,211.046608140818
2011-05-31,213.09388451000663
2011-06-01,205.6652097778189
2011-06-02,205.99426871749472
2011-06-03,204.5964862189182
2011-06-06,200.53236186332853
2011-06-07,200.1394260653672
2011-06-08,198.2589498113706
2011-06-09,200.6246753743573
2011-06-10,199.1970565665736
2011-06-13,201.2671799862901
2011-06-14,202.29394625314296
2011-06-15,197.8617457016925
2011-06-16,198.9855639053821
2011-06-17,200.8177872970839
2011-06-20,200.67206216996087
2011-06-21,203.4402127953642
2011-06-22,202.10257886434223
2011-06-23,200.1439381956764
2011-06-24,198.76685575155173
2011-06-27,201.0217334643093
2011-06-28,201.8456774298567
2011-06-29,206.0805070851926
2011-06-30,206.8722128165704
2011-07-01,210.4464720769824
2011-07-05,208.6894528311196
2011-07-06,207.5418788353768
2011-07-07,210.8062058848961
2011-07-08,208.0568701856863
2011-07-11,202.21883669907268
2011-07-12,201.64980227691456
2011-07-13,201.98479673480853
2011-07-14,200.42161886083343
2011-07-15,199.92670488354577
2011-07-18,197.17473063761668
2011-07-19,199.8516414134961
2011-07-20,201.9964441215677
2011-07-21,206.9980163151002
2011-07-22,206.44915035760167
2011-07-25,204.7121273942519
2011-07-26,204.3627821957552
2011-07-27,199.6046549223177
2011-07-28,199.6921835763528
2011-07-29,199.18359822667
2011-08-01,198.5241299634041
2011-08-02,193.01834971003984
2011-08-03,194.0278098590373
2011-08-04,183.9782054826807
2011-08-05,180.7915126543135
2011-08-08,162.74173823925906
2011-08-09,176.09809748055417
2011-08-10,163.5809208055971
2011-08-11,173.82825471501337
2011-08-12,171.74758420347737
2011-08-15,177.30726211342616
2011-08-16,173.90144692336807
2011-08-17,174.94807396826403
2011-08-18,166.17508140706838
2011-08-19,163.0414608564833
2011-08-22,160.96901604913327
2011-08-23,166.19414561692196
2011-08-24,170.88632500826515
2011-08-25,170.1072697540497
2011-08-26,171.8246958988193
2011-08-29,178.98537343689225
2011-08-30,177.6722924102669
2011-08-31,179.83334722451585
2011-09-01,175.55662294208705
2011-09-02,168.53025082969916
2011-09-06,165.55232332505665
2011-09-07,173.51392621818152
2011-09-08,169.56053216060246
2011-09-09,164.21050185920924
2011-09-12,166.22134045110587
2011-09-13,167.2654991003361
2011-09-14,169.32362650747456
2011-09-15,173.6581077052079
2011-09-16,174.0034951196422
2011-09-19,169.22838137234297
2011-09-20,168.81168679793575
2011-09-21,160.47399640826077
2011-09-22,155.67625502609403
2011-09-23,157.48112004762513
2011-09-26,164.4252435887354
2011-09-27,165.09863619466876
2011-09-28,160.29617335440904
2011-09-29,164.84582052187645
2011-09-30,159.05324766879326
2011-10-03,151.8460111350509
2011-10-04,158.08222468086785
2011-10-05,159.98127318368444
2011-10-06,165.14329026445571
2011-10-07,159.08467265217513
2011-10-10,167.25998714958604
2011-10-11,167.15329241888145
2011-10-12,171.61426485258556
2011-10-13,167.5328067348321
2011-10-14,169.9014666010528
2011-10-17,164.22403543645635
2011-10-18,172.38320298869067
2011-10-19,169.43439425781227
2011-10-20,172.4884781624195
2011-10-21,176.57227791223002
2011-10-24,180.4217860127557
2011-10-25,174.8675391899373
2011-10-26,178.2810685126626
2011-10-27,189.27084568008829
2011-10-28,188.8590783815444
2011-10-31,181.5762849698817
2011-11-01,173.01659134090497
2011-11-02,177.88237072760725
2011-11-03,181.1920965936117
2011-11-04,178.64808112637667
2011-11-07,179.4437176474363
2011-11-08,182.901349922298
2011-11-09,172.94502634124285
2011-11-10,173.91055868876452
2011-11-11,177.7742572661709
2011-11-14,174.16132087330612
2011-11-15,174.89048152479253
2011-11-16,170.53711766709176
2011-11-17,166.97166533146827
2011-11-18,167.8687913900042
2011-11-21,163.63018387710568
2011-11-22,162.1231005301833
2011-11-23,157.44017654212558
2011-11-25,158.13402920961255
2011-11-28,162.79341498135642
2011-11-29,161.8223678548803
2011-11-30,172.4625301460009
2011-12-01,170.8190557260949
2011-12-02,173.13846557246038
2011-12-05,176.78656641167925
2011-12-06,176.64435669751936
2011-12-07,178.72959807895603
2011-12-08,172.09882578561218
2011-12-09,176.03632687001152
2011-12-12,171.48531240102227
2011-12-13,168.95870132257983
2011-12-14,168.44782002314622
2011-12-15,168.45399045819826
2011-12-16,169.3156892078827
2011-12-19,165.36625342080177
2011-12-20,171.70288503659577
2011-12-21,172.69624704445954
2011-12-22,176.24477570693847
2011-12-23,177.54570938999828
2011-12-27,176.34269674347215
2011-12-28,173.53361207574696
2011-12-29,176.32655186259493
2011-12-30,175.2325607458804
2012-01-03,180.06166920550783
2012-01-04,179.12126812909872
2012-01-05,181.60939964061816
2012-01-06,180.5803037195897
2012-01-09,181.4893255874848
2012-01-10,185.06428630782608
2012-01-11,186.8766082300516
2012-01-12,187.66947106459
2012-01-13,186.1629814797699
2012-01-17,184.71142153672443
2012-01-18,187.7931273255197
2012-01-19,189.42055445784388
2012-01-20,190.72848229331333
2012-01-23,191.2583406728044
2012-01-24,190.8770558187292
2012-01-25,191.3448538248849
2012-01-26,189.6247060293155
2012-01-27,190.31083189712064
2012-01-30,188.4048459134562
2012-01-31,189.18675605180945
2012-02-01,192.30833153455865
2012-02-02,193.193961973444
2012-02-03,198.3612764292081
2012-02-06,197.40752125028777
2012-02-07,197.23331421636863
2012-02-08,198.75293921140167
2012-02-09,197.97853165516736
2012-02-10,195.99741595174328
2012-02-13,197.86363869115263
2012-02-14,195.77254605755576
2012-02-15,194.6260963876852
2012-02-16,197.7414094775532
2012-02-17,199.01208328482173
2012-02-21,198.78181736345093
2012-02-22,196.2478767239519
2012-02-23,198.1359950742832
2012-02-24,197.2568970041576
2012-02-27,198.9593569060876
2012-02-28,199.2745220965124
2012-02-29,198.34581850343264
2012-03-01,200.809910161718
2012-03-02,199.9425016193512
2012-03-05,199.08608380775752
2012-03-06,194.1899598619472
2012-03-07,196.72458151550683
2012-03-08,198.6582562672233
2012-03-09,200.22078039681136
2012-03-12,199.6036688200417
2012-03-13,207.4174902971465
2012-03-14,207.45879239805527
2012-03-15,211.34785796842823
2012-03-16,211.9600287146585
2012-03-19,213.23048313883723
2012-03-20,214.00611972696527
2012-03-21,213.0790995290893
2012-03-22,210.1544893255026
2012-03-23,211.98501140273945
2012-03-26,215.36665159002013
2012-03-27,213.25578957979715
2012-03-28,214.00425703633763
2012-03-29,211.71289938118105
2012-03-30,212.84017178862447
2012-04-02,214.5110613304184
2012-04-03,213.0956504921185
2012-04-04,209.6289198779509
2012-04-05,209.1759965683258
2012-04-09,205.8146298180341
2012-04-10,201.43204035369908
2012-04-11,204.6266875939266
2012-04-12,208.64011066042784
2012-04-13,203.3836608062519
2012-04-16,205.22746412822164
2012-04-17,208.10326449605253
2012-04-18,206.3667179977216
2012-04-19,205.4511237883271
2012-04-20,204.39574451939623
2012-04-23,202.8308028494781
2012-04-24,205.1352090713343
2012-04-25,207.07339768136995
2012-04-26,208.79357072191388
2012-04-27,208.73421254604787
2012-04-30,207.5308965243056
2012-05-01,209.8979942817727
2012-05-02,207.8867488242815
2012-05-03,206.12381719107145
2012-05-04,202.7446573729374
2012-05-07,204.13096194827864
2012-05-08,202.724680537952
2012-05-09,200.39261108394464
2012-05-10,201.504093193926
2012-05-11,199.1009925826078
2012-05-14,194.95206685683087
2012-05-15,193.8598464775288
2012-05-16,191.0537099128995
2012-05-17,187.0298089532664
2012-05-18,185.1034984841348
2012-05-21,186.91024580485208
2012-05-22,188.21243357533075
2012-05-23,188.9558705173621
2012-05-24,189.13823218494184
2012-05-25,188.42173828411268
2012-05-29,191.0593538456038
2012-05-30,186.83550444430355
2012-05-31,188.1898248885056
2012-06-01,181.21437957726897
2012-06-04,179.47324846745434
2012-06-05,182.4634820666517
2012-06-06,187.87126269829275
2012-06-07,187.4316434392381
2012-06-08,189.74559403305392
2012-06-11,186.11371873801983
2012-06-12,189.19895921813352
2012-06-13,188.3194553795612
2012-06-14,190.6907618023787
2012-06-15,193.3530456371152
2012-06-18,192.2444644074771
2012-06-19,195.5438159676582
2012-06-20,195.95370044942024
2012-06-21,191.45891045459425
2012-06-22,193.18727054679744
2012-06-25,189.1892138933987
2012-06-26,190.2708702488864
2012-06-27,192.6050087634136
2012-06-28,192.3150891364407
2012-06-29,197.3724490369461
2012-07-02,198.4395983625517
2012-07-03,199.31398812838387
2012-07-05,196.3681976393509
2012-07-06,194.91741712735765
2012-07-09,194.55003907300133
2012-07-10,193.1236307708798
2012-07-11,194.70634729175129
2012-07-12,192.74331435482867
2012-07-13,198.07296593401028
2012-07-16,197.46031662038243
2012-07-17,198.9675278969089
2012-07-18,197.8283546412601
2012-07-19,196.42896060741936
2012-07-20,193.4210597817316
2012-07-23,191.9400386566783
2012-07-24,191.31311542249367
2012-07-25,191.97256535145328
2012-07-26,195.00392971421545
2012-07-27,198.8804846916552
2012-07-30,198.1869080132715
2012-07-31,197.43515265879853
2012-08-01,196.5623664053313
2012-08-02,194.8007782333504
2012-08-03,199.7850183087347
2012-08-06,200.0866154268652
2012-08-07,201.1715073665113
2012-08-08,200.96031429260813
2012-08-09,200.8260304862564
2012-08-10,200.96093695066537
2012-08-13,200.9584785339877
2012-08-14,200.84370596216723
2012-08-15,201.48713321469816
2012-08-16,202.83517182032733
2012-08-17,203.41893627460385
2012-08-20,203.97982728769435
2012-08-21,204.47389571102727
2012-08-22,204.16565371605407
2012-08-23,202.16753494682945
2012-08-24,203.41921720311868
2012-08-27,203.27002309207668
2012-08-28,202.94989263565893
2012-08-29,203.368301481324
2012-08-30,202.2355330279124
2012-08-31,203.39350153746747
2012-09-04,203.60916769066725
2012-09-05,203.5635694109173
2012-09-06,208.5029711005729
2012-09-07,210.7243342940284
2012-09-10,208.8280998248508
2012-09-11,210.55866134207463
2012-09-12,211.53345255566944
2012-09-13,216.9831308530649
2012-09-14,218.7840214430981
2012-09-17,216.4641382271444
2012-09-18,215.49351488239355
2012-09-19,215.3268041356488
2012-09-20,214.1056701828273
2012-09-21,213.49000752674647
2012-09-24,213.48262263739608
2012-09-25,210.21614397870616
2012-09-26,208.70095397826745
2012-09-27,210.8692625541397
2012-09-28,210.0740980486217
2012-10-01,211.05104622061265
2012-10-02,211.57388488524984
2012-10-03,213.2103002140921
2012-10-04,216.3546211502856
2012-10-05,216.4291539802838
2012-10-08,216.15588107625783
2012-10-09,214.477900032059
2012-10-10,214.63281270324657
2012-10-11,215.7456431815428
2012-10-12,212.7774695764176
2012-10-15,215.33566928696789
2012-10-16,216.753656927692
2012-10-17,219.3772882041976
2012-10-18,219.7461379972214
2012-10-19,216.9297643617305
2012-10-22,216.87634971678457
2012-10-23,213.3327368341439
2012-10-24,213.33673766591085
2012-10-25,213.85253722665763
2012-10-26,212.58390221303392
2012-10-31,213.8760723533987
2012-11-01,216.67729212496047
2012-11-02,215.18158606150507
2012-11-05,214.8674543357229
2012-11-06,217.46461877238485
2012-11-07,209.7961435411295
2012-11-08,208.0239195929329
2012-11-09,208.5007449505065
2012-11-12,208.59396597067
2012-11-13,207.1904130808288
2012-11-14,203.4611657513616
2012-11-15,204.0318873913457
2012-11-16,205.2767454304145
2012-11-19,209.1305484055592
2012-11-20,210.2169778515293
2012-11-21,210.33330543172053
2012-11-23,212.9208863170577
2012-11-26,211.97470022467084
2012-11-27,209.99437858976583
2012-11-28,210.98996994945816
2012-11-29,211.9451535573507
2012-11-30,211.59635246174045
2012-12-03,210.8214599086765
2012-12-04,210.1933325075818
2012-12-05,212.87796630472448
2012-12-06,213.50272903977552
2012-12-07,215.1662073506274
2012-12-10,214.5372979997163
2012-12-11,215.5521599802269
2012-12-12,216.6631483372073
2012-12-13,215.2816526497638
2012-12-14,214.6686608229053
2012-12-17,219.18176671474657
2012-12-18,222.36567740621
2012-12-19,220.8382003582437
2012-12-20,223.9203469738684
2012-12-21,221.3562723382373
2012-12-24,221.1165968181705
2012-12-26,220.7929229485292
2012-12-27,220.01257348477768
2012-12-28,218.2210044743485
2012-12-31,221.24341750206312
2013-01-02,227.61401080767035
2013-01-03,227.22729450859725
2013-01-04,230.08780119535493
2013-01-07,229.33733535996083
2013-01-08,228.74370564500583
2013-01-09,228.2940870881453
2013-01-10,231.44088233762545
2013-01-11,230.6510208219012
2013-01-14,230.06109437185424
2013-01-15,230.96931613472304
2013-01-16,231.2529924360202
2013-01-17,231.0060111036753
2013-01-18,231.3503369350863
2013-01-22,233.4314740897851
2013-01-23,233.3444699109545
2013-01-24,234.4357319430977
2013-01-25,235.5388501189097
2013-01-28,234.4864162251812
2013-01-29,235.4830758534825
2013-01-30,234.42949966117675
2013-01-31,234.0186066122617
2013-02-01,237.2753821033599
2013-02-04,234.20382352052889
2013-02-05,236.87496090175924
2013-02-06,237.25890862384497
2013-02-07,236.32863826550405
2013-02-08,237.177493634648
2013-02-11,238.0445066990517
2013-02-12,239.83742115319845
2013-02-13,239.28648318961007
2013-02-14,240.03270449794005
2013-02-15,239.26097973956075
2013-02-19,241.31349218242505
2013-02-20,237.85861292628087
2013-02-21,235.77174172291623
2013-02-22,238.67392056505585
2013-02-25,232.260223522836
2013-02-26,233.38198436124108
2013-02-27,237.1610738555832
2013-02-28,236.6710189304825
2013-03-01,237.4024873415885
2013-03-04,239.4196406699048
2013-03-05,241.4249415144716
2013-03-06,243.043146311646
2013-03-07,244.64226262152832
2013-03-08,245.4553532468269
2013-03-11,247.30950833792025
2013-03-12,245.7539773386952
2013-03-13,246.606255532306
2013-03-14,248.103066310128
2013-03-15,248.76898525730107
2013-03-18,246.40018500069857
2013-03-19,245.09920164298268
2013-03-20,246.52823011192007
2013-03-21,243.8516741781078
2013-03-22,245.1306829702092
2013-03-25,244.417022533848
2013-03-26,245.96992868643136
2013-03-27,244.8360470709234
2013-03-28,245.4115123156988
2013-04-01,244.2330092708833
2013-04-02,245.77249904173703
2013-04-03,241.4897122402832
2013-04-04,243.6735602250111
2013-04-05,242.94987249160607
2013-04-08,245.46666566357595
2013-04-09,246.4371561161745
2013-04-10,249.3838480849183
2013-04-11,250.10638758377485
2013-04-12,249.04352006752777
2013-04-15,243.52008882612853
2013-04-16,247.445591266952
2013-04-17,242.717419820924
2013-04-18,240.21311910526737
2013-04-19,243.6099526643524
2013-04-22,243.8339403232968
2013-04-23,248.22522724987428
2013-04-24,249.9229569674725
2013-04-25,251.1814246320647
2013-04-26,250.10217905876723
2013-04-29,251.2054445411061
2013-04-30,251.9950819671313
2013-05-01,249.2691978725412
2013-05-02,251.30416528212032
2013-05-03,253.9111233595933
2013-05-06,256.537928548559
2013-05-07,257.9832840464381
2013-05-08,259.7669427615704
2013-05-09,257.74618392081817
2013-05-10,258.9471649216134
2013-05-13,259.8450007944127
2013-05-14,264.27856283279374
2013-05-15,266.7767704272739
2013-05-16,264.85705860829654
2013-05-17,268.46753563080404
2013-05-20,268.9637280373717
2013-05-21,269.6458335638075
2013-05-22,266.8101525531337
2013-05-23,265.0836636585921
2013-05-24,265.42225165371576
2013-05-28,268.1058222249269
2013-05-29,268.18357346514466
2013-05-30,271.0485022008877
2013-05-31,266.8017585049698
2013-06-03,267.19971131788526
2013-06-04,264.78608061852634
2013-06-05,260.3027780079408
2013-06-06,264.0326906260862
2013-06-07,268.46349935288094
2013-06-10,268.6676485349197
2013-06-11,263.9897854228131
2013-06-12,261.4667682202535
2013-06-13,266.17711155611755
2013-06-14,262.84942291768806
2013-06-17,265.3490988151641
2013-06-18,267.0012683072066
2013-06-19,263.2656666363337
2013-06-20,257.5933311606447
2013-06-21,257.9615685500059
2013-06-24,253.3066087984249
2013-06-25,258.0742593571545
2013-06-26,260.5480857522447
2013-06-27,263.85644043967903
2013-06-28,262.0621386254207
2013-07-01,263.33166916252287
2013-07-02,263.428311615259
2013-07-03,262.5268881977058
2013-07-05,267.1489078130091
2013-07-08,269.1774369463874
2013-07-09,271.42805121406764
2013-07-10,269.7340191270222
2013-07-11,272.20478790808926
2013-07-12,274.36956496654165
2013-07-15,275.4063913470835
2013-07-16,274.3197268889115
2013-07-17,275.57651052327503
2013-07-18,279.27366351582
2013-07-19,279.305507952049
2013-07-22,281.2247933368835
2013-07-23,280.5150038258704
2013-07-24,278.1451009310091
2013-07-25,278.39815374145826
2013-07-26,278.0729077648982
2013-07-29,275.9918220777429
2013-07-30,275.73570627950016
2013-07-31,275.8946457515557
2013-08-01,280.502483210786
2013-08-02,280.43100109694376
2013-08-05,279.7793887559682
2013-08-06,277.37921009270457
2013-08-07,275.1525662835995
2013-08-08,275.81202272190626
2013-08-09,275.0445177914398
2013-08-12,273.7766845539813
2013-08-13,274.94824374718337
2013-08-14,273.93672979393125
2013-08-15,269.9588665061472
2013-08-16,269.4915022878301
2013-08-19,265.900756986458
2013-08-20,268.2587632034516
2013-08-21,266.5730936095796
2013-08-22,269.55310958165086
2013-08-23,269.7763637174024
2013-08-26,268.2215082664332
2013-08-27,261.70685298121447
2013-08-28,262.0177905196647
2013-08-29,262.75571276193966
2013-08-30,261.49938898682
2013-09-03,263.70192734925445
2013-09-04,265.6990103634148
2013-09-05,266.28723813646855
2013-09-06,266.2039273112637
2013-09-09,269.2405772197412
2013-09-10,272.4266046578275
2013-09-11,272.793848315701
2013-09-12,270.8160871013013
2013-09-13,271.3268374284343
2013-09-16,274.3111701393132
2013-09-17,275.543936671033
2013-09-18,278.26663309709954
2013-09-19,276.94513030170225
2013-09-20,275.6494413023673
2013-09-23,271.6438954955983
2013-09-24,269.8899224070737
2013-09-25,271.3196836312337
2013-09-26,271.42636501863035
2013-09-27,270.35861262268867
2013-09-30,268.3705466634144
2013-10-01,270.30246743639583
2013-10-02,270.06959862234544
2013-10-03,267.90962269965866
2013-10-04,270.25874126877505
2013-10-07,267.0193155376145
2013-10-08,263.529084570965
2013-10-09,264.43441905069443
2013-10-10,272.1560915599383
2013-10-11,273.73464613964666
2013-10-14,274.95278506657024
2013-10-15,272.87361556459604
2013-10-16,278.7472765882824
2013-10-17,281.2257603354389
2013-10-18,281.91793603729616
2013-10-21,281.39216728196106
2013-10-22,281.8261294911294
2013-10-23,279.44279943898266
2013-10-24,279.76551902805954
2013-10-25,280.9383749171293
2013-10-28,280.3538581994715
2013-10-29,281.2481870249129
2013-10-30,279.98383030418887
2013-10-31,276.8158848973625
2013-11-01,277.53965947672606
2013-11-04,277.79384554448023
2013-11-05,276.5145338841172
2013-11-06,277.41523906889154
2013-11-07,274.24654922108084
2013-11-08,280.5071101860448
2013-11-11,280.7772107027386
2013-11-12,278.17249666398845
2013-11-13,280.457138271525
2013-11-14,282.8336997932577
2013-11-15,284.246841305719
2013-11-18,284.0841242443296
2013-11-19,284.5905403677737
2013-11-20,283.58277354543634
2013-11-21,287.6969841456958
2013-11-22,289.04924966715566
2013-11-25,289.30087223367127
2013-11-26,289.11151321269455
2013-11-27,290.0670077634846
2013-11-29,288.92452367800337
2013-12-02,288.31916385033577
2013-12-03,285.66703016686006
2013-12-04,286.31274472741023
2013-12-05,283.7090486264175
2013-12-06,287.67567604332874
2013-12-09,288.7424704618569
2013-12-10,287.8207867340594
2013-12-11,283.66281335422053
2013-12-12,283.63660972396855
2013-12-13,284.009562749324
2013-12-16,285.5688268722972
2013-12-17,283.8782128382766
2013-12-18,290.5410196239546
2013-12-19,290.10669175548173
2013-12-20,291.439847981863
2013-12-23,293.1512359592674
2013-12-24,293.6762833204426
2013-12-26,294.14898404238625
2013-12-27,293.91271526203707
2013-12-30,293.5357794715822
2013-12-31,294.71170774822315
2014-01-02,293.10034781965044
2014-01-03,294.98840849833005
2014-01-06,295.4160715563878
2014-01-07,295.5442494040943
2014-01-08,296.5344434408513
2014-01-09,297.51739577318176
2014-01-10,297.12394682054685
2014-01-13,292.7138007003234
2014-01-14,295.0060723874857
2014-01-15,298.5149353198943
2014-01-16,296.6746341041617
2014-01-17,295.6228514453913
2014-01-21,295.8567232006223
2014-01-22,296.16319748875867
2014-01-23,291.2047340166339
2014-01-24,284.5340086108989
2014-01-27,282.75402333656973
2014-01-28,286.3045896919652
2014-01-29,283.27290332974553
2014-01-30,287.00599414293583
2014-01-31,283.7253153882178
2014-02-03,276.69551023625684
2014-02-04,279.3251570763964
2014-02-05,278.9641534576838
2014-02-06,283.1017326023754
2014-02-07,286.6777772906487
2014-02-10,287.03211963989986
2014-02-11,289.8501027913635
2014-02-12,289.6894508837011
2014-02-13,290.782137963852
2014-02-14,291.2130150736883
2014-02-18,291.69000600302314
2014-02-19,287.91557093349775
2014-02-20,288.6263699740386
2014-02-21,288.7218765499661
2014-02-24,291.1339974701559
2014-02-25,289.33325881170384
2014-02-26,288.96248554780897
2014-02-27,290.5480487263644
2014-02-28,292.07276226683763
2014-03-03,289.51487236605954
2014-03-04,295.2843885299003
2014-03-05,297.3608347619483
2014-03-06,299.37885049123884
2014-03-07,300.86955644560084
2014-03-10,300.9904317726755
2014-03-11,298.78743908647647
2014-03-12,298.43185547507903
2014-03-13,294.973300364071
2014-03-14,293.3054973480139
2014-03-17,296.3578258184003
2014-03-18,297.7910686413769
2014-03-19,297.3497921516126
2014-03-20,302.25102944855666
2014-03-21,302.2946195451453
2014-03-24,301.6127420242724
2014-03-25,301.637253547985
2014-03-26,298.7909764533947
2014-03-27,297.0644242555672
2014-03-28,298.2340292714142
2014-03-31,301.061846051601
2014-04-01,302.21813091134004
2014-04-02,302.5835703042238
2014-04-03,302.24693383847153
2014-04-04,298.76343320050125
2014-04-07,294.319284305258
2014-04-08,294.694883606292
2014-04-09,297.22449029786327
2014-04-10,290.22052503195954
2014-04-11,286.83107321123083
2014-04-14,289.10449024345354
2014-04-15,291.6689624012727
2014-04-16,294.1829177589151
2014-04-17,294.4329839838149
2014-04-21,294.3222529695483
2014-04-22,296.3598026622567
2014-04-23,297.0692554449668
2014-04-24,296.8199184209029
2014-04-25,294.3154371693641
2014-04-28,292.68125989137553
2014-04-29,295.4494909169776
2014-04-30,296.1277925016215
2014-05-01,296.31759646937195
2014-05-02,296.3200733386469
2014-05-05,295.07310160474225
2014-05-06,290.9525256676508
2014-05-07,294.6650563011647
2014-05-08,295.38395422412987
2014-05-09,295.08124644133045
2014-05-12,298.1425167554936
2014-05-13,297.7878071944367
2014-05-14,295.4814981848344
2014-05-15,292.22142034933324
2014-05-16,292.5635406712607
2014-05-19,294.18920361041324
2014-05-20,292.2034118983318
2014-05-21,294.46645767333143
2014-05-22,295.55315610663735
2014-05-23,296.2749525151578
2014-05-27,299.17646109471264
2014-05-28,298.4428438192993
2014-05-29,299.13062068760325
2014-05-30,299.7774302180506
2014-06-02,300.5913923026674
2014-06-03,300.89248198374605
2014-06-04,301.85282115383524
2014-06-05,304.6495945053407
2014-06-06,306.7165580163013
2014-06-09,307.8172041714412
2014-06-10,307.68915165972163
2014-06-11,305.61494103856575
2014-06-12,303.8527839146249
2014-06-13,303.88125662948835
2014-06-16,302.5723625580453
2014-06-17,305.39813605429146
2014-06-18,307.38468104093306
2014-06-19,306.9100433025558
2014-06-20,307.8984918635425
2014-06-23,308.73360743737487
2014-06-24,306.55880265706475
2014-06-25,306.891688848626
2014-06-26,305.8654294257153
2014-06-27,306.58120167461163
2014-06-30,306.610616135116
2014-07-01,308.349333395435
2014-07-02,308.2680167798566
2014-07-03,310.63514545707017
2014-07-07,309.07380383526373
2014-07-08,306.4190220627017
2014-07-09,307.22110422583603
2014-07-10,305.305745788795
2014-07-11,305.6952944784095
2014-07-14,307.5532834379839
2014-07-15,309.5760468608672
2014-07-16,309.2235327192497
2014-07-17,305.3467542679929
2014-07-18,308.6257583587187
2014-07-21,307.90783470051286
2014-07-22,308.93690621683794
2014-07-23,309.507647350875
2014-07-24,310.29813138791786
2014-07-25,308.5522216024648
2014-07-28,308.69905508481105
2014-07-29,306.8099143888948
2014-07-30,308.1507147763007
2014-07-31,301.85245577614813
2014-08-01,299.2064229263613
2014-08-04,301.5989228455805
2014-08-05,298.6086104459281
2014-08-06,299.70361449398143
2014-08-07,298.1070421485004
2014-08-08,301.00969172401426
2014-08-11,301.46232814577434
2014-08-12,301.8615950427233
2014-08-13,303.47418831644205
2014-08-14,305.11881493352297
2014-08-15,303.8396281885388
2014-08-18,307.1137474551886
2014-08-19,307.5652370174143
2014-08-20,308.4816260443798
2014-08-21,311.9232810296048
2014-08-22,310.82566766468733
2014-08-25,313.3937481596127
2014-08-26,314.22407762956186
2014-08-27,313.71641057158735
2014-08-28,312.36991580172366
2014-08-29,313.9949036885953
2014-09-02,315.133134267187
2014-09-03,314.7357876065993
2014-09-04,314.80325068160647
2014-09-05,315.3658839666191
2014-09-08,315.340496275012
2014-09-09,312.1983256638278
2014-09-10,313.50976505739465
2014-09-11,314.4911610655737
2014-09-12,314.1047234113928
2014-09-15,314.1928284111709
2014-09-16,315.3187477926261
2014-09-17,316.7109428103358
2014-09-18,320.0421199007665
2014-09-19,318.8922864041808
2014-09-22,316.6886033891243
2014-09-23,314.51945753176574
2014-09-24,316.3809070529123
2014-09-25,311.1739765492359
2014-09-26,314.05681734803113
2014-09-29,312.8343221324229
2014-09-30,312.28903502685745
2014-10-01,308.6249700379131
2014-10-02,309.17143387580285
2014-10-03,313.6559575375108
2014-10-06,313.17906748247486
2014-10-07,307.4387072788558
2014-10-08,313.00514981814064
2014-10-09,306.56025557642033
2014-10-10,304.06311886515647
2014-10-13,301.38199079189445
2014-10-14,302.8227994598426
2014-10-15,296.78819219040867
2014-10-16,296.75612393388104
2014-10-17,300.6232948901644
2014-10-20,302.4417165286296
2014-10-21,308.10153124374057
2014-10-22,305.35523968022693
2014-10-23,308.3382502673834
2014-10-24,311.1265662836597
2014-10-27,311.56382578230057
2014-10-28,315.0914471810307
2014-10-29,315.6982596621861
2014-10-30,317.2581267107212
2014-10-31,321.19893336410524
2014-11-03,322.2084448339816
2014-11-04,322.5215476358736
2014-11-05,324.539104639312
2014-11-06,324.7761375899722
2014-11-07,324.9470495748534
2014-11-10,326.5703150392238
2014-11-11,325.826718543633
2014-11-12,325.01129886269933
2014-11-13,324.8461791367511
2014-11-14,323.70489431885954
2014-11-17,323.7665057315671
2014-11-18,324.561580873468
2014-11-19,323.9722597983349
2014-11-20,324.14945119771227
2014-11-21,325.89201733215845
2014-11-24,327.858262179756
2014-11-25,327.20184331663074
2014-11-26,327.8405435154609
2014-11-28,328.00023037364406
2014-12-01,325.6425110912011
2014-12-02,328.8225769231542
2014-12-03,330.19604846170324
2014-12-04,330.52920542245926
2014-12-05,333.7909420510596
2014-12-08,335.0685877507293
2014-12-09,334.247352793129
2014-12-10,329.7524012048069
2014-12-11,330.8405897523606
2014-12-12,324.0559755797439
2014-12-15,321.30809862200795
2014-12-16,318.0985719967713
2014-12-17,325.3396695553922
2014-12-18,333.2338286444632
2014-12-19,333.3208110054849
2014-12-22,335.3673425990381
2014-12-23,337.3171018781221
2014-12-24,336.65409760146144
2014-12-26,336.642967510736
2014-12-29,337.8398315309404
2014-12-30,337.4081612617969
2014-12-31,333.315084838366
2015-01-02,333.4119907123411
2015-01-05,326.42713751158897
2015-01-06,321.4345009084076
2015-01-07,324.98361366651216
2015-01-08,329.7718109844531
2015-01-09,325.3607935294238
2015-01-12,322.5991573553431
2015-01-13,321.5101116242179
2015-01-14,316.948176488594
2015-01-15,312.8985906028506
2015-01-16,316.6464692159248
2015-01-20,315.4341892413394
2015-01-21,316.04112632129005
2015-01-22,323.7816010351224
2015-01-23,320.50822058366555
2015-01-26,322.02614354310253
2015-01-27,318.50543619185083
2015-01-28,312.2535234206708
2015-01-29,315.12179626836377
2015-01-30,310.0067074713634
2015-02-02,315.0319725982224
2015-02-03,320.3545734617779
2015-02-04,319.3857241660231
2015-02-05,322.57553708938457
2015-02-06,324.92985007418696
2015-02-09,323.5943678687525
2015-02-10,325.923958528216
2015-02-11,325.7494766744107
2015-02-12,329.1724585127818
2015-02-13,328.8448319832594
2015-02-17,330.1417723351309
2015-02-18,327.9930500211884
2015-02-19,326.5425132197784
2015-02-20,329.18009587793927
2015-02-23,328.00617318259566
2015-02-24,329.66669295519733
2015-02-25,329.8411946544734
2015-02-26,328.86309041201537
2015-02-27,327.5158357416521
2015-03-02,330.19102424462955
2015-03-03,329.3454308186691
2015-03-04,326.8382153117513
2015-03-05,328.20770355047387
2015-03-06,325.7311008075487
2015-03-09,327.1864846588664
2015-03-10,320.2586611024656
2015-03-11,322.26803270241004
2015-03-12,329.3063943749424
2015-03-13,327.04622617660164
2015-03-16,330.8954822575975
2015-03-17,330.21148986684886
2015-03-18,331.9659309231498
2015-03-19,328.7288117922513
2015-03-20,332.9260284379812
2015-03-23,331.4709105505523
2015-03-24,328.6138155632254
2015-03-25,323.71252049221744
2015-03-26,323.20593207962673
2015-03-27,322.80913411902327
2015-03-30,327.20424688051423
2015-03-31,324.9510360473595
2015-04-01,324.3612793719132
2015-04-02,326.2444060947693
2015-04-06,326.54034842884533
2015-04-07,325.11475868007824
2015-04-08,326.2241391622036
2015-04-09,326.6484462665932
2015-04-10,326.65253522314043
2015-04-13,327.5647888696519
2015-04-14,327.66746839094844
2015-04-15,329.09952559804793
2015-04-16,329.4529198044759
2015-04-17,325.04386979867496
2015-04-20,326.6531671318442
2015-04-21,324.8733166241486
2015-04-22,327.15153518717693
2015-04-23,327.49711311546014
2015-04-24,326.66249156683625
2015-04-27,325.6359956818468
2015-04-28,327.57847872801807
2015-04-29,327.63319698444127
2015-04-30,325.2027986415042
2015-05-01,327.79321083030845
2015-05-04,330.9936514349717
2015-05-05,328.2281443121245
2015-05-06,326.27540682896057
2015-05-07,328.43520501847587
2015-05-08,333.0113940117147
2015-05-11,331.85955284471765
2015-05-12,330.6412522264629
2015-05-13,330.7468624239084
2015-05-14,333.7021162230195
2015-05-15,332.25400101387686
2015-05-18,334.1145286397536
2015-05-19,336.2630250417366
2015-05-20,335.04188719551405
2015-05-21,334.2512610382119
2015-05-22,333.96055680189994
2015-05-26,330.9625631646901
2015-05-27,333.98848750981574
2015-05-28,333.6521614805182
2015-05-29,330.5333945091474
2015-06-01,331.15514235567645
2015-06-02,331.687973833682
2015-06-03,333.8700207234271
2015-06-04,331.2214336955715
2015-06-05,333.07781296545863
2015-06-08,331.03071900483724
2015-06-09,332.0538145528503
2015-06-10,336.8116167117855
2015-06-11,337.7076800504112
2015-06-12,336.39194747706733
2015-06-15,334.94657780194456
2015-06-16,336.7182544551123
2015-06-17,336.2849100531824
2015-06-18,339.3629523084098
2015-06-19,336.0756622678009
2015-06-22,338.7319868916086
2015-06-23,339.7258183004568
2015-06-24,336.7349462624666
2015-06-25,334.42982774947814
2015-06-26,335.77489172698233
2015-06-29,327.5771835295768
2015-06-30,328.9429552639127
2015-07-01,333.1343781994029
2015-07-02,331.920571771897
2015-07-06,330.7671861888052
2015-07-07,331.2036470228599
2015-07-08,325.3779634154715
2015-07-09,327.87521770445704
2015-07-10,331.8512518370114
2015-07-13,335.4624882567133
2015-07-14,336.7770682587153
2015-07-15,339.25998716642465
2015-07-16,342.5987043432432
2015-07-17,341.8366185275806
2015-07-20,342.3890844993383
2015-07-21,342.01581570335776
2015-07-22,344.41624690112883
2015-07-23,341.633111836197
2015-07-24,338.38538274718394
2015-07-27,335.8966267009063
2015-07-28,337.5525583839422
2015-07-29,340.20827533465075
2015-07-30,340.43442047380427
2015-07-31,338.8361484004615
2015-08-03,338.9777202293282
2015-08-04,338.53316897481545
2015-08-05,339.35533691138573
2015-08-06,338.2686128808534
2015-08-07,338.40761186595904
2015-08-10,342.0411844198975
2015-08-11,338.7794676508523
2015-08-12,336.04795877844145
2015-08-13,337.0847265813438
2015-08-14,339.4146361290581
2015-08-17,340.0682966584949
2015-08-18,339.7596208177795
2015-08-19,336.82685746108695
2015-08-20,329.64501709133896
2015-08-21,319.3712406831179
2015-08-24,304.2799647024283
2015-08-25,299.26460797314775
2015-08-26,310.74196850765145
2015-08-27,318.9105542789449
2015-08-28,317.7044328192139
2015-08-31,315.3128519144902
2015-09-01,304.2973057809143
2015-09-02,308.73811364535953
2015-09-03,310.165933133902
2015-09-04,304.1824208497948
2015-09-08,312.0265528336434
2015-09-09,307.7573389721217
2015-09-10,309.1665970011453
2015-09-11,310.2656778133668
2015-09-14,309.36349103845424
2015-09-15,313.92412957335097
2015-09-16,315.9238670409588
2015-09-17,311.7720984040712
2015-09-18,305.786667785375
2015-09-21,309.0487875936152
2015-09-22,304.9377027190644
2015-09-23,305.1899849543264
2015-09-24,302.99846039913274
2015-09-25,307.40096815520855
2015-09-28,300.14379917417307
2015-09-29,301.2890168805306
2015-09-30,305.3279203236692
2015-10-01,305.74970574147574
2015-10-02,305.5702624658
2015-10-05,312.1587931039506
2015-10-06,310.741580779423
2015-10-07,313.20359167695136
2015-10-08,314.8074163652335
2015-10-09,313.0289116871981
2015-10-12,313.51250182781126
2015-10-13,311.4658909554014
2015-10-14,308.4924540260657
2015-10-15,315.61639159004005
2015-10-16,316.9915647980295
2015-10-19,316.90179128644144
2015-10-20,318.5697232408244
2015-10-21,316.112238645066
2015-10-22,321.67311229018475
2015-10-23,324.95469337666265
2015-10-26,323.88598731978
2015-10-27,321.943880207023
2015-10-28,329.70160512232314
2015-10-29,328.40622797511134
2015-10-30,323.9721271515973
2015-11-02,329.21459881907344
2015-11-03,329.05054414202874
2015-11-04,327.81094043441584
2015-11-05,329.1922244007177
2015-11-06,332.6487502593639
2015-11-09,328.7282958638748
2015-11-10,330.15442199230586
2015-11-11,329.4602672109009
2015-11-12,324.2111123826493
2015-11-13,321.4295279598596
2015-11-16,325.4477165732948
2015-11-17,324.6976662471403
2015-11-18,330.6381267561446
2015-11-19,331.0757195667447
2015-11-20,331.51066981018187
2015-11-23,330.23073178572696
2015-11-24,329.2212409418207
2015-11-25,329.3414458472966
2015-11-27,330.36902689653016
2015-11-30,329.4777091188426
2015-12-01,333.66184597860257
2015-12-02,329.5283235637454
2015-12-03,324.2402501362011
2015-12-04,332.8621253508949
2015-12-07,329.9109234198792
2015-12-08,325.57029625694025
2015-12-09,321.8174965651553
2015-12-10,321.9900697425307
2015-12-11,314.9942351358828
2015-12-14,315.48613474085386
2015-12-15,322.9857530892296
2015-12-16,328.2599263951467
2015-12-17,323.0748545588867
2015-12-18,314.9621385781103
2015-12-21,317.8373884876136
2015-12-22,320.642352526549
2015-12-23,324.77084348545907
2015-12-24,324.5002543190517
2015-12-28,323.84711565371776
2015-12-29,327.2508477600794
2015-12-30,324.6753066099601
2015-12-31,321.7279308739237
2016-01-01,13.824279510177517
2016-01-04,13.552096566079
2016-01-05,13.573677732048372
2016-01-06,13.355413044810014
2016-01-07,13.036643651086662
2016-01-08,12.86526951699554
2016-01-11,12.718878627055943
2016-01-12,13.088098932668268
2016-01-13,12.77969291512724
2016-01-14,12.844405105989113
2016-01-15,12.455784858528142
2016-01-18,12.450609755082857
2016-01-19,12.3411758164636
2016-01-20,12.053249226424734
2016-01-21,12.124205277074028
2016-01-22,12.340596351760192
2016-01-25,12.048469961593373
2016-01-26,12.309936806788654
2016-01-27,12.439781378499292
2016-01-28,12.451703407036833
2016-01-29,12.82303894124568
2016-02-01,12.743827480547422
2016-02-02,12.345004192090586
2016-02-03,12.295915182909654
2016-02-04,12.445566908301036
2016-02-05,12.290540218769795
2016-02-08,11.903441756058166
2016-02-09,11.91436172070792
2016-02-10,11.875126294765098
2016-02-11,11.44243421888866
2016-02-12,11.828676741840637
2016-02-15,11.916715633367373
2016-02-16,12.16089647718144
2016-02-17,12.239097769470073
2016-02-18,12.10926626771464
2016-02-19,12.104721787913295
2016-02-22,12.354790783119633
2016-02-23,12.113396010623893
2016-02-24,12.164995729122182
2016-02-25,12.390459709660671
2016-02-26,12.520569975569462
2016-02-29,12.39880843788559
2016-03-01,12.925757315119917
2016-03-02,13.06939517799242
2016-03-03,13.1005642232082
2016-03-04,13.157216670784932
2016-03-07,13.14677163036552
2016-03-08,12.888130625365696
2016-03-09,12.97048492212919
2016-03-10,13.020119711626512
2016-03-11,13.39969702440438
2016-03-14,12.548078494838748
2016-03-15,13.308054646062631
2016-03-16,13.2433215901787
2016-03-17,13.39192416465431
2016-03-18,13.62786482182042
2016-03-21,13.653700347490496
2016-03-22,13.60288990825072
2016-03-23,13.463326502561776
2016-03-24,13.38347622529828
2016-03-25,13.40236806535396
2016-03-28,13.434758765272996
2016-03-29,13.400540847755169
2016-03-30,13.540323658578655
2016-03-31,13.570551433291463
2016-04-01,13.673982780683469
2016-04-04,13.63090457002042
2016-04-05,13.422505021229023
2016-04-06,13.572372356132211
2016-04-07,13.254963177654538
2016-04-08,13.317863868606173
2016-04-11,13.445251129465705
2016-04-12,13.66286866203292
2016-04-13,13.96226639537966
2016-04-14,13.923524005849796
2016-04-15,13.746161837352403
2016-04-18,13.002271368134831
2016-04-19,13.93249856194491
2016-04-20,14.158143948273946
2016-04-21,13.993455609207656
2016-04-22,14.06259929880364
2016-04-25,14.013338604535129
2016-04-26,14.0582653440161
2016-05-06,13.630521623750504
2016-05-11,13.669997403101268
2016-05-12,13.690717655372918
2016-05-13,13.483479273402091
2016-05-16,13.61269317473439
2016-05-17,13.511586022236704
2016-05-18,13.884703382368189
2016-05-19,13.78116106062125
2016-05-20,13.764330137096838
2016-05-23,13.761713768988264
2016-05-24,13.980227501052312
2016-05-25,14.17411230494426
2016-05-26,14.064564949073866
2016-05-27,14.139184782769451
2016-05-30,14.161568623378118
2016-05-31,14.11426306107789
2016-06-01,14.159316382470063
2016-06-02,14.174790118160814
2016-06-03,13.91532519391661
2016-06-06,14.025834138907658
2016-06-07,13.96328802548808
2016-06-08,14.00682187738438
2016-06-09,13.877112134316082
2016-06-10,13.699146916791088
2016-06-13,13.59244937560721
2016-06-14,13.340283772663287
2016-06-15,13.394826084950047
2016-06-16,13.428320975239323
2016-06-17,13.497594852209373
2016-06-20,13.644937244011333
2016-06-21,13.714645009889727
2016-06-22,13.659288011231904
2016-06-23,14.001282386207434
2016-06-24,13.108780445627437
2016-06-27,12.586340289498493
2016-06-28,12.93615202847213
2016-06-29,13.536300843727298
2016-06-30,13.761169755340918
2016-07-01,13.639649484878383
2016-07-04,13.632688987447
2016-07-05,13.358489293051427
2016-07-06,13.461429372255768
2016-07-07,13.65243403424584
2016-07-08,13.909176467168924
2016-07-11,14.020324522075528
2016-07-12,14.259257558772775
2016-07-13,14.21708714776371
2016-07-14,14.31417718173246
2016-07-15,14.257427547638615
2016-07-18,14.242471083883126
2016-07-19,14.238109509017042
2016-07-20,14.248739309105186
2016-07-21,14.189021694833668
2016-07-22,14.2466040962846
2016-07-25,14.218939682557863
2016-07-26,14.221088915890304
2016-07-27,14.222115082912778
2016-07-28,14.186352137019805
2016-07-29,14.12822626568488
2016-08-01,14.085822679856976
2016-08-02,13.941163009686283
2016-08-03,14.151213079423224
2016-08-04,14.079379499514276
2016-08-05,14.291337806715749
2016-08-08,14.416331562314715
2016-08-09,14.434658246134502
2016-08-10,14.201469765405449
2016-08-11,14.27968755746772
2016-08-12,14.266599491748934
2016-08-15,14.344333985689865
2016-08-16,14.339045148940995
2016-08-17,14.339980679223077
2016-08-18,14.350580487634373
2016-08-19,14.342219005658148
2016-08-22,14.337223102299475
2016-08-23,14.3620854367575
2016-08-24,14.35664931819644
2016-08-25,14.37613781028512
2016-08-26,14.420855242310886
2016-08-29,14.55801397769867
2016-08-30,14.721140494020274
2016-08-31,14.697237601767783
2016-09-01,14.623612631221429
2016-09-02,14.702176802869412
2016-09-05,14.759118302265396
2016-09-06,14.693638644935952
2016-09-07,14.718337179030776
2016-09-08,14.74472609512967
2016-09-09,12.69584358416033
2016-09-12,12.814251002304784
2016-09-13,12.569500115509117
2016-09-14,12.510016287247396
2016-09-15,12.478441708669289
2016-09-16,12.347087507826272
2016-09-19,12.41108165733332
2016-09-20,12.447402108112945
2016-09-21,12.505757346203463
2016-09-22,12.55354554257068
2016-09-23,12.478420493944462
2016-09-26,12.268379908298892
2016-09-27,12.387965710010628
2016-09-28,12.451165833437637
2016-09-29,12.247112803137403
2016-09-30,12.44253336181269
2016-10-03,12.3973362489616
2016-10-04,12.411609027158455
2016-10-05,12.612728429974732
2016-10-06,12.584551128797376
2016-10-07,12.613727794697114
2016-10-10,12.67606584723165
2016-10-11,12.555053338173888
2016-10-12,12.546460895700196
2016-10-13,12.418056554029592
2016-10-14,12.394439672255062
2016-10-17,12.267018448476955
2016-10-18,12.33441017386122
2016-10-19,12.391448729808888
2016-10-20,12.38967992371812
2016-10-21,12.376579244289069
2016-10-24,12.427411536832992
2016-10-25,12.383240022084406
2016-10-26,12.444630309655404
2016-10-27,12.451405775828972
2016-10-28,12.390022688161924
2016-10-31,12.367637716186334
2016-11-01,12.329050727139316
2016-11-02,12.184379025418728
2016-11-03,12.19724259456998
2016-11-04,12.11072008319811
2016-11-07,12.43009959286262
2016-11-08,12.442889584340024
2016-11-09,12.996650750660985
2016-11-10,13.484715370260586
2016-11-11,13.51339081682167
2016-11-14,13.842778730314125
2016-11-15,13.826467332680872
2016-11-16,13.61829422936008
2016-11-17,13.798893701329666
2016-11-18,13.79751412205338
2016-11-21,13.819384087943002
2016-11-22,13.839759995233772
2016-11-23,13.86506434564044
2016-11-25,13.94875349766717
2016-11-29,13.723194082839974
2016-11-30,13.932725284024542
2016-12-01,14.155416532645468
2016-12-02,14.015319147112994
2016-12-05,14.18346277562974
2016-12-06,14.315601240780076
2016-12-07,14.545189691934432
2016-12-08,14.691875636819749
2016-12-09,14.69657070246156
2016-12-12,14.525377766111763
2016-12-13,14.560621317187255
2016-12-14,14.476975049592289
2016-12-15,14.608541263257674
2016-12-16,14.46847451634367
2016-12-19,14.507675667866016
2016-12-20,14.673728619005797
2016-12-21,14.635743524178034
2016-12-22,14.58682726375572
2016-12-23,14.617913688467716
2016-12-26,14.61071372614291
2016-12-27,14.628072374022636
2016-12-28,14.467359537608528
2016-12-29,14.361625754384969
2016-12-30,14.40191251289992
2017-01-02,14.39899836602557
2017-01-03,14.54698421297408
2017-01-04,14.658947121307571
2017-01-05,14.479376454150453
2017-01-06,14.533458997993304
2017-01-09,14.398364625999276
2017-01-10,14.498984571360968
2017-01-11,14.554015979834812
2017-01-12,14.4252848207572
2017-01-13,14.279914646097422
2017-01-16,14.269381867516586
2017-01-17,13.8925178816091
2017-01-18,13.924295515560468
2017-01-19,13.846550246402176
2017-01-20,13.918537312672829
2017-01-23,13.851980994535268
2017-01-24,14.037355297031835
2017-01-25,14.232040930085258
2017-01-26,14.293951509457552
2017-01-27,14.233545670690669
2017-01-30,14.137013077576563
2017-01-31,14.04161988699378
2017-02-01,14.063421661737276
2017-02-02,13.969994725887748
2017-02-03,14.282620531648218
2017-02-06,14.211886628536346
2017-02-07,14.166717094725705
2017-02-08,14.061125184365933
2017-02-09,14.297431984127812
2017-02-10,14.327641242417291
2017-02-13,14.490306534168196
2017-02-14,14.679073016340178
2017-02-15,14.636423328670306
2017-02-16,14.642183362947629
2017-02-17,14.627001917227467
2017-02-20,14.634379247507942
2017-02-21,14.713264925497953
2017-02-22,14.718524251353132
2017-02-23,14.72792026928122
2017-02-24,14.598990291269926
2017-02-27,14.705388138094074
2017-02-28,14.691440326156751
2017-03-01,15.137112377057722
2017-03-02,14.910268348350089
2017-03-03,14.995554107124748
2017-03-06,14.883680652231766
2017-03-07,14.84939452829503
2017-03-08,14.85479418291433
2017-03-09,14.89273952417754
2017-03-10,14.884531365299404
2017-03-13,14.887178659436502
2017-03-14,14.875870530840045
2017-03-15,14.845432943848268
2017-03-16,14.899625611607238
2017-03-17,14.721776938730246
2017-03-20,14.611529778416264
2017-03-21,14.176376574121232
2017-03-22,14.159576108532551
2017-03-23,14.193242196324537
2017-03-24,14.175189505441194
2017-03-27,14.101605788922203
2017-03-28,14.306604725744196
2017-03-29,14.223247149765609
2017-03-30,14.397609833581
2017-03-31,14.27064384305053
2017-04-03,14.191220262563462
2017-04-04,14.148551299506243
2017-04-05,14.048484142114916
2017-04-06,14.123048859582768
2017-04-07,14.066178948057656
2017-04-10,14.036203704912651
2017-04-11,13.994002963523943
2017-04-12,13.85977316486998
2017-04-13,13.51774022787933
2017-04-14,13.527709146993166
2017-04-17,13.759711134215664
2017-04-18,13.515265216983098
2017-04-19,13.441513773756675
2017-04-20,13.64961554424784
2017-04-21,13.513122198171295
2017-04-24,13.8312363216168
2017-04-25,13.898975336114548
2017-04-26,13.892544695327272
2017-04-27,13.803485876973248
2017-04-28,13.667722578409322
2017-05-01,13.752496011059808
2017-05-02,13.729099134033708
2017-05-03,13.761058138288483
2017-05-04,13.79012554457772
2017-05-05,13.749602377438816
2017-05-08,13.760747767039666
2017-05-09,13.696599162202796
2017-05-10,13.736601903918444
2017-05-11,13.664918616088892
2017-05-12,13.613145872318016
2017-05-15,13.723847402854576
2017-05-16,13.74470498465004
2017-05-17,13.32542556762147
2017-05-18,13.362685267651791
2017-05-19,13.489410277446224
2017-05-22,13.514179733366564
2017-05-23,13.622353528130263
2017-05-24,13.618219963469109
2017-05-25,13.64709109099107
2017-05-26,13.641214605078652
2017-05-29,13.624730777558623
2017-05-30,13.534122499475275
2017-05-31,13.429551317055468
2017-06-01,13.603167963233956
2017-06-02,13.561304411085974
2017-06-05,13.57662814995846
2017-06-06,13.49580683996197
2017-06-07,13.643907301763008
2017-06-08,13.796815667264084
2017-06-09,14.08306195534561
2017-06-12,14.11000175551305
2017-06-13,14.17363321060562
2017-06-14,14.19979154078658
2017-06-15,14.153208609827905
2017-06-16,14.1378468135267
2017-06-19,14.279734782309127
2017-06-20,14.168697161316762
2017-06-21,14.059987330420478
2017-06-22,13.970873549097725
2017-06-23,13.90852539886064
2017-06-26,13.98017544231721
2017-06-27,14.056011254112924
2017-06-28,14.281379480168392
2017-06-29,14.387163483735357
2017-06-30,14.385254134940576
2017-07-03,14.590808426454412
2017-07-04,14.58525423011945
2017-07-05,14.626939068690502
2017-07-06,14.540587422554667
2017-07-07,14.614556627140276
2017-07-10,14.600513743672138
2017-07-11,14.49870768892801
2017-07-12,14.514716977258017
2017-07-13,14.605237004363769
2017-07-14,14.383118773541998
2017-07-17,14.3579557583995
2017-07-18,14.196986956162498
2017-07-19,14.178950887168922
2017-07-20,14.150525298148892
2017-07-21,14.124084497170236
2017-07-24,14.16851719181507
2017-07-25,14.339057821677104
2017-07-26,14.224471686422168
2017-07-27,14.136291193650363
2017-07-28,14.132503438800647
2017-07-31,14.219353318187242
2017-08-01,14.319671279239934
2017-08-02,14.286989389505928
2017-08-03,14.21779238640517
2017-08-04,14.315773908578947
2017-08-07,14.28985126856753
2017-08-08,14.271327608625851
2017-08-09,14.27380284553576
2017-08-10,13.986526414121077
2017-08-11,13.911435486069628
2017-08-14,14.104832539210776
2017-08-15,14.136752483601834
2017-08-16,14.106815750768018
2017-08-17,13.863022420390074
2017-08-18,13.8480416306955
2017-08-21,13.81547922501312
2017-08-22,13.958784320444584
2017-08-23,13.929580672319815
2017-08-24,13.918582370563904
2017-08-25,13.950468931767386
2017-08-28,13.88204861635352
2017-08-29,13.818204036548751
2017-08-30,13.876951360937992
2017-08-31,13.878922368814331
2017-09-01,13.946708026126954
2017-09-04,13.98849410331566
2017-09-05,13.637655204503677
2017-09-06,13.675922366916158
2017-09-07,13.459162199187134
2017-09-08,13.570302713571122
2017-09-11,13.818708515918576
2017-09-12,14.005431453136593
2017-09-13,14.039657293643934
2017-09-14,14.006995741468026
2017-09-15,14.08202192252133
2017-09-18,14.25312517296618
2017-09-19,14.378472960430946
2017-09-20,14.467655469814067
2017-09-21,14.502125962422372
2017-09-22,14.499864005189345
2017-09-25,14.479457895929228
2017-09-26,14.472780785033525
2017-09-27,14.682921637410711
2017-09-28,14.753924411413015
2017-09-29,14.807559907854197
2017-10-02,14.99014534286377
2017-10-03,15.090155028181735
2017-10-04,15.040818272428268
2017-10-05,15.195686112576013
2017-10-06,15.197600040781548
2017-10-09,15.26119284989026
2017-10-10,15.402891947548774
2017-10-11,15.379484634907865
2017-10-12,15.141664119077324
2017-10-13,15.006504905555984
2017-10-16,15.159528821583594
2017-10-17,15.01718201121482
2017-10-18,15.073308722580826
2017-10-19,15.049868733940816
2017-10-20,15.214594016592754
2017-10-23,15.176369623074928
2017-10-24,15.272280749046718
2017-10-25,15.18499191669319
2017-10-26,15.136381114114425
2017-10-27,15.125437897581849
2017-10-30,14.98187157461092
2017-10-31,14.938464555897534
2017-11-01,14.919276645528678
2017-11-02,14.886237024274608
2017-11-03,14.72049015892642
2017-11-06,14.76838165498575
2017-11-07,14.57680673663788
2017-11-08,14.487507876084424
2017-11-09,14.444585123203314
2017-11-10,14.408020689155832
2017-11-13,14.433392314046284
2017-11-14,14.422880936643988
2017-11-15,14.451680234484146
2017-11-16,14.473140009462954
2017-11-17,14.458767923157335
2017-11-20,14.534316003406037
2017-11-21,14.579903911169303
2017-11-22,14.525621193172215
2017-11-24,14.502688501511615
2017-11-27,14.49716813397202
2017-11-28,14.86975734528836
2017-11-29,15.129582254081914
2017-11-30,15.21616616051698
2017-12-01,15.239339090815683
2017-12-04,15.487111551652305
2017-12-05,15.404867088633992
2017-12-06,15.3579459795412
2017-12-07,15.40508565544804
2017-12-08,15.500178196915911
2017-12-11,15.469259047970564
2017-12-12,15.61994109693028
2017-12-13,15.422381442500006
2017-12-14,15.328035137030676
2017-12-15,15.484613444792087
2017-12-18,15.63867848305135
2017-12-19,15.56394259880138
2017-12-20,15.468280270791173
2017-12-21,15.549627666672809
2017-12-22,15.490280623136837
2017-12-25,15.411840769170754
2017-12-26,15.437299453393566
2017-12-27,15.439821932784072
2017-12-28,15.48915553441364
2017-12-29,15.377894859616111
2018-01-01,15.377891735038355
2018-01-02,15.33515777591938
2018-01-03,15.32383670737504
2018-01-04,15.346512946101836
2018-01-05,15.298580993106448
2018-01-08,15.047278573542297
2018-01-09,14.993273837147695
2018-01-10,15.065842552520278
2018-01-11,14.959792412552654
2018-01-12,14.943663266671257
2018-01-15,14.943648118134297
2018-01-16,14.775121401072305
2018-01-17,14.654760535645998
2018-01-18,14.583675724718743
2018-01-19,14.673899094073594
2018-01-22,14.78135649194192
2018-01-23,14.71929390925357
2018-01-24,14.781918639930304
2018-01-25,14.707756838549123
2018-01-26,14.815695894839063
2018-01-29,14.747654719224096
2018-01-30,14.568065168690527
2018-01-31,14.553984644366146
2018-02-01,14.60030816239309
2018-02-02,14.272321639702692
2018-02-05,13.566805420407023
2018-02-06,13.7513510939067
2018-02-07,13.76278349096644
2018-02-08,13.066669012895796
2018-02-09,13.295145006469838
2018-02-12,13.477487497237531
2018-02-13,13.578382911087443
2018-02-14,13.84510668819792
2018-02-15,13.943807612036968
2018-02-16,13.92717515906558
2018-02-19,13.92715343767352
2018-02-20,13.89479296824386
2018-02-21,13.882460976670297
2018-02-22,13.777939548142324
2018-02-23,13.988223667534577
2018-02-26,14.168058176351856
2018-02-27,14.036318431511278
2018-02-28,13.845108769535289
2018-03-01,13.581426052396807
2018-03-02,13.620330457528176
2018-03-05,13.791096476018362
2018-03-06,13.84211666318704
2018-03-07,13.817021440631452
2018-03-08,13.855062497133224
2018-03-09,14.202785533490909
2018-03-12,14.146224359381726
2018-03-13,13.98795198006101
2018-03-14,13.816343752661302
2018-03-15,13.82304227200848
2018-03-16,13.845494558200087
2018-03-19,13.758661122173992
2018-03-20,13.790358427587469
2018-03-21,13.783663272146208
2018-03-22,13.262598547851514
2018-03-23,12.86131886907283
2018-03-26,13.28054420186922
2018-03-27,13.017766241731945
2018-03-28,13.034778121047202
2018-03-29,13.212488083415394
2018-03-30,13.202514936083007
2018-04-02,12.922855861299764
2018-04-03,13.10327505369896
2018-04-04,13.283997082076262
2018-04-05,13.380405223403775
2018-04-06,13.05164416946146
2018-04-09,13.110631427838303
2018-04-10,13.31797327691496
2018-04-11,13.149336392755815
2018-04-12,13.351134502868286
2018-04-13,13.05929188404168
2018-04-16,13.065988539483822
2018-04-17,13.02851364808852
2018-04-18,12.946968850702056
2018-04-19,13.123491273219456
2018-04-20,13.119808546462036
2018-04-23,13.099741793354273
2018-04-24,12.994686795163258
2018-04-25,12.9741671712733
2018-04-26,12.96825767903744
2018-04-27,12.97944322245746
2018-04-30,12.854273758502034
2018-05-01,12.860499802272626
2018-05-02,12.686133317987377
2018-05-03,12.587522551903968
2018-05-04,12.733190571273234
2018-05-07,12.811651756864377
2018-05-08,12.903094745188396
2018-05-09,13.09774365218292
2018-05-10,13.199067968952493
2018-05-11,13.184833609081153
2018-05-14,13.172923480685894
2018-05-15,13.15073038054166
2018-05-16,13.169867480653064
2018-05-17,13.157100554938204
2018-05-18,13.036924571317938
2018-05-21,13.134788023456451
2018-05-22,13.210792317271965
2018-05-23,13.128611081572656
2018-05-24,13.03498461343848
2018-05-25,12.980842744310156
2018-05-28,12.997791462772128
2018-05-29,12.544193546996832
2018-05-30,12.788123881550208
2018-05-31,12.669150119223884
2018-06-01,12.81183292203576
2018-06-04,12.848222304448637
2018-06-05,12.803472800572898
2018-06-06,13.042348350455098
2018-06-07,13.073555085554975
2018-06-08,13.10931831371472
2018-06-11,13.074351095208163
2018-06-12,13.03388654654218
2018-06-13,12.989598962841434
2018-06-14,12.867553551019125
2018-06-15,12.861949769130357
2018-06-18,12.860154211303422
2018-06-19,12.815689354543023
2018-06-20,12.775803466322964
2018-06-21,12.75321209841169
2018-06-22,12.688322108157466
2018-06-25,12.551113596857968
2018-06-26,12.507009866512831
2018-06-27,12.350655217262828
2018-06-28,12.460882437700777
2018-06-29,12.447736547208484
2018-07-02,12.524749063711532
2018-07-03,12.399566659274244
2018-07-05,12.42778698092654
2018-07-06,12.494083346450168
2018-07-09,12.804497318342076
2018-07-10,12.760467263051382
2018-07-11,12.694974285724012
2018-07-12,12.717274986423911
2018-07-13,12.524338467153566
2018-07-16,12.641349882273612
2018-07-17,12.630270728195768
2018-07-18,12.789369594739505
2018-07-19,12.60592698152878
2018-07-20,12.625273920313257
2018-07-23,12.787319813347272
2018-07-24,12.82737227124876
2018-07-25,12.8486925382008
2018-07-26,12.79946305525654
2018-07-30,12.828185670678751
2018-08-01,12.719461987573874
2018-08-02,12.70571161096944
2018-08-03,12.778909404603963
2018-08-06,12.768206447975516
2018-08-07,12.828294242631197
2018-08-08,12.860597310098555
2018-08-09,12.79004544877278
2018-08-10,12.64028136486231
2018-08-13,12.49856943300104
2018-08-14,12.600782677952353
2018-08-15,12.511804981761092
2018-08-16,12.662799217629257
2018-08-17,12.687922553567171
2018-08-20,12.733691441852638
2018-08-21,12.781376717002294
2018-08-22,12.742095517182651
2018-08-23,12.67799405832847
2018-08-24,12.71530047802449
2018-08-27,12.888289048538242
2018-08-28,12.87586545214436
2018-08-29,12.872874568456083
2018-08-30,12.776489109423778
2018-08-31,12.762370192306884
2018-09-04,12.828355751379762
2018-09-05,12.831899153661862
2018-09-06,12.753295622786084
2018-09-07,12.738735702710995
2018-09-10,12.73208225624724
2018-09-11,12.746185322963653
2018-09-12,12.637047675110027
2018-09-13,12.623390266234198
2018-09-14,12.705181107998095
2018-09-17,12.656795553480244
2018-09-18,12.709498945003377
2018-09-19,12.929208435902623
2018-09-20,13.036608872921102
2018-09-21,12.987710122733883
2018-09-24,12.879309189251178
2018-09-25,12.829943105167336
2018-09-26,12.664518648887148
2018-09-27,12.632910055349695
2018-09-28,12.497547593463269
2018-10-01,12.551386745713364
2018-10-02,12.55893153518835
2018-10-03,12.658489155518268
2018-10-04,12.752843246027794
2018-10-05,12.704962076357033
2018-10-08,12.77783673380818
2018-10-09,12.744335863237367
2018-10-10,12.35663917813062
2018-10-11,11.99973730936959
2018-10-12,11.923735180153567
2018-10-15,11.776465612506476
2018-10-16,11.934025265478104
2018-10-17,12.02266191209464
2018-10-18,11.82320478890148
2018-10-19,11.873685381941124
2018-10-22,11.64182805686485
2018-10-23,11.534450668683585
2018-10-24,11.209476601788229
2018-10-25,11.379885556514871
2018-10-26,11.223271556014256
2018-10-29,11.318249605232394
2018-10-30,11.500321272150666
2018-10-31,11.61569272148479
2018-11-01,11.669656056703278
2018-11-02,11.657059001292666
2018-11-05,11.803215540341744
2018-11-06,11.866303771172523
2018-11-07,12.026465538536211
2018-11-08,12.067068114420506
2018-11-09,11.943923857016332
2018-11-12,11.701497566817496
2018-11-13,11.770068599068058
2018-11-14,11.60495815358637
2018-11-15,11.775059078389749
2018-11-16,11.784650165698896
2018-11-19,11.775439312938044
2018-11-20,11.525053534782922
2018-11-21,11.54310309070034
2018-11-23,11.426935780011746
2018-11-26,11.67106293842635
2018-11-27,11.682766243354202
2018-11-28,11.897846963672988
2018-11-29,11.801607166302569
2018-11-30,11.883412003796192
2018-12-03,11.949170903368268
2018-12-04,11.396633011268417
2018-12-06,11.299142436220238
2018-12-07,11.110540517732828
2018-12-10,10.956077571994394
2018-12-11,10.855243840624553
2018-12-12,10.904695464426764
2018-12-13,10.853019710940874
2018-12-14,10.747405718785712
2018-12-17,10.65005282963704
2018-12-18,10.601622341522496
2018-12-19,10.482449550655623
2018-12-20,10.414387505633574
2018-12-21,10.20929275472337
2018-12-24,9.99393685381258
2018-12-26,10.459835189210862
2018-12-27,10.576065894795326
2018-12-28,10.578257551189449
2018-12-31,10.682064790015188
2019-01-02,10.784652602169132
2019-01-03,10.538586146996836
2019-01-04,10.90857218665395
2019-01-07,10.946585235700352
2019-01-08,10.995226049783357
2019-01-09,11.094020224212244
2019-01-10,11.129729821421138
2019-01-11,11.180122165405855
2019-01-14,11.233790647892496
2019-01-15,11.266968008227094
2019-01-16,11.426651210220744
2019-01-17,11.451678527913286
2019-01-18,11.653760185472589
2019-01-22,11.497683801937791
2019-01-23,11.492334433714284
2019-01-24,11.525527965676543
2019-01-25,11.635397519365046
2019-01-28,11.606229973459914
2019-01-29,11.571302640841449
2019-01-30,11.634282358066583
2019-01-31,11.600344775530637
2019-02-01,11.643156992352136
2019-02-04,11.68016777365206
2019-02-05,11.636986592260635
2019-02-06,11.593532323111347
2019-02-07,11.449336638802952
2019-02-08,11.38216950262608
2019-02-11,11.407491829163986
2019-02-12,11.558547991350444
2019-02-13,11.577412995228435
2019-02-14,11.42406361325417
2019-02-15,11.657568158318362
2019-02-19,11.674218331814982
2019-02-20,11.756016818796068
2019-02-21,11.704002780243751
2019-02-22,11.679131402869537
2019-02-25,11.738677005954305
2019-02-26,11.710969462510915
2019-02-27,11.765339174075784
2019-02-28,11.734350971723874
2019-03-01,11.79306592693816
2019-03-04,11.724678251147628
2019-03-05,11.697765803378088
2019-03-06,11.601851548490476
2019-03-07,11.482151340216864
2019-03-08,11.482859220408908
2019-03-11,11.59533900066884
2019-03-12,11.617155906906357
2019-03-13,11.70377516019137
2019-03-14,11.751607393312838
2019-03-15,11.83167565349848
2019-03-18,11.982358953311069
2019-03-19,11.895105313093708
2019-03-20,11.650991297158514
2019-03-21,11.617086973662568
2019-03-22,11.293583345000634
2019-03-25,11.24828457629098
2019-03-26,11.379349922211944
2019-03-27,11.336800593139108
2019-03-28,11.433970295918115
2019-03-29,11.47391714286329
2019-04-01,11.756323492301297
2019-04-02,11.752908824228657
2019-04-03,11.828732782524163
2019-04-04,11.874915535236171
2019-04-05,11.88856289717438
2019-04-08,11.91371541680534
2019-04-09,11.816245477940024
2019-04-10,11.85223257492877
2019-04-11,11.875875679111129
2019-04-12,12.03757948341997
2019-04-15,11.968951980630894
2019-04-16,12.060818957272383
2019-04-17,12.063175759033925
2019-04-18,12.017100328881677
2019-04-22,11.991884897527257
2019-04-23,12.049944075829703
2019-04-24,12.019600451992696
2019-04-25,12.024842673431282
2019-04-26,12.13232814669591
2019-04-29,12.247375992834842
2019-04-30,12.273188461755057
2019-05-01,12.151915104016544
2019-05-02,12.160647562947018
2019-05-03,12.260616498809185
2019-05-06,12.11983162647794
2019-05-07,11.91147450803172
2019-05-08,11.87853795839366
2019-05-09,11.861059137644649
2019-05-10,11.920457091111263
2019-05-13,11.57656905709086
2019-05-14,11.670871111561524
2019-05-15,11.611949860760047
2019-05-16,11.73741432614918
2019-05-17,11.666101856252972
2019-05-20,11.680635985666452
2019-05-21,11.7806727572426
2019-05-22,11.717803855778946
2019-05-23,11.546914220212566
2019-05-24,11.635623757087917
2019-05-28,11.510784439078654
2019-05-29,11.497258524535107
2019-05-30,11.422502987830628
2019-05-31,11.271552853550675
2019-06-03,11.34993929254253
2019-06-04,11.657622783551876
2019-06-05,11.723296871173014
2019-06-06,11.768224672650572
2019-06-07,11.745169775288456
2019-06-10,11.848689511150656
2019-06-11,11.851805070030071
2019-06-12,11.722362197462536
2019-06-13,11.775072556318117
2019-06-14,11.79971250212034
2019-06-17,11.696569195284518
2019-06-18,11.852879970422268
2019-06-19,11.836090921949555
2019-06-20,11.899858819865877
2019-06-21,11.865986495405629
2019-06-24,11.84525661609694
2019-06-25,11.804499158211348
2019-06-26,11.792320557152062
2019-06-27,11.904102745979428
2019-06-28,12.069444621459184
2019-07-01,12.2501381400174
2019-07-02,12.244156242213302
2019-07-03,12.30107289209798
2019-07-05,12.352560486265505
2019-07-08,12.293392472634023
2019-07-09,12.363197062819728
2019-07-10,12.330265571426398
2019-07-11,12.410404856864377
2019-07-12,12.514621983433807
2019-07-15,12.413148550901688
2019-07-16,12.34467871457139
2019-07-17,12.233223144518464
2019-07-18,12.320106434714615
2019-07-19,12.247186098980649
2019-07-22,12.274565197063565
2019-07-23,12.403621348954315
2019-07-24,12.50856120175966
2019-07-25,12.425705362223344
2019-07-26,12.55669003369091
2019-07-29,12.452840617433282
2019-07-30,12.422739900507136
2019-07-31,12.359300463719398
2019-08-01,12.06622044833393
2019-08-02,12.049695751816696
2019-08-05,11.644238860905135
2019-08-06,11.826701648440691
2019-08-07,11.686619159324955
2019-08-08,11.881150064243403
2019-08-09,11.853280377688128
2019-08-12,11.63195191130326
2019-08-13,11.768052558433627
2019-08-14,11.350431811524526
2019-08-15,11.384483478017698
2019-08-16,11.604535831175252
2019-08-19,11.717366375505849
2019-08-20,11.555588237433245
2019-08-21,11.607733858265114
2019-08-22,11.67953272214351
2019-08-23,11.386391389979044
2019-08-26,11.506802378100836
2019-08-27,11.42742362330815
2019-08-28,11.53202259759287
2019-08-29,11.705440788784198
2019-08-30,11.747062885885926
2019-09-03,11.62634522351502
2019-09-04,11.751304825674138
2019-09-05,11.995296746310633
2019-09-06,11.998526040347077
2019-09-09,12.187755131488483
2019-09-10,12.243851977496274
2019-09-11,12.316846260636725
2019-09-12,12.373720782109134
2019-09-13,12.483061258093274
2019-09-16,12.417624739804262
2019-09-17,12.431393223768714
2019-09-18,12.487282034901265
2019-09-19,12.437215780452052
2019-09-20,12.358239755809729
2019-09-23,12.43424569489987
2019-09-24,12.313312248925346
2019-09-25,12.399650104903827
2019-09-26,12.346974556530352
2019-09-27,12.374472001443548
2019-09-30,12.362463720114397
2019-10-01,12.123202840287409
2019-10-02,11.881464541921398
2019-10-03,11.901184883193912
2019-10-04,12.13852818752265
2019-10-07,12.07914409856865
2019-10-08,11.85473725693573
2019-10-09,11.996468107978163
2019-10-10,12.12966669957762
2019-10-11,12.29425149904738
2019-10-14,12.313825411198623
2019-10-15,12.397642012504535
2019-10-16,12.33405555343665
2019-10-17,12.341483060280948
2019-10-18,12.35124990632289
2019-10-21,12.535707885331275
2019-10-22,12.489611445802328
2019-10-23,12.530001202170377
2019-10-24,12.513094637653564
2019-10-25,12.578465423277477
2019-10-28,12.637822230266105
2019-10-29,12.66190612219023
2019-10-30,12.632470670359773
2019-10-31,12.54590639324783
2019-11-01,12.76060252246619
2019-11-04,12.851471980349515
2019-11-05,12.913255778044457
2019-11-06,12.975036109010553
2019-11-07,13.069755709149668
2019-11-08,13.07100539558622
2019-11-11,13.032205815985732
2019-11-12,13.04370903979306
2019-11-13,12.967264278572427
2019-11-14,12.976645439068546
2019-11-15,13.036990174512324
2019-11-18,13.051593860184486
2019-11-19,13.073910774841414
2019-11-20,13.00563332307792
2019-11-21,13.003480421913698
2019-11-22,13.102100706271354
2019-11-25,13.186155917640376
2019-11-26,13.172848113963337
2019-11-27,13.22590977193714
2019-11-29,13.192051451964728
2019-12-02,13.109899022910533
2019-12-03,12.939384024435498
2019-12-04,13.06855586611174
2019-12-05,13.136256587245237
2019-12-06,13.313425360355016
2019-12-09,13.25145323809504
2019-12-10,13.252567458960344
2019-12-11,13.225359741560498
2019-12-12,13.494430861256612
2019-12-13,13.429751278748723
2019-12-16,13.490092957315548
2019-12-17,13.550292627334644
2019-12-18,13.499916503752262
2019-12-19,13.498447537564862
2019-12-20,13.504264572978274
2019-12-23,13.4842089246664
2019-12-24,13.542029652446203
2019-12-26,13.62076630653656
2019-12-27,13.595535295540946
2019-12-30,13.548602416208292
2019-12-31,13.593646896089686
2020-01-02,13.727623847018895
2020-01-03,13.57598842805045
2020-01-06,13.56404614562498
2020-01-07,13.451382927393924
2020-01-08,13.531328481590204
2020-01-09,13.61974382100436
2020-01-10,13.514721147998271
2020-01-13,13.615944576330849
2020-01-14,13.464113581088752
2020-01-15,13.396778682891815
2020-01-16,13.482340168203056
2020-01-17,13.530709390185354
2020-01-21,13.40350611056531
2020-01-22,13.417695713486207
2020-01-23,13.390359516082292
2020-01-24,13.204940831467574
2020-01-27,13.001975607670644
2020-01-28,13.134670443300546
2020-01-29,13.12086964228616
2020-01-30,13.268633097737863
2020-01-31,12.991189798269344
2020-02-03,13.062703572762532
2020-02-04,13.19016013619994
2020-02-05,13.426205821776415
2020-02-06,13.384242408454725
2020-02-07,13.335240046524657
2020-02-10,13.36264981934715
2020-02-11,13.403619192505449
2020-02-12,13.409180391700914
2020-02-13,13.395828731437696
2020-02-14,13.408862937225615
2020-02-18,13.293133862378909
2020-02-19,13.393280925425865
2020-02-20,13.368495306410404
2020-02-21,13.238813209193768
2020-02-24,12.78641750663684
2020-02-25,12.348111346817822
2020-02-26,12.26752602806608
2020-02-27,11.734688514104068
2020-02-28,11.453015644442155
2020-03-02,12.01702804029146
2020-03-03,11.58700672578496
2020-03-04,11.96660874515149
2020-03-05,11.415290536691137
2020-03-06,11.085493135073792
2020-03-09,9.916636620012364
2020-03-10,10.529992562975805
2020-03-11,9.949776579133614
2020-03-12,8.888642236161884
2020-03-13,10.070064094457598
2020-03-16,8.680315532691498
2020-03-17,9.249305680192828
2020-03-18,8.436176272595523
2020-03-19,8.642741125061125
2020-03-20,8.384926108482144
2020-03-23,7.902553769352679
2020-03-24,8.937791743147072
2020-03-25,9.283120298201478
2020-03-26,10.037008219165806
2020-03-27,9.774829210564828
2020-03-30,10.070354774029036
2020-03-31,9.80761010841267
2020-04-01,9.649978143542889
2020-04-02,10.048906073252468
2020-04-03,9.953955147782676
2020-04-06,10.782229085636148
2020-04-07,11.141607049333336
2020-04-08,11.75006467730557
2020-04-09,12.67633802009355
2020-04-13,12.285778947519027
2020-04-14,12.446913781237544
2020-04-15,12.439504108568212
2020-04-16,12.71478608793379
2020-04-17,13.485814045715651
2020-04-20,13.307324579188052
2020-04-21,12.890521158133623
2020-04-22,13.152800420837144
2020-04-23,13.156905075785588
2020-04-24,13.586422736601529
2020-04-27,14.102320015250395
2020-04-28,14.15621146661863
2020-04-29,14.615838669939292
2020-04-30,14.345248518511385
2020-05-01,13.891472699361286
2020-05-04,13.932183990931131
2020-05-05,13.99899218901294
2020-05-06,13.71474740974099
2020-05-07,14.043540394064497
2020-05-08,14.389936536979548
2020-05-11,14.098394917848262
2020-05-12,13.753082824669328
2020-05-13,13.343591730874683
2020-05-14,13.83467197480744
2020-05-15,13.831400595449946
2020-05-18,14.629797250140696
2020-05-19,14.29949787088096
2020-05-20,14.618442351511838
2020-05-21,14.57473748298199
2020-05-22,14.53629992655782
2020-05-26,15.246413342445605
2020-05-27,15.914481938563233
2020-05-28,15.625241943641212
2020-05-29,15.440445838360596
2020-06-01,15.621904869739849
2020-06-02,15.75433869031668
2020-06-03,16.359176619656218
2020-06-04,16.682153098535913
2020-06-05,17.310720857907448
2020-06-08,17.607793999440084
2020-06-09,17.181153914138616
2020-06-10,16.537988481238294
2020-06-11,15.248666925322034
2020-06-12,15.706254447643175
2020-06-15,15.91603391787106
2020-06-16,16.141412166826097
2020-06-17,15.910232089797075
2020-06-18,15.903124848763891
2020-06-19,15.791661785379652
2020-06-22,15.736844396960189
2020-06-23,15.747982237587248
2020-06-24,15.180979965211408
2020-06-25,15.642488431221098
2020-06-26,14.964918774337152
2020-06-29,15.113459422138574
2020-06-30,15.230623723468298
2020-07-01,15.10072712682195
2020-07-02,15.111572768996366
2020-07-06,15.281592742106378
2020-07-07,14.943251080098465
2020-07-08,15.139331272136529
2020-07-09,14.99474355418962
2020-07-10,15.539771593061555
2020-07-13,15.720183728175089
2020-07-14,15.139226526013044
2020-07-15,15.431019047818795
2020-07-16,15.14990483868768
2020-07-17,15.027145408322603
2020-07-20,14.97022639099239
2020-07-21,15.119471317387084
2020-07-22,14.99058542740571
2020-07-23,14.84052697834096
2020-07-24,14.695723180621265
2020-07-27,14.567595161759389
2020-07-28,14.396566817171935
2020-07-29,14.816757973406744
2020-07-30,14.539196459827425
2020-07-31,14.526228100999472
2020-08-03,14.489110083877971
2020-08-04,14.414999378427211
2020-08-05,14.5799300887617
2020-08-06,14.545568461636025
2020-08-07,14.862314579414228
2020-08-10,14.950920269983651
2020-08-11,15.143825433265134
2020-08-12,15.0958963975379
2020-08-13,15.001989982369729
2020-08-14,15.04033477535882
2020-08-17,14.80878674446226
2020-08-18,14.707087052753076
2020-08-19,14.694365935965072
2020-08-20,14.552384512315294
2020-08-21,14.510554104335965
2020-08-24,14.840316005745548
2020-08-25,14.879114574188677
2020-08-26,14.81200818577795
2020-08-27,15.069559150621831
2020-08-28,15.140690589196334
2020-08-31,14.954769445274971
2020-09-01,14.982709289077684
2020-09-02,15.208985963622249
2020-09-03,14.965750715740418
2020-09-04,15.088791131719308
2020-09-08,14.700395510543435
2020-09-09,14.835839623374705
2020-09-10,14.678951220082237
2020-09-11,14.795070312178392
2020-09-14,14.958187036889251
2020-09-15,14.75942507746338
2020-09-16,14.910755569817336
2020-09-17,14.74649371167607
2020-09-18,14.710616211988238
2020-09-21,14.34736938637914
2020-09-22,14.22448263085483
2020-09-23,13.901340893113622
2020-09-24,13.92768332877733
2020-09-25,14.06525965307218
2020-09-28,14.318053077366397
2020-09-29,14.131783188485445
2020-09-30,14.2081279801949
2020-10-01,14.24093423176205
2020-10-02,14.35743275194965
2020-10-05,14.46679912663681
2020-10-06,14.229382269223663
2020-10-07,14.371814704985368
2020-10-08,14.491697120190445
2020-10-09,14.458428812558658
2020-10-12,14.644382026291764
2020-10-13,14.138601139827063
2020-10-14,13.827958240090004
2020-10-15,13.755054927330928
2020-10-16,13.699722135459073
2020-10-19,13.459938141068545
2020-10-20,13.564798591748303
2020-10-21,13.4808591538868
2020-10-22,13.71735708985866
2020-10-23,13.677189767498868
2020-10-26,13.32916142649096
2020-10-27,13.061811966802086
2020-10-28,12.71943055432598
2020-10-29,12.759057678360351
2020-10-30,12.717513053490162
2020-11-02,12.954305934354382
2020-11-03,13.22367878148278
2020-11-04,13.038220969328098
2020-11-05,13.323132676255442
2020-11-06,13.212833565540503
2020-11-09,14.175027766626345
2020-11-10,14.271938442634388
2020-11-12,13.96389503843558
2020-11-13,14.098871093901716
2020-11-16,14.41779948550148
2020-11-17,14.382528007130505
2020-11-18,14.19059727072556
2020-11-19,14.224937318838958
2020-11-20,14.095170739716483
2020-11-23,14.3642331498032
2020-11-24,14.866131794375416
2020-11-25,14.77671125005901
2020-11-27,14.743045064798505
2020-11-30,14.404778700131674
2020-12-01,14.618441856293488
2020-12-02,14.77243418359302
2020-12-03,14.745980578812482
2020-12-04,14.902721533578926
2020-12-07,14.782098005112056
2020-12-08,14.765259255158467
2020-12-09,14.726184245087794
2020-12-10,14.743870953771037
2020-12-11,14.608242372593295
2020-12-14,14.429075672132596
2020-12-15,14.666945595129285
2020-12-16,14.6824415114284
2020-12-17,14.677443550844464
2020-12-18,14.5462734864861
2020-12-21,14.538557228858524
2020-12-22,14.394029191151544
2020-12-23,14.619719219720867
2020-12-24,14.618115489242722
2020-12-28,14.704630535809915
2020-12-29,14.656598933023597
2020-12-30,14.712311203147369
2020-12-31,14.902134953701538
2021-01-04,14.674863280951028
2021-01-05,14.64788632271716
2021-01-06,15.283931942238183
2021-01-07,15.32753451591146
2021-01-08,15.274175806600994
2021-01-11,15.263288639274135
2021-01-12,15.430371094228864
2021-01-13,15.410078999406547
2021-01-14,15.443328218204302
2021-01-15,15.268815703813376
2021-01-19,14.957756434959444
2021-01-20,14.837552265940754
2021-01-21,14.604999994403022
2021-01-22,14.413394288235589
2021-01-25,14.291442018231791
2021-01-26,14.14077568246478
2021-01-27,13.72999863516232
2021-01-28,13.95322696642701
2021-01-29,13.66175840022769
2021-02-01,13.79844160997314
2021-02-02,14.106217821358582
2021-02-03,14.163931085485274
2021-02-04,14.458679094176087
2021-02-05,14.45834005302761
2021-02-08,14.63786395565578
2021-02-09,14.62060541338489
2021-02-10,14.583791788865836
2021-02-11,14.546509697808924
2021-02-12,14.66554793300487
2021-02-16,14.925252324157446
2021-02-17,14.959970691694153
2021-02-18,14.881363781502692
2021-02-19,15.044851596343442
2021-02-22,15.181173328510754
2021-02-23,15.258398430756472
2021-02-24,15.563829948311527
2021-02-25,15.29054269647573
2021-02-26,14.990860286974293
2021-03-01,15.304914709855652
2021-03-02,15.26684734433688
2021-03-03,15.37943355008141
2021-03-04,15.191162283469478
2021-03-05,15.482698390324105
2021-03-08,15.669861276190504
2021-03-09,15.52603712556784
2021-03-10,15.811175781541785
2021-03-11,15.772476331082814
2021-03-12,15.944006840614158
2021-03-15,15.846092180916989
2021-03-16,15.667440005404622
2021-03-17,15.753242668349577
2021-03-18,15.821345933824118
2021-03-19,15.625897997499802
2021-03-22,15.405867799220882
2021-03-23,15.18628709271934
2021-03-24,15.239517042529068
2021-03-25,15.463165161027426
2021-03-26,15.705499511735637
2021-03-29,15.56672034405749
2021-03-30,15.656530374244348
2021-03-31,15.42978259725949
2021-04-01,15.46737798989939
2021-04-05,15.553463577896707
2021-04-06,15.508615446512412
2021-04-07,15.49041559928549
2021-04-08,15.45502603617672
2021-04-09,15.527338011806131
2021-04-12,15.553791061079114
2021-04-13,15.413211932891862
2021-04-14,15.309487510945551
2021-04-15,15.020885718361225
2021-04-16,14.984031729215388
2021-04-19,14.917950503526429
2021-04-20,14.543538240230758
2021-04-21,14.84912706032157
2021-04-22,14.606587480172063
2021-04-23,14.854660869239009
2021-04-26,14.895714498585418
2021-04-27,14.956302116362837
2021-04-28,14.904190148759726
2021-04-29,15.15991441949608
2021-04-30,15.010814877929208
2021-05-03,14.994011168417549
2021-05-04,15.079488703133752
2021-05-05,15.20135922493665
2021-05-06,15.410736085506882
2021-05-07,15.487801035524834
2021-05-10,15.502495154819746
2021-05-11,15.24013608921964
2021-05-12,15.039865961592232
2021-05-13,15.322077404347704
2021-05-14,15.56264800782962
2021-05-17,15.584174054793586
2021-05-18,15.366656313857336
2021-05-19,15.277670416304556
2021-05-20,15.29449130022545
2021-05-21,15.432187427200908
2021-05-24,15.504630415733324
2021-05-25,15.356633994036354
2021-05-26,15.408723849470489
2021-05-27,15.582917983877984
2021-05-28,15.58440618960133
2021-06-01,15.678246547110245
2021-06-02,15.694440660311855
2021-06-03,15.732103247440618
2021-06-04,15.743642745442273
2021-06-07,15.65454027548428
2021-06-08,15.62096182120748
2021-06-09,15.44594704749598
2021-06-10,15.271604215158083
2021-06-11,15.36177160897776
2021-06-14,15.204426962268473
2021-06-15,15.232100042815674
2021-06-16,15.21587245722328
2021-06-17,14.766120052708787
2021-06-18,14.404662160264389
2021-06-21,14.755227119414302
2021-06-22,14.748317215952229
2021-06-23,14.7926781568838
2021-06-24,14.961461103579472
2021-06-25,15.145864304874411
2021-06-28,15.020627372601592
2021-06-29,14.959750410050086
2021-06-30,15.024521075430732
2021-07-01,15.159386044495117
2021-07-02,15.1069977677761
2021-07-06,14.869782243029162
2021-07-07,14.857866570541814
2021-07-08,14.564401895131832
2021-07-09,14.9854292267687
2021-07-12,15.126847825758318
2021-07-13,14.962991861108788
2021-07-14,14.79945389820007
2021-07-15,14.812309535187646
2021-07-16,14.610755283504515
2021-07-19,14.20944688732188
2021-07-20,14.53651213586299
2021-07-21,14.804392715361187
2021-07-22,14.646432641533638
2021-07-23,14.573071887881456
2021-07-26,14.64703720029771
2021-07-27,14.63828690587524
2021-07-28,14.58371592667654
2021-07-29,14.720690130410077
2021-07-30,14.599595561507412
2021-08-02,14.582635660622412
2021-08-03,14.725018228050518
2021-08-04,14.62083677361827
2021-08-05,14.789635300577544
2021-08-06,15.092566692506884
2021-08-09,15.091053890566409
2021-08-10,15.238658209938526
2021-08-11,15.416086028241184
2021-08-12,15.43536452394496
2021-08-13,15.3171631673863
2021-08-16,15.291340136584669
2021-08-17,15.162980679087276
2021-08-18,14.990621631986524
2021-08-19,14.873199079644396
2021-08-20,14.964958477227462
2021-08-23,15.075766577842714
2021-08-24,15.18291807813224
2021-08-25,15.36708375481287
2021-08-26,15.281008495739858
2021-08-27,15.482303435941366
2021-08-30,15.255590078997487
2021-08-31,15.242752405964255
2021-09-01,15.161118743819246
2021-09-02,15.20324246281844
2021-09-03,15.11644961774713
2021-09-07,15.019014299374453
2021-09-08,14.975137106578138
2021-09-09,15.011069924406794
2021-09-10,14.902799901695763
2021-09-13,15.07198098202789
2021-09-14,14.866058914622812
2021-09-15,15.011719127930762
2021-09-16,14.977462014820834
2021-09-17,14.917060555634045
2021-09-20,14.664694158510333
2021-09-21,14.644524771975023
2021-09-22,14.873689861896542
2021-09-23,15.244888054147404
2021-09-24,15.32984900441764
2021-09-27,15.509800532412171
2021-09-28,15.2596692852857
2021-09-29,15.270892247891744
2021-09-30,15.035273720557836
2021-10-01,15.271711647614572
2021-10-04,15.167846030103547
2021-10-05,15.430336022337592
2021-10-06,15.449634802611538
2021-10-07,15.52807430260684
2021-10-08,15.530227505240788
2021-10-11,15.369576687944033
2021-10-12,15.333636829635177
2021-10-13,15.220137459565834
2021-10-14,15.290521695625186
2021-10-15,15.555187665888091
2021-10-18,15.552605903354236
2021-10-19,15.681828962392842
2021-10-20,15.801694880230372
2021-10-21,15.72383278061682
2021-10-22,15.896385480602149
2021-10-25,15.835655203765825
2021-10-26,15.843991643261234
2021-10-27,15.501699240859642
2021-10-28,15.658179626146412
2021-10-29,15.56035643465324
2021-11-01,15.569620870219143
2021-11-02,15.58094572291171
2021-11-03,15.622790388545804
2021-11-04,15.429914021315968
2021-11-05,15.449380968413315
2021-11-08,15.45838514754504
2021-11-09,15.3753906431267
2021-11-10,15.349710104714164
2021-11-11,15.41168659384608
2021-11-12,15.429244337787503
2021-11-15,15.431870615476456
2021-11-16,15.40695719038476
2021-11-17,15.236692625591829
2021-11-18,15.155857872143908
2021-11-19,14.992120795873513
2021-11-22,15.21054899042556
2021-11-23,15.437802001750711
2021-11-24,15.402017460107023
2021-11-26,14.896886641675476
2021-11-29,14.938813566579396
2021-11-30,14.578843360480676
2021-12-01,14.419502831070735
2021-12-02,14.824767374748378
2021-12-03,14.597113266332146
2021-12-06,14.787638857820266
2021-12-07,15.040483443766677
2021-12-08,14.984969266454073
2021-12-09,14.943900352473248
2021-12-10,14.978609600080434
2021-12-13,14.807565431121995
2021-12-14,14.904356741372869
2021-12-15,14.936409878905874
2021-12-16,15.119544303216452
2021-12-17,14.773885324925873
2021-12-20,14.577423761049673
2021-12-21,14.870902053870358
2021-12-22,14.938134838376158
2021-12-23,15.019671212195362
2021-12-27,15.162624850984956
2021-12-28,15.169911350027627
2021-12-29,15.16059291331764
2021-12-30,15.121655669599829
2021-12-31,15.101221089208586
2022-01-03,15.2882580597649
2022-01-04,15.668276687703305
2022-01-05,15.451184831201523
2022-01-06,15.679612713108854
2022-01-07,15.848984937372393
2022-01-10,15.832928855258055
2022-01-11,15.947525973014184
2022-01-12,15.955234592760329
2022-01-13,15.867520051964316
2022-01-14,15.802008394869162
2022-01-18,15.43665742213673
2022-01-19,15.154517570094637
2022-01-20,15.022754048220357
2022-01-21,14.723704963352723
2022-01-24,14.75328127779717
2022-01-25,14.796688423130856
2022-01-26,14.848717590663972
2022-01-27,14.693249182609362
2022-01-28,14.894916371118352
2022-01-31,15.041653132991422
2022-02-01,15.232341844855297
2022-02-02,15.32255280331316
2022-02-03,15.098709146448211
2022-02-04,15.342941964432912
2022-02-07,15.39680450509364
2022-02-08,15.565467215382716
2022-02-09,15.64740243625557
2022-02-10,15.495779554673671
2022-02-11,15.269931890487488
2022-02-14,15.073317670196122
2022-02-15,15.283598432651258
2022-02-16,15.268386183942988
2022-02-17,14.895420692784912
2022-02-18,14.875401531436328
2022-02-22,14.81143331101277
2022-02-23,14.549072008708992
2022-02-24,14.382947076259487
2022-02-25,14.832458082009378
2022-02-28,14.634792625620088
2022-03-01,14.113876267762848
2022-03-02,14.55443500204068
2022-03-03,14.533513796614727
2022-03-04,14.25163043868448
2022-03-07,13.734623605235187
2022-03-08,13.673218190979943
2022-03-09,14.192400543623046
2022-03-10,14.039270386793712
2022-03-11,13.922489694823286
2022-03-14,14.107730539803851
2022-03-15,14.290077871495454
2022-03-16,14.688962045916789
2022-03-17,14.869743170899252
2022-03-18,14.910862901702645
2022-03-21,14.910086967477287
2022-03-22,15.112669106385116
2022-03-23,14.83310075008513
2022-03-24,14.94667365946757
2022-03-25,15.14157628372238
2022-03-28,15.11243537256996
2022-03-29,15.145454221523242
2022-03-30,15.036503785811826
2022-03-31,14.69945257056664
2022-04-01,14.682977623951166
2022-04-04,14.66026216081555
2022-04-05,14.567885303864571
2022-04-06,14.449500077918362
2022-04-07,14.440266856178072
2022-04-08,14.592600200405265
2022-04-11,14.575422720931478
2022-04-12,14.345199324410334
2022-04-13,14.24525212556888
2022-04-14,14.01908389798267
2022-04-18,13.893440285745148
2022-04-19,14.043725090178478
2022-04-20,14.14928185839699
2022-04-21,13.895092963548178
2022-04-22,13.413980563032444
2022-04-25,13.434300933241492
2022-04-26,13.09317063673292
2022-04-27,13.064077969413033
2022-04-28,13.217155019092614
2022-04-29,12.76693745719039
2022-05-02,12.655162041994837
2022-05-03,12.79034547087183
2022-05-04,13.173826059189905
2022-05-05,12.780803638112245
2022-05-06,12.688615786750209
2022-05-09,12.382320641379415
2022-05-10,12.279332292433793
2022-05-11,12.155793032584953
2022-05-12,12.07133081239111
2022-05-13,12.239247837116578
2022-05-16,12.154491877656998
2022-05-17,12.490826476532442
2022-05-18,12.14754263909536
2022-05-19,12.06903264380962
2022-05-20,12.05511977555904
2022-05-23,12.436675939453728
2022-05-24,12.344479865114002
2022-05-25,12.445240368819045
2022-05-26,12.7317600128865
2022-05-27,12.958601343839405
2022-05-31,12.915805929885632
2022-06-01,12.702768396460185
2022-06-02,12.882951859872836
2022-06-03,12.690696813355196
2022-06-06,12.73682886782032
2022-06-07,12.825401634289108
2022-06-08,12.609738898092369
2022-06-09,12.282265848480495
2022-06-10,11.834703945333104
2022-06-13,11.493442959512873
2022-06-14,11.387465862721122
2022-06-15,11.536484222852698
2022-06-16,11.240554299572285
2022-06-17,11.27904392060899
2022-06-21,11.51188422465475
2022-06-22,11.479168427997289
2022-06-23,11.4146092140061
2022-06-24,11.855548689106516
2022-06-27,11.812421675270574
2022-06-28,11.717335368534672
2022-06-29,11.664071937768416
2022-06-30,11.601537287427396
2022-07-01,11.793891641788814
2022-07-05,11.73953466356004
2022-07-06,11.73712560820116
2022-07-07,11.92721227172717
2022-07-08,11.94934227497038
2022-07-11,11.888956150268156
2022-07-12,11.891867359769831
2022-07-13,11.791279273974537
2022-07-14,11.559606211157789
2022-07-15,11.855720385409969
2022-07-18,11.76436360205105
2022-07-19,12.088188791732836
2022-07-20,12.121304211770823
2022-07-21,12.190699891254992
2022-07-22,12.12113346689239
2022-07-25,12.212780564113054
2022-07-26,12.021359859689545
2022-07-27,12.199919397427822
2022-07-28,12.28787560866512
2022-07-29,12.460881554093454
2022-08-01,12.352316409759704
2022-08-02,12.202280494387171
2022-08-03,12.34334266807608
2022-08-04,12.298960699439888
2022-08-05,12.397378746254972
2022-08-08,12.357473072510777
2022-08-09,12.425607143146133
2022-08-10,12.73573045977408
2022-08-11,12.866695042154104
2022-08-12,13.071530229975616
2022-08-15,13.06858704197148
2022-08-16,13.1597046121013
2022-08-17,13.086094361672592
2022-08-18,13.099751083346032
2022-08-19,12.837568492297162
2022-08-22,12.554239432435262
2022-08-23,12.507192388604778
2022-08-24,12.573096505637256
2022-08-25,12.761574109623403
2022-08-26,12.374581889740444
2022-08-29,12.279702265213524
2022-08-30,12.225944370064504
2022-08-31,12.11703128471501
2022-09-01,12.16513592859613
2022-09-02,12.064621966096484
2022-09-06,12.029666958372244
2022-09-07,12.270230125145924
2022-09-08,12.48579570907166
2022-09-09,12.597628326911307
2022-09-12,12.707623790506906
2022-09-13,12.240060852119797
2022-09-14,12.209831441617622
2022-09-15,12.2422143617999
2022-09-16,12.123936593865269
2022-09-19,12.26762430494898
2022-09-20,12.088996841162633
2022-09-21,11.83039078929844
2022-09-22,11.621675371533437
2022-09-23,11.441125608725727
2022-09-26,11.253143239602316
2022-09-27,11.21841781479435
2022-09-28,11.43520930517288
2022-09-29,11.292318377840289
2022-09-30,11.18311916750185
2022-10-03,11.497901312124933
2022-10-04,11.942797270913395
2022-10-05,11.869784288682812
2022-10-06,11.730282690950366
2022-10-07,11.47712195000864
2022-10-10,11.437999223486113
2022-10-11,11.36133767099508
2022-10-12,11.388847080368066
2022-10-13,11.85233233999155
2022-10-14,11.563352069269213
2022-10-17,11.79115371493045
2022-10-18,11.97084550027127
2022-10-19,11.764341180541589
2022-10-20,11.6057959841891
2022-10-21,11.97740577952414
2022-10-24,12.125615433001771
2022-10-25,12.240252239474442
2022-10-26,12.253647648771835
2022-10-27,12.328476201644758
2022-10-28,12.651709673914544
2022-10-31,12.553945363012604
2022-11-01,12.549581192536245
2022-11-02,12.328121664251404
2022-11-03,12.18787192778576
2022-11-04,12.415276030464112
2022-11-07,12.484676828553576
2022-11-08,12.55989215907609
2022-11-09,12.347741933373523
2022-11-10,12.985048884683048
2022-11-11,13.090155305348471
2022-11-14,12.886994754898886
2022-11-15,12.923379061639476
2022-11-16,12.868616792420516
2022-11-17,12.76617059073802
2022-11-18,12.863270080073566
2022-11-21,12.900595989102364
2022-11-22,13.033961802219196
2022-11-23,13.074018022099011
2022-11-25,13.134787319517564
2022-11-28,12.900366890896844
2022-11-29,12.98840365440416
2022-11-30,13.205564847416737
2022-12-01,13.111934468260392
2022-12-02,13.05766024291202
2022-12-05,12.726652354359588
2022-12-06,12.61083638829834
2022-12-07,12.553967095367325
2022-12-08,12.58280166673318
2022-12-09,12.547676889328317
2022-12-12,12.71505278866042
2022-12-13,12.75654571568769
2022-12-14,12.58089308376153
2022-12-15,12.335201475568898
2022-12-16,12.246784405007007
2022-12-19,12.236468639216485
2022-12-20,12.27943697622872
2022-12-21,12.482793432296956
2022-12-22,12.380922108449283
2022-12-23,12.45592618483053
2022-12-27,12.451102762623764
2022-12-28,12.410137729312895
2022-12-29,12.588422944323662
2022-12-30,12.55176321026584
2023-01-03,12.612177982758402
2023-01-04,12.815508549855302
2023-01-05,12.762465591447596
2023-01-06,13.067058375979029
2023-01-09,13.038096619031943
2023-01-10,13.156248352406513
2023-01-11,13.208792158021724
2023-01-12,13.246839857597395
2023-01-13,13.286357834795004
2023-01-17,13.174764899580394
2023-01-18,12.951452170617596
2023-01-19,12.87393264495145
2023-01-20,13.095842073492362
2023-01-23,13.242599489020074
2023-01-24,13.24104380689678
2023-01-25,13.317872547765068
2023-01-26,13.385925266553691
2023-01-27,13.342923697945714
2023-01-30,13.28008231127205
2023-01-31,13.443899999185884
2023-02-01,13.385363559844707
2023-02-02,13.395943945899427
2023-02-03,13.388088812915456
2023-02-06,13.367671766876086
2023-02-07,13.499372555095295
2023-02-08,13.40169550389259
2023-02-09,13.227364987196944
2023-02-10,13.281861480617994
2023-02-13,13.424500581755863
2023-02-14,13.352837311967017
2023-02-15,13.360892600271956
2023-02-16,13.223870320888308
2023-02-17,13.231247294011569
2023-02-21,12.960252349448144
2023-02-22,12.934546425532387
2023-02-23,12.94955627904364
2023-02-24,12.961257757750875
2023-02-27,12.846534035203742
2023-02-28,12.86906459399768
2023-03-01,12.81913538739254
2023-03-02,12.749920476199804
2023-03-03,12.960627002018262
2023-03-06,12.969687065844433
2023-03-07,12.642194552433144
2023-03-08,12.59215843885486
2023-03-09,12.084819678054536
2023-03-10,11.889333679869088
2023-03-13,11.458371665119143
2023-03-14,11.715738103478504
2023-03-15,11.386627956404883
2023-03-16,11.634788421159168
2023-03-17,11.266423136499183
2023-03-20,12.672716472585025
2023-03-21,12.994287841540306
2023-03-22,12.69008227867154
2023-03-23,12.616077011941488
2023-03-24,12.617553993113196
2023-03-27,12.792735303173831
2023-03-28,12.79028583824643
2023-03-29,12.989308742113442
2023-03-30,12.944267999023014
2023-03-31,13.119575108496
2023-04-03,13.17974175143081
2023-04-04,13.049743926755443
2023-04-05,13.076690903311183
2023-04-06,13.14241643443332
2023-04-10,13.213600483173725
2023-04-11,13.40706737806828
2023-04-12,13.38998060089777
2023-04-13,13.52975545853311
2023-04-14,13.68274241152606
2023-04-17,13.741618643522056
2023-04-18,13.789490653135978
2023-04-19,13.784474253853851
2023-04-20,13.775478571332378
2023-04-21,13.73432703077184
2023-04-24,13.707165783694734
2023-04-25,13.444690092412008
2023-04-26,13.309911220296266
2023-04-27,13.498427977005242
2023-04-28,13.646622145118252
2023-05-01,13.554433531825609
2023-05-02,13.234027802722764
2023-05-03,13.024069104428143
2023-05-04,12.854442916744777
2023-05-05,13.161290004851358
2023-05-08,13.139155504440074
2023-05-09,13.092620000073849
2023-05-10,13.013462148158997
2023-05-11,12.990932492674991
2023-05-12,12.944598744997528
2023-05-15,13.051730742375437
2023-05-16,12.907790053034567
2023-05-17,13.174137838734708
2023-05-18,13.272523533634132
2023-05-19,13.217777404585298
2023-05-22,13.262863996264002
2023-05-23,13.099480507423904
2023-05-24,12.92867291991842
2023-05-25,12.93482818677398
2023-05-26,13.031890655343576
2023-05-30,13.02925841793884
2023-05-31,12.88320239989813
2023-06-01,13.025934739044905
2023-06-02,13.313254915806956
2023-06-05,13.2353755683493
2023-06-06,13.416175160880403
2023-06-07,13.460411674663774
2023-06-08,13.453135624458236
2023-06-09,13.462805553186442
2023-06-12,13.478793109303025
2023-06-13,13.569400719156908
2023-06-14,13.526374386698675
2023-06-15,13.715758507810154
2023-06-16,13.693409158326803
2023-06-20,13.612259360135736
2023-06-21,13.591539290069992
2023-06-22,13.48834065185979
2023-06-23,13.437544810475178
2023-06-26,13.444023417412572
2023-06-27,13.55514295981212
2023-06-28,13.539791217292253
2023-06-29,13.773663591951326
2023-06-30,13.922839917748863
2023-07-03,14.055572925812868
2023-07-05,14.00251544164604
2023-07-06,13.881709379942178
2023-07-07,13.931912476482552
2023-07-10,14.048146060442924
2023-07-11,14.216412774812838
2023-07-12,14.314995796619256
2023-07-13,14.342059951143018
2023-07-14,14.200199416277858
2023-07-17,14.281071420482226
2023-07-18,14.385044105668872
2023-07-19,14.389961616603754
2023-07-20,14.511480609298465
2023-07-21,14.477340253915958
2023-07-24,14.642234084016264
2023-07-25,14.492494490745989
2023-07-26,14.544400453469027
2023-07-27,14.305108667669538
2023-07-28,14.320204906869726
2023-07-31,14.37992873580755
2023-08-01,14.28930821226263
2023-08-02,14.134791694989604
2023-08-03,14.159088938562668
2023-08-04,14.094255970882289
2023-08-07,14.264326135500689
2023-08-08,14.140651070498704
2023-08-09,14.02997738410971
2023-08-10,14.038277422631651
2023-08-11,14.065303095006506
2023-08-14,14.042219236585684
2023-08-15,13.790469834115015
2023-08-16,13.756740256935135
2023-08-17,13.68582011217025
2023-08-18,13.66890604436492
2023-08-21,13.6569676122299
2023-08-22,13.53995586871852
2023-08-23,13.668105501695504
2023-08-24,13.635189918775817
2023-08-25,13.681499967236658
2023-08-28,13.762610151257508
2023-08-29,13.883604932171384
2023-08-30,13.899982686211615
2023-08-31,13.84448930114494
2023-09-01,13.947741165289973
2023-09-05,13.814894137387688
2023-09-06,13.796572274518704
2023-09-07,13.769203032257556
2023-09-08,13.802759217088292
2023-09-11,13.850897939952368
2023-09-12,13.966812569792044
2023-09-13,13.95387652712011
2023-09-14,14.0754466932681
2023-09-15,14.007329256113636
2023-09-18,14.183390169206584
2023-09-19,14.169242326230131
2023-09-20,14.079839014609224
2023-09-21,13.851939572052592
2023-09-22,13.749185186311914
2023-09-25,13.773247482181432
2023-09-26,13.593227765440604
2023-09-27,13.568375493014342
2023-09-28,13.64756397035371
2023-09-29,13.543279750069011
2023-10-02,13.438995116688938
2023-10-03,13.230418112795888
2023-10-04,13.345872454065516
2023-10-05,13.432847539683047
2023-10-06,13.541651392311746
2023-10-09,13.539734213413007
2023-10-10,13.648689903284954
2023-10-11,13.657557784316907
2023-10-12,13.575239974381834
2023-10-13,13.60794270191875
2023-10-16,13.68301527277393
2023-10-17,13.699796393228958
2023-10-18,13.484778123665128
2023-10-19,13.301801854939852
2023-10-20,13.12500771018581
2023-10-23,13.03381788461477
2023-10-24,13.088055243681527
2023-10-25,13.035768654587834
2023-10-26,12.96913796435803
2023-10-27,12.715623610135932
2023-10-30,12.930877531057556
2023-10-31,13.060711702754029
2023-11-01,13.118984499306077
2023-11-02,13.42560680837142
2023-11-03,13.569898678016491
2023-11-06,13.587778790080202
2023-11-07,13.59454132635209
2023-11-08,13.60795864481156
2023-11-09,13.53340569734821
2023-11-10,13.722982895680053
2023-11-13,13.701826778573858
2023-11-14,14.028341570616089
2023-11-15,14.046125801265227
2023-11-16,14.070523936952274
2023-11-17,14.162280751049039
2023-11-20,14.203118336537413
2023-11-21,14.20601659558619
2023-11-22,14.263230418887073
2023-11-24,14.308905857310082
2023-11-27,14.271512846697517
2023-11-28,14.25680900754506
2023-11-29,14.38225153523726
2023-11-30,14.511037974865308
2023-12-01,14.60862164214417
2023-12-04,14.626547925157475
2023-12-05,14.520538804207886
2023-12-06,14.468748702485362
2023-12-07,14.542557851093445
2023-12-08,14.603534050050854
2023-12-11,14.694479744112543
2023-12-12,14.806526409002949
2023-12-13,15.060981490356289
2023-12-14,15.288544667387828
2023-12-15,15.149639850144334
2023-12-18,15.143737725231258
2023-12-19,15.3105142707195
2023-12-20,15.02308983108242
2023-12-21,15.15398461641566
2023-12-22,15.18894735919493
2023-12-26,15.254307477771146
2023-12-27,15.290726714649328
2023-12-28,15.344497153203378
2023-12-29,15.30966896135211
2024-01-02,15.406660137309416
2024-01-03,15.227689611024001
2024-01-04,15.294918036141873
2024-01-05,15.370823984489732
2024-01-08,15.431676631426201
2024-01-09,15.333672027143237
2024-01-10,15.37543806268032
2024-01-11,15.289820110280518
2024-01-12,15.121714336079181
2024-01-16,14.91018287750025
2024-01-17,14.82860167001321
2024-01-18,14.862026606481894
2024-01-19,15.118390863573534
2024-01-22,15.189752909969416
2024-01-23,15.187919438586594
2024-01-24,15.20346797933925
2024-01-25,15.26200036702287
2024-01-26,15.262240594935964
2024-01-29,15.293247038078542
2024-01-30,15.47595303227671
2024-01-31,15.222114825207715
2024-02-01,15.159359964600913
2024-02-02,15.301047160897705
2024-02-05,15.197336259402109
2024-02-06,15.212365749478469
2024-02-07,15.300806157781375
2024-02-08,15.299832454711128
2024-02-09,15.288284227173161
2024-02-13,15.335060256270786
2024-02-14,15.273380193628574
2024-02-15,15.550056160604877
2024-02-16,15.469424880190852
2024-02-20,15.442524897917252
2024-02-21,15.445455330611667
2024-02-22,15.628866407336188
2024-02-23,15.657177274794241
2024-02-26,15.575062059829206
2024-02-27,15.62251313559756
2024-02-28,15.626116915215231
2024-02-29,15.675829065921246
2024-03-01,15.606236057669035
2024-03-04,15.685527595094431
2024-03-05,15.693526597923217
2024-03-06,15.707702622625268
2024-03-07,15.708080385767722
2024-03-08,15.735946884870108
2024-03-11,15.763280249665945
2024-03-12,15.834365375318024
2024-03-13,15.930910233707461
2024-03-14,15.812448243781487
2024-03-15,15.796565890915465
2024-03-18,15.883783475013905
2024-03-19,15.97939274286495
2024-03-20,16.201675248068128
2024-03-21,16.333605809692756
2024-03-22,16.105504466749146
2024-03-25,16.058465260449246
2024-03-26,16.090605572627556
2024-03-27,16.318322262578004
2024-03-28,16.40606612204211
2024-04-01,16.289815731982173
2024-04-02,16.215030406424837
2024-04-03,16.194584319697494
2024-04-04,15.997085271282064
2024-04-05,16.15942287395308
2024-04-08,16.225387061646632
2024-04-09,16.122792240694338
2024-04-10,15.876875884959286
2024-04-11,15.731093311275078
2024-04-12,15.47312599053584
2024-04-15,15.347139425842341
2024-04-16,15.189965683223612
2024-04-17,15.188347643148113
2024-04-18,15.236908689541023
2024-04-19,15.397629187764066
2024-04-22,15.582737699089646
2024-04-23,15.651815070090562
2024-04-24,15.631242147634545
2024-04-25,15.518933166815357
2024-04-26,15.486802097236291
2024-04-29,15.288090112822143
2024-04-30,15.155410537683068
2024-05-01,15.134447176205725
2024-05-02,15.13384963062198
2024-05-03,15.3208634441008
2024-05-06,15.499149631112191
2024-05-07,15.548512505684318
2024-05-08,15.623796498436837
2024-05-09,15.707447530426768
2024-05-10,15.782534495726862
2024-05-13,15.716175084704469
2024-05-14,15.789873171800672
2024-05-15,15.902631416343125
2024-05-16,15.894659880520472
2024-05-17,15.991112899767042
2024-05-20,15.789735164735022
2024-05-21,15.882675177111963
2024-05-22,15.793765166906494
2024-05-23,15.563081888165527
2024-05-24,15.674606398116811
2024-05-28,15.500264729330254
2024-05-29,15.365192837740647
2024-05-30,15.461818182675037
2024-05-31,15.681650926914436
2024-06-03,15.59080479662121
2024-06-04,15.518597847127111
2024-06-05,15.545586253985796
2024-06-06,15.554990657095713
2024-06-07,15.607112348994372
2024-06-10,15.54278346800879
2024-06-11,15.303827694864614
2024-06-12,15.386460954983828
2024-06-13,15.334603242554037
2024-06-14,15.292068735354102
2024-06-17,15.442601745387982
2024-06-18,15.524657377103967
2024-06-20,15.633482242213665
2024-06-21,15.584133594908467
2024-06-24,15.82181170697139
2024-06-25,15.678858970289589
2024-06-26,15.612568384346796
2024-06-27,15.609889535565108
2024-06-28,15.644341451073915
2024-07-01,15.703406015998459
2024-07-02,15.822768013939301
2024-07-03,15.800339707407483
2024-07-05,15.740783282824808
2024-07-08,15.718992735853089
2024-07-09,15.859753717035819
2024-07-10,15.892221484190863
2024-07-11,16.03461097471762
2024-07-12,16.17245953440421
2024-07-15,16.270845931695835
2024-07-16,16.418774662875478
2024-07-17,16.534434012917476
2024-07-18,16.27781068735123
2024-07-19,16.07845239801906
2024-07-22,16.15394645879051
2024-07-23,16.11273751995843
2024-07-24,15.936768442054964
2024-07-25,15.938262449295864
2024-07-26,16.150167207308183
2024-07-29,16.08460599804787
2024-07-30,16.260332000565914
2024-07-31,16.170956877162684
2024-08-01,15.905493787758155
2024-08-02,15.502370784902945
2024-08-05,15.073426788732835
2024-08-06,15.286782425148223
2024-08-07,15.284667267891917
2024-08-08,15.541357292827275
2024-08-09,15.60231683753822
2024-08-12,15.517884830962236
2024-08-13,15.658297098799494
2024-08-14,15.859523230965882
2024-08-15,16.00268277297873
2024-08-16,16.09750968286112
2024-08-19,16.211388447866423
2024-08-20,16.112717495855474
2024-08-21,16.11734473288689
2024-08-22,16.200943235859313
2024-08-23,16.34910732805812
2024-08-26,16.397422429499777
2024-08-27,16.44634245907357
2024-08-28,16.53747827703391
2024-08-29,16.657929786995947
2024-08-30,16.827109018883416
2024-09-03,16.679849290902915
2024-09-04,16.691767210641824
2024-09-05,16.545605374345964
2024-09-06,16.2846343719695
2024-09-09,16.506221096664422
2024-09-10,16.28766625111286
2024-09-11,16.297387166630454
2024-09-12,16.29499445387143
2024-09-13,16.358986628595094
2024-09-16,16.56446507212595
2024-09-17,16.63516260677356
2024-09-18,16.60885557175825
2024-09-19,16.85118452640219
2024-09-20,16.743458039513467
2024-09-23,16.744807113555453
2024-09-24,16.710964100090774
2024-09-25,16.59202654389411
2024-09-26,16.735873559038264
2024-09-27,16.760386978177443
2024-09-30,16.8240513166421
2024-10-01,16.750683031517685
2024-10-02,16.780206596427384
2024-10-03,16.63807961277371
2024-10-04,17.054081230109887
2024-10-07,16.836768668363725
2024-10-08,16.892158429231372
2024-10-09,17.0805177811125
2024-10-10,17.018934982100795
2024-10-11,17.246030924611727
2024-10-14,17.32724910524155
2024-10-15,17.20238292390175
2024-10-16,17.397373753233957
2024-10-17,17.376163649844894
2024-10-18,17.355244893317614
2024-10-21,17.159634960663915
2024-10-22,17.18567207320039
2024-10-23,17.117599353546186
2024-10-24,17.090690010027927
2024-10-25,16.862218101241293
2024-10-28,17.054981918921488
2024-10-29,16.916964699817473
2024-10-30,16.97970281531566
2024-10-31,16.70446700920454
2024-11-01,16.774081696695983
2024-11-04,16.491162539096457
2024-11-05,16.679023799895887
2024-11-06,17.796710805170473
2024-11-07,17.382481828187444
2024-11-08,17.709684463431483
2024-11-11,17.764270285550243
2024-11-12,17.69843010286467
2024-11-13,17.709771282625766
2024-11-14,17.661101689259358
2024-11-15,17.77978420717904
2024-11-18,17.802226587281393
2024-11-19,17.6678504312589
2024-11-20,17.599613331446708
2024-11-21,17.85824953383307
2024-11-22,18.047493204979034
2024-11-25,18.159088078882096
2024-11-26,18.18116421107288
2024-11-27,18.2260608007371
2024-11-29,18.2216558120301
2024-12-02,18.039722330453202
2024-12-03,17.943928073536355
2024-12-04,17.861290861707065
2024-12-05,17.92072524933618
2024-12-06,17.90162611897902
2024-12-09,17.638001461408116
2024-12-10,17.58906647742519
2024-12-11,17.610842113213153
2024-12-13,17.522522175479807
2024-12-16,17.509981451389603
2024-12-17,17.357162116194868
2024-12-18,16.80509152728696
2024-12-19,16.828200536349524
2024-12-20,17.167570359597487
2024-12-23,17.188673616787042
2024-12-24,17.39323786411017
2024-12-26,17.511009859669315
2024-12-27,17.364118625956944
2024-12-30,17.210472685714137
2024-12-31,17.223660737350997
2025-01-02,17.187712744505177
2025-01-03,17.321355243689435
2025-01-06,17.259973004408728
2025-01-07,17.226707565562545
2025-01-08,17.204632481138226
2025-01-10,16.76055139034501
2025-01-13,16.901215048278395
2025-01-14,17.16795378211473
2025-01-15,17.41635599209948
2025-01-16,17.247229579467295
2025-01-17,17.343416805226358
2025-01-21,17.47503045052573
2025-01-22,17.392260749590537
2025-01-23,17.471354126092567
2025-01-24,17.511307156399816
2025-01-27,17.700450423648583
2025-01-28,17.726561807048075
2025-01-29,17.70716776567453
2025-01-30,17.76305653584926
2025-01-31,17.679461459607463
2025-02-03,17.531450536777754
2025-02-04,17.49911929885761
2025-02-05,17.645013264495862
2025-02-06,17.818830762293558
2025-02-07,17.687583736839137
2025-02-10,17.521379860643773
2025-02-11,17.586251359465486
2025-02-12,17.51820650298888
2025-02-13,17.631360781431557
2025-02-14,17.709711142685364
2025-02-18,17.847073458038018
2025-02-19,17.808712671204916
2025-02-20,17.507925405001128
2025-02-21,17.230422565874772
2025-02-24,17.223988503198907
2025-02-25,17.20223534105764
2025-02-26,17.216114719846985
2025-02-27,17.28639933730001
2025-02-28,17.661497574574902
2025-03-03,17.469060832373536
2025-03-04,16.841085409939527
2025-03-05,16.990899056766533
2025-03-06,16.693123926949905
2025-03-07,16.6009453496385
2025-03-10,16.120960420687393
2025-03-11,16.002462595056702
2025-03-12,16.05441450156384
2025-03-13,15.93599012889244
2025-03-14,16.342388980836546
2025-03-17,16.519069254055623
2025-03-18,16.507371752854304
2025-03-19,16.705858904860772
2025-03-20,16.72947762047585
2025-03-21,16.6867917861654
2025-03-24,17.01180427140872
2025-03-25,17.09654568145086
2025-03-26,17.030185390050015
2025-03-27,16.94075060078133
2025-03-28,16.591953123157168
2025-03-31,16.79537789815479
2025-04-01,16.78052237279131
2025-04-02,16.971617666577075
2025-04-03,15.916990056725075
2025-04-04,14.75034336170821
2025-04-07,14.83612620256609
2025-04-08,14.825826980290824
2025-04-09,16.035459101688712
2025-04-10,15.494152893110577
2025-04-11,15.701541803667817
2025-04-14,15.89656791316742
2025-04-15,15.901157810764865
2025-04-16,15.605325481248517
2025-04-17,15.622207638373835
2025-04-21,15.320665124245862
2025-04-22,15.991229334418776
2025-04-23,16.193765665035663
2025-04-24,16.349982958229344
2025-04-25,16.246542173673223
2025-04-28,16.2963738446897
2025-04-29,16.40564232507087
2025-04-30,16.374966584576434
2025-05-01,16.32126935181796
2025-05-02,16.59764340043133
2025-05-05,16.44410201183496
2025-05-06,16.296760478668507
2025-05-07,16.398315322599338
2025-05-08,16.577663893018382
2025-05-09,16.53260444483397
2025-05-12,16.95152244114025
2025-05-13,16.974640450107568
2025-05-14,16.906792619140294
2025-05-15,16.987989362598114
2025-05-16,17.097343542882722
2025-05-19,17.12388907886514
2025-05-20,17.103734025981506
2025-05-21,16.721029662093994
2025-05-22,16.733107075657944
2025-05-23,16.657594789596985
2025-05-27,16.97598285267338
2025-05-28,16.820396556693126
2025-05-29,16.913700635098945
2025-05-30,16.92221446234704
2025-06-02,16.956994734910626
2025-06-03,17.016882842687053
2025-06-04,16.868923476424076
2025-06-05,16.84845313468321
2025-06-06,17.071874283851834
2025-06-09,16.970353285141613
2025-06-10,16.95374254366604
2025-06-11,16.92177683359466
2025-06-12,16.95476179186917
2025-06-13,16.62030366191707
2025-06-16,16.801158674417955
2025-06-17,16.67549818275124
2025-06-18,16.80126221939983
2025-06-20,16.869587388711516
2025-06-23,16.97728345140337
2025-06-24,17.20372894439969
2025-06-25,17.198696166065847
2025-06-26,17.340651339155436
2025-06-27,17.35985563771502
2025-06-30,17.511983442975342
2025-07-01,17.63223569711052
2025-07-02,17.594521545279047
2025-07-03,17.77589050986196
2025-07-07,17.586776354189098
2025-07-08,17.410272457104952
2025-07-09,17.439145096778844
2025-07-10,17.57960766713357
2025-07-11,17.405800040094768
2025-07-14,17.486719110503074
2025-07-15,17.00273862745863
2025-07-16,16.95942844308134
2025-07-17,17.124789202881388
2025-07-18,17.06285405300333
2025-07-21,17.00739566296763
2025-07-22,17.096832877519592
2025-07-23,17.18180857064457
2025-07-24,17.104673404406316
2025-07-25,17.238536569539157
2025-07-28,17.098337108352176
2025-07-29,16.986044160808333
2025-07-30,16.917722238086615
2025-07-31,16.746079284735213
2025-08-01,16.937908241634034
2025-08-04,17.012616517967423
2025-08-05,16.465634530589465
2025-08-06,16.520544989535768
2025-08-07,16.312680980173138
2025-08-08,16.47013727869806
2025-08-11,16.448721175979596
2025-08-12,16.686202289608595
2025-08-13,16.734900538866597
2025-08-14,16.845432279802914
2025-08-15,16.62658986760434
2025-08-18,16.679308325399273
2025-08-19,16.697529832513062
2025-08-20,16.774080311467852
2025-08-21,16.716300384449042
2025-08-22,17.019641446581673
2025-08-25,16.9066606253304
2025-08-26,17.03321258086487
2025-08-27,17.069226672883936
2025-08-28,17.081942072045923
2025-08-29,17.145682409744502
2025-09-02,17.014737278567413
2025-09-03,16.988723314871454
2025-09-04,17.17578397534321
2025-09-05,16.791872640620802
2025-09-08,16.793685754716247
2025-09-09,16.887954326994723
2025-09-10,16.831732542089675
2025-09-11,17.084520653252095
2025-09-12,17.036134453767964
2025-09-15,16.966192027946956
2025-09-16,16.91698516221214
2025-09-17,17.102914794957
2025-09-18,17.145670112274566
2025-09-19,17.12593029062723
2025-09-22,17.09364653304644
2025-09-23,17.220709639425365
2025-09-24,17.16841021220473
2025-09-25,17.12625886531366
2025-09-26,17.24132517209768
2025-09-29,17.263923462161323
2025-09-30,17.19478072007985
2025-10-01,17.019895253729572
2025-10-02,17.000534874780282
2025-10-03,17.15001018263623
2025-10-06,17.099123638044745
2025-10-07,17.100613681945003
2025-10-08,16.977463689190586
2025-10-09,16.930189275037375
2025-10-10,16.551441212373675
2025-10-13,16.731470259418476
2025-10-14,16.926384040630943
2025-10-15,16.5549921644746
2025-10-16,16.005128070788693
2025-10-17,16.119701876283344
2025-10-20,16.300518787778522
2025-10-21,16.216637884361596
2025-10-22,16.12448907140361
2025-10-23,16.139067681582237
2025-10-24,16.32540355492598
2025-10-27,16.387862027063495
2025-10-28,16.254483857782787
2025-10-29,15.899613688792947
2025-10-30,16.03223622431899
2025-10-31,16.005775624177225
2025-11-03,15.95933824058403
2025-11-04,16.016274000828783
2025-11-05,16.053299940236332
2025-11-06,16.012487019854408
2025-11-07,16.097980986232873
2025-11-10,16.161824472192613
2025-11-11,16.216638663454056
2025-11-12,16.376758496762534
2025-11-13,16.136615715774195
2025-11-14,15.998989822038105
2025-11-17,15.669089012085449
2025-11-18,15.667662987631001
2025-11-19,15.720461728002867
2025-11-20,15.577846827328374
2025-11-21,15.74830557418203
2025-11-24,15.804202624027846
2025-11-25,16.00867081422195
2025-11-26,16.121240471259974
2025-11-28,16.229960891011768
2025-12-01,16.127510437846222
2025-12-02,16.10417002086441
2025-12-03,16.31149786923308
2025-12-04,16.366373207544378
2025-12-05,16.343704373913116
2025-12-08,16.294924442748048
2025-12-09,16.21396184478106
2025-12-10,16.439004777838413
2025-12-11,16.70208159999942
2025-12-12,16.766322726130337
2025-12-15,16.800492314526586
2025-12-16,16.660601269495665
2025-12-17,16.667618882863767
2025-12-18,16.6304294262722
2025-12-19,16.72486413686416
2025-12-22,16.92362080598931
2025-12-23,16.975191124705262
2025-12-24,17.069921692866036
2025-12-29,16.932232041605108
2025-12-30,16.947294603863764
2025-12-31,16.775389164351864
2026-01-01,16.775356250401742
2026-01-02,16.83191169781183
2026-01-05,17.146907850484535
2026-01-06,17.23086928639438
2026-01-07,16.98632271711985
2026-01-08,17.10947244398087
2026-01-09,17.034139189483078
2026-01-12,16.87065334497311
2026-01-13,16.473688040036013
2026-01-14,16.366206500198672
2026-01-15,16.378614194605944
2026-01-16,16.343224099667975
2026-01-20,15.961648904430087
2026-01-21,16.02467682220461
2026-01-22,16.10268898151523
2026-01-23,15.860705826471145
2026-01-26,15.993877653894478
2026-01-27,15.876661622669637
2026-01-28,15.836379576004582
2026-01-29,15.960095365860017
2026-01-30,15.918963404812326
2026-02-02,16.04705014715893
2026-02-03,15.89146010052066
2026-02-04,16.021393030587785
2026-02-05,15.77225869245321
2026-02-06,16.08707265432058
2026-02-09,15.960917353224316
2026-02-10,15.834061270246787
2026-02-11,15.598546115577761
2026-02-12,15.255074468232785
2026-02-13,15.293796470048274
2026-02-17,15.441679934172477
2026-02-18,15.558623540621497
2026-02-19,15.398494157992841
2026-02-20,15.511842599360948
2026-02-23,14.953484170040678
2026-02-24,15.020976804515445
2026-02-25,15.286107833870458
2026-02-26,15.45746802896836
2026-02-27,15.063772347524587
2026-03-02,15.01010154720346
2026-03-03,14.959402948100095
2026-03-04,15.03841764601879
2026-03-05,14.953592161440831
2026-03-06,14.747810281681424
2026-03-09,14.910283838792395
2026-03-10,14.858336465245241
2026-03-11,14.72074960343933
2026-03-12,14.44976297665195
2026-03-13,14.478057151448413
2026-03-16,14.59626639934028
2026-03-17,14.697840365865336
2026-03-18,14.533849529791981
2026-03-19,14.516767922235061
2026-03-20,14.549616419671443
2026-03-23,14.682613790702275
2026-03-24,14.718837630989256
2026-03-25,14.710081406277826
2026-03-26,14.604044016758282
2026-03-27,14.2646165854399
2026-03-30,14.400809611080446
2026-03-31,14.749674411130155
2026-04-01,14.738782203447945
2026-04-02,14.769471151593349
2026-04-06,14.834543013197301
2026-04-07,14.830583814327456
2026-04-08,15.262018747821426
2026-04-09,15.29205653277822
2026-04-10,15.106789706592775
2026-04-13,15.365616598612247
2026-04-14,15.302242309786877
2026-04-15,15.345961764866018
2026-04-16,15.275162470699177
2026-04-17,15.396520830125496
2026-04-20,15.451619959760066
2026-04-21,15.328796633400973
2026-04-22,15.269863292036362
2026-04-23,15.155190863555832
2026-04-24,15.026090683116516
2026-04-27,15.158410560583379
2026-04-28,15.131255582053017
2026-04-29,15.098639918404986
2026-04-30,15.20272922412157
2026-05-01,15.05862452362776
2026-05-04,14.963854557208599
2026-05-05,14.993088806532567
2026-05-06,15.027599751321894
2026-05-07,14.900012554095747
2026-05-08,14.783443532749683
2026-05-11,14.775381334498631
2026-05-12,14.936318062014761
2026-05-13,14.750808296721859
2026-05-14,14.76915065746426
2026-05-15,14.801555783412546
2026-05-18,14.961704174501344
2026-05-19,14.796426144368498
2026-05-20,14.967586648554732
2026-05-21,14.969735285409643
2026-05-22,15.010878734711989
2026-05-26,15.003302259726864
2026-05-27,14.838018647834927
2026-05-28,14.800782354878478
2026-05-29,14.898501091251907
2026-06-01,14.858896806080406
2026-06-02,14.904563328005919
2026-06-03,14.6662169677272
2026-06-04,15.08122757011833
2026-06-05,15.094746650752606
2026-06-08,14.986579295749253
2026-06-09,15.15105017956026
2026-06-10,15.076711205803235
2026-06-11,15.196539927061362
2026-06-12,15.39685149930066
2026-06-15,15.405673939918355
2026-06-16,15.644789920637002
2026-06-17,15.581467540707035
2026-06-18,15.430609953987856
2026-06-22,15.419490176541993
2026-06-23,15.587981842830104
2026-06-24,15.572698991760914
2026-06-25,15.471955740994336
2026-06-26,15.465306508242186
2026-06-29,15.4716274871098
2026-06-30,15.429484044879532
2026-07-01,15.77372613218584
2026-07-02,15.990619306195612
2026-07-06,16.124843182072365
2026-07-07,16.126430143601475
2026-07-08,15.768985634542169
2026-07-09,15.932234873843534
2026-07-10,15.956807596827097
2026-07-13,16.021929326037835
2026-07-14,15.835315731155369
2026-07-15,15.894006719216385
2026-07-16,15.927677045610201
2026-07-17,15.764883726724278
2026-07-20,15.640577545631466
2026-07-21,15.615963282871357
2026-07-22,15.55540392910615
2026-07-23,15.481981723855702
2026-07-24,15.617092547505537
2026-07-27,15.737984465055387
2026-07-28,15.908973777301274
2026-07-29,15.621035645615843
2026-07-30,15.74432671414272
2026-07-31,15.72892188541312
2026-08-03,15.785144018178835
2026-08-04,15.901272238916864
2026-08-05,15.928024924083228
2026-08-06,15.836258670623101
2026-08-07,15.791409216685608
2026-08-10,15.741239388592739
2026-08-11,15.757436583220803
2026-08-12,15.78121224163799
2026-08-13,15.855359267651984
2026-08-14,15.850191575091385
2026-08-17,15.663702820518111
2026-08-18,15.720795025013102
2026-08-19,15.595053966465407
2026-08-20,15.44877130273712
2026-08-21,15.48183375648965
