date,forward_pe
2003-06-11,16.682874
2003-06-12,16.526375
2003-06-13,16.302231
2003-06-16,16.313774
2003-06-17,16.112414
2003-06-18,15.935112
2003-06-19,15.874503
2003-06-20,15.842922
2003-06-23,15.875915
2003-06-24,15.872201
2003-06-25,15.743641
2003-06-26,15.700409
2003-06-27,15.57142
2003-06-30,15.460914
2003-07-01,15.440385
2003-07-02,15.454487
2003-07-03,15.356442
2003-07-07,15.315099
2003-07-08,15.235685
2003-07-09,15.30527
2003-07-10,15.102709
2003-07-11,15.210039
2003-07-14,15.047401
2003-07-15,14.969799
2003-07-16,14.865334
2003-07-17,14.912706
2003-07-18,15.235306
2003-07-21,15.079453
2003-07-22,15.094909
2003-07-23,14.982942
2003-07-24,14.746364
2003-07-25,15.027472
2003-07-28,15.009997
2003-07-29,14.785568
2003-07-30,14.843471
2003-07-31,15.087318
2003-08-01,14.937549
2003-08-04,14.912269
2003-08-05,14.894811
2003-08-06,15.098713
2003-08-07,15.416049
2003-08-08,15.485392
2003-08-11,15.545148
2003-08-12,15.65984
2003-08-13,15.626317
2003-08-14,15.743319
2003-08-15,15.68016
2003-08-18,15.714944
2003-08-19,15.637636
2003-08-20,15.716483
2003-08-21,15.786295
2003-08-22,15.536473
2003-08-25,15.575267
2003-08-26,15.485094
2003-08-27,15.562881
2003-08-28,15.786492
2003-08-29,15.820173
2003-09-02,15.911502
2003-09-03,15.902047
2003-09-04,15.847031
2003-09-05,15.582261
2003-09-08,15.732692
2003-09-09,15.52443
2003-09-10,15.42538
2003-09-11,15.407896
2003-09-12,15.340555
2003-09-15,15.249636
2003-09-16,15.277777
2003-09-17,15.005514
2003-09-18,15.104183
2003-09-19,15.163438
2003-09-22,15.098056
2003-09-23,15.182804
2003-09-24,15.116504
2003-09-25,14.923979
2003-09-26,14.780751
2003-09-29,14.866474
2003-09-30,14.786067
2003-10-01,15.09131
2003-10-02,15.066217
2003-10-03,15.135032
2003-10-06,15.262046
2003-10-07,15.466719
2003-10-08,15.255408
2003-10-09,15.177436
2003-10-10,15.270982
2003-10-13,15.303623
2003-10-14,15.210053
2003-10-15,14.952512
2003-10-16,15.096868
2003-10-17,14.99282
2003-10-20,14.955121
2003-10-21,14.957711
2003-10-22,14.716037
2003-10-23,14.836787
2003-10-24,14.828292
2003-10-27,14.783034
2003-10-28,14.843117
2003-10-29,14.908834
2003-10-30,14.91904
2003-10-31,15.337914
2003-11-03,15.359439
2003-11-04,15.312995
2003-11-05,15.247073
2003-11-06,15.301185
2003-11-07,15.330716
2003-11-10,15.319009
2003-11-11,15.353815
2003-11-12,15.410979
2003-11-13,15.575433
2003-11-14,15.508879
2003-11-17,15.330693
2003-11-18,15.205703
2003-11-19,15.277914
2003-11-20,15.21091
2003-11-21,15.1227
2003-11-24,15.162336
2003-11-25,15.271928
2003-11-26,15.416372
2003-11-28,15.377417
2003-12-01,15.507202
2003-12-02,15.584485
2003-12-03,15.568062
2003-12-04,15.890503
2003-12-05,15.922775
2003-12-08,16.094202
2003-12-09,16.009275
2003-12-10,16.025824
2003-12-11,16.087956
2003-12-12,16.220361
2003-12-15,16.050029
2003-12-16,16.297146
2003-12-17,16.177841
2003-12-18,16.544065
2003-12-19,16.454599
2003-12-22,16.405188
2003-12-23,16.370808
2003-12-24,16.478394
2003-12-26,16.547376
2003-12-29,16.762534
2003-12-30,16.78777
2003-12-31,16.802611
2004-01-02,16.670274
2004-01-05,17.02178
2004-01-06,16.902071
2004-01-07,16.749986
2004-01-08,16.707467
2004-01-09,16.638127
2004-01-12,16.726829
2004-01-13,16.689543
2004-01-14,16.674029
2004-01-15,16.394716
2004-01-16,16.536653
2004-01-20,16.855451
2004-01-21,17.016757
2004-01-22,16.91018
2004-01-23,16.930272
2004-01-26,17.038389
2004-01-27,16.961726
2004-01-28,16.727909
2004-01-29,16.780046
2004-01-30,16.321345
2004-02-02,16.276427
2004-02-03,16.385296
2004-02-04,16.284824
2004-02-05,16.202339
2004-02-06,16.311851
2004-02-09,16.460195
2004-02-10,16.654111
2004-02-11,16.908833
2004-02-12,16.902182
2004-02-13,16.84968
2004-02-17,17.080174
2004-02-18,16.88816
2004-02-19,16.914906
2004-02-20,16.924571
2004-02-23,17.073261
2004-02-24,17.046679
2004-02-25,17.111559
2004-02-26,17.084902
2004-02-27,17.057501
2004-03-01,17.136739
2004-03-02,16.907945
2004-03-03,16.848931
2004-03-04,16.636351
2004-03-05,16.712478
2004-03-08,16.738344
2004-03-09,16.67259
2004-03-10,16.424185
2004-03-11,16.044731
2004-03-12,16.305749
2004-03-15,16.232455
2004-03-16,16.206804
2004-03-17,16.390046
2004-03-18,16.432486
2004-03-19,16.103245
2004-03-22,15.862344
2004-03-23,15.771801
2004-03-24,15.425116
2004-03-25,15.380707
2004-03-26,15.502916
2004-03-29,15.580442
2004-03-30,15.831339
2004-03-31,15.922112
2004-04-01,15.534845
2004-04-02,15.568921
2004-04-05,15.633325
2004-04-06,15.60581
2004-04-07,15.544416
2004-04-08,15.704816
2004-04-12,15.889334
2004-04-13,15.693549
2004-04-14,15.714191
2004-04-15,15.845377
2004-04-16,15.850255
2004-04-19,15.819754
2004-04-20,15.462761
2004-04-21,15.45072
2004-04-22,15.714407
2004-04-23,15.592818
2004-04-26,15.602509
2004-04-27,15.845023
2004-04-28,15.647808
2004-04-29,15.458728
2004-04-30,15.42585
2004-05-03,15.866833
2004-05-04,15.787374
2004-05-05,15.861002
2004-05-06,15.771575
2004-05-07,15.478532
2004-05-10,15.042703
2004-05-11,15.207381
2004-05-12,15.318146
2004-05-13,15.255341
2004-05-14,15.416231
2004-05-17,15.34912
2004-05-18,15.011243
2004-05-19,14.937559
2004-05-20,14.86815
2004-05-21,14.824134
2004-05-24,15.06984
2004-05-25,15.232283
2004-05-26,15.015746
2004-05-27,14.236123
2004-05-28,14.106728
2004-06-01,14.267448
2004-06-02,14.214822
2004-06-03,14.030346
2004-06-04,13.842382
2004-06-07,14.036658
2004-06-08,13.963959
2004-06-09,13.849602
2004-06-10,14.016706
2004-06-14,13.882279
2004-06-15,14.018243
2004-06-16,14.263654
2004-06-17,14.328838
2004-06-18,14.381018
2004-06-21,14.179109
2004-06-22,14.146841
2004-06-23,14.376595
2004-06-24,14.278771
2004-06-25,14.078438
2004-06-28,13.924605
2004-06-29,13.983087
2004-06-30,14.061476
2004-07-01,14.075051
2004-07-02,14.096755
2004-07-06,14.14892
2004-07-07,14.052694
2004-07-08,13.938832
2004-07-09,13.999437
2004-07-12,13.952988
2004-07-13,13.902282
2004-07-14,13.953018
2004-07-15,13.972814
2004-07-16,14.067055
2004-07-19,14.026244
2004-07-20,13.990508
2004-07-21,13.716506
2004-07-22,13.763412
2004-07-23,13.624422
2004-07-26,13.533693
2004-07-27,13.582398
2004-07-28,13.910581
2004-07-29,14.310144
2004-07-30,14.509743
2004-08-02,14.484763
2004-08-03,14.65084
2004-08-04,14.3454
2004-08-05,14.201715
2004-08-06,13.948808
2004-08-09,14.112788
2004-08-10,14.029925
2004-08-11,13.825601
2004-08-12,13.65496
2004-08-13,13.783328
2004-08-16,13.865085
2004-08-17,13.571667
2004-08-18,13.675176
2004-08-19,13.707137
2004-08-20,13.818231
2004-08-23,13.669654
2004-08-24,13.60227
2004-08-25,13.686668
2004-08-26,13.774037
2004-08-27,13.843886
2004-08-30,13.642382
2004-08-31,13.898772
2004-09-01,13.865402
2004-09-02,13.994703
2004-09-03,14.018085
2004-09-07,13.979157
2004-09-08,13.908641
2004-09-09,14.062186
2004-09-10,13.985061
2004-09-13,14.089658
2004-09-14,14.119288
2004-09-15,14.052483
2004-09-16,14.081294
2004-09-17,14.309721
2004-09-20,14.235135
2004-09-21,14.475522
2004-09-22,14.349389
2004-09-23,14.162801
2004-09-24,14.208551
2004-09-27,14.23674
2004-09-28,14.399617
2004-09-29,14.147704
2004-09-30,13.899162
2004-10-01,13.968401
2004-10-04,13.820441
2004-10-05,13.922543
2004-10-06,14.12925
2004-10-07,13.964015
2004-10-08,13.992257
2004-10-11,13.859515
2004-10-12,13.702596
2004-10-13,13.414961
2004-10-14,12.95903
2004-10-15,12.952888
2004-10-18,12.75883
2004-10-19,12.557164
2004-10-20,12.801588
2004-10-21,12.837355
2004-10-22,12.750208
2004-10-25,12.776668
2004-10-26,12.888247
2004-10-27,12.709451
2004-10-28,12.61757
2004-10-29,12.75903
2004-11-01,12.636221
2004-11-02,12.466287
2004-11-03,12.708515
2004-11-04,12.909189
2004-11-05,12.936028
2004-11-08,12.750943
2004-11-09,12.609215
2004-11-10,12.729311
2004-11-11,12.615762
2004-11-12,12.862697
2004-11-15,12.587027
2004-11-16,12.570026
2004-11-17,12.755836
2004-11-18,12.801636
2004-11-19,12.92899
2004-11-22,12.89662
2004-11-23,12.93999
2004-11-24,13.037602
2004-11-26,13.108108
2004-11-29,13.024588
2004-11-30,13.009397
2004-12-01,12.758644
2004-12-02,12.45078
2004-12-03,12.511088
2004-12-06,12.500915
2004-12-07,12.33156
2004-12-08,12.641089
2004-12-09,12.726726
2004-12-10,12.658451
2004-12-13,12.842329
2004-12-14,12.786548
2004-12-15,12.837491
2004-12-16,12.703335
2004-12-17,12.648629
2004-12-20,12.839585
2004-12-21,12.941092
2004-12-22,12.811289
2004-12-23,12.866871
2004-12-27,12.644529
2004-12-28,12.723869
2004-12-29,12.799277
2004-12-30,12.754326
2004-12-31,12.784724
2005-01-03,12.34336
2005-01-04,12.265075
2005-01-05,12.217641
2005-01-06,12.421766
2005-01-07,12.295883
2005-01-10,12.363447
2005-01-11,12.377465
2005-01-12,12.586743
2005-01-13,12.614622
2005-01-14,12.720038
2005-01-18,12.846983
2005-01-19,12.773646
2005-01-20,12.682847
2005-01-21,12.674199
2005-01-24,12.772451
2005-01-25,12.841344
2005-01-26,13.066981
2005-01-27,13.059738
2005-01-28,13.055433
2005-01-31,13.095123
2005-02-01,13.325031
2005-02-02,13.416205
2005-02-03,13.480954
2005-02-04,13.582701
2005-02-07,13.43274
2005-02-08,13.522283
2005-02-09,13.488258
2005-02-10,13.80434
2005-02-11,13.85235
2005-02-14,13.903738
2005-02-15,13.746609
2005-02-16,14.072343
2005-02-17,13.906964
2005-02-18,14.203683
2005-02-22,14.012129
2005-02-23,14.225526
2005-02-24,14.329614
2005-02-25,14.70859
2005-02-28,14.669699
2005-03-01,14.262258
2005-03-02,14.435089
2005-03-03,14.588117
2005-03-04,14.745647
2005-03-07,14.508224
2005-03-08,14.384979
2005-03-09,13.90353
2005-03-10,13.622668
2005-03-11,13.711545
2005-03-14,13.856962
2005-03-15,13.654878
2005-03-16,13.682862
2005-03-17,13.910611
2005-03-18,14.11012
2005-03-21,13.981333
2005-03-22,13.684801
2005-03-23,13.403822
2005-03-24,13.306396
2005-03-28,13.204573
2005-03-29,13.028106
2005-03-30,13.118138
2005-03-31,13.319466
2005-04-01,13.574123
2005-04-04,13.437564
2005-04-05,13.276723
2005-04-06,13.491206
2005-04-07,13.364299
2005-04-08,13.089657
2005-04-11,13.128828
2005-04-12,12.903974
2005-04-13,12.599637
2005-04-14,12.519988
2005-04-15,12.013243
2005-04-18,12.129639
2005-04-19,12.390184
2005-04-20,12.104194
2005-04-21,12.474388
2005-04-22,12.455954
2005-04-25,12.542405
2005-04-26,12.34395
2005-04-27,12.042854
2005-04-28,11.987775
2005-04-29,12.097617
2005-05-02,12.338129
2005-05-03,11.980034
2005-05-04,11.948044
2005-05-05,12.043133
2005-05-06,12.011977
2005-05-09,12.153437
2005-05-10,11.882303
2005-05-11,11.934207
2005-05-12,11.400348
2005-05-13,11.206173
2005-05-16,11.115287
2005-05-17,11.221511
2005-05-18,11.199056
2005-05-19,11.407428
2005-05-20,11.295946
2005-05-23,11.472615
2005-05-24,11.549616
2005-05-25,11.682833
2005-05-26,11.764167
2005-05-27,11.933082
2005-05-31,11.826431
2005-06-01,11.977925
2005-06-02,11.997197
2005-06-03,11.995089
2005-06-06,12.054976
2005-06-07,11.960952
2005-06-08,11.934054
2005-06-09,12.272336
2005-06-10,12.263266
2005-06-13,12.287785
2005-06-14,12.226602
2005-06-15,12.379185
2005-06-16,12.543744
2005-06-17,12.743432
2005-06-20,12.708059
2005-06-21,12.44813
2005-06-22,12.514557
2005-06-23,12.466524
2005-06-24,12.173719
2005-06-27,12.37779
2005-06-28,12.175375
2005-06-29,12.05462
2005-06-30,11.928658
2005-07-01,12.14291
2005-07-05,12.288883
2005-07-06,12.06233
2005-07-07,12.161938
2005-07-08,12.040406
2005-07-11,11.964288
2005-07-12,12.037123
2005-07-13,11.97227
2005-07-14,11.703691
2005-07-15,11.611112
2005-07-18,11.550774
2005-07-19,11.713988
2005-07-20,11.781846
2005-07-21,11.548638
2005-07-22,11.918948
2005-07-25,11.948915
2005-07-26,11.918779
2005-07-27,11.978564
2005-07-28,12.077792
2005-07-29,11.929674
2005-08-01,11.977828
2005-08-02,12.09916
2005-08-03,12.000372
2005-08-04,11.849468
2005-08-05,11.635167
2005-08-08,11.732624
2005-08-09,11.736622
2005-08-10,11.907151
2005-08-11,11.785224
2005-08-12,11.761723
2005-08-15,11.657939
2005-08-16,11.329077
2005-08-17,11.052035
2005-08-18,11.030829
2005-08-19,11.154884
2005-08-22,11.16259
2005-08-23,11.134189
2005-08-24,11.165736
2005-08-25,11.159537
2005-08-26,11.012029
2005-08-29,11.086094
2005-08-30,11.211594
2005-08-31,11.496958
2005-09-01,11.764303
2005-09-02,11.551025
2005-09-06,11.487924
2005-09-07,11.511189
2005-09-08,11.427502
2005-09-09,11.671013
2005-09-12,11.017104
2005-09-13,10.909966
2005-09-14,11.039116
2005-09-15,10.974684
2005-09-16,11.030911
2005-09-19,11.240383
2005-09-20,11.087752
2005-09-21,11.19831
2005-09-22,11.13533
2005-09-23,10.920747
2005-09-26,11.033188
2005-09-27,10.97963
2005-09-28,11.077361
2005-09-29,11.140145
2005-09-30,10.968015
2005-10-03,10.849127
2005-10-04,10.487747
2005-10-05,10.153625
2005-10-06,9.972888
2005-10-07,10.116839
2005-10-10,9.938211
2005-10-11,10.085901
2005-10-12,9.921978
2005-10-13,9.688692
2005-10-14,9.768016
2005-10-17,9.856475
2005-10-18,9.350476
2005-10-19,9.537337
2005-10-20,9.135166
2005-10-21,9.147009
2005-10-24,9.385614
2005-10-25,9.558997
2005-10-26,9.430468
2005-10-27,9.212298
2005-10-28,9.326434
2005-10-31,9.339361
2005-11-01,9.372021
2005-11-02,9.550199
2005-11-03,9.711901
2005-11-04,9.487168
2005-11-07,9.319668
2005-11-08,9.36187
2005-11-09,9.291698
2005-11-10,9.026772
2005-11-11,9.075542
2005-11-14,9.122096
2005-11-15,9.114539
2005-11-16,9.311537
2005-11-17,9.334067
2005-11-18,9.373632
2005-11-21,9.569727
2005-11-22,9.701707
2005-11-23,9.677931
2005-11-25,9.704356
2005-11-28,9.39973
2005-11-29,9.396689
2005-11-30,9.40505
2005-12-01,9.662137
2005-12-02,9.662095
2005-12-05,9.73194
2005-12-06,9.803881
2005-12-07,9.736081
2005-12-08,9.886231
2005-12-09,9.761673
2005-12-12,9.865182
2005-12-13,9.837336
2005-12-14,9.961989
2005-12-15,9.884428
2005-12-16,9.649096
2005-12-19,9.621376
2005-12-20,9.701865
2005-12-21,9.720329
2005-12-22,9.693261
2005-12-23,9.670714
2005-12-27,9.419089
2005-12-28,9.536378
2005-12-29,9.476008
2005-12-30,9.50395
2006-01-03,9.932799
2006-01-04,9.956936
2006-01-05,9.850175
2006-01-06,10.040269
2006-01-09,10.039964
2006-01-10,10.137644
2006-01-11,10.204513
2006-01-12,10.118016
2006-01-13,10.256809
2006-01-17,10.415268
2006-01-18,10.278192
2006-01-19,10.463884
2006-01-20,10.498616
2006-01-23,10.632548
2006-01-24,10.531006
2006-01-25,10.34118
2006-01-26,10.361745
2006-01-27,10.558165
2006-01-30,10.769386
2006-01-31,10.666384
2006-02-01,10.462404
2006-02-02,10.403232
2006-02-03,10.3062
2006-02-06,10.394931
2006-02-07,10.026965
2006-02-08,10.023165
2006-02-09,9.831182
2006-02-10,9.789534
2006-02-13,9.782888
2006-02-14,9.670359
2006-02-15,9.650684
2006-02-16,9.811482
2006-02-17,9.89016
2006-02-21,10.046775
2006-02-22,9.908683
2006-02-23,9.870596
2006-02-24,9.985641
2006-02-27,9.84566
2006-02-28,9.761684
2006-03-01,9.91777
2006-03-02,10.065669
2006-03-03,10.064034
2006-03-06,9.794782
2006-03-07,9.682469
2006-03-08,9.713532
2006-03-09,9.625538
2006-03-10,9.658045
2006-03-13,9.822089
2006-03-14,10.010234
2006-03-15,10.062056
2006-03-16,10.209531
2006-03-17,10.108749
2006-03-20,9.941641
2006-03-21,9.924086
2006-03-22,10.015482
2006-03-23,10.110003
2006-03-24,10.169149
2006-03-27,10.243145
2006-03-28,10.298882
2006-03-29,10.405618
2006-03-30,10.399928
2006-03-31,10.257851
2006-04-03,10.186931
2006-04-04,10.335574
2006-04-05,10.524184
2006-04-06,10.55384
2006-04-07,10.390031
2006-04-10,10.540558
2006-04-11,10.482098
2006-04-12,10.418461
2006-04-13,10.444398
2006-04-17,10.57423
2006-04-18,10.812255
2006-04-19,10.991715
2006-04-20,10.880939
2006-04-21,11.071527
2006-04-24,10.857633
2006-04-25,10.684834
2006-04-26,10.44591
2006-04-27,10.301199
2006-04-28,10.481711
2006-05-01,10.580104
2006-05-02,10.813591
2006-05-03,10.657609
2006-05-04,10.565327
2006-05-05,10.657178
2006-05-08,10.613857
2006-05-09,10.6883
2006-05-10,10.741785
2006-05-11,10.614329
2006-05-12,10.166615
2006-05-15,9.977633
2006-05-16,10.00221
2006-05-17,9.735294
2006-05-18,9.61543
2006-05-19,9.684041
2006-05-22,9.645931
2006-05-23,9.649438
2006-05-24,9.530144
2006-05-25,9.833729
2006-05-26,9.81385
2006-05-30,9.614411
2006-05-31,9.73187
2006-06-01,9.773564
2006-06-02,9.850773
2006-06-05,9.55484
2006-06-06,9.597841
2006-06-07,9.274353
2006-06-08,9.348261
2006-06-09,9.25235
2006-06-12,9.078628
2006-06-13,8.810105
2006-06-14,9.031017
2006-06-15,9.354973
2006-06-16,9.273819
2006-06-19,8.982429
2006-06-20,8.928977
2006-06-21,9.100599
2006-06-22,9.140308
2006-06-23,9.250675
2006-06-26,9.348496
2006-06-27,9.559492
2006-06-28,9.774293
2006-06-29,10.012516
2006-06-30,10.026915
2006-07-03,10.150686
2006-07-05,10.182919
2006-07-06,10.116293
2006-07-07,9.773256
2006-07-10,9.758569
2006-07-11,9.934569
2006-07-12,9.867198
2006-07-13,9.796171
2006-07-14,9.911922
2006-07-17,9.64437
2006-07-18,9.661024
2006-07-19,9.72452
2006-07-20,9.510901
2006-07-21,9.345783
2006-07-24,9.602078
2006-07-25,9.746395
2006-07-26,9.92587
2006-07-27,9.819353
2006-07-28,9.542423
2006-07-31,9.689185
2006-08-01,9.765158
2006-08-02,9.756406
2006-08-03,9.649624
2006-08-04,9.59012
2006-08-07,9.637419
2006-08-08,9.586197
2006-08-09,9.631309
2006-08-10,9.569767
2006-08-11,9.571004
2006-08-14,9.422156
2006-08-15,9.381938
2006-08-16,9.301556
2006-08-17,9.266499
2006-08-18,9.410675
2006-08-21,9.485853
2006-08-22,9.537424
2006-08-23,9.399658
2006-08-24,9.639505
2006-08-25,9.665688
2006-08-28,9.539703
2006-08-29,9.535448
2006-08-30,9.382218
2006-08-31,9.298959
2006-09-01,9.401223
2006-09-05,9.497272
2006-09-06,9.229818
2006-09-07,9.245679
2006-09-08,9.058969
2006-09-11,8.838623
2006-09-12,8.832132
2006-09-13,8.981626
2006-09-14,8.828475
2006-09-15,8.827908
2006-09-18,9.049524
2006-09-19,8.906839
2006-09-20,8.694455
2006-09-21,8.822059
2006-09-22,8.780553
2006-09-25,8.800855
2006-09-26,8.955081
2006-09-27,9.38146
2006-09-28,9.386775
2006-09-29,9.473822
2006-10-02,9.456346
2006-10-03,9.174105
2006-10-04,9.35338
2006-10-05,9.493981
2006-10-06,9.508134
2006-10-09,9.380886
2006-10-10,9.502174
2006-10-11,9.446061
2006-10-12,9.648048
2006-10-13,9.780211
2006-10-16,10.045154
2006-10-17,10.05794
2006-10-18,9.986928
2006-10-19,10.150853
2006-10-20,10.052187
2006-10-23,10.058449
2006-10-24,10.172489
2006-10-25,10.329327
2006-10-26,10.28281
2006-10-27,10.19093
2006-10-30,10.000071
2006-10-31,10.028292
2006-11-01,9.955345
2006-11-02,9.902789
2006-11-03,10.09877
2006-11-06,10.186197
2006-11-07,10.104739
2006-11-08,10.28787
2006-11-09,10.368454
2006-11-10,10.276426
2006-11-13,10.280116
2006-11-14,10.30619
2006-11-15,10.387175
2006-11-16,10.086432
2006-11-17,10.174211
2006-11-20,10.142434
2006-11-21,10.273151
2006-11-22,10.215355
2006-11-24,10.172464
2006-11-27,10.135293
2006-11-28,10.350837
2006-11-29,10.660044
2006-11-30,10.742523
2006-12-01,10.791083
2006-12-04,10.804919
2006-12-05,10.849703
2006-12-06,10.778404
2006-12-07,10.720485
2006-12-08,10.719734
2006-12-11,10.705009
2006-12-12,10.736202
2006-12-13,10.848707
2006-12-14,11.021054
2006-12-15,10.889639
2006-12-18,10.650682
2006-12-19,10.823382
2006-12-20,10.696876
2006-12-21,10.64135
2006-12-22,10.560016
2006-12-26,10.578224
2006-12-27,10.696673
2006-12-28,10.719599
2006-12-29,10.644218
2007-01-03,10.296133
2007-01-04,10.083676
2007-01-05,10.147786
2007-01-08,10.182657
2007-01-09,10.107465
2007-01-10,9.95933
2007-01-11,9.978234
2007-01-12,10.261008
2007-01-16,10.203484
2007-01-17,10.337767
2007-01-18,10.265109
2007-01-19,10.511764
2007-01-22,10.496812
2007-01-23,10.794347
2007-01-24,10.866113
2007-01-25,10.627332
2007-01-26,10.680995
2007-01-29,10.640041
2007-01-30,10.860699
2007-01-31,10.879465
2007-02-01,11.117843
2007-02-02,11.149162
2007-02-05,11.140585
2007-02-06,11.138367
2007-02-07,11.077059
2007-02-08,11.206584
2007-02-09,11.166509
2007-02-12,11.031881
2007-02-13,11.171755
2007-02-14,11.162756
2007-02-15,11.048272
2007-02-16,11.041905
2007-02-20,10.96497
2007-02-21,11.048241
2007-02-22,11.157012
2007-02-23,11.169494
2007-02-26,11.229085
2007-02-27,10.78293
2007-02-28,10.781833
2007-03-01,10.759275
2007-03-02,10.59022
2007-03-05,10.470352
2007-03-06,10.608858
2007-03-07,10.759463
2007-03-08,10.817597
2007-03-09,10.777816
2007-03-12,10.743174
2007-03-13,10.603651
2007-03-14,10.748535
2007-03-15,10.701327
2007-03-16,10.625954
2007-03-19,10.828264
2007-03-20,10.900218
2007-03-21,11.124124
2007-03-22,11.318638
2007-03-23,11.389862
2007-03-26,11.484762
2007-03-27,11.547246
2007-03-28,11.504066
2007-03-29,11.61621
2007-03-30,11.471191
2007-04-02,11.590578
2007-04-03,11.643124
2007-04-04,11.644926
2007-04-05,11.672173
2007-04-09,11.66618
2007-04-10,11.820919
2007-04-11,11.72838
2007-04-12,11.872198
2007-04-13,11.86674
2007-04-16,11.955858
2007-04-17,11.908047
2007-04-18,11.829258
2007-04-19,11.695128
2007-04-20,11.888265
2007-04-23,11.858692
2007-04-24,11.780317
2007-04-25,11.878026
2007-04-26,11.631041
2007-04-27,11.454839
2007-04-30,11.336599
2007-05-01,11.345693
2007-05-02,11.374799
2007-05-03,11.436852
2007-05-04,11.399071
2007-05-07,11.413125
2007-05-08,11.4269
2007-05-09,11.447782
2007-05-10,11.214794
2007-05-11,11.48044
2007-05-14,11.509813
2007-05-15,11.493804
2007-05-16,11.517576
2007-05-17,11.608906
2007-05-18,11.791297
2007-05-21,11.899661
2007-05-22,11.778069
2007-05-23,11.805496
2007-05-24,11.635389
2007-05-25,11.798256
2007-05-29,11.655555
2007-05-30,11.888175
2007-05-31,11.779757
2007-06-01,11.873824
2007-06-04,12.017276
2007-06-05,12.002281
2007-06-06,11.851932
2007-06-07,11.57649
2007-06-08,11.638859
2007-06-11,11.720743
2007-06-12,11.57848
2007-06-13,11.83704
2007-06-14,12.057084
2007-06-15,12.188556
2007-06-18,12.226079
2007-06-19,12.214112
2007-06-20,11.830148
2007-06-21,12.059665
2007-06-22,11.813316
2007-06-25,11.721482
2007-06-26,11.546903
2007-06-27,11.637086
2007-06-28,11.560177
2007-06-29,11.622313
2007-07-02,11.814285
2007-07-03,11.891784
2007-07-05,11.913742
2007-07-06,12.017249
2007-07-09,12.139535
2007-07-10,11.985744
2007-07-11,11.988278
2007-07-12,12.248845
2007-07-13,12.349888
2007-07-16,12.219286
2007-07-17,12.006822
2007-07-18,12.195296
2007-07-19,12.349684
2007-07-20,12.262077
2007-07-23,12.232287
2007-07-24,11.849299
2007-07-25,12.082646
2007-07-26,11.715407
2007-07-27,11.43756
2007-07-30,11.535981
2007-07-31,11.550183
2007-08-01,11.502797
2007-08-02,11.399726
2007-08-03,11.002493
2007-08-06,11.167642
2007-08-07,11.406818
2007-08-08,11.652062
2007-08-09,11.254435
2007-08-10,11.390195
2007-08-13,11.297336
2007-08-14,11.218608
2007-08-15,10.958604
2007-08-16,10.919011
2007-08-17,11.303793
2007-08-20,11.354624
2007-08-21,11.190462
2007-08-22,11.306472
2007-08-23,11.385873
2007-08-24,11.62424
2007-08-27,11.529718
2007-08-28,11.335689
2007-08-29,11.694137
2007-08-30,11.685671
2007-08-31,11.792016
2007-09-04,12.128309
2007-09-05,12.112502
2007-09-06,12.190659
2007-09-07,12.007538
2007-09-10,11.940241
2007-09-11,12.149313
2007-09-12,12.143886
2007-09-13,12.254901
2007-09-14,12.286119
2007-09-17,12.321539
2007-09-18,12.70198
2007-09-19,12.799946
2007-09-20,12.84128
2007-09-21,12.919683
2007-09-24,12.838393
2007-09-25,12.479604
2007-09-26,12.512698
2007-09-27,12.608637
2007-09-28,12.552193
2007-10-01,12.72207
2007-10-02,12.447967
2007-10-03,12.287247
2007-10-04,12.304484
2007-10-05,12.359523
2007-10-08,12.259901
2007-10-09,12.450875
2007-10-10,12.681105
2007-10-11,12.640852
2007-10-12,12.705234
2007-10-15,12.86126
2007-10-16,12.896685
2007-10-17,12.799587
2007-10-18,12.85385
2007-10-19,12.224227
2007-10-22,11.88588
2007-10-23,12.027268
2007-10-24,12.100124
2007-10-25,12.105156
2007-10-26,12.263381
2007-10-29,12.339786
2007-10-30,12.149941
2007-10-31,12.374269
2007-11-01,11.923433
2007-11-02,12.035611
2007-11-05,11.972008
2007-11-06,12.135055
2007-11-07,11.739236
2007-11-08,11.907653
2007-11-09,11.610253
2007-11-12,11.132762
2007-11-13,11.394179
2007-11-14,11.34663
2007-11-15,11.02414
2007-11-16,11.357525
2007-11-19,11.03935
2007-11-20,11.389905
2007-11-21,11.195506
2007-11-23,11.394086
2007-11-26,11.069104
2007-11-27,10.950375
2007-11-28,11.138198
2007-11-29,11.241032
2007-11-30,11.314732
2007-12-03,11.338365
2007-12-04,11.233696
2007-12-05,11.443736
2007-12-06,11.72403
2007-12-07,11.699026
2007-12-10,11.769734
2007-12-11,11.544275
2007-12-12,11.815861
2007-12-13,11.882274
2007-12-14,11.641424
2007-12-17,11.396537
2007-12-18,11.5501
2007-12-19,11.580602
2007-12-20,11.659662
2007-12-21,11.967921
2007-12-24,12.047339
2007-12-26,12.188892
2007-12-27,12.064169
2007-12-28,12.18372
2007-12-31,12.029042
2008-01-02,12.105823
2008-01-03,12.182742
2008-01-04,11.856438
2008-01-07,11.67854
2008-01-08,11.516474
2008-01-09,11.592808
2008-01-10,11.527042
2008-01-11,11.371829
2008-01-14,11.553597
2008-01-15,11.142686
2008-01-16,10.793641
2008-01-17,10.365682
2008-01-18,10.398242
2008-01-22,10.066454
2008-01-23,10.129282
2008-01-24,10.443864
2008-01-25,10.275048
2008-01-28,10.450472
2008-01-29,10.53985
2008-01-30,10.513352
2008-01-31,10.533426
2008-02-01,10.749555
2008-02-04,10.744847
2008-02-05,10.345535
2008-02-06,10.219155
2008-02-07,10.316043
2008-02-08,10.444425
2008-02-11,10.676381
2008-02-12,10.695078
2008-02-13,10.935496
2008-02-14,10.934219
2008-02-15,10.910265
2008-02-19,11.186784
2008-02-20,11.327169
2008-02-21,11.081988
2008-02-22,11.185759
2008-02-25,11.455034
2008-02-26,11.608857
2008-02-27,11.516264
2008-02-28,11.680087
2008-02-29,11.32596
2008-03-03,11.325902
2008-03-04,11.15581
2008-03-05,11.343015
2008-03-06,11.02985
2008-03-07,10.785928
2008-03-10,10.659698
2008-03-11,11.154997
2008-03-12,11.008426
2008-03-13,11.121763
2008-03-14,10.905753
2008-03-17,10.656171
2008-03-18,11.03679
2008-03-19,10.401834
2008-03-20,10.4611
2008-03-24,10.632011
2008-03-25,10.700002
2008-03-26,10.853952
2008-03-27,10.771309
2008-03-28,10.721369
2008-03-31,10.738392
2008-04-01,10.953166
2008-04-02,11.100549
2008-04-03,11.101615
2008-04-04,11.206932
2008-04-07,11.153745
2008-04-08,11.232875
2008-04-09,11.255337
2008-04-10,11.245437
2008-04-11,11.012545
2008-04-14,11.182136
2008-04-15,11.278974
2008-04-16,11.566097
2008-04-17,11.600789
2008-04-18,11.779651
2008-04-21,11.811332
2008-04-22,11.77406
2008-04-23,11.686203
2008-04-24,11.27171
2008-04-25,11.400577
2008-04-28,11.368567
2008-04-29,11.166151
2008-04-30,11.199008
2008-05-01,10.803432
2008-05-02,10.84125
2008-05-05,10.817673
2008-05-06,11.037153
2008-05-07,10.814931
2008-05-08,11.030768
2008-05-09,10.791841
2008-05-12,10.769492
2008-05-13,10.899908
2008-05-14,10.800351
2008-05-15,10.889305
2008-05-16,11.16311
2008-05-19,11.233318
2008-05-20,10.965745
2008-05-21,10.83157
2008-05-22,10.715507
2008-05-23,10.267045
2008-05-27,10.048764
2008-05-28,10.211113
2008-05-29,10.002518
2008-05-30,10.036371
2008-06-02,9.97173
2008-06-03,9.787039
2008-06-04,9.529038
2008-06-05,9.693181
2008-06-06,9.603239
2008-06-09,9.854369
2008-06-10,9.606128
2008-06-11,9.67792
2008-06-12,9.503286
2008-06-13,9.607485
2008-06-16,9.590823
2008-06-17,9.761709
2008-06-18,9.679422
2008-06-19,9.470975
2008-06-20,9.399104
2008-06-23,9.659351
2008-06-24,9.512206
2008-06-25,9.462525
2008-06-26,9.337867
2008-06-27,9.199772
2008-06-30,9.269272
2008-07-01,9.307793
2008-07-02,9.198949
2008-07-03,9.156121
2008-07-07,8.951551
2008-07-08,8.670515
2008-07-09,8.482931
2008-07-10,8.720913
2008-07-11,8.654476
2008-07-14,8.654587
2008-07-15,8.292262
2008-07-16,8.12402
2008-07-17,7.976204
2008-07-18,8.086526
2008-07-21,8.315948
2008-07-22,8.047089
2008-07-23,7.780923
2008-07-24,7.74086
2008-07-25,7.822121
2008-07-28,7.790997
2008-07-29,7.714275
2008-07-30,8.123462
2008-07-31,7.693636
2008-08-01,7.59397
2008-08-04,7.272823
2008-08-05,7.356525
2008-08-06,7.540025
2008-08-07,7.444791
2008-08-08,7.401912
2008-08-11,7.43559
2008-08-12,7.394038
2008-08-13,7.64255
2008-08-14,7.549105
2008-08-15,7.401093
2008-08-18,7.315558
2008-08-19,7.74874
2008-08-20,7.96786
2008-08-21,8.153799
2008-08-22,8.028931
2008-08-25,8.005561
2008-08-26,8.147545
2008-08-27,8.246254
2008-08-28,8.188768
2008-08-29,8.078262
2008-09-02,7.707106
2008-09-03,7.680451
2008-09-04,7.522335
2008-09-05,7.538901
2008-09-08,7.523819
2008-09-09,7.043381
2008-09-10,7.301925
2008-09-11,7.409686
2008-09-12,7.617706
2008-09-15,7.095071
2008-09-16,7.373385
2008-09-17,7.343685
2008-09-18,7.561922
2008-09-19,8.064233
2008-09-22,7.986756
2008-09-23,7.792099
2008-09-24,8.120233
2008-09-25,8.336903
2008-09-26,8.203721
2008-09-29,7.386412
2008-09-30,7.819754
2008-10-01,7.678042
2008-10-02,7.233212
2008-10-03,7.24886
2008-10-06,6.996547
2008-10-07,6.622875
2008-10-08,6.678697
2008-10-09,5.920853
2008-10-10,5.455036
2008-10-13,6.800938
2008-10-14,6.806169
2008-10-15,5.759584
2008-10-16,6.244073
2008-10-17,6.233092
2008-10-20,7.131222
2008-10-21,6.90235
2008-10-22,6.429399
2008-10-23,6.88509
2008-10-24,6.641391
2008-10-27,6.341903
2008-10-28,7.14797
2008-10-29,7.357508
2008-10-30,7.815914
2008-10-31,8.024108
2008-11-03,8.104711
2008-11-04,8.660569
2008-11-05,8.334719
2008-11-06,8.051298
2008-11-07,8.484331
2008-11-10,8.487067
2008-11-11,8.231081
2008-11-12,7.636062
2008-11-13,8.48467
2008-11-14,8.155862
2008-11-17,8.046613
2008-11-18,8.339902
2008-11-19,7.908789
2008-11-20,7.027631
2008-11-21,7.847396
2008-11-24,8.339838
2008-11-25,8.40121
2008-11-26,8.918709
2008-11-28,8.78388
2008-12-01,7.874255
2008-12-02,8.17854
2008-12-03,8.205691
2008-12-04,7.844259
2008-12-05,7.959251
2008-12-08,8.456415
2008-12-09,8.423675
2008-12-10,8.82648
2008-12-11,9.261646
2008-12-12,9.254435
2008-12-15,9.650503
2008-12-16,10.023923
2008-12-17,9.897029
2008-12-18,9.458187
2008-12-19,9.773988
2008-12-22,9.537158
2008-12-23,9.504287
2008-12-24,9.53164
2008-12-26,9.699205
2008-12-29,9.924238
2008-12-30,10.102981
2008-12-31,10.232029
2009-01-02,10.671011
2009-01-05,10.84155
2009-01-06,10.868347
2009-01-07,10.469642
2009-01-08,10.655003
2009-01-09,10.877069
2009-01-12,10.599794
2009-01-13,10.859049
2009-01-14,10.422725
2009-01-15,10.535943
2009-01-16,10.722124
2009-01-20,11.039626
2009-01-21,12.236391
2009-01-22,12.044117
2009-01-23,12.467999
2009-01-26,12.858975
2009-01-27,12.945891
2009-01-28,13.063496
2009-01-29,11.939422
2009-01-30,12.319771
2009-02-02,12.488945
2009-02-03,13.073245
2009-02-04,13.160796
2009-02-05,13.619079
2009-02-06,13.905434
2009-02-09,13.901794
2009-02-10,13.258683
2009-02-11,13.113377
2009-02-12,13.135858
2009-02-13,13.144739
2009-02-17,12.363171
2009-02-18,12.344387
2009-02-19,12.374375
2009-02-20,12.133238
2009-02-23,11.671309
2009-02-24,12.251552
2009-02-25,12.174289
2009-02-26,12.143931
2009-02-27,11.792193
2009-03-02,11.198093
2009-03-03,11.235817
2009-03-04,11.728265
2009-03-05,11.199234
2009-03-06,11.390429
2009-03-09,11.471935
2009-03-10,12.110702
2009-03-11,11.971615
2009-03-12,12.39406
2009-03-13,12.480657
2009-03-16,12.809396
2009-03-17,13.300537
2009-03-18,13.505946
2009-03-19,13.70195
2009-03-20,13.213753
2009-03-23,14.252825
2009-03-24,14.006031
2009-03-25,14.062267
2009-03-26,14.213803
2009-03-27,14.09353
2009-03-30,13.659977
2009-03-31,13.579062
2009-04-01,13.889828
2009-04-02,14.419701
2009-04-03,14.708064
2009-04-06,14.492169
2009-04-07,14.393016
2009-04-08,14.5775
2009-04-09,15.000202
2009-04-13,14.908772
2009-04-14,15.016674
2009-04-15,15.130425
2009-04-16,15.452797
2009-04-17,15.554117
2009-04-20,15.281874
2009-04-21,15.659391
2009-04-22,15.453236
2009-04-23,15.358108
2009-04-24,15.883193
2009-04-27,15.651982
2009-04-28,15.716441
2009-04-29,16.17674
2009-04-30,15.09898
2009-05-01,15.471003
2009-05-04,15.953924
2009-05-05,15.741996
2009-05-06,16.426407
2009-05-07,16.257129
2009-05-08,16.966464
2009-05-11,16.271483
2009-05-12,16.430848
2009-05-13,15.984556
2009-05-14,16.029464
2009-05-15,15.671703
2009-05-18,16.142346
2009-05-19,16.198365
2009-05-20,16.20027
2009-05-21,15.735638
2009-05-22,15.770397
2009-05-26,16.095806
2009-05-27,15.644246
2009-05-28,16.116217
2009-05-29,16.300535
2009-06-01,16.925775
2009-06-02,16.954834
2009-06-03,16.51684
2009-06-04,16.726027
2009-06-05,16.623224
2009-06-08,16.637361
2009-06-09,16.805328
2009-06-10,16.918266
2009-06-11,17.211806
2009-06-12,17.042185
2009-06-15,16.185305
2009-06-16,15.768016
2009-06-17,15.573516
2009-06-18,15.572995
2009-06-19,15.435958
2009-06-22,14.728261
2009-06-23,14.816569
2009-06-24,14.746825
2009-06-25,15.090742
2009-06-26,14.838762
2009-06-29,15.019283
2009-06-30,14.669143
2009-07-01,14.70813
2009-07-02,14.181303
2009-07-06,14.033654
2009-07-07,13.511643
2009-07-08,13.438208
2009-07-09,13.605496
2009-07-10,13.519622
2009-07-13,13.719678
2009-07-14,13.912547
2009-07-15,14.357001
2009-07-16,14.493915
2009-07-17,14.583584
2009-07-20,14.810479
2009-07-21,14.955448
2009-07-22,14.819687
2009-07-23,15.185925
2009-07-24,15.362906
2009-07-27,15.422954
2009-07-28,15.022337
2009-07-29,14.52919
2009-07-30,14.148978
2009-07-31,13.870791
2009-08-03,14.3014
2009-08-04,14.343605
2009-08-05,14.192946
2009-08-06,13.97462
2009-08-07,13.949537
2009-08-10,13.964114
2009-08-11,13.72888
2009-08-12,13.940998
2009-08-13,14.042677
2009-08-14,13.846436
2009-08-17,13.373369
2009-08-18,13.509526
2009-08-19,13.766428
2009-08-20,13.889444
2009-08-21,14.262162
2009-08-24,14.459604
2009-08-25,14.263554
2009-08-26,14.339638
2009-08-27,14.285327
2009-08-28,14.232798
2009-08-31,13.881818
2009-09-01,13.663109
2009-09-02,13.596162
2009-09-03,13.652576
2009-09-04,13.859888
2009-09-08,14.102522
2009-09-09,14.116773
2009-09-10,14.316421
2009-09-11,14.318252
2009-09-14,14.382988
2009-09-15,14.561034
2009-09-16,14.885923
2009-09-17,14.791648
2009-09-18,14.785627
2009-09-21,14.650441
2009-09-22,14.854325
2009-09-23,14.569138
2009-09-24,14.307985
2009-09-25,14.298356
2009-09-28,14.537615
2009-09-29,14.44497
2009-09-30,14.368965
2009-10-01,13.981831
2009-10-02,13.863912
2009-10-05,14.203121
2009-10-06,14.50433
2009-10-07,14.700773
2009-10-08,15.001306
2009-10-09,14.956729
2009-10-12,15.44764
2009-10-13,15.403731
2009-10-14,15.709091
2009-10-15,16.016848
2009-10-16,16.002788
2009-10-19,16.184207
2009-10-20,15.985478
2009-10-21,15.949719
2009-10-22,15.846751
2009-10-23,15.540158
2009-10-26,15.265129
2009-10-27,15.302097
2009-10-28,14.636303
2009-10-29,14.353262
2009-10-30,13.606721
2009-11-02,13.697443
2009-11-03,13.747878
2009-11-04,13.630981
2009-11-05,13.803631
2009-11-06,13.777706
2009-11-09,13.962009
2009-11-10,13.933618
2009-11-11,13.842011
2009-11-12,13.570488
2009-11-13,13.662127
2009-11-16,13.999737
2009-11-17,13.945947
2009-11-18,13.921335
2009-11-19,13.643857
2009-11-20,13.530076
2009-11-23,13.865987
2009-11-24,13.927082
2009-11-25,14.067439
2009-11-27,13.728155
2009-11-30,13.735872
2009-12-01,13.931195
2009-12-02,13.819712
2009-12-03,13.614961
2009-12-04,13.505485
2009-12-07,13.465189
2009-12-08,13.232435
2009-12-09,13.25108
2009-12-10,13.367465
2009-12-11,13.368561
2009-12-14,13.346991
2009-12-15,13.389764
2009-12-16,13.523137
2009-12-17,13.42817
2009-12-18,13.453416
2009-12-21,13.604663
2009-12-22,13.662558
2009-12-23,13.814352
2009-12-24,13.880783
2009-12-28,13.92501
2009-12-29,13.82892
2009-12-30,13.837552
2009-12-31,13.72022
2010-01-04,14.072316
2010-01-05,14.178324
2010-01-06,14.332204
2010-01-07,14.286597
2010-01-08,14.329143
2010-01-11,14.37467
2010-01-12,14.143007
2010-01-13,14.205927
2010-01-14,14.245656
2010-01-15,14.117939
2010-01-19,14.08085
2010-01-20,13.859
2010-01-21,13.604591
2010-01-22,13.268574
2010-01-25,13.318435
2010-01-26,13.268412
2010-01-27,13.071275
2010-01-28,12.998989
2010-01-29,12.784466
2010-02-01,12.983603
2010-02-02,13.130446
2010-02-03,13.008823
2010-02-04,12.534547
2010-02-05,12.449456
2010-02-08,12.312626
2010-02-09,12.555059
2010-02-10,12.4796
2010-02-11,12.776303
2010-02-12,12.708763
2010-02-16,13.064574
2010-02-17,13.075919
2010-02-18,13.072252
2010-02-19,13.092264
2010-02-22,12.914302
2010-02-23,12.719645
2010-02-24,12.816128
2010-02-25,12.787393
2010-02-26,12.726671
2010-03-01,12.860577
2010-03-02,12.956508
2010-03-03,12.977261
2010-03-04,12.924432
2010-03-05,13.118988
2010-03-08,13.088399
2010-03-09,13.095997
2010-03-10,13.1798
2010-03-11,13.193881
2010-03-12,13.159764
2010-03-15,13.051532
2010-03-16,13.18164
2010-03-17,13.323586
2010-03-18,13.10828
2010-03-19,12.983966
2010-03-22,12.948394
2010-03-23,12.89663
2010-03-24,12.820463
2010-03-25,12.682807
2010-03-26,12.74416
2010-03-29,13.012117
2010-03-30,13.017519
2010-03-31,13.066876
2010-04-01,13.284182
2010-04-05,13.570639
2010-04-06,13.569666
2010-04-07,13.493213
2010-04-08,13.576588
2010-04-09,13.705398
2010-04-12,13.777012
2010-04-13,13.677989
2010-04-14,13.807273
2010-04-15,13.803964
2010-04-16,13.625656
2010-04-19,13.603137
2010-04-20,13.840659
2010-04-21,13.828197
2010-04-22,13.741513
2010-04-23,14.014418
2010-04-26,13.930038
2010-04-27,13.492118
2010-04-28,13.582786
2010-04-29,12.877966
2010-04-30,12.407108
2010-05-03,12.377093
2010-05-04,11.947096
2010-05-05,11.757054
2010-05-06,11.334492
2010-05-07,11.157305
2010-05-10,11.581694
2010-05-11,11.489238
2010-05-12,11.633803
2010-05-13,11.543351
2010-05-14,11.318601
2010-05-17,11.21898
2010-05-18,11.118648
2010-05-19,11.009418
2010-05-20,10.524802
2010-05-21,10.703405
2010-05-24,10.474005
2010-05-25,10.548845
2010-05-26,10.521542
2010-05-27,10.965189
2010-05-28,10.74601
2010-06-01,10.296052
2010-06-02,10.738509
2010-06-03,10.863393
2010-06-04,10.481633
2010-06-07,10.400783
2010-06-08,10.599819
2010-06-09,10.46347
2010-06-10,10.978138
2010-06-11,11.033479
2010-06-14,10.983472
2010-06-15,11.367634
2010-06-16,11.355898
2010-06-17,11.36976
2010-06-18,11.441674
2010-06-21,11.481557
2010-06-22,11.16079
2010-06-23,11.071538
2010-06-24,10.845447
2010-06-25,10.856978
2010-06-28,10.58479
2010-06-29,10.261797
2010-06-30,10.177543
2010-07-01,10.181411
2010-07-02,10.146658
2010-07-06,10.357763
2010-07-07,10.694689
2010-07-08,10.82282
2010-07-09,10.923313
2010-07-12,11.052774
2010-07-13,11.163322
2010-07-14,11.100943
2010-07-15,11.108707
2010-07-16,10.775502
2010-07-19,10.888347
2010-07-20,11.077995
2010-07-21,10.957193
2010-07-22,11.200114
2010-07-23,11.20978
2010-07-26,11.316447
2010-07-27,11.226826
2010-07-28,11.168847
2010-07-29,11.036396
2010-07-30,10.966942
2010-08-02,11.273014
2010-08-03,11.230937
2010-08-04,11.275307
2010-08-05,11.242444
2010-08-06,11.114695
2010-08-09,11.17023
2010-08-10,11.083251
2010-08-11,10.760371
2010-08-12,10.738477
2010-08-13,10.701319
2010-08-16,10.653855
2010-08-17,10.818015
2010-08-18,10.70298
2010-08-19,10.551571
2010-08-20,10.424777
2010-08-23,10.462385
2010-08-24,10.314159
2010-08-25,10.287125
2010-08-26,10.181045
2010-08-27,10.441297
2010-08-30,10.295261
2010-08-31,10.272362
2010-09-01,10.672897
2010-09-02,10.781239
2010-09-03,10.884136
2010-09-07,10.710611
2010-09-08,10.801304
2010-09-09,10.825146
2010-09-10,10.934356
2010-09-13,11.11968
2010-09-14,11.099388
2010-09-15,11.079789
2010-09-16,11.049558
2010-09-17,11.079508
2010-09-20,11.293059
2010-09-21,11.284234
2010-09-22,11.230896
2010-09-23,11.139921
2010-09-24,11.389266
2010-09-27,11.34226
2010-09-28,11.429798
2010-09-29,11.506062
2010-09-30,11.517637
2010-10-01,11.669252
2010-10-04,11.553009
2010-10-05,11.831855
2010-10-06,11.96685
2010-10-07,11.92058
2010-10-08,12.062162
2010-10-11,12.111258
2010-10-12,12.108895
2010-10-13,12.350434
2010-10-14,12.344933
2010-10-15,12.391117
2010-10-18,12.486192
2010-10-19,12.13569
2010-10-20,12.298376
2010-10-21,12.282498
2010-10-22,12.319117
2010-10-25,12.339324
2010-10-26,12.319305
2010-10-27,12.171177
2010-10-28,11.994923
2010-10-29,11.934761
2010-11-01,11.946354
2010-11-02,12.008391
2010-11-03,12.043003
2010-11-04,12.388923
2010-11-05,12.451373
2010-11-08,12.451224
2010-11-09,12.415181
2010-11-10,12.577443
2010-11-11,12.687015
2010-11-12,12.513906
2010-11-15,12.494805
2010-11-16,12.239196
2010-11-17,12.283609
2010-11-18,12.546663
2010-11-19,12.62387
2010-11-22,12.567085
2010-11-23,12.32941
2010-11-24,12.541698
2010-11-26,12.393095
2010-11-29,12.46144
2010-11-30,12.4233
2010-12-01,12.828313
2010-12-02,12.998836
2010-12-03,13.058871
2010-12-06,13.067648
2010-12-07,13.03346
2010-12-08,12.991034
2010-12-09,13.031897
2010-12-10,13.054425
2010-12-13,13.101234
2010-12-14,12.949088
2010-12-15,12.832727
2010-12-16,12.911131
2010-12-17,12.875877
2010-12-20,12.994601
2010-12-21,13.107134
2010-12-22,13.162303
2010-12-23,13.199609
2010-12-27,13.152948
2010-12-28,13.210848
2010-12-29,13.318356
2010-12-30,13.330954
2010-12-31,13.325458
2011-01-03,13.327921
2011-01-04,13.238928
2011-01-05,13.264148
2011-01-06,13.109339
2011-01-07,13.193475
2011-01-10,13.077195
2011-01-11,13.290484
2011-01-12,13.395357
2011-01-13,13.327625
2011-01-14,13.46474
2011-01-18,13.427418
2011-01-19,13.297765
2011-01-20,13.20446
2011-01-21,13.223684
2011-01-24,13.233092
2011-01-25,13.081769
2011-01-26,13.174318
2011-01-27,13.124634
2011-01-28,13.045077
2011-01-31,13.32293
2011-02-01,13.497292
2011-02-02,13.456042
2011-02-03,13.446628
2011-02-04,13.397398
2011-02-07,13.450242
2011-02-08,13.376985
2011-02-09,13.225324
2011-02-10,13.34277
2011-02-11,13.337319
2011-02-14,13.596699
2011-02-15,13.418522
2011-02-16,13.567294
2011-02-17,13.636473
2011-02-18,13.66866
2011-02-22,13.595995
2011-02-23,13.834631
2011-02-24,13.635308
2011-02-25,13.781662
2011-02-28,13.87509
2011-03-01,13.643841
2011-03-02,13.710275
2011-03-03,13.910704
2011-03-04,13.815269
2011-03-07,13.709275
2011-03-08,13.403386
2011-03-09,13.318189
2011-03-10,12.846522
2011-03-11,13.04476
2011-03-14,13.104235
2011-03-15,12.895909
2011-03-16,12.526953
2011-03-17,12.803634
2011-03-18,12.746215
2011-03-21,13.128574
2011-03-22,13.091029
2011-03-23,13.103236
2011-03-24,13.134748
2011-03-25,13.176397
2011-03-28,13.15053
2011-03-29,13.256344
2011-03-30,13.34645
2011-03-31,13.305946
2011-04-01,13.342999
2011-04-04,13.212416
2011-04-05,13.048276
2011-04-06,12.919884
2011-04-07,12.875353
2011-04-08,12.912529
2011-04-11,12.436154
2011-04-12,12.058773
2011-04-13,12.083544
2011-04-14,12.158052
2011-04-15,12.2346
2011-04-18,11.978525
2011-04-19,12.079704
2011-04-20,12.324886
2011-04-21,12.348691
2011-04-25,12.264023
2011-04-26,12.379678
2011-04-27,12.242444
2011-04-28,11.84045
2011-04-29,11.791184
2011-05-02,11.550225
2011-05-03,11.235122
2011-05-04,10.989453
2011-05-05,10.711139
2011-05-06,10.753092
2011-05-09,10.921867
2011-05-10,10.971843
2011-05-11,10.649923
2011-05-12,10.64819
2011-05-13,10.609178
2011-05-16,10.522141
2011-05-17,10.509914
2011-05-18,10.719741
2011-05-19,10.722559
2011-05-20,10.69247
2011-05-23,10.525664
2011-05-24,10.688845
2011-05-25,10.846872
2011-05-26,10.901604
2011-05-27,10.919403
2011-05-31,11.033328
2011-06-01,10.769853
2011-06-02,10.703772
2011-06-03,10.738889
2011-06-06,10.526204
2011-06-07,10.502394
2011-06-08,10.518264
2011-06-09,10.648083
2011-06-10,10.447961
2011-06-13,10.307784
2011-06-14,10.512409
2011-06-15,10.278034
2011-06-16,10.304355
2011-06-17,10.276814
2011-06-20,10.322525
2011-06-21,10.509284
2011-06-22,10.46181
2011-06-23,10.341146
2011-06-24,10.143976
2011-06-27,10.21152
2011-06-28,10.473919
2011-06-29,10.591553
2011-06-30,10.761379
2011-07-01,10.815902
2011-07-05,10.895307
2011-07-06,10.902296
2011-07-07,11.050568
2011-07-08,10.913946
2011-07-11,10.697828
2011-07-12,10.656832
2011-07-13,10.734893
2011-07-14,10.725932
2011-07-15,10.979533
2011-07-18,10.939742
2011-07-19,11.101477
2011-07-20,11.004905
2011-07-21,11.235328
2011-07-22,11.226166
2011-07-25,11.139197
2011-07-26,11.034071
2011-07-27,10.811441
2011-07-28,10.714318
2011-07-29,10.66185
2011-08-01,10.630237
2011-08-02,10.346028
2011-08-03,10.261563
2011-08-04,9.531768
2011-08-05,9.53044
2011-08-08,8.742613
2011-08-09,9.157312
2011-08-10,8.802785
2011-08-11,9.215958
2011-08-12,9.280501
2011-08-15,9.606859
2011-08-16,9.451524
2011-08-17,9.503218
2011-08-18,8.965342
2011-08-19,8.817256
2011-08-22,8.784416
2011-08-23,9.186446
2011-08-24,9.225262
2011-08-25,9.028764
2011-08-26,9.18403
2011-08-29,9.446807
2011-08-30,9.474528
2011-08-31,9.543592
2011-09-01,9.460555
2011-09-02,9.221991
2011-09-06,9.143797
2011-09-07,9.489628
2011-09-08,9.359529
2011-09-09,9.052453
2011-09-12,9.098764
2011-09-13,9.136904
2011-09-14,9.253153
2011-09-15,9.440647
2011-09-16,9.43846
2011-09-19,9.312965
2011-09-20,9.251233
2011-09-21,8.899796
2011-09-22,8.425488
2011-09-23,8.378805
2011-09-26,8.663284
2011-09-27,8.821279
2011-09-28,8.556002
2011-09-29,8.679369
2011-09-30,8.439684
2011-10-03,8.165679
2011-10-04,8.501376
2011-10-05,8.790488
2011-10-06,8.903744
2011-10-07,8.793045
2011-10-10,9.242674
2011-10-11,9.332183
2011-10-12,9.426968
2011-10-13,9.473554
2011-10-14,9.820164
2011-10-17,9.639363
2011-10-18,9.935429
2011-10-19,9.838485
2011-10-20,9.889315
2011-10-21,10.045147
2011-10-24,10.214152
2011-10-25,9.979373
2011-10-26,10.18851
2011-10-27,10.576488
2011-10-28,10.68585
2011-10-31,10.231279
2011-11-01,9.916715
2011-11-02,10.191976
2011-11-03,10.432607
2011-11-04,10.429845
2011-11-07,10.490764
2011-11-08,10.633813
2011-11-09,10.183095
2011-11-10,10.363987
2011-11-11,10.555303
2011-11-14,10.424462
2011-11-15,10.410848
2011-11-16,10.253036
2011-11-17,10.036762
2011-11-18,9.990367
2011-11-21,9.847002
2011-11-22,9.764951
2011-11-23,9.479123
2011-11-25,9.412718
2011-11-28,9.754649
2011-11-29,9.90445
2011-11-30,10.448626
2011-12-01,10.378216
2011-12-02,10.407028
2011-12-05,10.515081
2011-12-06,10.512212
2011-12-07,10.447496
2011-12-08,10.181014
2011-12-09,10.405676
2011-12-12,10.178505
2011-12-13,10.114214
2011-12-14,9.838002
2011-12-15,9.818326
2011-12-16,9.897257
2011-12-19,9.745447
2011-12-20,10.128635
2011-12-21,10.247396
2011-12-22,10.366044
2011-12-23,10.456128
2011-12-27,10.477237
2011-12-28,10.279651
2011-12-29,10.400503
2011-12-30,10.382647
2012-01-03,10.66198
2012-01-04,10.680757
2012-01-05,10.669691
2012-01-06,10.570525
2012-01-09,10.686198
2012-01-10,10.788304
2012-01-11,10.666337
2012-01-12,10.658357
2012-01-13,10.68927
2012-01-17,10.821486
2012-01-18,10.988986
2012-01-19,11.039115
2012-01-20,11.045251
2012-01-23,11.155592
2012-01-24,11.161506
2012-01-25,11.190607
2012-01-26,11.057088
2012-01-27,10.977002
2012-01-30,10.940568
2012-01-31,10.72641
2012-02-01,10.818607
2012-02-02,10.839658
2012-02-03,11.04199
2012-02-06,11.146438
2012-02-07,11.200886
2012-02-08,11.128414
2012-02-09,11.119801
2012-02-10,11.003222
2012-02-13,11.093619
2012-02-14,11.105967
2012-02-15,11.050995
2012-02-16,11.164965
2012-02-17,11.19753
2012-02-21,11.284836
2012-02-22,11.325209
2012-02-23,11.38011
2012-02-24,11.442954
2012-02-27,11.400887
2012-02-28,11.384568
2012-02-29,11.267914
2012-03-01,11.368726
2012-03-02,11.235193
2012-03-05,11.196725
2012-03-06,11.010645
2012-03-07,11.076448
2012-03-08,11.140017
2012-03-09,11.146818
2012-03-12,11.11799
2012-03-13,11.257391
2012-03-14,11.150439
2012-03-15,11.156319
2012-03-16,11.265176
2012-03-19,11.321281
2012-03-20,11.135046
2012-03-21,11.033263
2012-03-22,10.814251
2012-03-23,10.931848
2012-03-26,11.020857
2012-03-27,10.921055
2012-03-28,10.789019
2012-03-29,10.793053
2012-03-30,10.881663
2012-04-02,10.965603
2012-04-03,10.894606
2012-04-04,10.702301
2012-04-05,10.63813
2012-04-09,10.490273
2012-04-10,10.292872
2012-04-11,10.286698
2012-04-12,10.498713
2012-04-13,10.292731
2012-04-16,10.272452
2012-04-17,10.448399
2012-04-18,10.426791
2012-04-19,10.396811
2012-04-20,10.370387
2012-04-23,10.406768
2012-04-24,10.461927
2012-04-25,10.546087
2012-04-26,10.489294
2012-04-27,10.510132
2012-04-30,10.562311
2012-05-01,10.488485
2012-05-02,10.339357
2012-05-03,10.2682
2012-05-04,10.046361
2012-05-07,10.05114
2012-05-08,10.008524
2012-05-09,9.937082
2012-05-10,9.979395
2012-05-11,9.909097
2012-05-14,9.758361
2012-05-15,9.616908
2012-05-16,9.545332
2012-05-17,9.478926
2012-05-18,9.433701
2012-05-21,9.633523
2012-05-22,9.609152
2012-05-23,9.653963
2012-05-24,9.647961
2012-05-25,9.579181
2012-05-29,9.706391
2012-05-30,9.430382
2012-05-31,9.349493
2012-06-01,9.14731
2012-06-04,9.141926
2012-06-05,9.203479
2012-06-06,9.56026
2012-06-07,9.604886
2012-06-08,9.634767
2012-06-11,9.525763
2012-06-12,9.64921
2012-06-13,9.54366
2012-06-14,9.703359
2012-06-15,9.957392
2012-06-18,10.007487
2012-06-19,10.150362
2012-06-20,10.120167
2012-06-21,9.71828
2012-06-22,9.764818
2012-06-25,9.593191
2012-06-26,9.738142
2012-06-27,9.921623
2012-06-28,10.009438
2012-06-29,10.355591
2012-07-02,10.395156
2012-07-03,10.618293
2012-07-05,10.479081
2012-07-06,10.414542
2012-07-09,10.438234
2012-07-10,10.305195
2012-07-11,10.650833
2012-07-12,10.668475
2012-07-13,10.963118
2012-07-16,11.105615
2012-07-17,11.252193
2012-07-18,11.350869
2012-07-19,11.415345
2012-07-20,11.345594
2012-07-23,11.23637
2012-07-24,11.093825
2012-07-25,11.165251
2012-07-26,11.440547
2012-07-27,11.655114
2012-07-30,11.710169
2012-07-31,11.557308
2012-08-01,11.616174
2012-08-02,11.445105
2012-08-03,11.700086
2012-08-06,11.712127
2012-08-07,11.873325
2012-08-08,11.901324
2012-08-09,11.945737
2012-08-10,11.987939
2012-08-13,11.943691
2012-08-14,11.96228
2012-08-15,11.919556
2012-08-16,12.033849
2012-08-17,11.953013
2012-08-20,11.925512
2012-08-21,11.882346
2012-08-22,11.914283
2012-08-23,11.796009
2012-08-24,11.873183
2012-08-27,11.859463
2012-08-28,11.879577
2012-08-29,11.808606
2012-08-30,11.674707
2012-08-31,11.765818
2012-09-04,11.683671
2012-09-05,11.662827
2012-09-06,11.903582
2012-09-07,12.102448
2012-09-10,11.990511
2012-09-11,12.105272
2012-09-12,12.154312
2012-09-13,12.31899
2012-09-14,12.446106
2012-09-17,12.352239
2012-09-18,12.243802
2012-09-19,12.130763
2012-09-20,12.16793
2012-09-21,12.251564
2012-09-24,12.189301
2012-09-25,12.078247
2012-09-26,11.978903
2012-09-27,12.128244
2012-09-28,12.045682
2012-10-01,12.118182
2012-10-02,12.052041
2012-10-03,11.909656
2012-10-04,12.014434
2012-10-05,11.872377
2012-10-08,11.901882
2012-10-09,11.885223
2012-10-10,11.672909
2012-10-11,11.736189
2012-10-12,11.59557
2012-10-15,11.65276
2012-10-16,11.818148
2012-10-17,12.003176
2012-10-18,12.02646
2012-10-19,11.844279
2012-10-22,11.777954
2012-10-23,11.489376
2012-10-24,11.419867
2012-10-25,11.414103
2012-10-26,11.447752
2012-10-31,11.412545
2012-11-01,11.432014
2012-11-02,11.108622
2012-11-05,11.222304
2012-11-06,11.376447
2012-11-07,11.024861
2012-11-08,10.849878
2012-11-09,10.84979
2012-11-12,10.858372
2012-11-13,10.804134
2012-11-14,10.680769
2012-11-15,10.69443
2012-11-16,10.73804
2012-11-19,10.981436
2012-11-20,10.936885
2012-11-21,10.99607
2012-11-23,11.144546
2012-11-26,11.024463
2012-11-27,10.946308
2012-11-28,11.067379
2012-11-29,11.084969
2012-11-30,11.11464
2012-12-03,11.048668
2012-12-04,11.006224
2012-12-05,11.087879
2012-12-06,11.125416
2012-12-07,11.186253
2012-12-10,11.186274
2012-12-11,11.252222
2012-12-12,11.296925
2012-12-13,11.197221
2012-12-14,11.15973
2012-12-17,11.284912
2012-12-18,11.492093
2012-12-19,11.410242
2012-12-20,11.49019
2012-12-21,11.349868
2012-12-24,11.270166
2012-12-26,11.231673
2012-12-27,11.22188
2012-12-28,11.023036
2012-12-31,11.254603
2013-01-02,11.51487
2013-01-03,11.50434
2013-01-04,11.607352
2013-01-07,11.563142
2013-01-08,11.549622
2013-01-09,11.55386
2013-01-10,11.644428
2013-01-11,11.678333
2013-01-14,11.687208
2013-01-15,11.74226
2013-01-16,11.793215
2013-01-17,11.859395
2013-01-18,11.93907
2013-01-22,12.05214
2013-01-23,11.987192
2013-01-24,12.083947
2013-01-25,12.157107
2013-01-28,12.128531
2013-01-29,12.316768
2013-01-30,12.257747
2013-01-31,12.137512
2013-02-01,12.328782
2013-02-04,12.158978
2013-02-05,12.21075
2013-02-06,12.207985
2013-02-07,12.144031
2013-02-08,12.247993
2013-02-11,12.166137
2013-02-12,12.197749
2013-02-13,12.19043
2013-02-14,12.270506
2013-02-15,12.147508
2013-02-19,12.291092
2013-02-20,12.056879
2013-02-21,11.947953
2013-02-22,12.053461
2013-02-25,11.680906
2013-02-26,11.796589
2013-02-27,11.973647
2013-02-28,11.976697
2013-03-01,11.957481
2013-03-04,11.930824
2013-03-05,12.014059
2013-03-06,12.022028
2013-03-07,12.07212
2013-03-08,12.12541
2013-03-11,12.126735
2013-03-12,12.142824
2013-03-13,12.120114
2013-03-14,12.276357
2013-03-15,12.253852
2013-03-18,12.165001
2013-03-19,12.053242
2013-03-20,12.124464
2013-03-21,12.064166
2013-03-22,12.188057
2013-03-25,12.138009
2013-03-26,12.271272
2013-03-27,12.307909
2013-03-28,12.269603
2013-04-01,12.26118
2013-04-02,12.195917
2013-04-03,12.009419
2013-04-04,11.996629
2013-04-05,12.002776
2013-04-08,12.029417
2013-04-09,12.107388
2013-04-10,12.157645
2013-04-11,12.218333
2013-04-12,12.08696
2013-04-15,11.630043
2013-04-16,11.725172
2013-04-17,11.485142
2013-04-18,11.562476
2013-04-19,11.527391
2013-04-22,11.619506
2013-04-23,11.743005
2013-04-24,11.882447
2013-04-25,11.825846
2013-04-26,11.802039
2013-04-29,11.921415
2013-04-30,12.003989
2013-05-01,11.769313
2013-05-02,11.902436
2013-05-03,12.118981
2013-05-06,12.16501
2013-05-07,12.22103
2013-05-08,12.246966
2013-05-09,12.218293
2013-05-10,12.166543
2013-05-13,12.172389
2013-05-14,12.332165
2013-05-15,12.284633
2013-05-16,12.216005
2013-05-17,12.409209
2013-05-20,12.523328
2013-05-21,12.51778
2013-05-22,12.369801
2013-05-23,12.344326
2013-05-24,12.302583
2013-05-28,12.474394
2013-05-29,12.488833
2013-05-30,12.46241
2013-05-31,12.199748
2013-06-03,12.325277
2013-06-04,12.229682
2013-06-05,12.092748
2013-06-06,12.174997
2013-06-07,12.298206
2013-06-10,12.267309
2013-06-11,12.092798
2013-06-12,12.002701
2013-06-13,12.211269
2013-06-14,12.077507
2013-06-17,12.234221
2013-06-18,12.301975
2013-06-19,12.179336
2013-06-20,11.856093
2013-06-21,11.921236
2013-06-24,11.748877
2013-06-25,11.879496
2013-06-26,11.965054
2013-06-27,12.002056
2013-06-28,11.983899
2013-07-01,12.053266
2013-07-02,12.089044
2013-07-03,12.089424
2013-07-05,12.232931
2013-07-08,12.352334
2013-07-09,12.501325
2013-07-10,12.459711
2013-07-11,12.600688
2013-07-12,12.6761
2013-07-15,12.643455
2013-07-16,12.58784
2013-07-17,12.67446
2013-07-18,12.791912
2013-07-19,12.891742
2013-07-22,12.833338
2013-07-23,12.813694
2013-07-24,12.708393
2013-07-25,12.75964
2013-07-26,12.746774
2013-07-29,12.613565
2013-07-30,12.565948
2013-07-31,12.593928
2013-08-01,12.653617
2013-08-02,12.619469
2013-08-05,12.6183
2013-08-06,12.543015
2013-08-07,12.49023
2013-08-08,12.566083
2013-08-09,12.500041
2013-08-12,12.428859
2013-08-13,12.45083
2013-08-14,12.398085
2013-08-15,12.321273
2013-08-16,12.284416
2013-08-19,12.087575
2013-08-20,12.140487
2013-08-21,12.074163
2013-08-22,12.231545
2013-08-23,12.319166
2013-08-26,12.29111
2013-08-27,12.216172
2013-08-28,12.432597
2013-08-29,12.304991
2013-08-30,12.260468
2013-09-03,12.330423
2013-09-04,12.396696
2013-09-05,12.42992
2013-09-06,12.434257
2013-09-09,12.475615
2013-09-10,12.483622
2013-09-11,12.601008
2013-09-12,12.496756
2013-09-13,12.520277
2013-09-16,12.527038
2013-09-17,12.601899
2013-09-18,12.753544
2013-09-19,12.726112
2013-09-20,12.637194
2013-09-23,12.599239
2013-09-24,12.604366
2013-09-25,12.597513
2013-09-26,12.613078
2013-09-27,12.58683
2013-09-30,12.505402
2013-10-01,12.576476
2013-10-02,12.610094
2013-10-03,12.564889
2013-10-04,12.716615
2013-10-07,12.638237
2013-10-08,12.515838
2013-10-09,12.498053
2013-10-10,12.760173
2013-10-11,12.951002
2013-10-14,13.045303
2013-10-15,13.040218
2013-10-16,13.212521
2013-10-17,13.272011
2013-10-18,13.418907
2013-10-21,13.355653
2013-10-22,13.445556
2013-10-23,13.244324
2013-10-24,13.310116
2013-10-25,13.36718
2013-10-28,13.396476
2013-10-29,13.391792
2013-10-30,13.241868
2013-10-31,13.014471
2013-11-01,12.926079
2013-11-04,13.123387
2013-11-05,13.035658
2013-11-06,13.071672
2013-11-07,12.883496
2013-11-08,13.079281
2013-11-11,13.127398
2013-11-12,13.006222
2013-11-13,13.107678
2013-11-14,13.183378
2013-11-15,13.28225
2013-11-18,13.208555
2013-11-19,13.233912
2013-11-20,13.194742
2013-11-21,13.296402
2013-11-22,13.342392
2013-11-25,13.229958
2013-11-26,13.184484
2013-11-27,13.090777
2013-11-29,13.066036
2013-12-02,13.066485
2013-12-03,13.106764
2013-12-04,13.052216
2013-12-05,12.977345
2013-12-06,13.038769
2013-12-09,13.073208
2013-12-10,13.044607
2013-12-11,12.857815
2013-12-12,12.910993
2013-12-13,12.888458
2013-12-16,13.016297
2013-12-17,12.986037
2013-12-18,13.214777
2013-12-19,13.24992
2013-12-20,13.240034
2013-12-23,13.264305
2013-12-24,13.352497
2013-12-26,13.467491
2013-12-27,13.533342
2013-12-30,13.425477
2013-12-31,13.546888
2014-01-02,13.361835
2014-01-03,13.326614
2014-01-06,13.336286
2014-01-07,13.453809
2014-01-08,13.349977
2014-01-09,13.323102
2014-01-10,13.475409
2014-01-13,13.211143
2014-01-14,13.337632
2014-01-15,13.295187
2014-01-16,13.316993
2014-01-17,13.300325
2014-01-21,13.351133
2014-01-22,13.412033
2014-01-23,13.260336
2014-01-24,12.988634
2014-01-27,12.961332
2014-01-28,13.065
2014-01-29,12.988671
2014-01-30,12.946445
2014-01-31,12.757854
2014-02-03,12.61119
2014-02-04,12.711238
2014-02-05,12.610325
2014-02-06,12.764325
2014-02-07,12.913286
2014-02-10,12.852536
2014-02-11,13.025581
2014-02-12,12.975289
2014-02-13,13.021714
2014-02-14,13.231309
2014-02-18,13.268775
2014-02-19,13.249871
2014-02-20,13.359679
2014-02-21,13.260904
2014-02-24,13.438078
2014-02-25,13.420415
2014-02-26,13.304648
2014-02-27,13.324517
2014-02-28,13.372585
2014-03-03,13.310972
2014-03-04,13.447276
2014-03-05,13.304541
2014-03-06,13.413807
2014-03-07,13.447428
2014-03-10,13.481111
2014-03-11,13.330449
2014-03-12,13.344436
2014-03-13,13.215101
2014-03-14,13.232209
2014-03-17,13.324057
2014-03-18,13.426802
2014-03-19,13.321252
2014-03-20,13.389772
2014-03-21,13.460989
2014-03-24,13.405627
2014-03-25,13.514748
2014-03-26,13.466916
2014-03-27,13.573459
2014-03-28,13.738157
2014-03-31,13.733812
2014-04-01,13.811646
2014-04-02,13.853588
2014-04-03,13.92085
2014-04-04,13.8721
2014-04-07,13.672458
2014-04-08,13.811874
2014-04-09,13.865493
2014-04-10,13.759794
2014-04-11,13.729489
2014-04-14,13.907785
2014-04-15,14.090336
2014-04-16,14.254945
2014-04-17,14.302333
2014-04-21,14.362058
2014-04-22,14.317266
2014-04-23,14.373926
2014-04-24,14.336561
2014-04-25,14.233711
2014-04-28,14.24446
2014-04-29,14.275718
2014-04-30,14.225876
2014-05-01,14.124683
2014-05-02,14.119999
2014-05-05,14.208552
2014-05-06,14.200642
2014-05-07,14.281952
2014-05-08,14.072001
2014-05-09,14.0378
2014-05-12,14.116738
2014-05-13,14.162483
2014-05-14,14.16545
2014-05-15,13.975235
2014-05-16,13.946038
2014-05-19,13.991675
2014-05-20,13.960745
2014-05-21,14.105154
2014-05-22,14.080411
2014-05-23,14.071223
2014-05-27,14.103085
2014-05-28,14.118645
2014-05-29,14.221218
2014-05-30,14.217768
2014-06-02,14.184896
2014-06-03,14.240139
2014-06-04,14.228343
2014-06-05,14.324939
2014-06-06,14.448107
2014-06-09,14.465124
2014-06-10,14.44806
2014-06-11,14.51219
2014-06-12,14.558757
2014-06-13,14.674276
2014-06-16,14.740975
2014-06-17,14.712876
2014-06-18,14.827597
2014-06-19,14.93313
2014-06-20,15.058564
2014-06-23,15.092885
2014-06-24,14.79495
2014-06-25,14.89779
2014-06-26,14.944741
2014-06-27,14.947467
2014-06-30,14.981632
2014-07-01,14.988736
2014-07-02,14.971715
2014-07-03,15.008531
2014-07-07,14.900717
2014-07-08,14.897188
2014-07-09,14.972586
2014-07-10,14.828871
2014-07-11,14.724807
2014-07-14,14.867525
2014-07-15,14.852553
2014-07-16,15.064768
2014-07-17,14.669827
2014-07-18,14.71875
2014-07-21,14.674849
2014-07-22,14.790424
2014-07-23,14.875147
2014-07-24,14.90097
2014-07-25,14.780732
2014-07-28,14.776382
2014-07-29,14.70952
2014-07-30,14.492417
2014-07-31,14.057519
2014-08-01,14.047073
2014-08-04,14.301791
2014-08-05,14.014891
2014-08-06,14.055541
2014-08-07,13.96971
2014-08-08,14.213585
2014-08-11,14.19966
2014-08-12,14.149349
2014-08-13,14.19815
2014-08-14,14.127438
2014-08-15,14.23951
2014-08-18,14.342304
2014-08-19,14.46368
2014-08-20,14.488317
2014-08-21,14.489197
2014-08-22,14.39166
2014-08-25,14.586509
2014-08-26,14.662451
2014-08-27,14.6448
2014-08-28,14.640028
2014-08-29,14.709919
2014-09-02,14.515523
2014-09-03,14.564689
2014-09-04,14.377087
2014-09-05,14.494974
2014-09-08,14.277115
2014-09-09,14.233951
2014-09-10,14.194408
2014-09-11,14.205267
2014-09-12,14.006477
2014-09-15,14.109599
2014-09-16,14.285085
2014-09-17,14.219816
2014-09-18,14.15681
2014-09-19,14.174907
2014-09-22,13.913853
2014-09-23,13.883365
2014-09-24,13.890823
2014-09-25,13.684147
2014-09-26,13.900242
2014-09-29,13.850767
2014-09-30,13.717232
2014-10-01,13.485424
2014-10-02,13.43831
2014-10-03,13.496423
2014-10-06,13.578104
2014-10-07,13.446318
2014-10-08,13.587598
2014-10-09,13.119156
2014-10-10,13.026219
2014-10-13,12.748969
2014-10-14,12.611258
2014-10-15,12.846202
2014-10-16,13.135592
2014-10-17,13.397005
2014-10-20,13.855147
2014-10-21,14.432041
2014-10-22,14.2418
2014-10-23,14.497769
2014-10-24,14.507742
2014-10-27,14.298662
2014-10-28,14.633417
2014-10-29,14.641009
2014-10-30,14.532387
2014-10-31,14.82077
2014-11-03,14.639362
2014-11-04,14.356806
2014-11-05,14.687696
2014-11-06,14.880523
2014-11-07,15.012017
2014-11-10,14.912063
2014-11-11,14.961217
2014-11-12,14.816715
2014-11-13,14.599837
2014-11-14,14.740471
2014-11-17,14.697185
2014-11-18,14.688985
2014-11-19,14.787627
2014-11-20,14.962275
2014-11-21,15.254455
2014-11-24,15.186026
2014-11-25,15.134333
2014-11-26,14.986939
2014-11-28,14.366039
2014-12-01,14.736415
2014-12-02,15.141028
2014-12-03,15.373087
2014-12-04,15.395344
2014-12-05,15.460773
2014-12-08,15.119386
2014-12-09,15.435393
2014-12-10,14.984031
2014-12-11,14.91113
2014-12-12,14.699673
2014-12-15,15.088701
2014-12-16,15.427945
2014-12-17,16.257575
2014-12-18,17.076989
2014-12-19,17.646255
2014-12-22,17.790541
2014-12-23,18.046652
2014-12-24,17.999587
2014-12-26,17.98633
2014-12-29,18.035654
2014-12-30,17.935211
2014-12-31,17.812068
2015-01-02,18.049705
2015-01-05,17.342735
2015-01-06,17.609863
2015-01-07,18.114879
2015-01-08,18.652842
2015-01-09,18.738827
2015-01-12,18.647645
2015-01-13,19.293285
2015-01-14,19.510965
2015-01-15,19.465958
2015-01-16,20.31398
2015-01-20,20.921118
2015-01-21,22.605164
2015-01-22,22.780789
2015-01-23,22.664551
2015-01-26,23.351179
2015-01-27,23.859909
2015-01-28,23.038235
2015-01-29,23.338833
2015-01-30,23.668669
2015-02-02,25.566909
2015-02-03,27.409094
2015-02-04,27.126256
2015-02-05,27.678245
2015-02-06,27.52986
2015-02-09,27.615004
2015-02-10,27.71161
2015-02-11,27.543908
2015-02-12,28.077914
2015-02-13,28.815368
2015-02-17,28.939707
2015-02-18,28.841776
2015-02-19,28.785668
2015-02-20,28.820526
2015-02-23,28.567777
2015-02-24,28.773252
2015-02-25,29.147239
2015-02-26,28.704471
2015-02-27,28.769715
2015-03-02,28.63745
2015-03-03,28.758494
2015-03-04,29.196194
2015-03-05,28.958459
2015-03-06,28.729119
2015-03-09,28.432959
2015-03-10,28.096033
2015-03-11,28.173028
2015-03-12,27.983035
2015-03-13,27.981504
2015-03-16,28.444039
2015-03-17,28.306403
2015-03-18,29.25529
2015-03-19,28.803462
2015-03-20,29.362075
2015-03-23,29.439861
2015-03-24,29.30766
2015-03-25,29.493754
2015-03-26,29.45696
2015-03-27,29.153187
2015-03-30,29.833905
2015-03-31,29.911519
2015-04-01,29.954207
2015-04-02,29.993072
2015-04-06,30.585422
2015-04-07,30.994675
2015-04-08,30.869544
2015-04-09,31.504158
2015-04-10,31.677796
2015-04-13,31.644198
2015-04-14,32.204965
2015-04-15,32.997146
2015-04-16,33.327831
2015-04-17,32.810136
2015-04-20,33.194039
2015-04-21,33.025894
2015-04-22,33.367952
2015-04-23,33.963851
2015-04-24,33.689475
2015-04-27,33.446043
2015-04-28,33.9979
2015-04-29,33.905318
2015-04-30,32.2162
2015-05-01,30.821208
2015-05-04,30.695226
2015-05-05,30.230354
2015-05-06,29.92009
2015-05-07,29.336664
2015-05-08,29.692529
2015-05-11,29.086643
2015-05-12,29.193325
2015-05-13,29.093442
2015-05-14,29.112409
2015-05-15,29.197813
2015-05-18,28.956441
2015-05-19,28.585237
2015-05-20,28.645956
2015-05-21,28.877607
2015-05-22,28.723843
2015-05-26,28.178986
2015-05-27,28.131808
2015-05-28,28.076589
2015-05-29,28.068782
2015-06-01,28.059787
2015-06-02,28.203272
2015-06-03,28.013855
2015-06-04,27.693968
2015-06-05,28.089137
2015-06-08,27.958375
2015-06-09,27.905908
2015-06-10,28.27956
2015-06-11,28.190868
2015-06-12,27.65755
2015-06-15,27.51274
2015-06-16,27.7416
2015-06-17,27.774218
2015-06-18,27.848928
2015-06-19,27.6716
2015-06-22,28.017204
2015-06-23,28.121144
2015-06-24,27.915188
2015-06-25,27.455318
2015-06-26,27.547181
2015-06-29,27.496901
2015-06-30,27.657363
2015-07-01,27.171317
2015-07-02,27.295766
2015-07-06,26.909145
2015-07-07,27.105974
2015-07-08,26.488475
2015-07-09,26.653854
2015-07-10,26.747467
2015-07-13,26.8973
2015-07-14,27.136394
2015-07-15,26.659746
2015-07-16,26.592918
2015-07-17,26.488132
2015-07-20,26.346377
2015-07-21,26.420116
2015-07-22,26.382928
2015-07-23,26.288482
2015-07-24,25.72853
2015-07-27,25.37217
2015-07-28,26.053342
2015-07-29,26.333852
2015-07-30,26.015364
2015-07-31,25.648777
2015-08-03,25.746244
2015-08-04,25.748199
2015-08-05,25.625922
2015-08-06,25.788402
2015-08-07,25.287442
2015-08-10,26.147842
2015-08-11,26.163377
2015-08-12,26.714521
2015-08-13,26.510289
2015-08-14,26.712542
2015-08-17,26.644604
2015-08-18,26.542609
2015-08-19,25.769253
2015-08-20,25.227614
2015-08-21,24.721385
2015-08-24,23.639865
2015-08-25,23.344875
2015-08-26,24.179191
2015-08-27,25.338583
2015-08-28,25.86202
2015-08-31,26.230501
2015-09-01,25.799411
2015-09-02,26.155544
2015-09-03,26.287128
2015-09-04,25.633909
2015-09-08,27.236892
2015-09-09,26.944446
2015-09-10,27.067432
2015-09-11,28.227142
2015-09-14,28.154145
2015-09-15,28.576182
2015-09-16,29.838729
2015-09-17,29.821899
2015-09-18,29.380226
2015-09-21,29.853461
2015-09-22,29.525579
2015-09-23,28.982054
2015-09-24,29.113409
2015-09-25,29.133624
2015-09-28,28.132203
2015-09-29,28.161099
2015-09-30,28.920489
2015-10-01,29.043664
2015-10-02,30.384544
2015-10-05,31.326722
2015-10-06,32.278506
2015-10-07,32.733116
2015-10-08,34.133127
2015-10-09,33.883349
2015-10-12,34.192786
2015-10-13,33.96242
2015-10-14,34.061691
2015-10-15,34.846925
2015-10-16,35.053186
2015-10-19,35.411034
2015-10-20,35.636204
2015-10-21,35.226175
2015-10-22,36.213497
2015-10-23,36.113678
2015-10-26,35.252893
2015-10-27,34.567529
2015-10-28,35.424311
2015-10-29,35.032014
2015-10-30,33.812627
2015-11-02,33.797504
2015-11-03,34.691185
2015-11-04,34.153703
2015-11-05,33.395516
2015-11-06,33.078819
2015-11-09,32.130966
2015-11-10,32.229038
2015-11-11,31.558429
2015-11-12,30.765587
2015-11-13,30.596531
2015-11-16,31.573903
2015-11-17,31.230723
2015-11-18,31.738657
2015-11-19,31.323339
2015-11-20,31.288529
2015-11-23,31.534718
2015-11-24,32.248038
2015-11-25,31.969398
2015-11-27,31.79645
2015-11-30,31.892336
2015-12-01,32.169992
2015-12-02,31.258473
2015-12-03,30.599628
2015-12-04,30.47248
2015-12-07,29.448885
2015-12-08,29.207525
2015-12-09,29.788931
2015-12-10,30.234016
2015-12-11,29.229069
2015-12-14,29.591637
2015-12-15,31.162544
2015-12-16,30.876114
2015-12-17,30.323867
2015-12-18,30.217653
2015-12-21,30.3058
2015-12-22,30.930881
2015-12-23,32.250339
2015-12-24,31.964221
2015-12-28,31.355504
2015-12-29,31.573432
2015-12-30,31.108576
2015-12-31,31.185583
2016-01-01,28.6613892575023
2016-01-04,29.44872362457959
2016-01-05,29.79990635099324
2016-01-06,29.298121278812975
2016-01-07,28.725021193411845
2016-01-08,29.25940526889778
2016-01-11,29.56593141546734
2016-01-12,31.28635531197953
2016-01-13,30.823528119079544
2016-01-14,32.27628203253601
2016-01-15,32.43713200304046
2016-01-18,32.13420524913558
2016-01-19,34.46193410413421
2016-01-20,33.63856600790587
2016-01-21,32.9629963324381
2016-01-22,35.40754482050815
2016-01-25,35.888625735480574
2016-01-26,41.942341699049145
2016-01-27,40.390112377917966
2016-01-28,41.70304366868588
2016-01-29,43.04784388368717
2016-02-01,45.17710433963883
2016-02-02,44.681964385993325
2016-02-03,44.43796004121569
2016-02-04,43.2180841090183
2016-02-05,46.357671897329695
2016-02-08,43.89835759762136
2016-02-09,43.99336213666865
2016-02-10,46.26214014401104
2016-02-11,45.379770826196406
2016-02-12,46.17985591061797
2016-02-15,46.17952704704248
2016-02-16,47.40182831521896
2016-02-17,48.54305881986405
2016-02-18,47.26844016744505
2016-02-19,49.62663896236016
2016-02-22,50.59868940931927
2016-02-23,50.11596657823682
2016-02-24,51.31687470746181
2016-02-25,50.54255026113951
2016-02-26,49.33132745711495
2016-02-29,49.54406218199592
2016-03-01,51.67586124558403
2016-03-02,52.13226412300566
2016-03-03,53.21621266353666
2016-03-04,53.86391108987156
2016-03-07,51.30381016609382
2016-03-08,50.91292884230036
2016-03-09,54.78698682925144
2016-03-10,53.27270215453117
2016-03-11,54.10215767723834
2016-03-14,58.717047425413845
2016-03-15,55.12201175509144
2016-03-16,56.375998443390365
2016-03-17,55.71530716224054
2016-03-18,57.07004391983977
2016-03-21,58.43068783462336
2016-03-22,59.08232864033714
2016-03-23,58.87086368305277
2016-03-24,58.36931000781309
2016-03-25,57.61621473142333
2016-03-28,58.43557133967073
2016-03-29,58.8827775218545
2016-03-30,58.50373828666965
2016-03-31,58.38315294600243
2016-04-01,57.646928815872805
2016-04-04,58.72477336673592
2016-04-05,57.9983741169633
2016-04-06,56.95680931951704
2016-04-07,57.32473213735762
2016-04-08,60.46991561029789
2016-04-11,60.61287083149281
2016-04-12,61.72607770106012
2016-04-13,64.08873449300465
2016-04-14,65.23459786453691
2016-04-15,63.74839950261256
2016-04-18,61.28311469442684
2016-04-19,65.53612432358155
2016-04-20,67.80960453500136
2016-04-21,74.12716005191601
2016-04-22,75.0359548747098
2016-04-25,74.71662939562323
2016-04-26,73.50928652579645
2016-05-06,48.2881005435428
2016-05-11,47.65108013698397
2016-05-12,47.7426300633224
2016-05-13,47.88231594337285
2016-05-16,48.5644996203722
2016-05-17,48.62337412402331
2016-05-18,48.04197402750111
2016-05-19,48.12780037575749
2016-05-20,47.64711306507908
2016-05-23,47.33010407448051
2016-05-24,47.73405998116648
2016-05-25,48.3215171710776
2016-05-26,47.81549953112473
2016-05-27,48.90200952640917
2016-05-30,49.05057153876347
2016-05-31,46.90862662655197
2016-06-01,47.07840558432196
2016-06-02,46.745909488379446
2016-06-03,46.15710726829069
2016-06-06,46.43282691718376
2016-06-07,46.91347835048966
2016-06-08,47.117999048241536
2016-06-09,47.93169871227731
2016-06-10,47.870424546569225
2016-06-13,47.06935942705604
2016-06-14,46.45144129173131
2016-06-15,46.5728856305316
2016-06-16,47.58181858663556
2016-06-17,47.76923535633419
2016-06-20,47.426543480343184
2016-06-21,47.69588871778231
2016-06-22,48.43259923846235
2016-06-23,49.359376819615264
2016-06-24,48.18309038581671
2016-06-27,47.68087824040516
2016-06-28,48.64180925660144
2016-06-29,48.44084309313283
2016-06-30,49.313721692979456
2016-07-01,49.5655236393171
2016-07-04,49.60226092005167
2016-07-05,49.1712181637732
2016-07-06,47.57677788105576
2016-07-07,46.48949010609231
2016-07-08,47.840763080469365
2016-07-11,49.23188500506153
2016-07-12,50.13392676856707
2016-07-13,49.35044815917602
2016-07-14,49.57805415506695
2016-07-15,49.27132640297502
2016-07-18,49.17396400994241
2016-07-19,49.66747789869893
2016-07-20,48.736780591457176
2016-07-21,47.2512121334644
2016-07-22,47.517526031136335
2016-07-25,46.76010788723488
2016-07-26,46.47834482756136
2016-07-27,45.29889681217385
2016-07-28,43.46665991269498
2016-07-29,39.120924426343485
2016-08-01,39.74608006939019
2016-08-02,40.046791801409576
2016-08-03,40.13511172408133
2016-08-04,39.385645877701954
2016-08-05,39.36214051635806
2016-08-08,39.92878489568425
2016-08-09,39.65255112306079
2016-08-10,39.62899435733617
2016-08-11,40.3210454959643
2016-08-12,40.682036195304285
2016-08-15,40.75077340312264
2016-08-16,40.79792141495636
2016-08-17,40.93712965571317
2016-08-18,41.53042911163305
2016-08-19,41.2334168670517
2016-08-22,40.94985608090576
2016-08-23,41.03707773617834
2016-08-24,41.08600670277944
2016-08-25,40.788113231483045
2016-08-26,40.79310611982283
2016-08-29,41.1114444256434
2016-08-30,42.24361167694532
2016-08-31,41.8864897515953
2016-09-01,41.32757996026484
2016-09-02,42.14520054460444
2016-09-05,42.14520054460444
2016-09-06,43.09951293288741
2016-09-07,43.19769624959755
2016-09-08,43.40832753066241
2016-09-09,42.588686753504
2016-09-12,41.60335789753593
2016-09-13,42.308326961724745
2016-09-14,41.933079029877504
2016-09-15,40.05443798513375
2016-09-16,39.644854420255896
2016-09-19,39.82722169165345
2016-09-20,39.5925978080986
2016-09-21,40.25447586046229
2016-09-22,40.57561480441869
2016-09-23,40.42707676819467
2016-09-26,40.11442519333844
2016-09-27,39.94416741046743
2016-09-28,40.55760467745349
2016-09-29,40.14267220063625
2016-09-30,41.53279639076276
2016-10-03,41.42885480138075
2016-10-04,41.25140850932701
2016-10-05,41.62133890353699
2016-10-06,44.64177221452268
2016-10-07,42.739357013276624
2016-10-10,43.30305274818533
2016-10-11,43.18490746995983
2016-10-12,43.56009869656612
2016-10-13,43.13216921243868
2016-10-14,43.68512441738436
2016-10-17,46.39531502235612
2016-10-18,46.38891386097679
2016-10-19,45.17668021467804
2016-10-20,44.09023794139578
2016-10-21,44.011046574536365
2016-10-24,44.13346370358501
2016-10-25,43.25021985147797
2016-10-26,42.47171654322359
2016-10-27,39.47050533138425
2016-10-28,34.97379667012306
2016-10-31,35.26341546805928
2016-11-01,34.59932161569512
2016-11-02,34.05049997965923
2016-11-03,33.84781211981223
2016-11-04,33.824788823789
2016-11-07,33.25186946832278
2016-11-08,33.1937186149953
2016-11-09,33.91234153855595
2016-11-10,33.96285092776151
2016-11-11,33.58416940967926
2016-11-14,33.51546526714404
2016-11-15,34.17685173692998
2016-11-16,34.0451279999684
2016-11-17,34.02828670706433
2016-11-18,33.83520005463525
2016-11-21,34.35652879494046
2016-11-22,34.537309551137646
2016-11-23,36.47751523441576
2016-11-25,34.60660619584569
2016-11-29,33.77307880269944
2016-11-30,34.122872565884165
2016-12-01,35.26093693125807
2016-12-02,35.22101481641003
2016-12-05,35.523375192932335
2016-12-06,35.33587773642716
2016-12-07,35.906584062353474
2016-12-08,36.11915720869715
2016-12-09,36.02446761522332
2016-12-12,36.35228010705501
2016-12-13,36.73442487696052
2016-12-14,37.562835897316255
2016-12-15,37.70155640836901
2016-12-16,37.792026265282765
2016-12-19,37.59358404682378
2016-12-20,37.669317904431374
2016-12-21,37.69435000141393
2016-12-22,38.071586468971255
2016-12-23,37.970537655266114
2016-12-26,37.90222782530553
2016-12-27,37.97584520941677
2016-12-28,37.73403535298231
2016-12-29,37.63634766675988
2016-12-30,37.54417629677926
2017-01-02,37.505207766607626
2017-01-03,38.500216850587776
2017-01-04,38.147324403379166
2017-01-05,37.99440111048777
2017-01-06,37.91074087857736
2017-01-09,37.990512636913216
2017-01-10,37.22421193088546
2017-01-11,37.63326809422253
2017-01-12,37.84824325565779
2017-01-13,37.52945109221701
2017-01-16,37.55121317214573
2017-01-17,37.91135532805284
2017-01-18,37.6517619916152
2017-01-19,37.40336653217658
2017-01-20,37.13805632200294
2017-01-23,36.02998968412295
2017-01-24,36.20264692273796
2017-01-25,36.10703242722825
2017-01-26,34.72651895061177
2017-01-27,34.68259938500632
2017-01-30,34.18768350809973
2017-01-31,32.1527635726544
2017-02-01,32.41596569168033
2017-02-02,31.934881143084212
2017-02-03,31.943189595014505
2017-02-06,31.72689573273083
2017-02-07,31.32293189637757
2017-02-08,31.151299403669533
2017-02-09,30.92007884724438
2017-02-10,31.437013416107558
2017-02-13,31.58296247999673
2017-02-14,31.52079606143061
2017-02-15,31.28451551881132
2017-02-16,30.732583100068144
2017-02-17,30.30526462387805
2017-02-20,30.30997189079613
2017-02-21,30.51977484617664
2017-02-22,30.024114850108678
2017-02-23,30.12958282018732
2017-02-24,29.5110565745124
2017-02-27,29.599033053565527
2017-02-28,29.13192720788752
2017-03-01,29.9167905030143
2017-03-02,29.726307178848604
2017-03-03,29.673672525346007
2017-03-06,29.800692922994006
2017-03-07,29.604581902999676
2017-03-08,29.01123424673352
2017-03-09,28.947189460000818
2017-03-10,29.092094064805323
2017-03-13,28.988656914900723
2017-03-14,28.60917210350228
2017-03-15,29.23164617709396
2017-03-16,29.20948559893154
2017-03-17,29.1498253160834
2017-03-20,29.1167503080942
2017-03-21,28.93706689448603
2017-03-22,28.916341861917367
2017-03-23,28.72356567499417
2017-03-24,28.72054088304595
2017-03-27,28.87578894908255
2017-03-28,29.242059368593143
2017-03-29,29.638540158660994
2017-03-30,29.62282863208033
2017-03-31,28.239030314731195
2017-04-03,29.153583115415238
2017-04-04,29.467329470884238
2017-04-05,29.462682396847946
2017-04-06,29.628260179059208
2017-04-07,29.620066761865395
2017-04-10,29.73778923921401
2017-04-11,29.73226953484301
2017-04-12,29.744962969867927
2017-04-13,30.17033902988561
2017-04-14,29.24100094887306
2017-04-17,29.32620701687665
2017-04-18,29.122991040307404
2017-04-19,28.94066892769921
2017-04-20,29.165422807485037
2017-04-21,29.00361202202224
2017-04-24,28.81231461303184
2017-04-25,29.05956209964676
2017-04-26,28.878176050432437
2017-04-27,28.363641901341
2017-04-28,26.23453830940717
2017-05-01,26.33800925178417
2017-05-02,25.48699018177382
2017-05-03,25.646950752221223
2017-05-04,24.90829165819292
2017-05-05,25.3114595240516
2017-05-08,25.471363245848245
2017-05-09,25.191842243635215
2017-05-10,25.406129260201624
2017-05-11,25.62546748470265
2017-05-12,25.574380199368743
2017-05-15,25.79287274929538
2017-05-16,25.708182025908787
2017-05-17,25.524842453880755
2017-05-18,25.51327530635858
2017-05-19,25.76497247616305
2017-05-22,25.788263704325587
2017-05-23,25.83319448700157
2017-05-24,25.72380431600161
2017-05-25,25.31198201024519
2017-05-26,25.53250541875215
2017-05-29,25.532523404784136
2017-05-30,25.31191634134853
2017-05-31,25.251855696531827
2017-06-01,25.40770456131572
2017-06-02,25.138346842166783
2017-06-05,25.19322017617407
2017-06-06,25.438345970756888
2017-06-07,25.12997083001772
2017-06-08,25.33449992074341
2017-06-09,25.95885275958204
2017-06-12,26.20383445354156
2017-06-13,26.349719911766435
2017-06-14,25.925048210606462
2017-06-15,25.80590825444716
2017-06-16,26.28206283573444
2017-06-19,26.0741885027398
2017-06-20,25.785516049520528
2017-06-21,25.64771627760312
2017-06-22,25.607960787538477
2017-06-23,25.806849728671203
2017-06-26,25.73055886632313
2017-06-27,25.876928527370158
2017-06-28,26.025362945526812
2017-06-29,25.92868833818808
2017-06-30,26.581634243567404
2017-07-03,27.0033528551142
2017-07-04,27.064224983034844
2017-07-05,26.7316386571319
2017-07-06,26.812247911827725
2017-07-07,26.7503451211814
2017-07-10,27.412847488920704
2017-07-11,27.71700172834812
2017-07-12,27.923424698898877
2017-07-13,28.47914023956597
2017-07-14,28.712407292110807
2017-07-17,29.90695430610751
2017-07-18,30.12904538446284
2017-07-19,30.6313023408328
2017-07-20,31.374911500255127
2017-07-21,31.07890179943457
2017-07-24,30.796172472418327
2017-07-25,31.471937043835226
2017-07-26,30.730535468234898
2017-07-27,30.547682434818416
2017-07-28,28.18268325634213
2017-07-31,28.769042368166225
2017-08-01,28.421751981196497
2017-08-02,28.21660305350173
2017-08-03,27.868076515545635
2017-08-04,27.958936874004607
2017-08-07,27.731204344121046
2017-08-08,27.701091895822675
2017-08-09,27.727966374675585
2017-08-10,27.37745907079037
2017-08-11,27.17062330353312
2017-08-14,27.07874855141129
2017-08-15,26.96209616786394
2017-08-16,26.650926414960256
2017-08-17,26.388546293574983
2017-08-18,26.468347351273614
2017-08-21,26.28902595782358
2017-08-22,26.490201774142328
2017-08-23,26.617780136268333
2017-08-24,26.63494082721637
2017-08-25,27.032912532199106
2017-08-28,26.95130461454136
2017-08-29,27.10094330070822
2017-08-30,27.141143581970685
2017-08-31,27.324019279140447
2017-09-01,27.530091083632257
2017-09-04,27.530069270869145
2017-09-05,27.67442046811192
2017-09-06,28.14374382112395
2017-09-07,28.15618519898766
2017-09-08,27.819359979994235
2017-09-11,28.08179663695316
2017-09-12,28.206517504194743
2017-09-13,28.54305403300005
2017-09-14,28.578573323294968
2017-09-15,28.617722886745284
2017-09-18,28.90263261488448
2017-09-19,29.08712496623369
2017-09-20,29.23177788462395
2017-09-21,29.12028900110404
2017-09-22,29.248195568117
2017-09-25,29.639141124341524
2017-09-26,29.57749028477928
2017-09-27,29.73049294272453
2017-09-28,29.70264952836213
2017-09-29,29.42010245890309
2017-10-02,29.39950527264281
2017-10-03,29.314023780326032
2017-10-04,29.294907733566006
2017-10-05,29.399182472227206
2017-10-06,29.15818667077109
2017-10-09,29.01485328822281
2017-10-10,28.83690879915724
2017-10-11,28.789236147295284
2017-10-12,28.714853042736717
2017-10-13,28.72307646831832
2017-10-16,28.295243645000475
2017-10-17,28.2108592757655
2017-10-18,27.84390806355893
2017-10-19,27.6544912223613
2017-10-20,27.567420681238268
2017-10-23,27.350372614515877
2017-10-24,27.35448144568288
2017-10-25,27.14498057054816
2017-10-26,26.55793325111985
2017-10-27,25.54096438872165
2017-10-30,25.87450540939965
2017-10-31,25.88207428654608
2017-11-01,25.892931590302076
2017-11-02,25.7241663391186
2017-11-03,25.76769394734588
2017-11-06,26.319034582698144
2017-11-07,26.29472733541371
2017-11-08,26.210037238442727
2017-11-09,26.32965385382114
2017-11-10,26.101142024731427
2017-11-13,25.972973967709965
2017-11-14,25.58175268388617
2017-11-15,25.258115236585404
2017-11-16,25.094426549511837
2017-11-17,25.194041613642657
2017-11-20,25.13417133687232
2017-11-21,24.84110893831663
2017-11-22,24.87417108711305
2017-11-24,24.92970622533425
2017-11-27,24.681850469054744
2017-11-28,24.777287707605808
2017-11-29,24.909899755209665
2017-11-30,25.299310755730424
2017-12-01,25.457084353248877
2017-12-04,25.33141366516716
2017-12-05,25.203572459747424
2017-12-06,24.850049587139274
2017-12-07,24.92781816345399
2017-12-08,25.12081625586024
2017-12-11,25.24588152192378
2017-12-12,25.14577737782212
2017-12-13,25.12205332745965
2017-12-14,24.732275254631624
2017-12-15,24.7072410102666
2017-12-18,24.91408188389226
2017-12-19,24.88031661074048
2017-12-20,24.99837677546809
2017-12-21,25.321505115625897
2017-12-22,25.306543791856992
2017-12-25,25.46393778519792
2017-12-26,25.5030762304329
2017-12-27,25.43512627959579
2017-12-28,25.45185052036551
2017-12-29,25.25929534568663
2018-01-01,25.25927126756122
2018-01-02,25.68775879195886
2018-01-03,26.084712615148995
2018-01-04,26.07870687897288
2018-01-05,26.07163793348313
2018-01-08,26.00366200104027
2018-01-09,25.867751292734177
2018-01-10,25.769799811735
2018-01-11,25.972903964839222
2018-01-12,26.12967741377894
2018-01-15,26.12970733016685
2018-01-16,25.48312748861051
2018-01-17,25.687154254170206
2018-01-18,25.21766239366806
2018-01-19,24.85584285032827
2018-01-22,24.857125117357054
2018-01-23,24.701264442324003
2018-01-24,24.460488787203253
2018-01-25,24.25651786087237
2018-01-26,24.25020321389255
2018-01-29,23.84666599777745
2018-01-30,23.183644727339843
2018-01-31,23.07872562175829
2018-02-01,22.998931601457603
2018-02-02,21.65870452302875
2018-02-05,20.49394951518055
2018-02-06,20.636186504010304
2018-02-07,20.23478214887517
2018-02-08,19.662023890880057
2018-02-09,19.60278206660829
2018-02-12,19.97948037656967
2018-02-13,19.8691550293864
2018-02-14,20.020370005409383
2018-02-15,19.80545131992058
2018-02-16,19.716046036925334
2018-02-19,19.71601219200236
2018-02-20,19.634112483224985
2018-02-21,19.337040426778817
2018-02-22,19.58333899147928
2018-02-23,19.97173310574553
2018-02-26,20.17578951283902
2018-02-27,19.93504938914947
2018-02-28,19.31176433856747
2018-03-01,19.30071874006865
2018-03-02,19.371036161900037
2018-03-05,19.568615231462356
2018-03-06,19.59289296737452
2018-03-07,19.46895996935987
2018-03-08,19.444958490807007
2018-03-09,19.854514479461297
2018-03-12,19.79448373177753
2018-03-13,19.68677887898831
2018-03-14,19.550421162061312
2018-03-15,19.46822016660209
2018-03-16,19.658967607999447
2018-03-19,19.281482113188392
2018-03-20,19.44327114056093
2018-03-21,19.949205700135217
2018-03-22,19.51629797922192
2018-03-23,19.414151296192426
2018-03-26,19.77764649930446
2018-03-27,19.61648912372981
2018-03-28,19.255823278686325
2018-03-29,19.62057530775374
2018-03-30,19.62650079277302
2018-04-02,19.218638481320163
2018-04-03,19.6188339022703
2018-04-04,19.59776520280884
2018-04-05,19.95650449657777
2018-04-06,19.58798983836593
2018-04-09,19.59388968025796
2018-04-10,20.15186165169815
2018-04-11,20.32106066702461
2018-04-12,20.34337822727488
2018-04-13,20.35662259714928
2018-04-16,20.54690845875076
2018-04-17,20.5885182360636
2018-04-18,20.82419304999253
2018-04-19,20.750552698930253
2018-04-20,20.537232193209253
2018-04-23,20.414229726122663
2018-04-24,20.219297843111768
2018-04-25,19.94828743049439
2018-04-26,19.45091358223528
2018-04-27,19.07177120690628
2018-04-30,19.074881624935728
2018-05-01,18.90365499534019
2018-05-02,19.00593371346556
2018-05-03,18.841976084369907
2018-05-04,18.92476734979193
2018-05-07,18.930787885115947
2018-05-08,19.033386038919847
2018-05-09,19.325408990587448
2018-05-10,19.19978033319941
2018-05-11,19.197184274053928
2018-05-14,19.220967363392653
2018-05-15,19.217788627140774
2018-05-16,19.293127316052217
2018-05-17,19.47993035403542
2018-05-18,19.2780330705321
2018-05-21,19.053586122225745
2018-05-22,18.799597567918088
2018-05-23,18.809233066445323
2018-05-24,18.46090983118468
2018-05-25,17.996542103651528
2018-05-28,17.996499938846426
2018-05-29,17.866581703692095
2018-05-30,18.427703484700608
2018-05-31,18.28108821747773
2018-06-01,18.131127283741503
2018-06-04,17.945373286754496
2018-06-05,17.850050016142678
2018-06-06,17.948319893058756
2018-06-07,18.221884432262648
2018-06-08,18.11776802039901
2018-06-11,18.039899372454588
2018-06-12,17.92161782956675
2018-06-13,17.860379961934704
2018-06-14,17.810361570384845
2018-06-15,17.456186833925624
2018-06-18,17.534610102614817
2018-06-19,17.485703220767263
2018-06-20,17.53345813203857
2018-06-21,17.19014478716891
2018-06-22,17.548860444347692
2018-06-25,17.154690758472892
2018-06-26,17.371860484211812
2018-06-27,17.59133138225016
2018-06-28,17.51927636894328
2018-06-29,17.6403151906366
2018-07-02,17.368269119310327
2018-07-03,17.423723596482777
2018-07-05,17.348426031697432
2018-07-06,17.455303136106956
2018-07-09,17.647404794486924
2018-07-10,17.868335694602113
2018-07-11,17.425993217104484
2018-07-12,17.406949064915825
2018-07-13,17.50044496308831
2018-07-16,17.193103510917247
2018-07-17,17.15558526655471
2018-07-18,17.18086871920956
2018-07-19,17.07302216510222
2018-07-20,16.955752739217928
2018-07-23,16.999886294574317
2018-07-24,17.231488927737
2018-07-25,17.35637772379167
2018-07-26,17.37882608946211
2018-07-30,17.210970434941746
2018-08-01,16.87870719218584
2018-08-02,16.702972074055932
2018-08-03,16.618299564246232
2018-08-06,16.645417015982552
2018-08-07,16.75999347063419
2018-08-08,16.600999965100762
2018-08-09,16.407510162068654
2018-08-10,16.351981888452308
2018-08-13,16.18492942780923
2018-08-14,16.20651743911412
2018-08-15,15.686671891678262
2018-08-16,15.86537402807917
2018-08-17,15.911995189477704
2018-08-20,16.004953903313325
2018-08-21,16.12951783763634
2018-08-22,16.318236182568604
2018-08-23,16.226207596107184
2018-08-24,16.353713414503424
2018-08-27,16.46926362712294
2018-08-28,16.42317095440608
2018-08-29,16.524177323909832
2018-08-30,16.45760006638669
2018-08-31,16.332238249547743
2018-09-04,16.2863810751051
2018-09-05,16.260037738989492
2018-09-06,15.957509213132122
2018-09-07,15.983985364358634
2018-09-10,15.97275953638842
2018-09-11,16.097348512431008
2018-09-12,16.20327370095798
2018-09-13,16.21195703243184
2018-09-14,16.306640945775136
2018-09-17,16.32091103912402
2018-09-18,16.460730643984867
2018-09-19,16.530907135294097
2018-09-20,16.581896777328325
2018-09-21,16.71422206282362
2018-09-24,16.680398351628615
2018-09-25,16.79453285450746
2018-09-26,16.63062277520409
2018-09-27,16.632644249169683
2018-09-28,16.473243293482216
2018-10-01,16.74494169710626
2018-10-02,16.772174692626574
2018-10-03,16.84051985562415
2018-10-04,16.749916971562307
2018-10-05,16.748433343247612
2018-10-08,16.585633544681016
2018-10-09,16.696286531936643
2018-10-10,16.101895765844397
2018-10-11,15.65857162710703
2018-10-12,15.62793365540552
2018-10-15,15.519556259754488
2018-10-16,15.699651922142396
2018-10-17,15.569387771900471
2018-10-18,15.458675624136792
2018-10-19,15.249935597296371
2018-10-22,15.066656412072188
2018-10-23,14.654767040781811
2018-10-24,14.112430913566362
2018-10-25,14.104420458654856
2018-10-26,13.868683429199974
2018-10-29,13.641937577338004
2018-10-30,13.943836071165336
2018-10-31,13.986672381918032
2018-11-01,14.030470388964703
2018-11-02,13.821761173552018
2018-11-05,13.907979641833942
2018-11-06,13.8994833108438
2018-11-07,14.096063588809992
2018-11-08,13.7850133125274
2018-11-09,13.6984986128501
2018-11-12,13.418225668293182
2018-11-13,13.12886062676688
2018-11-14,13.27513915665044
2018-11-15,13.466308248406296
2018-11-16,13.64724802964086
2018-11-19,13.858902652886918
2018-11-20,13.515829697990402
2018-11-21,13.731616507738815
2018-11-23,13.299050392310289
2018-11-26,13.570415284738113
2018-11-27,13.58106417623155
2018-11-28,13.83515280592112
2018-11-29,13.969552977026188
2018-11-30,13.984727301788547
2018-12-03,14.261107133391612
2018-12-04,13.90974814182363
2018-12-06,13.692625191989574
2018-12-07,13.593083345696526
2018-12-10,13.710505520602675
2018-12-11,13.74413055046934
2018-12-12,13.826614523908786
2018-12-13,14.192513647879414
2018-12-14,13.88388596934638
2018-12-17,13.682986311419947
2018-12-18,13.402259412812416
2018-12-19,13.250436457465932
2018-12-20,12.9653306033246
2018-12-21,13.225175057210183
2018-12-24,12.744316035396748
2018-12-26,13.534942847384675
2018-12-27,13.632121345237762
2018-12-28,13.518217991820526
2018-12-31,13.596563772502524
2019-01-02,13.898696743670136
2019-01-03,13.741233213542356
2019-01-04,14.408914823061313
2019-01-07,15.13939479372188
2019-01-08,15.257890215778474
2019-01-09,15.804556209585956
2019-01-10,16.075575351014727
2019-01-11,15.950476464714567
2019-01-14,15.91794634237012
2019-01-15,16.089121449943118
2019-01-16,16.169018750372917
2019-01-17,16.45468285574035
2019-01-18,17.163321123644973
2019-01-22,16.775371474402785
2019-01-23,16.63348583732235
2019-01-24,16.77148274433481
2019-01-25,16.980559540469777
2019-01-28,16.836881182228048
2019-01-29,16.807737193213548
2019-01-30,17.05360666273446
2019-01-31,17.262388663164423
2019-02-01,17.497127420702107
2019-02-04,17.338753764568718
2019-02-05,17.37930132410344
2019-02-06,17.26058224893153
2019-02-07,17.03719558382605
2019-02-08,17.124007157815726
2019-02-11,17.149351635822306
2019-02-12,17.43222685051118
2019-02-13,17.667240419672904
2019-02-14,17.83142878357642
2019-02-15,18.12458866256953
2019-02-19,18.06101241975354
2019-02-20,18.270306879725737
2019-02-21,18.002580324119528
2019-02-22,18.068358598972004
2019-02-25,18.10430843575601
2019-02-26,18.070783422357724
2019-02-27,18.181327088768487
2019-02-28,18.008983656754637
2019-03-01,18.322661449742224
2019-03-04,18.341887188803238
2019-03-05,18.285001336850755
2019-03-06,18.0642253163028
2019-03-07,17.9554684318452
2019-03-08,17.621012028360674
2019-03-11,17.887408436944273
2019-03-12,18.03132476544349
2019-03-13,18.2442128096182
2019-03-14,18.242380182428438
2019-03-15,18.23177929135358
2019-03-18,18.46803915743779
2019-03-19,18.39512984567793
2019-03-20,18.544903844960334
2019-03-21,18.6765631577082
2019-03-22,18.146585435438222
2019-03-25,18.13984625365892
2019-03-26,18.39165792713524
2019-03-27,18.258058236037787
2019-03-28,18.331543709323384
2019-03-29,18.30059588678385
2019-04-01,18.586120235205826
2019-04-02,18.42302797310389
2019-04-03,18.293945352747063
2019-04-04,18.413879717164505
2019-04-05,18.553795612583052
2019-04-08,18.61864354470167
2019-04-09,18.407792260817
2019-04-10,18.43865862727142
2019-04-11,18.507356743818317
2019-04-12,18.37986499147372
2019-04-15,18.22176107308469
2019-04-16,18.20349154168862
2019-04-17,17.999461349151368
2019-04-18,17.82505474548582
2019-04-22,18.068516980557167
2019-04-23,18.061139907881795
2019-04-24,17.63166553210322
2019-04-25,17.352967537055957
2019-04-26,16.4036123743951
2019-04-29,16.29097586097226
2019-04-30,15.845073189876729
2019-05-01,15.518776849017357
2019-05-02,15.250329308185442
2019-05-03,15.30197315765079
2019-05-06,15.1360270096074
2019-05-07,15.034990283904856
2019-05-08,14.848386290080688
2019-05-09,14.799028807342795
2019-05-10,14.867980178692614
2019-05-13,14.670175148165375
2019-05-14,14.831317410093291
2019-05-15,14.8999598899933
2019-05-16,14.94269800696872
2019-05-17,14.750383910877868
2019-05-20,14.763301033622056
2019-05-21,14.913930784802394
2019-05-22,14.681297901016132
2019-05-23,14.262213673077358
2019-05-24,14.293711893336932
2019-05-28,14.161085927091442
2019-05-29,14.067245615525822
2019-05-30,13.885124775248972
2019-05-31,13.682106246818998
2019-06-03,13.879708280280106
2019-06-04,14.095349747826264
2019-06-05,13.95103063247902
2019-06-06,14.223510193730265
2019-06-07,14.294129838978357
2019-06-10,14.360754690017602
2019-06-11,14.37509342508208
2019-06-12,14.187000707212803
2019-06-13,14.376741926979488
2019-06-14,14.302353268704527
2019-06-17,14.49220856880687
2019-06-18,14.704513503953514
2019-06-19,14.690220226909853
2019-06-20,15.11238767597236
2019-06-21,15.289333602937392
2019-06-24,15.256204957695838
2019-06-25,15.150018883623853
2019-06-26,15.40085225918325
2019-06-27,15.39778618103728
2019-06-28,15.584805888806777
2019-07-01,15.727496682068534
2019-07-02,15.45876760350535
2019-07-03,15.565474755851508
2019-07-05,15.678190817747934
2019-07-08,15.766273623152609
2019-07-09,15.7586026567599
2019-07-10,16.051831948032596
2019-07-11,16.180851342798267
2019-07-12,16.290875588867987
2019-07-15,16.257710126197484
2019-07-16,16.09893343865148
2019-07-17,15.945868117292203
2019-07-18,16.05846509523587
2019-07-19,16.21109868973671
2019-07-22,16.342517962804852
2019-07-23,16.420050090614687
2019-07-24,16.499253291595405
2019-07-25,16.185008880029024
2019-07-26,16.071583649817484
2019-07-29,16.308485563182064
2019-07-30,16.45670109676321
2019-07-31,16.317398700745127
2019-08-01,15.873477267199844
2019-08-02,14.895888982338132
2019-08-05,14.63403930800165
2019-08-06,14.60753031286352
2019-08-07,14.57225549966291
2019-08-08,14.88257583253626
2019-08-09,14.707136347368364
2019-08-12,14.479039419002078
2019-08-13,14.672025353653275
2019-08-14,14.11496814774616
2019-08-15,14.071873218394543
2019-08-16,14.20148451841523
2019-08-19,14.536065793935308
2019-08-20,14.463084871772018
2019-08-21,14.660579655051029
2019-08-22,14.671108951581914
2019-08-23,14.249612503731989
2019-08-26,14.319068343986592
2019-08-27,14.256062830249098
2019-08-28,14.464840017635872
2019-08-29,14.6693367439121
2019-08-30,14.736829724038078
2019-09-03,14.71529316081207
2019-09-04,14.91493633425679
2019-09-05,15.152728875431464
2019-09-06,15.2513116882029
2019-09-09,15.533802559286018
2019-09-10,15.81683983061088
2019-09-11,15.831730965007662
2019-09-12,15.769955356969446
2019-09-13,15.890921710673425
2019-09-16,16.413573843938938
2019-09-17,16.173654510120127
2019-09-18,16.365939477391326
2019-09-19,16.290848731989367
2019-09-20,16.311402344437354
2019-09-23,16.297937237115136
2019-09-24,16.026020760328805
2019-09-25,16.099912956481482
2019-09-26,15.883431662097214
2019-09-27,15.8815285356926
2019-09-30,15.83376064196257
2019-10-01,15.555373848592208
2019-10-02,15.188800846046933
2019-10-03,15.315683072263807
2019-10-04,15.536873139004795
2019-10-07,15.383791743777126
2019-10-08,15.299517270676448
2019-10-09,15.499176927219573
2019-10-10,15.727294911496536
2019-10-11,15.982202971115932
2019-10-14,16.091909568943496
2019-10-15,16.349413363886203
2019-10-16,16.34474511448244
2019-10-17,17.248063743856026
2019-10-18,17.215734071312646
2019-10-21,17.558174564951635
2019-10-22,17.75199063727445
2019-10-23,17.915750770335656
2019-10-24,17.591677439659083
2019-10-25,17.668751255931536
2019-10-28,17.548036986228606
2019-10-29,17.531106124255846
2019-10-30,17.134838372016553
2019-10-31,16.833612515245882
2019-11-01,16.994575937348923
2019-11-04,17.474937220355766
2019-11-05,17.5599020352482
2019-11-06,17.212753334191277
2019-11-07,17.49268284544636
2019-11-08,17.344306402906263
2019-11-11,17.343806046210755
2019-11-12,17.23211262295694
2019-11-13,17.1201429625042
2019-11-14,17.050265620553652
2019-11-15,17.10585735441313
2019-11-18,16.83835969483925
2019-11-19,16.6142363661034
2019-11-20,16.850370076934105
2019-11-21,17.12785517963179
2019-11-22,17.081597719808315
2019-11-25,17.122253768122583
2019-11-26,16.97618799778659
2019-11-27,17.01877478603927
2019-11-29,16.851083376690763
2019-12-02,16.82646349378631
2019-12-03,16.577643431201857
2019-12-04,16.833615759026706
2019-12-05,16.768827642015417
2019-12-06,17.139081880347533
2019-12-09,17.086493164274422
2019-12-10,17.120984998814983
2019-12-11,17.070254043585507
2019-12-12,17.370237756432953
2019-12-13,17.21301270029355
2019-12-16,17.462046978177042
2019-12-17,17.456900213948142
2019-12-18,17.51662230343064
2019-12-19,17.510416872989303
2019-12-20,17.659454644691134
2019-12-23,17.748337589175502
2019-12-24,17.867987032337176
2019-12-26,17.860525729762408
2019-12-27,17.767674993594735
2019-12-30,17.717696284152467
2019-12-31,17.845019837920304
2020-01-02,18.0000926300966
2020-01-03,18.03457061609241
2020-01-06,18.273415237556
2020-01-07,18.215836120129904
2020-01-08,17.90673140930476
2020-01-09,18.069356373468423
2020-01-10,18.019634595506083
2020-01-13,17.980273390279123
2020-01-14,18.046351511084094
2020-01-15,17.951022732489005
2020-01-16,18.00396435631473
2020-01-17,17.94665143679752
2020-01-21,17.631067625609408
2020-01-22,17.4700332984942
2020-01-23,17.388946470312632
2020-01-24,16.986224093702614
2020-01-27,16.573700448786266
2020-01-28,16.524897983783976
2020-01-29,16.23639437729465
2020-01-30,16.79399408086372
2020-01-31,16.352666609654406
2020-02-03,16.076430759801184
2020-02-04,16.237818312134838
2020-02-05,16.778656398108666
2020-02-06,16.62086645881718
2020-02-07,16.49290519550791
2020-02-10,16.401935192167443
2020-02-11,16.63641961688712
2020-02-12,16.835878876785333
2020-02-13,16.786528708430872
2020-02-14,16.67133063492722
2020-02-18,16.519794944425346
2020-02-19,16.852431743697558
2020-02-20,16.76704223571418
2020-02-21,16.60388511150347
2020-02-24,15.822478037852
2020-02-25,15.149058442171134
2020-02-26,14.799498233629492
2020-02-27,14.01036199293071
2020-02-28,14.595935198746483
2020-03-02,14.78968157553715
2020-03-03,14.367858371471424
2020-03-04,14.83507286671549
2020-03-05,14.472707611640386
2020-03-06,13.899851264116208
2020-03-09,12.033811886825546
2020-03-10,12.78398455483808
2020-03-11,12.532384594594376
2020-03-12,11.557039862678163
2020-03-13,13.075953727615367
2020-03-16,14.391682460470978
2020-03-17,15.633219709340873
2020-03-18,13.410013474460976
2020-03-19,15.083586387728324
2020-03-20,16.125402347582313
2020-03-23,16.362344652120925
2020-03-24,25.44219972625075
2020-03-25,30.3727148986558
2020-03-26,34.78239962589726
2020-03-27,33.36653030453211
2020-03-30,40.844273668707714
2020-03-31,46.48630132913428
2020-04-01,46.21912836276128
2020-04-02,56.64389236170933
2020-04-03,62.25045295312147
2020-04-06,69.65733513215199
2020-04-07,120.7337648972208
2020-04-08,165.83183789560715
2020-04-09,213.03919845303813
2020-04-13,209.295101806813
2020-07-31,118.41619742255556
2020-08-03,83.2325997188307
2020-08-04,80.0596657454014
2020-08-05,76.6514335927764
2020-08-06,72.55572448988345
2020-08-07,72.41653972255506
2020-08-10,62.31784216157464
2020-08-11,62.08575558467676
2020-08-12,63.10499101952478
2020-08-13,61.17643371414392
2020-08-14,61.31192893104389
2020-08-17,59.02996306911949
2020-08-18,57.96559145933363
2020-08-19,57.33505913962674
2020-08-20,56.28491188835987
2020-08-21,55.09285443307662
2020-08-24,56.61087775671831
2020-08-25,57.07564888056777
2020-08-26,55.67088881016371
2020-08-27,55.61368375482778
2020-08-28,56.63431039731344
2020-08-31,54.644068618360734
2020-09-01,54.16826219973679
2020-09-02,53.97390286348355
2020-09-03,53.40747970584413
2020-09-04,53.184531672431646
2020-09-08,51.553857194980615
2020-09-09,52.18535806964781
2020-09-10,50.26716912410548
2020-09-11,51.295535416411816
2020-09-14,53.35247275188029
2020-09-15,52.83200620906441
2020-09-16,54.425015179354986
2020-09-17,54.208149871691695
2020-09-18,54.36836485356221
2020-09-21,51.992084491198
2020-09-22,51.475641269292296
2020-09-23,50.64150352458466
2020-09-24,50.527030757822665
2020-09-25,51.47422390996507
2020-09-28,52.88415537266715
2020-09-29,51.41410040506924
2020-09-30,53.4489635154225
2020-10-01,52.86484493048636
2020-10-02,55.3098284675182
2020-10-05,58.71180406353984
2020-10-06,62.75286362374492
2020-10-07,65.41642270094256
2020-10-08,71.00439248071936
2020-10-09,71.62752449252936
2020-10-12,73.99025481817912
2020-10-13,74.63744331165145
2020-10-14,75.03168870530462
2020-10-15,77.30873214013884
2020-10-16,73.93224129372241
2020-10-19,82.87653580379494
2020-10-20,85.41895898903628
2020-10-21,84.98259730118905
2020-10-22,76.49198614300911
2020-10-23,78.5991967218291
2020-10-26,76.04732746137066
2020-10-27,75.6665066153798
2020-10-28,76.12830291443237
2020-10-29,72.42834288073465
2020-10-30,42.344489129776846
2020-11-02,39.27025467115798
2020-11-03,37.97950776869134
2020-11-04,38.05687796058309
2020-11-05,36.94971065825008
2020-11-06,36.3446741810488
2020-11-09,40.53276040647916
2020-11-10,41.75236259204679
2020-11-12,39.77246144941982
2020-11-13,41.211142733808586
2020-11-16,43.68865375858579
2020-11-17,44.72124398456662
2020-11-18,43.49830288249384
2020-11-19,45.087136393819215
2020-11-20,45.37389500344715
2020-11-23,48.58826856502655
2020-11-24,50.84316059070164
2020-11-25,49.569119081712685
2020-11-27,48.874426397076896
2020-11-30,46.473934239910605
2020-12-01,46.51852795087575
2020-12-02,47.965857340490025
2020-12-03,48.42016752245426
2020-12-04,51.1019290653524
2020-12-07,50.11402623601561
2020-12-08,50.95883555423595
2020-12-09,50.995048361768646
2020-12-10,52.10462829619208
2020-12-11,50.02352432981301
2020-12-14,48.55456596943856
2020-12-15,48.74616721531847
2020-12-16,48.38322109358854
2020-12-17,47.24852766632617
2020-12-18,46.437133302814026
2020-12-21,45.35666587887848
2020-12-22,44.50070174811373
2020-12-23,45.26127362700385
2020-12-24,45.12374225883772
2020-12-28,44.73904002864606
2020-12-29,44.44733745388171
2020-12-30,45.10994607815351
2020-12-31,46.18349438747325
2021-01-04,47.48722902900458
2021-01-05,49.81392664634503
2021-01-06,51.59239356239844
2021-01-07,51.45725890371141
2021-01-08,51.11741626234247
2021-01-11,50.05089991574856
2021-01-12,51.29483359035025
2021-01-13,50.45042528199019
2021-01-14,52.12494776086047
2021-01-15,50.78769361104211
2021-01-19,46.32456559761962
2021-01-20,45.11449396330064
2021-01-21,42.599588235214846
2021-01-22,41.584959972611685
2021-01-25,39.98292298054095
2021-01-26,37.532590968368
2021-01-27,36.49162017712628
2021-01-28,35.68963930143026
2021-01-29,30.87677533015371
2021-02-01,31.193241993026405
2021-02-02,26.59935186960802
2021-02-03,28.615675288199604
2021-02-04,28.08483054185176
2021-02-05,28.370144391972698
2021-02-08,29.943583348507783
2021-02-09,29.44874114151696
2021-02-10,29.893845238878708
2021-02-11,29.45471529548753
2021-02-12,30.024148595088477
2021-02-16,30.664419157492983
2021-02-17,30.410963892783585
2021-02-18,29.712810380103456
2021-02-19,30.197447621157533
2021-02-22,30.024888704118894
2021-02-23,29.70474470301415
2021-02-24,30.36851490973361
2021-02-25,29.441099361869743
2021-02-26,28.520579375859437
2021-03-01,28.728910839289192
2021-03-02,28.15720940359512
2021-03-03,28.388161133592646
2021-03-04,28.851143811008328
2021-03-05,29.678511504126277
2021-03-08,29.28790856645477
2021-03-09,28.70157427947332
2021-03-10,29.00854175237193
2021-03-11,28.227427384014334
2021-03-12,28.02476371822577
2021-03-15,26.77821161792546
2021-03-16,26.054492196200957
2021-03-17,25.910243220182625
2021-03-18,24.64584291132557
2021-03-19,24.51935367220861
2021-03-22,24.2952689998311
2021-03-23,23.411904502219105
2021-03-24,23.804478380474773
2021-03-25,23.875755123321856
2021-03-26,24.501057903791683
2021-03-29,24.16326401930007
2021-03-30,23.858447392692668
2021-03-31,23.525259866008348
2021-04-01,23.91445114648921
2021-04-05,23.18256909533754
2021-04-06,23.23099217376845
2021-04-07,23.41052764819829
2021-04-08,23.031987495341337
2021-04-09,22.915801072389804
2021-04-12,22.30750027452659
2021-04-13,21.808914000239916
2021-04-14,22.44006719691025
2021-04-15,22.176773404727275
2021-04-16,21.94486442937245
2021-04-19,21.376304245763087
2021-04-20,20.089474544824352
2021-04-21,20.353790414468428
2021-04-22,20.282221820073364
2021-04-23,20.24391366176488
2021-04-26,20.339509346903863
2021-04-27,20.49222764017655
2021-04-28,21.068840967997005
2021-04-29,21.292973445266448
2021-04-30,18.77193910250045
2021-05-03,18.94307174598975
2021-05-04,18.357807543604448
2021-05-05,18.59628761292202
2021-05-06,18.51212173520996
2021-05-07,18.945316792629537
2021-05-10,18.95920398024349
2021-05-11,18.38462451261036
2021-05-12,18.374813180146592
2021-05-13,18.11009515234344
2021-05-14,18.60297558585531
2021-05-17,19.052246642738723
2021-05-18,18.621760303149184
2021-05-19,18.09955200989254
2021-05-20,18.073813154575134
2021-05-21,18.05882980970963
2021-05-24,18.185457356404143
2021-05-25,17.76650751939367
2021-05-26,17.963628198659066
2021-05-27,17.973203905238478
2021-05-28,17.964516173587768
2021-06-01,18.53559461024039
2021-06-02,18.869907841279247
2021-06-03,18.771462029068413
2021-06-04,18.815156367619977
2021-06-07,18.80946192816776
2021-06-08,18.827615419277677
2021-06-09,18.66376447448509
2021-06-10,18.600814779940254
2021-06-11,18.50437039355748
2021-06-14,18.413102624256137
2021-06-15,18.752036368797544
2021-06-16,18.654442401929774
2021-06-17,17.997638166579907
2021-06-18,17.321886919430717
2021-06-21,17.83864888599575
2021-06-22,17.945346720366953
2021-06-23,17.941596772686722
2021-06-24,18.098326263802274
2021-06-25,18.141804582696597
2021-06-28,17.56385264534265
2021-06-29,17.37220680001209
2021-06-30,17.356232563608195
2021-07-01,17.482614327348028
2021-07-02,17.444584169853716
2021-07-06,16.99382401232967
2021-07-07,16.56280159659608
2021-07-08,16.52626978819864
2021-07-09,16.986040393566903
2021-07-12,16.930753528114003
2021-07-13,16.814466717713316
2021-07-14,16.160943958053657
2021-07-15,15.677364398614626
2021-07-16,15.23929365655032
2021-07-19,14.325309060102274
2021-07-20,14.369696161686113
2021-07-21,14.77410038190484
2021-07-22,14.535287376588682
2021-07-23,14.230232411661062
2021-07-26,14.46506318408682
2021-07-27,14.190223422828131
2021-07-28,14.261463712478122
2021-07-29,14.269998482958986
2021-07-30,13.695355739142697
2021-08-02,13.268815187801058
2021-08-03,13.415809182599697
2021-08-04,12.828088216367837
2021-08-05,12.891169753196092
2021-08-06,12.991899866751192
2021-08-09,12.80557695351964
2021-08-10,13.023451421343028
2021-08-11,13.08958351669785
2021-08-12,13.030150353221783
2021-08-13,12.856980745485744
2021-08-16,12.625265632950384
2021-08-17,12.4840838842759
2021-08-18,12.161623073006384
2021-08-19,11.835460785274062
2021-08-20,11.852419153909617
2021-08-23,12.315657656847629
2021-08-24,12.542361952331058
2021-08-25,12.637032267229165
2021-08-26,12.436603365152582
2021-08-27,12.790132525282525
2021-08-30,12.637046553557546
2021-08-31,12.541436568821364
2021-09-01,12.343975654198164
2021-09-02,12.643972135363857
2021-09-03,12.55810940962554
2021-09-07,12.384767252812948
2021-09-08,12.20731660023245
2021-09-09,12.22398954242413
2021-09-10,12.217753172057195
2021-09-13,12.5730435592522
2021-09-14,12.3487316449839
2021-09-15,12.803583727821808
2021-09-16,12.64791386390525
2021-09-17,12.550648135403495
2021-09-20,12.128136530359944
2021-09-21,12.105031921543752
2021-09-22,12.480177752441945
2021-09-23,12.924624045214124
2021-09-24,13.013455749673062
2021-09-27,13.41596526604864
2021-09-28,13.456062031108964
2021-09-29,13.4251036661596
2021-09-30,13.143042709900897
2021-10-01,13.396534172352847
2021-10-04,13.537278980234476
2021-10-05,13.506097858878258
2021-10-06,13.006135923892623
2021-10-07,12.897546643654188
2021-10-08,13.27634081400224
2021-10-11,13.20612970581625
2021-10-12,13.209853086268035
2021-10-13,13.103746238401556
2021-10-14,13.072752157069214
2021-10-15,13.100938909186873
2021-10-18,13.037824069404104
2021-10-19,12.999003239702253
2021-10-20,13.044393665856324
2021-10-21,12.653853883834152
2021-10-22,12.553136782556628
2021-10-25,12.720909800085783
2021-10-26,12.741594054675064
2021-10-27,12.322290383369984
2021-10-28,12.446464982600835
2021-10-29,12.060814524845766
2021-11-01,11.878985043742947
2021-11-02,11.575726463952016
2021-11-03,11.339090539226827
2021-11-04,11.320255559855775
2021-11-05,11.403561863326503
2021-11-08,11.4509277686543
2021-11-09,11.485410025271976
2021-11-10,11.165411687851943
2021-11-11,11.165687101245144
2021-11-12,11.125343304211134
2021-11-15,11.123285981596348
2021-11-16,11.128155927255898
2021-11-17,10.83640775958669
2021-11-18,10.76713437690258
2021-11-19,10.32332126145255
2021-11-22,10.503065285580185
2021-11-23,10.8254375869129
2021-11-24,10.92867684280293
2021-11-26,10.483015668868198
2021-11-29,10.53299782016768
2021-11-30,10.248735654783712
2021-12-01,10.138543941442324
2021-12-02,10.4463673334349
2021-12-03,10.366095986327062
2021-12-06,10.554738400340195
2021-12-07,10.809300377134376
2021-12-08,10.808984545703382
2021-12-09,10.735122448390658
2021-12-10,10.820903056156547
2021-12-13,10.522555329498244
2021-12-14,10.449955810238476
2021-12-15,10.41337323567827
2021-12-16,10.471740714658532
2021-12-17,10.251132516456964
2021-12-20,10.109671878439414
2021-12-21,10.407646846365632
2021-12-22,10.46616026988924
2021-12-23,10.476144872125191
2021-12-27,10.709557294658635
2021-12-28,10.685815715450424
2021-12-29,10.61154064365076
2021-12-30,10.5398419239336
2021-12-31,10.546784920977958
2022-01-03,10.86154466880726
2022-01-04,11.220561852511937
2022-01-05,11.165016632146036
2022-01-06,11.341444462819238
2022-01-07,11.492095168933083
2022-01-10,11.427258619866
2022-01-11,11.80928438652626
2022-01-12,11.820772650293993
2022-01-13,11.712175814586836
2022-01-14,11.966298872106067
2022-01-18,11.813120742906683
2022-01-19,11.694879125621377
2022-01-20,11.56013172104294
2022-01-21,11.290524275470665
2022-01-24,11.268704237482128
2022-01-25,11.611498089325204
2022-01-26,11.5272677707223
2022-01-27,11.669364454420496
2022-01-28,11.782659928939369
2022-01-31,11.76984779954993
2022-02-01,12.347081087806638
2022-02-02,12.251890581518545
2022-02-03,12.105747266603254
2022-02-04,12.337077968775072
2022-02-07,12.499451930419609
2022-02-08,12.23143642872118
2022-02-09,12.24539160535387
2022-02-10,12.160716894928964
2022-02-11,12.526028699078182
2022-02-14,12.237115357012197
2022-02-15,12.12437065978698
2022-02-16,12.180386886681942
2022-02-17,12.066490715182836
2022-02-18,11.995480372967895
2022-02-22,11.767993737554931
2022-02-23,11.840937532001194
2022-02-24,11.794427655711162
2022-02-25,11.970927529612831
2022-02-28,12.213122968185669
2022-03-01,12.299065841584472
2022-03-02,12.499186419977736
2022-03-03,12.41555295427641
2022-03-04,12.719186401031791
2022-03-07,12.873165089637514
2022-03-08,12.867817030191311
2022-03-09,12.428888512754025
2022-03-10,12.795884322403726
2022-03-11,12.202662631757535
2022-03-14,11.42551256560622
2022-03-15,10.994936152900875
2022-03-16,10.947417313279404
2022-03-17,11.329316942161332
2022-03-18,11.289786122971162
2022-03-21,11.620534206490042
2022-03-22,11.543381569413738
2022-03-23,11.576262758890376
2022-03-24,11.58521256829095
2022-03-25,11.849916105810609
2022-03-28,11.523653177442933
2022-03-29,11.450168033347314
2022-03-30,11.538583395368624
2022-03-31,11.32108029067039
2022-04-01,11.319532511302112
2022-04-04,11.194176394734953
2022-04-05,10.86540503349065
2022-04-06,10.830465506139848
2022-04-07,10.841349278616644
2022-04-08,11.117588866065743
2022-04-11,10.76896258532702
2022-04-12,10.924766294865025
2022-04-13,11.077997481818455
2022-04-14,11.11775312916446
2022-04-18,10.911837690007411
2022-04-19,10.780464067368303
2022-04-20,10.676132272118728
2022-04-21,10.221393431337267
2022-04-22,9.826463802153738
2022-04-25,9.36328315141868
2022-04-26,9.304337728732635
2022-04-27,9.376141585768329
2022-04-28,9.505821832979391
2022-04-29,8.913047180970064
2022-05-02,9.008376189841622
2022-05-03,9.232919989917924
2022-05-04,9.543036869595705
2022-05-05,9.332604693975782
2022-05-06,9.621055279970378
2022-05-09,8.85068779714024
2022-05-10,8.907127454541513
2022-05-11,8.99891165387347
2022-05-12,9.003278849441651
2022-05-13,9.316534416207508
2022-05-16,9.55919051964102
2022-05-17,9.60508927865973
2022-05-18,9.261401115134417
2022-05-19,9.285481334419549
2022-05-20,9.324790607380695
2022-05-23,9.531763401814786
2022-05-24,9.566896545088191
2022-05-25,9.748697039800046
2022-05-26,9.861874575275698
2022-05-27,10.022864484435914
2022-05-31,9.814284339163027
2022-06-01,9.955741678145154
2022-06-02,9.913653639457474
2022-06-03,10.0147254939012
2022-06-06,9.956294712554971
2022-06-07,10.08598168510503
2022-06-08,10.096914785500164
2022-06-09,9.839664480405707
2022-06-10,9.66677796996831
2022-06-13,8.97278807878253
2022-06-14,8.951805396806135
2022-06-15,8.757221239077557
2022-06-16,8.265146411018797
2022-06-17,7.817423333504175
2022-06-21,8.226957572093742
2022-06-22,7.802873890256913
2022-06-23,7.514409431615416
2022-06-24,7.618512105629803
2022-06-27,7.821383859335524
2022-06-28,8.034330241299239
2022-06-29,7.759106614453421
2022-06-30,7.565775551555178
2022-07-01,7.591460184917891
2022-07-05,7.169160130564553
2022-07-06,6.985255253565695
2022-07-07,7.216677077565503
2022-07-08,7.127488612104102
2022-07-11,6.994678875382833
2022-07-12,6.849708549081662
2022-07-13,6.818372670375449
2022-07-14,6.6421163351300745
2022-07-15,6.722302441889021
2022-07-18,6.857378669018569
2022-07-19,7.010599447960585
2022-07-20,7.066838667366041
2022-07-21,6.964704754977266
2022-07-22,6.883456875287084
2022-07-25,7.145488831556335
2022-07-26,7.093765800191628
2022-07-27,7.247600838365862
2022-07-28,7.348010777585412
2022-07-29,7.966768481711581
2022-08-01,7.74892927380938
2022-08-02,7.966265483376413
2022-08-03,7.701217913924535
2022-08-04,7.423572632836958
2022-08-05,7.600656626262021
2022-08-08,7.633112874216566
2022-08-09,7.770478658724279
2022-08-10,7.7806218724184
2022-08-11,8.046755026078916
2022-08-12,8.119767276090958
2022-08-15,7.956062711952832
2022-08-16,7.9176642348327935
2022-08-17,7.977733390896845
2022-08-18,8.184357635051317
2022-08-19,8.189275562183578
2022-08-22,8.153902774841715
2022-08-23,8.44456398756419
2022-08-24,8.543389410803275
2022-08-25,8.603057241952023
2022-08-26,8.50651913486913
2022-08-29,8.6058407320352
2022-08-30,8.330568078899406
2022-08-31,8.14796805438988
2022-09-01,7.955035287417256
2022-09-02,8.111368481437017
2022-09-06,8.020102336597695
2022-09-07,7.913958970739795
2022-09-08,7.948385747077159
2022-09-09,8.132125548049626
2022-09-12,8.238334111245608
2022-09-13,8.027109281111224
2022-09-14,8.251826498060705
2022-09-15,8.025571691736243
2022-09-16,7.819664880335161
2022-09-19,7.963461776854129
2022-09-20,7.913191481745209
2022-09-21,7.775084364417301
2022-09-22,7.755035334041395
2022-09-23,7.233154385976837
2022-09-26,7.050464393097236
2022-09-27,7.137694780037295
2022-09-28,7.4631921773334815
2022-09-29,7.427908029355001
2022-09-30,7.37264939983837
2022-10-03,7.720844565423413
2022-10-04,8.096115282704135
2022-10-05,8.277277689081629
2022-10-06,8.396285670847618
2022-10-07,8.332682029875008
2022-10-10,8.031155083455864
2022-10-11,7.977244167478875
2022-10-12,8.0776091987235
2022-10-13,8.400538580935624
2022-10-14,8.021956842551294
2022-10-17,8.105410838642122
2022-10-18,8.334852379668572
2022-10-19,8.57985434963428
2022-10-20,8.581811572445956
2022-10-21,8.8795100490595
2022-10-24,8.954631444045567
2022-10-25,8.977250650326555
2022-10-26,9.086061694992972
2022-10-27,9.124446390622596
2022-10-28,9.292065442218554
2022-10-31,9.362070843680154
2022-11-01,9.513656949968755
2022-11-02,9.307032163017936
2022-11-03,9.507089111865588
2022-11-04,9.606182562597503
2022-11-07,9.808397612089957
2022-11-08,9.86010353201121
2022-11-09,9.389608869403109
2022-11-10,9.517658506639458
2022-11-11,9.759838038549669
2022-11-14,9.675172440130318
2022-11-15,9.787437156248153
2022-11-16,9.57638167823606
2022-11-17,9.577770916861196
2022-11-18,9.496702885804613
2022-11-21,9.336286515146934
2022-11-22,9.634843155765894
2022-11-23,9.507777701471914
2022-11-25,9.469574422705657
2022-11-28,9.21095999008777
2022-11-29,9.33614168451562
2022-11-30,9.386558148360574
2022-12-01,9.370662366022334
2022-12-02,9.320914511559987
2022-12-05,9.115709675502671
2022-12-06,8.880162886180948
2022-12-07,8.883407068031254
2022-12-08,8.860296885056494
2022-12-09,8.704651224874821
2022-12-12,8.938656694815286
2022-12-13,9.197173225510785
2022-12-14,9.198849297582274
2022-12-15,9.161055107492242
2022-12-16,9.02616958746248
2022-12-19,9.052044474728518
2022-12-20,9.188853954272645
2022-12-21,9.359098722598835
2022-12-22,9.142999027664658
2022-12-23,9.402860283598358
2022-12-27,9.48228584343975
2022-12-28,9.313661247791725
2022-12-29,9.405286208013012
2022-12-30,9.476364090898512
2023-01-03,9.13600216085843
2023-01-04,9.139510402656011
2023-01-05,9.315655654844486
2023-01-06,9.561517277574207
2023-01-09,9.54363655202735
2023-01-10,9.609988896673029
2023-01-11,9.714182976003915
2023-01-12,9.874366754239569
2023-01-13,9.871907517794709
2023-01-17,9.864606072749249
2023-01-18,9.684167664945123
2023-01-19,9.764522757888624
2023-01-20,9.859978333707817
2023-01-23,9.87391829366279
2023-01-24,10.002859554367069
2023-01-25,10.223307440927089
2023-01-26,10.56948904209438
2023-01-27,10.248490633911072
2023-01-30,10.014702484187378
2023-01-31,10.31670426551317
2023-02-01,10.209351107381448
2023-02-02,10.022249001710918
2023-02-03,10.002681311843098
2023-02-06,9.96558564642443
2023-02-07,10.269633817899969
2023-02-08,10.18367601110917
2023-02-09,10.11213419033954
2023-02-10,10.500599722232089
2023-02-13,10.420947739244426
2023-02-14,10.423810396073089
2023-02-15,10.260436683609628
2023-02-16,10.124946471760364
2023-02-17,9.771967784550394
2023-02-21,9.71687415235887
2023-02-22,9.63464031505157
2023-02-23,9.771925539899987
2023-02-24,9.802784889091456
2023-02-27,9.835270062950542
2023-02-28,9.724308529727896
2023-03-01,9.89746694295774
2023-03-02,9.990968909202747
2023-03-03,10.123497918669443
2023-03-06,10.124750850132775
2023-03-07,9.986122239277666
2023-03-08,9.861915255976545
2023-03-09,9.725944838735916
2023-03-10,9.515013059333349
2023-03-13,9.34226046257887
2023-03-14,9.43892080158545
2023-03-15,8.923251770752849
2023-03-16,9.020310517274153
2023-03-17,8.891154601716462
2023-03-20,9.085314224295749
2023-03-21,9.39033200686048
2023-03-22,9.193540700503329
2023-03-23,9.09059953143888
2023-03-24,9.124842504713396
2023-03-27,9.443969927735266
2023-03-28,9.623327043805991
2023-03-29,9.78245075141322
2023-03-30,9.816232264846438
2023-03-31,9.916485153875293
2023-04-03,10.375042969618772
2023-04-04,10.243932065811208
2023-04-05,10.36835404832548
2023-04-06,10.226349948646265
2023-04-10,10.308194062373342
2023-04-11,10.42267059997894
2023-04-12,10.438644387676945
2023-04-13,10.57423367006212
2023-04-14,10.624053156608364
2023-04-17,10.54067999461408
2023-04-18,10.612537487868478
2023-04-19,10.574426605817154
2023-04-20,10.501343721603916
2023-04-21,10.486914745505752
2023-04-24,10.612778755571387
2023-04-25,10.411449432175552
2023-04-26,10.248789977740447
2023-04-27,10.420921537539693
2023-04-28,10.761216758769828
2023-05-01,10.70079929650134
2023-05-02,10.422975167305385
2023-05-03,10.27824099555944
2023-05-04,10.170753934940128
2023-05-05,10.450634516353295
2023-05-08,10.539172114114708
2023-05-09,10.549764494269995
2023-05-10,10.468731305956656
2023-05-11,10.36263765901741
2023-05-12,10.363788780305375
2023-05-15,10.413369016132677
2023-05-16,10.148929481208144
2023-05-17,10.221891028893449
2023-05-18,10.27263175672502
2023-05-19,10.486064175936594
2023-05-22,10.508474006013437
2023-05-23,10.632820620724203
2023-05-24,10.69286451196614
2023-05-25,10.523594086519896
2023-05-26,10.492469535322652
2023-05-30,10.394418748808228
2023-05-31,10.205202858291631
2023-06-01,10.3387466350163
2023-06-02,10.6539873779299
2023-06-05,10.622334072552954
2023-06-06,10.674817342872366
2023-06-07,10.977377432298882
2023-06-08,10.926481338990364
2023-06-09,10.864704220429676
2023-06-12,10.773477988028684
2023-06-13,10.99814103595933
2023-06-14,10.87547105014863
2023-06-15,10.991401460443976
2023-06-16,10.982259988831776
2023-06-20,10.779863419349686
2023-06-21,10.881135298926612
2023-06-22,10.73743315074
2023-06-23,10.654761652634514
2023-06-26,10.844425614154396
2023-06-27,10.87105585217505
2023-06-28,10.99958378753026
2023-06-29,11.131983737825326
2023-06-30,11.216588755278476
2023-07-03,11.289950552222106
2023-07-05,11.221842541820834
2023-07-06,10.968479454585264
2023-07-07,11.226453060090702
2023-07-10,11.320205260369749
2023-07-11,11.56589819075623
2023-07-12,11.727969109550688
2023-07-13,11.79698015975411
2023-07-14,11.531252321286434
2023-07-17,11.58453814773272
2023-07-18,11.820471830690511
2023-07-19,11.89442524229781
2023-07-20,12.068329969359135
2023-07-21,12.13612406413451
2023-07-24,12.342167087726596
2023-07-25,12.271007962549245
2023-07-26,12.29799345423577
2023-07-27,12.245038830061382
2023-07-28,12.243697279456798
2023-07-31,12.515592176575275
2023-08-01,12.369758752263955
2023-08-02,12.110178972812816
2023-08-03,12.17495714061654
2023-08-04,12.14765956723773
2023-08-07,12.131586611371212
2023-08-08,12.18297562728094
2023-08-09,12.166344809870385
2023-08-10,12.150630598337822
2023-08-11,12.337357140982522
2023-08-14,12.287319691939492
2023-08-15,11.974424726046047
2023-08-16,11.706152972224068
2023-08-17,11.823728240790558
2023-08-18,11.939851363255007
2023-08-21,11.857441106907071
2023-08-22,11.74284860976069
2023-08-23,11.71189310235069
2023-08-24,11.596497248546704
2023-08-25,11.702280118100925
2023-08-28,11.77363528210936
2023-08-29,11.807144425547095
2023-08-30,11.862082295294092
2023-08-31,11.868891877867735
2023-09-01,12.072233828995454
2023-09-05,12.120222290305346
2023-09-06,12.127489152420658
2023-09-07,12.068988291698872
2023-09-08,12.15812546364668
2023-09-11,12.001955317667653
2023-09-12,12.272869132395687
2023-09-13,12.176350218675823
2023-09-14,12.312408882355935
2023-09-15,12.148108566562284
2023-09-18,12.171372500390872
2023-09-19,12.06463772697795
2023-09-20,11.910314239237271
2023-09-21,11.750329708441296
2023-09-22,11.778092300879088
2023-09-25,11.860541402273284
2023-09-26,11.811168682307324
2023-09-27,11.919632339707306
2023-09-28,11.92851083765782
2023-09-29,11.692101855053387
2023-10-02,11.40291906878812
2023-10-03,11.363023268040974
2023-10-04,10.919803664272852
2023-10-05,10.98059483833001
2023-10-06,11.079773246589824
2023-10-09,11.421671545553126
2023-10-10,11.43512633845201
2023-10-11,11.327505461627965
2023-10-12,11.25649834096108
2023-10-13,11.529842395691585
2023-10-16,11.535051169458333
2023-10-17,11.573626106541877
2023-10-18,11.667872493566072
2023-10-19,11.630378010314796
2023-10-20,11.41094792858098
2023-10-23,11.2327073190535
2023-10-24,11.032201216607952
2023-10-25,10.926204245152762
2023-10-26,10.923938211199816
2023-10-27,10.600625341682688
2023-10-30,10.767299695150488
2023-10-31,10.808222356418542
2023-11-01,10.878520686872918
2023-11-02,11.113101483651668
2023-11-03,10.972689898778764
2023-11-06,10.834574172174522
2023-11-07,10.57808111706552
2023-11-08,10.43209386906052
2023-11-09,10.420329508602997
2023-11-10,10.559986321772842
2023-11-13,10.632414516020535
2023-11-14,10.697143815076991
2023-11-15,10.678030956706639
2023-11-16,10.435895520117706
2023-11-17,10.685019788024306
2023-11-20,10.702860328049216
2023-11-21,10.676544668167583
2023-11-22,10.679175612628645
2023-11-24,10.725994557813626
2023-11-27,10.68910898782403
2023-11-28,10.70943317013844
2023-11-29,10.634530595114855
2023-11-30,10.712434348091646
2023-12-01,10.785711465663958
2023-12-04,10.7399718765874
2023-12-05,10.544640418074856
2023-12-06,10.361100126805585
2023-12-07,10.32083744326439
2023-12-08,10.48742918202089
2023-12-11,10.514291600212967
2023-12-12,10.369367788134603
2023-12-13,10.522036705824508
2023-12-14,10.854997943738992
2023-12-15,10.847855811948492
2023-12-18,10.95369536373071
2023-12-19,11.135422911668762
2023-12-20,11.02921909437876
2023-12-21,11.133927615948092
2023-12-22,11.164671761432045
2023-12-26,11.265228945484806
2023-12-27,11.205056595415261
2023-12-28,11.042197734229433
2023-12-29,11.01990171708279
2024-01-02,11.145710337470048
2024-01-03,11.386933092443158
2024-01-04,11.169632310269126
2024-01-05,11.32128174240346
2024-01-08,11.363818188656472
2024-01-09,11.188784157688842
2024-01-10,11.099685759179485
2024-01-11,11.282432798478654
2024-01-12,11.449585226623281
2024-01-16,11.215604333320591
2024-01-17,11.119558022428203
2024-01-18,11.16384177128567
2024-01-19,11.206882088929934
2024-01-22,11.332171642550632
2024-01-23,11.401815662794334
2024-01-24,11.57126368105331
2024-01-25,11.954869876852275
2024-01-26,11.993963807601382
2024-01-29,11.955410642731023
2024-01-30,12.148297283993289
2024-01-31,11.93596757961975
2024-02-01,11.918375408355834
2024-02-02,11.93903061023399
2024-02-05,11.870062288519629
2024-02-06,11.857343067970488
2024-02-07,11.870849690021045
2024-02-08,11.912805272791184
2024-02-09,11.833535927869109
2024-02-13,11.859084430565476
2024-02-14,11.777115885497016
2024-02-15,12.121485109583125
2024-02-16,12.146778270135846
2024-02-20,12.025625301276264
2024-02-21,12.256578549985292
2024-02-22,12.352107547567156
2024-02-23,12.286649360912508
2024-02-26,12.312327729835102
2024-02-27,12.283107302171063
2024-02-28,12.246517544357172
2024-02-29,12.276087231133129
2024-03-01,12.42090445804112
2024-03-04,12.281441799795736
2024-03-05,12.309911401438411
2024-03-06,12.359418560286281
2024-03-07,12.492416260646781
2024-03-08,12.523551377419828
2024-03-11,12.653319625846654
2024-03-12,12.658126768878095
2024-03-13,12.865213925455905
2024-03-14,13.002279949593568
2024-03-15,13.022795460652446
2024-03-18,13.07142988755411
2024-03-19,13.176420419407487
2024-03-20,13.163850804146668
2024-03-21,13.22216108153718
2024-03-22,13.092341167158471
2024-03-25,13.198344977108095
2024-03-26,13.107231104660718
2024-03-27,13.231105847017046
2024-03-28,13.333560190868054
2024-04-01,13.408450643062084
2024-04-02,13.554324989676907
2024-04-03,13.611959541348764
2024-04-04,13.592143874427752
2024-04-05,13.675562955205619
2024-04-08,13.580041054215789
2024-04-09,13.520039325516606
2024-04-10,13.562954910754216
2024-04-11,13.452786916234787
2024-04-12,13.225152399973886
2024-04-15,13.060564413673633
2024-04-16,12.91167970913673
2024-04-17,12.822410045930438
2024-04-18,12.762984838692258
2024-04-19,12.862599563595564
2024-04-22,12.925936093174913
2024-04-23,12.930775387718796
2024-04-24,12.948896786996619
2024-04-25,12.989474555609371
2024-04-26,12.777768937503977
2024-04-29,12.902963498616552
2024-04-30,12.452182826055804
2024-05-01,12.240214288224012
2024-05-02,12.174646550914321
2024-05-03,12.298829037376077
2024-05-06,12.341733891083575
2024-05-07,12.285392668449274
2024-05-08,12.2676090293619
2024-05-09,12.528492426151837
2024-05-10,12.424737443324938
2024-05-13,12.389858466894283
2024-05-14,12.387240377922831
2024-05-15,12.478858762374696
2024-05-16,12.429943165217356
2024-05-17,12.595527381103613
2024-05-20,12.502406614868418
2024-05-21,12.44980858009605
2024-05-22,12.222719622296404
2024-05-23,12.11557842903083
2024-05-24,12.145169819142382
2024-05-28,12.277007544691541
2024-05-29,12.093890288405131
2024-05-30,12.052420823934536
2024-05-31,12.38362652831098
2024-06-03,12.060031140722044
2024-06-04,11.887015154178012
2024-06-05,11.888116850766924
2024-06-06,11.958935578324313
2024-06-07,11.917049651661774
2024-06-10,12.003296423234998
2024-06-11,11.984100914162259
2024-06-12,11.844037513351022
2024-06-13,11.748602029146602
2024-06-14,11.643065620605318
2024-06-17,11.628736678649664
2024-06-18,11.680120340149008
2024-06-20,11.897306295766786
2024-06-21,11.848453473934827
2024-06-24,12.198214080514017
2024-06-25,12.246690496238106
2024-06-26,12.142346805367094
2024-06-27,12.165003638721121
2024-06-28,12.220549782283443
2024-07-01,12.288707662234284
2024-07-02,12.299070968998773
2024-07-03,12.385456330672524
2024-07-05,12.191209538721479
2024-07-08,12.227053395735634
2024-07-09,12.156645357191552
2024-07-10,12.274237807239727
2024-07-11,12.494256161382067
2024-07-12,12.608372841944908
2024-07-15,12.810220250447577
2024-07-16,13.039858396759698
2024-07-17,13.183852680820836
2024-07-18,13.27650489624852
2024-07-19,13.103596143788335
2024-07-22,13.102422036361114
2024-07-23,12.841334609049776
2024-07-24,12.844565710124787
2024-07-25,12.967486778205407
2024-07-26,13.052301296932496
2024-07-29,12.941363165620368
2024-07-30,13.091087430333028
2024-07-31,13.101535221907625
2024-08-01,12.674958944088552
2024-08-02,12.246446333669356
2024-08-05,12.043878787576132
2024-08-06,12.03538648456763
2024-08-07,12.066248599153402
2024-08-08,12.304116355431479
2024-08-09,12.336480144956798
2024-08-12,12.432561975983724
2024-08-13,12.387650133171837
2024-08-14,12.464201176157998
2024-08-15,12.597595906026331
2024-08-16,12.61906085652736
2024-08-19,12.71582015088475
2024-08-20,12.387211994431073
2024-08-21,12.41163044651959
2024-08-22,12.443201322442645
2024-08-23,12.630703795506902
2024-08-26,12.745014569336794
2024-08-27,12.637301480163567
2024-08-28,12.56650669106688
2024-08-29,12.71283715906733
2024-08-30,12.741697443776467
2024-09-03,12.407680464385564
2024-09-04,12.272433506021882
2024-09-05,12.18298432582093
2024-09-06,12.045604844320088
2024-09-09,12.13525836216549
2024-09-10,11.972857867920213
2024-09-11,11.881311399842607
2024-09-12,12.007646664569164
2024-09-13,12.203816316338937
2024-09-16,12.661185154253324
2024-09-17,13.009726346839896
2024-09-18,13.0097263468397
2024-09-19,13.207752629568867
2024-09-20,13.189028309246863
2024-09-23,13.447197212113512
2024-09-24,13.407650376606156
2024-09-25,13.140257229189816
2024-09-26,12.881366363228704
2024-09-27,13.274276056964718
2024-09-30,13.407240701030565
2024-10-01,13.74693592419249
2024-10-02,14.127452715949865
2024-10-03,14.455187681768535
2024-10-04,14.635746074247859
2024-10-07,14.707884576627297
2024-10-08,14.36782344653579
2024-10-09,14.440651491397674
2024-10-10,14.853666660039108
2024-10-11,15.040059573671579
2024-10-14,15.12512492379894
2024-10-15,14.689664593995033
2024-10-16,14.789507448493472
2024-10-17,14.876053724954952
2024-10-18,14.828784381284052
2024-10-21,14.837104139251437
2024-10-22,14.869963905257396
2024-10-23,14.877681475307803
2024-10-24,14.78960271428466
2024-10-25,14.859350120817373
2024-10-28,14.747308703253037
2024-10-29,14.384548394342062
2024-10-30,14.403946107172205
2024-10-31,14.45776610655479
2024-11-01,14.23960432722304
2024-11-04,14.580367558728115
2024-11-05,14.524264721655223
2024-11-06,14.678101115757858
2024-11-07,15.046518644861882
2024-11-08,15.184649720409983
2024-11-11,15.333398311863586
2024-11-12,15.26780111595887
2024-11-13,15.376764003692857
2024-11-14,15.366198334789605
2024-11-15,15.277520644352805
2024-11-18,15.419462471003033
2024-11-19,15.328431330364955
2024-11-20,15.479305296032186
2024-11-21,15.670329142230752
2024-11-22,15.715531400680165
2024-11-25,15.445253482336785
2024-11-26,15.435167339715893
2024-11-27,15.65295829460306
2024-11-29,15.708320977905327
2024-12-02,15.583045474435218
2024-12-03,15.53363712791706
2024-12-04,15.176975577100293
2024-12-05,15.211423765720573
2024-12-06,14.995762315920047
2024-12-09,15.067257072636561
2024-12-10,14.97348549154792
2024-12-11,15.00436603804849
2024-12-13,14.877134007389584
2024-12-16,14.519061872916687
2024-12-17,14.447218998793112
2024-12-18,14.46342829987481
2024-12-19,14.089447818664617
2024-12-20,14.186451454726758
2024-12-23,14.304408974573704
2024-12-24,14.428352932325605
2024-12-26,14.392979645846221
2024-12-27,14.394616962225683
2024-12-30,14.411720877159697
2024-12-31,14.60881969996238
2025-01-02,14.771649717447755
2025-01-03,14.886061045315632
2025-01-06,14.860490216529868
2025-01-07,15.037569918190053
2025-01-08,15.115309017751335
2025-01-10,15.277829386812831
2025-01-13,15.744468493727739
2025-01-14,15.98094766009445
2025-01-15,16.200070436097068
2025-01-16,16.325999860006377
2025-01-17,16.394544408377143
2025-01-21,16.291243580508574
2025-01-22,15.928101624120968
2025-01-23,15.932342444808452
2025-01-24,15.759970034671563
2025-01-27,15.704142734964014
2025-01-28,15.46353631413614
2025-01-29,15.474952161675635
2025-01-30,15.421785158291678
2025-01-31,14.648287235602732
2025-02-03,14.805034051876154
2025-02-04,15.155178274162717
2025-02-05,15.138026906043732
2025-02-06,14.791189932172072
2025-02-07,14.832462526313698
2025-02-10,15.210008011147576
2025-02-11,15.367225152197204
2025-02-12,14.92282201319485
2025-02-13,14.986954018093481
2025-02-14,15.035163401360405
2025-02-18,15.148680844873002
2025-02-19,15.238733889171428
2025-02-20,15.259545118428955
2025-02-21,14.918591337342733
2025-02-24,14.821516618942088
2025-02-25,14.619685865886257
2025-02-26,14.533377035208524
2025-02-27,14.594555440272687
2025-02-28,14.806862807012948
2025-03-03,14.286957112380765
2025-03-04,14.194746438440408
2025-03-05,13.984363651134446
2025-03-06,14.047705341526504
2025-03-07,14.2905616041783
2025-03-10,14.42755596952746
2025-03-11,14.340898448138073
2025-03-12,14.42919778321537
2025-03-13,14.339893485597512
2025-03-14,14.739916778837507
2025-03-17,14.983007913895564
2025-03-18,15.014869306743872
2025-03-19,15.252252336980211
2025-03-20,15.306728749189254
2025-03-21,15.227668303442847
2025-03-24,15.394927680079212
2025-03-25,15.473633309273124
2025-03-26,15.643164787400382
2025-03-27,15.522302925940576
2025-03-28,15.445904096025608
2025-03-31,15.663901651573942
2025-04-01,15.755960225119063
2025-04-02,15.770470134537542
2025-04-03,14.522009322890773
2025-04-04,13.287535847326255
2025-04-07,13.171242270661065
2025-04-08,12.837926376595195
2025-04-09,13.936308265107337
2025-04-10,13.016734494904561
2025-04-11,13.44454006087197
2025-04-14,13.620020185129164
2025-04-15,13.791830161850019
2025-04-16,13.915474506871718
2025-04-17,14.369204188290754
2025-04-21,14.106640012989235
2025-04-22,14.516640067152641
2025-04-23,14.569611838878375
2025-04-24,14.937219745891927
2025-04-25,14.853877348736527
2025-04-28,14.985693934589962
2025-04-29,14.847126975778387
2025-04-30,14.492777261632757
2025-05-01,14.677717966291883
2025-05-02,15.473408772483094
2025-05-05,15.118450014947896
2025-05-06,14.979469593290913
2025-05-07,15.061285588150225
2025-05-08,15.464124319430093
2025-05-09,15.583802674225629
2025-05-12,16.01559774345812
2025-05-13,16.401444406138904
2025-05-14,16.250035550596756
2025-05-15,16.45093261774096
2025-05-16,16.41009512462596
2025-05-19,16.04793058861076
2025-05-20,15.916211246849722
2025-05-21,15.608745552394607
2025-05-22,15.529050889492515
2025-05-23,15.522976014891956
2025-05-27,15.661104961937317
2025-05-28,15.489911906542956
2025-05-29,15.605462908582624
2025-05-30,15.480393852567957
2025-06-02,15.697735602962018
2025-06-03,15.908033363740264
2025-06-04,15.546539277377462
2025-06-05,15.51970164028573
2025-06-06,15.845099105721092
2025-06-09,15.88602274709269
2025-06-10,16.164548649630195
2025-06-11,16.37855854906422
2025-06-12,16.44897192270703
2025-06-13,16.766795492884288
2025-06-16,16.697176002609886
2025-06-17,16.87138704275249
2025-06-18,16.7422604188997
2025-06-20,16.899714551670005
2025-06-23,16.43004858289961
2025-06-24,16.209859474786604
2025-06-25,16.040368366695354
2025-06-26,16.30612373350673
2025-06-27,16.320094283757026
2025-06-30,16.227099549243658
2025-07-01,16.410639454140988
2025-07-02,16.68653258745928
2025-07-03,16.65478902819637
2025-07-07,16.445380486365487
2025-07-08,16.875569209558883
2025-07-09,16.771900696299923
2025-07-10,16.898594267334513
2025-07-11,17.04797114669031
2025-07-14,16.76305635741144
2025-07-15,16.350312681026445
2025-07-16,16.209396639474555
2025-07-17,16.313671694206292
2025-07-18,16.138105336726635
2025-07-21,15.947298073335714
2025-07-22,15.878299453879338
2025-07-23,16.08879423429782
2025-07-24,16.116511608368388
2025-07-25,15.88648907177452
2025-07-28,16.09248693091938
2025-07-29,16.181508193677033
2025-07-30,15.961231316764795
2025-07-31,15.871384563052436
2025-08-01,15.186894176581287
2025-08-04,15.27643706764111
2025-08-05,15.27602461548884
2025-08-06,15.070693601966973
2025-08-07,14.914417272859048
2025-08-08,15.014654651036924
2025-08-11,14.896221111648416
2025-08-12,14.960620737243195
2025-08-13,15.125962998011955
2025-08-14,15.115794141449102
2025-08-15,15.092657811427971
2025-08-18,15.000624845139338
2025-08-19,14.995669639935954
2025-08-20,15.147332506023151
2025-08-21,15.266729390857192
2025-08-22,15.595308757267533
2025-08-25,15.629348765471427
2025-08-26,15.587065515881008
2025-08-27,15.81181557451218
2025-08-28,15.927591109582963
2025-08-29,16.005376821907223
2025-09-02,16.04491013344883
2025-09-03,15.642218267639834
2025-09-04,15.766784329037542
2025-09-05,15.444520508916034
2025-09-08,15.410457380646092
2025-09-09,15.450992977200846
2025-09-10,15.756119637549872
2025-09-11,15.684901702759742
2025-09-12,15.59194359311036
2025-09-15,15.499431232918738
2025-09-16,15.821995548536375
2025-09-17,15.838401454333043
2025-09-18,15.783517762382933
2025-09-19,15.547582235688164
2025-09-22,15.509451192423276
2025-09-23,15.890463561416546
2025-09-24,16.084783782324582
2025-09-25,16.236167173099943
2025-09-26,16.406861087941575
2025-09-29,16.08099711296431
2025-09-30,15.964825378293062
2025-10-01,15.996950751117007
2025-10-02,15.83203640681776
2025-10-03,15.926953350155216
2025-10-06,16.004804104814575
2025-10-07,16.102344718522662
2025-10-08,15.981400658620139
2025-10-09,15.875118879213005
2025-10-10,15.353368558037605
2025-10-13,15.711792860638948
2025-10-14,15.699244455418965
2025-10-15,15.74063362392441
2025-10-16,15.599522157684033
2025-10-17,15.744686708419055
2025-10-20,15.884045352769087
2025-10-21,15.896879240244377
2025-10-22,16.048502423750232
2025-10-23,16.22631632798238
2025-10-24,16.01251152711186
2025-10-27,16.031321996597587
2025-10-28,15.812048715155024
2025-10-29,15.853999577566906
2025-10-30,15.764907114658707
2025-10-31,15.686949860747111
2025-11-03,15.711272804079815
2025-11-04,15.365132272694805
2025-11-05,15.413921632963866
2025-11-06,15.483167199087188
2025-11-07,15.772577582638835
2025-11-10,15.946545729096801
2025-11-11,16.186043820805363
2025-11-12,15.792044765530838
2025-11-13,15.821051228664087
2025-11-14,16.05887027473695
2025-11-17,15.760896688368895
2025-11-18,15.936232939590813
2025-11-19,15.696291138884918
2025-11-20,15.401863834695815
2025-11-21,15.516022212419513
2025-11-24,15.416428513070484
2025-11-25,15.296022609510068
2025-11-26,15.422718451675435
2025-11-28,15.639144656542491
2025-12-01,15.813323886633386
2025-12-02,15.598000208929834
2025-12-03,15.872041176786183
2025-12-04,15.92515970308453
2025-12-05,15.91521494415239
2025-12-08,15.74772236241201
2025-12-09,15.869480720163562
2025-12-10,16.099350103104644
2025-12-11,16.0365327303636
2025-12-12,15.929960635755698
2025-12-15,15.792791515675423
2025-12-16,15.34528323141537
2025-12-17,15.70553427456551
2025-12-18,15.497934709389668
2025-12-19,15.523606480986002
2025-12-22,15.55987338947955
2025-12-23,15.639823108348242
2025-12-24,15.57985235260419
2025-12-29,15.676575416120455
2025-12-31,15.706282693816732
2026-01-01,15.706212761076861
2026-01-02,16.03870183219584
2026-01-05,16.60893553392838
2026-01-06,16.204024110641804
2026-01-07,16.030549580572195
2026-01-08,16.635048378455487
2026-01-09,16.703210869049713
2026-01-12,16.69301725339493
2026-01-13,16.984946895382347
2026-01-14,17.45649245568906
2026-01-15,17.28062840164927
2026-01-16,17.39683222451953
2026-01-20,17.388949545051823
2026-01-21,17.89831388557272
2026-01-22,18.104681366459808
2026-01-23,18.334970339375626
2026-01-26,18.214257935928867
2026-01-27,18.509234953664635
2026-01-28,18.667209731527425
2026-01-29,18.920805729521007
2026-01-30,18.98157690126423
2026-02-02,18.545668115217907
2026-02-03,19.275175400589127
2026-02-04,19.695795622917867
2026-02-05,19.37118500939778
2026-02-06,19.8593044142231
2026-02-09,19.96785927848992
2026-02-10,19.968120872793996
2026-02-11,20.506136081120257
2026-02-12,20.085958081491906
2026-02-13,20.274492730345365
2026-02-17,20.012742840140863
2026-02-18,20.18153126533756
2026-02-19,20.1328693861702
2026-02-20,20.058264964821703
2026-02-23,20.063776097257858
2026-02-24,20.09012595423806
2026-02-25,20.025040588566974
2026-02-26,20.11978285458051
2026-02-27,20.46278473667863
2026-03-02,20.897756497158298
2026-03-03,20.65169644564896
2026-03-04,20.36046192086339
2026-03-05,20.438387133223358
2026-03-06,20.464703623693293
2026-03-09,20.00471197295247
2026-03-10,19.726602229386806
2026-03-11,20.219461442881258
2026-03-12,19.7167477288901
2026-03-13,19.445962834949366
2026-03-16,19.49150126464878
2026-03-17,19.468123387210326
2026-03-18,19.452962733367933
2026-03-19,19.5947733919916
2026-03-20,19.420009812986027
2026-03-23,18.76927928515612
2026-03-24,18.997766791442807
2026-03-25,18.83189524660323
2026-03-26,18.784633934305706
2026-03-27,18.755742818191273
2026-03-30,18.523461427664046
2026-03-31,18.000896877513796
2026-04-01,17.15738059187565
2026-04-02,16.951866555384743
2026-04-06,16.889326797079857
2026-04-07,16.600099547794095
2026-04-08,16.870787162690032
2026-04-09,15.58423215737243
2026-04-10,15.451775822767296
2026-04-13,15.460493497544615
2026-04-14,14.96647741561967
2026-04-15,14.869917806816131
2026-04-16,14.884959984949136
2026-04-17,14.249936298196742
2026-04-20,14.2626447066428
2026-04-21,14.464237681641775
2026-04-22,14.628373304871005
2026-04-23,14.651153258239399
2026-04-24,14.410160664514427
2026-04-27,14.34698712641448
2026-04-28,14.591207381167424
2026-04-29,14.782677659218155
2026-04-30,14.569690712385102
2026-05-01,13.253462528487205
2026-05-04,13.202654931543648
2026-05-05,12.99631769400876
2026-05-06,12.355885416298293
2026-05-07,12.349533027847075
2026-05-08,12.101057822847203
2026-05-11,12.312598633054128
2026-05-12,12.416669234705726
2026-05-13,12.422410358173758
2026-05-14,12.379435324871045
2026-05-15,12.864816124102944
2026-05-18,13.062272041915389
2026-05-19,13.179473634092878
2026-05-20,12.820744257878564
2026-05-21,12.635272324689362
2026-05-22,12.742544365499743
2026-05-26,12.2025466369043
2026-05-27,12.054627969237501
2026-05-28,11.674162222748595
2026-05-29,11.537313323580145
2026-06-01,11.750226376206031
2026-06-02,11.811744627701101
2026-06-03,12.001548595330087
2026-06-04,11.974150666640616
2026-06-05,11.804183321085937
2026-06-08,11.941320611202555
2026-06-09,11.730209775826717
2026-06-10,11.921513459944574
2026-06-11,11.601384068352111
2026-06-12,11.71510687213629
2026-06-15,11.28149225865181
2026-06-16,11.242545736999856
2026-06-17,11.13007208038621
2026-06-18,10.92679025729968
2026-06-22,10.914646783108115
2026-06-23,11.188495066530521
2026-06-24,11.239383377124836
2026-06-25,11.156975664415992
2026-06-26,11.198076145989342
2026-06-29,11.117828427052183
2026-06-30,10.99627439813821
2026-07-01,10.977589464181623
2026-07-02,11.152877868832931
2026-07-06,11.214886760260466
2026-07-07,11.483383305445493
2026-07-08,11.775476527420995
2026-07-09,11.544396389528213
2026-07-10,11.611041149879217
2026-07-13,11.94407887868666
2026-07-14,11.909612112675358
2026-07-15,11.82697536173485
2026-07-16,11.946376087919605
2026-07-17,11.949633098501375
2026-07-20,12.04146544184998
2026-07-21,12.08140042686241
2026-07-22,11.981016575828015
2026-07-23,12.042460992826586
2026-07-24,12.046187562746507
2026-07-27,11.794929972094879
2026-07-28,11.63025270624064
2026-07-29,11.834564462466789
2026-07-30,11.885948473719743
2026-07-31,11.997748765616608
2026-08-03,12.10184629033708
2026-08-04,11.999217627155748
2026-08-05,11.755084628264942
2026-08-06,11.987894401763622
2026-08-07,11.868125386084674
2026-08-10,12.445677512575605
2026-08-11,12.536715803890308
2026-08-12,12.4160513183948
2026-08-13,12.421227922325754
2026-08-14,12.679384509465098
2026-08-17,12.79597145360005
2026-08-18,12.998934999909237
2026-08-19,12.932244635831685
2026-08-20,12.970431545518988
2026-08-21,12.92751632453168
