Date,Value
2001-07-17,10.128
2001-07-18,9.686
2001-07-19,9.55
2001-07-20,9.424
2001-07-23,9.424
2001-07-24,9.31
2001-07-25,9.376
2001-07-26,9.75
2001-07-27,9.88
2001-07-30,9.68
2001-07-31,9.86
2001-08-01,9.78
2001-08-02,9.94
2001-08-03,9.8
2001-08-06,9.68
2001-08-07,9.68
2001-08-08,9.23
2001-08-09,9.14
2001-08-10,8.86
2001-08-13,8.86
2001-08-14,9.03
2001-08-15,8.69
2001-08-16,8.53
2001-08-17,8.33
2001-08-20,8.33
2001-08-21,8.05
2001-08-22,8.02
2001-08-23,8.07
2001-08-24,8.07
2001-08-27,8.59
2001-08-28,8.326
2001-08-29,8.06
2001-08-30,7.738
2001-08-31,7.86
2001-09-04,7.86
2001-09-05,7.45
2001-09-06,7.17
2001-09-07,7.178
2001-09-10,7.16
2001-09-17,6.64
2001-09-18,6.58
2001-09-19,6.2
2001-09-20,6.03
2001-09-21,5.9
2001-09-24,6.17
2001-09-25,6.33
2001-09-26,5.9
2001-09-27,5.69
2001-09-28,6
2001-10-01,5.87
2001-10-02,6.07
2001-10-03,6.748
2001-10-04,6.89
2001-10-05,6.93
2001-10-08,7.01
2001-10-09,6.82
2001-10-10,6.978
2001-10-11,7.508
2001-10-12,7.174
2001-10-15,7.458
2001-10-16,7.442
2001-10-17,7.16
2001-10-18,7.16
2001-10-19,7.16
2001-10-22,7.49
2001-10-23,7.46
2001-10-24,7.77
2001-10-25,7.618
2001-10-26,7.9
2001-10-29,7.58
2001-10-30,7.31
2001-10-31,7.408
2001-11-01,7.554
2001-11-02,7.67
2001-11-05,7.912
2001-11-06,8.2
2001-11-07,8.306
2001-11-08,8.05
2001-11-09,8.16
2001-11-12,8.238
2001-11-13,8.364
2001-11-14,8.54
2001-11-15,8.48
2001-11-16,8.47
2001-11-19,8.766
2001-11-20,8.482
2001-11-21,8.358
2001-11-23,8.514
2001-11-26,8.76
2001-11-27,8.85
2001-11-28,8.56
2001-11-29,8.812
2001-11-30,8.612
2001-12-03,8.48
2001-12-04,8.73
2001-12-05,9.394
2001-12-06,9.4
2001-12-07,9.164
2001-12-10,9.1
2001-12-11,9.25
2001-12-12,9.388
2001-12-13,9.05
2001-12-14,9.098
2001-12-17,9.096
2001-12-18,9.514
2001-12-19,9.42
2001-12-20,8.96
2001-12-21,9.124
2001-12-24,9.05
2001-12-26,9.09
2001-12-27,9.08
2001-12-28,9.26
2001-12-31,9.102
2002-01-02,8.94
2002-01-03,9.486
2002-01-04,9.7
2002-01-07,9.66
2002-01-08,9.77
2002-01-09,9.88
2002-01-10,9.826
2002-01-11,9.77
2002-01-14,9.532
2002-01-15,9.56
2002-01-16,9.16
2002-01-17,9.518
2002-01-18,9.21
2002-01-22,8.962
2002-01-23,9.312
2002-01-24,9.666
2002-01-25,9.48
2002-01-28,9.522
2002-01-29,9.26
2002-01-30,9.15
2002-01-31,9.19
2002-02-01,9.198
2002-02-04,8.77
2002-02-05,8.49
2002-02-06,8.27
2002-02-07,8.24
2002-02-08,8.54
2002-02-11,8.61
2002-02-12,8.6
2002-02-13,8.62
2002-02-14,8.68
2002-02-15,8.352
2002-02-19,7.908
2002-02-20,7.96
2002-02-21,7.634
2002-02-22,7.57
2002-02-25,7.89
2002-02-26,8.026
2002-02-27,7.91
2002-02-28,7.744
2002-03-01,8.12
2002-03-04,8.396
2002-03-05,8.438
2002-03-06,8.474
2002-03-07,8.42
2002-03-08,8.706
2002-03-11,8.934
2002-03-12,8.728
2002-03-13,8.514
2002-03-14,8.376
2002-03-15,8.246
2002-03-18,8.366
2002-03-19,8.5
2002-03-20,8.164
2002-03-21,8.38
2002-03-22,8.224
2002-03-25,7.99
2002-03-26,7.956
2002-03-27,8.07
2002-03-28,8.248
2002-04-01,8.27
2002-04-02,7.73
2002-04-03,7.52
2002-04-04,7.292
2002-04-05,7.27
2002-04-08,7.416
2002-04-09,7.178
2002-04-10,7.196
2002-04-11,6.858
2002-04-12,7.164
2002-04-15,7.22
2002-04-16,7.49
2002-04-17,7.176
2002-04-18,7.188
2002-04-19,7.244
2002-04-22,7.04
2002-04-23,6.8
2002-04-24,6.742
2002-04-25,6.708
2002-04-26,6.42
2002-04-29,6.352
2002-04-30,6.586
2002-05-01,6.45
2002-05-02,6.164
2002-05-03,6.086
2002-05-06,5.834
2002-05-07,5.782
2002-05-08,6.486
2002-05-09,6.222
2002-05-10,6.128
2002-05-13,6.238
2002-05-14,6.64
2002-05-15,6.574
2002-05-16,6.612
2002-05-17,6.69
2002-05-20,6.51
2002-05-21,6.22
2002-05-22,6.166
2002-05-23,6.32
2002-05-24,6.228
2002-05-28,6.156
2002-05-29,5.99
2002-05-30,6.16
2002-05-31,6.03
2002-06-03,5.77
2002-06-04,5.932
2002-06-05,6.016
2002-06-06,5.85
2002-06-07,5.856
2002-06-10,5.92
2002-06-11,5.74
2002-06-12,5.77
2002-06-13,5.68
2002-06-14,5.67
2002-06-17,5.89
2002-06-18,5.898
2002-06-19,5.65
2002-06-20,5.52
2002-06-21,5.31
2002-06-24,5.4
2002-06-25,5.226
2002-06-26,5.26
2002-06-27,5.48
2002-06-28,5.49
2002-07-01,5.2
2002-07-02,5.03
2002-07-03,5.25
2002-07-05,5.54
2002-07-08,5.236
2002-07-09,5.13
2002-07-10,4.96
2002-07-11,5.014
2002-07-12,4.954
2002-07-15,4.93
2002-07-16,5.07
2002-07-17,5.08
2002-07-18,4.896
2002-07-19,4.7
2002-07-22,4.6
2002-07-23,4.43
2002-07-24,4.686
2002-07-25,4.35
2002-07-26,4.528
2002-07-29,4.78
2002-07-30,4.86
2002-07-31,4.7
2002-08-01,4.54
2002-08-02,4.378
2002-08-05,4.228
2002-08-06,4.45
2002-08-07,4.428
2002-08-08,4.62
2002-08-09,4.636
2002-08-12,4.612
2002-08-13,4.49
2002-08-14,4.648
2002-08-15,4.77
2002-08-16,4.844
2002-08-19,5.028
2002-08-20,4.98
2002-08-21,5.098
2002-08-22,5.284
2002-08-23,5.106
2002-08-26,5.1
2002-08-27,4.898
2002-08-28,4.702
2002-08-29,4.816
2002-08-30,4.642
2002-09-03,4.452
2002-09-04,4.636
2002-09-05,4.482
2002-09-06,4.738
2002-09-09,4.698
2002-09-10,4.778
2002-09-11,4.87
2002-09-12,4.708
2002-09-13,4.73
2002-09-16,4.636
2002-09-17,4.518
2002-09-18,4.52
2002-09-19,4.326
2002-09-20,4.318
2002-09-23,4.102
2002-09-24,4.168
2002-09-25,4.37
2002-09-26,4.282
2002-09-27,4.25
2002-09-30,4.13
2002-10-01,4.198
2002-10-02,4.096
2002-10-03,4.04
2002-10-04,4
2002-10-07,3.83
2002-10-08,3.984
2002-10-09,4.004
2002-10-10,4.144
2002-10-11,4.376
2002-10-14,4.482
2002-10-15,4.65
2002-10-16,4.578
2002-10-17,4.794
2002-10-18,4.758
2002-10-21,4.9
2002-10-22,4.724
2002-10-23,4.956
2002-10-24,4.882
2002-10-25,4.892
2002-10-28,4.94
2002-10-29,4.702
2002-10-30,4.964
2002-10-31,4.948
2002-11-01,5.088
2002-11-04,5.28
2002-11-05,5.26
2002-11-06,5.458
2002-11-07,5.248
2002-11-08,5.098
2002-11-11,4.914
2002-11-12,5.08
2002-11-13,5.12
2002-11-14,5.354
2002-11-15,5.44
2002-11-18,5.336
2002-11-19,5.296
2002-11-20,5.49
2002-11-21,5.78
2002-11-22,5.768
2002-11-25,5.842
2002-11-26,5.65
2002-11-27,5.85
2002-11-29,5.818
2002-12-02,5.8
2002-12-03,5.67
2002-12-04,5.534
2002-12-05,5.362
2002-12-06,5.372
2002-12-09,5.108
2002-12-10,5.23
2002-12-11,5.296
2002-12-12,5.272
2002-12-13,5.072
2002-12-16,5.266
2002-12-17,5.3
2002-12-18,5.21
2002-12-19,5.086
2002-12-20,5.146
2002-12-23,5.27
2002-12-24,5.3
2002-12-26,5.3
2002-12-27,5.168
2002-12-30,5.12
2002-12-31,5.034
2003-01-02,5.29
2003-01-03,5.25
2003-01-06,5.476
2003-01-07,5.564
2003-01-08,5.44
2003-01-09,5.734
2003-01-10,5.774
2003-01-13,5.754
2003-01-14,5.832
2003-01-15,5.714
2003-01-16,5.556
2003-01-17,5.334
2003-01-21,5.274
2003-01-22,5.328
2003-01-23,5.552
2003-01-24,5.28
2003-01-27,5.224
2003-01-28,5.32
2003-01-29,5.358
2003-01-30,5.202
2003-01-31,5.2
2003-02-03,5.224
2003-02-04,5.1
2003-02-05,5.116
2003-02-06,5.064
2003-02-07,4.984
2003-02-10,5.01
2003-02-11,5.07
2003-02-12,4.98
2003-02-13,4.942
2003-02-14,5.07
2003-02-18,5.3
2003-02-19,5.26
2003-02-20,5.27
2003-02-21,5.292
2003-02-24,5.2
2003-02-25,5.068
2003-02-26,5.1
2003-02-27,5.1
2003-02-28,5.088
2003-03-03,5.098
2003-03-04,4.964
2003-03-05,4.94
2003-03-06,5.02
2003-03-07,5.01
2003-03-10,4.88
2003-03-11,4.844
2003-03-12,4.874
2003-03-13,5.24
2003-03-14,5.278
2003-03-17,5.516
2003-03-18,5.484
2003-03-19,5.37
2003-03-20,5.422
2003-03-21,5.26
2003-03-24,5.066
2003-03-25,5.19
2003-03-26,5.21
2003-03-27,5.114
2003-03-28,5.09
2003-03-31,4.912
2003-04-01,4.93
2003-04-02,5.196
2003-04-03,5.25
2003-04-04,5.132
2003-04-07,5.196
2003-04-08,5.102
2003-04-09,5.05
2003-04-10,5.01
2003-04-11,5.01
2003-04-14,5.14
2003-04-15,5.17
2003-04-16,5.206
2003-04-17,5.37
2003-04-21,5.34
2003-04-22,5.48
2003-04-23,5.51
2003-04-24,5.502
2003-04-25,5.364
2003-04-28,5.478
2003-04-29,5.55
2003-04-30,5.51
2003-05-01,5.57
2003-05-02,5.806
2003-05-05,5.822
2003-05-06,5.844
2003-05-07,5.822
2003-05-08,5.72
2003-05-09,5.772
2003-05-12,5.826
2003-05-13,5.836
2003-05-14,5.816
2003-05-15,5.976
2003-05-16,5.936
2003-05-19,5.66
2003-05-20,5.65
2003-05-21,5.704
2003-05-22,5.842
2003-05-23,5.83
2003-05-27,6.032
2003-05-28,6.142
2003-05-29,6.142
2003-05-30,6.196
2003-06-02,6.11
2003-06-03,6.218
2003-06-04,6.426
2003-06-05,6.456
2003-06-06,6.524
2003-06-09,6.34
2003-06-10,6.45
2003-06-11,6.506
2003-06-12,6.548
2003-06-13,6.36
2003-06-16,6.52
2003-06-17,6.602
2003-06-18,6.584
2003-06-19,6.488
2003-06-20,6.4
2003-06-23,6.242
2003-06-24,6.208
2003-06-25,6.222
2003-06-26,6.31
2003-06-27,6.3
2003-06-30,6.22
2003-07-01,6.304
2003-07-02,6.42
2003-07-03,6.35
2003-07-07,6.556
2003-07-08,6.61
2003-07-09,6.63
2003-07-10,6.506
2003-07-11,6.54
2003-07-14,6.566
2003-07-15,6.598
2003-07-16,6.49
2003-07-17,6.238
2003-07-18,6.25
2003-07-21,6.09
2003-07-22,6.186
2003-07-23,6.198
2003-07-24,6.232
2003-07-25,6.358
2003-07-28,6.374
2003-07-29,6.304
2003-07-30,6.28
2003-07-31,6.31
2003-08-01,6.272
2003-08-04,6.234
2003-08-05,6.164
2003-08-06,6.102
2003-08-07,6.096
2003-08-08,6.092
2003-08-11,6.182
2003-08-12,6.264
2003-08-13,6.27
2003-08-14,6.352
2003-08-15,6.34
2003-08-18,6.434
2003-08-19,6.518
2003-08-20,6.546
2003-08-21,6.642
2003-08-22,6.646
2003-08-25,6.6
2003-08-26,6.628
2003-08-27,6.666
2003-08-28,6.784
2003-08-29,6.87
2003-09-02,7.028
2003-09-03,7.232
2003-09-04,7.208
2003-09-05,7.11
2003-09-08,7.21
2003-09-09,7.084
2003-09-10,6.84
2003-09-11,7.018
2003-09-12,6.944
2003-09-15,6.92
2003-09-16,7.12
2003-09-17,7.11
2003-09-18,7.22
2003-09-19,7.2
2003-09-22,7.054
2003-09-23,7.134
2003-09-24,6.918
2003-09-25,6.86
2003-09-26,6.76
2003-09-29,6.848
2003-09-30,6.732
2003-10-01,6.93
2003-10-02,6.868
2003-10-03,7.084
2003-10-06,7.17
2003-10-07,7.18
2003-10-08,7.274
2003-10-09,7.198
2003-10-10,7.132
2003-10-13,7.282
2003-10-14,7.322
2003-10-15,7.27
2003-10-16,7.348
2003-10-17,7.226
2003-10-20,7.28
2003-10-21,7.4
2003-10-22,7.23
2003-10-23,7.078
2003-10-24,7
2003-10-27,7.06
2003-10-28,7.206
2003-10-29,7.312
2003-10-30,7.294
2003-10-31,7.298
2003-11-03,7.406
2003-11-04,7.4
2003-11-05,7.468
2003-11-06,7.504
2003-11-07,7.508
2003-11-10,7.394
2003-11-11,7.306
2003-11-12,7.532
2003-11-13,7.5
2003-11-14,7.28
2003-11-17,7.11
2003-11-18,6.944
2003-11-19,6.988
2003-11-20,6.916
2003-11-21,6.966
2003-11-24,7.206
2003-11-25,7.214
2003-11-26,7.246
2003-11-28,7.262
2003-12-01,7.4
2003-12-02,7.266
2003-12-03,7.298
2003-12-04,7.246
2003-12-05,7.176
2003-12-08,7.228
2003-12-09,7.07
2003-12-10,7.08
2003-12-11,7.27
2003-12-12,7.31
2003-12-15,7.208
2003-12-16,7.282
2003-12-17,7.288
2003-12-18,7.412
2003-12-19,7.408
2003-12-22,7.49
2003-12-23,7.548
2003-12-24,7.53
2003-12-26,7.566
2003-12-29,7.644
2003-12-30,7.584
2003-12-31,7.552
2004-01-02,7.59
2004-01-05,7.84
2004-01-06,7.952
2004-01-07,7.96
2004-01-08,7.964
2004-01-09,7.872
2004-01-12,8.018
2004-01-13,7.872
2004-01-14,7.91
2004-01-15,8.056
2004-01-16,8.1
2004-01-20,8.19
2004-01-21,8.078
2004-01-22,7.988
2004-01-23,8.046
2004-01-26,8.072
2004-01-27,7.94
2004-01-28,7.8
2004-01-29,7.74
2004-01-30,7.752
2004-02-02,7.68
2004-02-03,7.704
2004-02-04,7.58
2004-02-05,7.66
2004-02-06,7.776
2004-02-09,7.82
2004-02-10,7.83
2004-02-11,7.91
2004-02-12,7.874
2004-02-13,7.8
2004-02-17,7.92
2004-02-18,7.952
2004-02-19,7.74
2004-02-20,7.746
2004-02-23,7.546
2004-02-24,7.572
2004-02-25,7.58
2004-02-26,7.63
2004-02-27,7.61
2004-03-01,7.71
2004-03-02,7.63
2004-03-03,7.64
2004-03-04,7.704
2004-03-05,7.7
2004-03-08,7.51
2004-03-09,7.486
2004-03-10,7.33
2004-03-11,7.27
2004-03-12,7.412
2004-03-15,7.204
2004-03-16,7.198
2004-03-17,7.296
2004-03-18,7.316
2004-03-19,7.3
2004-03-22,7.134
2004-03-23,7.112
2004-03-24,7.184
2004-03-25,7.452
2004-03-26,7.526
2004-03-29,7.572
2004-03-30,7.66
2004-03-31,7.572
2004-04-01,7.66
2004-04-02,7.846
2004-04-05,7.92
2004-04-06,7.852
2004-04-07,7.784
2004-04-08,7.76
2004-04-12,7.796
2004-04-13,7.74
2004-04-14,7.68
2004-04-15,7.59
2004-04-16,7.554
2004-04-19,7.64
2004-04-20,7.562
2004-04-21,7.62
2004-04-22,7.806
2004-04-23,7.89
2004-04-26,7.814
2004-04-27,7.8
2004-04-28,7.6
2004-04-29,7.412
2004-04-30,7.27
2004-05-03,7.354
2004-05-04,7.49
2004-05-05,7.48
2004-05-06,7.47
2004-05-07,7.392
2004-05-10,7.286
2004-05-11,7.356
2004-05-12,7.39
2004-05-13,7.41
2004-05-14,7.26
2004-05-17,7.112
2004-05-18,7.198
2004-05-19,7.18
2004-05-20,7.15
2004-05-21,7.148
2004-05-24,7.254
2004-05-25,7.32
2004-05-26,7.374
2004-05-27,7.424
2004-05-28,7.41
2004-06-01,7.366
2004-06-02,7.4
2004-06-03,7.31
2004-06-04,7.42
2004-06-07,7.594
2004-06-08,7.604
2004-06-09,7.476
2004-06-10,7.504
2004-06-14,7.38
2004-06-15,7.46
2004-06-16,7.41
2004-06-17,7.352
2004-06-18,7.32
2004-06-21,7.306
2004-06-22,7.36
2004-06-23,7.424
2004-06-24,7.474
2004-06-25,7.494
2004-06-28,7.52
2004-06-29,7.558
2004-06-30,7.616
2004-07-01,7.468
2004-07-02,7.362
2004-07-06,6.96
2004-07-07,6.98
2004-07-08,6.76
2004-07-09,6.892
2004-07-12,6.878
2004-07-13,6.768
2004-07-14,6.73
2004-07-15,6.756
2004-07-16,6.628
2004-07-19,6.63
2004-07-20,6.84
2004-07-21,6.666
2004-07-22,6.67
2004-07-23,6.514
2004-07-26,6.496
2004-07-27,6.612
2004-07-28,6.622
2004-07-29,6.724
2004-07-30,6.77
2004-08-02,6.702
2004-08-03,6.584
2004-08-04,6.622
2004-08-05,6.514
2004-08-06,6.36
2004-08-09,6.356
2004-08-10,6.486
2004-08-11,6.362
2004-08-12,6.266
2004-08-13,6.278
2004-08-16,6.374
2004-08-17,6.382
2004-08-18,6.538
2004-08-19,6.478
2004-08-20,6.554
2004-08-23,6.564
2004-08-24,6.55
2004-08-25,6.622
2004-08-26,6.608
2004-08-27,6.642
2004-08-30,6.55
2004-08-31,6.52
2004-09-01,6.5
2004-09-02,6.622
2004-09-03,6.52
2004-09-07,6.578
2004-09-08,6.54
2004-09-09,6.61
2004-09-10,6.852
2004-09-13,6.92
2004-09-14,6.924
2004-09-15,6.88
2004-09-16,6.902
2004-09-17,6.942
2004-09-20,6.932
2004-09-21,6.944
2004-09-22,6.82
2004-09-23,6.83
2004-09-24,6.822
2004-09-27,6.78
2004-09-28,6.79
2004-09-29,6.92
2004-09-30,6.932
2004-10-01,7.194
2004-10-04,7.26
2004-10-05,7.312
2004-10-06,7.406
2004-10-07,7.312
2004-10-08,7.168
2004-10-11,7.212
2004-10-12,7.198
2004-10-13,7.138
2004-10-14,7.11
2004-10-15,7.154
2004-10-18,7.336
2004-10-19,7.32
2004-10-20,7.29
2004-10-21,7.51
2004-10-22,7.366
2004-10-25,7.34
2004-10-26,7.4
2004-10-27,7.65
2004-10-28,7.602
2004-10-29,7.608
2004-11-01,7.722
2004-11-02,7.69
2004-11-03,7.742
2004-11-04,7.89
2004-11-05,7.908
2004-11-08,7.9
2004-11-09,7.886
2004-11-10,7.86
2004-11-11,7.95
2004-11-12,7.98
2004-11-15,8.07
2004-11-16,8.01
2004-11-17,8.096
2004-11-18,8.148
2004-11-19,8.004
2004-11-22,8.054
2004-11-23,8.076
2004-11-24,8.146
2004-11-26,8.13
2004-11-29,8.13
2004-11-30,8.1
2004-12-01,8.324
2004-12-02,8.344
2004-12-03,8.47
2004-12-06,8.51
2004-12-07,8.332
2004-12-08,8.33
2004-12-09,8.356
2004-12-10,8.372
2004-12-13,8.64
2004-12-14,8.628
2004-12-15,8.63
2004-12-16,8.458
2004-12-17,8.446
2004-12-20,8.306
2004-12-21,8.46
2004-12-22,8.518
2004-12-23,8.496
2004-12-27,8.444
2004-12-28,8.5
2004-12-29,8.518
2004-12-30,8.55
2004-12-31,8.53
2005-01-03,8.438
2005-01-04,8.15
2005-01-05,8.12
2005-01-06,7.98
2005-01-07,7.996
2005-01-10,7.98
2005-01-11,7.93
2005-01-12,7.9
2005-01-13,7.854
2005-01-14,7.968
2005-01-18,8.058
2005-01-19,7.94
2005-01-20,7.91
2005-01-21,7.826
2005-01-24,7.68
2005-01-25,7.726
2005-01-26,7.9
2005-01-27,7.892
2005-01-28,7.782
2005-01-31,7.938
2005-02-01,7.956
2005-02-02,8.02
2005-02-03,7.95
2005-02-04,8.14
2005-02-07,8.124
2005-02-08,8.034
2005-02-09,7.864
2005-02-10,7.77
2005-02-11,7.91
2005-02-14,7.91
2005-02-15,8
2005-02-16,8
2005-02-17,7.9
2005-02-18,7.902
2005-02-22,7.8
2005-02-23,7.814
2005-02-24,7.866
2005-02-25,7.852
2005-02-28,7.846
2005-03-01,7.934
2005-03-02,7.932
2005-03-03,7.872
2005-03-04,7.946
2005-03-07,8.064
2005-03-08,8.018
2005-03-09,7.992
2005-03-10,7.98
2005-03-11,7.928
2005-03-14,7.97
2005-03-15,7.87
2005-03-16,7.762
2005-03-17,7.814
2005-03-18,7.798
2005-03-21,7.78
2005-03-22,7.6
2005-03-23,7.63
2005-03-24,7.65
2005-03-28,7.652
2005-03-29,7.538
2005-03-30,7.66
2005-03-31,7.634
2005-04-01,7.68
2005-04-04,7.68
2005-04-05,7.61
2005-04-06,7.576
2005-04-07,7.684
2005-04-08,7.6
2005-04-11,7.608
2005-04-12,7.656
2005-04-13,7.55
2005-04-14,7.432
2005-04-15,7.256
2005-04-18,7.214
2005-04-19,7.288
2005-04-20,7.214
2005-04-21,7.42
2005-04-22,7.302
2005-04-25,7.392
2005-04-26,7.314
2005-04-27,7.298
2005-04-28,7.192
2005-04-29,7.24
2005-05-02,7.236
2005-05-03,7.314
2005-05-04,7.36
2005-05-05,7.33
2005-05-06,7.394
2005-05-09,7.404
2005-05-10,7.332
2005-05-11,7.41
2005-05-12,7.382
2005-05-13,7.49
2005-05-16,7.556
2005-05-17,7.644
2005-05-18,7.76
2005-05-19,7.866
2005-05-20,7.884
2005-05-23,7.888
2005-05-24,7.918
2005-05-25,7.876
2005-05-26,7.934
2005-05-27,7.9
2005-05-31,7.93
2005-06-01,7.97
2005-06-02,7.946
2005-06-03,7.824
2005-06-06,7.828
2005-06-07,7.802
2005-06-08,7.76
2005-06-09,7.794
2005-06-10,7.718
2005-06-13,7.816
2005-06-14,7.786
2005-06-15,7.85
2005-06-16,7.864
2005-06-17,7.846
2005-06-20,7.868
2005-06-21,7.91
2005-06-22,7.876
2005-06-23,7.782
2005-06-24,7.676
2005-06-27,7.64
2005-06-28,7.75
2005-06-29,7.746
2005-06-30,7.69
2005-07-01,7.662
2005-07-05,7.746
2005-07-06,7.736
2005-07-07,7.776
2005-07-08,7.882
2005-07-11,7.98
2005-07-12,8.082
2005-07-13,8.16
2005-07-14,8.17
2005-07-15,8.122
2005-07-18,8.064
2005-07-19,8.21
2005-07-20,8.278
2005-07-21,8.142
2005-07-22,8.144
2005-07-25,8.146
2005-07-26,8.1
2005-07-27,8.148
2005-07-28,8.13
2005-07-29,8.062
2005-08-01,8.04
2005-08-02,8.102
2005-08-03,8.092
2005-08-04,8.024
2005-08-05,8.016
2005-08-08,7.964
2005-08-09,8.02
2005-08-10,7.956
2005-08-11,7.98
2005-08-12,7.948
2005-08-15,8.008
2005-08-16,7.926
2005-08-17,8.004
2005-08-18,7.928
2005-08-19,7.926
2005-08-22,7.892
2005-08-23,7.888
2005-08-24,7.86
2005-08-25,7.84
2005-08-26,7.844
2005-08-29,7.87
2005-08-30,7.844
2005-08-31,8
2005-09-01,7.964
2005-09-02,7.988
2005-09-06,8.09
2005-09-07,8.114
2005-09-08,8.122
2005-09-09,8.176
2005-09-12,8.266
2005-09-13,8.3
2005-09-14,8.232
2005-09-15,8.154
2005-09-16,8.212
2005-09-19,8.126
2005-09-20,8.154
2005-09-21,8.008
2005-09-22,8.028
2005-09-23,7.95
2005-09-26,7.96
2005-09-27,7.994
2005-09-28,8.004
2005-09-29,8.146
2005-09-30,8.22
2005-10-03,8.23
2005-10-04,8.104
2005-10-05,7.98
2005-10-06,7.844
2005-10-07,7.852
2005-10-10,7.85
2005-10-11,7.784
2005-10-12,7.7
2005-10-13,7.726
2005-10-14,7.874
2005-10-17,7.884
2005-10-18,7.846
2005-10-19,7.936
2005-10-20,7.938
2005-10-21,8.006
2005-10-24,8.22
2005-10-25,8.202
2005-10-26,8.192
2005-10-27,8.03
2005-10-28,8.13
2005-10-31,8.26
2005-11-01,8.28
2005-11-02,8.126
2005-11-03,8.114
2005-11-04,8.146
2005-11-07,8.174
2005-11-08,8.182
2005-11-09,8.186
2005-11-10,8.26
2005-11-11,8.282
2005-11-14,8.286
2005-11-15,8.214
2005-11-16,8.172
2005-11-17,8.248
2005-11-18,8.18
2005-11-21,8.166
2005-11-22,8.182
2005-11-23,8.184
2005-11-25,8.154
2005-11-28,8.088
2005-11-29,8.072
2005-11-30,8.056
2005-12-01,8.178
2005-12-02,8.226
2005-12-05,8.158
2005-12-06,8.216
2005-12-07,8.218
2005-12-08,8.162
2005-12-09,8.172
2005-12-12,8.186
2005-12-13,8.176
2005-12-14,8.172
2005-12-15,8.118
2005-12-16,8.182
2005-12-19,8.084
2005-12-20,8.074
2005-12-21,8.13
2005-12-22,8.202
2005-12-23,8.19
2005-12-27,8.128
2005-12-28,8.126
2005-12-29,8.104
2005-12-30,8.05
2006-01-03,8.154
2006-01-04,8.262
2006-01-05,8.288
2006-01-06,8.464
2006-01-09,8.444
2006-01-10,8.444
2006-01-11,8.476
2006-01-12,8.454
2006-01-13,8.412
2006-01-17,8.376
2006-01-18,8.402
2006-01-19,8.494
2006-01-20,8.302
2006-01-23,8.28
2006-01-24,8.23
2006-01-25,8.194
2006-01-26,8.296
2006-01-27,8.378
2006-01-30,8.404
2006-01-31,8.352
2006-02-01,8.36
2006-02-02,8.234
2006-02-03,8.14
2006-02-06,8.174
2006-02-07,8.13
2006-02-08,8.162
2006-02-09,8.142
2006-02-10,8.172
2006-02-13,8.114
2006-02-14,8.112
2006-02-15,8.142
2006-02-16,8.184
2006-02-17,8.102
2006-02-21,8.048
2006-02-22,8.148
2006-02-23,8.152
2006-02-24,8.138
2006-02-27,8.194
2006-02-28,8.132
2006-03-01,8.25
2006-03-02,8.242
2006-03-03,8.218
2006-03-06,8.136
2006-03-07,8.078
2006-03-08,8.078
2006-03-09,8.062
2006-03-10,8.102
2006-03-13,8.128
2006-03-14,8.178
2006-03-15,8.242
2006-03-16,8.202
2006-03-17,8.238
2006-03-20,8.28
2006-03-21,8.224
2006-03-22,8.264
2006-03-23,8.208
2006-03-24,8.21
2006-03-27,8.19
2006-03-28,8.136
2006-03-29,8.224
2006-03-30,8.3
2006-03-31,8.304
2006-04-03,8.322
2006-04-04,8.32
2006-04-05,8.368
2006-04-06,8.352
2006-04-07,8.312
2006-04-10,8.362
2006-04-11,8.318
2006-04-12,8.322
2006-04-13,8.328
2006-04-17,8.258
2006-04-18,8.386
2006-04-19,8.436
2006-04-20,8.476
2006-04-21,8.416
2006-04-24,8.386
2006-04-25,8.392
2006-04-26,8.392
2006-04-27,8.524
2006-04-28,8.408
2006-05-01,8.37
2006-05-02,8.396
2006-05-03,8.29
2006-05-04,8.26
2006-05-05,8.288
2006-05-08,8.28
2006-05-09,8.198
2006-05-10,8.188
2006-05-11,7.984
2006-05-12,7.916
2006-05-15,7.878
2006-05-16,7.79
2006-05-17,7.652
2006-05-18,7.636
2006-05-19,7.606
2006-05-22,7.53
2006-05-23,7.51
2006-05-24,7.582
2006-05-25,7.654
2006-05-26,7.654
2006-05-30,7.5
2006-05-31,7.548
2006-06-01,7.608
2006-06-02,7.574
2006-06-05,7.464
2006-06-06,7.41
2006-06-07,7.374
2006-06-08,7.326
2006-06-09,7.302
2006-06-12,7.218
2006-06-13,7.172
2006-06-14,7.148
2006-06-15,7.322
2006-06-16,7.364
2006-06-19,7.344
2006-06-20,7.334
2006-06-21,7.47
2006-06-22,7.45
2006-06-23,7.464
2006-06-26,7.472
2006-06-27,7.36
2006-06-28,7.392
2006-06-29,7.568
2006-06-30,7.54
2006-07-03,7.608
2006-07-05,7.474
2006-07-06,7.398
2006-07-07,7.348
2006-07-10,7.252
2006-07-11,7.286
2006-07-12,7.178
2006-07-13,7.13
2006-07-14,7.13
2006-07-17,7.136
2006-07-18,7.14
2006-07-19,7.314
2006-07-20,7.224
2006-07-21,7.2
2006-07-24,7.312
2006-07-25,7.35
2006-07-26,7.428
2006-07-27,7.396
2006-07-28,7.49
2006-07-31,7.53
2006-08-01,7.436
2006-08-02,7.626
2006-08-03,7.632
2006-08-04,7.576
2006-08-07,7.526
2006-08-08,7.496
2006-08-09,7.504
2006-08-10,7.58
2006-08-11,7.568
2006-08-14,7.638
2006-08-15,7.86
2006-08-16,7.962
2006-08-17,8.072
2006-08-18,8.098
2006-08-21,7.976
2006-08-22,7.968
2006-08-23,7.932
2006-08-24,7.938
2006-08-25,7.948
2006-08-28,8.046
2006-08-29,8.04
2006-08-30,8.08
2006-08-31,8.034
2006-09-01,8.086
2006-09-05,8.15
2006-09-06,8.052
2006-09-07,7.964
2006-09-08,8.086
2006-09-11,8.14
2006-09-12,8.32
2006-09-13,8.394
2006-09-14,8.41
2006-09-15,8.484
2006-09-18,8.498
2006-09-19,8.492
2006-09-20,8.756
2006-09-21,8.7
2006-09-22,8.624
2006-09-25,8.76
2006-09-26,8.782
2006-09-27,8.716
2006-09-28,8.744
2006-09-29,8.66
2006-10-02,8.53
2006-10-03,8.59
2006-10-04,8.76
2006-10-05,8.8
2006-10-06,8.788
2006-10-09,8.77
2006-10-10,8.812
2006-10-11,8.8
2006-10-12,8.986
2006-10-13,9.04
2006-10-16,9.038
2006-10-17,8.95
2006-10-18,8.98
2006-10-19,8.89
2006-10-20,8.88
2006-10-23,8.96
2006-10-24,8.86
2006-10-25,8.884
2006-10-26,8.886
2006-10-27,8.73
2006-10-30,8.856
2006-10-31,8.842
2006-11-01,8.736
2006-11-02,8.846
2006-11-03,8.82
2006-11-06,8.924
2006-11-07,8.934
2006-11-08,8.976
2006-11-09,8.96
2006-11-10,9.04
2006-11-13,9.152
2006-11-14,9.17
2006-11-15,9.218
2006-11-16,9.17
2006-11-17,9.154
2006-11-20,9.162
2006-11-21,9.16
2006-11-22,9.236
2006-11-24,9.228
2006-11-27,8.988
2006-11-28,8.986
2006-11-29,9.03
2006-11-30,9.09
2006-12-01,8.976
2006-12-04,9.12
2006-12-05,9.066
2006-12-06,8.946
2006-12-07,8.83
2006-12-08,8.85
2006-12-11,8.93
2006-12-12,8.9
2006-12-13,8.942
2006-12-14,9.07
2006-12-15,9.11
2006-12-18,8.982
2006-12-19,8.952
2006-12-20,8.968
2006-12-21,8.918
2006-12-22,8.88
2006-12-26,8.956
2006-12-27,8.978
2006-12-28,8.98
2006-12-29,8.916
2007-01-03,8.924
2007-01-04,9.088
2007-01-05,8.998
2007-01-08,9.04
2007-01-09,9.04
2007-01-10,9.072
2007-01-11,9.126
2007-01-12,9.17
2007-01-16,8.986
2007-01-17,9.006
2007-01-18,8.824
2007-01-19,8.856
2007-01-22,8.768
2007-01-23,8.81
2007-01-24,8.964
2007-01-25,8.834
2007-01-26,8.904
2007-01-29,8.908
2007-01-30,8.94
2007-01-31,8.986
2007-02-01,9.078
2007-02-02,9.13
2007-02-05,9.096
2007-02-06,9.062
2007-02-07,9.102
2007-02-08,9.082
2007-02-09,8.998
2007-02-12,8.972
2007-02-13,9.008
2007-02-14,9.122
2007-02-15,9.15
2007-02-16,9.128
2007-02-20,9.2
2007-02-21,9.254
2007-02-22,9.236
2007-02-23,9.194
2007-02-26,9.14
2007-02-27,8.82
2007-02-28,8.842
2007-03-01,8.822
2007-03-02,8.702
2007-03-05,8.636
2007-03-06,8.746
2007-03-07,8.686
2007-03-08,8.72
2007-03-09,8.758
2007-03-12,8.822
2007-03-13,8.624
2007-03-14,8.736
2007-03-15,8.742
2007-03-16,8.756
2007-03-19,8.86
2007-03-20,8.974
2007-03-21,9.148
2007-03-22,9.154
2007-03-23,9.142
2007-03-26,9.148
2007-03-27,9.124
2007-03-28,9.058
2007-03-29,9.036
2007-03-30,9.014
2007-04-02,9.03
2007-04-03,9.106
2007-04-04,9.174
2007-04-05,9.198
2007-04-09,9.184
2007-04-10,9.256
2007-04-11,9.196
2007-04-12,9.284
2007-04-13,9.266
2007-04-16,9.37
2007-04-17,9.388
2007-04-18,9.356
2007-04-19,9.292
2007-04-20,9.36
2007-04-23,9.354
2007-04-24,9.332
2007-04-25,9.388
2007-04-26,9.428
2007-04-27,9.444
2007-04-30,9.3
2007-05-01,9.286
2007-05-02,9.368
2007-05-03,9.428
2007-05-04,9.454
2007-05-07,9.46
2007-05-08,9.47
2007-05-09,9.462
2007-05-10,9.354
2007-05-11,9.48
2007-05-14,9.414
2007-05-15,9.318
2007-05-16,9.412
2007-05-17,9.396
2007-05-18,9.538
2007-05-21,9.622
2007-05-22,9.638
2007-05-23,9.576
2007-05-24,9.346
2007-05-25,9.482
2007-05-29,9.53
2007-05-30,9.634
2007-05-31,9.73
2007-06-01,9.72
2007-06-04,9.75
2007-06-05,9.73
2007-06-06,9.68
2007-06-07,9.446
2007-06-08,9.556
2007-06-11,9.57
2007-06-12,9.47
2007-06-13,9.636
2007-06-14,9.658
2007-06-15,9.646
2007-06-18,9.636
2007-06-19,9.65
2007-06-20,9.546
2007-06-21,9.586
2007-06-22,9.476
2007-06-25,9.416
2007-06-26,9.38
2007-06-27,9.568
2007-06-28,9.568
2007-06-29,9.514
2007-07-02,9.516
2007-07-03,9.548
2007-07-05,9.606
2007-07-06,9.576
2007-07-09,9.518
2007-07-10,9.37
2007-07-11,9.448
2007-07-12,9.598
2007-07-13,9.542
2007-07-16,9.528
2007-07-17,9.61
2007-07-18,9.59
2007-07-19,9.752
2007-07-20,9.664
2007-07-23,9.73
2007-07-24,9.592
2007-07-25,9.624
2007-07-26,9.46
2007-07-27,9.298
2007-07-30,9.312
2007-07-31,9.182
2007-08-01,9.248
2007-08-02,9.384
2007-08-03,9.146
2007-08-06,9.294
2007-08-07,9.32
2007-08-08,9.364
2007-08-09,9.12
2007-08-10,9.2
2007-08-13,9.22
2007-08-14,9.118
2007-08-15,8.98
2007-08-16,8.934
2007-08-17,9.044
2007-08-20,9.128
2007-08-21,9.18
2007-08-22,9.214
2007-08-23,9.218
2007-08-24,9.34
2007-08-27,9.292
2007-08-28,9.11
2007-08-29,9.308
2007-08-30,9.346
2007-08-31,9.46
2007-09-04,9.592
2007-09-05,9.562
2007-09-06,9.562
2007-09-07,9.412
2007-09-10,9.376
2007-09-11,9.572
2007-09-12,9.576
2007-09-13,9.59
2007-09-14,9.586
2007-09-17,9.544
2007-09-18,9.776
2007-09-19,9.81
2007-09-20,9.79
2007-09-21,9.788
2007-09-24,9.722
2007-09-25,9.872
2007-09-26,9.94
2007-09-27,9.984
2007-09-28,10
2007-10-01,10.094
2007-10-02,10.11
2007-10-03,10.104
2007-10-04,10.152
2007-10-05,10.26
2007-10-08,10.38
2007-10-09,10.486
2007-10-10,10.51
2007-10-11,10.386
2007-10-12,10.642
2007-10-15,10.528
2007-10-16,10.462
2007-10-17,10.45
2007-10-18,10.47
2007-10-19,10.228
2007-10-22,10.322
2007-10-23,10.464
2007-10-24,10.418
2007-10-25,10.294
2007-10-26,10.448
2007-10-29,10.578
2007-10-30,10.508
2007-10-31,10.776
2007-11-01,10.584
2007-11-02,10.702
2007-11-05,10.63
2007-11-06,10.606
2007-11-07,10.394
2007-11-08,10.188
2007-11-09,9.972
2007-11-12,9.986
2007-11-13,10.116
2007-11-14,10.026
2007-11-15,9.9
2007-11-16,10.04
2007-11-19,9.898
2007-11-20,9.872
2007-11-21,9.728
2007-11-23,9.788
2007-11-26,9.604
2007-11-27,9.752
2007-11-28,10.038
2007-11-29,10.05
2007-11-30,9.976
2007-12-03,9.948
2007-12-04,9.978
2007-12-05,10.166
2007-12-06,10.246
2007-12-07,10.266
2007-12-10,10.358
2007-12-11,10.136
2007-12-12,10.252
2007-12-13,10.294
2007-12-14,10.208
2007-12-17,10.03
2007-12-18,10.072
2007-12-19,10.104
2007-12-20,10.264
2007-12-21,10.45
2007-12-24,10.502
2007-12-26,10.542
2007-12-27,10.386
2007-12-28,10.382
2007-12-31,10.32
2008-01-02,10.13
2008-01-03,10.128
2008-01-04,9.824
2008-01-07,9.79
2008-01-08,9.578
2008-01-09,9.58
2008-01-10,9.638
2008-01-11,9.466
2008-01-14,9.582
2008-01-15,9.392
2008-01-16,9.462
2008-01-17,9.246
2008-01-18,9.264
2008-01-22,8.99
2008-01-23,9.076
2008-01-24,9.328
2008-01-25,9.21
2008-01-28,9.222
2008-01-29,9.256
2008-01-30,9.3
2008-01-31,9.298
2008-02-01,9.5
2008-02-04,9.424
2008-02-05,9.15
2008-02-06,9.016
2008-02-07,9.004
2008-02-08,9.07
2008-02-11,9.168
2008-02-12,9.224
2008-02-13,9.396
2008-02-14,9.212
2008-02-15,9.156
2008-02-19,9.118
2008-02-20,9.222
2008-02-21,9.14
2008-02-22,9.072
2008-02-25,9.182
2008-02-26,9.224
2008-02-27,9.162
2008-02-28,9.106
2008-02-29,8.916
2008-03-03,8.872
2008-03-04,8.858
2008-03-05,8.93
2008-03-06,8.866
2008-03-07,8.828
2008-03-10,8.748
2008-03-11,8.954
2008-03-12,8.958
2008-03-13,9.01
2008-03-14,8.836
2008-03-17,8.682
2008-03-18,8.938
2008-03-19,8.862
2008-03-20,9.014
2008-03-24,9.222
2008-03-25,9.284
2008-03-26,9.088
2008-03-27,8.992
2008-03-28,8.962
2008-03-31,8.964
2008-04-01,9.288
2008-04-02,9.28
2008-04-03,9.27
2008-04-04,9.292
2008-04-07,9.262
2008-04-08,9.246
2008-04-09,9.15
2008-04-10,9.256
2008-04-11,9
2008-04-14,8.982
2008-04-15,9.028
2008-04-16,9.248
2008-04-17,9.288
2008-04-18,9.454
2008-04-21,9.456
2008-04-22,9.374
2008-04-23,9.518
2008-04-24,9.63
2008-04-25,9.55
2008-04-28,9.522
2008-04-29,9.548
2008-04-30,9.43
2008-05-01,9.76
2008-05-02,9.756
2008-05-05,9.696
2008-05-06,9.806
2008-05-07,9.638
2008-05-08,9.722
2008-05-09,9.766
2008-05-12,9.894
2008-05-13,9.992
2008-05-14,10.012
2008-05-15,10.1
2008-05-16,10.088
2008-05-19,10.034
2008-05-20,9.962
2008-05-21,9.918
2008-05-22,9.986
2008-05-23,9.908
2008-05-27,10.124
2008-05-28,10.156
2008-05-29,10.308
2008-05-30,10.346
2008-06-02,10.182
2008-06-03,10.186
2008-06-04,10.238
2008-06-05,10.352
2008-06-06,10.084
2008-06-09,10.092
2008-06-10,9.994
2008-06-11,9.772
2008-06-12,9.838
2008-06-13,10.03
2008-06-16,10.084
2008-06-17,10.05
2008-06-18,9.954
2008-06-19,10.134
2008-06-20,9.864
2008-06-23,9.804
2008-06-24,9.758
2008-06-25,9.886
2008-06-26,9.618
2008-06-27,9.526
2008-06-30,9.442
2008-07-01,9.52
2008-07-02,9.324
2008-07-03,9.272
2008-07-07,9.278
2008-07-08,9.416
2008-07-09,9.156
2008-07-10,9.282
2008-07-11,9.226
2008-07-14,9.096
2008-07-15,9.22
2008-07-16,9.468
2008-07-17,9.634
2008-07-18,9.662
2008-07-21,9.548
2008-07-22,9.62
2008-07-23,9.728
2008-07-24,9.452
2008-07-25,9.458
2008-07-28,9.286
2008-07-29,9.524
2008-07-30,9.49
2008-07-31,9.504
2008-08-01,9.52
2008-08-04,9.466
2008-08-05,9.754
2008-08-06,9.956
2008-08-07,9.918
2008-08-08,10.114
2008-08-11,10.216
2008-08-12,10.21
2008-08-13,10.186
2008-08-14,10.236
2008-08-15,10.208
2008-08-18,10.052
2008-08-19,9.932
2008-08-20,9.974
2008-08-21,9.868
2008-08-22,10.024
2008-08-25,9.836
2008-08-26,9.772
2008-08-27,9.884
2008-08-28,10.044
2008-08-29,9.852
2008-09-02,9.832
2008-09-03,9.728
2008-09-04,9.426
2008-09-05,9.39
2008-09-08,9.456
2008-09-09,9.25
2008-09-10,9.342
2008-09-11,9.438
2008-09-12,9.408
2008-09-15,9.074
2008-09-16,9.058
2008-09-17,8.66
2008-09-18,8.904
2008-09-19,9.298
2008-09-22,8.938
2008-09-23,8.91
2008-09-24,8.962
2008-09-25,9.008
2008-09-26,9.072
2008-09-29,8.408
2008-09-30,8.8
2008-10-01,8.548
2008-10-02,8.178
2008-10-03,7.92
2008-10-06,7.51
2008-10-07,7.006
2008-10-08,7.074
2008-10-09,6.874
2008-10-10,6.826
2008-10-13,7.572
2008-10-14,7.244
2008-10-15,6.61
2008-10-16,6.912
2008-10-17,7.012
2008-10-20,7.336
2008-10-21,6.982
2008-10-22,6.568
2008-10-23,6.516
2008-10-24,6.302
2008-10-27,6.07
2008-10-28,6.746
2008-10-29,6.732
2008-10-30,6.768
2008-10-31,6.78
2008-11-03,6.862
2008-11-04,7.032
2008-11-05,6.652
2008-11-06,6.394
2008-11-07,6.552
2008-11-10,6.502
2008-11-11,6.348
2008-11-12,6.034
2008-11-13,6.446
2008-11-14,6.236
2008-11-17,5.97
2008-11-18,5.966
2008-11-19,5.64
2008-11-20,5.408
2008-11-21,5.694
2008-11-24,6.04
2008-11-25,5.966
2008-11-26,6.228
2008-11-28,6.19
2008-12-01,5.704
2008-12-02,5.924
2008-12-03,6.034
2008-12-04,5.786
2008-12-05,6.098
2008-12-08,6.386
2008-12-09,6.298
2008-12-10,6.29
2008-12-11,6.006
2008-12-12,6.108
2008-12-15,5.962
2008-12-16,6.284
2008-12-17,6.28
2008-12-18,6.148
2008-12-19,6.304
2008-12-22,6.16
2008-12-23,6.128
2008-12-24,6.156
2008-12-26,6.17
2008-12-29,6.078
2008-12-30,6.242
2008-12-31,6.354
2009-01-02,6.618
2009-01-05,6.558
2009-01-06,6.684
2009-01-07,6.49
2009-01-08,6.494
2009-01-09,6.384
2009-01-12,6.32
2009-01-13,6.3
2009-01-14,6.094
2009-01-15,6.126
2009-01-16,6.214
2009-01-20,5.904
2009-01-21,6.182
2009-01-22,5.976
2009-01-23,6.056
2009-01-26,6.088
2009-01-27,6.132
2009-01-28,6.304
2009-01-29,6.164
2009-01-30,6.002
2009-02-02,6.038
2009-02-03,6.166
2009-02-04,6.2
2009-02-05,6.354
2009-02-06,6.546
2009-02-09,6.52
2009-02-10,6.25
2009-02-11,6.31
2009-02-12,6.326
2009-02-13,6.314
2009-02-17,6.096
2009-02-18,6.078
2009-02-19,5.992
2009-02-20,5.972
2009-02-23,5.792
2009-02-24,5.978
2009-02-25,5.904
2009-02-26,5.778
2009-02-27,5.77
2009-03-02,5.612
2009-03-03,5.572
2009-03-04,5.688
2009-03-05,5.562
2009-03-06,5.574
2009-03-09,5.478
2009-03-10,5.836
2009-03-11,5.924
2009-03-12,6.092
2009-03-13,6.04
2009-03-16,5.918
2009-03-17,6.092
2009-03-18,6.294
2009-03-19,6.378
2009-03-20,6.206
2009-03-23,6.606
2009-03-24,6.462
2009-03-25,6.544
2009-03-26,6.826
2009-03-27,6.624
2009-03-30,6.468
2009-03-31,6.614
2009-04-01,6.714
2009-04-02,6.94
2009-04-03,7.038
2009-04-06,6.918
2009-04-07,6.778
2009-04-08,6.932
2009-04-09,7.114
2009-04-13,7.04
2009-04-14,6.92
2009-04-15,6.88
2009-04-16,7.056
2009-04-17,7.076
2009-04-20,6.832
2009-04-21,7
2009-04-22,7.034
2009-04-23,7.01
2009-04-24,7.242
2009-04-27,7.184
2009-04-28,7.114
2009-04-29,7.228
2009-04-30,7.29
2009-05-01,7.306
2009-05-04,7.392
2009-05-05,7.392
2009-05-06,7.358
2009-05-07,7.128
2009-05-08,7.162
2009-05-11,7.22
2009-05-12,7.188
2009-05-13,7.008
2009-05-14,7.132
2009-05-15,7.204
2009-05-18,7.324
2009-05-19,7.354
2009-05-20,7.318
2009-05-21,7.238
2009-05-22,7.22
2009-05-26,7.404
2009-05-27,7.32
2009-05-28,7.416
2009-05-29,7.492
2009-06-01,7.702
2009-06-02,7.756
2009-06-03,7.712
2009-06-04,7.784
2009-06-05,7.796
2009-06-08,7.754
2009-06-09,7.828
2009-06-10,7.818
2009-06-11,7.864
2009-06-12,7.9
2009-06-15,7.708
2009-06-16,7.6
2009-06-17,7.684
2009-06-18,7.658
2009-06-19,7.726
2009-06-22,7.434
2009-06-23,7.45
2009-06-24,7.596
2009-06-25,7.714
2009-06-26,7.672
2009-06-29,7.714
2009-06-30,7.702
2009-07-01,7.756
2009-07-02,7.586
2009-07-06,7.466
2009-07-07,7.298
2009-07-08,7.29
2009-07-09,7.344
2009-07-10,7.382
2009-07-13,7.49
2009-07-14,7.522
2009-07-15,7.8
2009-07-16,7.868
2009-07-17,7.9
2009-07-20,7.974
2009-07-21,8.052
2009-07-22,8.068
2009-07-23,8.266
2009-07-24,8.242
2009-07-27,8.172
2009-07-28,8.226
2009-07-29,8.206
2009-07-30,8.116
2009-07-31,8.148
2009-08-03,8.204
2009-08-04,8.258
2009-08-05,8.126
2009-08-06,8.158
2009-08-07,8.32
2009-08-10,8.274
2009-08-11,8.182
2009-08-12,8.384
2009-08-13,8.408
2009-08-14,8.348
2009-08-17,8.07
2009-08-18,8.146
2009-08-19,8.196
2009-08-20,8.262
2009-08-21,8.394
2009-08-24,8.388
2009-08-25,8.366
2009-08-26,8.35
2009-08-27,8.366
2009-08-28,8.302
2009-08-31,8.206
2009-09-01,8.074
2009-09-02,8.052
2009-09-03,8.126
2009-09-04,8.288
2009-09-08,8.378
2009-09-09,8.44
2009-09-10,8.546
2009-09-11,8.6
2009-09-14,8.624
2009-09-15,8.604
2009-09-16,8.638
2009-09-17,8.616
2009-09-18,8.622
2009-09-21,8.592
2009-09-22,8.612
2009-09-23,8.618
2009-09-24,8.59
2009-09-25,8.56
2009-09-28,8.706
2009-09-29,8.696
2009-09-30,8.71
2009-10-01,8.454
2009-10-02,8.436
2009-10-05,8.55
2009-10-06,8.706
2009-10-07,8.708
2009-10-08,8.852
2009-10-09,8.932
2009-10-12,8.932
2009-10-13,8.996
2009-10-14,9.064
2009-10-15,9.088
2009-10-16,9.048
2009-10-19,9.126
2009-10-20,9.02
2009-10-21,8.998
2009-10-22,9.038
2009-10-23,8.982
2009-10-26,8.944
2009-10-27,8.818
2009-10-28,8.596
2009-10-29,8.796
2009-10-30,8.594
2009-11-02,8.58
2009-11-03,8.592
2009-11-04,8.654
2009-11-05,8.818
2009-11-06,8.88
2009-11-09,9.08
2009-11-10,9.04
2009-11-11,9.036
2009-11-12,8.968
2009-11-13,9.086
2009-11-16,9.178
2009-11-17,9.184
2009-11-18,9.102
2009-11-19,8.976
2009-11-20,8.91
2009-11-23,9.044
2009-11-24,8.988
2009-11-25,9.028
2009-11-27,8.866
2009-11-30,8.838
2009-12-01,9
2009-12-02,9.012
2009-12-03,8.946
2009-12-04,9.03
2009-12-07,8.96
2009-12-08,8.856
2009-12-09,8.884
2009-12-10,8.926
2009-12-11,8.914
2009-12-14,9.042
2009-12-15,9.006
2009-12-16,9.078
2009-12-17,8.978
2009-12-18,9.142
2009-12-21,9.224
2009-12-22,9.288
2009-12-23,9.424
2009-12-24,9.494
2009-12-28,9.476
2009-12-29,9.506
2009-12-30,9.494
2009-12-31,9.374
2010-01-04,9.526
2010-01-05,9.534
2010-01-06,9.486
2010-01-07,9.438
2010-01-08,9.5
2010-01-11,9.46
2010-01-12,9.31
2010-01-13,9.426
2010-01-14,9.514
2010-01-15,9.442
2010-01-19,9.542
2010-01-20,9.412
2010-01-21,9.296
2010-01-22,9.036
2010-01-25,9.032
2010-01-26,9.022
2010-01-27,9.052
2010-01-28,8.912
2010-01-29,8.764
2010-02-01,8.86
2010-02-02,8.926
2010-02-03,8.93
2010-02-04,8.662
2010-02-05,8.726
2010-02-08,8.668
2010-02-09,8.726
2010-02-10,8.706
2010-02-11,8.812
2010-02-12,8.804
2010-02-16,8.92
2010-02-17,9.032
2010-02-18,9.118
2010-02-19,9.156
2010-02-22,9.132
2010-02-23,9.042
2010-02-24,9.182
2010-02-25,9.15
2010-02-26,9.136
2010-03-01,9.262
2010-03-02,9.27
2010-03-03,9.308
2010-03-04,9.38
2010-03-05,9.492
2010-03-08,9.518
2010-03-09,9.582
2010-03-10,9.644
2010-03-11,9.686
2010-03-12,9.712
2010-03-15,9.738
2010-03-16,9.762
2010-03-17,9.81
2010-03-18,9.84
2010-03-19,9.752
2010-03-22,9.828
2010-03-23,9.864
2010-03-24,9.85
2010-03-25,9.788
2010-03-26,9.724
2010-03-29,9.724
2010-03-30,9.742
2010-03-31,9.712
2010-04-01,9.7
2010-04-05,9.826
2010-04-06,9.84
2010-04-07,9.776
2010-04-08,9.806
2010-04-09,9.928
2010-04-12,9.958
2010-04-13,9.944
2010-04-14,10.06
2010-04-15,10.022
2010-04-16,9.958
2010-04-19,9.922
2010-04-20,10.082
2010-04-21,10.114
2010-04-22,10.17
2010-04-23,10.192
2010-04-26,10.202
2010-04-27,10.018
2010-04-28,9.996
2010-04-29,10.062
2010-04-30,9.852
2010-05-03,9.954
2010-05-04,9.698
2010-05-05,9.624
2010-05-06,9.33
2010-05-07,9.09
2010-05-10,9.52
2010-05-11,9.526
2010-05-12,9.81
2010-05-13,9.82
2010-05-14,9.566
2010-05-17,9.584
2010-05-18,9.494
2010-05-19,9.364
2010-05-20,9
2010-05-21,9.118
2010-05-24,9.058
2010-05-25,9.014
2010-05-26,8.98
2010-05-27,9.274
2010-05-28,9.186
2010-06-01,9.06
2010-06-02,9.258
2010-06-03,9.44
2010-06-04,9.054
2010-06-07,8.868
2010-06-08,8.868
2010-06-09,8.862
2010-06-10,9.122
2010-06-11,9.248
2010-06-14,9.222
2010-06-15,9.472
2010-06-16,9.456
2010-06-17,9.5
2010-06-18,9.514
2010-06-21,9.446
2010-06-22,9.29
2010-06-23,9.202
2010-06-24,9.054
2010-06-25,9.114
2010-06-28,9.054
2010-06-29,8.698
2010-06-30,8.606
2010-07-01,8.618
2010-07-02,8.614
2010-07-06,8.662
2010-07-07,8.928
2010-07-08,8.956
2010-07-09,9.016
2010-07-12,9.052
2010-07-13,9.256
2010-07-14,9.3
2010-07-15,9.3
2010-07-16,9.042
2010-07-19,9.14
2010-07-20,9.25
2010-07-21,9.106
2010-07-22,9.394
2010-07-23,9.556
2010-07-26,9.652
2010-07-27,9.612
2010-07-28,9.468
2010-07-29,9.406
2010-07-30,9.45
2010-08-02,9.636
2010-08-03,9.548
2010-08-04,9.716
2010-08-05,9.606
2010-08-06,9.6
2010-08-09,9.634
2010-08-10,9.492
2010-08-11,9.212
2010-08-12,9.102
2010-08-13,9.084
2010-08-16,9.08
2010-08-17,9.254
2010-08-18,9.286
2010-08-19,9.372
2010-08-20,9.632
2010-08-23,9.546
2010-08-24,9.472
2010-08-25,9.494
2010-08-26,9.436
2010-08-27,9.608
2010-08-30,9.466
2010-08-31,9.446
2010-09-01,9.74
2010-09-02,9.842
2010-09-03,9.95
2010-09-07,9.926
2010-09-08,10.018
2010-09-09,10.11
2010-09-10,10.138
2010-09-13,10.336
2010-09-14,10.36
2010-09-15,10.384
2010-09-16,10.372
2010-09-17,10.486
2010-09-20,10.672
2010-09-21,10.596
2010-09-22,10.316
2010-09-23,10.292
2010-09-24,10.5
2010-09-27,10.468
2010-09-28,10.504
2010-09-29,10.452
2010-09-30,10.372
2010-10-01,10.418
2010-10-04,10.28
2010-10-05,10.502
2010-10-06,10.206
2010-10-07,10.358
2010-10-08,10.352
2010-10-11,10.286
2010-10-12,10.428
2010-10-13,10.586
2010-10-14,10.558
2010-10-15,10.622
2010-10-18,10.588
2010-10-19,10.41
2010-10-20,10.478
2010-10-21,10.506
2010-10-22,10.702
2010-10-25,10.77
2010-10-26,10.822
2010-10-27,10.884
2010-10-28,10.938
2010-10-29,10.98
2010-11-01,10.964
2010-11-02,11.106
2010-11-03,11.052
2010-11-04,11.184
2010-11-05,11.166
2010-11-08,11.202
2010-11-09,11.162
2010-11-10,11.238
2010-11-11,11.196
2010-11-12,11.026
2010-11-15,10.994
2010-11-16,10.796
2010-11-17,10.858
2010-11-18,11.016
2010-11-19,11.058
2010-11-22,11.174
2010-11-23,10.99
2010-11-24,11.214
2010-11-26,11.194
2010-11-29,11.096
2010-11-30,11.018
2010-12-01,11.298
2010-12-02,11.426
2010-12-03,11.524
2010-12-06,11.512
2010-12-07,11.534
2010-12-08,11.644
2010-12-09,11.62
2010-12-10,11.742
2010-12-13,11.642
2010-12-14,11.622
2010-12-15,11.572
2010-12-16,11.708
2010-12-17,11.746
2010-12-20,11.724
2010-12-21,11.838
2010-12-22,11.786
2010-12-23,11.754
2010-12-27,11.782
2010-12-28,11.744
2010-12-29,11.772
2010-12-30,11.736
2010-12-31,11.684
2011-01-03,11.83
2011-01-04,11.786
2011-01-05,11.924
2011-01-06,11.978
2011-01-07,11.884
2011-01-10,11.938
2011-01-11,11.914
2011-01-12,11.976
2011-01-13,11.98
2011-01-14,12.082
2011-01-18,12.168
2011-01-19,12.074
2011-01-20,11.886
2011-01-21,11.822
2011-01-24,11.844
2011-01-25,11.73
2011-01-26,11.86
2011-01-27,11.9
2011-01-28,11.684
2011-01-31,11.768
2011-02-01,12
2011-02-02,12.126
2011-02-03,12.118
2011-02-04,12.196
2011-02-07,12.26
2011-02-08,12.286
2011-02-09,12.172
2011-02-10,12.306
2011-02-11,12.382
2011-02-14,12.444
2011-02-15,12.37
2011-02-16,12.448
2011-02-17,12.492
2011-02-18,12.574
2011-02-22,12.19
2011-02-23,11.954
2011-02-24,12.03
2011-02-25,12.284
2011-02-28,12.226
2011-03-01,11.926
2011-03-02,11.994
2011-03-03,12.222
2011-03-04,12.172
2011-03-07,11.992
2011-03-08,12.14
2011-03-09,12.148
2011-03-10,11.906
2011-03-11,11.944
2011-03-14,11.87
2011-03-15,11.714
2011-03-16,11.504
2011-03-17,11.51
2011-03-18,11.57
2011-03-21,11.834
2011-03-22,11.782
2011-03-23,11.836
2011-03-24,12.18
2011-03-25,12.196
2011-03-28,12.14
2011-03-29,12.22
2011-03-30,12.338
2011-03-31,12.4
2011-04-01,12.5
2011-04-04,12.516
2011-04-05,12.494
2011-04-06,12.456
2011-04-07,12.434
2011-04-08,12.384
2011-04-11,12.402
2011-04-12,12.27
2011-04-13,12.414
2011-04-14,12.404
2011-04-15,12.474
2011-04-18,12.244
2011-04-19,12.256
2011-04-20,12.594
2011-04-21,12.632
2011-04-25,12.654
2011-04-26,12.694
2011-04-27,12.796
2011-04-28,12.874
2011-04-29,12.892
2011-05-02,12.776
2011-05-03,12.674
2011-05-04,12.52
2011-05-05,12.486
2011-05-06,12.598
2011-05-09,12.698
2011-05-10,12.904
2011-05-11,12.858
2011-05-12,13.078
2011-05-13,12.922
2011-05-16,12.626
2011-05-17,12.64
2011-05-18,12.788
2011-05-19,12.868
2011-05-20,12.882
2011-05-23,12.6
2011-05-24,12.558
2011-05-25,12.63
2011-05-26,12.81
2011-05-27,12.824
2011-05-31,12.982
2011-06-01,12.678
2011-06-02,12.658
2011-06-03,12.432
2011-06-06,12.312
2011-06-07,12.308
2011-06-08,12.134
2011-06-09,12.194
2011-06-10,12.02
2011-06-13,12.01
2011-06-14,12.182
2011-06-15,11.914
2011-06-16,11.846
2011-06-17,11.856
2011-06-20,11.98
2011-06-21,12.284
2011-06-22,12.17
2011-06-23,12.28
2011-06-24,12.102
2011-06-27,12.3
2011-06-28,12.506
2011-06-29,12.554
2011-06-30,12.67
2011-07-01,12.78
2011-07-05,12.834
2011-07-06,12.926
2011-07-07,13.088
2011-07-08,13.052
2011-07-11,12.746
2011-07-12,12.538
2011-07-13,12.55
2011-07-14,12.346
2011-07-15,12.388
2011-07-18,12.222
2011-07-19,12.554
2011-07-20,12.326
2011-07-21,12.288
2011-07-22,12.438
2011-07-25,12.37
2011-07-26,12.374
2011-07-27,11.942
2011-07-28,11.928
2011-07-29,11.818
2011-08-01,11.712
2011-08-02,11.472
2011-08-03,11.62
2011-08-04,11.032
2011-08-05,10.876
2011-08-08,10.046
2011-08-09,10.616
2011-08-10,10.09
2011-08-11,10.566
2011-08-12,10.622
2011-08-15,10.834
2011-08-16,10.656
2011-08-17,10.516
2011-08-18,9.844
2011-08-19,9.646
2011-08-22,9.74
2011-08-23,10.172
2011-08-24,10.264
2011-08-25,10.048
2011-08-26,10.392
2011-08-29,10.82
2011-08-30,10.848
2011-08-31,10.976
2011-09-01,10.796
2011-09-02,10.482
2011-09-06,10.346
2011-09-07,10.712
2011-09-08,10.548
2011-09-09,10.304
2011-09-12,10.46
2011-09-13,10.622
2011-09-14,10.902
2011-09-15,11.094
2011-09-16,11.144
2011-09-19,11.064
2011-09-20,10.85
2011-09-21,10.752
2011-09-22,10.346
2011-09-23,10.516
2011-09-26,10.72
2011-09-27,10.962
2011-09-28,10.71
2011-09-29,10.73
2011-09-30,10.434
2011-10-03,10.05
2011-10-04,10.396
2011-10-05,10.628
2011-10-06,10.91
2011-10-07,10.798
2011-10-10,11.162
2011-10-11,11.256
2011-10-12,11.346
2011-10-13,11.458
2011-10-14,11.668
2011-10-17,11.418
2011-10-18,11.646
2011-10-19,11.438
2011-10-20,11.444
2011-10-21,11.63
2011-10-24,11.948
2011-10-25,11.766
2011-10-26,11.748
2011-10-27,12.204
2011-10-28,12.278
2011-10-31,12.004
2011-11-01,11.632
2011-11-02,11.806
2011-11-03,12.17
2011-11-04,12.13
2011-11-07,12.146
2011-11-08,12.294
2011-11-09,11.662
2011-11-10,11.716
2011-11-11,11.956
2011-11-14,11.938
2011-11-15,12.102
2011-11-16,11.9
2011-11-17,11.554
2011-11-18,11.366
2011-11-21,11.142
2011-11-22,11.024
2011-11-23,10.73
2011-11-25,10.648
2011-11-28,11.102
2011-11-29,11.002
2011-11-30,11.562
2011-12-01,11.538
2011-12-02,11.502
2011-12-05,11.862
2011-12-06,11.802
2011-12-07,11.726
2011-12-08,11.458
2011-12-09,11.754
2011-12-12,11.518
2011-12-13,11.286
2011-12-14,11.02
2011-12-15,11.008
2011-12-16,11.124
2011-12-19,10.884
2011-12-20,11.17
2011-12-21,10.716
2011-12-22,10.828
2011-12-23,10.896
2011-12-27,10.922
2011-12-28,10.756
2011-12-29,10.858
2011-12-30,10.824
2012-01-03,10.9
2012-01-04,10.808
2012-01-05,10.936
2012-01-06,10.974
2012-01-09,10.942
2012-01-10,11.1
2012-01-11,11.172
2012-01-12,11.242
2012-01-13,11.16
2012-01-17,11.208
2012-01-18,11.464
2012-01-19,11.636
2012-01-20,11.726
2012-01-23,11.686
2012-01-24,11.79
2012-01-25,11.872
2012-01-26,11.82
2012-01-27,11.876
2012-01-30,11.82
2012-01-31,11.836
2012-02-01,12.062
2012-02-02,12.144
2012-02-03,12.364
2012-02-06,12.308
2012-02-07,12.36
2012-02-08,12.38
2012-02-09,12.534
2012-02-10,12.352
2012-02-13,12.466
2012-02-14,12.512
2012-02-15,12.434
2012-02-16,12.664
2012-02-17,12.536
2012-02-21,12.454
2012-02-22,12.484
2012-02-23,12.548
2012-02-24,12.694
2012-02-27,12.686
2012-02-28,12.688
2012-02-29,12.604
2012-03-01,12.768
2012-03-02,12.678
2012-03-05,12.546
2012-03-06,12.348
2012-03-07,12.484
2012-03-08,12.668
2012-03-09,12.786
2012-03-12,12.792
2012-03-13,13.088
2012-03-14,12.984
2012-03-15,13.108
2012-03-16,13.046
2012-03-19,13.084
2012-03-20,12.968
2012-03-21,13.05
2012-03-22,12.94
2012-03-23,12.962
2012-03-26,13.214
2012-03-27,13.17
2012-03-28,13.06
2012-03-29,13.188
2012-03-30,13.174
2012-04-02,13.318
2012-04-03,13.272
2012-04-04,13.042
2012-04-05,13.066
2012-04-09,12.878
2012-04-10,12.602
2012-04-11,12.724
2012-04-12,12.924
2012-04-13,12.886
2012-04-16,12.822
2012-04-17,13.05
2012-04-18,13.008
2012-04-19,12.938
2012-04-20,12.908
2012-04-23,12.742
2012-04-24,12.496
2012-04-25,12.738
2012-04-26,13.024
2012-04-27,13.064
2012-04-30,12.972
2012-05-01,13.088
2012-05-02,13.146
2012-05-03,13.014
2012-05-04,12.688
2012-05-07,12.612
2012-05-08,12.506
2012-05-09,12.528
2012-05-10,12.274
2012-05-11,12.37
2012-05-14,12.272
2012-05-15,12.316
2012-05-16,12.168
2012-05-17,11.976
2012-05-18,11.822
2012-05-21,12.116
2012-05-22,12.224
2012-05-23,12.252
2012-05-24,12.076
2012-05-25,12.088
2012-05-29,12.158
2012-05-30,11.964
2012-05-31,11.894
2012-06-01,11.502
2012-06-04,11.552
2012-06-05,11.74
2012-06-06,12.094
2012-06-07,11.982
2012-06-08,12.044
2012-06-11,11.778
2012-06-12,11.862
2012-06-13,11.75
2012-06-14,11.83
2012-06-15,12.138
2012-06-18,12.178
2012-06-19,12.348
2012-06-20,12.344
2012-06-21,11.96
2012-06-22,12.162
2012-06-25,11.896
2012-06-26,12.004
2012-06-27,12.078
2012-06-28,11.902
2012-06-29,12.422
2012-07-02,12.436
2012-07-03,12.566
2012-07-05,12.538
2012-07-06,12.022
2012-07-09,11.83
2012-07-10,11.716
2012-07-11,11.654
2012-07-12,11.564
2012-07-13,11.778
2012-07-16,11.7
2012-07-17,11.728
2012-07-18,12.032
2012-07-19,12.222
2012-07-20,11.962
2012-07-23,11.716
2012-07-24,11.52
2012-07-25,11.642
2012-07-26,11.806
2012-07-27,12.132
2012-07-30,11.934
2012-07-31,11.884
2012-08-01,11.78
2012-08-02,11.758
2012-08-03,12.106
2012-08-06,12.276
2012-08-07,12.448
2012-08-08,12.406
2012-08-09,12.46
2012-08-10,12.506
2012-08-13,12.446
2012-08-14,12.354
2012-08-15,12.486
2012-08-16,12.72
2012-08-17,12.792
2012-08-20,12.692
2012-08-21,12.714
2012-08-22,12.732
2012-08-23,12.66
2012-08-24,12.612
2012-08-27,12.622
2012-08-28,12.618
2012-08-29,12.656
2012-08-30,12.48
2012-08-31,12.596
2012-09-04,12.67
2012-09-05,12.706
2012-09-06,13.064
2012-09-07,13.018
2012-09-10,12.984
2012-09-11,13.012
2012-09-12,13.058
2012-09-13,13.176
2012-09-14,13.308
2012-09-17,13.24
2012-09-18,13.14
2012-09-19,13.146
2012-09-20,13.128
2012-09-21,13.094
2012-09-24,12.948
2012-09-25,12.708
2012-09-26,12.564
2012-09-27,12.768
2012-09-28,12.74
2012-10-01,12.618
2012-10-02,12.668
2012-10-03,12.736
2012-10-04,12.726
2012-10-05,12.622
2012-10-08,12.524
2012-10-09,12.31
2012-10-10,12.256
2012-10-11,12.32
2012-10-12,12.378
2012-10-15,12.452
2012-10-16,12.624
2012-10-17,12.416
2012-10-18,12.342
2012-10-19,12.116
2012-10-22,12.086
2012-10-23,12.134
2012-10-24,12.086
2012-10-25,12.062
2012-10-26,12.058
2012-10-31,12.086
2012-11-01,12.364
2012-11-02,12.284
2012-11-05,12.274
2012-11-06,12.38
2012-11-07,12.108
2012-11-08,11.926
2012-11-09,11.916
2012-11-12,11.842
2012-11-13,11.748
2012-11-14,11.616
2012-11-15,11.658
2012-11-16,11.77
2012-11-19,11.92
2012-11-20,11.82
2012-11-21,12.018
2012-11-23,12.138
2012-11-26,12.146
2012-11-27,12.076
2012-11-28,12.222
2012-11-29,12.316
2012-11-30,12.324
2012-12-03,12.244
2012-12-04,12.276
2012-12-05,12.194
2012-12-06,12.226
2012-12-07,12.24
2012-12-10,12.322
2012-12-11,12.536
2012-12-12,12.482
2012-12-13,12.406
2012-12-14,12.486
2012-12-17,12.624
2012-12-18,12.798
2012-12-19,12.806
2012-12-20,12.776
2012-12-21,12.74
2012-12-24,12.696
2012-12-26,12.596
2012-12-27,12.566
2012-12-28,12.494
2012-12-31,12.606
2013-01-02,12.988
2013-01-03,12.82
2013-01-04,12.9
2013-01-07,12.846
2013-01-08,12.846
2013-01-09,12.98
2013-01-10,13.018
2013-01-11,13.102
2013-01-14,13.138
2013-01-15,13.172
2013-01-16,13.088
2013-01-17,13.15
2013-01-18,13.122
2013-01-22,13.054
2013-01-23,13.188
2013-01-24,13.264
2013-01-25,13.504
2013-01-28,13.552
2013-01-29,13.352
2013-01-30,13.262
2013-01-31,13.346
2013-02-01,13.52
2013-02-04,13.316
2013-02-05,13.44
2013-02-06,13.414
2013-02-07,13.342
2013-02-08,13.412
2013-02-11,13.39
2013-02-12,13.464
2013-02-13,13.406
2013-02-14,13.428
2013-02-15,13.482
2013-02-19,13.584
2013-02-20,13.426
2013-02-21,13.254
2013-02-22,13.44
2013-02-25,13.216
2013-02-26,13.228
2013-02-27,13.416
2013-02-28,13.41
2013-03-01,13.556
2013-03-04,13.718
2013-03-05,13.894
2013-03-06,13.964
2013-03-07,14.004
2013-03-08,14.02
2013-03-11,14.05
2013-03-12,13.976
2013-03-13,14.012
2013-03-14,14.122
2013-03-15,14.01
2013-03-18,13.902
2013-03-19,13.742
2013-03-20,13.892
2013-03-21,13.748
2013-03-22,13.762
2013-03-25,13.606
2013-03-26,13.664
2013-03-27,13.744
2013-03-28,13.882
2013-04-01,13.704
2013-04-02,13.742
2013-04-03,13.528
2013-04-04,13.514
2013-04-05,13.384
2013-04-08,13.406
2013-04-09,13.47
2013-04-10,13.748
2013-04-11,13.616
2013-04-12,13.618
2013-04-15,13.35
2013-04-16,13.57
2013-04-17,13.336
2013-04-18,13.178
2013-04-19,13.23
2013-04-22,13.302
2013-04-23,13.454
2013-04-24,13.546
2013-04-25,13.488
2013-04-26,13.518
2013-04-29,13.66
2013-04-30,13.638
2013-05-01,13.554
2013-05-02,13.708
2013-05-03,13.876
2013-05-06,13.932
2013-05-07,13.918
2013-05-08,13.95
2013-05-09,13.844
2013-05-10,14.012
2013-05-13,13.928
2013-05-14,14.086
2013-05-15,14.162
2013-05-16,14.234
2013-05-17,14.334
2013-05-20,14.27
2013-05-21,14.238
2013-05-22,13.984
2013-05-23,13.954
2013-05-24,13.852
2013-05-28,14.008
2013-05-29,13.94
2013-05-30,14.06
2013-05-31,13.9
2013-06-03,13.87
2013-06-04,13.718
2013-06-05,13.596
2013-06-06,13.7
2013-06-07,13.912
2013-06-10,13.83
2013-06-11,13.636
2013-06-12,13.558
2013-06-13,13.686
2013-06-14,13.58
2013-06-17,13.754
2013-06-18,13.822
2013-06-19,13.78
2013-06-20,13.476
2013-06-21,13.338
2013-06-24,13.176
2013-06-25,13.274
2013-06-26,13.424
2013-06-27,13.65
2013-06-28,13.596
2013-07-01,13.672
2013-07-02,13.62
2013-07-03,13.7
2013-07-05,13.912
2013-07-08,13.898
2013-07-09,13.99
2013-07-10,14.096
2013-07-11,14.406
2013-07-12,14.456
2013-07-15,14.492
2013-07-16,14.452
2013-07-17,14.492
2013-07-18,14.504
2013-07-19,14.344
2013-07-22,14.334
2013-07-23,14.366
2013-07-24,14.468
2013-07-25,14.51
2013-07-26,14.472
2013-07-29,14.44
2013-07-30,14.538
2013-07-31,14.664
2013-08-01,14.888
2013-08-02,14.866
2013-08-05,14.894
2013-08-06,14.8
2013-08-07,14.756
2013-08-08,14.894
2013-08-09,14.88
2013-08-12,14.958
2013-08-13,15
2013-08-14,14.968
2013-08-15,14.668
2013-08-16,14.638
2013-08-19,14.518
2013-08-20,14.598
2013-08-21,14.548
2013-08-22,14.74
2013-08-23,14.842
2013-08-26,14.83
2013-08-27,14.506
2013-08-28,14.52
2013-08-29,14.646
2013-08-30,14.68
2013-09-03,14.72
2013-09-04,14.776
2013-09-05,14.784
2013-09-06,14.762
2013-09-09,14.968
2013-09-10,15.146
2013-09-11,15.202
2013-09-12,15.134
2013-09-13,15.124
2013-09-16,15.198
2013-09-17,15.264
2013-09-18,15.544
2013-09-19,15.594
2013-09-20,15.55
2013-09-23,15.424
2013-09-24,15.27
2013-09-25,15.318
2013-09-26,15.404
2013-09-27,15.336
2013-09-30,15.256
2013-10-01,15.364
2013-10-02,15.396
2013-10-03,15.186
2013-10-04,15.374
2013-10-07,15.178
2013-10-08,14.838
2013-10-09,14.77
2013-10-10,15.032
2013-10-11,15.16
2013-10-14,15.218
2013-10-15,14.978
2013-10-16,15.128
2013-10-17,15.21
2013-10-18,15.34
2013-10-21,15.402
2013-10-22,15.4
2013-10-23,15.228
2013-10-24,15.27
2013-10-25,15.314
2013-10-28,15.288
2013-10-29,15.332
2013-10-30,15.274
2013-10-31,15.258
2013-11-01,15.264
2013-11-04,15.424
2013-11-05,15.402
2013-11-06,15.562
2013-11-07,15.33
2013-11-08,15.522
2013-11-11,15.604
2013-11-12,15.66
2013-11-13,15.816
2013-11-14,15.746
2013-11-15,15.8
2013-11-18,15.676
2013-11-19,15.466
2013-11-20,15.506
2013-11-21,15.682
2013-11-22,15.798
2013-11-25,15.698
2013-11-26,15.674
2013-11-27,15.716
2013-11-29,15.734
2013-12-02,15.626
2013-12-03,15.608
2013-12-04,15.718
2013-12-05,15.626
2013-12-06,15.826
2013-12-09,15.828
2013-12-10,15.734
2013-12-11,15.44
2013-12-12,15.334
2013-12-13,15.58
2013-12-16,15.622
2013-12-17,15.666
2013-12-18,15.878
2013-12-19,15.902
2013-12-20,16.124
2013-12-23,16.234
2013-12-24,16.288
2013-12-26,16.312
2013-12-27,16.298
2013-12-30,16.368
2013-12-31,16.414
2014-01-02,16.312
2014-01-03,16.316
2014-01-06,16.204
2014-01-07,16.438
2014-01-08,16.482
2014-01-09,16.41
2014-01-10,16.494
2014-01-13,16.23
2014-01-14,16.494
2014-01-15,16.768
2014-01-16,16.768
2014-01-17,16.76
2014-01-21,16.774
2014-01-22,16.808
2014-01-23,16.714
2014-01-24,16.418
2014-01-27,16.134
2014-01-28,16.374
2014-01-29,16.218
2014-01-30,16.498
2014-01-31,16.416
2014-02-03,15.94
2014-02-04,16.066
2014-02-05,16.098
2014-02-06,16.2
2014-02-07,16.492
2014-02-10,16.516
2014-02-11,16.646
2014-02-12,16.708
2014-02-13,16.97
2014-02-14,16.978
2014-02-18,17.096
2014-02-19,17
2014-02-20,17.16
2014-02-21,17.226
2014-02-24,17.282
2014-02-25,17.228
2014-02-26,17.32
2014-02-27,17.554
2014-02-28,17.338
2014-03-03,17.144
2014-03-04,17.548
2014-03-05,17.564
2014-03-06,17.516
2014-03-07,17.31
2014-03-10,17.206
2014-03-11,17.168
2014-03-12,17.238
2014-03-13,16.906
2014-03-14,16.872
2014-03-17,17.056
2014-03-18,17.328
2014-03-19,17.15
2014-03-20,17.254
2014-03-21,16.854
2014-03-24,16.712
2014-03-25,16.672
2014-03-26,16.384
2014-03-27,16.39
2014-03-28,16.4
2014-03-31,16.652
2014-04-01,16.932
2014-04-02,16.852
2014-04-03,16.454
2014-04-04,16.128
2014-04-07,15.92
2014-04-08,16.084
2014-04-09,16.38
2014-04-10,15.816
2014-04-11,15.52
2014-04-14,15.69
2014-04-15,15.862
2014-04-16,16.054
2014-04-17,16.142
2014-04-21,16.162
2014-04-22,16.284
2014-04-23,16.076
2014-04-24,16.022
2014-04-25,15.746
2014-04-28,15.552
2014-04-29,15.704
2014-04-30,15.866
2014-05-01,15.902
2014-05-02,15.892
2014-05-05,15.886
2014-05-06,15.646
2014-05-07,15.67
2014-05-08,15.616
2014-05-09,15.692
2014-05-12,16.09
2014-05-13,15.956
2014-05-14,15.864
2014-05-15,15.796
2014-05-16,15.968
2014-05-19,16.164
2014-05-20,16.044
2014-05-21,16.08
2014-05-22,16.234
2014-05-23,16.382
2014-05-27,16.536
2014-05-28,16.368
2014-05-29,16.522
2014-05-30,16.334
2014-06-02,16.258
2014-06-03,16.154
2014-06-04,16.16
2014-06-05,16.346
2014-06-06,16.564
2014-06-09,16.594
2014-06-10,16.608
2014-06-11,16.638
2014-06-12,16.506
2014-06-13,16.668
2014-06-16,16.798
2014-06-17,16.998
2014-06-18,17.19
2014-06-19,17.176
2014-06-20,17.098
2014-06-23,17.176
2014-06-24,17.056
2014-06-25,17.132
2014-06-26,17.104
2014-06-27,17.174
2014-06-30,17.2
2014-07-01,17.398
2014-07-02,17.342
2014-07-03,17.412
2014-07-07,17.202
2014-07-08,16.868
2014-07-09,16.866
2014-07-10,16.846
2014-07-11,16.838
2014-07-14,16.974
2014-07-15,16.892
2014-07-16,16.964
2014-07-17,16.832
2014-07-18,17.014
2014-07-21,16.976
2014-07-22,17.098
2014-07-23,17.026
2014-07-24,17.2
2014-07-25,17.172
2014-07-28,17.146
2014-07-29,17.172
2014-07-30,17.35
2014-07-31,16.968
2014-08-01,16.786
2014-08-04,16.956
2014-08-05,16.93
2014-08-06,16.92
2014-08-07,16.856
2014-08-08,16.956
2014-08-11,17.084
2014-08-12,16.992
2014-08-13,17.166
2014-08-14,17.206
2014-08-15,17.15
2014-08-18,17.358
2014-08-19,17.498
2014-08-20,17.446
2014-08-21,17.532
2014-08-22,17.65
2014-08-25,17.566
2014-08-26,17.644
2014-08-27,17.574
2014-08-28,17.492
2014-08-29,17.666
2014-09-02,17.806
2014-09-03,17.802
2014-09-04,17.746
2014-09-05,17.884
2014-09-08,17.936
2014-09-09,17.796
2014-09-10,17.908
2014-09-11,17.998
2014-09-12,17.774
2014-09-15,17.512
2014-09-16,17.628
2014-09-17,17.518
2014-09-18,17.664
2014-09-19,17.576
2014-09-22,17.398
2014-09-23,17.276
2014-09-24,17.452
2014-09-25,17.108
2014-09-26,17.232
2014-09-29,17.312
2014-09-30,17.296
2014-10-01,17.026
2014-10-02,17.122
2014-10-03,17.364
2014-10-06,17.33
2014-10-07,16.99
2014-10-08,17.314
2014-10-09,16.992
2014-10-10,16.426
2014-10-13,16.208
2014-10-14,16.202
2014-10-15,16.276
2014-10-16,16.258
2014-10-17,16.558
2014-10-20,16.656
2014-10-21,17.014
2014-10-22,16.708
2014-10-23,16.998
2014-10-24,17.306
2014-10-27,17.268
2014-10-28,17.616
2014-10-29,17.536
2014-10-30,17.702
2014-10-31,17.992
2014-11-03,18.012
2014-11-04,18.036
2014-11-05,18.034
2014-11-06,18.242
2014-11-07,18.324
2014-11-10,18.418
2014-11-11,18.426
2014-11-12,18.4
2014-11-13,18.414
2014-11-14,18.478
2014-11-17,18.358
2014-11-18,18.41
2014-11-19,18.226
2014-11-20,18.214
2014-11-21,18.34
2014-11-24,18.396
2014-11-25,18.444
2014-11-26,18.542
2014-11-28,18.588
2014-12-01,18.476
2014-12-02,18.476
2014-12-03,18.554
2014-12-04,18.556
2014-12-05,18.586
2014-12-08,18.278
2014-12-09,18.306
2014-12-10,17.944
2014-12-11,17.962
2014-12-12,17.91
2014-12-15,17.876
2014-12-16,17.64
2014-12-17,18.018
2014-12-18,18.642
2014-12-19,18.806
2014-12-22,18.85
2014-12-23,18.992
2014-12-24,19.02
2014-12-26,19.044
2014-12-29,18.896
2014-12-30,18.704
2014-12-31,18.56
2015-01-02,18.462
2015-01-05,18.234
2015-01-06,17.918
2015-01-07,18.028
2015-01-08,18.412
2015-01-09,18.234
2015-01-12,18.146
2015-01-13,18.098
2015-01-14,17.996
2015-01-15,17.708
2015-01-16,18.138
2015-01-20,18.186
2015-01-21,18.14
2015-01-22,18.476
2015-01-23,18.624
2015-01-26,18.65
2015-01-27,18.222
2015-01-28,17.99
2015-01-29,18.24
2015-01-30,17.904
2015-02-02,18.1
2015-02-03,18.404
2015-02-04,18.456
2015-02-05,18.73
2015-02-06,18.61
2015-02-09,18.516
2015-02-10,18.704
2015-02-11,18.744
2015-02-12,19.05
2015-02-13,19.314
2015-02-17,19.278
2015-02-18,19.36
2015-02-19,19.424
2015-02-20,19.62
2015-02-23,19.462
2015-02-24,19.486
2015-02-25,19.572
2015-02-26,19.748
2015-02-27,19.662
2015-03-02,19.738
2015-03-03,19.492
2015-03-04,19.272
2015-03-05,19.418
2015-03-06,19.098
2015-03-09,19.21
2015-03-10,18.808
2015-03-11,18.772
2015-03-12,18.98
2015-03-13,19.008
2015-03-16,19.276
2015-03-17,19.296
2015-03-18,19.514
2015-03-19,19.54
2015-03-20,19.628
2015-03-23,19.56
2015-03-24,19.456
2015-03-25,18.944
2015-03-26,19.042
2015-03-27,19.158
2015-03-30,19.338
2015-03-31,19.22
2015-04-01,19.122
2015-04-02,19.192
2015-04-06,19.394
2015-04-07,19.446
2015-04-08,19.544
2015-04-09,19.582
2015-04-10,19.71
2015-04-13,19.502
2015-04-14,19.442
2015-04-15,19.618
2015-04-16,19.636
2015-04-17,19.218
2015-04-20,19.47
2015-04-21,19.618
2015-04-22,19.78
2015-04-23,19.954
2015-04-24,20.078
2015-04-27,20.014
2015-04-28,20.066
2015-04-29,20.258
2015-04-30,19.948
2015-05-01,20.054
2015-05-04,20.038
2015-05-05,19.872
2015-05-06,19.8
2015-05-07,19.916
2015-05-08,20.176
2015-05-11,20.134
2015-05-12,20.082
2015-05-13,20.186
2015-05-14,20.506
2015-05-15,20.352
2015-05-18,20.454
2015-05-19,20.43
2015-05-20,20.404
2015-05-21,20.5
2015-05-22,20.512
2015-05-26,20.276
2015-05-27,20.476
2015-05-28,20.386
2015-05-29,20.182
2015-06-01,20.26
2015-06-02,20.256
2015-06-03,20.438
2015-06-04,20.174
2015-06-05,20.332
2015-06-08,20.072
2015-06-09,20.028
2015-06-10,20.368
2015-06-11,20.392
2015-06-12,20.34
2015-06-15,20.18
2015-06-16,20.406
2015-06-17,20.476
2015-06-18,20.618
2015-06-19,20.508
2015-06-22,20.622
2015-06-23,20.684
2015-06-24,20.482
2015-06-25,20.516
2015-06-26,20.318
2015-06-29,19.848
2015-06-30,19.894
2015-07-01,19.952
2015-07-02,19.92
2015-07-06,19.818
2015-07-07,19.96
2015-07-08,19.816
2015-07-09,20.034
2015-07-10,20.178
2015-07-13,20.346
2015-07-14,20.456
2015-07-15,20.4
2015-07-16,20.578
2015-07-17,20.48
2015-07-20,20.508
2015-07-21,20.43
2015-07-22,20.374
2015-07-23,20.36
2015-07-24,20.368
2015-07-27,20.028
2015-07-28,20.244
2015-07-29,20.376
2015-07-30,20.498
2015-07-31,20.494
2015-08-03,20.408
2015-08-04,20.49
2015-08-05,20.734
2015-08-06,20.342
2015-08-07,20.434
2015-08-10,20.668
2015-08-11,20.452
2015-08-12,20.478
2015-08-13,20.496
2015-08-14,20.686
2015-08-17,20.892
2015-08-18,20.776
2015-08-19,20.618
2015-08-20,19.884
2015-08-21,19.208
2015-08-24,18.34
2015-08-25,18.176
2015-08-26,18.858
2015-08-27,19.198
2015-08-28,19.256
2015-08-31,19.034
2015-09-01,18.486
2015-09-02,18.806
2015-09-03,18.926
2015-09-04,18.686
2015-09-08,19.306
2015-09-09,18.992
2015-09-10,19.158
2015-09-11,19.274
2015-09-14,19.208
2015-09-15,19.47
2015-09-16,19.592
2015-09-17,19.492
2015-09-18,19.36
2015-09-21,19.576
2015-09-22,19.422
2015-09-23,19.462
2015-09-24,19.382
2015-09-25,19.32
2015-09-28,18.782
2015-09-29,18.638
2015-09-30,18.928
2015-10-01,19.158
2015-10-02,19.386
2015-10-05,19.73
2015-10-06,19.65
2015-10-07,19.656
2015-10-08,19.74
2015-10-09,19.974
2015-10-12,20
2015-10-13,19.868
2015-10-14,19.746
2015-10-15,20.108
2015-10-16,20.3
2015-10-19,20.28
2015-10-20,20.174
2015-10-21,19.882
2015-10-22,20.42
2015-10-23,20.626
2015-10-26,20.684
2015-10-27,20.566
2015-10-28,20.926
2015-10-29,20.722
2015-10-30,20.674
2015-11-02,20.892
2015-11-03,21.014
2015-11-04,21.188
2015-11-05,21.066
2015-11-06,21.222
2015-11-09,20.946
2015-11-10,20.92
2015-11-11,20.916
2015-11-12,20.792
2015-11-13,20.396
2015-11-16,20.574
2015-11-17,20.688
2015-11-18,20.874
2015-11-19,21.116
2015-11-20,21.138
2015-11-23,21.06
2015-11-24,21.07
2015-11-25,21.126
2015-11-27,21.162
2015-11-30,21.106
2015-12-01,21.344
2015-12-02,21.218
2015-12-03,20.814
2015-12-04,21.31
2015-12-07,21.05
2015-12-08,21.146
2015-12-09,20.738
2015-12-10,20.74
2015-12-11,20.382
2015-12-14,20.518
2015-12-15,20.768
2015-12-16,21.084
2015-12-17,20.814
2015-12-18,20.426
2015-12-21,20.488
2015-12-22,20.688
2015-12-23,20.882
2015-12-24,20.872
2015-12-28,20.908
2015-12-29,21.122
2015-12-30,21.024
2015-12-31,20.762
2016-01-04,20.324
2016-01-05,20.31
2016-01-06,20.07
2016-01-07,19.556
2016-01-08,19.32
2016-01-11,19.392
2016-01-12,19.578
2016-01-13,18.962
2016-01-14,19.3
2016-01-15,18.91
2016-01-19,18.744
2016-01-20,18.684
2016-01-21,18.678
2016-01-22,19.156
2016-01-25,18.75
2016-01-26,18.95
2016-01-27,18.55
2016-01-28,18.504
2016-01-29,18.98
2016-02-01,19.062
2016-02-02,18.442
2016-02-03,18.572
2016-02-04,18.596
2016-02-05,17.38
2016-02-08,16.766
2016-02-09,16.744
2016-02-10,17.032
2016-02-11,16.954
2016-02-12,17.182
2016-02-16,17.486
2016-02-17,18.048
2016-02-18,17.83
2016-02-19,18.08
2016-02-22,18.398
2016-02-23,18.108
2016-02-24,18.242
2016-02-25,18.716
2016-02-26,18.708
2016-02-29,18.586
2016-03-01,19.272
2016-03-02,19.252
2016-03-03,19.25
2016-03-04,19.234
2016-03-07,19.224
2016-03-08,19.05
2016-03-09,19.252
2016-03-10,19.122
2016-03-11,19.464
2016-03-14,19.51
2016-03-15,19.452
2016-03-16,19.736
2016-03-17,19.806
2016-03-18,19.94
2016-03-21,19.94
2016-03-22,19.972
2016-03-23,19.586
2016-03-24,19.668
2016-03-28,19.626
2016-03-29,19.936
2016-03-30,20.076
2016-03-31,20.134
2016-04-01,20.298
2016-04-04,20.268
2016-04-05,20.04
2016-04-06,20.26
2016-04-07,19.95
2016-04-08,20.014
2016-04-11,19.842
2016-04-12,19.798
2016-04-13,20.242
2016-04-14,20.21
2016-04-15,20.276
2016-04-18,20.492
2016-04-19,20.404
2016-04-20,20.472
2016-04-21,20.658
2016-04-22,20.424
2016-04-25,20.44
2016-04-26,20.446
2016-04-27,20.446
2016-04-28,20.126
2016-04-29,20.078
2016-05-02,20.298
2016-05-03,19.936
2016-05-04,19.762
2016-05-05,19.74
2016-05-06,19.846
2016-05-09,19.908
2016-05-10,20.208
2016-05-11,20.248
2016-05-12,20.296
2016-05-13,20.292
2016-05-16,20.562
2016-05-17,20.28
2016-05-18,20.396
2016-05-19,20.33
2016-05-20,20.546
2016-05-23,20.572
2016-05-24,21.062
2016-05-25,21.064
2016-05-26,21.086
2016-05-27,21.208
2016-05-31,21.238
2016-06-01,21.33
2016-06-02,21.362
2016-06-03,21.252
2016-06-06,21.39
2016-06-07,21.444
2016-06-08,21.478
2016-06-09,21.39
2016-06-10,21.094
2016-06-13,20.978
2016-06-14,21.004
2016-06-15,21.066
2016-06-16,21.12
2016-06-17,20.988
2016-06-20,21.268
2016-06-21,21.41
2016-06-22,21.136
2016-06-23,21.574
2016-06-24,20.51
2016-06-27,19.874
2016-06-28,20.24
2016-06-29,20.728
2016-06-30,21.034
2016-07-01,21.04
2016-07-05,20.904
2016-07-06,21.018
2016-07-07,21.074
2016-07-08,21.498
2016-07-11,21.644
2016-07-12,21.894
2016-07-13,21.79
2016-07-14,21.858
2016-07-15,21.834
2016-07-18,21.84
2016-07-19,21.738
2016-07-20,22.01
2016-07-21,21.768
2016-07-22,22.038
2016-07-25,22.072
2016-07-26,22.07
2016-07-27,21.982
2016-07-28,22.104
2016-07-29,22.054
2016-08-01,22.042
2016-08-02,21.748
2016-08-03,21.902
2016-08-04,21.968
2016-08-05,22.218
2016-08-08,22.168
2016-08-09,22.216
2016-08-10,22.208
2016-08-11,22.372
2016-08-12,22.326
2016-08-15,22.42
2016-08-16,22.214
2016-08-17,22.12
2016-08-18,22.272
2016-08-19,22.364
2016-08-22,22.294
2016-08-23,22.518
2016-08-24,22.404
2016-08-25,22.542
2016-08-26,22.562
2016-08-29,22.622
2016-08-30,22.586
2016-08-31,22.514
2016-09-01,22.554
2016-09-02,22.722
2016-09-06,22.782
2016-09-07,22.764
2016-09-08,22.638
2016-09-09,22.142
2016-09-12,22.396
2016-09-13,22.064
2016-09-14,22.104
2016-09-15,22.42
2016-09-16,22.212
2016-09-19,22.228
2016-09-20,22.228
2016-09-21,22.668
2016-09-22,22.788
2016-09-23,22.596
2016-09-26,22.434
2016-09-27,22.678
2016-09-28,22.804
2016-09-29,22.57
2016-09-30,22.708
2016-10-03,22.62
2016-10-04,22.66
2016-10-05,22.65
2016-10-06,22.644
2016-10-07,22.53
2016-10-10,22.742
2016-10-11,22.3
2016-10-12,22.254
2016-10-13,22.13
2016-10-14,22.286
2016-10-17,22.172
2016-10-18,22.348
2016-10-19,22.354
2016-10-20,22.336
2016-10-21,22.492
2016-10-24,22.786
2016-10-25,22.62
2016-10-26,22.48
2016-10-27,22.37
2016-10-28,22.424
2016-10-31,22.486
2016-11-01,22.364
2016-11-02,22.1
2016-11-03,22.11
2016-11-04,21.982
2016-11-07,22.53
2016-11-08,22.546
2016-11-09,22.52
2016-11-10,22.156
2016-11-11,22.324
2016-11-14,22.034
2016-11-15,22.296
2016-11-16,22.484
2016-11-17,22.832
2016-11-18,22.742
2016-11-21,22.778
2016-11-22,22.754
2016-11-23,22.66
2016-11-25,22.714
2016-11-28,22.604
2016-11-29,22.698
2016-11-30,22.362
2016-12-01,21.616
2016-12-02,21.588
2016-12-05,22.026
2016-12-06,22.05
2016-12-07,22.394
2016-12-08,22.464
2016-12-09,22.452
2016-12-12,22.384
2016-12-13,22.616
2016-12-14,22.448
2016-12-15,22.456
2016-12-16,22.186
2016-12-19,22.306
2016-12-20,22.352
2016-12-21,22.278
2016-12-22,21.99
2016-12-23,22.084
2016-12-27,22.148
2016-12-28,21.922
2016-12-29,21.938
2016-12-30,21.77
2017-01-03,22
2017-01-04,22.318
2017-01-05,22.364
2017-01-06,22.586
2017-01-09,22.586
2017-01-10,22.608
2017-01-11,22.894
2017-01-12,22.838
2017-01-13,22.948
2017-01-17,22.714
2017-01-18,22.818
2017-01-19,22.806
2017-01-20,22.958
2017-01-23,22.954
2017-01-24,23.28
2017-01-25,23.46
2017-01-26,23.344
2017-01-27,23.454
2017-01-30,23.394
2017-01-31,23.434
2017-02-01,23.292
2017-02-02,23.474
2017-02-03,23.728
2017-02-06,23.656
2017-02-07,23.724
2017-02-08,23.654
2017-02-09,23.952
2017-02-10,24.296
2017-02-13,24.348
2017-02-14,24.362
2017-02-15,24.524
2017-02-16,24.548
2017-02-17,24.676
2017-02-21,24.79
2017-02-22,24.744
2017-02-23,24.752
2017-02-24,24.888
2017-02-27,24.796
2017-02-28,24.558
2017-03-01,24.97
2017-03-02,24.782
2017-03-03,24.784
2017-03-06,24.754
2017-03-07,24.766
2017-03-08,24.864
2017-03-09,24.838
2017-03-10,24.99
2017-03-13,25.168
2017-03-14,25.034
2017-03-15,25.192
2017-03-16,25.324
2017-03-17,25.37
2017-03-20,25.31
2017-03-21,24.838
2017-03-22,25.002
2017-03-23,24.99
2017-03-24,25.028
2017-03-27,25.026
2017-03-28,25.168
2017-03-29,25.29
2017-03-30,25.276
2017-03-31,25.294
2017-04-03,25.174
2017-04-04,25.132
2017-04-05,25.124
2017-04-06,25.194
2017-04-07,25.198
2017-04-10,25.186
2017-04-11,25.234
2017-04-12,25.11
2017-04-13,25.034
2017-04-17,25.242
2017-04-18,25.342
2017-04-19,25.398
2017-04-20,25.554
2017-04-21,25.578
2017-04-24,25.892
2017-04-25,25.962
2017-04-26,25.908
2017-04-27,26.126
2017-04-28,26.13
2017-05-01,26.32
2017-05-02,26.336
2017-05-03,26.294
2017-05-04,26.446
2017-05-05,26.66
2017-05-08,26.612
2017-05-09,26.616
2017-05-10,26.958
2017-05-11,26.798
2017-05-12,26.818
2017-05-15,27.12
2017-05-16,27.23
2017-05-17,26.404
2017-05-18,26.456
2017-05-19,26.76
2017-05-22,27.14
2017-05-23,27.218
2017-05-24,27.52
2017-05-25,27.814
2017-05-26,27.7
2017-05-30,27.76
2017-05-31,27.706
2017-06-01,27.902
2017-06-02,28.154
2017-06-05,28.176
2017-06-06,28.12
2017-06-07,28.164
2017-06-08,28.154
2017-06-09,27.256
2017-06-12,27.1
2017-06-13,27.35
2017-06-14,27.226
2017-06-15,27.136
2017-06-16,27.166
2017-06-19,27.582
2017-06-20,27.408
2017-06-21,27.8
2017-06-22,28.118
2017-06-23,28.25
2017-06-26,28.11
2017-06-27,27.586
2017-06-28,27.868
2017-06-29,27.344
2017-06-30,27.356
2017-07-03,26.972
2017-07-05,27.3
2017-07-06,27.092
2017-07-07,27.496
2017-07-10,27.646
2017-07-11,27.706
2017-07-12,28.282
2017-07-13,28.16
2017-07-14,28.302
2017-07-17,28.308
2017-07-18,28.414
2017-07-19,28.67
2017-07-20,28.684
2017-07-21,28.57
2017-07-24,28.718
2017-07-25,28.848
2017-07-26,29.03
2017-07-27,28.55
2017-07-28,28.52
2017-07-31,28.43
2017-08-01,28.526
2017-08-02,28.16
2017-08-03,28.328
2017-08-04,28.312
2017-08-07,28.31
2017-08-08,28.146
2017-08-09,28.09
2017-08-10,27.53
2017-08-11,27.816
2017-08-14,28.264
2017-08-15,28.28
2017-08-16,28.576
2017-08-17,28.072
2017-08-18,28.06
2017-08-21,28.224
2017-08-22,28.712
2017-08-23,28.584
2017-08-24,28.638
2017-08-25,28.706
2017-08-28,28.744
2017-08-29,28.796
2017-08-30,29.204
2017-08-31,29.462
2017-09-01,29.444
2017-09-05,29.344
2017-09-06,29.212
2017-09-07,29.522
2017-09-08,29.466
2017-09-11,29.84
2017-09-12,29.806
2017-09-13,29.694
2017-09-14,29.636
2017-09-15,29.388
2017-09-18,29.44
2017-09-19,29.484
2017-09-20,29.33
2017-09-21,29.128
2017-09-22,29.236
2017-09-25,28.71
2017-09-26,28.694
2017-09-27,29.014
2017-09-28,29.018
2017-09-29,29.252
2017-10-02,29.294
2017-10-03,29.412
2017-10-04,29.484
2017-10-05,29.748
2017-10-06,29.924
2017-10-09,29.764
2017-10-10,29.7
2017-10-11,29.752
2017-10-12,29.946
2017-10-13,30.024
2017-10-16,29.944
2017-10-17,29.932
2017-10-18,29.944
2017-10-19,30.326
2017-10-20,30.648
2017-10-23,30.49
2017-10-24,30.576
2017-10-25,30.502
2017-10-26,30.722
2017-10-27,31.186
2017-10-30,31.14
2017-10-31,31.296
2017-11-01,31.124
2017-11-02,31.234
2017-11-03,31.268
2017-11-06,31.072
2017-11-07,31.002
2017-11-08,31.506
2017-11-09,31.072
2017-11-10,31.174
2017-11-13,31.214
2017-11-14,31.23
2017-11-15,30.994
2017-11-16,31.438
2017-11-17,31.49
2017-11-20,31.552
2017-11-21,31.742
2017-11-22,31.612
2017-11-24,31.836
2017-11-27,31.784
2017-11-28,31.964
2017-11-29,30.822
2017-11-30,31.16
2017-12-01,31.026
2017-12-04,29.976
2017-12-05,30.054
2017-12-06,30.442
2017-12-07,30.694
2017-12-08,30.834
2017-12-11,31.104
2017-12-12,31.016
2017-12-13,31.098
2017-12-14,31.104
2017-12-15,31.498
2017-12-18,31.48
2017-12-19,31.282
2017-12-20,31.152
2017-12-21,31.126
2017-12-22,30.99
2017-12-26,30.9
2017-12-27,30.946
2017-12-28,31.018
2017-12-29,30.914
2018-01-02,31.258
2018-01-03,31.638
2018-01-04,31.884
2018-01-05,32.21
2018-01-08,32.39
2018-01-09,32.386
2018-01-10,32.386
2018-01-11,32.704
2018-01-12,33.052
2018-01-16,32.63
2018-01-17,33.086
2018-01-18,33.172
2018-01-19,33.398
2018-01-22,33.674
2018-01-23,33.816
2018-01-24,33.622
2018-01-25,33.636
2018-01-26,34.208
2018-01-29,33.806
2018-01-30,33.48
2018-01-31,34.032
2018-02-01,33.924
2018-02-02,33.252
2018-02-05,32.222
2018-02-06,32.74
2018-02-07,32.68
2018-02-08,31.194
2018-02-09,31.828
2018-02-12,32.322
2018-02-13,32.522
2018-02-14,33.124
2018-02-15,33.948
2018-02-16,33.884
2018-02-20,34.066
2018-02-21,33.832
2018-02-22,33.726
2018-02-23,34.408
2018-02-26,34.728
2018-02-27,34.432
2018-02-28,34.318
2018-03-01,34.028
2018-03-02,34.71
2018-03-05,35.042
2018-03-06,35.168
2018-03-07,35.744
2018-03-08,35.996
2018-03-09,36.456
2018-03-12,36.398
2018-03-13,36.014
2018-03-14,36.026
2018-03-15,35.988
2018-03-16,35.886
2018-03-19,35.474
2018-03-20,35.482
2018-03-21,35.352
2018-03-22,34.506
2018-03-23,33.67
2018-03-26,34.97
2018-03-27,33.718
2018-03-28,33.32
2018-03-29,33.94
2018-04-02,33.17
2018-04-03,33.48
2018-04-04,34.102
2018-04-05,34.162
2018-04-06,33.414
2018-04-09,33.654
2018-04-10,34.358
2018-04-11,34.226
2018-04-12,34.744
2018-04-13,34.4
2018-04-16,34.792
2018-04-17,35.576
2018-04-18,35.73
2018-04-19,35.42
2018-04-20,34.968
2018-04-23,34.932
2018-04-24,34.336
2018-04-25,34.104
2018-04-26,34.864
2018-04-27,34.784
2018-04-30,34.738
2018-05-01,35.044
2018-05-02,34.852
2018-05-03,35.038
2018-05-04,35.576
2018-05-07,35.952
2018-05-08,36.132
2018-05-09,36.722
2018-05-10,37.052
2018-05-11,36.66
2018-05-14,36.244
2018-05-15,36.086
2018-05-16,36.126
2018-05-17,36.052
2018-05-18,36.292
2018-05-21,36.326
2018-05-22,36.1
2018-05-23,36.568
2018-05-24,36.55
2018-05-25,36.468
2018-05-29,36.226
2018-05-30,36.622
2018-05-31,36.59
2018-06-01,37.188
2018-06-04,37.466
2018-06-05,37.752
2018-06-06,37.998
2018-06-07,37.354
2018-06-08,37.624
2018-06-11,37.728
2018-06-12,38.114
2018-06-13,38.258
2018-06-14,38.466
2018-06-15,38.366
2018-06-18,38.6
2018-06-19,38.318
2018-06-20,38.18
2018-06-21,37.772
2018-06-22,37.126
2018-06-25,36.384
2018-06-26,36.566
2018-06-27,35.742
2018-06-28,36.39
2018-06-29,36.536
2018-07-02,37.166
2018-07-03,36.928
2018-07-05,37.242
2018-07-06,37.754
2018-07-09,37.948
2018-07-10,37.942
2018-07-11,38.198
2018-07-12,39.226
2018-07-13,39.246
2018-07-16,39.012
2018-07-17,39.34
2018-07-18,39.404
2018-07-19,39.18
2018-07-20,39.162
2018-07-23,39.292
2018-07-24,38.822
2018-07-25,39.438
2018-07-26,39.32
2018-07-27,38.314
2018-07-30,36.976
2018-07-31,37.104
2018-08-01,37.318
2018-08-02,37.95
2018-08-03,37.904
2018-08-06,38.17
2018-08-07,38.278
2018-08-08,38.36
2018-08-09,38.534
2018-08-10,38.552
2018-08-13,38.372
2018-08-14,38.65
2018-08-15,38.104
2018-08-16,38.28
2018-08-17,38.144
2018-08-20,38.246
2018-08-21,38.364
2018-08-22,38.762
2018-08-23,38.948
2018-08-24,39.972
2018-08-27,39.958
2018-08-28,40.114
2018-08-29,40.578
2018-08-30,40.206
2018-08-31,40.17
2018-09-04,40.334
2018-09-05,39.258
2018-09-06,39.474
2018-09-07,39.7
2018-09-10,40.042
2018-09-11,40.464
2018-09-12,40.732
2018-09-13,40.892
2018-09-14,41.104
2018-09-17,40.184
2018-09-18,40.372
2018-09-19,39.882
2018-09-20,40.212
2018-09-21,40.14
2018-09-24,40.432
2018-09-25,40.758
2018-09-26,40.67
2018-09-27,40.902
2018-09-28,40.994
2018-10-01,40.888
2018-10-02,40.288
2018-10-03,40.454
2018-10-04,39.562
2018-10-05,39.32
2018-10-08,38.328
2018-10-09,38.21
2018-10-10,36.368
2018-10-11,36.168
2018-10-12,37.456
2018-10-15,36.896
2018-10-16,38.316
2018-10-17,38.258
2018-10-18,37.23
2018-10-19,36.576
2018-10-22,36.982
2018-10-23,36.834
2018-10-24,35.194
2018-10-25,36.43
2018-10-26,35.45
2018-10-29,35.198
2018-10-30,35.778
2018-10-31,36.652
2018-11-01,37.032
2018-11-02,36.642
2018-11-05,36.446
2018-11-06,36.452
2018-11-07,37.868
2018-11-08,37.7
2018-11-09,36.702
2018-11-12,35.64
2018-11-13,35.74
2018-11-14,35.392
2018-11-15,36.32
2018-11-16,36.126
2018-11-19,34.174
2018-11-20,33.88
2018-11-21,34.604
2018-11-23,34.562
2018-11-26,35.372
2018-11-27,35.158
2018-11-28,36.666
2018-11-29,36.706
2018-11-30,37.13
2018-12-03,37.386
2018-12-04,36.3
2018-12-06,36.616
2018-12-07,35.452
2018-12-10,35.998
2018-12-11,35.99
2018-12-12,36.482
2018-12-13,36.406
2018-12-14,35.476
2018-12-17,34.31
2018-12-18,34.666
2018-12-19,34.45
2018-12-20,33.848
2018-12-21,32.62
2018-12-24,31.838
2018-12-26,33.912
2018-12-27,34.422
2018-12-28,34.366
2018-12-31,34.706
2019-01-02,34.524
2019-01-03,33.438
2019-01-04,34.972
2019-01-07,35.668
2019-01-08,36.234
2019-01-09,36.476
2019-01-10,36.67
2019-01-11,36.55
2019-01-14,36.16
2019-01-15,36.82
2019-01-16,36.794
2019-01-17,37.066
2019-01-18,37.714
2019-01-22,37.188
2019-01-23,37.178
2019-01-24,37.25
2019-01-25,37.816
2019-01-28,37.434
2019-01-29,36.964
2019-01-30,37.8
2019-01-31,38.444
2019-02-01,38.792
2019-02-04,39.456
2019-02-05,39.824
2019-02-06,39.404
2019-02-07,39.154
2019-02-08,39.81
2019-02-11,39.796
2019-02-12,40.446
2019-02-13,40.44
2019-02-14,40.632
2019-02-15,40.834
2019-02-19,40.888
2019-02-20,40.544
2019-02-21,40.598
2019-02-22,41.232
2019-02-25,41.346
2019-02-26,41.444
2019-02-27,41.624
2019-02-28,41.424
2019-03-01,41.624
2019-03-04,40.846
2019-03-05,40.68
2019-03-06,40.44
2019-03-07,40.374
2019-03-08,40.348
2019-03-11,41.11
2019-03-12,41.258
2019-03-13,41.506
2019-03-14,41.668
2019-03-15,41.688
2019-03-18,41.854
2019-03-19,42.096
2019-03-20,41.932
2019-03-21,42.932
2019-03-22,41.666
2019-03-25,41.69
2019-03-26,41.934
2019-03-27,41.352
2019-03-28,41.662
2019-03-29,42.164
2019-04-01,42.738
2019-04-02,42.766
2019-04-03,42.956
2019-04-04,42.128
2019-04-05,42.334
2019-04-08,42.38
2019-04-09,42.356
2019-04-10,42.846
2019-04-11,42.944
2019-04-12,43.072
2019-04-15,43
2019-04-16,42.752
2019-04-17,42.318
2019-04-18,42.374
2019-04-22,42.798
2019-04-23,43.468
2019-04-24,43.402
2019-04-25,43.782
2019-04-26,44.136
2019-04-29,44.236
2019-04-30,44.376
2019-05-01,43.68
2019-05-02,43.53
2019-05-03,43.966
2019-05-06,43.922
2019-05-07,42.926
2019-05-08,42.914
2019-05-09,42.862
2019-05-10,43.118
2019-05-13,41.478
2019-05-14,42.392
2019-05-15,42.81
2019-05-16,43.662
2019-05-17,43.168
2019-05-20,42.408
2019-05-21,42.896
2019-05-22,43.036
2019-05-23,42.042
2019-05-24,42.244
2019-05-28,42.328
2019-05-29,41.788
2019-05-30,41.94
2019-05-31,41.25
2019-06-03,39.88
2019-06-04,41.24
2019-06-05,41.864
2019-06-06,42.134
2019-06-07,42.762
2019-06-10,43.076
2019-06-11,42.578
2019-06-12,42.684
2019-06-13,42.852
2019-06-14,42.468
2019-06-17,42.55
2019-06-18,42.992
2019-06-19,43.644
2019-06-20,44.452
2019-06-21,44.126
2019-06-24,43.92
2019-06-25,42.932
2019-06-26,42.974
2019-06-27,43.48
2019-06-28,43.692
2019-07-01,44.364
2019-07-02,44.624
2019-07-03,45.12
2019-07-05,45.04
2019-07-08,44.826
2019-07-09,45.056
2019-07-10,45.46
2019-07-11,45.718
2019-07-12,45.814
2019-07-15,45.788
2019-07-16,45.258
2019-07-17,45.356
2019-07-18,45.354
2019-07-19,44.91
2019-07-22,45.218
2019-07-23,45.168
2019-07-24,45.876
2019-07-25,45.59
2019-07-26,46.008
2019-07-29,45.44
2019-07-30,45.118
2019-07-31,44.392
2019-08-01,44.352
2019-08-02,43.478
2019-08-05,41.832
2019-08-06,42.268
2019-08-07,42.378
2019-08-08,43.75
2019-08-09,43.344
2019-08-12,42.632
2019-08-13,43.36
2019-08-14,41.878
2019-08-15,41.954
2019-08-16,42.544
2019-08-19,42.766
2019-08-20,42.73
2019-08-21,43.408
2019-08-22,43.318
2019-08-23,42.662
2019-08-26,43.214
2019-08-27,43.114
2019-08-28,42.604
2019-08-29,43.338
2019-08-30,43.158
2019-09-03,42.75
2019-09-04,43.296
2019-09-05,43.954
2019-09-06,43.7
2019-09-09,43.04
2019-09-10,42.752
2019-09-11,43.07
2019-09-12,43.072
2019-09-13,42.75
2019-09-16,43.002
2019-09-17,43.274
2019-09-18,43.09
2019-09-19,43.404
2019-09-20,43.326
2019-09-23,43.246
2019-09-24,42.432
2019-09-25,42.81
2019-09-26,42.924
2019-09-27,41.958
2019-09-30,42.376
2019-10-01,41.904
2019-10-02,41.272
2019-10-03,42.022
2019-10-04,42.758
2019-10-07,42.85
2019-10-08,41.912
2019-10-09,42.472
2019-10-10,42.536
2019-10-11,43.274
2019-10-14,43.256
2019-10-15,43.626
2019-10-16,42.622
2019-10-17,42.43
2019-10-18,41.598
2019-10-21,41.886
2019-10-22,41.05
2019-10-23,41.218
2019-10-24,42.208
2019-10-25,42.39
2019-10-28,42.784
2019-10-29,42.632
2019-10-30,43.356
2019-10-31,42.984
2019-11-01,43.486
2019-11-04,43.408
2019-11-05,43.59
2019-11-06,43.534
2019-11-07,43.626
2019-11-08,43.956
2019-11-11,44.012
2019-11-12,44.258
2019-11-13,44.376
2019-11-14,44.446
2019-11-15,44.926
2019-11-18,45.036
2019-11-19,45.54
2019-11-20,45.73
2019-11-21,45.534
2019-11-22,45.54
2019-11-25,46.01
2019-11-26,46.25
2019-11-27,46.47
2019-11-29,46.4
2019-12-02,45.534
2019-12-03,45.516
2019-12-04,45.254
2019-12-05,45.328
2019-12-06,45.544
2019-12-09,45.368
2019-12-10,45.222
2019-12-11,45.208
2019-12-12,45.378
2019-12-13,45.75
2019-12-16,46.236
2019-12-17,45.948
2019-12-18,46.188
2019-12-19,46.49
2019-12-20,46.808
2019-12-23,46.762
2019-12-24,46.734
2019-12-26,46.974
2019-12-27,47.008
2019-12-30,46.482
2019-12-31,46.608
2020-01-02,47.45
2020-01-03,47.278
2020-01-06,47.83
2020-01-07,47.958
2020-01-08,48.464
2020-01-09,48.924
2020-01-10,48.832
2020-01-13,49.404
2020-01-14,49.174
2020-01-15,49.312
2020-01-16,49.884
2020-01-17,50.042
2020-01-21,50.198
2020-01-22,50.144
2020-01-23,50.38
2020-01-24,50.052
2020-01-27,49.222
2020-01-28,50.072
2020-01-29,49.99
2020-01-30,50.662
2020-01-31,49.734
2020-02-03,50.422
2020-02-04,51.714
2020-02-05,50.976
2020-02-06,51.442
2020-02-07,51.368
2020-02-10,51.998
2020-02-11,51.912
2020-02-12,52.336
2020-02-13,52.46
2020-02-14,52.904
2020-02-18,52.992
2020-02-19,53.334
2020-02-20,52.756
2020-02-21,51.656
2020-02-24,50.06
2020-02-25,48.676
2020-02-26,48.768
2020-02-27,46.708
2020-02-28,46.916
2020-03-02,48.68
2020-03-03,46.856
2020-03-04,48.672
2020-03-05,47.392
2020-03-06,45.8
2020-03-09,42.376
2020-03-10,44.45
2020-03-11,42.334
2020-03-12,38.386
2020-03-13,42.136
2020-03-16,37.176
2020-03-17,39.824
2020-03-18,37.85
2020-03-19,38.836
2020-03-20,38.01
2020-03-23,38.094
2020-03-24,40.998
2020-03-25,40.302
2020-03-26,43.028
2020-03-27,41.314
2020-03-30,42.646
2020-03-31,42.058
2020-04-01,40.062
2020-04-02,40.25
2020-04-03,39.588
2020-04-06,42.562
2020-04-07,41.978
2020-04-08,43.492
2020-04-09,43.972
2020-04-13,44.04
2020-04-14,45.892
2020-04-15,45.446
2020-04-16,46.032
2020-04-17,46.954
2020-04-20,46.784
2020-04-21,44.636
2020-04-22,46.14
2020-04-23,45.746
2020-04-24,46.464
2020-04-27,47.246
2020-04-28,46.196
2020-04-29,48.104
2020-04-30,48.176
2020-05-01,46.682
2020-05-04,47.586
2020-05-05,48.594
2020-05-06,49.198
2020-05-07,50.478
2020-05-08,50.886
2020-05-11,51.616
2020-05-12,50.384
2020-05-13,49.382
2020-05-14,49.638
2020-05-15,50.438
2020-05-18,50.78
2020-05-19,51.138
2020-05-20,51.996
2020-05-21,51.584
2020-05-22,52.196
2020-05-26,51.708
2020-05-27,51.69
2020-05-28,52.324
2020-05-29,53.454
2020-06-01,54.032
2020-06-02,54.07
2020-06-03,54.098
2020-06-04,52.982
2020-06-05,53.774
2020-06-08,54.516
2020-06-09,54.26
2020-06-10,55.208
2020-06-11,52.284
2020-06-12,53.066
2020-06-15,54.016
2020-06-16,54.966
2020-06-17,54.966
2020-06-18,55.752
2020-06-19,55.702
2020-06-22,56.806
2020-06-23,56.746
2020-06-24,55.62
2020-06-25,56.388
2020-06-26,55.894
2020-06-29,55.742
2020-06-30,56.85
2020-07-01,57.834
2020-07-02,57.968
2020-07-06,58.596
2020-07-07,58.25
2020-07-08,59.438
2020-07-09,59.984
2020-07-10,59.648
2020-07-13,57.072
2020-07-14,57.376
2020-07-15,57.476
2020-07-16,56.77
2020-07-17,57.258
2020-07-20,59.4
2020-07-21,58.736
2020-07-22,58.904
2020-07-23,57.628
2020-07-24,57.1
2020-07-27,58.056
2020-07-28,57.56
2020-07-29,58.68
2020-07-30,58.594
2020-07-31,59.05
2020-08-03,60.248
2020-08-04,60.156
2020-08-05,60.404
2020-08-06,60.6
2020-08-07,59.238
2020-08-10,58.382
2020-08-11,57.26
2020-08-12,57.912
2020-08-13,58.674
2020-08-14,58.374
2020-08-17,59.08
2020-08-18,59.784
2020-08-19,59.73
2020-08-20,60.912
2020-08-21,60.498
2020-08-24,60.688
2020-08-25,61.358
2020-08-26,64.68
2020-08-27,64.39
2020-08-28,64.998
2020-08-31,64.814
2020-09-01,66.558
2020-09-02,66.904
2020-09-03,63.262
2020-09-04,61.402
2020-09-08,59.268
2020-09-09,60.956
2020-09-10,60.2
2020-09-11,59.354
2020-09-14,60.45
2020-09-15,61.538
2020-09-16,60.6
2020-09-17,59.844
2020-09-18,59.53
2020-09-21,60.588
2020-09-22,61.852
2020-09-23,60.162
2020-09-24,59.916
2020-09-25,61.608
2020-09-28,62.304
2020-09-29,62.11
2020-09-30,62.224
2020-10-01,63.424
2020-10-02,62.172
2020-10-05,63.13
2020-10-06,62.644
2020-10-07,64.06
2020-10-08,64.112
2020-10-09,65.304
2020-10-12,66.282
2020-10-13,66.808
2020-10-14,66.34
2020-10-15,66.098
2020-10-16,66.346
2020-10-19,65.72
2020-10-20,65.362
2020-10-21,65.242
2020-10-22,64.948
2020-10-23,65.484
2020-10-26,63.864
2020-10-27,64.448
2020-10-28,62.198
2020-10-29,62.55
2020-10-30,60.928
2020-11-02,60.534
2020-11-03,61.81
2020-11-04,64.794
2020-11-05,66.284
2020-11-06,66.784
2020-11-09,64.372
2020-11-10,62.292
2020-11-11,64.036
2020-11-12,63.894
2020-11-13,64.134
2020-11-16,64.084
2020-11-17,64.714
2020-11-18,64.252
2020-11-19,65.432
2020-11-20,65.38
2020-11-23,65.292
2020-11-24,65.464
2020-11-25,66.188
2020-11-27,67.242
2020-11-30,67.542
2020-12-01,67.022
2020-12-02,66.584
2020-12-03,66.936
2020-12-04,67.64
2020-12-07,68.014
2020-12-08,68.456
2020-12-09,66.842
2020-12-10,67.674
2020-12-11,67.968
2020-12-14,68.4
2020-12-15,68.6
2020-12-16,69.656
2020-12-17,70.774
2020-12-18,71.778
2020-12-21,71.672
2020-12-22,73.016
2020-12-23,72.038
2020-12-24,72.076
2020-12-28,71.048
2020-12-29,70.67
2020-12-30,70.662
2020-12-31,70.82
2021-01-04,69.434
2021-01-05,69.704
2021-01-06,68.034
2021-01-07,69.902
2021-01-08,71.026
2021-01-11,70.398
2021-01-12,70.456
2021-01-13,70.292
2021-01-14,69.96
2021-01-15,69.578
2021-01-19,70.574
2021-01-20,71.944
2021-01-21,71.684
2021-01-22,71.766
2021-01-25,71.542
2021-01-26,71.144
2021-01-27,69.49
2021-01-28,70.794
2021-01-29,69.772
2021-02-01,71.508
2021-02-02,73.378
2021-02-03,73.002
2021-02-04,74.196
2021-02-05,75.432
2021-02-08,75.59
2021-02-09,76.232
2021-02-10,76.078
2021-02-11,76.592
2021-02-12,77.176
2021-02-16,76.958
2021-02-17,76.214
2021-02-18,75.996
2021-02-19,76.106
2021-02-22,73.802
2021-02-23,73.022
2021-02-24,73.726
2021-02-25,70.85
2021-02-26,70.92
2021-03-01,73.082
2021-03-02,71.656
2021-03-03,68.694
2021-03-04,66.798
2021-03-05,67.302
2021-03-08,65.364
2021-03-09,68.238
2021-03-10,67.776
2021-03-11,69.888
2021-03-12,69.132
2021-03-15,69.73
2021-03-16,69.364
2021-03-17,69.254
2021-03-18,66.75
2021-03-19,67.398
2021-03-22,68.4
2021-03-23,68.422
2021-03-24,66.57
2021-03-25,66.312
2021-03-26,67.688
2021-03-29,67.114
2021-03-30,66.766
2021-03-31,68.284
2021-04-01,69.912
2021-04-05,70.702
2021-04-06,71.102
2021-04-07,70.978
2021-04-08,72.292
2021-04-09,72.752
2021-04-12,72.926
2021-04-13,74.098
2021-04-14,73.348
2021-04-15,74.702
2021-04-16,74.184
2021-04-19,73.206
2021-04-20,72.442
2021-04-21,72.738
2021-04-22,72.63
2021-04-23,73.692
2021-04-26,74.522
2021-04-27,74.214
2021-04-28,73.988
2021-04-29,72.946
2021-04-30,72.318
2021-05-03,71.208
2021-05-04,69.516
2021-05-05,68.976
2021-05-06,68.638
2021-05-07,69.3
2021-05-10,67.724
2021-05-11,68.46
2021-05-12,66.734
2021-05-13,66.718
2021-05-14,68.518
2021-05-17,68.042
2021-05-18,68.074
2021-05-19,68.4
2021-05-20,70.014
2021-05-21,69.772
2021-05-24,70.92
2021-05-25,71.066
2021-05-26,71.666
2021-05-27,71.166
2021-05-28,71.78
2021-06-01,71.354
2021-06-02,71.472
2021-06-03,70.594
2021-06-04,72.12
2021-06-07,72.692
2021-06-08,72.858
2021-06-09,72.866
2021-06-10,74.146
2021-06-11,74.898
2021-06-14,75.824
2021-06-15,74.762
2021-06-16,74.342
2021-06-17,75.628
2021-06-18,75.874
2021-06-21,76.166
2021-06-22,77
2021-06-23,77
2021-06-24,77.686
2021-06-25,77.722
2021-06-28,78.666
2021-06-29,79.026
2021-06-30,78.008
2021-07-01,78.054
2021-07-02,79.076
2021-07-06,79.92
2021-07-07,79.938
2021-07-08,79.21
2021-07-09,79.712
2021-07-12,79.14
2021-07-13,79.098
2021-07-14,78.532
2021-07-15,77.576
2021-07-16,77.74
2021-07-19,77.374
2021-07-20,78.852
2021-07-21,79.454
2021-07-22,80.466
2021-07-23,81.53
2021-07-26,81.316
2021-07-27,80.232
2021-07-28,80.86
2021-07-29,80.952
2021-07-30,80.636
2021-08-02,80.658
2021-08-03,80.706
2021-08-04,81.556
2021-08-05,82.294
2021-08-06,81.912
2021-08-09,81.954
2021-08-10,80.962
2021-08-11,80.756
2021-08-12,81.554
2021-08-13,81.772
2021-08-16,81.182
2021-08-17,80.618
2021-08-18,80.254
2021-08-19,80.816
2021-08-20,81.794
2021-08-23,83.122
2021-08-24,83.67
2021-08-25,83.858
2021-08-26,83.486
2021-08-27,84.766
2021-08-30,85.156
2021-08-31,84.634
2021-09-01,84.924
2021-09-02,84.84
2021-09-03,85.634
2021-09-07,84.718
2021-09-08,84.18
2021-09-09,84.038
2021-09-10,83.522
2021-09-13,82.468
2021-09-14,82.652
2021-09-15,83.462
2021-09-16,83.974
2021-09-17,83.414
2021-09-20,81.944
2021-09-21,82.104
2021-09-22,82.864
2021-09-23,84.206
2021-09-24,84.476
2021-09-27,83.056
2021-09-28,80.044
2021-09-29,79.86
2021-09-30,79.828
2021-10-01,81.004
2021-10-04,78.572
2021-10-05,79.91
2021-10-06,80.402
2021-10-07,81.414
2021-10-08,80.824
2021-10-11,80.628
2021-10-12,81.548
2021-10-13,83.216
2021-10-14,84.528
2021-10-15,84.744
2021-10-18,85.688
2021-10-19,86.45
2021-10-20,86.292
2021-10-21,87.18
2021-10-22,86.64
2021-10-25,87.074
2021-10-26,86.854
2021-10-27,86.096
2021-10-28,87.128
2021-10-29,87.812
2021-11-01,87.618
2021-11-02,87.806
2021-11-03,87.59
2021-11-04,88.482
2021-11-05,87.802
2021-11-08,88.97
2021-11-09,89.304
2021-11-10,86.756
2021-11-11,87.172
2021-11-12,88.63
2021-11-15,88.152
2021-11-16,89.156
2021-11-17,88.4
2021-11-18,87.588
2021-11-19,87.872
2021-11-22,85.39
2021-11-23,84.062
2021-11-24,84.448
2021-11-26,83.638
2021-11-29,85.308
2021-11-30,82.98
2021-12-01,79.448
2021-12-02,80.81
2021-12-03,78.088
2021-12-06,78.186
2021-12-07,81.168
2021-12-08,81.95
2021-12-09,80.092
2021-12-10,81.208
2021-12-13,81.022
2021-12-14,78.354
2021-12-15,80.326
2021-12-16,77.802
2021-12-17,78.144
2021-12-20,76.904
2021-12-21,79.026
2021-12-22,79.486
2021-12-23,80.014
2021-12-27,81.038
2021-12-28,80.192
2021-12-29,80.08
2021-12-30,80.27
2021-12-31,79.53
2022-01-03,78.618
2022-01-04,76.88
2022-01-05,73.09
2022-01-06,73.172
2022-01-07,72.556
2022-01-10,73.24
2022-01-11,74.538
2022-01-12,74.316
2022-01-13,71.132
2022-01-14,71.408
2022-01-18,70.094
2022-01-19,70.17
2022-01-20,69.69
2022-01-21,67.726
2022-01-24,69.154
2022-01-25,66.566
2022-01-26,65.864
2022-01-27,65.86
2022-01-28,68.406
2022-01-31,71.014
2022-02-01,71.426
2022-02-02,70.704
2022-02-03,67.998
2022-02-04,70.212
2022-02-07,69.826
2022-02-08,70.622
2022-02-09,72.884
2022-02-10,71.736
2022-02-11,69.262
2022-02-14,69.1
2022-02-15,70.562
2022-02-16,70.03
2022-02-17,66.952
2022-02-18,65.518
2022-02-22,64.974
2022-02-23,63.354
2022-02-24,67.214
2022-02-25,67.738
2022-02-28,68.404
2022-03-01,67.818
2022-03-02,68.85
2022-03-03,67.108
2022-03-04,65.668
2022-03-07,62.848
2022-03-08,62.194
2022-03-09,65.212
2022-03-10,64.22
2022-03-11,62.258
2022-03-14,60.456
2022-03-15,61.978
2022-03-16,64.566
2022-03-17,66.062
2022-03-18,68.002
2022-03-21,67.384
2022-03-22,69.052
2022-03-23,67.346
2022-03-24,68.516
2022-03-25,67.624
2022-03-28,69.194
2022-03-29,70.862
2022-03-30,69.508
2022-03-31,68.988
2022-04-01,69.106
2022-04-04,70.792
2022-04-05,69.002
2022-04-06,66.894
2022-04-07,67.154
2022-04-08,66.116
2022-04-11,65.366
2022-04-12,64.906
2022-04-13,66.314
2022-04-14,64.71
2022-04-18,64.028
2022-04-19,65.748
2022-04-20,64.768
2022-04-21,62.754
2022-04-22,61.156
2022-04-25,62.286
2022-04-26,59.98
2022-04-27,60
2022-04-28,62.424
2022-04-29,59.99
2022-05-02,61.122
2022-05-03,60.628
2022-05-04,62.462
2022-05-05,58.87
2022-05-06,57.032
2022-05-09,53.96
2022-05-10,54.664
2022-05-11,52.846
2022-05-12,53.324
2022-05-13,55.952
2022-05-16,54.628
2022-05-17,55.582
2022-05-18,53.376
2022-05-19,54.298
2022-05-20,54.958
2022-05-23,55.534
2022-05-24,53.602
2022-05-25,55.206
2022-05-26,56.39
2022-05-27,58.328
2022-05-31,57.174
2022-06-01,57.498
2022-06-02,60.138
2022-06-03,58.736
2022-06-06,58.742
2022-06-07,59.702
2022-06-08,59.3
2022-06-09,57.844
2022-06-10,55.294
2022-06-13,52.15
2022-06-14,52.448
2022-06-15,53.84
2022-06-16,51.448
2022-06-17,52.46
2022-06-21,53.428
2022-06-22,53.528
2022-06-23,55.478
2022-06-24,57.844
2022-06-27,56.774
2022-06-28,54.67
2022-06-29,54.828
2022-06-30,53.922
2022-07-01,54.806
2022-07-05,56.224
2022-07-06,56.304
2022-07-07,57.436
2022-07-08,57.236
2022-07-11,56.25
2022-07-12,54.158
2022-07-13,53.66
2022-07-14,53.196
2022-07-15,54.528
2022-07-18,54.198
2022-07-19,55.762
2022-07-20,57.63
2022-07-21,58.666
2022-07-22,57.45
2022-07-25,56.748
2022-07-26,54.99
2022-07-27,57.34
2022-07-28,58.408
2022-07-29,59.062
2022-08-01,59.008
2022-08-02,59.106
2022-08-03,61
2022-08-04,61.108
2022-08-05,61.224
2022-08-08,61.228
2022-08-09,60.304
2022-08-10,62.588
2022-08-11,61.878
2022-08-12,63.074
2022-08-15,63.45
2022-08-16,63.086
2022-08-17,62.04
2022-08-18,61.988
2022-08-19,60.614
2022-08-22,58.966
2022-08-23,58.838
2022-08-24,59.214
2022-08-25,59.714
2022-08-26,57.596
2022-08-29,56.75
2022-08-30,56.632
2022-08-31,56.256
2022-09-01,55.448
2022-09-02,55.086
2022-09-06,54.652
2022-09-07,55.784
2022-09-08,56.534
2022-09-09,58.142
2022-09-12,58.88
2022-09-13,56.132
2022-09-14,56.16
2022-09-15,54.35
2022-09-16,53.328
2022-09-19,53.544
2022-09-20,52.758
2022-09-21,52.032
2022-09-22,51.234
2022-09-23,50.456
2022-09-26,50.144
2022-09-27,50.532
2022-09-28,51.622
2022-09-29,50.758
2022-09-30,50.026
2022-10-03,51.47
2022-10-04,53.406
2022-10-05,53.618
2022-10-06,53.46
2022-10-07,51.33
2022-10-10,49.876
2022-10-11,49.002
2022-10-12,49.032
2022-10-13,49.714
2022-10-14,48.41
2022-10-17,50.254
2022-10-18,51.106
2022-10-19,50.518
2022-10-20,50.888
2022-10-21,51.776
2022-10-24,52.222
2022-10-25,53.524
2022-10-26,52.586
2022-10-27,52.908
2022-10-28,53.858
2022-10-31,53.52
2022-11-01,52.82
2022-11-02,50.398
2022-11-03,49.134
2022-11-04,48.354
2022-11-07,48.996
2022-11-08,49.652
2022-11-09,48.56
2022-11-10,52.97
2022-11-11,54.326
2022-11-14,53.658
2022-11-15,54.894
2022-11-16,53.756
2022-11-17,52.61
2022-11-18,52.374
2022-11-21,51.736
2022-11-22,52.658
2022-11-23,53.43
2022-11-25,53.306
2022-11-28,52.502
2022-11-29,52.092
2022-11-30,54.378
2022-12-01,54.982
2022-12-02,54.374
2022-12-05,52.346
2022-12-06,51.458
2022-12-07,51.19
2022-12-08,52.116
2022-12-09,51.866
2022-12-12,53.104
2022-12-13,53.968
2022-12-14,53.852
2022-12-15,51.976
2022-12-16,51.584
2022-12-19,50.822
2022-12-20,51.088
2022-12-21,51.68
2022-12-22,50.69
2022-12-23,50.662
2022-12-27,50.348
2022-12-28,49.796
2022-12-29,51.268
2022-12-30,51.17
2023-01-03,51.276
2023-01-04,51.63
2023-01-05,49.97
2023-01-06,50.714
2023-01-09,51.76
2023-01-10,51.812
2023-01-11,52.64
2023-01-12,53.058
2023-01-13,53.206
2023-01-17,53.386
2023-01-18,52.718
2023-01-19,52.322
2023-01-20,54.008
2023-01-23,55.248
2023-01-24,54.896
2023-01-25,54.802
2023-01-26,56.158
2023-01-27,56.438
2023-01-30,55.474
2023-01-31,56.394
2023-02-01,58.002
2023-02-02,59.452
2023-02-03,57.8
2023-02-06,56.9
2023-02-07,58.22
2023-02-08,57.762
2023-02-09,57.716
2023-02-10,56.946
2023-02-13,57.808
2023-02-14,58.454
2023-02-15,59.086
2023-02-16,57.622
2023-02-17,56.95
2023-02-21,55.798
2023-02-22,56.366
2023-02-23,56.862
2023-02-24,55.672
2023-02-27,55.726
2023-02-28,55.792
2023-03-01,55.342
2023-03-02,56.684
2023-03-03,57.732
2023-03-06,57.7
2023-03-07,57.124
2023-03-08,57.256
2023-03-09,55.964
2023-03-10,54.45
2023-03-13,54.782
2023-03-14,56.02
2023-03-15,55.91
2023-03-16,57.442
2023-03-17,57.226
2023-03-20,57.258
2023-03-21,58.308
2023-03-22,57.126
2023-03-23,57.998
2023-03-24,58.202
2023-03-27,58.256
2023-03-28,58.036
2023-03-29,59.066
2023-03-30,59.462
2023-03-31,60.94
2023-04-03,60.502
2023-04-04,60.508
2023-04-05,59.734
2023-04-06,59.944
2023-04-10,59.878
2023-04-11,59.552
2023-04-12,59.448
2023-04-13,60.556
2023-04-14,60.258
2023-04-17,60.528
2023-04-18,60.656
2023-04-19,60.528
2023-04-20,60.07
2023-04-21,60.174
2023-04-24,59.758
2023-04-25,57.968
2023-04-26,58.122
2023-04-27,59.078
2023-04-28,59.3
2023-05-01,59.186
2023-05-02,58.342
2023-05-03,57.768
2023-05-04,57.514
2023-05-05,58.642
2023-05-08,58.866
2023-05-09,59.052
2023-05-10,59.888
2023-05-11,59.568
2023-05-12,59.454
2023-05-15,60.084
2023-05-16,59.904
2023-05-17,61.134
2023-05-18,62.606
2023-05-19,62.574
2023-05-22,62.964
2023-05-23,61.956
2023-05-24,61.668
2023-05-25,63.198
2023-05-26,64.68
2023-05-30,65.166
2023-05-31,65.6
2023-06-01,65.612
2023-06-02,66.036
2023-06-05,66.476
2023-06-06,66.622
2023-06-07,64.596
2023-06-08,65.456
2023-06-09,66.052
2023-06-12,67.62
2023-06-13,68.07
2023-06-14,68.486
2023-06-15,69.88
2023-06-16,69.458
2023-06-20,68.808
2023-06-21,67.536
2023-06-22,67.906
2023-06-23,67.342
2023-06-26,66.768
2023-06-27,68.06
2023-06-28,68.41
2023-06-29,68.4
2023-06-30,69.182
2023-07-03,68.82
2023-07-05,68.806
2023-07-06,68.086
2023-07-07,67.946
2023-07-10,69.122
2023-07-11,70.14
2023-07-12,70.524
2023-07-13,71.69
2023-07-14,71.738
2023-07-17,72.636
2023-07-18,73.314
2023-07-19,73.402
2023-07-20,71.606
2023-07-21,71.792
2023-07-24,71.57
2023-07-25,72.114
2023-07-26,71.416
2023-07-27,70.862
2023-07-28,71.892
2023-07-31,72.868
2023-08-01,72.904
2023-08-02,70.592
2023-08-03,70.132
2023-08-04,69.348
2023-08-07,69.79
2023-08-08,68.652
2023-08-09,67.862
2023-08-10,68.3
2023-08-11,68.196
2023-08-14,69.084
2023-08-15,68.492
2023-08-16,67.902
2023-08-17,66.87
2023-08-18,67.144
2023-08-21,68.336
2023-08-22,68.28
2023-08-23,69.402
2023-08-24,67.828
2023-08-25,69.172
2023-08-28,69.504
2023-08-29,70.852
2023-08-30,71.486
2023-08-31,72.006
2023-09-01,72.342
2023-09-05,72.694
2023-09-06,72.798
2023-09-07,72.626
2023-09-08,72.758
2023-09-11,73.348
2023-09-12,71.236
2023-09-13,71.386
2023-09-14,71.738
2023-09-15,70.384
2023-09-18,70.356
2023-09-19,70.27
2023-09-20,69.636
2023-09-21,67.998
2023-09-22,68.114
2023-09-25,68.1
2023-09-26,67.018
2023-09-27,67.47
2023-09-28,67.986
2023-09-29,68.252
2023-10-02,68.63
2023-10-03,66.908
2023-10-04,67.99
2023-10-05,67.906
2023-10-06,69.74
2023-10-09,70.204
2023-10-10,70.53
2023-10-11,70.926
2023-10-12,70.632
2023-10-13,69.856
2023-10-16,70.658
2023-10-17,71.016
2023-10-18,69.948
2023-10-19,69.51
2023-10-20,67.754
2023-10-23,67.758
2023-10-24,68.376
2023-10-25,66.542
2023-10-26,65.866
2023-10-27,65.838
2023-10-30,66.712
2023-10-31,67.49
2023-11-01,68.046
2023-11-02,69.232
2023-11-03,69.962
2023-11-06,69.798
2023-11-07,71.21
2023-11-08,71.692
2023-11-09,71.084
2023-11-10,72.854
2023-11-13,72.928
2023-11-14,74.928
2023-11-15,74.51
2023-11-16,74.542
2023-11-17,74.782
2023-11-20,75.93
2023-11-21,75.902
2023-11-22,75.886
2023-11-24,76.134
2023-11-27,76.1
2023-11-28,76.54
2023-11-29,77.768
2023-11-30,78.394
2023-12-01,79.484
2023-12-04,78.5
2023-12-05,78.488
2023-12-06,77.68
2023-12-07,78.09
2023-12-08,78.738
2023-12-11,79.542
2023-12-12,79.684
2023-12-13,80.61
2023-12-14,79.53
2023-12-15,80.302
2023-12-18,80.916
2023-12-19,81.42
2023-12-20,80.254
2023-12-21,81.348
2023-12-22,81.498
2023-12-26,81.758
2023-12-27,81.696
2023-12-28,81.668
2023-12-29,81.128
2024-01-02,78.874
2024-01-03,77.602
2024-01-04,77.406
2024-01-05,77.312
2024-01-08,79.422
2024-01-09,79.744
2024-01-10,80.838
2024-01-11,81.49
2024-01-12,81.736
2024-01-16,81.712
2024-01-17,81.358
2024-01-18,82.188
2024-01-19,83.674
2024-01-22,84.438
2024-01-23,84.602
2024-01-24,84.572
2024-01-25,84.81
2024-01-26,84.662
2024-01-29,86.344
2024-01-30,85.956
2024-01-31,84.076
2024-02-01,85.248
2024-02-02,85.876
2024-02-05,85.332
2024-02-06,85.186
2024-02-07,86.548
2024-02-08,87.438
2024-02-09,88.402
2024-02-12,87.482
2024-02-13,85.534
2024-02-14,87.228
2024-02-15,87.1
2024-02-16,85.554
2024-02-20,84.496
2024-02-21,82.128
2024-02-22,84.228
2024-02-23,84.68
2024-02-26,85.496
2024-02-27,85.546
2024-02-28,85.398
2024-02-29,86.054
2024-03-01,86.914
2024-03-04,86.548
2024-03-05,83.24
2024-03-06,84.412
2024-03-07,85.41
2024-03-08,84.93
2024-03-11,85.16
2024-03-12,87.03
2024-03-13,86.4
2024-03-14,85.97
2024-03-15,83.56
2024-03-18,84.51
2024-03-19,85.13
2024-03-20,85.95
2024-03-21,86.56
2024-03-22,85.99
2024-03-25,85.69
2024-03-26,85.85
2024-03-27,85.39
2024-03-28,85.27
2024-04-01,85.02
2024-04-02,84.12
2024-04-03,84.27
2024-04-04,83.28
2024-04-05,84.17
2024-04-08,84.46
2024-04-09,84.7
2024-04-10,83.59
2024-04-11,84.14
2024-04-12,82.76
2024-04-15,80.48
2024-04-16,80.7
2024-04-17,80.06
2024-04-18,79.5
2024-04-19,78.53
2024-04-22,79.48
2024-04-23,80.86
2024-04-24,80.94
2024-04-25,80.19
2024-04-26,81.09
2024-04-29,80.96
2024-04-30,78.93
2024-05-01,79.07
2024-05-02,79.91
2024-05-03,80.87
2024-05-06,81.99
2024-05-07,81.55
2024-05-08,81.21
2024-05-09,81.16
2024-05-10,81.39
2024-05-13,81.49
2024-05-14,81.97
2024-05-15,84.03
2024-05-16,83.79
2024-05-17,84.27
2024-05-20,85.13
2024-05-21,84.47
2024-05-22,84.48
2024-05-23,83.72
2024-05-24,82.9
2024-05-28,82.34
2024-05-29,82.11
2024-05-30,77.36
2024-05-31,78.09
2024-06-03,77.94
2024-06-04,78.27
2024-06-05,80.04
2024-06-06,80.27
2024-06-07,80.38
2024-06-10,80.61
2024-06-11,80.88
2024-06-12,82.72
2024-06-13,81.85
2024-06-14,83.04
2024-06-17,83.76
2024-06-18,84.04
2024-06-20,83.93
2024-06-21,84.77
2024-06-24,83.9
2024-06-25,84.56
2024-06-26,84.66
2024-06-27,86.46
2024-06-28,86.9
2024-07-01,87.34
2024-07-02,87.77
2024-07-03,87.88
2024-07-05,88.93
2024-07-08,88.08
2024-07-09,86.68
2024-07-10,86.67
2024-07-11,86.42
2024-07-12,87.32
2024-07-15,87.95
2024-07-16,88.24
2024-07-17,86.32
2024-07-18,85.03
2024-07-19,84.85
2024-07-22,85.62
2024-07-23,85.8
2024-07-24,82.89
2024-07-25,83.72
2024-07-26,84.77
2024-07-29,84.27
2024-07-30,83.46
2024-07-31,84.62
2024-08-01,82.98
2024-08-02,80.21
2024-08-05,77.94
2024-08-06,79.11
2024-08-07,78.95
2024-08-08,81.56
2024-08-09,82.47
2024-08-12,81.94
2024-08-13,83.41
2024-08-14,83.88
2024-08-15,85.42
2024-08-16,85.52
2024-08-19,86.5
2024-08-20,86.69
2024-08-21,87.22
2024-08-22,85.88
2024-08-23,86.37
2024-08-26,86.09
2024-08-27,86.32
2024-08-28,85.25
2024-08-29,86.29
2024-08-30,86.8
2024-09-03,84.9
2024-09-04,84.71
2024-09-05,84.39
2024-09-06,83.36
2024-09-09,84.41
2024-09-10,85.75
2024-09-11,86.67
2024-09-12,87.59
2024-09-13,87.33
2024-09-16,88.02
2024-09-17,87.62
2024-09-18,86.87
2024-09-19,89.19
2024-09-20,89.2
2024-09-23,89.21
2024-09-24,89.32
2024-09-25,88.86
2024-09-26,89.32
2024-09-27,89.24
2024-09-30,89.37
2024-10-01,87.48
2024-10-02,88.22
2024-10-03,88.31
2024-10-04,89.9
2024-10-07,88.68
2024-10-08,90.58
2024-10-09,91.73
2024-10-10,92.36
2024-10-11,92.82
2024-10-14,93.33
2024-10-15,92.43
2024-10-16,92
2024-10-17,92.07
2024-10-18,92.31
2024-10-21,92.28
2024-10-22,92.11
2024-10-23,90.79
2024-10-24,91.79
2024-10-25,92.2
2024-10-28,92.34
2024-10-29,93.89
2024-10-30,93.67
2024-10-31,91.26
2024-11-01,92.26
2024-11-04,92.25
2024-11-05,93.86
2024-11-06,97.71
2024-11-07,100.16
2024-11-08,101.24
2024-11-11,103.59
2024-11-12,104.09
2024-11-13,104.42
2024-11-14,103.05
2024-11-15,101.13
2024-11-18,101.12
2024-11-19,102.52
2024-11-20,103.31
2024-11-21,104.54
2024-11-22,106.04
2024-11-25,105.79
2024-11-26,106.19
2024-11-27,104.3
2024-11-29,104.76
2024-12-02,104.86
2024-12-03,105.77
2024-12-04,109.88
2024-12-05,108.55
2024-12-06,110.05
2024-12-09,107.77
2024-12-10,106.17
2024-12-11,107.82
2024-12-12,106.85
2024-12-13,105.77
2024-12-16,106.91
2024-12-17,105.94
2024-12-18,101.18
2024-12-19,101.57
2024-12-20,103.62
2024-12-23,102.92
2024-12-24,104.1
2024-12-26,103.87
2024-12-27,102.28
2024-12-30,100.94
2024-12-31,100.12
2025-01-02,99.91
2025-01-03,101.47
2025-01-06,101.68
2025-01-07,99.19
2025-01-08,99.2
2025-01-10,97.21
2025-01-13,96.36
2025-01-14,97.41
2025-01-15,99.17
2025-01-16,99.35
2025-01-17,100.32
2025-01-21,101.95
2025-01-22,104.11
2025-01-23,104.29
2025-01-24,103.85
2025-01-27,102.13
2025-01-28,104.99
2025-01-29,103.48
2025-01-30,102.76
2025-01-31,102.89
2025-02-03,102.49
2025-02-04,104.31
2025-02-05,104.97
2025-02-06,105.24
2025-02-07,104.62
2025-02-10,106.4
2025-02-11,105.32
2025-02-12,104.96
2025-02-13,106.67
2025-02-14,106.76
2025-02-18,107.83
2025-02-19,105.94
2025-02-20,104
2025-02-21,100.45
2025-02-24,99.2
2025-02-25,97.59
2025-02-26,98.95
2025-02-27,96.33
2025-02-28,97.47
2025-03-03,95.63
2025-03-04,95.44
2025-03-05,97.1
2025-03-06,93.44
2025-03-07,93.42
2025-03-10,88.68
2025-03-11,89.54
2025-03-12,91.33
2025-03-13,88.3
2025-03-14,91.66
2025-03-17,92.87
2025-03-18,91.51
2025-03-19,92.95
2025-03-20,92.57
2025-03-21,93.11
2025-03-24,95.41
2025-03-25,96.37
2025-03-26,94.13
2025-03-27,92.52
2025-03-28,89.87
2025-03-31,88.99
2025-04-01,90.32
2025-04-02,91.52
2025-04-03,86.63
2025-04-04,81.3
2025-04-07,81.25
2025-04-08,80.15
2025-04-09,89.49
2025-04-10,86.49
2025-04-11,87.2
2025-04-14,87.98
2025-04-15,89.09
2025-04-16,86.94
2025-04-17,86.59
2025-04-21,83.91
2025-04-22,86.16
2025-04-23,88.81
2025-04-24,93.2
2025-04-25,94.76
2025-04-28,94.88
2025-04-29,96.1
2025-04-30,96.07
2025-05-01,97.01
2025-05-02,99.47
2025-05-05,99.37
2025-05-06,97.96
2025-05-07,98.78
2025-05-08,100.41
2025-05-09,99.69
2025-05-12,102.78
2025-05-13,104.73
2025-05-14,104.8
2025-05-15,104.4
2025-05-16,105.16
2025-05-19,104.94
2025-05-20,104.69
2025-05-21,102.17
2025-05-22,102.71
2025-05-23,101.93
2025-05-27,103.8
2025-05-28,103.08
2025-05-29,102.35
2025-05-30,103.65
2025-06-02,103.94
2025-06-03,104.99
2025-06-04,104.8
2025-06-05,104.66
2025-06-06,105.98
2025-06-09,106.13
2025-06-10,105.88
2025-06-11,105.79
2025-06-12,107.04
2025-06-13,106.27
2025-06-16,107.4
2025-06-17,106.65
2025-06-18,106.09
2025-06-20,105.11
2025-06-23,106.37
2025-06-24,108.05
2025-06-25,107.77
2025-06-26,108.71
2025-06-27,107.78
2025-06-30,109.5
2025-07-01,108.24
2025-07-02,108.81
2025-07-03,111.27
2025-07-07,110.71
2025-07-08,111.08
2025-07-09,111.42
2025-07-10,109.15
2025-07-11,107.48
2025-07-14,109.05
2025-07-15,108.99
2025-07-16,109.81
2025-07-17,111.31
2025-07-18,111.06
2025-07-21,111.21
2025-07-22,110.9
2025-07-23,111.81
2025-07-24,112.09
2025-07-25,112.69
2025-07-28,112.88
2025-07-29,113.01
2025-07-30,112.72
2025-07-31,111.66
2025-08-01,108.63
2025-08-04,110.98
2025-08-05,110.55
2025-08-06,111.81
2025-08-07,109.6
2025-08-08,109.63
2025-08-11,108.37
2025-08-12,109.56
2025-08-13,109.54
2025-08-14,108.34
2025-08-15,109.11
2025-08-18,109.41
2025-08-19,106.58
2025-08-20,106.33
2025-08-21,105.96
2025-08-22,107.46
2025-08-25,106.69
2025-08-26,106.57
2025-08-27,107.45
2025-08-28,109.09
2025-08-29,108.1
2025-09-02,107.27
2025-09-03,107.32
2025-09-04,106.84
2025-09-05,108.14
2025-09-08,110.02
2025-09-09,110.52
2025-09-10,112.24
2025-09-11,112.4
2025-09-12,111.67
2025-09-15,112.81
2025-09-16,112.72
2025-09-17,113.22
2025-09-18,115.37
2025-09-19,117.19
2025-09-22,117.79
2025-09-23,116.4
2025-09-24,115.22
2025-09-25,113.9
2025-09-26,114.97
2025-09-29,115.98
2025-09-30,115.01
2025-10-01,115.07
2025-10-02,115.72
2025-10-03,114.83
2025-10-06,115.62
2025-10-07,114.37
2025-10-08,115.69
2025-10-09,115.67
2025-10-10,112.09
2025-10-13,114.64
2025-10-14,113.59
2025-10-15,113.29
2025-10-16,112.8
2025-10-17,112.68
2025-10-20,113.89
2025-10-21,115.01
2025-10-22,113.51
2025-10-23,114.79
2025-10-24,116
2025-10-27,117.08
2025-10-28,116.72
2025-10-29,115.22
2025-10-30,113.97
2025-10-31,115.51
2025-11-03,115.7
2025-11-04,112
2025-11-05,111.75
2025-11-06,109.31
2025-11-07,109.48
2025-11-10,111.78
2025-11-11,111.03
2025-11-12,109.85
2025-11-13,106.84
2025-11-14,107.44
2025-11-17,105.49
2025-11-18,104.41
2025-11-19,103.89
2025-11-20,100.8
2025-11-21,100.92
2025-11-24,102.23
2025-11-25,103.19
2025-11-26,102.97
2025-11-28,104.09
2025-12-01,104.07
2025-12-02,105.22
2025-12-03,106.68
2025-12-04,107.95
2025-12-05,109.46
2025-12-08,109.4
2025-12-09,109.95
2025-12-10,110.08
2025-12-11,109.78
2025-12-12,107.97
2025-12-15,105.39
2025-12-16,106.31
2025-12-17,104.7
2025-12-18,106.18
2025-12-19,107.76
2025-12-22,108.95
2025-12-23,108.07
2025-12-24,108.23
2025-12-26,108.1
2025-12-29,107.39
2025-12-30,106.99
2025-12-31,105.69
2026-01-02,102.62
2026-01-05,103.63
2026-01-06,104.92
2026-01-07,106.24
2026-01-08,104.44
2026-01-09,105
2026-01-12,105.35
2026-01-13,103.35
2026-01-14,101.07
2026-01-15,99.78
2026-01-16,98.31
2026-01-20,95.93
2026-01-21,95.4
2026-01-22,96.94
2026-01-23,97.71
2026-01-26,98.81
2026-01-27,97.76
2026-01-28,97.06
2026-01-29,92.27
2026-01-30,90.31
2026-02-02,89.52
2026-02-03,85.39
2026-02-04,83.84
2026-02-05,79.67
2026-02-06,82.46
2026-02-09,85.06
2026-02-10,85.41
2026-02-11,83.23
2026-02-12,80.96
2026-02-13,82.77
2026-02-17,80.96
2026-02-18,82
2026-02-19,81.78
2026-02-20,80.78
2026-02-23,76.94
2026-02-24,78.41
2026-02-25,80.85
2026-02-26,82.6
2026-02-27,81.57
2026-03-02,82.77
2026-03-03,84.12
2026-03-04,85.65
2026-03-05,87.62
2026-03-06,87.97
2026-03-09,87.71
2026-03-10,85.65
2026-03-11,85.74
2026-03-12,84.99
2026-03-13,84.19
2026-03-16,84.95
2026-03-17,85.53
2026-03-18,84.34
2026-03-19,84.46
2026-03-20,82.99
2026-03-23,84.44
2026-03-24,80.82
2026-03-25,80.4
2026-03-26,79.75
2026-03-27,76.89
2026-03-30,77.62
2026-03-31,80.05
2026-04-01,79.77
2026-04-02,80.34
2026-04-06,80.46
2026-04-07,80.5
2026-04-08,79.75
2026-04-09,76.64
2026-04-10,74.67
2026-04-13,78.7
2026-04-14,79.48
2026-04-15,82.98
2026-04-16,84.36
2026-04-17,85.08
2026-04-20,86.3
2026-04-21,86.68
2026-04-22,88.74
2026-04-23,83.57
2026-04-24,85.2
2026-04-27,85.43
2026-04-28,85
2026-04-29,84.5
2026-04-30,83.91
2026-05-01,86.63
2026-05-04,88.44
2026-05-05,88.27
2026-05-06,87.82
2026-05-07,90.85
2026-05-08,91.15
2026-05-11,90.69
2026-05-12,89.44
2026-05-13,88.6
2026-05-14,90.64
2026-05-15,91.78
2026-05-18,92.87
2026-05-19,91.95
2026-05-20,93.32
2026-05-21,92.48
2026-05-22,94.01
2026-05-26,94.05
2026-05-27,93.05
2026-05-28,95.68
2026-05-29,101.66
2026-06-01,107.7
2026-06-02,104.73
2026-06-03,100.2
2026-06-04,100.06
2026-06-05,95.85
2026-06-08,95.65
2026-06-09,92.95
2026-06-10,91.58
2026-06-11,90.92
2026-06-12,90.7
2026-06-15,92.68
2026-06-16,91.37
2026-06-17,89.16
2026-06-18,89.09
2026-06-22,87.31
2026-06-23,87.32
2026-06-24,86.17
2026-06-25,84.76
2026-06-26,88.2
2026-06-29,89.89
2026-06-30,90.6
2026-07-01,93.34
2026-07-02,93.57
2026-07-06,94.79
2026-07-07,94.13
2026-07-08,92.48
2026-07-10,92.41
2026-07-13,92.7
2026-07-14,93.63
2026-07-15,93.94
2026-07-16,93.7
2026-07-17,92.8
2026-07-20,92.98
2026-07-21,91.82
2026-07-22,89.02
2026-07-23,87.1
2026-07-24,87.98
2026-07-27,90.91
2026-07-28,91.78
2026-07-29,92.37
2026-07-30,93.31
2026-07-31,94.58
2026-08-03,97.42
2026-08-04,102
2026-08-05,101.31
2026-08-06,98.14
