Date,Value
2000-05-26,45.7188
2000-05-30,47.4063
2000-05-31,47.5781
2000-06-01,48.6563
2000-06-02,51.1875
2000-06-05,51
2000-06-06,51.5
2000-06-07,51.5625
2000-06-08,51.4375
2000-06-09,52.3438
2000-06-12,50.7891
2000-06-13,51.4375
2000-06-14,51.1875
2000-06-15,51.25
2000-06-16,50.9688
2000-06-19,52.25
2000-06-20,52.5938
2000-06-21,52.8438
2000-06-22,51.25
2000-06-23,50.9063
2000-06-26,51.5313
2000-06-27,50.7188
2000-06-28,52
2000-06-29,51.1875
2000-06-30,51.6797
2000-07-03,52.4063
2000-07-05,51.8125
2000-07-06,52.4219
2000-07-07,52.75
2000-07-10,53.0938
2000-07-11,53.0313
2000-07-12,54.0938
2000-07-13,54.2656
2000-07-14,54.3125
2000-07-17,54.5
2000-07-18,53.5625
2000-07-19,52.625
2000-07-20,53.5
2000-07-21,52.0313
2000-07-24,51.2734
2000-07-25,51.375
2000-07-26,51.2813
2000-07-27,49.875
2000-07-28,49
2000-07-31,50.25
2000-08-01,49.9219
2000-08-02,50
2000-08-03,49.9688
2000-08-04,50.2188
2000-08-07,51.1484
2000-08-08,50.9063
2000-08-09,50.5391
2000-08-10,50.25
2000-08-11,51.125
2000-08-14,51.6563
2000-08-15,50.9063
2000-08-16,51.1563
2000-08-17,51.625
2000-08-18,51.5469
2000-08-21,51.7344
2000-08-22,51.6563
2000-08-23,51.5781
2000-08-24,52.3438
2000-08-25,52.5625
2000-08-28,52.6563
2000-08-29,53.1563
2000-08-30,53.2188
2000-08-31,53.75
2000-09-01,54.1875
2000-09-05,53.8125
2000-09-06,53.5781
2000-09-07,54.375
2000-09-08,53.4375
2000-09-11,53.5
2000-09-12,53.3281
2000-09-13,53.5938
2000-09-14,53.9063
2000-09-15,52.9063
2000-09-18,51.6563
2000-09-19,52.5
2000-09-20,51.9063
2000-09-21,50.9375
2000-09-22,51.5938
2000-09-25,51.6563
2000-09-26,50.9219
2000-09-27,50.6875
2000-09-28,52.0625
2000-09-29,51.8125
2000-10-02,50.9688
2000-10-03,50.2266
2000-10-04,50.5781
2000-10-05,50.0625
2000-10-06,48.8438
2000-10-09,48.7344
2000-10-10,47.5625
2000-10-11,47.4063
2000-10-12,45.9688
2000-10-13,47.75
2000-10-16,48.125
2000-10-17,46.9141
2000-10-18,46.5313
2000-10-19,47.9688
2000-10-20,48.5781
2000-10-23,49.0625
2000-10-24,48.3438
2000-10-25,47.2656
2000-10-26,48
2000-10-27,48.0313
2000-10-30,48.25
2000-10-31,49.5
2000-11-01,49.5313
2000-11-02,50.7188
2000-11-03,50.6563
2000-11-06,50.2656
2000-11-07,50.6875
2000-11-08,49.7813
2000-11-09,49.25
2000-11-10,48
2000-11-13,47.5156
2000-11-14,48.6563
2000-11-15,49.2813
2000-11-16,47.8516
2000-11-17,48.1563
2000-11-20,46.9063
2000-11-21,46.6328
2000-11-22,45.6563
2000-11-24,46.9375
2000-11-27,47.0703
2000-11-28,45.6563
2000-11-29,45.5313
2000-11-30,44.5625
2000-12-01,45.5625
2000-12-04,45.0625
2000-12-05,47.25
2000-12-06,46.1563
2000-12-07,46.0313
2000-12-08,46.6563
2000-12-11,48.7813
2000-12-12,47.7188
2000-12-13,46.6172
2000-12-14,45.875
2000-12-15,45.625
2000-12-18,46.3125
2000-12-19,45.5
2000-12-20,44.0625
2000-12-21,44.4063
2000-12-22,46.25
2000-12-26,46.5156
2000-12-27,47.75
2000-12-28,49.2813
2000-12-29,47.875
2001-01-02,46.2031
2001-01-03,48.1172
2001-01-04,47.5
2001-01-05,46.0313
2001-01-08,46.1875
2001-01-09,46.1172
2001-01-10,47.5938
2001-01-11,48.2422
2001-01-12,48.375
2001-01-16,49.3438
2001-01-17,49.3125
2001-01-18,49.5
2001-01-19,48.625
2001-01-22,48.9688
2001-01-23,50.1875
2001-01-24,50
2001-01-25,49.8125
2001-01-26,49.8125
2001-01-29,50.825
2001-01-30,51.155
2001-01-31,50.45
2001-02-01,50.82
2001-02-02,49.685
2001-02-05,49.785
2001-02-06,50.575
2001-02-07,50.7
2001-02-08,49.94
2001-02-09,49.3
2001-02-12,50.4
2001-02-13,49.925
2001-02-14,50.45
2001-02-15,50.7
2001-02-16,49.605
2001-02-20,49.03
2001-02-21,48.175
2001-02-22,47.5
2001-02-23,47.6
2001-02-26,48.65
2001-02-27,47.775
2001-02-28,47.075
2001-03-01,47.4
2001-03-02,47.525
2001-03-05,47.35
2001-03-06,48.05
2001-03-07,48.3
2001-03-08,47.9
2001-03-09,46.955
2001-03-12,45.625
2001-03-13,46.1
2001-03-14,45
2001-03-15,44.825
2001-03-16,44
2001-03-19,45.15
2001-03-20,44.1
2001-03-21,43.425
2001-03-22,43
2001-03-23,44.125
2001-03-26,44.725
2001-03-27,45.085
2001-03-28,43.875
2001-03-29,43.95
2001-03-30,44.8
2001-04-02,43.75
2001-04-03,42.265
2001-04-04,42.4
2001-04-05,44.45
2001-04-06,43.2
2001-04-09,44.15
2001-04-10,45.2
2001-04-11,44.9
2001-04-12,45.45
2001-04-16,44.63
2001-04-17,45.35
2001-04-18,46.675
2001-04-19,47.195
2001-04-20,46.645
2001-04-23,45.8
2001-04-24,46.15
2001-04-25,47.15
2001-04-26,47.825
2001-04-27,48.45
2001-04-30,48.5
2001-05-01,49.1
2001-05-02,48.975
2001-05-03,48.37
2001-05-04,49.05
2001-05-07,48.75
2001-05-08,49
2001-05-09,48.7
2001-05-10,48.75
2001-05-11,48.46
2001-05-14,48.45
2001-05-15,48.925
2001-05-16,49.865
2001-05-17,50.38
2001-05-18,50.575
2001-05-21,51.45
2001-05-22,51.7
2001-05-23,50.5
2001-05-24,51.025
2001-05-25,50.65
2001-05-29,50
2001-05-30,49.35
2001-05-31,49.55
2001-06-01,50.135
2001-06-04,50.79
2001-06-05,51.5
2001-06-06,51.175
2001-06-07,51.39
2001-06-08,50.95
2001-06-11,50.275
2001-06-12,50.4
2001-06-13,50.33
2001-06-14,49.075
2001-06-15,49.375
2001-06-18,49
2001-06-19,48.85
2001-06-20,49.425
2001-06-21,49.495
2001-06-22,48.6
2001-06-25,48.26
2001-06-26,49
2001-06-27,49.475
2001-06-28,50.1
2001-06-29,50.95
2001-07-02,49.8
2001-07-03,49.5
2001-07-05,48.85
2001-07-06,47.95
2001-07-09,48.4
2001-07-10,47.5
2001-07-11,47.5
2001-07-12,48.665
2001-07-13,48.9
2001-07-16,48.075
2001-07-17,49.025
2001-07-18,48.1
2001-07-19,48.5
2001-07-20,48.5
2001-07-23,48.15
2001-07-24,47.35
2001-07-25,47.625
2001-07-26,48.325
2001-07-27,48.25
2001-07-30,48.175
2001-07-31,48.115
2001-08-01,48.85
2001-08-02,48.7
2001-08-03,48.575
2001-08-06,47.9
2001-08-07,47.95
2001-08-08,46.875
2001-08-09,47.35
2001-08-10,47.3
2001-08-13,47.7
2001-08-14,47.85
2001-08-15,47.79
2001-08-16,48.1
2001-08-17,47.35
2001-08-20,47.875
2001-08-21,47.05
2001-08-22,47.675
2001-08-23,47.05
2001-08-24,48.05
2001-08-27,47.875
2001-08-28,47.35
2001-08-29,47.15
2001-08-30,46.555
2001-08-31,46.945
2001-09-04,46.5
2001-09-05,46.175
2001-09-06,45.1
2001-09-07,44.265
2001-09-10,43.925
2001-09-17,41.75
2001-09-18,41.075
2001-09-19,40.08
2001-09-20,38.555
2001-09-21,37.83
2001-09-24,39
2001-09-25,39.475
2001-09-26,38.89
2001-09-27,39.515
2001-09-28,40.1
2001-10-01,39.75
2001-10-02,40.185
2001-10-03,41.1
2001-10-04,41.51
2001-10-05,41.3
2001-10-08,40.925
2001-10-09,40.585
2001-10-10,42
2001-10-11,42.675
2001-10-12,42.54
2001-10-15,42.7
2001-10-16,43.275
2001-10-17,42.05
2001-10-18,41.78
2001-10-19,42.3
2001-10-22,42.68
2001-10-23,42.4
2001-10-24,42.675
2001-10-25,43.625
2001-10-26,43.625
2001-10-29,42.75
2001-10-30,41.85
2001-10-31,42.55
2001-11-01,43.3
2001-11-02,43
2001-11-05,43.625
2001-11-06,44.25
2001-11-07,43.95
2001-11-08,43.85
2001-11-09,43.7
2001-11-12,43.875
2001-11-13,44.675
2001-11-14,45.12
2001-11-15,44.95
2001-11-16,44.995
2001-11-19,45.5
2001-11-20,45.24
2001-11-21,45.085
2001-11-23,45.74
2001-11-26,45.975
2001-11-27,45.825
2001-11-28,45.025
2001-11-29,46.35
2001-11-30,45.8
2001-12-03,45.5
2001-12-04,46.55
2001-12-05,47.575
2001-12-06,48.25
2001-12-07,47.885
2001-12-10,47.055
2001-12-11,47.325
2001-12-12,47.4
2001-12-13,46.555
2001-12-14,46.95
2001-12-17,47.85
2001-12-18,48.275
2001-12-19,47.9
2001-12-20,47.15
2001-12-21,48.1
2001-12-24,48.325
2001-12-26,48.75
2001-12-27,48.95
2001-12-28,49
2001-12-31,48.175
2002-01-02,48.62
2002-01-03,49.295
2002-01-04,49.725
2002-01-07,48.925
2002-01-08,49.5
2002-01-09,49
2002-01-10,49.3
2002-01-11,48.7
2002-01-14,47.975
2002-01-15,48.3
2002-01-16,47.32
2002-01-17,47.55
2002-01-18,46.95
2002-01-22,46.65
2002-01-23,47.3
2002-01-24,47.675
2002-01-25,47.64
2002-01-28,47.95
2002-01-29,47.105
2002-01-30,47.695
2002-01-31,48.1
2002-02-01,47.825
2002-02-04,46.7
2002-02-05,46.52
2002-02-06,46
2002-02-07,45.4
2002-02-08,46.6
2002-02-11,46.805
2002-02-12,46.905
2002-02-13,47.35
2002-02-14,46.75
2002-02-15,46.68
2002-02-19,45.775
2002-02-20,46.55
2002-02-21,45.555
2002-02-22,46.375
2002-02-25,46.665
2002-02-26,46.885
2002-02-27,47.1
2002-02-28,46.6
2002-03-01,47.75
2002-03-04,48.5
2002-03-05,48.61
2002-03-06,49.2
2002-03-07,49.25
2002-03-08,49.69
2002-03-11,49.7
2002-03-12,49.62
2002-03-13,49.2
2002-03-14,49.425
2002-03-15,49.625
2002-03-18,49.905
2002-03-19,50.225
2002-03-20,49.435
2002-03-21,50.265
2002-03-22,49.9
2002-03-25,49.295
2002-03-26,49.85
2002-03-27,50.315
2002-03-28,50.05
2002-04-01,50.1
2002-04-02,49.78
2002-04-03,49.425
2002-04-04,49.62
2002-04-05,49.55
2002-04-08,50.17
2002-04-09,49.985
2002-04-10,50.95
2002-04-11,50.135
2002-04-12,51.25
2002-04-15,50.875
2002-04-16,52.15
2002-04-17,51.71
2002-04-18,51.49
2002-04-19,51.45
2002-04-22,50.77
2002-04-23,50.95
2002-04-24,50.52
2002-04-25,50.655
2002-04-26,49.685
2002-04-29,49.835
2002-04-30,50.65
2002-05-01,51
2002-05-02,51.175
2002-05-03,50.95
2002-05-06,49.975
2002-05-07,49.615
2002-05-08,50.8
2002-05-09,49.875
2002-05-10,49.065
2002-05-13,49.7
2002-05-14,51.2
2002-05-15,51.15
2002-05-16,50.545
2002-05-17,50.7
2002-05-20,50.06
2002-05-21,49.3
2002-05-22,49
2002-05-23,49.975
2002-05-24,49.185
2002-05-28,49.06
2002-05-29,48.435
2002-05-30,48.61
2002-05-31,48.25
2002-06-03,47.125
2002-06-04,47.135
2002-06-05,47.3
2002-06-06,46.38
2002-06-07,46.8
2002-06-10,46.75
2002-06-11,46
2002-06-12,46.15
2002-06-13,45.5
2002-06-14,45.75
2002-06-17,46.815
2002-06-18,46.945
2002-06-19,46
2002-06-20,45.9
2002-06-21,45.8
2002-06-24,45.655
2002-06-25,45.01
2002-06-26,44.985
2002-06-27,45.85
2002-06-28,45.325
2002-07-01,44.4
2002-07-02,43.065
2002-07-03,42.55
2002-07-05,43.96
2002-07-08,43.05
2002-07-09,42.885
2002-07-10,41.705
2002-07-11,41.38
2002-07-12,41.025
2002-07-15,40.77
2002-07-16,40.5
2002-07-17,40.875
2002-07-18,39.45
2002-07-19,38.625
2002-07-22,37.855
2002-07-23,35.875
2002-07-24,38
2002-07-25,37.7
2002-07-26,38.3
2002-07-29,39.775
2002-07-30,39.895
2002-07-31,39.275
2002-08-01,38.7
2002-08-02,37.485
2002-08-05,36.485
2002-08-06,38.075
2002-08-07,38.22
2002-08-08,38.835
2002-08-09,38.505
2002-08-12,38.6
2002-08-13,37.5
2002-08-14,38.84
2002-08-15,38.88
2002-08-16,39.475
2002-08-19,40.025
2002-08-20,39.825
2002-08-21,40.64
2002-08-22,40.9
2002-08-23,39.825
2002-08-26,40.55
2002-08-27,39.775
2002-08-28,39
2002-08-29,39.29
2002-08-30,39.025
2002-09-03,37.875
2002-09-04,38.675
2002-09-05,37.9
2002-09-06,39.15
2002-09-09,39.03
2002-09-10,39.275
2002-09-11,39.15
2002-09-12,38.5
2002-09-13,38.85
2002-09-16,38.4
2002-09-17,37.875
2002-09-18,37.775
2002-09-19,36.395
2002-09-20,36.55
2002-09-23,35.65
2002-09-24,35.375
2002-09-25,36.45
2002-09-26,36.93
2002-09-27,36.025
2002-09-30,35.775
2002-10-01,36.925
2002-10-02,36.025
2002-10-03,35.635
2002-10-04,34.65
2002-10-07,33.72
2002-10-08,33.975
2002-10-09,32.55
2002-10-10,33.5
2002-10-11,34.35
2002-10-14,34.58
2002-10-15,35.975
2002-10-16,35.075
2002-10-17,36.125
2002-10-18,36.2
2002-10-21,36.675
2002-10-22,36.205
2002-10-23,36.78
2002-10-24,36.425
2002-10-25,37.22
2002-10-28,36.8
2002-10-29,36.695
2002-10-30,37.325
2002-10-31,37.25
2002-11-01,38.125
2002-11-04,38.455
2002-11-05,38.52
2002-11-06,39.175
2002-11-07,38.245
2002-11-08,37.725
2002-11-11,36.81
2002-11-12,37.4
2002-11-13,37.6
2002-11-14,38.415
2002-11-15,38.4
2002-11-18,38.105
2002-11-19,37.97
2002-11-20,38.975
2002-11-21,39.735
2002-11-22,40.01
2002-11-25,40.275
2002-11-26,39.825
2002-11-27,40.91
2002-11-29,40.405
2002-12-02,40.715
2002-12-03,40
2002-12-04,39.605
2002-12-05,39.42
2002-12-06,39.58
2002-12-09,38.53
2002-12-10,39.28
2002-12-11,39.325
2002-12-12,39.485
2002-12-13,38.525
2002-12-16,39.215
2002-12-17,38.8
2002-12-18,38.18
2002-12-19,38.085
2002-12-20,38.515
2002-12-23,38.775
2002-12-24,38.7
2002-12-26,38.7
2002-12-27,38.07
2002-12-30,37.95
2002-12-31,37.905
2003-01-02,38.95
2003-01-03,38.885
2003-01-06,39.34
2003-01-07,39.135
2003-01-08,38.745
2003-01-09,39.315
2003-01-10,39.4
2003-01-13,39.49
2003-01-14,39.515
2003-01-15,39.425
2003-01-16,39.37
2003-01-17,38.63
2003-01-21,38.07
2003-01-22,37.74
2003-01-23,37.975
2003-01-24,37.19
2003-01-27,36.625
2003-01-28,36.925
2003-01-29,37.205
2003-01-30,36.6
2003-01-31,37.12
2003-02-03,36.8
2003-02-04,36.8
2003-02-05,36.525
2003-02-06,36.325
2003-02-07,35.66
2003-02-10,36.03
2003-02-11,35.93
2003-02-12,35.425
2003-02-13,35.33
2003-02-14,35.65
2003-02-18,36.365
2003-02-19,35.925
2003-02-20,35.85
2003-02-21,36.16
2003-02-24,35.605
2003-02-25,35.93
2003-02-26,35.75
2003-02-27,35.945
2003-02-28,36.005
2003-03-03,35.895
2003-03-04,35.43
2003-03-05,35.5
2003-03-06,35.21
2003-03-07,35.225
2003-03-10,34.62
2003-03-11,34.375
2003-03-12,34.45
2003-03-13,35.38
2003-03-14,35.425
2003-03-17,36.245
2003-03-18,36.72
2003-03-19,36.63
2003-03-20,36.87
2003-03-21,37.385
2003-03-24,36.585
2003-03-25,36.975
2003-03-26,36.52
2003-03-27,36.765
2003-03-28,36.75
2003-03-31,36
2003-04-01,36.625
2003-04-02,37.355
2003-04-03,37.375
2003-04-04,37.265
2003-04-07,37.29
2003-04-08,37.32
2003-04-09,37.115
2003-04-10,37.125
2003-04-11,36.92
2003-04-14,37.59
2003-04-15,37.995
2003-04-16,37.6
2003-04-17,38.175
2003-04-21,38.435
2003-04-22,38.965
2003-04-23,39.375
2003-04-24,39.175
2003-04-25,38.625
2003-04-28,39.31
2003-04-29,39.575
2003-04-30,39.7
2003-05-01,39.65
2003-05-02,40.65
2003-05-05,40.835
2003-05-06,41.225
2003-05-07,40.975
2003-05-08,40.635
2003-05-09,41.22
2003-05-12,41.67
2003-05-13,41.915
2003-05-14,41.89
2003-05-15,42.055
2003-05-16,41.535
2003-05-19,40.815
2003-05-20,40.805
2003-05-21,40.96
2003-05-22,41.375
2003-05-23,41.7
2003-05-27,42.68
2003-05-28,42.97
2003-05-29,43.245
2003-05-30,44.015
2003-06-02,44.245
2003-06-03,44.385
2003-06-04,44.99
2003-06-05,45.725
2003-06-06,45.2
2003-06-09,44.36
2003-06-10,45.025
2003-06-11,45.45
2003-06-12,45.705
2003-06-13,44.82
2003-06-16,45.575
2003-06-17,45.67
2003-06-18,45.64
2003-06-19,45.02
2003-06-20,44.635
2003-06-23,43.84
2003-06-24,43.825
2003-06-25,44.12
2003-06-26,44.875
2003-06-27,44.59
2003-06-30,44.45
2003-07-01,44.755
2003-07-02,45.875
2003-07-03,45.48
2003-07-07,46.425
2003-07-08,47.25
2003-07-09,47.6
2003-07-10,46.67
2003-07-11,47.315
2003-07-14,47.705
2003-07-15,47.575
2003-07-16,47.315
2003-07-17,45.815
2003-07-18,46.125
2003-07-21,45.725
2003-07-22,46.26
2003-07-23,46.575
2003-07-24,46.485
2003-07-25,46.825
2003-07-28,47.4
2003-07-29,47.425
2003-07-30,47.245
2003-07-31,47.34
2003-08-01,46.675
2003-08-04,46.205
2003-08-05,45.405
2003-08-06,45.2
2003-08-07,45.35
2003-08-08,45.25
2003-08-11,45.875
2003-08-12,46.645
2003-08-13,46.8
2003-08-14,47.105
2003-08-15,47.12
2003-08-18,48.055
2003-08-19,48.955
2003-08-20,48.93
2003-08-21,49.33
2003-08-22,48.46
2003-08-25,48.415
2003-08-26,48.6
2003-08-27,49.075
2003-08-28,49.4
2003-08-29,49.605
2003-09-02,50.75
2003-09-03,50.965
2003-09-04,51.175
2003-09-05,50.85
2003-09-08,51.555
2003-09-09,51.175
2003-09-10,50.165
2003-09-11,50.6
2003-09-12,50.705
2003-09-15,50.58
2003-09-16,51.335
2003-09-17,51.32
2003-09-18,51.855
2003-09-19,51.8
2003-09-22,51.09
2003-09-23,51.785
2003-09-24,50.505
2003-09-25,49.14
2003-09-26,48.3
2003-09-29,49.165
2003-09-30,48.525
2003-10-01,49.835
2003-10-02,50.315
2003-10-03,51.11
2003-10-06,51.55
2003-10-07,51.84
2003-10-08,51.435
2003-10-09,51.975
2003-10-10,51.91
2003-10-13,52.725
2003-10-14,53.07
2003-10-15,52.405
2003-10-16,52.875
2003-10-17,51.85
2003-10-20,52.11
2003-10-21,52.345
2003-10-22,51.2
2003-10-23,50.75
2003-10-24,50.625
2003-10-27,51.365
2003-10-28,52.6
2003-10-29,52.95
2003-10-30,53.1
2003-10-31,52.75
2003-11-03,53.645
2003-11-04,53.72
2003-11-05,53.985
2003-11-06,54.41
2003-11-07,53.995
2003-11-10,53.125
2003-11-11,52.76
2003-11-12,53.98
2003-11-13,54.125
2003-11-14,53.1
2003-11-17,52.455
2003-11-18,51.88
2003-11-19,52.425
2003-11-20,52.07
2003-11-21,52.645
2003-11-24,53.85
2003-11-25,54.175
2003-11-26,54.465
2003-11-28,54.725
2003-12-01,55.43
2003-12-02,55.345
2003-12-03,54.35
2003-12-04,54.475
2003-12-05,53.8
2003-12-08,54.2
2003-12-09,53.285
2003-12-10,52.805
2003-12-11,54.28
2003-12-12,54.48
2003-12-15,53.205
2003-12-16,53.56
2003-12-17,53.55
2003-12-18,54.375
2003-12-19,54.2
2003-12-22,54.805
2003-12-23,55.105
2003-12-24,55.04
2003-12-26,55.235
2003-12-29,56.075
2003-12-30,56.22
2003-12-31,55.4
2004-01-02,55.995
2004-01-05,56.65
2004-01-06,56.575
2004-01-07,57.175
2004-01-08,57.61
2004-01-09,57.15
2004-01-12,58.22
2004-01-13,57.975
2004-01-14,58.275
2004-01-15,58.425
2004-01-16,58.75
2004-01-20,59.455
2004-01-21,59.375
2004-01-22,59.04
2004-01-23,59.36
2004-01-26,59.95
2004-01-27,59.2
2004-01-28,58.275
2004-01-29,57.725
2004-01-30,57.8
2004-02-02,57.95
2004-02-03,57.625
2004-02-04,56.2
2004-02-05,56.725
2004-02-06,58.16
2004-02-09,58.275
2004-02-10,58.975
2004-02-11,59.335
2004-02-12,58.93
2004-02-13,58.325
2004-02-17,59.35
2004-02-18,58.915
2004-02-19,57.875
2004-02-20,57.775
2004-02-23,56.905
2004-02-24,56.9
2004-02-25,57.7
2004-02-26,58.05
2004-02-27,58.35
2004-03-01,59.275
2004-03-02,58.805
2004-03-03,58.865
2004-03-04,59.61
2004-03-05,59.745
2004-03-08,58.9
2004-03-09,58.4
2004-03-10,57.175
2004-03-11,56.6
2004-03-12,58.125
2004-03-15,56.625
2004-03-16,56.65
2004-03-17,57.7
2004-03-18,57.35
2004-03-19,56.85
2004-03-22,55.755
2004-03-23,55.85
2004-03-24,55.775
2004-03-25,57.06
2004-03-26,57.1
2004-03-29,58.195
2004-03-30,58.67
2004-03-31,58.8
2004-04-01,59.445
2004-04-02,60.2
2004-04-05,60.375
2004-04-06,59.64
2004-04-07,60.09
2004-04-08,59.555
2004-04-12,59.71
2004-04-13,58.32
2004-04-14,58.14
2004-04-15,57.69
2004-04-16,58.13
2004-04-19,58.56
2004-04-20,57.265
2004-04-21,58.2
2004-04-22,59
2004-04-23,58.875
2004-04-26,59
2004-04-27,58.85
2004-04-28,57.62
2004-04-29,56.475
2004-04-30,55.555
2004-05-03,56.285
2004-05-04,56.6
2004-05-05,56.85
2004-05-06,56.02
2004-05-07,54.425
2004-05-10,53.46
2004-05-11,54.625
2004-05-12,55.04
2004-05-13,54.285
2004-05-14,54.075
2004-05-17,53.56
2004-05-18,54.165
2004-05-19,53.78
2004-05-20,53.89
2004-05-21,54.395
2004-05-24,55.1
2004-05-25,56.25
2004-05-26,56.635
2004-05-27,56.65
2004-05-28,56.75
2004-06-01,57.29
2004-06-02,57.1
2004-06-03,56
2004-06-04,56.7
2004-06-07,57.725
2004-06-08,57.67
2004-06-09,56.625
2004-06-10,56.85
2004-06-14,55.735
2004-06-15,56.75
2004-06-16,56.86
2004-06-17,56.715
2004-06-18,56.91
2004-06-21,56.685
2004-06-22,57.125
2004-06-23,57.985
2004-06-24,57.775
2004-06-25,58.3
2004-06-28,58.18
2004-06-29,58.665
2004-06-30,58.995
2004-07-01,57.92
2004-07-02,58.1
2004-07-06,57.06
2004-07-07,56.99
2004-07-08,55.955
2004-07-09,56.325
2004-07-12,56
2004-07-13,56.075
2004-07-14,55.75
2004-07-15,55.875
2004-07-16,55.25
2004-07-19,55.18
2004-07-20,56.275
2004-07-21,54.51
2004-07-22,54.6
2004-07-23,53.82
2004-07-26,53.115
2004-07-27,54.105
2004-07-28,54.06
2004-07-29,54.7
2004-07-30,55
2004-08-02,54.8
2004-08-03,54.015
2004-08-04,53.97
2004-08-05,52.975
2004-08-06,51.865
2004-08-09,51.7
2004-08-10,52.51
2004-08-11,52.44
2004-08-12,51.685
2004-08-13,51.675
2004-08-16,52.56
2004-08-17,52.89
2004-08-18,54.02
2004-08-19,53.56
2004-08-20,54.51
2004-08-23,54.31
2004-08-24,54.46
2004-08-25,54.77
2004-08-26,54.45
2004-08-27,54.88
2004-08-30,54.255
2004-08-31,54.17
2004-09-01,55.125
2004-09-02,56.095
2004-09-03,55.475
2004-09-07,56.175
2004-09-08,55.875
2004-09-09,56.34
2004-09-10,56.86
2004-09-13,57.165
2004-09-14,57.05
2004-09-15,56.705
2004-09-16,57.315
2004-09-17,57.215
2004-09-20,56.96
2004-09-21,57.39
2004-09-22,56.42
2004-09-23,56.365
2004-09-24,56.335
2004-09-27,55.735
2004-09-28,56.4
2004-09-29,56.925
2004-09-30,56.925
2004-10-01,58.36
2004-10-04,58.69
2004-10-05,58.635
2004-10-06,59.015
2004-10-07,58.03
2004-10-08,57.3
2004-10-11,57.57
2004-10-12,57.435
2004-10-13,56.6
2004-10-14,56.23
2004-10-15,56.81
2004-10-18,57.05
2004-10-19,56.46
2004-10-20,56.755
2004-10-21,57.475
2004-10-22,56.495
2004-10-25,57.1
2004-10-26,57.85
2004-10-27,58.415
2004-10-28,58.2
2004-10-29,58.095
2004-11-01,58.555
2004-11-02,58.325
2004-11-03,59.265
2004-11-04,59.99
2004-11-05,60.26
2004-11-08,60.05
2004-11-09,60.265
2004-11-10,60.7
2004-11-11,61.3
2004-11-12,61.925
2004-11-15,62.275
2004-11-16,61.725
2004-11-17,62.055
2004-11-18,61.96
2004-11-19,61.3
2004-11-22,61.95
2004-11-23,62.335
2004-11-24,62.71
2004-11-26,62.75
2004-11-29,62.975
2004-11-30,63.44
2004-12-01,64.03
2004-12-02,63.94
2004-12-03,63.82
2004-12-06,63.52
2004-12-07,62.405
2004-12-08,63.1
2004-12-09,62.62
2004-12-10,63.1
2004-12-13,63.79
2004-12-14,64.135
2004-12-15,64.67
2004-12-16,64.165
2004-12-17,63.905
2004-12-20,63.83
2004-12-21,64.505
2004-12-22,64.63
2004-12-23,64.59
2004-12-27,64.175
2004-12-28,65.025
2004-12-29,65.02
2004-12-30,64.79
2004-12-31,64.75
2005-01-03,63.91
2005-01-04,62.54
2005-01-05,61.29
2005-01-06,61.615
2005-01-07,60.93
2005-01-10,61.55
2005-01-11,60.8
2005-01-12,61.05
2005-01-13,60.865
2005-01-14,61.445
2005-01-18,62.175
2005-01-19,61.285
2005-01-20,60.92
2005-01-21,60.78
2005-01-24,60.315
2005-01-25,60.47
2005-01-26,61.275
2005-01-27,61.45
2005-01-28,61.4
2005-01-31,62.12
2005-02-01,62.47
2005-02-02,62.945
2005-02-03,62.6
2005-02-04,63.39
2005-02-07,63.375
2005-02-08,63.53
2005-02-09,62.175
2005-02-10,62.285
2005-02-11,63.3
2005-02-14,63.245
2005-02-15,63.3
2005-02-16,63.49
2005-02-17,62.93
2005-02-18,62.775
2005-02-22,61.55
2005-02-23,61.915
2005-02-24,62.495
2005-02-25,63.535
2005-02-28,63.14
2005-03-01,63.625
2005-03-02,63.51
2005-03-03,63.565
2005-03-04,64.345
2005-03-07,64.185
2005-03-08,63.575
2005-03-09,62.855
2005-03-10,62.585
2005-03-11,62.54
2005-03-14,63.01
2005-03-15,62.585
2005-03-16,62.235
2005-03-17,62.235
2005-03-18,61.9
2005-03-21,61.975
2005-03-22,61.55
2005-03-23,61.1
2005-03-24,61.05
2005-03-28,61.075
2005-03-29,60.2
2005-03-30,61.085
2005-03-31,61.075
2005-04-01,60.82
2005-04-04,61.045
2005-04-05,61.155
2005-04-06,61.345
2005-04-07,61.585
2005-04-08,60.65
2005-04-11,60.35
2005-04-12,60.915
2005-04-13,59.825
2005-04-14,58.625
2005-04-15,57.82
2005-04-18,58.19
2005-04-19,59.15
2005-04-20,58.225
2005-04-21,59.65
2005-04-22,58.685
2005-04-25,59.225
2005-04-26,58.39
2005-04-27,58.365
2005-04-28,56.875
2005-04-29,57.62
2005-05-02,58.21
2005-05-03,58.5
2005-05-04,59.15
2005-05-05,59.14
2005-05-06,59.35
2005-05-09,59.92
2005-05-10,59.205
2005-05-11,59.235
2005-05-12,58.3
2005-05-13,58.09
2005-05-16,58.985
2005-05-17,59.335
2005-05-18,60.525
2005-05-19,60.675
2005-05-20,60.6
2005-05-23,61
2005-05-24,60.75
2005-05-25,60.295
2005-05-26,61.135
2005-05-27,61.475
2005-05-31,61.345
2005-06-01,62.04
2005-06-02,62.21
2005-06-03,61.755
2005-06-06,61.985
2005-06-07,62.11
2005-06-08,61.715
2005-06-09,62.32
2005-06-10,62.45
2005-06-13,62.73
2005-06-14,63.27
2005-06-15,63.44
2005-06-16,64.06
2005-06-17,64.02
2005-06-20,63.68
2005-06-21,63.86
2005-06-22,64.01
2005-06-23,62.88
2005-06-24,62.21
2005-06-27,62.37
2005-06-28,63.34
2005-06-29,63.84
2005-06-30,63.7
2005-07-01,63.98
2005-07-05,64.99
2005-07-06,64.4
2005-07-07,64.58
2005-07-08,65.97
2005-07-11,66.78
2005-07-12,66.57
2005-07-13,66.42
2005-07-14,65.94
2005-07-15,66
2005-07-18,65.62
2005-07-19,66.54
2005-07-20,67.35
2005-07-21,66.3
2005-07-22,67.32
2005-07-25,66.88
2005-07-26,67.08
2005-07-27,67.27
2005-07-28,67.96
2005-07-29,67.89
2005-08-01,67.86
2005-08-02,68.37
2005-08-03,68.03
2005-08-04,66.89
2005-08-05,65.97
2005-08-08,65.74
2005-08-09,65.84
2005-08-10,65.75
2005-08-11,66.32
2005-08-12,65.52
2005-08-15,66.22
2005-08-16,65.06
2005-08-17,64.98
2005-08-18,64.77
2005-08-19,65.11
2005-08-22,65.48
2005-08-23,65.47
2005-08-24,65.21
2005-08-25,65.57
2005-08-26,64.5
2005-08-29,65.37
2005-08-30,65.08
2005-08-31,66.53
2005-09-01,66.53
2005-09-02,66.17
2005-09-06,67.16
2005-09-07,67.36
2005-09-08,66.98
2005-09-09,67.39
2005-09-12,67.69
2005-09-13,67.17
2005-09-14,66.4
2005-09-15,66.17
2005-09-16,66.94
2005-09-19,66.62
2005-09-20,65.66
2005-09-21,64.6
2005-09-22,64.93
2005-09-23,65.18
2005-09-26,65.62
2005-09-27,65.4
2005-09-28,65.31
2005-09-29,66.03
2005-09-30,66.39
2005-10-03,66.79
2005-10-04,65.78
2005-10-05,64.1
2005-10-06,63.53
2005-10-07,64.1
2005-10-10,63.38
2005-10-11,62.5
2005-10-12,61.62
2005-10-13,61.87
2005-10-14,62.91
2005-10-17,63.02
2005-10-18,62.17
2005-10-19,63.51
2005-10-20,62.33
2005-10-21,63.02
2005-10-24,64.4
2005-10-25,63.85
2005-10-26,63.52
2005-10-27,62.19
2005-10-28,63.06
2005-10-31,63.78
2005-11-01,64.1
2005-11-02,65.39
2005-11-03,65.62
2005-11-04,65.48
2005-11-07,65.72
2005-11-08,65.48
2005-11-09,65.7
2005-11-10,66.05
2005-11-11,66.43
2005-11-14,66.19
2005-11-15,65.23
2005-11-16,65.25
2005-11-17,66.38
2005-11-18,66.89
2005-11-21,67.57
2005-11-22,67.93
2005-11-23,68.01
2005-11-25,67.96
2005-11-28,67.06
2005-11-29,67.16
2005-11-30,67.45
2005-12-01,68.55
2005-12-02,68.82
2005-12-05,68.33
2005-12-06,68.54
2005-12-07,68.12
2005-12-08,68.3
2005-12-09,68.64
2005-12-12,68.85
2005-12-13,68.86
2005-12-14,68.78
2005-12-15,68.08
2005-12-16,67.84
2005-12-19,67
2005-12-20,66.98
2005-12-21,67.79
2005-12-22,67.97
2005-12-23,68.13
2005-12-27,67.11
2005-12-28,67.51
2005-12-29,67.15
2005-12-30,66.72
2006-01-03,68.05
2006-01-04,68.42
2006-01-05,68.79
2006-01-06,69.61
2006-01-09,70.07
2006-01-10,70.7
2006-01-11,70.58
2006-01-12,70.33
2006-01-13,70.36
2006-01-17,70.03
2006-01-18,69.88
2006-01-19,71
2006-01-20,70.19
2006-01-23,70.41
2006-01-24,71.2
2006-01-25,71.38
2006-01-26,72.41
2006-01-27,72.77
2006-01-30,72.56
2006-01-31,72.35
2006-02-01,73.1
2006-02-02,72
2006-02-03,71.78
2006-02-06,72.42
2006-02-07,71.25
2006-02-08,71.7
2006-02-09,71.33
2006-02-10,71.18
2006-02-13,70.71
2006-02-14,71.53
2006-02-15,72.16
2006-02-16,72.8
2006-02-17,72.65
2006-02-21,72.33
2006-02-22,72.82
2006-02-23,72.77
2006-02-24,73.35
2006-02-27,73.55
2006-02-28,72.58
2006-03-01,73.9
2006-03-02,73.59
2006-03-03,73.22
2006-03-06,72.65
2006-03-07,71.6
2006-03-08,71.85
2006-03-09,71.22
2006-03-10,72.32
2006-03-13,72.47
2006-03-14,73.27
2006-03-15,73.94
2006-03-16,73.77
2006-03-17,74.07
2006-03-20,74.03
2006-03-21,73
2006-03-22,74.13
2006-03-23,74.45
2006-03-24,74.9
2006-03-27,74.91
2006-03-28,74.52
2006-03-29,75.9
2006-03-30,75.7
2006-03-31,75.97
2006-04-03,75.34
2006-04-04,75.68
2006-04-05,76.07
2006-04-06,76.23
2006-04-07,75.01
2006-04-10,74.93
2006-04-11,73.6
2006-04-12,74.37
2006-04-13,74.56
2006-04-17,74.61
2006-04-18,76.7
2006-04-19,77.26
2006-04-20,76.85
2006-04-21,76.68
2006-04-24,76.07
2006-04-25,76.12
2006-04-26,76.06
2006-04-27,75.43
2006-04-28,76.2
2006-05-01,75.26
2006-05-02,76.29
2006-05-03,76.16
2006-05-04,77.09
2006-05-05,77.52
2006-05-08,77.63
2006-05-09,77.52
2006-05-10,77.05
2006-05-11,75.31
2006-05-12,73.5
2006-05-15,73.17
2006-05-16,73.29
2006-05-17,71.95
2006-05-18,71.27
2006-05-19,71.9
2006-05-22,71.1
2006-05-23,70.18
2006-05-24,70.72
2006-05-25,72.21
2006-05-26,72.64
2006-05-30,70.64
2006-05-31,71.87
2006-06-01,73.27
2006-06-02,73.22
2006-06-05,71.09
2006-06-06,70.79
2006-06-07,70.1
2006-06-08,70.16
2006-06-09,69.54
2006-06-12,67.94
2006-06-13,66.65
2006-06-14,67.45
2006-06-15,69.76
2006-06-16,68.85
2006-06-19,67.5
2006-06-20,67.42
2006-06-21,68.6
2006-06-22,68.24
2006-06-23,68.65
2006-06-26,69.5
2006-06-27,68.3
2006-06-28,68.6
2006-06-29,71.25
2006-06-30,71.73
2006-07-03,72.63
2006-07-05,71.57
2006-07-06,71.55
2006-07-07,70.49
2006-07-10,70.5
2006-07-11,71.12
2006-07-12,69.65
2006-07-13,68.07
2006-07-14,67.53
2006-07-17,67.44
2006-07-18,67.9
2006-07-19,69.5
2006-07-20,67.72
2006-07-21,66.75
2006-07-24,68.88
2006-07-25,69.05
2006-07-26,68.9
2006-07-27,68.24
2006-07-28,69.67
2006-07-31,69.68
2006-08-01,68.59
2006-08-02,69.5
2006-08-03,70.34
2006-08-04,69.62
2006-08-07,69.35
2006-08-08,68.39
2006-08-09,67.7
2006-08-10,68.3
2006-08-11,67.6
2006-08-14,68
2006-08-15,69.42
2006-08-16,70.42
2006-08-17,70.53
2006-08-18,70.94
2006-08-21,70.18
2006-08-22,70.41
2006-08-23,69.6
2006-08-24,69.48
2006-08-25,69.6
2006-08-28,70.34
2006-08-29,71.25
2006-08-30,71.8
2006-08-31,71.77
2006-09-01,71.82
2006-09-05,72.47
2006-09-06,70.93
2006-09-07,70.3
2006-09-08,70.57
2006-09-11,70.48
2006-09-12,72.14
2006-09-13,72.75
2006-09-14,72.49
2006-09-15,72.66
2006-09-18,72.64
2006-09-19,72.32
2006-09-20,73.29
2006-09-21,72.5
2006-09-22,71.54
2006-09-25,72.39
2006-09-26,72.39
2006-09-27,72.92
2006-09-28,72.63
2006-09-29,72
2006-10-02,71.32
2006-10-03,71.22
2006-10-04,72.95
2006-10-05,73.88
2006-10-06,73.5
2006-10-09,74.06
2006-10-10,74.1
2006-10-11,73.81
2006-10-12,75.3
2006-10-13,75.9
2006-10-16,76.35
2006-10-17,75.97
2006-10-18,75.98
2006-10-19,76.35
2006-10-20,75.6
2006-10-23,75.75
2006-10-24,75.9
2006-10-25,76.4
2006-10-26,77.04
2006-10-27,76.14
2006-10-30,76.47
2006-10-31,76.23
2006-11-01,74.58
2006-11-02,74.47
2006-11-03,74.83
2006-11-06,75.7
2006-11-07,76.2
2006-11-08,76.59
2006-11-09,75.89
2006-11-10,76.52
2006-11-13,76.63
2006-11-14,78.11
2006-11-15,78.7
2006-11-16,78.64
2006-11-17,78.59
2006-11-20,78.7
2006-11-21,78.83
2006-11-22,78.92
2006-11-24,78.56
2006-11-27,76.8
2006-11-28,77.06
2006-11-29,78.06
2006-11-30,78.07
2006-12-01,77.78
2006-12-04,79.32
2006-12-05,79.38
2006-12-06,79.11
2006-12-07,78.77
2006-12-08,78.78
2006-12-11,78.98
2006-12-12,78.55
2006-12-13,78.65
2006-12-14,78.97
2006-12-15,78.9
2006-12-18,77.91
2006-12-19,77.86
2006-12-20,77.98
2006-12-21,77.62
2006-12-22,77.11
2006-12-26,78.21
2006-12-27,79.14
2006-12-28,78.78
2006-12-29,78.03
2007-01-03,78.16
2007-01-04,78.37
2007-01-05,76.73
2007-01-08,76.43
2007-01-09,77.15
2007-01-10,77.75
2007-01-11,78.23
2007-01-12,78.98
2007-01-16,78.45
2007-01-17,78.11
2007-01-18,77.46
2007-01-19,77.76
2007-01-22,77.19
2007-01-23,77.92
2007-01-24,78.77
2007-01-25,77.78
2007-01-26,78.07
2007-01-29,78.75
2007-01-30,79.18
2007-01-31,79.35
2007-02-01,80.2
2007-02-02,80.25
2007-02-05,80.24
2007-02-06,80.44
2007-02-07,81.18
2007-02-08,81.05
2007-02-09,80.31
2007-02-12,80.09
2007-02-13,80.68
2007-02-14,80.8
2007-02-15,80.86
2007-02-16,81.17
2007-02-20,81.95
2007-02-21,82.1
2007-02-22,82.39
2007-02-23,81.95
2007-02-26,81.89
2007-02-27,78.05
2007-02-28,78.83
2007-03-01,78.42
2007-03-02,76.86
2007-03-05,75.17
2007-03-06,77.22
2007-03-07,76.97
2007-03-08,77.55
2007-03-09,78.18
2007-03-12,78.4
2007-03-13,76.39
2007-03-14,77.2
2007-03-15,77.8
2007-03-16,77.27
2007-03-19,78.23
2007-03-20,78.85
2007-03-21,80.27
2007-03-22,80.27
2007-03-23,80.24
2007-03-26,80.07
2007-03-27,79.7
2007-03-28,79.15
2007-03-29,79.25
2007-03-30,79.45
2007-04-02,79.65
2007-04-03,80.5
2007-04-04,80.49
2007-04-05,80.44
2007-04-09,80.55
2007-04-10,80.8
2007-04-11,80.3
2007-04-12,80.84
2007-04-13,81.36
2007-04-16,82.48
2007-04-17,82.23
2007-04-18,81.75
2007-04-19,81.36
2007-04-20,82.31
2007-04-23,82.22
2007-04-24,82.18
2007-04-25,82.41
2007-04-26,82.87
2007-04-27,82.52
2007-04-30,80.74
2007-05-01,81.07
2007-05-02,82.15
2007-05-03,82.3
2007-05-04,82.82
2007-05-07,82.58
2007-05-08,82.29
2007-05-09,82.62
2007-05-10,81.6
2007-05-11,82.34
2007-05-14,81.62
2007-05-15,80.97
2007-05-16,81.41
2007-05-17,80.78
2007-05-18,81.73
2007-05-21,82.76
2007-05-22,83.27
2007-05-23,83.05
2007-05-24,81.96
2007-05-25,82.49
2007-05-29,83.25
2007-05-30,83.81
2007-05-31,84.27
2007-06-01,84.7
2007-06-04,84.79
2007-06-05,84.45
2007-06-06,83.51
2007-06-07,81.78
2007-06-08,82.85
2007-06-11,82.87
2007-06-12,81.5
2007-06-13,82.59
2007-06-14,83.34
2007-06-15,84.33
2007-06-18,84.17
2007-06-19,84.39
2007-06-20,82.93
2007-06-21,83.58
2007-06-22,82.92
2007-06-25,82.49
2007-06-26,81.88
2007-06-27,83.59
2007-06-28,83.42
2007-06-29,82.9
2007-07-02,83.97
2007-07-03,84.37
2007-07-05,84.51
2007-07-06,84.8
2007-07-09,84.72
2007-07-10,83.33
2007-07-11,83.83
2007-07-12,84.82
2007-07-13,84.9
2007-07-16,84.48
2007-07-17,84.54
2007-07-18,84.27
2007-07-19,84.51
2007-07-20,83.25
2007-07-23,82.94
2007-07-24,81
2007-07-25,80.7
2007-07-26,78.54
2007-07-27,76.63
2007-07-30,77.96
2007-07-31,77.1
2007-08-01,77.52
2007-08-02,78.13
2007-08-03,75.35
2007-08-06,76.03
2007-08-07,77.2
2007-08-08,79.52
2007-08-09,77.69
2007-08-10,78.06
2007-08-13,77.64
2007-08-14,76.31
2007-08-15,75.2
2007-08-16,76.87
2007-08-17,78.41
2007-08-20,78.47
2007-08-21,78.69
2007-08-22,79.63
2007-08-23,78.61
2007-08-24,79.63
2007-08-27,78.53
2007-08-28,76.55
2007-08-29,78.56
2007-08-30,78.03
2007-08-31,78.74
2007-09-04,79.75
2007-09-05,79.01
2007-09-06,79.03
2007-09-07,77.73
2007-09-10,76.65
2007-09-11,77.99
2007-09-12,77.5
2007-09-13,77.69
2007-09-14,78.09
2007-09-17,77.23
2007-09-18,80.52
2007-09-19,81.6
2007-09-20,80.79
2007-09-21,80.96
2007-09-24,80.34
2007-09-25,79.82
2007-09-26,80.52
2007-09-27,81
2007-09-28,80.04
2007-10-01,82.03
2007-10-02,82.56
2007-10-03,82.33
2007-10-04,82.46
2007-10-05,84.13
2007-10-08,83.5
2007-10-09,84.18
2007-10-10,84.11
2007-10-11,83.16
2007-10-12,83.82
2007-10-15,82.85
2007-10-16,81.9
2007-10-17,82.22
2007-10-18,82.02
2007-10-19,79.09
2007-10-22,80.76
2007-10-23,81.38
2007-10-24,80.86
2007-10-25,80.66
2007-10-26,82.01
2007-10-29,81.92
2007-10-30,81.27
2007-10-31,82.32
2007-11-01,79.14
2007-11-02,79.53
2007-11-05,78.48
2007-11-06,79.96
2007-11-07,77.48
2007-11-08,77.71
2007-11-09,76.85
2007-11-12,76.11
2007-11-13,78.5
2007-11-14,78.05
2007-11-15,76.94
2007-11-16,76.29
2007-11-19,74.64
2007-11-20,75.07
2007-11-21,73.5
2007-11-23,75.06
2007-11-26,73.1
2007-11-27,73.95
2007-11-28,76.87
2007-11-29,76.21
2007-11-30,76.65
2007-12-03,75.75
2007-12-04,74.95
2007-12-05,76.44
2007-12-06,78.25
2007-12-07,78.49
2007-12-10,79.11
2007-12-11,76.35
2007-12-12,76.91
2007-12-13,76.49
2007-12-14,75
2007-12-17,73.85
2007-12-18,75.17
2007-12-19,75.7
2007-12-20,76.84
2007-12-21,78.6
2007-12-24,79.17
2007-12-26,79.54
2007-12-27,77.39
2007-12-28,76.56
2007-12-31,75.9
2008-01-02,75.16
2008-01-03,74.33
2008-01-04,72.09
2008-01-07,72.25
2008-01-08,70.02
2008-01-09,70.73
2008-01-10,71.7
2008-01-11,70.22
2008-01-14,70.8
2008-01-15,69.5
2008-01-16,69.57
2008-01-17,67.88
2008-01-18,67.22
2008-01-22,66.74
2008-01-23,69.02
2008-01-24,68.97
2008-01-25,68.47
2008-01-28,69.92
2008-01-29,70.1
2008-01-30,69.22
2008-01-31,70.94
2008-02-01,72.61
2008-02-04,71.79
2008-02-05,69.95
2008-02-06,69.02
2008-02-07,70.11
2008-02-08,69.67
2008-02-11,69.7
2008-02-12,70.25
2008-02-13,71.84
2008-02-14,70.18
2008-02-15,69.87
2008-02-19,70.73
2008-02-20,70.77
2008-02-21,69.42
2008-02-22,69.42
2008-02-25,70.77
2008-02-26,71.43
2008-02-27,71.4
2008-02-28,70.32
2008-02-29,68.86
2008-03-03,68.2
2008-03-04,67.8
2008-03-05,68.45
2008-03-06,66.17
2008-03-07,65.96
2008-03-10,64.5
2008-03-11,67.3
2008-03-12,66.52
2008-03-13,67.85
2008-03-14,66.14
2008-03-17,65.06
2008-03-18,68.05
2008-03-19,66.35
2008-03-20,67.48
2008-03-24,69.99
2008-03-25,70.22
2008-03-26,69.64
2008-03-27,69
2008-03-28,68.19
2008-03-31,68.29
2008-04-01,70.79
2008-04-02,70.96
2008-04-03,71.18
2008-04-04,71.16
2008-04-07,71.04
2008-04-08,70.97
2008-04-09,69.81
2008-04-10,70.55
2008-04-11,68.74
2008-04-14,68.53
2008-04-15,68.97
2008-04-16,71.2
2008-04-17,70.92
2008-04-18,71.67
2008-04-21,71.68
2008-04-22,70.37
2008-04-23,70.55
2008-04-24,71.23
2008-04-25,71.9
2008-04-28,72.38
2008-04-29,71.74
2008-04-30,71.4
2008-05-01,72.63
2008-05-02,72.55
2008-05-05,72.27
2008-05-06,72.86
2008-05-07,71.56
2008-05-08,71.71
2008-05-09,71.5
2008-05-12,73.07
2008-05-13,73.49
2008-05-14,73.4
2008-05-15,73.55
2008-05-16,73.95
2008-05-19,73.97
2008-05-20,73.7
2008-05-21,72.65
2008-05-22,73.17
2008-05-23,72.21
2008-05-27,73.32
2008-05-28,73.66
2008-05-29,74.41
2008-05-30,74.67
2008-06-02,73.99
2008-06-03,73.84
2008-06-04,74.3
2008-06-05,76.2
2008-06-06,73.92
2008-06-09,73.68
2008-06-10,73.14
2008-06-11,71.87
2008-06-12,72.02
2008-06-13,73.32
2008-06-16,73.78
2008-06-17,73.72
2008-06-18,73.13
2008-06-19,73.74
2008-06-20,72.57
2008-06-23,71.89
2008-06-24,70.7
2008-06-25,71.5
2008-06-26,69.66
2008-06-27,69.73
2008-06-30,69.05
2008-07-01,69.1
2008-07-02,66.89
2008-07-03,66.53
2008-07-07,65.69
2008-07-08,68.07
2008-07-09,66.25
2008-07-10,66.9
2008-07-11,67.27
2008-07-14,66.16
2008-07-15,65.88
2008-07-16,68.3
2008-07-17,68.4
2008-07-18,68.88
2008-07-21,69.72
2008-07-22,71.47
2008-07-23,71.93
2008-07-24,70.11
2008-07-25,70.68
2008-07-28,69.48
2008-07-29,71.18
2008-07-30,71.61
2008-07-31,71.32
2008-08-01,71.41
2008-08-04,70.75
2008-08-05,71.96
2008-08-06,72.32
2008-08-07,71.24
2008-08-08,73.12
2008-08-11,74.87
2008-08-12,74.31
2008-08-13,74.58
2008-08-14,75.3
2008-08-15,75.1
2008-08-18,74.13
2008-08-19,72.9
2008-08-20,73
2008-08-21,72.16
2008-08-22,73.68
2008-08-25,72.06
2008-08-26,72.17
2008-08-27,73.03
2008-08-28,74.51
2008-08-29,73.87
2008-09-02,73.85
2008-09-03,74.15
2008-09-04,71.82
2008-09-05,71.64
2008-09-08,72.48
2008-09-09,70.81
2008-09-10,71.47
2008-09-11,71.92
2008-09-12,72.25
2008-09-15,69.01
2008-09-16,71
2008-09-17,67.8
2008-09-18,71.8
2008-09-19,75
2008-09-22,71.95
2008-09-23,70.99
2008-09-24,69.94
2008-09-25,70.3
2008-09-26,70.63
2008-09-29,65.05
2008-09-30,68
2008-10-01,67.02
2008-10-02,63.58
2008-10-03,62.7
2008-10-06,59.72
2008-10-07,55.8
2008-10-08,54.46
2008-10-09,49.99
2008-10-10,52.45
2008-10-13,56.98
2008-10-14,55.38
2008-10-15,50.41
2008-10-16,53.71
2008-10-17,52.2
2008-10-20,54.69
2008-10-21,53.18
2008-10-22,50.49
2008-10-23,48.99
2008-10-24,47.17
2008-10-27,44.86
2008-10-28,48.45
2008-10-29,48.7
2008-10-30,51.43
2008-10-31,53.75
2008-11-03,53.82
2008-11-04,54.44
2008-11-05,51.59
2008-11-06,49.59
2008-11-07,50.62
2008-11-10,49.45
2008-11-11,48.38
2008-11-12,45.56
2008-11-13,49.31
2008-11-14,45.64
2008-11-17,45.25
2008-11-18,45.03
2008-11-19,41.36
2008-11-20,38.53
2008-11-21,40.64
2008-11-24,43.5
2008-11-25,44.22
2008-11-26,46.87
2008-11-28,47.34
2008-12-01,42.02
2008-12-02,44.23
2008-12-03,45.57
2008-12-04,44.06
2008-12-05,46.1
2008-12-08,48.14
2008-12-09,46.65
2008-12-10,47.75
2008-12-11,45.33
2008-12-12,46.89
2008-12-15,45.38
2008-12-16,48.33
2008-12-17,48.77
2008-12-18,48.46
2008-12-19,48.7
2008-12-22,47.76
2008-12-23,46.71
2008-12-24,46.88
2008-12-26,47.55
2008-12-29,46.82
2008-12-30,48.12
2008-12-31,49.24
2009-01-02,50.22
2009-01-05,50.4
2009-01-06,51.25
2009-01-07,49.74
2009-01-08,49.98
2009-01-09,48.13
2009-01-12,46.7
2009-01-13,47.32
2009-01-14,45.24
2009-01-15,45.97
2009-01-16,46.48
2009-01-20,43.33
2009-01-21,45.49
2009-01-22,44.17
2009-01-23,44.39
2009-01-26,44.89
2009-01-27,45.38
2009-01-28,47.25
2009-01-29,45.4
2009-01-30,44.48
2009-02-02,44.84
2009-02-03,45.16
2009-02-04,44.83
2009-02-05,45.35
2009-02-06,46.96
2009-02-09,46.75
2009-02-10,44.59
2009-02-11,44.76
2009-02-12,45.14
2009-02-13,44.67
2009-02-17,42.9
2009-02-18,42.29
2009-02-19,41.7
2009-02-20,41.14
2009-02-23,39.56
2009-02-24,41.02
2009-02-25,40.17
2009-02-26,39.42
2009-02-27,39.15
2009-03-02,36.94
2009-03-03,36.24
2009-03-04,36.99
2009-03-05,35.02
2009-03-06,35.2
2009-03-09,34.39
2009-03-10,36.63
2009-03-11,36.68
2009-03-12,38.96
2009-03-13,39.37
2009-03-16,38.66
2009-03-17,40.45
2009-03-18,41.85
2009-03-19,41.41
2009-03-20,39.98
2009-03-23,43.38
2009-03-24,41.56
2009-03-25,42.73
2009-03-26,44.38
2009-03-27,42.89
2009-03-30,41.66
2009-03-31,42.05
2009-04-01,42.78
2009-04-02,44.92
2009-04-03,45.63
2009-04-06,44.85
2009-04-07,43.26
2009-04-08,44.06
2009-04-09,46.64
2009-04-13,46.66
2009-04-14,45.31
2009-04-15,46
2009-04-16,47.33
2009-04-17,47.75
2009-04-20,45.3
2009-04-21,46.87
2009-04-22,46.86
2009-04-23,46.75
2009-04-24,47.62
2009-04-27,47.11
2009-04-28,47.18
2009-04-29,48.97
2009-04-30,48.52
2009-05-01,48.82
2009-05-04,50.6
2009-05-05,50.35
2009-05-06,50.49
2009-05-07,49.3
2009-05-08,51.01
2009-05-11,50.26
2009-05-12,49.55
2009-05-13,47.28
2009-05-14,47.94
2009-05-15,47.76
2009-05-18,49.36
2009-05-19,49.38
2009-05-20,48.92
2009-05-21,48.29
2009-05-22,47.79
2009-05-26,50.07
2009-05-27,49.1
2009-05-28,49.16
2009-05-29,50.17
2009-06-01,52.13
2009-06-02,52.78
2009-06-03,52.43
2009-06-04,53.18
2009-06-05,53.2
2009-06-08,52.57
2009-06-09,52.81
2009-06-10,52.6
2009-06-11,52.62
2009-06-12,52.78
2009-06-15,51.36
2009-06-16,50.5
2009-06-17,50.77
2009-06-18,51
2009-06-19,51.31
2009-06-22,49.49
2009-06-23,49.09
2009-06-24,49.62
2009-06-25,51.05
2009-06-26,51.23
2009-06-29,51.23
2009-06-30,51.08
2009-07-01,51.87
2009-07-02,49.91
2009-07-06,49.47
2009-07-07,48.4
2009-07-08,48.07
2009-07-09,47.87
2009-07-10,48.1
2009-07-13,49.26
2009-07-14,49.55
2009-07-15,51.46
2009-07-16,52.1
2009-07-17,51.9
2009-07-20,52.54
2009-07-21,52.45
2009-07-22,52.86
2009-07-23,54.53
2009-07-24,54.81
2009-07-27,55.09
2009-07-28,55.12
2009-07-29,54.84
2009-07-30,55.8
2009-07-31,55.57
2009-08-03,56.54
2009-08-04,57.11
2009-08-05,56.54
2009-08-06,55.75
2009-08-07,57.09
2009-08-10,57.19
2009-08-11,56.27
2009-08-12,57.12
2009-08-13,57.59
2009-08-14,56.41
2009-08-17,54.82
2009-08-18,55.55
2009-08-19,56.23
2009-08-20,56.84
2009-08-21,58.15
2009-08-24,58.13
2009-08-25,58.38
2009-08-26,58.51
2009-08-27,58.42
2009-08-28,58.05
2009-08-31,57.2
2009-09-01,55.92
2009-09-02,55.64
2009-09-03,56.26
2009-09-04,57.05
2009-09-08,57.68
2009-09-09,58.67
2009-09-10,59.4
2009-09-11,59.42
2009-09-14,60.05
2009-09-15,60.54
2009-09-16,61.79
2009-09-17,61.66
2009-09-18,61.91
2009-09-21,61.74
2009-09-22,62.02
2009-09-23,61.43
2009-09-24,60.2
2009-09-25,59.83
2009-09-28,61.26
2009-09-29,60.99
2009-09-30,60.24
2009-10-01,58.44
2009-10-02,58
2009-10-05,59.04
2009-10-06,60.14
2009-10-07,60.16
2009-10-08,60.71
2009-10-09,61.42
2009-10-12,61.43
2009-10-13,61.17
2009-10-14,62.34
2009-10-15,62.3
2009-10-16,61.68
2009-10-19,62.19
2009-10-20,61.33
2009-10-21,60.5
2009-10-22,61.34
2009-10-23,60.06
2009-10-26,59.52
2009-10-27,58.79
2009-10-28,56.83
2009-10-29,57.91
2009-10-30,56.33
2009-11-02,56.22
2009-11-03,57.07
2009-11-04,56.25
2009-11-05,58.04
2009-11-06,58.08
2009-11-09,59.22
2009-11-10,58.85
2009-11-11,59.26
2009-11-12,58.17
2009-11-13,58.73
2009-11-16,60.28
2009-11-17,60.28
2009-11-18,60.16
2009-11-19,58.66
2009-11-20,58.59
2009-11-23,59.61
2009-11-24,59.34
2009-11-25,59.33
2009-11-27,57.58
2009-11-30,58.09
2009-12-01,58.99
2009-12-02,59.69
2009-12-03,58.96
2009-12-04,60.42
2009-12-07,60.51
2009-12-08,60.04
2009-12-09,59.85
2009-12-10,59.61
2009-12-11,60.17
2009-12-14,61.08
2009-12-15,60.91
2009-12-16,61.3
2009-12-17,60.62
2009-12-18,61.18
2009-12-21,61.99
2009-12-22,62.57
2009-12-23,63.12
2009-12-24,63.36
2009-12-28,63.26
2009-12-29,63.23
2009-12-30,63.19
2009-12-31,62.44
2010-01-04,63.98
2010-01-05,63.76
2010-01-06,63.7
2010-01-07,64.17
2010-01-08,64.52
2010-01-11,64.26
2010-01-12,63.56
2010-01-13,64.38
2010-01-14,64.62
2010-01-15,63.68
2010-01-19,64.85
2010-01-20,63.91
2010-01-21,62.86
2010-01-22,61.73
2010-01-25,61.8
2010-01-26,61.19
2010-01-27,61.84
2010-01-28,60.78
2010-01-29,60.11
2010-02-01,60.82
2010-02-02,61.49
2010-02-03,61.08
2010-02-04,59.04
2010-02-05,59.27
2010-02-08,58.68
2010-02-09,59.49
2010-02-10,59.63
2010-02-11,60.58
2010-02-12,61.02
2010-02-16,62.05
2010-02-17,62.47
2010-02-18,62.98
2010-02-19,63.06
2010-02-22,63.25
2010-02-23,62.51
2010-02-24,63.04
2010-02-25,63.06
2010-02-26,62.8
2010-03-01,64.26
2010-03-02,64.75
2010-03-03,65.12
2010-03-04,65.29
2010-03-05,66.62
2010-03-08,66.74
2010-03-09,66.98
2010-03-10,67.55
2010-03-11,67.75
2010-03-12,67.72
2010-03-15,67.49
2010-03-16,68.07
2010-03-17,68.47
2010-03-18,68.26
2010-03-19,67.41
2010-03-22,68.36
2010-03-23,69.23
2010-03-24,68.27
2010-03-25,67.84
2010-03-26,67.81
2010-03-29,68.18
2010-03-30,68.39
2010-03-31,67.8
2010-04-01,68.43
2010-04-05,69.71
2010-04-06,70.12
2010-04-07,69.9
2010-04-08,69.83
2010-04-09,70.25
2010-04-12,70.54
2010-04-13,70.7
2010-04-14,72.21
2010-04-15,72.43
2010-04-16,71.46
2010-04-19,71.11
2010-04-20,72.08
2010-04-21,72.58
2010-04-22,73.35
2010-04-23,74.13
2010-04-26,73.85
2010-04-27,72.16
2010-04-28,72.28
2010-04-29,73.81
2010-04-30,71.65
2010-05-03,73.26
2010-05-04,70.96
2010-05-05,69.92
2010-05-06,67.3
2010-05-07,65.36
2010-05-10,69.03
2010-05-11,69.49
2010-05-12,71.62
2010-05-13,70.93
2010-05-14,69.56
2010-05-17,69.69
2010-05-18,68.35
2010-05-19,67.54
2010-05-20,64.12
2010-05-21,65.07
2010-05-24,64.2
2010-05-25,64.19
2010-05-26,64.35
2010-05-27,67.11
2010-05-28,66.25
2010-06-01,64.24
2010-06-02,66.07
2010-06-03,66.92
2010-06-04,63.56
2010-06-07,61.92
2010-06-08,61.89
2010-06-09,61.93
2010-06-10,64.07
2010-06-11,64.94
2010-06-14,65.35
2010-06-15,66.99
2010-06-16,66.68
2010-06-17,66.76
2010-06-18,66.8
2010-06-21,66.11
2010-06-22,64.75
2010-06-23,64.57
2010-06-24,63.54
2010-06-25,64.63
2010-06-28,64.26
2010-06-29,61.83
2010-06-30,61.12
2010-07-01,60.68
2010-07-02,59.82
2010-07-06,59.04
2010-07-07,61.1
2010-07-08,61.98
2010-07-09,62.94
2010-07-12,62.23
2010-07-13,64.2
2010-07-14,63.97
2010-07-15,63.38
2010-07-16,61.07
2010-07-19,61.33
2010-07-20,62.36
2010-07-21,61.24
2010-07-22,63.42
2010-07-23,64.98
2010-07-26,66.46
2010-07-27,66.22
2010-07-28,65.15
2010-07-29,64.98
2010-07-30,65.02
2010-08-02,66.15
2010-08-03,65.62
2010-08-04,66.31
2010-08-05,65.53
2010-08-06,65.14
2010-08-09,65.86
2010-08-10,64.62
2010-08-11,62.08
2010-08-12,61.77
2010-08-13,61.07
2010-08-16,61.56
2010-08-17,62.62
2010-08-18,62.81
2010-08-19,61.09
2010-08-20,61.15
2010-08-23,60.32
2010-08-24,59.63
2010-08-25,60.53
2010-08-26,60.08
2010-08-27,61.65
2010-08-30,60.3
2010-08-31,60.18
2010-09-01,62.51
2010-09-02,63.2
2010-09-03,64.33
2010-09-07,63.11
2010-09-08,63.48
2010-09-09,63.52
2010-09-10,63.72
2010-09-13,65.27
2010-09-14,64.99
2010-09-15,65.36
2010-09-16,64.94
2010-09-17,65.21
2010-09-20,67.02
2010-09-21,66.63
2010-09-22,65.84
2010-09-23,64.88
2010-09-24,66.99
2010-09-27,66.82
2010-09-28,67.48
2010-09-29,67.67
2010-09-30,67.5
2010-10-01,67.86
2010-10-04,66.94
2010-10-05,68.84
2010-10-06,68.61
2010-10-07,68.41
2010-10-08,69.28
2010-10-11,69.34
2010-10-12,69.52
2010-10-13,70.58
2010-10-14,70.53
2010-10-15,70.29
2010-10-18,70.88
2010-10-19,69.5
2010-10-20,70.21
2010-10-21,69.87
2010-10-22,70.32
2010-10-25,70.74
2010-10-26,70.69
2010-10-27,70.51
2010-10-28,70.08
2010-10-29,70.3
2010-11-01,69.82
2010-11-02,71.27
2010-11-03,71.55
2010-11-04,73.36
2010-11-05,73.77
2010-11-08,73.71
2010-11-09,72.73
2010-11-10,73.54
2010-11-11,73.25
2010-11-12,72.03
2010-11-15,72.04
2010-11-16,70.64
2010-11-17,70.83
2010-11-18,72.21
2010-11-19,72.45
2010-11-22,72.8
2010-11-23,72.11
2010-11-24,73.73
2010-11-26,73.22
2010-11-29,73.33
2010-11-30,72.75
2010-12-01,74.38
2010-12-02,75.13
2010-12-03,75.67
2010-12-06,76.14
2010-12-07,76.58
2010-12-08,76.53
2010-12-09,76.79
2010-12-10,77.75
2010-12-13,77.35
2010-12-14,77.31
2010-12-15,77.07
2010-12-16,77.78
2010-12-17,78.02
2010-12-20,78.33
2010-12-21,79.2
2010-12-22,78.82
2010-12-23,78.72
2010-12-27,78.96
2010-12-28,78.74
2010-12-29,78.91
2010-12-30,78.76
2010-12-31,78.24
2011-01-03,79.6
2011-01-04,78.42
2011-01-05,79.34
2011-01-06,78.97
2011-01-07,78.52
2011-01-10,78.97
2011-01-11,79.29
2011-01-12,79.97
2011-01-13,79.94
2011-01-14,80.54
2011-01-18,80.6
2011-01-19,78.53
2011-01-20,77.71
2011-01-21,77.19
2011-01-24,77.76
2011-01-25,77.88
2011-01-26,79.12
2011-01-27,79.35
2011-01-28,77.41
2011-01-31,77.95
2011-02-01,79.75
2011-02-02,79.45
2011-02-03,79.73
2011-02-04,79.87
2011-02-07,80.66
2011-02-08,81.23
2011-02-09,80.87
2011-02-10,81.19
2011-02-11,82.07
2011-02-14,82.49
2011-02-15,82.02
2011-02-16,82.68
2011-02-17,83.26
2011-02-18,83.35
2011-02-22,81.21
2011-02-23,79.81
2011-02-24,80.32
2011-02-25,82.18
2011-02-28,82.27
2011-03-01,80.62
2011-03-02,80.96
2011-03-03,82.8
2011-03-04,82.44
2011-03-07,81.09
2011-03-08,82.41
2011-03-09,82.08
2011-03-10,79.97
2011-03-11,80.18
2011-03-14,79.75
2011-03-15,79.04
2011-03-16,78.25
2011-03-17,78.42
2011-03-18,79.46
2011-03-21,81.3
2011-03-22,80.87
2011-03-23,81.12
2011-03-24,81.51
2011-03-25,82.22
2011-03-28,82.04
2011-03-29,82.81
2011-03-30,83.88
2011-03-31,84.17
2011-04-01,84.54
2011-04-04,84.73
2011-04-05,85.19
2011-04-06,85.38
2011-04-07,84.87
2011-04-08,83.98
2011-04-11,83.23
2011-04-12,82.14
2011-04-13,82.25
2011-04-14,82.63
2011-04-15,83.51
2011-04-18,82.13
2011-04-19,82.15
2011-04-20,83.83
2011-04-21,84.45
2011-04-25,84.34
2011-04-26,85.18
2011-04-27,85.69
2011-04-28,86.08
2011-04-29,86.39
2011-05-02,85.38
2011-05-03,84.3
2011-05-04,83.21
2011-05-05,82.83
2011-05-06,83.27
2011-05-09,84.24
2011-05-10,85.53
2011-05-11,83.95
2011-05-12,84.69
2011-05-13,83.51
2011-05-16,82.29
2011-05-17,82.03
2011-05-18,83.29
2011-05-19,83.47
2011-05-20,82.86
2011-05-23,81.37
2011-05-24,80.98
2011-05-25,82
2011-05-26,83.08
2011-05-27,83.65
2011-05-31,84.84
2011-06-01,82.11
2011-06-02,82.08
2011-06-03,80.88
2011-06-06,79.55
2011-06-07,79.74
2011-06-08,78.85
2011-06-09,79.27
2011-06-10,78
2011-06-13,77.78
2011-06-14,79.45
2011-06-15,78.03
2011-06-16,78.21
2011-06-17,78.23
2011-06-20,78.95
2011-06-21,80.66
2011-06-22,80.04
2011-06-23,80.35
2011-06-24,79.94
2011-06-27,80.56
2011-06-28,81.81
2011-06-29,82.2
2011-06-30,82.8
2011-07-01,84.09
2011-07-05,84.04
2011-07-06,84.38
2011-07-07,85.65
2011-07-08,85.13
2011-07-11,83.32
2011-07-12,82.85
2011-07-13,83.59
2011-07-14,82.26
2011-07-15,82.81
2011-07-18,81.48
2011-07-19,83.32
2011-07-20,83.18
2011-07-21,83.94
2011-07-22,84.05
2011-07-25,83.06
2011-07-26,82.43
2011-07-27,79.97
2011-07-28,79.84
2011-07-29,79.74
2011-08-01,79.22
2011-08-02,76.75
2011-08-03,77.26
2011-08-04,72.6
2011-08-05,71.33
2011-08-08,65.12
2011-08-09,69.46
2011-08-10,66.06
2011-08-11,69.36
2011-08-12,69.79
2011-08-15,71.76
2011-08-16,70.44
2011-08-17,70.46
2011-08-18,66.45
2011-08-19,65.28
2011-08-22,65.05
2011-08-23,68.19
2011-08-24,69.2
2011-08-25,67.5
2011-08-26,69.11
2011-08-29,72.38
2011-08-30,72.8
2011-08-31,72.65
2011-09-01,71.09
2011-09-02,68.46
2011-09-06,68.27
2011-09-07,70.85
2011-09-08,69.55
2011-09-09,67.5
2011-09-12,68.08
2011-09-13,69.18
2011-09-14,70.42
2011-09-15,71.41
2011-09-16,71.52
2011-09-19,70.24
2011-09-20,69.15
2011-09-21,66.59
2011-09-22,64.73
2011-09-23,65.14
2011-09-26,66.37
2011-09-27,67.8
2011-09-28,65.2
2011-09-29,66.33
2011-09-30,64.3
2011-10-03,60.99
2011-10-04,64.79
2011-10-05,65.68
2011-10-06,67.14
2011-10-07,65.5
2011-10-10,68.37
2011-10-11,68.84
2011-10-12,69.82
2011-10-13,69.76
2011-10-14,71.14
2011-10-17,68.98
2011-10-18,70.81
2011-10-19,69.43
2011-10-20,69.62
2011-10-21,71.13
2011-10-24,73.42
2011-10-25,71.36
2011-10-26,72.59
2011-10-27,76.42
2011-10-28,76.03
2011-10-31,74.01
2011-11-01,71.39
2011-11-02,73.15
2011-11-03,74.97
2011-11-04,74.6
2011-11-07,74.45
2011-11-08,75.54
2011-11-09,71.94
2011-11-10,72.47
2011-11-11,74.38
2011-11-14,73.31
2011-11-15,74.24
2011-11-16,73.04
2011-11-17,72
2011-11-18,71.98
2011-11-21,70.26
2011-11-22,69.67
2011-11-23,67.48
2011-11-25,66.62
2011-11-28,69.79
2011-11-29,69.66
2011-11-30,73.73
2011-12-01,73.2
2011-12-02,73.5
2011-12-05,74.76
2011-12-06,74.83
2011-12-07,74.68
2011-12-08,72.36
2011-12-09,74.54
2011-12-12,73.47
2011-12-13,71.94
2011-12-14,71.04
2011-12-15,71.7
2011-12-16,72.26
2011-12-19,71.01
2011-12-20,73.86
2011-12-21,74.16
2011-12-22,74.27
2011-12-23,74.55
2011-12-27,74.77
2011-12-28,73.41
2011-12-29,74.15
2011-12-30,73.75
2012-01-03,74.97
2012-01-04,74.56
2012-01-05,74.98
2012-01-06,74.79
2012-01-09,75.17
2012-01-10,76.27
2012-01-11,76.57
2012-01-12,76.8
2012-01-13,76.39
2012-01-17,76.36
2012-01-18,77.72
2012-01-19,78.2
2012-01-20,78.25
2012-01-23,78.15
2012-01-24,78.6
2012-01-25,79.27
2012-01-26,79.18
2012-01-27,79.72
2012-01-30,79.1
2012-01-31,79.02
2012-02-01,80.72
2012-02-02,81.18
2012-02-03,82.95
2012-02-06,82.68
2012-02-07,82.63
2012-02-08,82.81
2012-02-09,82.4
2012-02-10,81.27
2012-02-13,82.32
2012-02-14,81.95
2012-02-15,81.27
2012-02-16,82.8
2012-02-17,82.79
2012-02-21,82.23
2012-02-22,81.58
2012-02-23,82.8
2012-02-24,82.64
2012-02-27,82.5
2012-02-28,82.28
2012-02-29,81.05
2012-03-01,81.47
2012-03-02,80.25
2012-03-05,80.34
2012-03-06,78.74
2012-03-07,79.48
2012-03-08,80.51
2012-03-09,81.6
2012-03-12,81.44
2012-03-13,83.06
2012-03-14,82.38
2012-03-15,83.07
2012-03-16,83
2012-03-19,83.7
2012-03-20,82.95
2012-03-21,82.93
2012-03-22,82.13
2012-03-23,82.68
2012-03-26,84.4
2012-03-27,83.81
2012-03-28,83.32
2012-03-29,83.08
2012-03-30,82.81
2012-04-02,83.83
2012-04-03,83.27
2012-04-04,81.94
2012-04-05,81.58
2012-04-09,80.24
2012-04-10,78.35
2012-04-11,79.46
2012-04-12,80.6
2012-04-13,79.54
2012-04-16,79.67
2012-04-17,80.82
2012-04-18,80.21
2012-04-19,79.75
2012-04-20,80.21
2012-04-23,79.1
2012-04-24,79.7
2012-04-25,80.94
2012-04-26,81.74
2012-04-27,82.38
2012-04-30,81.47
2012-05-01,81.55
2012-05-02,81.77
2012-05-03,80.62
2012-05-04,79.09
2012-05-07,79.3
2012-05-08,79.25
2012-05-09,78.8
2012-05-10,79.1
2012-05-11,78.9
2012-05-14,77.85
2012-05-15,77.71
2012-05-16,77.15
2012-05-17,75.4
2012-05-18,74.69
2012-05-21,76.45
2012-05-22,75.99
2012-05-23,76.48
2012-05-24,76.64
2012-05-25,76.59
2012-05-29,77.7
2012-05-30,76.21
2012-05-31,76.11
2012-06-01,73.82
2012-06-04,73.65
2012-06-05,74.6
2012-06-06,76.44
2012-06-07,75.94
2012-06-08,76.97
2012-06-11,75.27
2012-06-12,76.22
2012-06-13,75.34
2012-06-14,76.2
2012-06-15,77.22
2012-06-18,77.31
2012-06-19,78.65
2012-06-20,78.53
2012-06-21,76.62
2012-06-22,77.49
2012-06-25,76.28
2012-06-26,76.2
2012-06-27,77.44
2012-06-28,77.31
2012-06-29,79.56
2012-07-02,80.48
2012-07-03,81.53
2012-07-05,81.44
2012-07-06,80.53
2012-07-09,80.22
2012-07-10,79.33
2012-07-11,79.06
2012-07-12,78.79
2012-07-13,79.77
2012-07-16,79.45
2012-07-17,79.73
2012-07-18,80.22
2012-07-19,79.95
2012-07-20,78.93
2012-07-23,77.67
2012-07-24,76.65
2012-07-25,76.82
2012-07-26,77.48
2012-07-27,79.32
2012-07-30,79.05
2012-07-31,78.35
2012-08-01,77.06
2012-08-02,76.78
2012-08-03,78.61
2012-08-06,79.22
2012-08-07,79.94
2012-08-08,79.82
2012-08-09,80.2
2012-08-10,79.92
2012-08-13,79.79
2012-08-14,79.6
2012-08-15,80.3
2012-08-16,81.14
2012-08-17,81.71
2012-08-20,81.53
2012-08-21,81.48
2012-08-22,81.09
2012-08-23,80.52
2012-08-24,80.74
2012-08-27,80.98
2012-08-28,81.35
2012-08-29,81.6
2012-08-30,80.79
2012-08-31,81.12
2012-09-04,82.11
2012-09-05,82.13
2012-09-06,83.64
2012-09-07,84.26
2012-09-10,83.88
2012-09-11,84.06
2012-09-12,84.49
2012-09-13,85.6
2012-09-14,86.4
2012-09-17,86
2012-09-18,85.72
2012-09-19,85.57
2012-09-20,85.19
2012-09-21,85.5
2012-09-24,84.89
2012-09-25,83.67
2012-09-26,83.14
2012-09-27,84.04
2012-09-28,83.44
2012-10-01,83.72
2012-10-02,83.88
2012-10-03,83.64
2012-10-04,84.21
2012-10-05,84.11
2012-10-08,83.58
2012-10-09,82.6
2012-10-10,82.47
2012-10-11,82.77
2012-10-12,82.1
2012-10-15,82.64
2012-10-16,83.25
2012-10-17,84
2012-10-18,83.54
2012-10-19,81.85
2012-10-22,81.83
2012-10-23,81.42
2012-10-24,81.2
2012-10-25,81.53
2012-10-26,81.14
2012-10-31,81.63
2012-11-01,82.49
2012-11-02,81.19
2012-11-05,81.73
2012-11-06,82.34
2012-11-07,80.34
2012-11-08,79.21
2012-11-09,79.38
2012-11-12,79.15
2012-11-13,78.7
2012-11-14,77.24
2012-11-15,76.84
2012-11-16,77.48
2012-11-19,79.12
2012-11-20,79.26
2012-11-21,79.68
2012-11-23,80.47
2012-11-26,80.73
2012-11-27,80.63
2012-11-28,81.31
2012-11-29,82.24
2012-11-30,82.08
2012-12-03,81.99
2012-12-04,82.09
2012-12-05,81.99
2012-12-06,82.12
2012-12-07,82.18
2012-12-10,82.54
2012-12-11,83.41
2012-12-12,82.94
2012-12-13,82.41
2012-12-14,82.36
2012-12-17,83.52
2012-12-18,84.66
2012-12-19,84.12
2012-12-20,84.54
2012-12-21,84.19
2012-12-24,83.78
2012-12-26,83.18
2012-12-27,83.12
2012-12-28,82.53
2012-12-31,84.32
2013-01-02,86.8
2013-01-03,86.6
2013-01-04,87.24
2013-01-07,86.91
2013-01-08,86.85
2013-01-09,87.27
2013-01-10,87.47
2013-01-11,87.34
2013-01-14,87.39
2013-01-15,87.77
2013-01-16,87.51
2013-01-17,88.32
2013-01-18,88.57
2013-01-22,89.21
2013-01-23,89
2013-01-24,89.29
2013-01-25,89.94
2013-01-28,90
2013-01-29,90.05
2013-01-30,88.97
2013-01-31,89.58
2013-02-01,90.37
2013-02-04,89.28
2013-02-05,90.08
2013-02-06,90.46
2013-02-07,90.16
2013-02-08,90.8
2013-02-11,90.7
2013-02-12,91.1
2013-02-13,91.48
2013-02-14,91.71
2013-02-15,91.74
2013-02-19,92.55
2013-02-20,90.83
2013-02-21,89.95
2013-02-22,91.03
2013-02-25,89.02
2013-02-26,89.37
2013-02-27,90.31
2013-02-28,90.48
2013-03-01,90.89
2013-03-04,91.13
2013-03-05,92.19
2013-03-06,92.43
2013-03-07,92.87
2013-03-08,93.73
2013-03-11,93.7
2013-03-12,93.51
2013-03-13,93.86
2013-03-14,94.8
2013-03-15,94.75
2013-03-18,94.23
2013-03-19,93.83
2013-03-20,94.7
2013-03-21,93.87
2013-03-22,94.16
2013-03-25,93.95
2013-03-26,94.25
2013-03-27,94.31
2013-03-28,94.43
2013-04-01,93.16
2013-04-02,92.58
2013-04-03,91.13
2013-04-04,91.91
2013-04-05,91.73
2013-04-08,92.49
2013-04-09,92.22
2013-04-10,93.89
2013-04-11,94.02
2013-04-12,93.64
2013-04-15,90.11
2013-04-16,91.67
2013-04-17,90.08
2013-04-18,89.58
2013-04-19,90.61
2013-04-22,90.87
2013-04-23,92.31
2013-04-24,92.79
2013-04-25,93.4
2013-04-26,92.9
2013-04-29,93.57
2013-04-30,94.1
2013-05-01,91.82
2013-05-02,93.28
2013-05-03,94.76
2013-05-06,95.37
2013-05-07,96.15
2013-05-08,96.43
2013-05-09,96.1
2013-05-10,96.83
2013-05-13,96.76
2013-05-14,98
2013-05-15,98.2
2013-05-16,97.95
2013-05-17,99.05
2013-05-20,99.21
2013-05-21,99.23
2013-05-22,97.78
2013-05-23,97.9
2013-05-24,97.88
2013-05-28,99.15
2013-05-29,98.23
2013-05-30,98.89
2013-05-31,97.8
2013-06-03,98.73
2013-06-04,97.68
2013-06-05,96.43
2013-06-06,97.45
2013-06-07,98.2
2013-06-10,98.8
2013-06-11,97.73
2013-06-12,96.76
2013-06-13,98.47
2013-06-14,97.71
2013-06-17,98.35
2013-06-18,99.51
2013-06-19,98.29
2013-06-20,95.69
2013-06-21,95.97
2013-06-24,94.71
2013-06-25,95.62
2013-06-26,96.07
2013-06-27,97.56
2013-06-28,97
2013-07-01,98.58
2013-07-02,98.08
2013-07-03,98.28
2013-07-05,99.67
2013-07-08,100.07
2013-07-09,101
2013-07-10,101.28
2013-07-11,102.47
2013-07-12,102.68
2013-07-15,103.58
2013-07-16,103.06
2013-07-17,103.46
2013-07-18,104.15
2013-07-19,104.31
2013-07-22,104.53
2013-07-23,104.46
2013-07-24,103.59
2013-07-25,104.54
2013-07-26,104.12
2013-07-29,103.39
2013-07-30,103.48
2013-07-31,103.66
2013-08-01,105.07
2013-08-02,105.16
2013-08-05,105.52
2013-08-06,104.46
2013-08-07,103.72
2013-08-08,104.15
2013-08-09,104.04
2013-08-12,104.59
2013-08-13,104.45
2013-08-14,104.04
2013-08-15,102.11
2013-08-16,101.68
2013-08-19,100.65
2013-08-20,102.1
2013-08-21,101.48
2013-08-22,102.91
2013-08-23,103.17
2013-08-26,103.18
2013-08-27,100.76
2013-08-28,100.96
2013-08-29,101.97
2013-08-30,100.38
2013-09-03,101.06
2013-09-04,101.95
2013-09-05,102.11
2013-09-06,102.39
2013-09-09,103.94
2013-09-10,104.96
2013-09-11,105.01
2013-09-12,104.24
2013-09-13,104.81
2013-09-16,105.04
2013-09-17,106.08
2013-09-18,107.09
2013-09-19,106.98
2013-09-20,106.59
2013-09-23,106.6
2013-09-24,106.67
2013-09-25,106.47
2013-09-26,107.06
2013-09-27,106.58
2013-09-30,106.61
2013-10-01,107.85
2013-10-02,107.41
2013-10-03,106.31
2013-10-04,107.02
2013-10-07,105.77
2013-10-08,104.06
2013-10-09,103.64
2013-10-10,106.14
2013-10-11,107.68
2013-10-14,108.22
2013-10-15,107.16
2013-10-16,108.49
2013-10-17,109.44
2013-10-18,110.69
2013-10-21,110.47
2013-10-22,110.76
2013-10-23,110.39
2013-10-24,110.98
2013-10-25,111.08
2013-10-28,111.03
2013-10-29,111.35
2013-10-30,109.83
2013-10-31,109.19
2013-11-01,108.72
2013-11-04,109.97
2013-11-05,109.59
2013-11-06,109.12
2013-11-07,107.28
2013-11-08,109.23
2013-11-11,109.38
2013-11-12,109.47
2013-11-13,110.52
2013-11-14,110.41
2013-11-15,110.83
2013-11-18,110.05
2013-11-19,109.37
2013-11-20,109.33
2013-11-21,111.3
2013-11-22,111.85
2013-11-25,111.99
2013-11-26,112.82
2013-11-27,113.45
2013-11-29,113.51
2013-12-02,112.37
2013-12-03,111.83
2013-12-04,111.53
2013-12-05,111.61
2013-12-06,112.48
2013-12-09,112.45
2013-12-10,111.43
2013-12-11,109.6
2013-12-12,109.84
2013-12-13,110.2
2013-12-16,111.51
2013-12-17,111.35
2013-12-18,112.88
2013-12-19,112.04
2013-12-20,113.93
2013-12-23,114.78
2013-12-24,115.22
2013-12-26,115.23
2013-12-27,115.16
2013-12-30,115.09
2013-12-31,115.36
2014-01-02,114.11
2014-01-03,114.69
2014-01-06,113.76
2014-01-07,114.71
2014-01-08,114.86
2014-01-09,114.89
2014-01-10,115.52
2014-01-13,113.94
2014-01-14,115.34
2014-01-15,116.2
2014-01-16,116.34
2014-01-17,115.93
2014-01-21,116.62
2014-01-22,117.21
2014-01-23,116.42
2014-01-24,113.45
2014-01-27,111.79
2014-01-28,112.97
2014-01-29,111.34
2014-01-30,113
2014-01-31,112.16
2014-02-03,108.65
2014-02-04,109.47
2014-02-05,108.65
2014-02-06,109.51
2014-02-07,110.75
2014-02-10,111.04
2014-02-11,112.03
2014-02-12,112.47
2014-02-13,113.9
2014-02-14,114.06
2014-02-18,115.25
2014-02-19,114.07
2014-02-20,115.3
2014-02-21,115.66
2014-02-24,116.51
2014-02-25,116.63
2014-02-26,117.35
2014-02-27,117.99
2014-02-28,117.52
2014-03-03,116.89
2014-03-04,119.83
2014-03-05,119.76
2014-03-06,119.74
2014-03-07,119.7
2014-03-10,119.3
2014-03-11,118.06
2014-03-12,118.42
2014-03-13,117.05
2014-03-14,117.54
2014-03-17,118.06
2014-03-18,119.78
2014-03-19,119
2014-03-20,119.16
2014-03-21,118.61
2014-03-24,117.26
2014-03-25,116.93
2014-03-26,114.69
2014-03-27,114.4
2014-03-28,114.29
2014-03-31,116.34
2014-04-01,117.87
2014-04-02,118.4
2014-04-03,117.2
2014-04-04,114.49
2014-04-07,112.82
2014-04-08,113.61
2014-04-09,115.25
2014-04-10,111.96
2014-04-11,110.41
2014-04-14,110.72
2014-04-15,111.15
2014-04-16,112.36
2014-04-17,112.92
2014-04-21,113.45
2014-04-22,114.62
2014-04-23,113.9
2014-04-24,113.61
2014-04-25,111.61
2014-04-28,110.96
2014-04-29,111.24
2014-04-30,111.98
2014-05-01,111.94
2014-05-02,112.03
2014-05-05,111.89
2014-05-06,110.07
2014-05-07,110.14
2014-05-08,109.03
2014-05-09,110.03
2014-05-12,112.53
2014-05-13,111.43
2014-05-14,109.62
2014-05-15,108.88
2014-05-16,109.57
2014-05-19,110.75
2014-05-20,109.06
2014-05-21,109.62
2014-05-22,110.76
2014-05-23,111.97
2014-05-27,113.58
2014-05-28,112.99
2014-05-29,113.37
2014-05-30,112.86
2014-06-02,112.25
2014-06-03,111.98
2014-06-04,112.42
2014-06-05,114.78
2014-06-06,115.88
2014-06-09,116.9
2014-06-10,116.67
2014-06-11,116.1
2014-06-12,115.39
2014-06-13,115.59
2014-06-16,116.15
2014-06-17,116.97
2014-06-18,117.76
2014-06-19,117.86
2014-06-20,118.25
2014-06-23,118.02
2014-06-24,116.76
2014-06-25,117.75
2014-06-26,117.55
2014-06-27,118.34
2014-06-30,118.81
2014-07-01,120.02
2014-07-02,119.1
2014-07-03,119.82
2014-07-07,117.77
2014-07-08,116.34
2014-07-09,116.49
2014-07-10,115.25
2014-07-11,115.1
2014-07-14,115.69
2014-07-15,114.55
2014-07-16,114.24
2014-07-17,112.48
2014-07-18,114.23
2014-07-21,113.77
2014-07-22,114.73
2014-07-23,114.87
2014-07-24,114.64
2014-07-25,113.6
2014-07-28,113.03
2014-07-29,113.34
2014-07-30,113.79
2014-07-31,111.19
2014-08-01,110.68
2014-08-04,111.66
2014-08-05,111.38
2014-08-06,111.73
2014-08-07,111.19
2014-08-08,112.27
2014-08-11,113.34
2014-08-12,112.56
2014-08-13,113.44
2014-08-14,113.61
2014-08-15,113.39
2014-08-18,115.04
2014-08-19,115.44
2014-08-20,114.95
2014-08-21,115.2
2014-08-22,115.21
2014-08-25,115.75
2014-08-26,116.8
2014-08-27,116.51
2014-08-28,115.91
2014-08-29,116.56
2014-09-02,117.2
2014-09-03,116.46
2014-09-04,116.01
2014-09-05,116.38
2014-09-08,116.56
2014-09-09,115.18
2014-09-10,115.86
2014-09-11,116.61
2014-09-12,115.37
2014-09-15,114.11
2014-09-16,114.43
2014-09-17,114.73
2014-09-18,115.43
2014-09-19,113.97
2014-09-22,112.37
2014-09-23,111.32
2014-09-24,112.02
2014-09-25,110.13
2014-09-26,111.12
2014-09-29,111.03
2014-09-30,109.35
2014-10-01,107.8
2014-10-02,108.83
2014-10-03,109.65
2014-10-06,108.71
2014-10-07,106.92
2014-10-08,108.97
2014-10-09,106.03
2014-10-10,104.74
2014-10-13,104.32
2014-10-14,105.54
2014-10-15,106.6
2014-10-16,107.8
2014-10-17,107.48
2014-10-20,108.74
2014-10-21,110.53
2014-10-22,108.95
2014-10-23,110.88
2014-10-24,111.07
2014-10-27,111.01
2014-10-28,114.17
2014-10-29,113.9
2014-10-30,114.87
2014-10-31,116.56
2014-11-03,116.36
2014-11-04,115.82
2014-11-05,116.03
2014-11-06,116.53
2014-11-07,116.71
2014-11-10,117.29
2014-11-11,117.37
2014-11-12,117.9
2014-11-13,116.9
2014-11-14,116.69
2014-11-17,115.72
2014-11-18,116.39
2014-11-19,115.15
2014-11-20,116.44
2014-11-21,116.58
2014-11-24,117.97
2014-11-25,118.06
2014-11-26,118.45
2014-11-28,116.69
2014-12-01,114.87
2014-12-02,116.25
2014-12-03,117.37
2014-12-04,116.81
2014-12-05,117.69
2014-12-08,116.22
2014-12-09,118.17
2014-12-10,115.66
2014-12-11,116.12
2014-12-12,114.71
2014-12-15,113.55
2014-12-16,113.39
2014-12-17,116.89
2014-12-18,118.63
2014-12-19,118.9
2014-12-22,119.71
2014-12-23,119.86
2014-12-24,119.76
2014-12-26,120.54
2014-12-29,121.05
2014-12-30,120.34
2014-12-31,119.62
2015-01-02,118.93
2015-01-05,117.34
2015-01-06,115.31
2015-01-07,116.73
2015-01-08,118.71
2015-01-09,117.57
2015-01-12,117.18
2015-01-13,117.27
2015-01-14,116.8
2015-01-15,114.83
2015-01-16,116.7
2015-01-20,116.21
2015-01-21,115.84
2015-01-22,118.2
2015-01-23,118.12
2015-01-26,119.26
2015-01-27,118.69
2015-01-28,116.69
2015-01-29,118.3
2015-01-30,115.7
2015-02-02,116.76
2015-02-03,118.85
2015-02-04,118.41
2015-02-05,119.94
2015-02-06,119.81
2015-02-09,118.86
2015-02-10,119.62
2015-02-11,119.45
2015-02-12,120.81
2015-02-13,121.53
2015-02-17,121.91
2015-02-18,122.04
2015-02-19,122.05
2015-02-20,122.38
2015-02-23,122.5
2015-02-24,122.66
2015-02-25,122.8
2015-02-26,123.25
2015-02-27,122.58
2015-03-02,123.47
2015-03-03,122.74
2015-03-04,122.36
2015-03-05,122.72
2015-03-06,121.17
2015-03-09,121.7
2015-03-10,120.3
2015-03-11,121.04
2015-03-12,123.05
2015-03-13,122.61
2015-03-16,123.33
2015-03-17,123.66
2015-03-18,124.65
2015-03-19,124.89
2015-03-20,125.99
2015-03-23,125.88
2015-03-24,125.85
2015-03-25,122.47
2015-03-26,122.32
2015-03-27,123.1
2015-03-30,124.77
2015-03-31,124.37
2015-04-01,124.42
2015-04-02,124.65
2015-04-06,125.2
2015-04-07,124.4
2015-04-08,125.47
2015-04-09,125.02
2015-04-10,125.62
2015-04-13,125.7
2015-04-14,125.67
2015-04-15,126.55
2015-04-16,126.48
2015-04-17,124.43
2015-04-20,125.65
2015-04-21,125.52
2015-04-22,125.71
2015-04-23,126.28
2015-04-24,125.86
2015-04-27,124.47
2015-04-28,125.16
2015-04-29,123.8
2015-04-30,121.18
2015-05-01,121.97
2015-05-04,122.41
2015-05-05,120.85
2015-05-06,121.27
2015-05-07,121.73
2015-05-08,122.64
2015-05-11,122.71
2015-05-12,122.49
2015-05-13,122.49
2015-05-14,123.79
2015-05-15,123.65
2015-05-18,125.05
2015-05-19,124.88
2015-05-20,125.11
2015-05-21,124.97
2015-05-22,124.43
2015-05-26,123.24
2015-05-27,124.75
2015-05-28,124.64
2015-05-29,123.89
2015-06-01,124.28
2015-06-02,124.52
2015-06-03,125.76
2015-06-04,124.5
2015-06-05,125.4
2015-06-08,124.82
2015-06-09,124.44
2015-06-10,125.99
2015-06-11,126.31
2015-06-12,125.93
2015-06-15,125.53
2015-06-16,126.42
2015-06-17,126.23
2015-06-18,127.92
2015-06-19,127.86
2015-06-22,128.74
2015-06-23,129.01
2015-06-24,127.92
2015-06-25,127.85
2015-06-26,127.5
2015-06-29,124.28
2015-06-30,124.86
2015-07-01,125.23
2015-07-02,123.78
2015-07-06,123.74
2015-07-07,123.88
2015-07-08,121.99
2015-07-09,122.43
2015-07-10,124.13
2015-07-13,125.53
2015-07-14,126.23
2015-07-15,125.56
2015-07-16,126.31
2015-07-17,125.76
2015-07-20,125.08
2015-07-21,124.49
2015-07-22,124.95
2015-07-23,123.57
2015-07-24,121.58
2015-07-27,120.57
2015-07-28,121.6
2015-07-29,121.94
2015-07-30,122.29
2015-07-31,122.96
2015-08-03,122.35
2015-08-04,122.06
2015-08-05,122.34
2015-08-06,120.69
2015-08-07,119.88
2015-08-10,121.26
2015-08-11,120.22
2015-08-12,119.99
2015-08-13,119.59
2015-08-14,120.36
2015-08-17,121.63
2015-08-18,120.66
2015-08-19,119.41
2015-08-20,116.39
2015-08-21,115.03
2015-08-24,110.54
2015-08-25,109.69
2015-08-26,112.48
2015-08-27,114.49
2015-08-28,115.62
2015-08-31,115.2
2015-09-01,111.9
2015-09-02,113.91
2015-09-03,113.73
2015-09-04,112.87
2015-09-08,115.45
2015-09-09,114.12
2015-09-10,114.64
2015-09-11,115.18
2015-09-14,114.65
2015-09-15,115.94
2015-09-16,116.94
2015-09-17,117.34
2015-09-18,115.72
2015-09-21,115.51
2015-09-22,113.76
2015-09-23,113.42
2015-09-24,113.23
2015-09-25,111.42
2015-09-28,108.3
2015-09-29,107.53
2015-09-30,109.2
2015-10-01,109.01
2015-10-02,110.63
2015-10-05,113.27
2015-10-06,112.49
2015-10-07,114.48
2015-10-08,115.51
2015-10-09,115.74
2015-10-12,115.57
2015-10-13,113.99
2015-10-14,112.87
2015-10-15,115.57
2015-10-16,115.42
2015-10-19,115.64
2015-10-20,115.48
2015-10-21,113.72
2015-10-22,114.72
2015-10-23,115.85
2015-10-26,115.06
2015-10-27,113.8
2015-10-28,117.12
2015-10-29,115.87
2015-10-30,115.34
2015-11-02,117.74
2015-11-03,118.35
2015-11-04,118.29
2015-11-05,118.38
2015-11-06,119.22
2015-11-09,117.82
2015-11-10,118.17
2015-11-11,117.14
2015-11-12,114.9
2015-11-13,114.07
2015-11-16,115.05
2015-11-17,114.61
2015-11-18,116.55
2015-11-19,116.06
2015-11-20,116.81
2015-11-23,117.39
2015-11-24,118.25
2015-11-25,119.17
2015-11-27,119.62
2015-11-30,119.1
2015-12-01,119.89
2015-12-02,118.6
2015-12-03,116.6
2015-12-04,117.78
2015-12-07,116.01
2015-12-08,115.37
2015-12-09,114.08
2015-12-10,114.46
2015-12-11,111.91
2015-12-14,111.11
2015-12-15,112.71
2015-12-16,114.43
2015-12-17,113.21
2015-12-18,111.48
2015-12-21,112.32
2015-12-22,113.35
2015-12-23,114.78
2015-12-24,114.5
2015-12-28,113.97
2015-12-29,115.2
2015-12-30,114.04
2015-12-31,112.62
2016-01-04,110.01
2016-01-05,110.25
2016-01-06,108.57
2016-01-07,105.67
2016-01-08,103.85
2016-01-11,103.4
2016-01-12,103.71
2016-01-13,100.38
2016-01-14,101.77
2016-01-15,100.12
2016-01-19,98.77
2016-01-20,99.18
2016-01-21,98.95
2016-01-22,101.37
2016-01-25,99.12
2016-01-26,101.1
2016-01-27,99.71
2016-01-28,99.69
2016-01-29,102.96
2016-02-01,102.49
2016-02-02,100.28
2016-02-03,100.41
2016-02-04,100.8
2016-02-05,98.04
2016-02-08,96.43
2016-02-09,95.78
2016-02-10,95.83
2016-02-11,94.79
2016-02-12,96.59
2016-02-16,98.88
2016-02-17,100.43
2016-02-18,99.95
2016-02-19,100.45
2016-02-22,101.57
2016-02-23,100.64
2016-02-24,101.61
2016-02-25,102.54
2016-02-26,103.19
2016-02-29,102.73
2016-03-01,104.94
2016-03-02,106.02
2016-03-03,107.13
2016-03-04,107.72
2016-03-07,108.89
2016-03-08,106.26
2016-03-09,106.8
2016-03-10,105.93
2016-03-11,108.2
2016-03-14,107.92
2016-03-15,106.24
2016-03-16,106.99
2016-03-17,108.63
2016-03-18,109.61
2016-03-21,109.35
2016-03-22,109.22
2016-03-23,106.88
2016-03-24,107.2
2016-03-28,107.33
2016-03-29,110.31
2016-03-30,110.32
2016-03-31,110.63
2016-04-01,111.12
2016-04-04,110.19
2016-04-05,108.94
2016-04-06,110.17
2016-04-07,108.68
2016-04-08,109.11
2016-04-11,108.77
2016-04-12,109.94
2016-04-13,112.31
2016-04-14,112.17
2016-04-15,112.45
2016-04-18,113.3
2016-04-19,113.39
2016-04-20,113.56
2016-04-21,112.99
2016-04-22,114.11
2016-04-25,113.3
2016-04-26,114.41
2016-04-27,114.81
2016-04-28,113.5
2016-04-29,112.48
2016-05-02,113.48
2016-05-03,111.62
2016-05-04,110.7
2016-05-05,110.26
2016-05-06,110.91
2016-05-09,111.23
2016-05-10,112.35
2016-05-11,110.96
2016-05-12,110.37
2016-05-13,109.64
2016-05-16,111.03
2016-05-17,109.27
2016-05-18,109.84
2016-05-19,108.96
2016-05-20,110.79
2016-05-23,110.66
2016-05-24,112.94
2016-05-25,113.6
2016-05-26,113.47
2016-05-27,114.6
2016-05-31,115
2016-06-01,115.78
2016-06-02,116.67
2016-06-03,115.97
2016-06-06,117.22
2016-06-07,117.56
2016-06-08,118.43
2016-06-09,117.67
2016-06-10,116.07
2016-06-13,114.81
2016-06-14,114.48
2016-06-15,114.56
2016-06-16,114.55
2016-06-17,114.06
2016-06-20,115.3
2016-06-21,115.08
2016-06-22,114.63
2016-06-23,116.82
2016-06-24,112.38
2016-06-27,108.69
2016-06-28,110.37
2016-06-29,112.88
2016-06-30,114.98
2016-07-01,115.39
2016-07-05,113.69
2016-07-06,113.89
2016-07-07,114.13
2016-07-08,116.79
2016-07-11,118.14
2016-07-12,119.72
2016-07-13,119.25
2016-07-14,119.37
2016-07-15,119.7
2016-07-18,119.9
2016-07-19,119.3
2016-07-20,120.08
2016-07-21,119.51
2016-07-22,120.4
2016-07-25,120.22
2016-07-26,120.8
2016-07-27,121.14
2016-07-28,120.83
2016-07-29,121.07
2016-08-01,121.17
2016-08-02,119.48
2016-08-03,120.45
2016-08-04,120.56
2016-08-05,122.3
2016-08-08,122.24
2016-08-09,122.37
2016-08-10,121.49
2016-08-11,122.07
2016-08-12,122.19
2016-08-15,123.4
2016-08-16,122.4
2016-08-17,122.04
2016-08-18,122.94
2016-08-19,122.94
2016-08-22,123.22
2016-08-23,124.08
2016-08-24,123.07
2016-08-25,123.31
2016-08-26,123.06
2016-08-29,123.7
2016-08-30,123.93
2016-08-31,123.23
2016-09-01,123.32
2016-09-02,124.51
2016-09-06,124.63
2016-09-07,125.41
2016-09-08,125.16
2016-09-09,121.25
2016-09-12,122.94
2016-09-13,120.58
2016-09-14,120.6
2016-09-15,122.04
2016-09-16,121.86
2016-09-19,122.67
2016-09-20,122.15
2016-09-21,123.92
2016-09-22,125.7
2016-09-23,124.81
2016-09-26,123.23
2016-09-27,123.73
2016-09-28,124.68
2016-09-29,122.86
2016-09-30,124.21
2016-10-03,123.82
2016-10-04,123.21
2016-10-05,123.95
2016-10-06,123.82
2016-10-07,122.83
2016-10-10,124.3
2016-10-11,122.03
2016-10-12,121.93
2016-10-13,120.92
2016-10-14,120.43
2016-10-17,120.29
2016-10-18,120.98
2016-10-19,121.49
2016-10-20,121.13
2016-10-21,121.07
2016-10-24,121.84
2016-10-25,120.93
2016-10-26,119.73
2016-10-27,118.36
2016-10-28,118.03
2016-10-31,118.5
2016-11-01,117.05
2016-11-02,115.56
2016-11-03,115
2016-11-04,115.74
2016-11-07,118.57
2016-11-08,118.88
2016-11-09,122.54
2016-11-10,124.5
2016-11-11,127.36
2016-11-14,129.15
2016-11-15,129.55
2016-11-16,129.54
2016-11-17,130.3
2016-11-18,130.99
2016-11-21,131.6
2016-11-22,132.8
2016-11-23,133.63
2016-11-25,134.07
2016-11-28,132.33
2016-11-29,132.26
2016-11-30,131.61
2016-12-01,130.97
2016-12-02,130.9
2016-12-05,133.15
2016-12-06,134.59
2016-12-07,135.9
2016-12-08,138.04
2016-12-09,138.31
2016-12-12,136.85
2016-12-13,136.86
2016-12-14,135.15
2016-12-15,136.16
2016-12-16,135.91
2016-12-19,136.8
2016-12-20,137.96
2016-12-21,137.06
2016-12-22,135.32
2016-12-23,136.04
2016-12-27,136.65
2016-12-28,135.25
2016-12-29,135.37
2016-12-30,134.85
2017-01-03,135.52
2017-01-04,137.78
2017-01-05,136.19
2017-01-06,135.69
2017-01-09,134.8
2017-01-10,136.09
2017-01-11,136.33
2017-01-12,135.28
2017-01-13,136.26
2017-01-17,134.41
2017-01-18,134.85
2017-01-19,133.75
2017-01-20,134.44
2017-01-23,133.88
2017-01-24,135.93
2017-01-25,137.21
2017-01-26,136.66
2017-01-27,136.19
2017-01-30,134.29
2017-01-31,135.23
2017-02-01,135.15
2017-02-02,134.81
2017-02-03,136.87
2017-02-06,135.84
2017-02-07,135.24
2017-02-08,135
2017-02-09,136.9
2017-02-10,137.94
2017-02-13,138.3
2017-02-14,138.76
2017-02-15,139.59
2017-02-16,139.2
2017-02-17,139.11
2017-02-21,140.2
2017-02-22,139.58
2017-02-23,138.75
2017-02-24,138.65
2017-02-27,140
2017-02-28,137.84
2017-03-01,140.36
2017-03-02,138.75
2017-03-03,138.65
2017-03-06,137.7
2017-03-07,136.8
2017-03-08,135.9
2017-03-09,135.36
2017-03-10,135.96
2017-03-13,136.28
2017-03-14,135.63
2017-03-15,137.73
2017-03-16,137.91
2017-03-17,138.46
2017-03-20,137.86
2017-03-21,133.97
2017-03-22,134
2017-03-23,134.78
2017-03-24,134.49
2017-03-27,134.74
2017-03-28,135.79
2017-03-29,136.23
2017-03-30,137.26
2017-03-31,137.48
2017-04-03,136.03
2017-04-04,135.87
2017-04-05,134.33
2017-04-06,135.58
2017-04-07,135.52
2017-04-10,135.82
2017-04-11,136.9
2017-04-12,135.04
2017-04-13,133.72
2017-04-17,135.29
2017-04-18,135.32
2017-04-19,135.79
2017-04-20,137.52
2017-04-21,137.21
2017-04-24,138.92
2017-04-25,140.27
2017-04-26,140.99
2017-04-27,140.95
2017-04-28,139.06
2017-05-01,139.86
2017-05-02,139.15
2017-05-03,138.29
2017-05-04,138.1
2017-05-05,138.99
2017-05-08,138.41
2017-05-09,138.35
2017-05-10,139.21
2017-05-11,138.24
2017-05-12,137.51
2017-05-15,138.58
2017-05-16,138.63
2017-05-17,134.89
2017-05-18,135.38
2017-05-19,136.03
2017-05-22,136.95
2017-05-23,137.4
2017-05-24,137.49
2017-05-25,137.58
2017-05-26,137.54
2017-05-30,136.46
2017-05-31,136.32
2017-06-01,138.95
2017-06-02,139.85
2017-06-05,138.98
2017-06-06,138.85
2017-06-07,138.98
2017-06-08,140.88
2017-06-09,141.61
2017-06-12,141.38
2017-06-13,142.1
2017-06-14,141.26
2017-06-15,140.54
2017-06-16,140.19
2017-06-19,141.23
2017-06-20,139.8
2017-06-21,139.45
2017-06-22,139.98
2017-06-23,140.91
2017-06-26,141.08
2017-06-27,139.84
2017-06-28,141.98
2017-06-29,141.14
2017-06-30,140.92
2017-07-03,142.1
2017-07-05,141.59
2017-07-06,139.14
2017-07-07,140.49
2017-07-10,139.88
2017-07-11,140.29
2017-07-12,141.37
2017-07-13,141.49
2017-07-14,141.73
2017-07-17,142.06
2017-07-18,141.69
2017-07-19,143.1
2017-07-20,143.2
2017-07-21,142.55
2017-07-24,142.75
2017-07-25,144.05
2017-07-26,143.25
2017-07-27,142.34
2017-07-28,141.96
2017-07-31,141.51
2017-08-01,141.78
2017-08-02,140.23
2017-08-03,139.53
2017-08-04,140.21
2017-08-07,140.44
2017-08-08,140
2017-08-09,138.79
2017-08-10,136.27
2017-08-11,136.47
2017-08-14,138.54
2017-08-15,137.4
2017-08-16,137.44
2017-08-17,134.93
2017-08-18,134.92
2017-08-21,134.83
2017-08-22,136.29
2017-08-23,136.07
2017-08-24,136.49
2017-08-25,136.88
2017-08-28,137.46
2017-08-29,137.49
2017-08-30,138.37
2017-08-31,139.73
2017-09-01,140.52
2017-09-05,139.17
2017-09-06,139.46
2017-09-07,139.11
2017-09-08,139.22
2017-09-11,140.68
2017-09-12,141.54
2017-09-13,141.96
2017-09-14,141.83
2017-09-15,142.41
2017-09-18,143.38
2017-09-19,143.38
2017-09-20,143.84
2017-09-21,143.69
2017-09-22,144.3
2017-09-25,144.5
2017-09-26,144.61
2017-09-27,147.44
2017-09-28,147.83
2017-09-29,148.18
2017-10-02,150
2017-10-03,150.33
2017-10-04,149.85
2017-10-05,150.26
2017-10-06,150.05
2017-10-09,149.43
2017-10-10,149.86
2017-10-11,149.75
2017-10-12,149.64
2017-10-13,149.37
2017-10-16,149.24
2017-10-17,148.81
2017-10-18,149.52
2017-10-19,149.29
2017-10-20,149.98
2017-10-23,148.86
2017-10-24,149.17
2017-10-25,148.45
2017-10-26,148.76
2017-10-27,149.79
2017-10-30,148.21
2017-10-31,149.26
2017-11-01,148.27
2017-11-02,148.71
2017-11-03,148.61
2017-11-06,148.78
2017-11-07,147
2017-11-08,147.2
2017-11-09,146.68
2017-11-10,146.57
2017-11-13,146.61
2017-11-14,146.21
2017-11-15,145.63
2017-11-16,147.77
2017-11-17,148.45
2017-11-20,149.53
2017-11-21,151.09
2017-11-22,150.89
2017-11-24,150.95
2017-11-27,150.49
2017-11-28,152.86
2017-11-29,153.37
2017-11-30,153.65
2017-12-01,153.02
2017-12-04,152.45
2017-12-05,150.93
2017-12-06,150.22
2017-12-07,151.27
2017-12-08,151.41
2017-12-11,151.35
2017-12-12,150.88
2017-12-13,151.78
2017-12-14,150.1
2017-12-15,152.24
2017-12-18,154.3
2017-12-19,153.08
2017-12-20,153.38
2017-12-21,153.47
2017-12-22,153.19
2017-12-26,153.28
2017-12-27,153.13
2017-12-28,153.73
2017-12-29,152.46
2018-01-02,153.9
2018-01-03,154.06
2018-01-04,154.47
2018-01-05,154.79
2018-01-08,155.03
2018-01-09,154.82
2018-01-10,154.84
2018-01-11,157.5
2018-01-12,158.16
2018-01-16,156.14
2018-01-17,157.62
2018-01-18,156.54
2018-01-19,158.6
2018-01-22,159.45
2018-01-23,159.96
2018-01-24,158.97
2018-01-25,159.03
2018-01-26,159.6
2018-01-29,158.7
2018-01-30,157.18
2018-01-31,156.36
2018-02-01,156.85
2018-02-02,153.83
2018-02-05,147.92
2018-02-06,149.69
2018-02-07,149.84
2018-02-08,145.44
2018-02-09,146.77
2018-02-12,148.16
2018-02-13,148.48
2018-02-14,151.15
2018-02-15,152.8
2018-02-16,153.34
2018-02-20,152.08
2018-02-21,152.24
2018-02-22,152
2018-02-23,153.98
2018-02-26,154.99
2018-02-27,152.76
2018-02-28,150.35
2018-03-01,149.95
2018-03-02,152.35
2018-03-05,153.71
2018-03-06,155.37
2018-03-07,156.74
2018-03-08,156.42
2018-03-09,158.92
2018-03-12,159.2
2018-03-13,158.46
2018-03-14,157.71
2018-03-15,156.92
2018-03-16,157.8
2018-03-19,156.28
2018-03-20,156.24
2018-03-21,157.15
2018-03-22,153.35
2018-03-23,150.05
2018-03-26,153.33
2018-03-27,150.36
2018-03-28,150.31
2018-03-29,151.83
2018-04-02,148.13
2018-04-03,150.25
2018-04-04,152.16
2018-04-05,153.42
2018-04-06,150.36
2018-04-09,150.54
2018-04-10,153.38
2018-04-11,153.71
2018-04-12,154.76
2018-04-13,153.95
2018-04-16,155.37
2018-04-17,157.06
2018-04-18,157.48
2018-04-19,156.39
2018-04-20,155.55
2018-04-23,155.32
2018-04-24,154.43
2018-04-25,154.2
2018-04-26,154.91
2018-04-27,154.69
2018-04-30,153.32
2018-05-01,154.07
2018-05-02,154.65
2018-05-03,153.81
2018-05-04,155.73
2018-05-07,157.05
2018-05-08,157.83
2018-05-09,158.68
2018-05-10,159.53
2018-05-11,159.84
2018-05-14,159.23
2018-05-15,159.26
2018-05-16,160.92
2018-05-17,161.66
2018-05-18,161.87
2018-05-21,162.94
2018-05-22,161.76
2018-05-23,161.97
2018-05-24,162.03
2018-05-25,161.74
2018-05-29,161.52
2018-05-30,164.08
2018-05-31,162.77
2018-06-01,163.84
2018-06-04,164.71
2018-06-05,165.73
2018-06-06,166.93
2018-06-07,166.02
2018-06-08,166.52
2018-06-11,166.77
2018-06-12,167.53
2018-06-13,166.87
2018-06-14,167.76
2018-06-15,167.81
2018-06-18,168.6
2018-06-19,168.61
2018-06-20,169.97
2018-06-21,168.38
2018-06-22,167.82
2018-06-25,165.08
2018-06-26,166.04
2018-06-27,163.38
2018-06-28,163.88
2018-06-29,163.77
2018-07-02,164.9
2018-07-03,164.96
2018-07-05,166.84
2018-07-06,168.25
2018-07-09,169.31
2018-07-10,168.54
2018-07-11,167.11
2018-07-12,167.92
2018-07-13,167.42
2018-07-16,166.77
2018-07-17,167.51
2018-07-18,167.98
2018-07-19,169.17
2018-07-20,168.48
2018-07-23,168.69
2018-07-24,166.89
2018-07-25,167.5
2018-07-26,168.4
2018-07-27,165.26
2018-07-30,164.2
2018-07-31,165.87
2018-08-01,165.76
2018-08-02,166.97
2018-08-03,166.39
2018-08-06,167.32
2018-08-07,167.72
2018-08-08,167.57
2018-08-09,168
2018-08-10,167.53
2018-08-13,166.55
2018-08-14,168.2
2018-08-15,166.09
2018-08-16,167.63
2018-08-17,168.35
2018-08-20,168.82
2018-08-21,170.76
2018-08-22,171.18
2018-08-23,170.66
2018-08-24,171.59
2018-08-27,171.84
2018-08-28,172
2018-08-29,172.5
2018-08-30,172.36
2018-08-31,173.02
2018-09-04,172.25
2018-09-05,171.79
2018-09-06,170.63
2018-09-07,170.54
2018-09-10,170.75
2018-09-11,171.03
2018-09-12,170.62
2018-09-13,170.66
2018-09-14,171.38
2018-09-17,169.56
2018-09-18,170.27
2018-09-19,169.65
2018-09-20,171.22
2018-09-21,170.4
2018-09-24,169.77
2018-09-25,170.03
2018-09-26,168.03
2018-09-27,168.04
2018-09-28,168.55
2018-10-01,166.33
2018-10-02,164.53
2018-10-03,165.97
2018-10-04,163.64
2018-10-05,162.16
2018-10-08,161.82
2018-10-09,161.19
2018-10-10,156.56
2018-10-11,153.57
2018-10-12,153.6
2018-10-15,154.17
2018-10-16,158.64
2018-10-17,157.96
2018-10-18,155
2018-10-19,153.36
2018-10-22,153.03
2018-10-23,151.66
2018-10-24,145.95
2018-10-25,149.11
2018-10-26,147.48
2018-10-29,146.67
2018-10-30,149.73
2018-10-31,150.03
2018-11-01,153.49
2018-11-02,154
2018-11-05,153.88
2018-11-06,154.64
2018-11-07,157.41
2018-11-08,156.99
2018-11-09,154.08
2018-11-12,151.03
2018-11-13,150.55
2018-11-14,149.45
2018-11-15,151.58
2018-11-16,151.94
2018-11-19,148.86
2018-11-20,145.99
2018-11-21,148.03
2018-11-23,147.89
2018-11-26,149.81
2018-11-27,148.57
2018-11-28,152.24
2018-11-29,151.83
2018-11-30,152.62
2018-12-03,154.08
2018-12-04,147.52
2018-12-06,147.2
2018-12-07,144.02
2018-12-10,143.6
2018-12-11,143.45
2018-12-12,144.82
2018-12-13,142.77
2018-12-14,140.61
2018-12-17,137.02
2018-12-18,136.85
2018-12-19,134
2018-12-20,131.79
2018-12-21,128.37
2018-12-24,125.88
2018-12-26,131.93
2018-12-27,132.48
2018-12-28,132.86
2018-12-31,133.9
2019-01-02,134.66
2019-01-03,132.25
2019-01-04,137.19
2019-01-07,139.59
2019-01-08,141.73
2019-01-09,142.9
2019-01-10,143.64
2019-01-11,143.68
2019-01-14,142.25
2019-01-15,143.45
2019-01-16,144.52
2019-01-17,145.83
2019-01-18,147.33
2019-01-22,145
2019-01-23,144.6
2019-01-24,145.47
2019-01-25,147.34
2019-01-28,146.55
2019-01-29,146.2
2019-01-30,147.8
2019-01-31,149.06
2019-02-01,149.18
2019-02-04,150.96
2019-02-05,151.12
2019-02-06,150.93
2019-02-07,149.69
2019-02-08,149.85
2019-02-11,151.1
2019-02-12,152.99
2019-02-13,153.42
2019-02-14,153.77
2019-02-15,156.22
2019-02-19,156.65
2019-02-20,157.39
2019-02-21,156.79
2019-02-22,158.15
2019-02-25,158.19
2019-02-26,157.1
2019-02-27,157.32
2019-02-28,156.78
2019-03-01,158.24
2019-03-04,156.81
2019-03-05,156.08
2019-03-06,153.02
2019-03-07,151.68
2019-03-08,151.64
2019-03-11,154.29
2019-03-12,154.37
2019-03-13,154.98
2019-03-14,154.35
2019-03-15,154.76
2019-03-18,155.75
2019-03-19,154.96
2019-03-20,153.26
2019-03-21,155.27
2019-03-22,149.62
2019-03-25,150.28
2019-03-26,151.86
2019-03-27,151.27
2019-03-28,152.62
2019-03-29,153.09
2019-04-01,154.76
2019-04-02,154.36
2019-04-03,155.16
2019-04-04,155.92
2019-04-05,157.38
2019-04-08,157.12
2019-04-09,155.2
2019-04-10,157.31
2019-04-11,157.11
2019-04-12,157.68
2019-04-15,157.17
2019-04-16,157.54
2019-04-17,156.1
2019-04-18,155.64
2019-04-22,155.23
2019-04-23,157.57
2019-04-24,158.06
2019-04-25,156.75
2019-04-26,158.27
2019-04-29,159.03
2019-04-30,158.29
2019-05-01,156.79
2019-05-02,157.52
2019-05-03,160.53
2019-05-06,160.71
2019-05-07,157.53
2019-05-08,156.76
2019-05-09,156.19
2019-05-10,156.62
2019-05-13,151.63
2019-05-14,153.54
2019-05-15,154.04
2019-05-16,155
2019-05-17,152.84
2019-05-20,151.78
2019-05-21,153.82
2019-05-22,152.53
2019-05-23,149.39
2019-05-24,150.79
2019-05-28,149.59
2019-05-29,148.34
2019-05-30,147.93
2019-05-31,145.86
2019-06-03,146.37
2019-06-04,150.16
2019-06-05,150.19
2019-06-06,149.8
2019-06-07,150.86
2019-06-10,151.75
2019-06-11,151.3
2019-06-12,151.47
2019-06-13,153.07
2019-06-14,151.73
2019-06-17,152.24
2019-06-18,154.01
2019-06-19,154.56
2019-06-20,155.29
2019-06-21,153.95
2019-06-24,152.08
2019-06-25,151.15
2019-06-26,150.8
2019-06-27,153.63
2019-06-28,155.5
2019-07-01,156.1
2019-07-02,155.15
2019-07-03,156.26
2019-07-05,156.68
2019-07-08,155.19
2019-07-09,155.4
2019-07-10,155.67
2019-07-11,154.91
2019-07-12,156.11
2019-07-15,155.29
2019-07-16,155.24
2019-07-17,154.13
2019-07-18,154.71
2019-07-19,153.82
2019-07-22,153.68
2019-07-23,154.7
2019-07-24,157.26
2019-07-25,155.36
2019-07-26,157.2
2019-07-29,156.15
2019-07-30,157.84
2019-07-31,156.56
2019-08-01,154.29
2019-08-02,152.58
2019-08-05,148
2019-08-06,149.36
2019-08-07,149.32
2019-08-08,152.54
2019-08-09,150.62
2019-08-12,148.67
2019-08-13,150.27
2019-08-14,146.07
2019-08-15,145.49
2019-08-16,148.63
2019-08-19,150.13
2019-08-20,149.15
2019-08-21,150.38
2019-08-22,150.03
2019-08-23,145.43
2019-08-26,147.03
2019-08-27,144.85
2019-08-28,146.54
2019-08-29,149.11
2019-08-30,148.84
2019-09-03,146.66
2019-09-04,147.84
2019-09-05,150.59
2019-09-06,149.9
2019-09-09,151.91
2019-09-10,153.85
2019-09-11,157
2019-09-12,157.04
2019-09-13,157.31
2019-09-16,157.9
2019-09-17,157.49
2019-09-18,156.52
2019-09-19,155.76
2019-09-20,155.43
2019-09-23,155.31
2019-09-24,152.43
2019-09-25,154.1
2019-09-26,152.38
2019-09-27,151.16
2019-09-30,151.34
2019-10-01,148.37
2019-10-02,147.25
2019-10-03,147.74
2019-10-04,149.14
2019-10-07,148.88
2019-10-08,146.46
2019-10-09,147.13
2019-10-10,147.72
2019-10-11,150.22
2019-10-14,149.67
2019-10-15,151.39
2019-10-16,151.55
2019-10-17,153.34
2019-10-18,152.61
2019-10-21,154.04
2019-10-22,154.21
2019-10-23,154.4
2019-10-24,154.18
2019-10-25,155
2019-10-28,156.34
2019-10-29,156.85
2019-10-30,156.33
2019-10-31,155.45
2019-11-01,158.1
2019-11-04,158.95
2019-11-05,159.15
2019-11-06,158.23
2019-11-07,158.65
2019-11-08,159.08
2019-11-11,158.78
2019-11-12,158.83
2019-11-13,158.15
2019-11-14,158.1
2019-11-15,158.92
2019-11-18,158.52
2019-11-19,159.11
2019-11-20,158.51
2019-11-21,157.73
2019-11-22,158.22
2019-11-25,161.58
2019-11-26,161.69
2019-11-27,162.83
2019-11-29,161.77
2019-12-02,160.19
2019-12-03,159.68
2019-12-04,160.78
2019-12-05,160.94
2019-12-06,162.82
2019-12-09,162.51
2019-12-10,162.61
2019-12-11,162.56
2019-12-12,163.96
2019-12-13,163.33
2019-12-16,163.88
2019-12-17,164.7
2019-12-18,165.02
2019-12-19,165.73
2019-12-20,165.97
2019-12-23,166.3
2019-12-24,166.68
2019-12-26,166.68
2019-12-27,165.86
2019-12-30,165.44
2019-12-31,165.67
2020-01-02,165.78
2020-01-03,165.13
2020-01-06,165.35
2020-01-07,164.8
2020-01-08,165.31
2020-01-09,165.51
2020-01-10,164.89
2020-01-13,165.96
2020-01-14,166.57
2020-01-15,167.37
2020-01-16,169.53
2020-01-17,169.07
2020-01-21,167.67
2020-01-22,167.56
2020-01-23,167.45
2020-01-24,165.39
2020-01-27,163.51
2020-01-28,164.87
2020-01-29,163.93
2020-01-30,163.93
2020-01-31,160.53
2020-02-03,162.32
2020-02-04,164.77
2020-02-05,167.31
2020-02-06,166.93
2020-02-07,164.88
2020-02-10,165.81
2020-02-11,166.96
2020-02-12,168.11
2020-02-13,168.55
2020-02-14,167.9
2020-02-18,167.54
2020-02-19,168.4
2020-02-20,168.81
2020-02-21,167.1
2020-02-24,162.07
2020-02-25,156.31
2020-02-26,154.5
2020-02-27,149.06
2020-02-28,146.33
2020-03-02,151.03
2020-03-03,147.95
2020-03-04,152.16
2020-03-05,147.32
2020-03-06,144.4
2020-03-09,130.36
2020-03-10,134.43
2020-03-11,125.88
2020-03-12,111.97
2020-03-13,119.47
2020-03-16,103.62
2020-03-17,108.37
2020-03-18,99.97
2020-03-19,103.87
2020-03-20,101.4
2020-03-23,99.9
2020-03-24,109.04
2020-03-25,109.97
2020-03-26,116.81
2020-03-27,112.56
2020-03-30,115.04
2020-03-31,114.46
2020-04-01,106.66
2020-04-02,107.67
2020-04-03,104.62
2020-04-06,112.63
2020-04-07,112.92
2020-04-08,118.07
2020-04-09,123.72
2020-04-13,120.37
2020-04-14,122.81
2020-04-15,117.8
2020-04-16,116.91
2020-04-17,122.06
2020-04-20,120.62
2020-04-21,117.74
2020-04-22,119.17
2020-04-23,120.34
2020-04-24,122.41
2020-04-27,127.26
2020-04-28,129.11
2020-04-29,135.46
2020-04-30,130.31
2020-05-01,125.14
2020-05-04,125.68
2020-05-05,126.65
2020-05-06,125.72
2020-05-07,127.44
2020-05-08,132.36
2020-05-11,131.7
2020-05-12,126.97
2020-05-13,122.72
2020-05-14,123.12
2020-05-15,125.08
2020-05-18,132.68
2020-05-19,130.06
2020-05-20,134
2020-05-21,134.24
2020-05-22,134.89
2020-05-26,138.78
2020-05-27,143.09
2020-05-28,139.7
2020-05-29,138.9
2020-06-01,140.23
2020-06-02,141.39
2020-06-03,144.8
2020-06-04,144.59
2020-06-05,150.18
2020-06-08,153.09
2020-06-09,150.26
2020-06-10,146.18
2020-06-11,135.03
2020-06-12,138.27
2020-06-15,140.99
2020-06-16,144.38
2020-06-17,141.77
2020-06-18,141.72
2020-06-19,140.99
2020-06-22,142.4
2020-06-23,143
2020-06-24,138.36
2020-06-25,140.45
2020-06-26,136.67
2020-06-29,141.14
2020-06-30,143.18
2020-07-01,141.82
2020-07-02,142.4
2020-07-06,143.43
2020-07-07,140.89
2020-07-08,141.94
2020-07-09,139.07
2020-07-10,141.31
2020-07-13,139.52
2020-07-14,141.83
2020-07-15,147.03
2020-07-16,146.16
2020-07-17,146.59
2020-07-20,145.96
2020-07-21,148.03
2020-07-22,148.11
2020-07-23,148.26
2020-07-24,146.08
2020-07-27,147.6
2020-07-28,146.13
2020-07-29,149.35
2020-07-30,148.76
2020-07-31,147.36
2020-08-03,149.76
2020-08-04,150.79
2020-08-05,153.79
2020-08-06,153.73
2020-08-07,156.17
2020-08-10,157.79
2020-08-11,156.88
2020-08-12,157.52
2020-08-13,157.19
2020-08-14,157.09
2020-08-17,157.9
2020-08-18,156.39
2020-08-19,156.4
2020-08-20,155.76
2020-08-21,154.61
2020-08-24,156.23
2020-08-25,156.4
2020-08-26,155.42
2020-08-27,155.8
2020-08-28,157.12
2020-08-31,155.43
2020-09-01,157.21
2020-09-02,158.46
2020-09-03,153.78
2020-09-04,152.8
2020-09-08,149.86
2020-09-09,152.13
2020-09-10,150.15
2020-09-11,149.15
2020-09-14,153.08
2020-09-15,153.37
2020-09-16,154.82
2020-09-17,153.69
2020-09-18,153.29
2020-09-21,147.92
2020-09-22,149.06
2020-09-23,144.07
2020-09-24,144.07
2020-09-25,146.41
2020-09-28,150.02
2020-09-29,149.34
2020-09-30,149.79
2020-10-01,152.18
2020-10-02,152.85
2020-10-05,157.07
2020-10-06,156.62
2020-10-07,160.04
2020-10-08,161.86
2020-10-09,162.7
2020-10-12,163.79
2020-10-13,162.7
2020-10-14,161.09
2020-10-15,162.75
2020-10-16,162.35
2020-10-19,160.41
2020-10-20,160.76
2020-10-21,159.38
2020-10-22,162.13
2020-10-23,163.07
2020-10-26,159.55
2020-10-27,158.18
2020-10-28,153.31
2020-10-29,155.14
2020-10-30,153.09
2020-11-02,155.82
2020-11-03,160.24
2020-11-04,160.42
2020-11-05,164.91
2020-11-06,163.62
2020-11-09,169.55
2020-11-10,172.7
2020-11-11,172.63
2020-11-12,169.98
2020-11-13,173.5
2020-11-16,177.63
2020-11-17,178.46
2020-11-18,175.96
2020-11-19,177.31
2020-11-20,177.5
2020-11-23,180.82
2020-11-24,184.22
2020-11-25,183.59
2020-11-27,184.37
2020-11-30,181.02
2020-12-01,182.7
2020-12-02,182.89
2020-12-03,183.92
2020-12-04,188.2
2020-12-07,188.38
2020-12-08,190.8
2020-12-09,189.41
2020-12-10,191.24
2020-12-11,190.3
2020-12-14,189.93
2020-12-15,194.68
2020-12-16,193.98
2020-12-17,196.29
2020-12-18,195.34
2020-12-21,195.24
2020-12-22,197.46
2020-12-23,199.14
2020-12-24,199.01
2020-12-28,198.27
2020-12-29,194.43
2020-12-30,196.41
2020-12-31,196.06
2021-01-04,193.5
2021-01-05,196.49
2021-01-06,204.53
2021-01-07,208.17
2021-01-08,207.72
2021-01-11,207.54
2021-01-12,211.26
2021-01-13,209.75
2021-01-14,213.94
2021-01-15,210.75
2021-01-19,213.45
2021-01-20,214.39
2021-01-21,212.53
2021-01-22,215
2021-01-25,214.79
2021-01-26,213.3
2021-01-27,209.39
2021-01-28,208.72
2021-01-29,205.56
2021-02-01,210.61
2021-02-02,213.61
2021-02-03,214.25
2021-02-04,218.62
2021-02-05,221.65
2021-02-08,227.31
2021-02-09,228.38
2021-02-10,226.88
2021-02-11,226.62
2021-02-12,227.26
2021-02-16,225.83
2021-02-17,224.06
2021-02-18,220.59
2021-02-19,225.19
2021-02-22,223.73
2021-02-23,221.76
2021-02-24,227
2021-02-25,218.61
2021-02-26,218.31
2021-03-01,226.07
2021-03-02,221.72
2021-03-03,219.32
2021-03-04,213.19
2021-03-05,217.71
2021-03-08,218.74
2021-03-09,223.34
2021-03-10,227.22
2021-03-11,232.22
2021-03-12,233.59
2021-03-15,234.42
2021-03-16,230.5
2021-03-17,232.31
2021-03-18,225.24
2021-03-19,226.94
2021-03-22,225.23
2021-03-23,217.06
2021-03-24,212.04
2021-03-25,216.66
2021-03-26,220.61
2021-03-29,214.4
2021-03-30,218.01
2021-03-31,220.94
2021-04-01,223.74
2021-04-05,224.97
2021-04-06,224.31
2021-04-07,220.69
2021-04-08,222.56
2021-04-09,222.59
2021-04-12,221.72
2021-04-13,221.14
2021-04-14,223.32
2021-04-15,224.29
2021-04-16,224.65
2021-04-19,221.73
2021-04-20,217.19
2021-04-21,222.5
2021-04-22,221.58
2021-04-23,225.76
2021-04-26,228.11
2021-04-27,228.45
2021-04-28,228.84
2021-04-29,227.99
2021-04-30,224.89
2021-05-03,225.99
2021-05-04,223.29
2021-05-05,222.4
2021-05-06,222.59
2021-05-07,225.39
2021-05-10,219.66
2021-05-11,218.96
2021-05-12,211.85
2021-05-13,215.75
2021-05-14,221.02
2021-05-17,221.32
2021-05-18,219.64
2021-05-19,217.95
2021-05-20,219.4
2021-05-21,219.97
2021-05-24,221.4
2021-05-25,219.26
2021-05-26,223.35
2021-05-27,225.65
2021-05-28,225.5
2021-06-01,228.06
2021-06-02,228.33
2021-06-03,226.42
2021-06-04,227.4
2021-06-07,230.45
2021-06-08,232.89
2021-06-09,231.34
2021-06-10,229.28
2021-06-11,231.7
2021-06-14,231.02
2021-06-15,230.36
2021-06-16,229.87
2021-06-17,227.29
2021-06-18,222.13
2021-06-21,226.88
2021-06-22,227.91
2021-06-23,228.66
2021-06-24,231.89
2021-06-25,232.28
2021-06-28,230.44
2021-06-29,229.34
2021-06-30,229.37
2021-07-01,231.39
2021-07-02,229.19
2021-07-06,225.86
2021-07-07,223.76
2021-07-08,221.7
2021-07-09,226.38
2021-07-12,226.57
2021-07-13,222.3
2021-07-14,218.87
2021-07-15,217.63
2021-07-16,214.95
2021-07-19,211.73
2021-07-20,218.3
2021-07-21,222.06
2021-07-22,218.53
2021-07-23,219.55
2021-07-26,220.19
2021-07-27,217.62
2021-07-28,220.82
2021-07-29,222.52
2021-07-30,221.05
2021-08-02,219.95
2021-08-03,220.86
2021-08-04,218.11
2021-08-05,222.03
2021-08-06,223.39
2021-08-09,222.16
2021-08-10,222.6
2021-08-11,223.69
2021-08-12,223.16
2021-08-13,221.13
2021-08-16,219.07
2021-08-17,216.4
2021-08-18,214.51
2021-08-19,211.94
2021-08-20,215.52
2021-08-23,219.62
2021-08-24,221.78
2021-08-25,222.56
2021-08-26,220.2
2021-08-27,226.41
2021-08-30,225.48
2021-08-31,225.92
2021-09-01,227.44
2021-09-02,229.02
2021-09-03,227.96
2021-09-07,226.39
2021-09-08,223.92
2021-09-09,223.81
2021-09-10,221.62
2021-09-13,222.88
2021-09-14,220.04
2021-09-15,222.03
2021-09-16,222.19
2021-09-17,222.48
2021-09-20,217.19
2021-09-21,217.52
2021-09-22,220.9
2021-09-23,224.81
2021-09-24,223.05
2021-09-27,226.44
2021-09-28,221.29
2021-09-29,220.82
2021-09-30,218.75
2021-10-01,222.28
2021-10-04,220.26
2021-10-05,221.02
2021-10-06,219.87
2021-10-07,223.26
2021-10-08,221.58
2021-10-11,220.31
2021-10-12,221.52
2021-10-13,222.57
2021-10-14,225.87
2021-10-15,225.16
2021-10-18,225.03
2021-10-19,225.87
2021-10-20,227.37
2021-10-21,227.95
2021-10-22,227.41
2021-10-25,229.57
2021-10-26,227.84
2021-10-27,223.65
2021-10-28,228.11
2021-10-29,228.05
2021-11-01,233.96
2021-11-02,234.45
2021-11-03,238.64
2021-11-04,238.55
2021-11-05,241.81
2021-11-08,242.56
2021-11-09,241.15
2021-11-10,237.35
2021-11-11,239.26
2021-11-12,239.5
2021-11-15,238.55
2021-11-16,238.99
2021-11-17,235.86
2021-11-18,234.86
2021-11-19,232.72
2021-11-22,231.73
2021-11-23,231.33
2021-11-24,231.58
2021-11-26,222.85
2021-11-29,222.71
2021-11-30,218.17
2021-12-01,213.26
2021-12-02,219.21
2021-12-03,214.71
2021-12-06,219.02
2021-12-07,224.1
2021-12-08,225.63
2021-12-09,220.52
2021-12-10,219.91
2021-12-13,216.04
2021-12-14,214.18
2021-12-15,217.58
2021-12-16,213.18
2021-12-17,215.14
2021-12-20,212.12
2021-12-21,218.18
2021-12-22,220.28
2021-12-23,222.04
2021-12-27,224.12
2021-12-28,222.75
2021-12-29,222.99
2021-12-30,222.93
2021-12-31,222.45
2022-01-03,225.32
2022-01-04,224.98
2022-01-05,217.36
2022-01-06,218.6
2022-01-07,216.07
2022-01-10,215.32
2022-01-11,217.61
2022-01-12,215.99
2022-01-13,214.01
2022-01-14,214.31
2022-01-18,207.83
2022-01-19,204.45
2022-01-20,200.75
2022-01-21,196.99
2022-01-24,201.53
2022-01-25,198.84
2022-01-26,195.97
2022-01-27,191.52
2022-01-28,195.25
2022-01-31,201.24
2022-02-01,203.36
2022-02-02,201.34
2022-02-03,197.53
2022-02-04,198.38
2022-02-07,199.36
2022-02-08,202.76
2022-02-09,206.61
2022-02-10,203.44
2022-02-11,201.38
2022-02-14,200.68
2022-02-15,206.06
2022-02-16,206.49
2022-02-17,201.2
2022-02-18,199.47
2022-02-22,196.66
2022-02-23,192.98
2022-02-24,198.04
2022-02-25,202.5
2022-02-28,203.32
2022-03-01,199.49
2022-03-02,204.24
2022-03-03,201.82
2022-03-04,198.66
2022-03-07,193.72
2022-03-08,194.79
2022-03-09,200.28
2022-03-10,199.92
2022-03-11,196.73
2022-03-14,192.71
2022-03-15,195.78
2022-03-16,201.94
2022-03-17,205.11
2022-03-18,207.27
2022-03-21,205.44
2022-03-22,207.5
2022-03-23,203.9
2022-03-24,205.84
2022-03-25,206.12
2022-03-28,206.19
2022-03-29,211.71
2022-03-30,207.46
2022-03-31,205.27
2022-04-01,207.57
2022-04-04,207.91
2022-04-05,202.99
2022-04-06,200.11
2022-04-07,199.46
2022-04-08,197.87
2022-04-11,196.54
2022-04-12,197.16
2022-04-13,200.91
2022-04-14,198.96
2022-04-18,197.62
2022-04-19,201.56
2022-04-20,202.33
2022-04-21,197.8
2022-04-22,192.68
2022-04-25,193.85
2022-04-26,187.74
2022-04-27,186.96
2022-04-28,190.45
2022-04-29,184.95
2022-05-02,186.89
2022-05-03,188.49
2022-05-04,193.52
2022-05-05,185.67
2022-05-06,182.58
2022-05-09,174.9
2022-05-10,174.95
2022-05-11,170.6
2022-05-12,172.6
2022-05-13,178.07
2022-05-16,177.22
2022-05-17,182.64
2022-05-18,176.24
2022-05-19,176.53
2022-05-20,176.08
2022-05-23,178.21
2022-05-24,175.57
2022-05-25,178.73
2022-05-26,182.72
2022-05-27,187.64
2022-05-31,185.31
2022-06-01,184.26
2022-06-02,188.76
2022-06-03,187.06
2022-06-06,187.87
2022-06-07,190.9
2022-06-08,187.95
2022-06-09,183.57
2022-06-10,178.59
2022-06-13,170.2
2022-06-14,169.38
2022-06-15,171.86
2022-06-16,163.9
2022-06-17,165.18
2022-06-21,168.14
2022-06-22,167.82
2022-06-23,169.83
2022-06-24,175.09
2022-06-27,175.74
2022-06-28,172.44
2022-06-29,170.69
2022-06-30,169.36
2022-07-01,171.41
2022-07-05,172.83
2022-07-06,171.55
2022-07-07,175.61
2022-07-08,175.59
2022-07-11,172.06
2022-07-12,171.47
2022-07-13,171.32
2022-07-14,169.56
2022-07-15,173.09
2022-07-18,172.6
2022-07-19,178.69
2022-07-20,181.49
2022-07-21,182.42
2022-07-22,179.51
2022-07-25,180.44
2022-07-26,179.33
2022-07-27,183.41
2022-07-28,185.93
2022-07-29,187.25
2022-08-01,187.18
2022-08-02,187
2022-08-03,189.75
2022-08-04,189.35
2022-08-05,190.8
2022-08-08,192.82
2022-08-09,190.19
2022-08-10,195.62
2022-08-11,196.35
2022-08-12,200.36
2022-08-15,201.07
2022-08-16,200.99
2022-08-17,197.61
2022-08-18,198.92
2022-08-19,194.65
2022-08-22,190.64
2022-08-23,190.95
2022-08-24,192.41
2022-08-25,195.4
2022-08-26,188.98
2022-08-29,187.24
2022-08-30,184.62
2022-08-31,183.5
2022-09-01,181.5
2022-09-02,180.09
2022-09-06,178.31
2022-09-07,182.19
2022-09-08,183.71
2022-09-09,187.4
2022-09-12,189.67
2022-09-13,182.25
2022-09-14,182.96
2022-09-15,181.63
2022-09-16,178.99
2022-09-19,180.52
2022-09-20,178.06
2022-09-21,175.34
2022-09-22,171.39
2022-09-23,167.31
2022-09-26,164.17
2022-09-27,164.73
2022-09-28,169.94
2022-09-29,166.13
2022-09-30,164.92
2022-10-03,169.29
2022-10-04,176
2022-10-05,174.7
2022-10-06,173.72
2022-10-07,168.61
2022-10-10,167.67
2022-10-11,167.72
2022-10-12,167.26
2022-10-13,171.4
2022-10-14,166.81
2022-10-17,172.13
2022-10-18,174.17
2022-10-19,171.21
2022-10-20,169.03
2022-10-21,172.7
2022-10-24,173.44
2022-10-25,178.17
2022-10-26,179.05
2022-10-27,179.09
2022-10-28,183.16
2022-10-31,183.33
2022-11-01,183.58
2022-11-02,177.49
2022-11-03,176.3
2022-11-04,178.68
2022-11-07,179.49
2022-11-08,179.56
2022-11-09,174.63
2022-11-10,185.38
2022-11-11,186.9
2022-11-14,184.81
2022-11-15,187.55
2022-11-16,184.25
2022-11-17,182.54
2022-11-18,183.72
2022-11-21,182.76
2022-11-22,184.71
2022-11-23,185.19
2022-11-25,185.58
2022-11-28,181.84
2022-11-29,182.37
2022-11-30,187.37
2022-12-01,186.96
2022-12-02,188.05
2022-12-05,182.87
2022-12-06,180.07
2022-12-07,179.54
2022-12-08,180.84
2022-12-09,178.62
2022-12-12,180.72
2022-12-13,181.38
2022-12-14,180.19
2022-12-15,175.68
2022-12-16,174.37
2022-12-19,172.01
2022-12-20,172.92
2022-12-21,175.9
2022-12-22,173.6
2022-12-23,174.39
2022-12-27,173.22
2022-12-28,170.53
2022-12-29,174.85
2022-12-30,174.36
2023-01-03,173.4
2023-01-04,175.56
2023-01-05,173.68
2023-01-06,177.58
2023-01-09,177.88
2023-01-10,180.51
2023-01-11,182.76
2023-01-12,185.83
2023-01-13,187.05
2023-01-17,186.82
2023-01-18,183.8
2023-01-19,182.04
2023-01-20,185.04
2023-01-23,187.33
2023-01-24,186.93
2023-01-25,187.45
2023-01-26,188.56
2023-01-27,189.58
2023-01-30,186.94
2023-01-31,191.48
2023-02-01,194.49
2023-02-02,198.32
2023-02-03,196.99
2023-02-06,194.14
2023-02-07,195.58
2023-02-08,192.72
2023-02-09,189.93
2023-02-10,190.31
2023-02-13,192.6
2023-02-14,192.51
2023-02-15,194.46
2023-02-16,192.6
2023-02-17,193.13
2023-02-21,187.43
2023-02-22,187.94
2023-02-23,189.28
2023-02-24,187.51
2023-02-27,188.17
2023-02-28,188.18
2023-03-01,188.42
2023-03-02,188.87
2023-03-03,191.5
2023-03-06,188.7
2023-03-07,186.51
2023-03-08,186.6
2023-03-09,181.41
2023-03-10,176.18
2023-03-13,173.31
2023-03-14,176.52
2023-03-15,173.61
2023-03-16,175.98
2023-03-17,171.23
2023-03-20,173.45
2023-03-21,176.65
2023-03-22,171.64
2023-03-23,170.25
2023-03-24,171.79
2023-03-27,173.7
2023-03-28,173.45
2023-03-29,175.42
2023-03-30,175.18
2023-03-31,178.4
2023-04-03,178.48
2023-04-04,175.35
2023-04-05,173.63
2023-04-06,173.89
2023-04-10,175.75
2023-04-11,177.14
2023-04-12,175.84
2023-04-13,178.17
2023-04-14,176.51
2023-04-17,178.78
2023-04-18,178.02
2023-04-19,178.25
2023-04-20,177.33
2023-04-21,177.56
2023-04-24,177.44
2023-04-25,173.06
2023-04-26,171.39
2023-04-27,173.68
2023-04-28,175.2
2023-05-01,175.3
2023-05-02,171.7
2023-05-03,172.33
2023-05-04,170.4
2023-05-05,174.45
2023-05-08,174.05
2023-05-09,173.53
2023-05-10,174.41
2023-05-11,173.07
2023-05-12,172.72
2023-05-15,174.83
2023-05-16,172.28
2023-05-17,176.12
2023-05-18,177.19
2023-05-19,176.11
2023-05-22,178.26
2023-05-23,177.42
2023-05-24,175.54
2023-05-25,174.17
2023-05-26,176.15
2023-05-30,175.5
2023-05-31,173.77
2023-06-01,175.65
2023-06-02,182.02
2023-06-05,179.58
2023-06-06,184.31
2023-06-07,187.24
2023-06-08,186.54
2023-06-09,185.03
2023-06-12,185.8
2023-06-13,187.93
2023-06-14,185.91
2023-06-15,187.44
2023-06-16,185.94
2023-06-20,185.13
2023-06-21,184.7
2023-06-22,183.33
2023-06-23,180.57
2023-06-26,180.75
2023-06-27,183.36
2023-06-28,184.26
2023-06-29,186.38
2023-06-30,187.27
2023-07-03,187.65
2023-07-05,185.78
2023-07-06,182.78
2023-07-07,184.71
2023-07-10,187.87
2023-07-11,189.8
2023-07-12,191.87
2023-07-13,193.42
2023-07-14,191.53
2023-07-17,193.58
2023-07-18,195.97
2023-07-19,196.8
2023-07-20,195.08
2023-07-21,194.46
2023-07-24,194.94
2023-07-25,194.92
2023-07-26,196.46
2023-07-27,193.92
2023-07-28,196.43
2023-07-31,198.71
2023-08-01,197.8
2023-08-02,195.11
2023-08-03,194.56
2023-08-04,194.17
2023-08-07,194.3
2023-08-08,193.08
2023-08-09,191.57
2023-08-10,190.72
2023-08-11,190.99
2023-08-14,190.66
2023-08-15,188.14
2023-08-16,185.84
2023-08-17,183.65
2023-08-18,184.65
2023-08-21,184.38
2023-08-22,183.83
2023-08-23,185.79
2023-08-24,183.22
2023-08-25,184
2023-08-28,185.64
2023-08-29,188.23
2023-08-30,188.94
2023-08-31,188.61
2023-09-01,190.85
2023-09-05,186.83
2023-09-06,186.13
2023-09-07,184.33
2023-09-08,183.92
2023-09-11,184.36
2023-09-12,184.18
2023-09-13,182.97
2023-09-14,185.55
2023-09-15,183.61
2023-09-18,182.39
2023-09-19,181.68
2023-09-20,179.86
2023-09-21,177.07
2023-09-22,176.67
2023-09-25,177.46
2023-09-26,174.36
2023-09-27,175.99
2023-09-28,177.58
2023-09-29,176.74
2023-10-02,174.07
2023-10-03,171.14
2023-10-04,171.22
2023-10-05,171.35
2023-10-06,173
2023-10-09,174
2023-10-10,175.97
2023-10-11,175.67
2023-10-12,171.7
2023-10-13,170.27
2023-10-16,173.02
2023-10-17,174.95
2023-10-18,171.35
2023-10-19,168.62
2023-10-20,166.44
2023-10-23,165.03
2023-10-24,166.47
2023-10-25,163.72
2023-10-26,164.14
2023-10-27,162.21
2023-10-30,163.11
2023-10-31,164.52
2023-11-01,165.46
2023-11-02,169.87
2023-11-03,174.49
2023-11-06,172.31
2023-11-07,171.7
2023-11-08,169.87
2023-11-09,167.24
2023-11-10,169.11
2023-11-13,169.17
2023-11-14,178.46
2023-11-15,178.77
2023-11-16,175.88
2023-11-17,178.29
2023-11-20,179.33
2023-11-21,177.02
2023-11-22,178.13
2023-11-24,179.33
2023-11-27,178.73
2023-11-28,178.04
2023-11-29,178.98
2023-11-30,179.66
2023-12-01,184.91
2023-12-04,186.89
2023-12-05,184.39
2023-12-06,184.06
2023-12-07,185.39
2023-12-08,186.8
2023-12-11,187.19
2023-12-12,187
2023-12-13,193.33
2023-12-14,198.71
2023-12-15,197.04
2023-12-18,197.11
2023-12-19,200.93
2023-12-20,196.28
2023-12-21,199.62
2023-12-22,201.48
2023-12-26,204.1
2023-12-27,204.82
2023-12-28,204.04
2023-12-29,200.71
2024-01-02,199.52
2024-01-03,194.2
2024-01-04,193.82
2024-01-05,193.25
2024-01-08,196.73
2024-01-09,194.97
2024-01-10,195.08
2024-01-11,193.55
2024-01-12,193.23
2024-01-16,190.84
2024-01-17,189.48
2024-01-18,190.6
2024-01-19,192.43
2024-01-22,196.54
2024-01-23,195.97
2024-01-24,194.36
2024-01-25,195.97
2024-01-26,195.98
2024-01-29,199.41
2024-01-30,197.71
2024-01-31,192.88
2024-02-01,195.44
2024-02-02,194.41
2024-02-05,191.94
2024-02-06,193.67
2024-02-07,193.22
2024-02-08,196.15
2024-02-09,199.34
2024-02-12,202.96
2024-02-13,194.61
2024-02-14,199.13
2024-02-15,204.44
2024-02-16,201.66
2024-02-20,198.88
2024-02-21,197.94
2024-02-22,199.44
2024-02-23,199.89
2024-02-26,201.15
2024-02-27,204
2024-02-28,202.32
2024-02-29,203.73
2024-03-01,205.89
2024-03-04,205.7
2024-03-05,203.73
2024-03-06,205.25
2024-03-07,206.96
2024-03-08,206.83
2024-03-11,205.19
2024-03-12,204.91
2024-03-13,205.71
2024-03-14,202.03
2024-03-15,202.41
2024-03-18,201.25
2024-03-19,202.1
2024-03-20,206.1
2024-03-21,207.94
2024-03-22,205.07
2024-03-25,205.54
2024-03-26,205.17
2024-03-27,209.64
2024-03-28,210.3
2024-04-01,208.32
2024-04-02,204.49
2024-04-03,205.83
2024-04-04,203.77
2024-04-05,204.45
2024-04-08,205.57
2024-04-09,206.38
2024-04-10,200.93
2024-04-11,202.29
2024-04-12,198.69
2024-04-15,195.78
2024-04-16,195.06
2024-04-17,193
2024-04-18,192.84
2024-04-19,193.14
2024-04-22,195.3
2024-04-23,198.57
2024-04-24,197.68
2024-04-25,196.48
2024-04-26,198.36
2024-04-29,199.96
2024-04-30,195.9
2024-05-01,196.31
2024-05-02,199.92
2024-05-03,201.9
2024-05-06,204.51
2024-05-07,204.97
2024-05-08,203.78
2024-05-09,205.86
2024-05-10,204.31
2024-05-13,204.74
2024-05-14,206.86
2024-05-15,209.44
2024-05-16,207.93
2024-05-17,208.08
2024-05-20,208.54
2024-05-21,208.34
2024-05-22,206.58
2024-05-23,203.19
2024-05-24,205.44
2024-05-28,205.16
2024-05-29,202.13
2024-05-30,204.05
2024-05-31,205.77
2024-06-03,204.61
2024-06-04,201.97
2024-06-05,205.06
2024-06-06,203.59
2024-06-07,201.2
2024-06-10,201.89
2024-06-11,200.64
2024-06-12,203.72
2024-06-13,201.94
2024-06-14,198.73
2024-06-17,200.4
2024-06-18,200.75
2024-06-20,199.9
2024-06-21,200.35
2024-06-24,201.22
2024-06-25,200.56
2024-06-26,200.03
2024-06-27,202.06
2024-06-28,202.89
2024-07-01,201.19
2024-07-02,201.88
2024-07-03,201.83
2024-07-05,200.87
2024-07-08,202.28
2024-07-09,201.4
2024-07-10,203.37
2024-07-11,210.68
2024-07-12,213.14
2024-07-15,217.19
2024-07-16,224.6
2024-07-17,222.25
2024-07-18,217.95
2024-07-19,216.84
2024-07-22,220.29
2024-07-23,222.63
2024-07-24,217.85
2024-07-25,220.57
2024-07-26,224.22
2024-07-29,221.73
2024-07-30,222.57
2024-07-31,223.86
2024-08-01,216.58
2024-08-02,208.92
2024-08-05,202.2
2024-08-06,204.4
2024-08-07,201.98
2024-08-08,206.89
2024-08-09,206.46
2024-08-12,204.6
2024-08-13,207.97
2024-08-14,206.68
2024-08-15,212.04
2024-08-16,212.6
2024-08-19,215.2
2024-08-20,212.69
2024-08-21,215.46
2024-08-22,213.56
2024-08-23,220.38
2024-08-26,220.45
2024-08-27,218.74
2024-08-28,217.26
2024-08-29,218.81
2024-08-30,220.08
2024-09-03,213.35
2024-09-04,212.99
2024-09-05,211.93
2024-09-06,207.9
2024-09-09,208.48
2024-09-10,208.31
2024-09-11,208.92
2024-09-12,211.61
2024-09-13,216.83
2024-09-16,217.61
2024-09-17,219.41
2024-09-18,219.45
2024-09-19,223.97
2024-09-20,221.57
2024-09-23,220.76
2024-09-24,221.13
2024-09-25,217.69
2024-09-26,218.85
2024-09-27,220.33
2024-09-30,220.89
2024-10-01,217.89
2024-10-02,217.59
2024-10-03,216.13
2024-10-04,219.15
2024-10-07,217.43
2024-10-08,217.58
2024-10-09,218.06
2024-10-10,216.85
2024-10-11,221.26
2024-10-14,222.89
2024-10-15,223.07
2024-10-16,226.74
2024-10-17,226.12
2024-10-18,225.65
2024-10-21,222.1
2024-10-22,221.26
2024-10-23,219.24
2024-10-24,219.72
2024-10-25,218.89
2024-10-28,222.46
2024-10-29,221.74
2024-10-30,221.44
2024-10-31,217.76
2024-11-01,218.98
2024-11-04,220.09
2024-11-05,224.23
2024-11-06,237.22
2024-11-07,236.38
2024-11-08,238.12
2024-11-11,241.7
2024-11-12,237.46
2024-11-13,235.11
2024-11-14,231.94
2024-11-15,228.48
2024-11-18,228.93
2024-11-19,230.63
2024-11-20,230.93
2024-11-21,234.44
2024-11-22,238.77
2024-11-25,242.4
2024-11-26,240.62
2024-11-27,240.95
2024-11-29,241.87
2024-12-02,241.75
2024-12-03,240.03
2024-12-04,240.89
2024-12-05,238.08
2024-12-06,238.93
2024-12-09,237.73
2024-12-10,236.7
2024-12-11,237.77
2024-12-12,234.68
2024-12-13,233.07
2024-12-16,234.44
2024-12-17,231.07
2024-12-18,220.84
2024-12-19,219.86
2024-12-20,221.92
2024-12-23,221.41
2024-12-24,223.39
2024-12-26,225.68
2024-12-27,222.39
2024-12-30,220.68
2024-12-31,220.96
2025-01-02,221.14
2025-01-03,224.43
2025-01-06,224.52
2025-01-07,222.72
2025-01-08,221.71
2025-01-10,216.83
2025-01-13,217.25
2025-01-14,219.72
2025-01-15,224.04
2025-01-16,224.49
2025-01-17,225.46
2025-01-21,229.79
2025-01-22,228.29
2025-01-23,229.33
2025-01-24,228.69
2025-01-27,226.5
2025-01-28,226.75
2025-01-29,226.23
2025-01-30,228.53
2025-01-31,226.48
2025-02-03,223.83
2025-02-04,226.93
2025-02-05,229.4
2025-02-06,228.65
2025-02-07,226
2025-02-10,227.02
2025-02-11,225.7
2025-02-12,223.62
2025-02-13,226.14
2025-02-14,225.97
2025-02-18,227.21
2025-02-19,226.43
2025-02-20,224.26
2025-02-21,217.8
2025-02-24,216.23
2025-02-25,215.41
2025-02-26,215.68
2025-02-27,212.39
2025-02-28,214.65
2025-03-03,208.78
2025-03-04,206.42
2025-03-05,208.47
2025-03-06,205.28
2025-03-07,205.95
2025-03-10,200.77
2025-03-11,200.75
2025-03-12,201.1
2025-03-13,198.1
2025-03-14,202.89
2025-03-17,205.45
2025-03-18,203.21
2025-03-19,206.37
2025-03-20,205.06
2025-03-21,203.79
2025-03-24,208.86
2025-03-25,207.7
2025-03-26,205.59
2025-03-27,204.61
2025-03-28,200.45
2025-03-31,199.49
2025-04-01,199.51
2025-04-02,202.66
2025-04-03,189.65
2025-04-04,181.19
2025-04-07,179.55
2025-04-08,174.82
2025-04-09,189.68
2025-04-10,181.71
2025-04-11,184.36
2025-04-14,186.53
2025-04-15,186.76
2025-04-16,184.97
2025-04-17,186.48
2025-04-21,182.74
2025-04-22,187.47
2025-04-23,190.25
2025-04-24,194.06
2025-04-25,194.12
2025-04-28,194.94
2025-04-29,196.09
2025-04-30,194.86
2025-05-01,196.07
2025-05-02,200.48
2025-05-05,198.94
2025-05-06,196.77
2025-05-07,197.42
2025-05-08,201.18
2025-05-09,200.81
2025-05-12,207.87
2025-05-13,208.63
2025-05-14,206.78
2025-05-15,208.13
2025-05-16,209.85
2025-05-19,208.97
2025-05-20,209.08
2025-05-21,203.21
2025-05-22,203.2
2025-05-23,202.56
2025-05-27,207.7
2025-05-28,205.51
2025-05-29,206.12
2025-05-30,205.07
2025-06-02,205.71
2025-06-03,209.03
2025-06-04,208.44
2025-06-05,208.53
2025-06-06,211.9
2025-06-09,213.36
2025-06-10,214.51
2025-06-11,213.63
2025-06-12,212.78
2025-06-13,208.89
2025-06-16,210.77
2025-06-17,208.55
2025-06-18,209.65
2025-06-20,209.21
2025-06-23,211.77
2025-06-24,214.47
2025-06-25,211.97
2025-06-26,215.41
2025-06-27,215.48
2025-06-30,215.79
2025-07-01,218.01
2025-07-02,221.03
2025-07-03,223.08
2025-07-07,219.73
2025-07-08,221.25
2025-07-09,223.65
2025-07-10,224.8
2025-07-11,221.7
2025-07-14,223.19
2025-07-15,218.82
2025-07-16,221.02
2025-07-17,223.92
2025-07-18,222.33
2025-07-21,221.43
2025-07-22,223.27
2025-07-23,226.68
2025-07-24,223.55
2025-07-25,224.38
2025-07-28,224.12
2025-07-29,222.69
2025-07-30,221.56
2025-07-31,219.39
2025-08-01,214.92
2025-08-04,219.73
2025-08-05,220.85
2025-08-06,220.56
2025-08-07,219.84
2025-08-08,220.32
2025-08-11,220.27
2025-08-12,226.81
2025-08-13,231.22
2025-08-14,228.24
2025-08-15,227.13
2025-08-18,227.96
2025-08-19,226.21
2025-08-20,225.41
2025-08-21,225.97
2025-08-22,234.83
2025-08-25,232.36
2025-08-26,234.28
2025-08-27,235.94
2025-08-28,236.22
2025-08-29,235.17
2025-09-02,233.9
2025-09-03,233.67
2025-09-04,236.59
2025-09-05,237.77
2025-09-08,238.25
2025-09-09,236.85
2025-09-10,236.43
2025-09-11,240.8
2025-09-12,238.34
2025-09-15,239.35
2025-09-16,238.28
2025-09-17,238.89
2025-09-18,244.84
2025-09-19,242.98
2025-09-22,244.39
2025-09-23,243.84
2025-09-24,241.6
2025-09-25,239.29
2025-09-26,241.34
2025-09-29,241.62
2025-09-30,241.96
2025-10-01,242.49
2025-10-02,244.02
2025-10-03,245.83
2025-10-06,246.81
2025-10-07,244.16
2025-10-08,246.72
2025-10-09,245.13
2025-10-10,237.79
2025-10-13,244.41
2025-10-14,247.9
2025-10-15,250.33
2025-10-16,245.06
2025-10-17,243.41
2025-10-20,248.16
2025-10-21,246.99
2025-10-22,243.34
2025-10-23,246.42
2025-10-24,249.43
2025-10-27,250.3
2025-10-28,248.96
2025-10-29,246.84
2025-10-30,244.85
2025-10-31,246.23
2025-11-03,245.44
2025-11-04,241.2
2025-11-05,244.68
2025-11-06,240.35
2025-11-07,241.61
2025-11-10,244.03
2025-11-11,244.24
2025-11-12,243.64
2025-11-13,236.79
2025-11-14,237.48
2025-11-17,232.76
2025-11-18,233.47
2025-11-19,233.43
2025-11-20,229.11
2025-11-21,235.6
2025-11-24,239.9
2025-11-25,245.13
2025-11-26,247.3
2025-11-28,248.75
2025-12-01,245.62
2025-12-02,245.17
2025-12-03,249.63
2025-12-04,251.82
2025-12-05,250.77
2025-12-08,250.87
2025-12-09,251.39
2025-12-10,254.81
2025-12-11,257.8
2025-12-12,253.85
2025-12-15,251.93
2025-12-16,249.9
2025-12-17,247.24
2025-12-18,248.71
2025-12-19,250.79
2025-12-22,253.58
2025-12-23,252.08
2025-12-24,252.71
2025-12-26,251.42
2025-12-29,249.88
2025-12-30,248.03
2025-12-31,246.16
2026-01-02,248.78
2026-01-05,252.73
2026-01-06,256.08
2026-01-07,255.48
2026-01-08,258.27
2026-01-09,260.23
2026-01-12,261.5
2026-01-13,261.35
2026-01-14,263.19
2026-01-15,265.51
2026-01-16,265.76
2026-01-20,262.58
2026-01-21,267.79
2026-01-22,269.79
2026-01-23,264.81
2026-01-26,263.98
2026-01-27,264.73
2026-01-28,263.3
2026-01-29,263.37
2026-01-30,259.65
2026-02-02,262.18
2026-02-03,262.78
2026-02-04,260.52
2026-02-05,255.83
2026-02-06,265.02
2026-02-09,266.88
2026-02-10,266.16
2026-02-11,264.95
2026-02-12,259.54
2026-02-13,262.96
2026-02-17,263.04
2026-02-18,263.99
2026-02-19,264.6
2026-02-20,264.61
2026-02-23,260.49
2026-02-24,263.33
2026-02-25,264.58
2026-02-26,265.99
2026-02-27,261.41
2026-03-02,263.81
2026-03-03,259.24
2026-03-04,261.76
2026-03-05,256.76
2026-03-06,250.89
2026-03-09,253.62
2026-03-10,253.36
2026-03-11,252.85
2026-03-12,247.41
2026-03-13,246.59
2026-03-16,248.92
2026-03-17,250.05
2026-03-18,246.02
2026-03-19,247.63
2026-03-20,242.22
2026-03-23,247.45
2026-03-24,248.78
2026-03-25,251.82
2026-03-26,247.44
2026-03-27,243.1
2026-03-30,239.61
2026-03-31,248
2026-04-01,249.56
2026-04-02,251.29
2026-04-06,252.36
2026-04-07,252.91
2026-04-08,260.47
2026-04-09,261.96
2026-04-10,261.3
2026-04-13,265.07
2026-04-14,268.72
2026-04-15,269.39
2026-04-16,269.95
2026-04-17,275.78
2026-04-20,277.35
2026-04-21,274.51
2026-04-22,276.48
2026-04-23,275.52
2026-04-24,276.65
2026-04-27,277.14
2026-04-28,273.91
2026-04-29,272.08
2026-04-30,277.97
2026-05-01,279.28
2026-05-04,277.88
2026-05-05,282.56
2026-05-06,286.8
2026-05-07,282.26
2026-05-08,284.17
2026-05-11,285.33
2026-05-12,282.57
2026-05-13,282.67
2026-05-14,284.45
2026-05-15,277.6
2026-05-18,275.97
2026-05-19,273
2026-05-20,279.87
2026-05-21,282.49
2026-05-22,285.12
2026-05-26,290.51
2026-05-27,290.37
2026-05-28,292.03
2026-05-29,290.43
2026-06-01,288.98
2026-06-02,291.66
2026-06-03,287.67
2026-06-04,292.01
2026-06-05,281.65
2026-06-08,284.11
2026-06-09,285.02
2026-06-10,282.05
2026-06-11,290.41
2026-06-12,292.95
2026-06-15,294.64
2026-06-16,292.08
2026-06-17,289.88
2026-06-18,295.59
2026-06-22,298.18
2026-06-23,295.32
2026-06-24,296.69
2026-06-25,298.91
2026-06-26,299.83
2026-06-29,298.97
2026-06-30,300.45
2026-07-01,299.32
2026-07-02,297.58
2026-07-06,298.9
2026-07-07,296.19
2026-07-08,293.48
2026-07-09,297.24
2026-07-10,295.99
2026-07-13,293.48
2026-07-14,294.51
2026-07-15,295.77
2026-07-16,295.59
2026-07-17,294.04
2026-07-20,292.31
2026-07-21,296.54
2026-07-22,293.79
2026-07-23,292.09
2026-07-24,291.17
2026-07-27,292.91
2026-07-28,293.37
2026-07-29,288.57
2026-07-30,292.59
2026-07-31,291.2
2026-08-03,296.22
2026-08-04,301.71
2026-08-05,299.77
2026-08-06,298.25
2026-08-07,301.56
2026-08-10,299.98
2026-08-11,300.99
2026-08-12,302.71
2026-08-13,303.5
2026-08-14,305.09
2026-08-17,304.06
2026-08-18,300.23
2026-08-19,301.72
2026-08-20,297.67
2026-08-21,299.96
2026-08-24,297.97
2026-08-25,299.23
2026-08-26,298.93
2026-08-27,299.81
2026-08-31,293.93
