Date,Value
2000-08-30,4.805
2000-08-31,4.78
2000-09-01,4.835
2000-09-05,4.96
2000-09-06,5.065
2000-09-07,4.998
2000-09-08,4.88
2000-09-11,5.015
2000-09-12,5.005
2000-09-13,5.055
2000-09-14,5.195
2000-09-15,5.205
2000-09-18,5.295
2000-09-19,5.37
2000-09-20,5.32
2000-09-21,5.287
2000-09-22,5.131
2000-09-25,5.276
2000-09-26,5.36
2000-09-27,5.33
2000-09-28,5.14
2000-09-29,5.2
2000-10-02,5.352
2000-10-03,5.348
2000-10-04,5.29
2000-10-05,5.152
2000-10-06,5
2000-10-09,5.15
2000-10-10,5.134
2000-10-11,5.585
2000-10-12,5.625
2000-10-13,5.535
2000-10-16,5.355
2000-10-17,5.46
2000-10-18,5.21
2000-10-19,4.96
2000-10-20,4.937
2000-10-23,5.072
2000-10-24,4.82
2000-10-25,4.65
2000-10-26,4.655
2000-10-27,4.53
2000-10-30,4.48
2000-10-31,4.5
2000-11-01,4.686
2000-11-02,4.76
2000-11-03,4.91
2000-11-06,4.849
2000-11-07,5.08
2000-11-08,5.34
2000-11-09,5.445
2000-11-10,5.46
2000-11-13,5.69
2000-11-14,6.02
2000-11-15,6.24
2000-11-16,5.79
2000-11-17,6.12
2000-11-20,6.24
2000-11-21,6.41
2000-11-22,6.577
2000-11-27,6.38
2000-11-28,6.07
2000-11-29,6.18
2000-11-30,6.58
2000-12-01,6.675
2000-12-04,7.45
2000-12-05,7.41
2000-12-06,8.45
2000-12-07,8.4
2000-12-08,8.585
2000-12-11,9.42
2000-12-12,8.2
2000-12-13,7.6
2000-12-14,7.413
2000-12-15,8.4
2000-12-18,8.527
2000-12-19,9.102
2000-12-20,9.36
2000-12-21,9.85
2000-12-22,9.579
2000-12-26,9.8
2000-12-27,10.04
2000-12-28,9.263
2000-12-29,9.775
2001-01-02,8.364
2001-01-03,8.22
2001-01-04,9
2001-01-05,9.25
2001-01-08,9.7
2001-01-09,9.8
2001-01-10,9.18
2001-01-11,8.71
2001-01-12,8.472
2001-01-16,8.103
2001-01-17,6.909
2001-01-18,7.136
2001-01-19,7.48
2001-01-22,7.457
2001-01-23,6.946
2001-01-24,7.12
2001-01-25,7.27
2001-01-26,7.28
2001-01-29,6.62
2001-01-30,6.097
2001-01-31,5.65
2001-02-01,6.4
2001-02-02,6.743
2001-02-05,5.706
2001-02-06,5.764
2001-02-07,6.25
2001-02-08,6.17
2001-02-09,6.21
2001-02-12,5.81
2001-02-13,6.02
2001-02-14,5.51
2001-02-15,5.595
2001-02-16,5.568
2001-02-20,5.27
2001-02-21,5.15
2001-02-22,5.14
2001-02-23,5.15
2001-02-26,5.06
2001-02-27,5.29
2001-02-28,5.245
2001-03-01,5.185
2001-03-02,5.275
2001-03-05,5.336
2001-03-06,5.31
2001-03-07,5.35
2001-03-08,5.29
2001-03-09,5.08
2001-03-12,5.17
2001-03-13,5.01
2001-03-14,4.92
2001-03-15,4.935
2001-03-16,5.03
2001-03-19,5.065
2001-03-20,5.28
2001-03-21,5.05
2001-03-22,5.215
2001-03-23,5.27
2001-03-26,5.32
2001-03-27,5.625
2001-03-28,5.41
2001-03-29,5.275
2001-03-30,5.03
2001-04-02,5.103
2001-04-03,5.115
2001-04-04,5.182
2001-04-05,5.43
2001-04-06,5.388
2001-04-09,5.477
2001-04-10,5.559
2001-04-11,5.38
2001-04-12,5.381
2001-04-16,5.516
2001-04-17,5.248
2001-04-18,5.148
2001-04-19,5.11
2001-04-20,5.128
2001-04-23,5.125
2001-04-24,5.078
2001-04-25,4.96
2001-04-26,4.891
2001-04-27,4.867
2001-04-30,4.695
2001-05-01,4.641
2001-05-02,4.483
2001-05-03,4.527
2001-05-04,4.49
2001-05-07,4.239
2001-05-08,4.279
2001-05-09,4.2
2001-05-10,4.348
2001-05-11,4.278
2001-05-14,4.394
2001-05-15,4.653
2001-05-16,4.298
2001-05-17,4.248
2001-05-18,4.291
2001-05-21,4.11
2001-05-22,4.123
2001-05-23,4.113
2001-05-24,4.054
2001-05-25,3.973
2001-05-29,3.738
2001-05-30,3.981
2001-05-31,3.914
2001-06-01,3.93
2001-06-04,4.069
2001-06-05,3.892
2001-06-06,3.801
2001-06-07,3.79
2001-06-08,3.922
2001-06-11,4.179
2001-06-12,4.301
2001-06-13,4.112
2001-06-14,4.038
2001-06-15,3.979
2001-06-18,3.939
2001-06-19,3.981
2001-06-20,3.74
2001-06-21,3.747
2001-06-22,3.742
2001-06-25,3.446
2001-06-26,3.397
2001-06-27,3.21
2001-06-28,3.275
2001-06-29,3.096
2001-07-02,3.117
2001-07-03,3.201
2001-07-05,3.136
2001-07-06,3.235
2001-07-09,3.153
2001-07-10,3.282
2001-07-11,3.365
2001-07-12,3.428
2001-07-13,3.25
2001-07-16,3.068
2001-07-17,3.165
2001-07-18,3.087
2001-07-19,2.939
2001-07-20,2.955
2001-07-23,2.978
2001-07-24,2.97
2001-07-25,3.276
2001-07-26,3.128
2001-07-27,3.167
2001-07-30,3.353
2001-07-31,3.296
2001-08-01,3.081
2001-08-02,3.192
2001-08-03,2.971
2001-08-06,3.027
2001-08-07,2.971
2001-08-08,3.036
2001-08-09,2.956
2001-08-10,3.04
2001-08-13,2.999
2001-08-14,3.094
2001-08-15,3.468
2001-08-16,3.36
2001-08-17,3.303
2001-08-20,3.187
2001-08-21,3.166
2001-08-22,2.845
2001-08-23,2.811
2001-08-24,2.706
2001-08-27,2.544
2001-08-28,2.42
2001-08-29,2.34
2001-08-30,2.395
2001-08-31,2.38
2001-09-04,2.359
2001-09-05,2.42
2001-09-06,2.44
2001-09-07,2.5
2001-09-10,2.392
2001-09-14,2.552
2001-09-17,2.369
2001-09-18,2.225
2001-09-19,2.102
2001-09-20,2.137
2001-09-21,2.103
2001-09-24,1.91
2001-09-25,1.925
2001-09-26,1.83
2001-09-27,2.253
2001-09-28,2.244
2001-10-01,2.208
2001-10-02,2.268
2001-10-03,2.32
2001-10-04,2.414
2001-10-05,2.227
2001-10-08,2.27
2001-10-09,2.388
2001-10-10,2.48
2001-10-11,2.531
2001-10-12,2.43
2001-10-15,2.378
2001-10-16,2.592
2001-10-17,2.418
2001-10-18,2.486
2001-10-19,2.681
2001-10-22,2.807
2001-10-23,2.681
2001-10-24,2.981
2001-10-25,2.938
2001-10-26,3.041
2001-10-29,3.202
2001-10-30,3.183
2001-10-31,3.291
2001-11-01,3.29
2001-11-02,3.248
2001-11-05,2.922
2001-11-06,2.88
2001-11-07,2.87
2001-11-08,2.96
2001-11-09,2.925
2001-11-12,2.733
2001-11-13,2.798
2001-11-14,2.676
2001-11-15,2.551
2001-11-16,2.637
2001-11-19,2.791
2001-11-20,2.852
2001-11-21,2.813
2001-11-26,2.696
2001-11-27,2.606
2001-11-28,2.316
2001-11-29,2.561
2001-11-30,2.701
2001-12-03,2.634
2001-12-04,2.563
2001-12-05,2.491
2001-12-06,2.565
2001-12-07,2.568
2001-12-10,2.747
2001-12-11,2.803
2001-12-12,2.719
2001-12-13,2.756
2001-12-14,2.846
2001-12-17,2.686
2001-12-18,2.657
2001-12-19,2.616
2001-12-20,2.686
2001-12-21,2.895
2001-12-26,2.911
2001-12-27,2.555
2001-12-28,2.774
2001-12-31,2.57
2002-01-02,2.465
2002-01-03,2.268
2002-01-04,2.275
2002-01-07,2.272
2002-01-08,2.281
2002-01-09,2.228
2002-01-10,2.185
2002-01-11,2.204
2002-01-14,2.25
2002-01-15,2.291
2002-01-16,2.394
2002-01-17,2.255
2002-01-18,2.236
2002-01-22,2.125
2002-01-23,2.075
2002-01-24,2.06
2002-01-25,2.105
2002-01-28,1.94
2002-01-29,2.025
2002-01-30,2.09
2002-01-31,2.15
2002-02-01,2.14
2002-02-04,2.125
2002-02-05,2.07
2002-02-06,2.11
2002-02-07,2.16
2002-02-08,2.18
2002-02-11,2.285
2002-02-12,2.3
2002-02-13,2.26
2002-02-14,2.19
2002-02-15,2.206
2002-02-19,2.395
2002-02-20,2.385
2002-02-21,2.425
2002-02-22,2.435
2002-02-25,2.315
2002-02-26,2.395
2002-02-27,2.435
2002-02-28,2.355
2002-03-01,2.38
2002-03-04,2.488
2002-03-05,2.47
2002-03-06,2.58
2002-03-07,2.755
2002-03-08,2.81
2002-03-11,3.03
2002-03-12,3.03
2002-03-13,2.85
2002-03-14,2.925
2002-03-15,3.06
2002-03-18,3.3
2002-03-19,3.24
2002-03-20,3.11
2002-03-21,3.4
2002-03-22,3.32
2002-03-25,3.435
2002-03-26,3.41
2002-03-27,3.29
2002-03-28,3.245
2002-04-01,3.52
2002-04-02,3.63
2002-04-03,3.49
2002-04-04,3.345
2002-04-05,3.27
2002-04-08,3.32
2002-04-09,3.201
2002-04-10,3.17
2002-04-11,3.105
2002-04-12,3.13
2002-04-15,3.42
2002-04-16,3.31
2002-04-17,3.485
2002-04-18,3.44
2002-04-19,3.53
2002-04-22,3.6
2002-04-23,3.591
2002-04-24,3.405
2002-04-25,3.295
2002-04-26,3.34
2002-04-29,3.55
2002-04-30,3.765
2002-05-01,3.715
2002-05-02,3.684
2002-05-03,3.735
2002-05-06,3.595
2002-05-07,3.68
2002-05-08,3.735
2002-05-09,3.71
2002-05-10,3.749
2002-05-13,3.78
2002-05-14,3.855
2002-05-15,3.64
2002-05-16,3.609
2002-05-17,3.565
2002-05-20,3.49
2002-05-21,3.395
2002-05-22,3.459
2002-05-23,3.438
2002-05-24,3.347
2002-05-28,3.28
2002-05-29,3.43
2002-05-30,3.222
2002-05-31,3.217
2002-06-03,3.242
2002-06-04,3.328
2002-06-05,3.26
2002-06-06,3.185
2002-06-07,3.204
2002-06-10,3.135
2002-06-11,3.132
2002-06-12,3.057
2002-06-13,3.211
2002-06-14,3.345
2002-06-17,3.377
2002-06-18,3.312
2002-06-19,3.314
2002-06-20,3.216
2002-06-21,3.237
2002-06-24,3.47
2002-06-25,3.449
2002-06-26,3.278
2002-06-27,3.236
2002-06-28,3.245
2002-07-01,3.192
2002-07-02,3.145
2002-07-03,3.142
2002-07-04,3.11
2002-07-08,2.939
2002-07-09,2.991
2002-07-10,2.864
2002-07-11,2.83
2002-07-12,2.787
2002-07-15,2.784
2002-07-16,2.863
2002-07-17,2.841
2002-07-18,2.943
2002-07-19,2.933
2002-07-22,2.947
2002-07-23,2.889
2002-07-24,3.042
2002-07-25,2.902
2002-07-26,2.936
2002-07-29,2.976
2002-07-30,2.891
2002-07-31,2.954
2002-08-01,2.842
2002-08-02,2.858
2002-08-05,2.67
2002-08-06,2.716
2002-08-07,2.66
2002-08-08,2.745
2002-08-09,2.761
2002-08-12,2.965
2002-08-13,2.975
2002-08-14,2.91
2002-08-15,3.135
2002-08-16,3.149
2002-08-19,3.29
2002-08-20,3.166
2002-08-21,3.274
2002-08-22,3.515
2002-08-23,3.487
2002-08-26,3.617
2002-08-27,3.483
2002-08-28,3.288
2002-08-29,3.25
2002-08-30,3.296
2002-09-03,3.132
2002-09-04,3.193
2002-09-05,3.342
2002-09-06,3.265
2002-09-09,3.399
2002-09-10,3.356
2002-09-11,3.25
2002-09-12,3.329
2002-09-13,3.467
2002-09-16,3.507
2002-09-17,3.679
2002-09-18,3.787
2002-09-19,3.856
2002-09-20,3.758
2002-09-23,3.978
2002-09-24,3.742
2002-09-25,3.494
2002-09-26,3.686
2002-09-27,4.041
2002-09-30,4.14
2002-10-01,4.067
2002-10-02,4.16
2002-10-03,3.724
2002-10-04,3.739
2002-10-07,3.74
2002-10-08,3.862
2002-10-09,3.918
2002-10-10,3.828
2002-10-11,4.146
2002-10-14,4.303
2002-10-15,4.247
2002-10-16,4.227
2002-10-17,4.299
2002-10-18,4.239
2002-10-21,4.157
2002-10-22,4.12
2002-10-23,4.26
2002-10-24,4.133
2002-10-25,4.028
2002-10-28,4.176
2002-10-29,4.126
2002-10-30,4.389
2002-10-31,4.156
2002-11-01,4.06
2002-11-04,3.863
2002-11-05,3.883
2002-11-06,3.854
2002-11-07,3.831
2002-11-08,3.903
2002-11-11,3.778
2002-11-12,3.872
2002-11-13,3.877
2002-11-14,3.869
2002-11-15,3.981
2002-11-18,4.263
2002-11-19,4.261
2002-11-20,4.254
2002-11-21,4.351
2002-11-22,4.26
2002-11-25,4.261
2002-11-26,4.14
2002-11-27,4.2
2002-12-02,4.32
2002-12-03,4.226
2002-12-04,4.298
2002-12-05,4.405
2002-12-06,4.383
2002-12-09,4.37
2002-12-10,4.64
2002-12-11,4.709
2002-12-12,5.1
2002-12-13,5.284
2002-12-16,5.341
2002-12-17,5.24
2002-12-18,5.278
2002-12-19,5.047
2002-12-20,5.195
2002-12-23,5.116
2002-12-24,5.15
2002-12-26,4.962
2002-12-27,4.97
2002-12-30,4.8
2002-12-31,4.789
2003-01-02,5.251
2003-01-03,5.344
2003-01-06,4.935
2003-01-07,5.127
2003-01-08,5.161
2003-01-09,5.304
2003-01-10,5.143
2003-01-13,5.251
2003-01-14,5.107
2003-01-15,5.43
2003-01-16,5.645
2003-01-17,5.536
2003-01-21,5.433
2003-01-22,5.673
2003-01-23,5.42
2003-01-24,5.524
2003-01-27,5.396
2003-01-28,5.444
2003-01-29,5.66
2003-01-30,5.583
2003-01-31,5.605
2003-02-03,5.766
2003-02-04,5.762
2003-02-05,5.644
2003-02-06,5.828
2003-02-07,6.043
2003-02-10,5.852
2003-02-11,5.977
2003-02-12,5.785
2003-02-13,5.74
2003-02-14,5.851
2003-02-18,5.911
2003-02-19,6.134
2003-02-20,6.162
2003-02-21,6.61
2003-02-24,9.137
2003-02-25,9.577
2003-02-26,9.133
2003-02-27,7.485
2003-02-28,8.101
2003-03-03,7.162
2003-03-04,7.041
2003-03-05,7.021
2003-03-06,6.844
2003-03-07,6.975
2003-03-10,6.515
2003-03-11,5.944
2003-03-12,5.865
2003-03-13,5.36
2003-03-14,5.429
2003-03-17,5.507
2003-03-18,5.339
2003-03-19,5.278
2003-03-20,5.306
2003-03-21,5.12
2003-03-24,5.253
2003-03-25,5.077
2003-03-26,5.097
2003-03-27,5.146
2003-03-28,5.146
2003-03-31,5.06
2003-04-01,5.125
2003-04-02,5.065
2003-04-03,4.919
2003-04-04,4.943
2003-04-07,5.134
2003-04-08,5.108
2003-04-09,5.195
2003-04-10,5.419
2003-04-11,5.411
2003-04-14,5.552
2003-04-15,5.653
2003-04-16,5.677
2003-04-17,5.709
2003-04-21,5.713
2003-04-22,5.645
2003-04-23,5.569
2003-04-24,5.474
2003-04-25,5.477
2003-04-28,5.123
2003-04-29,5.236
2003-04-30,5.385
2003-05-01,5.267
2003-05-02,5.255
2003-05-05,5.715
2003-05-06,5.568
2003-05-07,5.66
2003-05-08,5.772
2003-05-09,5.806
2003-05-12,5.983
2003-05-13,6.308
2003-05-14,6.314
2003-05-15,6.131
2003-05-16,6.122
2003-05-19,6.015
2003-05-20,6.056
2003-05-21,6.198
2003-05-22,6.035
2003-05-23,6.119
2003-05-27,5.895
2003-05-28,5.945
2003-05-29,6.066
2003-05-30,6.25
2003-06-02,6.412
2003-06-03,6.36
2003-06-04,6.375
2003-06-05,6.54
2003-06-06,6.51
2003-06-09,6.314
2003-06-10,6.33
2003-06-11,6.213
2003-06-12,5.63
2003-06-13,5.675
2003-06-16,5.706
2003-06-17,5.712
2003-06-18,5.581
2003-06-19,5.941
2003-06-20,5.805
2003-06-23,5.863
2003-06-24,5.697
2003-06-25,5.757
2003-06-26,5.291
2003-06-27,5.362
2003-06-30,5.411
2003-07-01,5.317
2003-07-02,5.199
2003-07-03,5.226
2003-07-07,5.381
2003-07-08,5.503
2003-07-09,5.52
2003-07-10,5.258
2003-07-11,5.154
2003-07-14,5.102
2003-07-15,5.02
2003-07-16,4.934
2003-07-17,5.05
2003-07-18,5
2003-07-21,5.107
2003-07-22,4.868
2003-07-23,4.876
2003-07-24,4.731
2003-07-25,4.706
2003-07-28,4.7
2003-07-29,4.693
2003-07-30,4.668
2003-07-31,4.718
2003-08-01,4.874
2003-08-04,4.63
2003-08-05,4.677
2003-08-06,4.745
2003-08-07,5.082
2003-08-08,5.037
2003-08-11,5.129
2003-08-12,5.217
2003-08-13,5.179
2003-08-14,4.891
2003-08-15,4.848
2003-08-18,4.883
2003-08-19,4.964
2003-08-20,5.119
2003-08-21,5.275
2003-08-22,5.28
2003-08-25,5.083
2003-08-26,5.038
2003-08-27,4.88
2003-08-28,4.944
2003-08-29,4.731
2003-09-02,4.639
2003-09-03,4.694
2003-09-04,4.81
2003-09-05,4.771
2003-09-08,4.661
2003-09-09,4.73
2003-09-10,4.968
2003-09-11,4.738
2003-09-12,4.766
2003-09-15,4.685
2003-09-16,4.661
2003-09-17,4.642
2003-09-18,4.471
2003-09-19,4.483
2003-09-22,4.494
2003-09-23,4.511
2003-09-24,4.588
2003-09-25,4.542
2003-09-26,4.43
2003-09-29,4.895
2003-09-30,4.83
2003-10-01,4.677
2003-10-02,4.686
2003-10-03,4.767
2003-10-06,4.904
2003-10-07,5.14
2003-10-08,5.148
2003-10-09,5.57
2003-10-10,5.652
2003-10-13,5.547
2003-10-14,5.475
2003-10-15,5.431
2003-10-16,5.411
2003-10-17,5.036
2003-10-20,4.772
2003-10-21,4.875
2003-10-22,4.924
2003-10-23,4.913
2003-10-24,4.786
2003-10-27,4.512
2003-10-28,4.486
2003-10-29,4.459
2003-10-30,4.71
2003-10-31,4.893
2003-11-03,4.705
2003-11-04,4.727
2003-11-05,4.897
2003-11-06,4.658
2003-11-07,4.706
2003-11-10,4.711
2003-11-11,4.869
2003-11-12,4.739
2003-11-13,4.797
2003-11-14,5.112
2003-11-17,4.764
2003-11-18,4.865
2003-11-19,4.738
2003-11-20,4.618
2003-11-21,4.634
2003-11-24,4.682
2003-11-25,4.86
2003-11-26,4.925
2003-12-01,5.283
2003-12-02,5.579
2003-12-03,5.756
2003-12-04,6.337
2003-12-05,6.135
2003-12-08,6.902
2003-12-09,6.722
2003-12-10,6.711
2003-12-11,6.615
2003-12-12,7.221
2003-12-15,6.954
2003-12-16,6.747
2003-12-17,6.993
2003-12-18,7.122
2003-12-19,6.982
2003-12-22,6.324
2003-12-23,6.143
2003-12-24,6.379
2003-12-29,6.15
2003-12-30,6.6
2003-12-31,6.189
2004-01-05,6.827
2004-01-06,7.082
2004-01-07,6.878
2004-01-08,7.094
2004-01-09,7.287
2004-01-12,6.906
2004-01-13,6.3
2004-01-14,6.385
2004-01-15,5.845
2004-01-16,5.94
2004-01-20,6.291
2004-01-21,6.15
2004-01-22,5.834
2004-01-23,6.059
2004-01-26,5.727
2004-01-27,5.716
2004-01-28,5.775
2004-01-29,5.659
2004-01-30,5.397
2004-02-02,5.574
2004-02-03,5.651
2004-02-04,5.654
2004-02-05,5.4
2004-02-06,5.354
2004-02-09,5.349
2004-02-10,5.404
2004-02-11,5.26
2004-02-12,5.451
2004-02-13,5.536
2004-02-17,5.32
2004-02-18,5.356
2004-02-19,5.235
2004-02-20,5.193
2004-02-23,5.127
2004-02-24,5.077
2004-02-25,5.15
2004-02-26,5.391
2004-02-27,5.416
2004-03-01,5.55
2004-03-02,5.565
2004-03-03,5.375
2004-03-04,5.457
2004-03-05,5.443
2004-03-08,5.393
2004-03-09,5.438
2004-03-10,5.397
2004-03-11,5.643
2004-03-12,5.596
2004-03-15,5.718
2004-03-16,5.688
2004-03-17,5.722
2004-03-18,5.631
2004-03-19,5.582
2004-03-22,5.546
2004-03-23,5.53
2004-03-24,5.429
2004-03-25,5.336
2004-03-26,5.395
2004-03-29,5.365
2004-03-30,5.746
2004-03-31,5.933
2004-04-01,5.765
2004-04-02,5.812
2004-04-05,5.804
2004-04-06,5.809
2004-04-07,5.872
2004-04-08,5.941
2004-04-12,6.009
2004-04-13,5.788
2004-04-14,5.744
2004-04-15,5.734
2004-04-16,5.61
2004-04-19,5.509
2004-04-20,5.553
2004-04-21,5.582
2004-04-22,5.623
2004-04-23,5.571
2004-04-26,5.764
2004-04-27,5.874
2004-04-28,5.935
2004-04-29,5.924
2004-04-30,5.862
2004-05-03,6.231
2004-05-04,6.269
2004-05-05,6.31
2004-05-06,6.219
2004-05-07,6.294
2004-05-10,6.184
2004-05-11,6.386
2004-05-12,6.405
2004-05-13,6.48
2004-05-14,6.401
2004-05-17,6.424
2004-05-18,6.154
2004-05-19,6.455
2004-05-20,6.324
2004-05-21,6.353
2004-05-24,6.705
2004-05-25,6.684
2004-05-26,6.68
2004-05-27,6.573
2004-05-28,6.442
2004-06-01,6.681
2004-06-02,6.519
2004-06-03,6.363
2004-06-04,6.261
2004-06-07,6.207
2004-06-08,6.115
2004-06-09,6.082
2004-06-10,6.176
2004-06-14,6.244
2004-06-15,6.304
2004-06-16,6.489
2004-06-17,6.582
2004-06-18,6.52
2004-06-21,6.339
2004-06-22,6.412
2004-06-23,6.415
2004-06-24,6.485
2004-06-25,6.353
2004-06-28,6.141
2004-06-29,6.118
2004-06-30,6.155
2004-07-01,6.217
2004-07-02,6.148
2004-07-06,6.424
2004-07-07,6.37
2004-07-08,6.185
2004-07-09,6.141
2004-07-12,5.857
2004-07-13,5.905
2004-07-14,5.977
2004-07-15,5.846
2004-07-16,5.887
2004-07-19,5.818
2004-07-20,5.837
2004-07-21,5.931
2004-07-22,6.152
2004-07-23,6.134
2004-07-26,5.957
2004-07-27,5.989
2004-07-28,6.048
2004-07-29,6.18
2004-07-30,6.112
2004-08-02,5.813
2004-08-03,5.816
2004-08-04,5.661
2004-08-05,5.712
2004-08-06,5.588
2004-08-09,5.693
2004-08-10,5.791
2004-08-11,5.614
2004-08-12,5.442
2004-08-13,5.533
2004-08-16,5.378
2004-08-17,5.373
2004-08-18,5.382
2004-08-19,5.507
2004-08-20,5.552
2004-08-23,5.31
2004-08-24,5.338
2004-08-25,5.298
2004-08-26,5.189
2004-08-27,5.082
2004-08-30,5.234
2004-08-31,5.074
2004-09-01,4.965
2004-09-02,4.767
2004-09-03,4.675
2004-09-07,4.79
2004-09-08,4.631
2004-09-09,4.658
2004-09-10,4.57
2004-09-13,4.85
2004-09-14,4.928
2004-09-15,4.824
2004-09-16,4.719
2004-09-17,5.108
2004-09-20,5.249
2004-09-21,5.608
2004-09-22,5.629
2004-09-23,5.564
2004-09-24,5.392
2004-09-27,5.262
2004-09-28,5.723
2004-09-29,6.911
2004-09-30,6.795
2004-10-01,6.772
2004-10-04,6.725
2004-10-05,7.164
2004-10-06,7.045
2004-10-07,7.255
2004-10-08,7.163
2004-10-11,6.993
2004-10-12,6.636
2004-10-13,6.851
2004-10-14,6.803
2004-10-15,6.709
2004-10-18,6.806
2004-10-19,7.123
2004-10-20,7.623
2004-10-21,7.697
2004-10-22,8.105
2004-10-25,7.89
2004-10-26,8.402
2004-10-27,7.69
2004-10-28,8.684
2004-10-29,8.725
2004-11-01,8.72
2004-11-02,8.567
2004-11-03,8.752
2004-11-04,8.199
2004-11-05,7.954
2004-11-08,7.6
2004-11-09,7.471
2004-11-10,7.678
2004-11-11,7.236
2004-11-12,7.176
2004-11-15,7.436
2004-11-16,7.124
2004-11-17,7.283
2004-11-18,6.873
2004-11-19,7.115
2004-11-22,6.762
2004-11-23,6.793
2004-11-24,7.976
2004-11-29,7.837
2004-11-30,7.62
2004-12-01,7.413
2004-12-02,6.811
2004-12-03,6.796
2004-12-06,6.923
2004-12-07,6.621
2004-12-08,6.683
2004-12-09,6.886
2004-12-10,6.843
2004-12-13,7.166
2004-12-14,7.333
2004-12-15,7.236
2004-12-16,7
2004-12-17,7.457
2004-12-20,6.952
2004-12-21,6.856
2004-12-22,6.82
2004-12-23,6.668
2004-12-27,6.16
2004-12-28,6.213
2004-12-29,6.402
2004-12-30,6.149
2005-01-03,5.79
2005-01-04,5.902
2005-01-05,5.833
2005-01-06,6.049
2005-01-07,6.001
2005-01-10,6.159
2005-01-11,6.095
2005-01-12,5.943
2005-01-13,6.445
2005-01-14,6.395
2005-01-18,6.137
2005-01-19,6.293
2005-01-20,6.308
2005-01-21,6.24
2005-01-24,6.476
2005-01-25,6.403
2005-01-26,6.388
2005-01-27,6.288
2005-01-28,6.259
2005-01-31,6.321
2005-02-01,6.316
2005-02-02,6.376
2005-02-03,6.149
2005-02-04,6.096
2005-02-07,5.969
2005-02-08,6.164
2005-02-09,6.165
2005-02-10,6.16
2005-02-11,6.093
2005-02-14,6.093
2005-02-15,6.175
2005-02-16,6.109
2005-02-17,5.923
2005-02-18,5.908
2005-02-22,6.103
2005-02-23,6.311
2005-02-24,6.304
2005-02-25,6.715
2005-02-28,6.73
2005-03-01,6.68
2005-03-02,6.717
2005-03-03,6.657
2005-03-04,6.744
2005-03-07,6.714
2005-03-08,6.847
2005-03-09,6.88
2005-03-10,6.768
2005-03-11,6.772
2005-03-14,7.138
2005-03-15,7.179
2005-03-16,7.192
2005-03-17,7.238
2005-03-18,7.273
2005-03-21,7.318
2005-03-22,7.248
2005-03-23,7.138
2005-03-24,7.062
2005-03-28,6.999
2005-03-29,7.323
2005-03-30,7.46
2005-03-31,7.653
2005-04-01,7.749
2005-04-04,7.594
2005-04-05,7.572
2005-04-06,7.558
2005-04-07,7.366
2005-04-08,7.242
2005-04-11,7.309
2005-04-12,7.094
2005-04-13,6.978
2005-04-14,7.069
2005-04-15,6.997
2005-04-18,6.95
2005-04-19,7.045
2005-04-20,7.057
2005-04-21,7.032
2005-04-22,7.195
2005-04-25,7.153
2005-04-26,7.12
2005-04-27,6.748
2005-04-28,6.748
2005-04-29,6.585
2005-05-02,6.697
2005-05-03,6.515
2005-05-04,6.63
2005-05-05,6.691
2005-05-06,6.621
2005-05-09,6.674
2005-05-10,6.694
2005-05-11,6.683
2005-05-12,6.511
2005-05-13,6.536
2005-05-16,6.446
2005-05-17,6.476
2005-05-18,6.392
2005-05-19,6.357
2005-05-20,6.343
2005-05-23,6.407
2005-05-24,6.349
2005-05-25,6.315
2005-05-26,6.123
2005-05-27,6.37
2005-05-31,6.379
2005-06-01,6.789
2005-06-02,6.819
2005-06-03,6.88
2005-06-06,7.122
2005-06-07,7.127
2005-06-08,7
2005-06-09,7.045
2005-06-10,6.932
2005-06-13,7.26
2005-06-14,7.228
2005-06-15,7.441
2005-06-16,7.613
2005-06-17,7.69
2005-06-20,7.67
2005-06-21,7.474
2005-06-22,7.442
2005-06-23,7.473
2005-06-24,7.36
2005-06-27,7.138
2005-06-28,6.976
2005-06-29,7.087
2005-06-30,6.981
2005-07-01,7.171
2005-07-05,7.475
2005-07-06,7.688
2005-07-07,7.398
2005-07-08,7.472
2005-07-11,7.495
2005-07-12,7.885
2005-07-13,7.9
2005-07-14,7.844
2005-07-15,7.849
2005-07-18,7.652
2005-07-19,7.586
2005-07-20,7.55
2005-07-21,7.3
2005-07-22,7.384
2005-07-25,7.284
2005-07-26,7.425
2005-07-27,7.647
2005-07-28,7.694
2005-07-29,7.885
2005-08-01,8.154
2005-08-02,8.378
2005-08-03,8.351
2005-08-04,8.471
2005-08-05,8.7
2005-08-08,8.684
2005-08-09,8.649
2005-08-10,9.071
2005-08-11,9.301
2005-08-12,9.588
2005-08-15,9.54
2005-08-16,9.752
2005-08-17,9.391
2005-08-18,8.928
2005-08-19,9.111
2005-08-22,9.564
2005-08-23,9.683
2005-08-24,9.984
2005-08-25,9.77
2005-08-26,9.792
2005-08-29,10.847
2005-08-30,11.659
2005-08-31,11.472
2005-09-01,11.757
2005-09-02,11.691
2005-09-06,11.657
2005-09-07,11.201
2005-09-08,11.347
2005-09-09,11.263
2005-09-12,11.031
2005-09-13,10.763
2005-09-14,11.166
2005-09-15,11.336
2005-09-16,11.144
2005-09-19,12.663
2005-09-20,12.492
2005-09-21,12.6
2005-09-22,12.79
2005-09-23,12.324
2005-09-26,12.44
2005-09-27,12.656
2005-09-28,13.907
2005-09-29,14.196
2005-09-30,13.921
2005-10-03,14.017
2005-10-04,14.224
2005-10-05,14.183
2005-10-06,13.375
2005-10-07,13.226
2005-10-10,12.975
2005-10-11,13.54
2005-10-12,13.524
2005-10-13,13.103
2005-10-14,13.219
2005-10-17,13.887
2005-10-18,13.421
2005-10-19,13.549
2005-10-20,12.977
2005-10-21,12.872
2005-10-24,13.004
2005-10-25,14.338
2005-10-26,14.04
2005-10-27,13.832
2005-10-28,13.055
2005-10-31,12.205
2005-11-01,11.86
2005-11-02,11.604
2005-11-03,11.689
2005-11-04,11.415
2005-11-07,11.873
2005-11-08,11.793
2005-11-09,11.669
2005-11-10,11.38
2005-11-11,11.712
2005-11-14,11.607
2005-11-15,11.563
2005-11-16,12.329
2005-11-17,11.942
2005-11-18,11.414
2005-11-21,11.331
2005-11-22,11.614
2005-11-23,11.62
2005-11-28,11.18
2005-11-29,11.736
2005-11-30,12.63
2005-12-01,13.027
2005-12-02,13.931
2005-12-05,13.66
2005-12-06,13.489
2005-12-07,13.7
2005-12-08,15.08
2005-12-09,14.312
2005-12-12,14.841
2005-12-13,15.378
2005-12-14,14.679
2005-12-15,13.781
2005-12-16,13.633
2005-12-19,14.043
2005-12-20,14.08
2005-12-21,14.271
2005-12-22,12.923
2005-12-23,12.283
2005-12-27,11.022
2005-12-28,11.431
2005-12-29,11.223
2005-12-30,11.225
2006-01-03,10.626
2006-01-04,10.197
2006-01-05,9.499
2006-01-06,9.632
2006-01-09,9.39
2006-01-10,9.336
2006-01-11,9.238
2006-01-12,8.943
2006-01-13,8.791
2006-01-17,9.168
2006-01-18,8.694
2006-01-19,8.905
2006-01-20,9.28
2006-01-23,8.574
2006-01-24,8.682
2006-01-25,8.46
2006-01-26,8.229
2006-01-27,8.4
2006-01-30,9.389
2006-01-31,9.316
2006-02-01,8.723
2006-02-02,8.347
2006-02-03,8.613
2006-02-06,7.995
2006-02-07,7.858
2006-02-08,7.735
2006-02-09,7.479
2006-02-10,7.316
2006-02-13,7.243
2006-02-14,7.114
2006-02-15,7.066
2006-02-16,7.134
2006-02-17,7.182
2006-02-21,7.731
2006-02-22,7.283
2006-02-23,7.458
2006-02-24,7.112
2006-02-27,6.789
2006-02-28,6.714
2006-03-01,6.733
2006-03-02,6.76
2006-03-03,6.79
2006-03-06,6.547
2006-03-07,6.678
2006-03-08,6.648
2006-03-09,6.601
2006-03-10,6.646
2006-03-13,7.007
2006-03-14,7.167
2006-03-15,7.143
2006-03-16,7.267
2006-03-17,7.053
2006-03-20,6.835
2006-03-21,6.868
2006-03-22,6.953
2006-03-23,7.328
2006-03-24,7.29
2006-03-27,7.067
2006-03-28,7.214
2006-03-29,7.233
2006-03-30,7.487
2006-03-31,7.21
2006-04-03,7.244
2006-04-04,7.065
2006-04-05,7.069
2006-04-06,6.972
2006-04-07,6.743
2006-04-10,6.882
2006-04-11,6.908
2006-04-12,6.808
2006-04-13,7.14
2006-04-17,7.577
2006-04-18,8.008
2006-04-19,8.192
2006-04-20,8.064
2006-04-21,7.981
2006-04-24,7.558
2006-04-25,7.254
2006-04-26,7.198
2006-04-27,6.805
2006-04-28,6.555
2006-05-01,6.695
2006-05-02,6.746
2006-05-03,6.606
2006-05-04,6.906
2006-05-05,6.775
2006-05-08,6.696
2006-05-09,6.581
2006-05-10,6.9
2006-05-11,6.649
2006-05-12,6.28
2006-05-15,6.123
2006-05-16,6.252
2006-05-17,6.129
2006-05-18,5.997
2006-05-19,5.962
2006-05-22,6.276
2006-05-23,6.258
2006-05-24,5.964
2006-05-25,5.975
2006-05-26,5.925
2006-05-30,6.123
2006-05-31,6.384
2006-06-01,6.448
2006-06-02,6.623
2006-06-05,6.463
2006-06-06,6.385
2006-06-07,5.974
2006-06-08,6.191
2006-06-09,6.172
2006-06-12,6.224
2006-06-13,6.163
2006-06-14,6.59
2006-06-15,7.207
2006-06-16,7.185
2006-06-19,6.893
2006-06-20,6.502
2006-06-21,6.588
2006-06-22,6.439
2006-06-23,6.226
2006-06-26,5.969
2006-06-27,6.107
2006-06-28,5.887
2006-06-29,6.135
2006-06-30,6.085
2006-07-05,5.765
2006-07-06,5.664
2006-07-07,5.523
2006-07-10,5.608
2006-07-11,5.633
2006-07-12,5.782
2006-07-13,6.129
2006-07-14,6.347
2006-07-17,5.783
2006-07-18,5.555
2006-07-19,5.862
2006-07-20,6.091
2006-07-21,6.139
2006-07-24,6.605
2006-07-25,6.409
2006-07-26,6.887
2006-07-27,7.042
2006-07-28,7.184
2006-07-31,8.211
2006-08-01,7.574
2006-08-02,7.799
2006-08-03,7.292
2006-08-04,7.246
2006-08-07,6.907
2006-08-08,7.158
2006-08-09,7.651
2006-08-10,7.529
2006-08-11,7.269
2006-08-14,6.913
2006-08-15,6.861
2006-08-16,6.766
2006-08-17,6.689
2006-08-18,6.731
2006-08-21,6.624
2006-08-22,7.008
2006-08-23,6.875
2006-08-24,7.079
2006-08-25,7.157
2006-08-28,6.472
2006-08-29,6.816
2006-08-30,6.29
2006-08-31,6.048
2006-09-01,5.877
2006-09-04,5.825
2006-09-05,6.039
2006-09-06,5.965
2006-09-07,5.718
2006-09-08,5.675
2006-09-11,5.67
2006-09-12,5.574
2006-09-13,5.449
2006-09-14,4.892
2006-09-15,4.982
2006-09-18,4.942
2006-09-19,5.006
2006-09-20,4.931
2006-09-21,4.781
2006-09-22,4.627
2006-09-25,4.475
2006-09-26,4.526
2006-09-27,4.201
2006-09-28,5.392
2006-09-29,5.62
2006-10-02,5.643
2006-10-03,5.759
2006-10-04,5.995
2006-10-05,6.298
2006-10-06,6.427
2006-10-09,6.429
2006-10-10,6.466
2006-10-11,6.15
2006-10-12,5.782
2006-10-13,5.659
2006-10-16,6.444
2006-10-17,6.442
2006-10-18,6.807
2006-10-19,7.132
2006-10-20,7.241
2006-10-23,6.881
2006-10-24,7.091
2006-10-25,7.693
2006-10-26,7.497
2006-10-27,7.153
2006-10-30,7.416
2006-10-31,7.534
2006-11-01,7.712
2006-11-02,7.814
2006-11-03,7.884
2006-11-06,7.49
2006-11-07,7.755
2006-11-08,7.823
2006-11-09,7.955
2006-11-10,7.794
2006-11-13,7.894
2006-11-14,7.977
2006-11-15,8.12
2006-11-16,7.755
2006-11-17,8.179
2006-11-20,8.019
2006-11-21,7.988
2006-11-22,7.718
2006-11-27,7.998
2006-11-28,8.318
2006-11-29,8.871
2006-11-30,8.844
2006-12-01,8.422
2006-12-04,7.806
2006-12-05,7.685
2006-12-06,7.727
2006-12-07,7.671
2006-12-08,7.561
2006-12-11,7.427
2006-12-12,7.43
2006-12-13,7.673
2006-12-14,7.555
2006-12-15,7.409
2006-12-18,7.075
2006-12-19,7.083
2006-12-20,6.769
2006-12-21,6.8
2006-12-22,6.635
2006-12-26,6.113
2006-12-27,5.838
2006-12-28,6.248
2006-12-29,6.299
2007-01-02,6.299
2007-01-03,6.163
2007-01-04,6.162
2007-01-05,6.184
2007-01-08,6.378
2007-01-09,6.631
2007-01-10,6.755
2007-01-11,6.292
2007-01-12,6.601
2007-01-16,6.638
2007-01-17,6.234
2007-01-18,6.324
2007-01-19,6.886
2007-01-22,7.319
2007-01-23,7.597
2007-01-24,7.421
2007-01-25,6.905
2007-01-26,7.175
2007-01-29,6.917
2007-01-30,7.74
2007-01-31,7.667
2007-02-01,7.53
2007-02-02,7.476
2007-02-05,7.634
2007-02-06,7.616
2007-02-07,7.709
2007-02-08,7.871
2007-02-09,7.827
2007-02-12,7.226
2007-02-13,7.367
2007-02-14,7.241
2007-02-15,7.292
2007-02-16,7.503
2007-02-20,7.585
2007-02-21,7.646
2007-02-22,7.727
2007-02-23,7.755
2007-02-26,7.547
2007-02-27,7.533
2007-02-28,7.3
2007-03-01,7.288
2007-03-02,7.243
2007-03-05,7.254
2007-03-06,7.472
2007-03-07,7.366
2007-03-08,7.239
2007-03-09,7.083
2007-03-12,6.912
2007-03-13,6.892
2007-03-14,7.083
2007-03-15,6.959
2007-03-16,6.924
2007-03-19,6.847
2007-03-20,6.91
2007-03-21,7.16
2007-03-22,7.32
2007-03-23,7.269
2007-03-26,7.254
2007-03-27,7.503
2007-03-28,7.558
2007-03-29,7.609
2007-03-30,7.73
2007-04-02,7.671
2007-04-03,7.426
2007-04-04,7.515
2007-04-05,7.607
2007-04-09,7.546
2007-04-10,7.869
2007-04-11,7.855
2007-04-12,7.924
2007-04-13,7.801
2007-04-16,7.53
2007-04-17,7.418
2007-04-18,7.497
2007-04-19,7.492
2007-04-20,7.381
2007-04-23,7.562
2007-04-24,7.598
2007-04-25,7.689
2007-04-26,7.508
2007-04-27,7.831
2007-04-30,7.863
2007-05-01,7.718
2007-05-02,7.73
2007-05-03,7.947
2007-05-04,7.938
2007-05-07,7.779
2007-05-08,7.637
2007-05-09,7.72
2007-05-10,7.726
2007-05-11,7.899
2007-05-14,7.952
2007-05-15,7.864
2007-05-16,7.89
2007-05-17,8.075
2007-05-18,7.944
2007-05-21,7.913
2007-05-22,7.801
2007-05-23,7.757
2007-05-24,7.681
2007-05-25,7.64
2007-05-29,7.591
2007-05-30,7.941
2007-05-31,7.935
2007-06-01,7.878
2007-06-04,8.191
2007-06-05,8.064
2007-06-06,8.08
2007-06-07,7.825
2007-06-08,7.663
2007-06-11,7.608
2007-06-12,7.682
2007-06-13,7.608
2007-06-14,7.808
2007-06-15,7.918
2007-06-18,7.69
2007-06-19,7.519
2007-06-20,7.391
2007-06-21,7.348
2007-06-22,7.13
2007-06-25,6.94
2007-06-26,6.877
2007-06-27,6.929
2007-06-28,6.655
2007-06-29,6.773
2007-07-02,6.764
2007-07-03,6.754
2007-07-05,6.618
2007-07-06,6.444
2007-07-09,6.41
2007-07-10,6.699
2007-07-11,6.6
2007-07-12,6.497
2007-07-13,6.662
2007-07-16,6.376
2007-07-17,6.307
2007-07-18,6.528
2007-07-19,6.706
2007-07-20,6.446
2007-07-23,6.039
2007-07-24,5.863
2007-07-25,5.925
2007-07-26,5.943
2007-07-27,6.11
2007-07-30,6.499
2007-07-31,6.191
2007-08-01,6.352
2007-08-02,6.106
2007-08-03,6.09
2007-08-06,6.208
2007-08-07,6.201
2007-08-08,6.22
2007-08-09,6.586
2007-08-10,6.82
2007-08-13,6.794
2007-08-14,6.94
2007-08-15,6.864
2007-08-16,6.875
2007-08-17,7.01
2007-08-20,6.04
2007-08-21,5.817
2007-08-22,5.578
2007-08-23,5.622
2007-08-24,5.523
2007-08-27,5.38
2007-08-28,5.593
2007-08-29,5.43
2007-08-30,5.635
2007-08-31,5.468
2007-09-04,5.629
2007-09-05,5.805
2007-09-06,5.65
2007-09-07,5.501
2007-09-10,5.891
2007-09-11,5.934
2007-09-12,6.438
2007-09-13,6.029
2007-09-14,6.279
2007-09-17,6.653
2007-09-18,6.568
2007-09-19,6.18
2007-09-20,6.008
2007-09-21,6.08
2007-09-24,6.37
2007-09-25,6.36
2007-09-26,6.423
2007-09-27,6.919
2007-09-28,6.87
2007-10-01,7.05
2007-10-02,7.427
2007-10-03,7.277
2007-10-04,7.412
2007-10-05,7.073
2007-10-08,6.846
2007-10-09,6.863
2007-10-10,7.01
2007-10-11,6.876
2007-10-12,6.974
2007-10-15,7.445
2007-10-16,7.367
2007-10-17,7.458
2007-10-18,7.374
2007-10-19,7.041
2007-10-22,6.891
2007-10-23,6.761
2007-10-24,6.972
2007-10-25,7.188
2007-10-26,7.218
2007-10-29,7.269
2007-10-30,8.021
2007-10-31,8.33
2007-11-01,8.637
2007-11-02,8.418
2007-11-05,7.999
2007-11-06,7.863
2007-11-07,7.624
2007-11-08,7.713
2007-11-09,7.897
2007-11-12,7.961
2007-11-13,7.949
2007-11-14,7.835
2007-11-15,7.7
2007-11-16,8.001
2007-11-19,7.787
2007-11-20,7.477
2007-11-21,7.55
2007-11-23,7.7
2007-11-26,7.723
2007-11-27,7.557
2007-11-28,7.203
2007-11-29,7.452
2007-11-30,7.302
2007-12-03,7.214
2007-12-04,7.155
2007-12-05,7.185
2007-12-06,7.33
2007-12-07,7.155
2007-12-10,7.032
2007-12-11,7.085
2007-12-12,7.408
2007-12-13,7.193
2007-12-14,7.025
2007-12-17,7.035
2007-12-18,7.141
2007-12-19,7.179
2007-12-20,7.137
2007-12-21,7.19
2007-12-24,7.025
2007-12-26,7.046
2007-12-27,7.172
2007-12-28,7.386
2007-12-31,7.483
2008-01-02,7.85
2008-01-03,7.674
2008-01-04,7.841
2008-01-07,7.879
2008-01-08,7.967
2008-01-09,8.099
2008-01-10,8.259
2008-01-11,8.21
2008-01-14,8.353
2008-01-15,8.196
2008-01-16,8.133
2008-01-17,8.081
2008-01-18,7.993
2008-01-22,7.67
2008-01-23,7.621
2008-01-24,7.802
2008-01-25,7.983
2008-01-28,8.095
2008-01-29,7.996
2008-01-30,8.045
2008-01-31,8.074
2008-02-01,7.74
2008-02-04,7.869
2008-02-05,7.942
2008-02-06,7.994
2008-02-07,8.102
2008-02-08,8.301
2008-02-11,8.531
2008-02-12,8.436
2008-02-13,8.388
2008-02-14,8.772
2008-02-15,8.66
2008-02-19,8.977
2008-02-20,8.965
2008-02-21,8.891
2008-02-22,9.146
2008-02-25,9.186
2008-02-26,9.206
2008-02-27,8.93
2008-02-28,9.443
2008-02-29,9.366
2008-03-03,9.346
2008-03-04,9.353
2008-03-05,9.741
2008-03-06,9.742
2008-03-07,9.769
2008-03-10,10.024
2008-03-11,10
2008-03-12,10.011
2008-03-13,10.23
2008-03-14,9.868
2008-03-17,9.1
2008-03-18,9.414
2008-03-19,9.024
2008-03-20,9.065
2008-03-24,9.329
2008-03-25,9.419
2008-03-26,9.572
2008-03-27,9.578
2008-03-28,9.8
2008-03-31,10.101
2008-04-01,9.724
2008-04-02,9.832
2008-04-03,9.417
2008-04-04,9.322
2008-04-07,9.791
2008-04-08,9.697
2008-04-09,10.056
2008-04-10,10.098
2008-04-11,9.901
2008-04-14,10.053
2008-04-15,10.205
2008-04-16,10.433
2008-04-17,10.383
2008-04-18,10.587
2008-04-21,10.733
2008-04-22,10.607
2008-04-23,10.781
2008-04-24,10.79
2008-04-25,10.963
2008-04-28,11.28
2008-04-29,10.842
2008-04-30,10.843
2008-05-01,10.561
2008-05-02,10.777
2008-05-05,11.178
2008-05-06,11.15
2008-05-07,11.327
2008-05-08,11.263
2008-05-09,11.537
2008-05-12,11.301
2008-05-13,11.422
2008-05-14,11.598
2008-05-15,11.399
2008-05-16,11.094
2008-05-19,10.954
2008-05-20,11.365
2008-05-21,11.64
2008-05-22,11.697
2008-05-23,11.857
2008-05-27,11.801
2008-05-28,11.916
2008-05-29,11.474
2008-05-30,11.703
2008-06-02,11.969
2008-06-03,12.221
2008-06-04,12.379
2008-06-05,12.519
2008-06-06,12.693
2008-06-09,12.604
2008-06-10,12.435
2008-06-11,12.66
2008-06-12,12.798
2008-06-13,12.625
2008-06-16,12.933
2008-06-17,12.952
2008-06-18,13.21
2008-06-19,12.861
2008-06-20,12.994
2008-06-23,13.203
2008-06-24,13.011
2008-06-25,12.753
2008-06-26,13.105
2008-06-27,13.198
2008-06-30,13.353
2008-07-01,13.505
2008-07-02,13.389
2008-07-03,13.577
2008-07-07,12.977
2008-07-08,12.368
2008-07-09,12.006
2008-07-10,12.3
2008-07-11,11.904
2008-07-14,11.959
2008-07-15,11.477
2008-07-16,11.398
2008-07-17,10.537
2008-07-18,10.57
2008-07-21,10.51
2008-07-22,10.067
2008-07-23,9.788
2008-07-24,9.323
2008-07-25,9.084
2008-07-28,9.163
2008-07-29,9.217
2008-07-30,9.248
2008-07-31,9.119
2008-08-01,9.389
2008-08-04,8.726
2008-08-05,8.726
2008-08-06,8.773
2008-08-07,8.571
2008-08-08,8.248
2008-08-11,8.349
2008-08-12,8.33
2008-08-13,8.456
2008-08-14,8.136
2008-08-15,8.092
2008-08-18,7.888
2008-08-19,7.976
2008-08-20,8.077
2008-08-21,8.252
2008-08-22,7.843
2008-08-25,7.825
2008-08-26,8.278
2008-08-27,8.394
2008-08-28,8.05
2008-08-29,7.943
2008-09-02,7.261
2008-09-03,7.264
2008-09-04,7.322
2008-09-05,7.449
2008-09-08,7.527
2008-09-09,7.535
2008-09-10,7.393
2008-09-11,7.248
2008-09-12,7.366
2008-09-15,7.374
2008-09-16,7.279
2008-09-17,7.91
2008-09-18,7.621
2008-09-19,7.531
2008-09-22,7.658
2008-09-23,7.931
2008-09-24,7.679
2008-09-25,7.724
2008-09-26,7.472
2008-09-29,7.221
2008-09-30,7.438
2008-10-01,7.728
2008-10-02,7.481
2008-10-03,7.358
2008-10-06,6.835
2008-10-07,6.768
2008-10-08,6.742
2008-10-09,6.825
2008-10-10,6.535
2008-10-13,6.688
2008-10-14,6.727
2008-10-15,6.592
2008-10-16,6.703
2008-10-17,6.786
2008-10-20,6.741
2008-10-21,6.844
2008-10-22,6.777
2008-10-23,6.419
2008-10-24,6.239
2008-10-27,6.121
2008-10-28,6.186
2008-10-29,6.469
2008-10-30,6.431
2008-10-31,6.783
2008-11-03,6.838
2008-11-04,7.219
2008-11-05,7.249
2008-11-06,6.979
2008-11-07,6.757
2008-11-10,7.248
2008-11-11,6.705
2008-11-12,6.405
2008-11-13,6.318
2008-11-14,6.312
2008-11-17,6.533
2008-11-18,6.516
2008-11-19,6.743
2008-11-20,6.316
2008-11-21,6.48
2008-11-24,6.888
2008-11-25,6.386
2008-11-26,6.878
2008-11-28,6.51
2008-12-01,6.604
2008-12-02,6.424
2008-12-03,6.347
2008-12-04,6.017
2008-12-05,5.742
2008-12-08,5.566
2008-12-09,5.579
2008-12-10,5.686
2008-12-11,5.598
2008-12-12,5.488
2008-12-15,5.645
2008-12-16,5.751
2008-12-17,5.619
2008-12-18,5.548
2008-12-19,5.334
2008-12-22,5.294
2008-12-23,5.737
2008-12-24,5.91
2008-12-26,5.826
2008-12-29,6.136
2008-12-30,5.859
2008-12-31,5.622
2009-01-02,5.971
2009-01-05,6.072
2009-01-06,5.983
2009-01-07,5.872
2009-01-08,5.583
2009-01-09,5.516
2009-01-12,5.542
2009-01-13,5.184
2009-01-14,4.97
2009-01-15,4.843
2009-01-16,4.801
2009-01-20,4.642
2009-01-21,4.78
2009-01-22,4.681
2009-01-23,4.518
2009-01-26,4.49
2009-01-27,4.503
2009-01-28,4.476
2009-01-29,4.576
2009-01-30,4.417
2009-02-02,4.557
2009-02-03,4.513
2009-02-04,4.597
2009-02-05,4.642
2009-02-06,4.774
2009-02-09,4.807
2009-02-10,4.543
2009-02-11,4.532
2009-02-12,4.485
2009-02-13,4.452
2009-02-17,4.203
2009-02-18,4.214
2009-02-19,4.078
2009-02-20,4.006
2009-02-23,4.097
2009-02-24,4.236
2009-02-25,4.056
2009-02-26,4.077
2009-02-27,4.198
2009-03-02,4.152
2009-03-03,4.282
2009-03-04,4.34
2009-03-05,4.088
2009-03-06,3.945
2009-03-09,3.865
2009-03-10,3.84
2009-03-11,3.798
2009-03-12,3.995
2009-03-13,3.932
2009-03-16,3.85
2009-03-17,3.812
2009-03-18,3.684
2009-03-19,4.174
2009-03-20,4.227
2009-03-23,4.294
2009-03-24,4.347
2009-03-25,4.329
2009-03-26,3.947
2009-03-27,3.631
2009-03-30,3.739
2009-03-31,3.776
2009-04-01,3.695
2009-04-02,3.782
2009-04-03,3.801
2009-04-06,3.732
2009-04-07,3.562
2009-04-08,3.63
2009-04-09,3.61
2009-04-13,3.628
2009-04-14,3.689
2009-04-15,3.693
2009-04-16,3.599
2009-04-17,3.729
2009-04-20,3.54
2009-04-21,3.511
2009-04-22,3.532
2009-04-23,3.409
2009-04-24,3.297
2009-04-27,3.253
2009-04-28,3.321
2009-04-29,3.403
2009-04-30,3.373
2009-05-01,3.546
2009-05-04,3.725
2009-05-05,3.615
2009-05-06,3.887
2009-05-07,4.081
2009-05-08,4.311
2009-05-11,4.302
2009-05-12,4.449
2009-05-13,4.333
2009-05-14,4.292
2009-05-15,4.098
2009-05-18,4.139
2009-05-19,3.914
2009-05-20,3.97
2009-05-21,3.603
2009-05-22,3.515
2009-05-26,3.537
2009-05-27,3.538
2009-05-28,3.957
2009-05-29,3.835
2009-06-01,4.249
2009-06-02,4.12
2009-06-03,3.766
2009-06-04,3.81
2009-06-05,3.868
2009-06-08,3.731
2009-06-09,3.731
2009-06-10,3.708
2009-06-11,3.933
2009-06-12,3.857
2009-06-15,4.182
2009-06-16,4.129
2009-06-17,4.253
2009-06-18,4.093
2009-06-19,4.032
2009-06-22,3.933
2009-06-23,3.879
2009-06-24,3.761
2009-06-25,3.844
2009-06-26,3.949
2009-06-29,3.944
2009-06-30,3.835
2009-07-01,3.795
2009-07-02,3.615
2009-07-06,3.487
2009-07-07,3.429
2009-07-08,3.353
2009-07-09,3.408
2009-07-10,3.373
2009-07-13,3.263
2009-07-14,3.429
2009-07-15,3.283
2009-07-16,3.668
2009-07-17,3.669
2009-07-20,3.689
2009-07-21,3.705
2009-07-22,3.793
2009-07-23,3.55
2009-07-24,3.695
2009-07-27,3.604
2009-07-28,3.535
2009-07-29,3.379
2009-07-30,3.743
2009-07-31,3.653
2009-08-03,4.031
2009-08-04,4.001
2009-08-05,4.042
2009-08-06,3.743
2009-08-07,3.674
2009-08-10,3.641
2009-08-11,3.541
2009-08-12,3.479
2009-08-13,3.336
2009-08-14,3.238
2009-08-17,3.163
2009-08-18,3.096
2009-08-19,3.119
2009-08-20,2.945
2009-08-21,2.804
2009-08-24,2.923
2009-08-25,2.882
2009-08-26,2.91
2009-08-27,2.843
2009-08-28,3.033
2009-08-31,2.977
2009-09-01,2.821
2009-09-02,2.715
2009-09-03,2.508
2009-09-04,2.728
2009-09-08,2.807
2009-09-09,2.829
2009-09-10,3.256
2009-09-11,2.96
2009-09-14,3.297
2009-09-15,3.32
2009-09-16,3.76
2009-09-17,3.458
2009-09-18,3.778
2009-09-21,3.576
2009-09-22,3.609
2009-09-23,3.86
2009-09-24,3.955
2009-09-25,3.985
2009-09-28,3.73
2009-09-29,4.875
2009-09-30,4.841
2009-10-01,4.466
2009-10-02,4.718
2009-10-05,4.987
2009-10-06,4.88
2009-10-07,4.904
2009-10-08,4.963
2009-10-09,4.77
2009-10-12,4.88
2009-10-13,4.588
2009-10-14,4.436
2009-10-15,4.482
2009-10-16,4.781
2009-10-19,4.835
2009-10-20,5.161
2009-10-21,5.1
2009-10-22,4.947
2009-10-23,4.787
2009-10-26,4.513
2009-10-27,4.557
2009-10-28,4.289
2009-10-29,5.062
2009-10-30,5.045
2009-11-02,4.824
2009-11-03,4.922
2009-11-04,4.725
2009-11-05,4.782
2009-11-06,4.595
2009-11-09,4.67
2009-11-10,4.467
2009-11-11,4.503
2009-11-12,4.37
2009-11-13,4.392
2009-11-16,4.614
2009-11-17,4.53
2009-11-18,4.254
2009-11-19,4.342
2009-11-20,4.424
2009-11-23,4.473
2009-11-24,4.486
2009-11-25,5.163
2009-11-27,5.192
2009-11-30,4.848
2009-12-01,4.762
2009-12-02,4.53
2009-12-03,4.459
2009-12-04,4.586
2009-12-07,4.971
2009-12-08,5.114
2009-12-09,4.898
2009-12-10,5.298
2009-12-11,5.163
2009-12-14,5.332
2009-12-15,5.523
2009-12-16,5.462
2009-12-17,5.768
2009-12-18,5.782
2009-12-21,5.669
2009-12-22,5.715
2009-12-23,5.821
2009-12-24,5.643
2009-12-28,5.99
2009-12-29,5.814
2009-12-30,5.709
2009-12-31,5.572
2010-01-04,5.884
2010-01-05,5.637
2010-01-06,6.009
2010-01-07,5.806
2010-01-08,5.749
2010-01-11,5.454
2010-01-12,5.591
2010-01-13,5.733
2010-01-14,5.588
2010-01-15,5.691
2010-01-19,5.557
2010-01-20,5.496
2010-01-21,5.615
2010-01-22,5.819
2010-01-25,5.722
2010-01-26,5.485
2010-01-27,5.274
2010-01-28,5.138
2010-01-29,5.131
2010-02-01,5.434
2010-02-02,5.454
2010-02-03,5.419
2010-02-04,5.416
2010-02-05,5.515
2010-02-08,5.401
2010-02-09,5.29
2010-02-10,5.292
2010-02-11,5.396
2010-02-12,5.468
2010-02-16,5.31
2010-02-17,5.386
2010-02-18,5.172
2010-02-19,5.044
2010-02-22,4.895
2010-02-23,4.778
2010-02-24,4.816
2010-02-25,4.767
2010-02-26,4.813
2010-03-01,4.679
2010-03-02,4.708
2010-03-03,4.757
2010-03-04,4.575
2010-03-05,4.593
2010-03-08,4.527
2010-03-09,4.516
2010-03-10,4.559
2010-03-11,4.44
2010-03-12,4.4
2010-03-15,4.391
2010-03-16,4.347
2010-03-17,4.303
2010-03-18,4.085
2010-03-19,4.169
2010-03-22,4.079
2010-03-23,4.13
2010-03-24,4.105
2010-03-25,3.981
2010-03-26,3.872
2010-03-29,3.842
2010-03-30,3.973
2010-03-31,3.869
2010-04-01,4.086
2010-04-05,4.277
2010-04-06,4.096
2010-04-07,4.019
2010-04-08,3.909
2010-04-09,4.07
2010-04-12,4.008
2010-04-13,4.16
2010-04-14,4.199
2010-04-15,3.985
2010-04-16,4.039
2010-04-19,3.944
2010-04-20,3.975
2010-04-21,3.955
2010-04-22,4.128
2010-04-23,4.257
2010-04-26,4.262
2010-04-27,4.216
2010-04-28,4.271
2010-04-29,3.98
2010-04-30,3.92
2010-05-03,4
2010-05-04,4.013
2010-05-05,3.991
2010-05-06,3.929
2010-05-07,4.015
2010-05-10,4.17
2010-05-11,4.131
2010-05-12,4.284
2010-05-13,4.339
2010-05-14,4.312
2010-05-17,4.398
2010-05-18,4.342
2010-05-19,4.158
2010-05-20,4.106
2010-05-21,4.035
2010-05-24,4.017
2010-05-25,4.051
2010-05-26,4.155
2010-05-27,4.294
2010-05-28,4.341
2010-06-01,4.248
2010-06-02,4.424
2010-06-03,4.69
2010-06-04,4.797
2010-06-07,4.916
2010-06-08,4.808
2010-06-09,4.677
2010-06-10,4.647
2010-06-11,4.781
2010-06-14,5.006
2010-06-15,5.189
2010-06-16,4.978
2010-06-17,5.162
2010-06-18,4.997
2010-06-21,4.873
2010-06-22,4.756
2010-06-23,4.804
2010-06-24,4.748
2010-06-25,4.861
2010-06-28,4.717
2010-06-29,4.548
2010-06-30,4.616
2010-07-01,4.854
2010-07-02,4.687
2010-07-06,4.682
2010-07-07,4.565
2010-07-08,4.399
2010-07-09,4.402
2010-07-12,4.388
2010-07-13,4.354
2010-07-14,4.306
2010-07-15,4.586
2010-07-16,4.519
2010-07-19,4.51
2010-07-20,4.59
2010-07-21,4.513
2010-07-22,4.643
2010-07-23,4.58
2010-07-26,4.612
2010-07-27,4.675
2010-07-28,4.774
2010-07-29,4.827
2010-07-30,4.923
2010-08-02,4.701
2010-08-03,4.639
2010-08-04,4.737
2010-08-05,4.598
2010-08-06,4.467
2010-08-09,4.309
2010-08-10,4.297
2010-08-11,4.326
2010-08-12,4.296
2010-08-13,4.328
2010-08-16,4.228
2010-08-17,4.267
2010-08-18,4.239
2010-08-19,4.171
2010-08-20,4.117
2010-08-23,4.066
2010-08-24,4.039
2010-08-25,3.871
2010-08-26,3.817
2010-08-27,3.651
2010-08-30,3.812
2010-08-31,3.816
2010-09-01,3.762
2010-09-02,3.751
2010-09-03,3.939
2010-09-07,3.852
2010-09-08,3.814
2010-09-09,3.768
2010-09-10,3.883
2010-09-13,3.938
2010-09-14,3.966
2010-09-15,3.995
2010-09-16,4.062
2010-09-17,4.024
2010-09-20,3.822
2010-09-21,3.919
2010-09-22,3.966
2010-09-23,4.019
2010-09-24,3.881
2010-09-27,3.8
2010-09-28,3.837
2010-09-29,3.962
2010-09-30,3.872
2010-10-01,3.797
2010-10-04,3.727
2010-10-05,3.743
2010-10-06,3.865
2010-10-07,3.617
2010-10-08,3.651
2010-10-11,3.601
2010-10-12,3.629
2010-10-13,3.696
2010-10-14,3.657
2010-10-15,3.535
2010-10-18,3.431
2010-10-19,3.513
2010-10-20,3.539
2010-10-21,3.368
2010-10-22,3.332
2010-10-25,3.317
2010-10-26,3.354
2010-10-27,3.292
2010-10-28,3.89
2010-10-29,4.038
2010-11-01,3.832
2010-11-02,3.87
2010-11-03,3.836
2010-11-04,3.856
2010-11-05,3.937
2010-11-08,4.088
2010-11-09,4.21
2010-11-10,4.046
2010-11-11,3.927
2010-11-12,3.799
2010-11-15,3.845
2010-11-16,3.818
2010-11-17,4.03
2010-11-18,4.007
2010-11-19,4.164
2010-11-22,4.271
2010-11-23,4.264
2010-11-24,4.267
2010-11-26,4.399
2010-11-29,4.21
2010-11-30,4.18
2010-12-01,4.269
2010-12-02,4.343
2010-12-03,4.349
2010-12-06,4.488
2010-12-07,4.393
2010-12-08,4.606
2010-12-09,4.435
2010-12-10,4.417
2010-12-13,4.42
2010-12-14,4.255
2010-12-15,4.222
2010-12-16,4.048
2010-12-17,4.066
2010-12-20,4.237
2010-12-21,4.059
2010-12-22,4.152
2010-12-23,4.083
2010-12-27,4.112
2010-12-28,4.216
2010-12-29,4.287
2010-12-30,4.338
2010-12-31,4.405
2011-01-03,4.65
2011-01-04,4.669
2011-01-05,4.473
2011-01-06,4.434
2011-01-07,4.422
2011-01-10,4.399
2011-01-11,4.481
2011-01-12,4.531
2011-01-13,4.407
2011-01-14,4.48
2011-01-18,4.425
2011-01-19,4.561
2011-01-20,4.695
2011-01-21,4.736
2011-01-24,4.58
2011-01-25,4.473
2011-01-26,4.491
2011-01-27,4.316
2011-01-28,4.323
2011-01-31,4.42
2011-02-01,4.347
2011-02-02,4.429
2011-02-03,4.337
2011-02-04,4.31
2011-02-07,4.104
2011-02-08,4.04
2011-02-09,4.044
2011-02-10,3.986
2011-02-11,3.91
2011-02-14,3.925
2011-02-15,3.976
2011-02-16,3.921
2011-02-17,3.868
2011-02-18,3.876
2011-02-22,3.867
2011-02-23,3.9
2011-02-24,3.793
2011-02-25,4.005
2011-02-28,4.037
2011-03-01,3.873
2011-03-02,3.818
2011-03-03,3.778
2011-03-04,3.809
2011-03-07,3.927
2011-03-08,3.864
2011-03-09,3.93
2011-03-10,3.83
2011-03-11,3.889
2011-03-14,3.914
2011-03-15,3.941
2011-03-16,3.938
2011-03-17,4.158
2011-03-18,4.168
2011-03-21,4.161
2011-03-22,4.254
2011-03-23,4.335
2011-03-24,4.244
2011-03-25,4.403
2011-03-28,4.374
2011-03-29,4.24
2011-03-30,4.355
2011-03-31,4.389
2011-04-01,4.362
2011-04-04,4.289
2011-04-05,4.231
2011-04-06,4.146
2011-04-07,4.057
2011-04-08,4.041
2011-04-11,4.108
2011-04-12,4.098
2011-04-13,4.141
2011-04-14,4.212
2011-04-15,4.204
2011-04-18,4.138
2011-04-19,4.262
2011-04-20,4.31
2011-04-21,4.412
2011-04-25,4.389
2011-04-26,4.387
2011-04-27,4.377
2011-04-28,4.571
2011-04-29,4.698
2011-05-02,4.693
2011-05-03,4.67
2011-05-04,4.577
2011-05-05,4.261
2011-05-06,4.235
2011-05-09,4.154
2011-05-10,4.246
2011-05-11,4.181
2011-05-12,4.194
2011-05-13,4.246
2011-05-16,4.318
2011-05-17,4.182
2011-05-18,4.198
2011-05-19,4.094
2011-05-20,4.23
2011-05-23,4.346
2011-05-24,4.345
2011-05-25,4.379
2011-05-26,4.326
2011-05-27,4.518
2011-05-31,4.666
2011-06-01,4.629
2011-06-02,4.794
2011-06-03,4.707
2011-06-06,4.827
2011-06-07,4.831
2011-06-08,4.847
2011-06-09,4.674
2011-06-10,4.757
2011-06-13,4.646
2011-06-14,4.581
2011-06-15,4.577
2011-06-16,4.412
2011-06-17,4.325
2011-06-20,4.317
2011-06-21,4.388
2011-06-22,4.317
2011-06-23,4.193
2011-06-24,4.229
2011-06-27,4.256
2011-06-28,4.357
2011-06-29,4.315
2011-06-30,4.374
2011-07-01,4.311
2011-07-05,4.363
2011-07-06,4.217
2011-07-07,4.133
2011-07-08,4.205
2011-07-11,4.288
2011-07-12,4.333
2011-07-13,4.403
2011-07-14,4.378
2011-07-15,4.546
2011-07-18,4.546
2011-07-19,4.533
2011-07-20,4.5
2011-07-21,4.395
2011-07-22,4.399
2011-07-25,4.386
2011-07-26,4.37
2011-07-27,4.37
2011-07-28,4.244
2011-07-29,4.145
2011-08-01,4.188
2011-08-02,4.155
2011-08-03,4.09
2011-08-04,3.941
2011-08-05,3.941
2011-08-08,3.935
2011-08-09,3.994
2011-08-10,4.003
2011-08-11,4.108
2011-08-12,4.06
2011-08-15,4.024
2011-08-16,3.932
2011-08-17,3.933
2011-08-18,3.892
2011-08-19,3.94
2011-08-22,3.889
2011-08-23,3.993
2011-08-24,3.922
2011-08-25,3.931
2011-08-26,3.931
2011-08-29,3.857
2011-08-30,3.909
2011-08-31,4.054
2011-09-01,4.05
2011-09-02,3.872
2011-09-06,3.938
2011-09-07,3.94
2011-09-08,3.98
2011-09-09,3.915
2011-09-12,3.885
2011-09-13,3.98
2011-09-14,4.039
2011-09-15,3.878
2011-09-16,3.809
2011-09-19,3.829
2011-09-20,3.798
2011-09-21,3.73
2011-09-22,3.705
2011-09-23,3.701
2011-09-26,3.782
2011-09-27,3.827
2011-09-28,3.759
2011-09-29,3.747
2011-09-30,3.666
2011-10-03,3.617
2011-10-04,3.638
2011-10-05,3.57
2011-10-06,3.598
2011-10-07,3.481
2011-10-10,3.541
2011-10-11,3.616
2011-10-12,3.489
2011-10-13,3.531
2011-10-14,3.703
2011-10-17,3.688
2011-10-18,3.553
2011-10-19,3.586
2011-10-20,3.63
2011-10-21,3.629
2011-10-24,3.604
2011-10-25,3.658
2011-10-26,3.59
2011-10-27,3.524
2011-10-28,3.923
2011-10-31,3.934
2011-11-01,3.781
2011-11-02,3.749
2011-11-03,3.778
2011-11-04,3.783
2011-11-07,3.696
2011-11-08,3.745
2011-11-09,3.652
2011-11-10,3.649
2011-11-11,3.584
2011-11-14,3.458
2011-11-15,3.404
2011-11-16,3.344
2011-11-17,3.41
2011-11-18,3.316
2011-11-21,3.399
2011-11-22,3.415
2011-11-23,3.46
2011-11-25,3.542
2011-11-28,3.364
2011-11-29,3.633
2011-11-30,3.55
2011-12-01,3.648
2011-12-02,3.584
2011-12-05,3.461
2011-12-06,3.487
2011-12-07,3.421
2011-12-08,3.457
2011-12-09,3.317
2011-12-12,3.254
2011-12-13,3.279
2011-12-14,3.136
2011-12-15,3.127
2011-12-16,3.127
2011-12-19,3.096
2011-12-20,3.128
2011-12-21,3.155
2011-12-22,3.169
2011-12-23,3.114
2011-12-27,3.112
2011-12-28,3.084
2011-12-29,3.027
2011-12-30,2.989
2012-01-03,2.993
2012-01-04,3.096
2012-01-05,2.98
2012-01-06,3.062
2012-01-09,3.011
2012-01-10,2.941
2012-01-11,2.774
2012-01-12,2.697
2012-01-13,2.67
2012-01-17,2.488
2012-01-18,2.472
2012-01-19,2.322
2012-01-20,2.343
2012-01-23,2.525
2012-01-24,2.554
2012-01-25,2.729
2012-01-26,2.605
2012-01-27,2.678
2012-01-30,2.713
2012-01-31,2.503
2012-02-01,2.382
2012-02-02,2.554
2012-02-03,2.499
2012-02-06,2.55
2012-02-07,2.472
2012-02-08,2.448
2012-02-09,2.477
2012-02-10,2.477
2012-02-13,2.431
2012-02-14,2.532
2012-02-15,2.425
2012-02-16,2.567
2012-02-17,2.684
2012-02-21,2.626
2012-02-22,2.643
2012-02-23,2.621
2012-02-24,2.55
2012-02-27,2.446
2012-02-28,2.519
2012-02-29,2.616
2012-03-01,2.463
2012-03-02,2.484
2012-03-05,2.355
2012-03-06,2.356
2012-03-07,2.302
2012-03-08,2.272
2012-03-09,2.324
2012-03-12,2.269
2012-03-13,2.299
2012-03-14,2.284
2012-03-15,2.279
2012-03-16,2.326
2012-03-19,2.351
2012-03-20,2.335
2012-03-21,2.36
2012-03-22,2.269
2012-03-23,2.275
2012-03-26,2.226
2012-03-27,2.208
2012-03-28,2.191
2012-03-29,2.149
2012-03-30,2.126
2012-04-02,2.152
2012-04-03,2.187
2012-04-04,2.141
2012-04-05,2.089
2012-04-09,2.107
2012-04-10,2.031
2012-04-11,1.984
2012-04-12,1.983
2012-04-13,1.981
2012-04-16,2.016
2012-04-17,1.951
2012-04-18,1.951
2012-04-19,1.907
2012-04-20,1.927
2012-04-23,2.007
2012-04-24,1.975
2012-04-25,2.068
2012-04-26,2.036
2012-04-27,2.186
2012-04-30,2.285
2012-05-01,2.371
2012-05-02,2.253
2012-05-03,2.34
2012-05-04,2.279
2012-05-07,2.336
2012-05-08,2.393
2012-05-09,2.465
2012-05-10,2.487
2012-05-11,2.509
2012-05-14,2.431
2012-05-15,2.5
2012-05-16,2.618
2012-05-17,2.594
2012-05-18,2.742
2012-05-21,2.609
2012-05-22,2.707
2012-05-23,2.737
2012-05-24,2.647
2012-05-25,2.568
2012-05-29,2.429
2012-05-30,2.418
2012-05-31,2.422
2012-06-01,2.326
2012-06-04,2.415
2012-06-05,2.446
2012-06-06,2.421
2012-06-07,2.274
2012-06-08,2.299
2012-06-11,2.218
2012-06-12,2.232
2012-06-13,2.185
2012-06-14,2.495
2012-06-15,2.467
2012-06-18,2.635
2012-06-19,2.545
2012-06-20,2.517
2012-06-21,2.582
2012-06-22,2.625
2012-06-25,2.694
2012-06-26,2.767
2012-06-27,2.774
2012-06-28,2.722
2012-06-29,2.824
2012-07-02,2.824
2012-07-03,2.899
2012-07-05,2.945
2012-07-06,2.776
2012-07-09,2.883
2012-07-10,2.737
2012-07-11,2.853
2012-07-12,2.874
2012-07-13,2.874
2012-07-16,2.801
2012-07-17,2.796
2012-07-18,2.973
2012-07-19,2.999
2012-07-20,3.081
2012-07-23,3.117
2012-07-24,3.187
2012-07-25,3.07
2012-07-26,3.105
2012-07-27,3.01
2012-07-30,3.214
2012-07-31,3.209
2012-08-01,3.171
2012-08-02,2.92
2012-08-03,2.877
2012-08-06,2.908
2012-08-07,2.964
2012-08-08,2.933
2012-08-09,2.945
2012-08-10,2.77
2012-08-13,2.729
2012-08-14,2.834
2012-08-15,2.748
2012-08-16,2.724
2012-08-17,2.719
2012-08-20,2.776
2012-08-21,2.775
2012-08-22,2.826
2012-08-23,2.802
2012-08-24,2.702
2012-08-27,2.653
2012-08-28,2.614
2012-08-29,2.634
2012-08-30,2.748
2012-08-31,2.799
2012-09-04,2.854
2012-09-05,2.795
2012-09-06,2.776
2012-09-07,2.682
2012-09-10,2.812
2012-09-11,2.992
2012-09-12,3.063
2012-09-13,3.037
2012-09-14,2.943
2012-09-17,2.865
2012-09-18,2.773
2012-09-19,2.762
2012-09-20,2.797
2012-09-21,2.885
2012-09-24,2.837
2012-09-25,2.924
2012-09-26,3.023
2012-09-27,3.297
2012-09-28,3.32
2012-10-01,3.48
2012-10-02,3.531
2012-10-03,3.395
2012-10-04,3.406
2012-10-05,3.396
2012-10-08,3.403
2012-10-09,3.467
2012-10-10,3.475
2012-10-11,3.604
2012-10-12,3.611
2012-10-15,3.486
2012-10-16,3.437
2012-10-17,3.47
2012-10-18,3.587
2012-10-19,3.617
2012-10-22,3.452
2012-10-23,3.535
2012-10-24,3.45
2012-10-25,3.434
2012-10-26,3.4
2012-10-31,3.692
2012-11-01,3.699
2012-11-02,3.554
2012-11-05,3.554
2012-11-06,3.617
2012-11-07,3.578
2012-11-08,3.608
2012-11-09,3.503
2012-11-12,3.57
2012-11-13,3.739
2012-11-14,3.76
2012-11-15,3.703
2012-11-16,3.79
2012-11-19,3.719
2012-11-20,3.832
2012-11-21,3.903
2012-11-23,3.901
2012-11-26,3.73
2012-11-27,3.769
2012-11-28,3.696
2012-11-29,3.648
2012-11-30,3.561
2012-12-03,3.591
2012-12-04,3.539
2012-12-05,3.7
2012-12-06,3.666
2012-12-07,3.551
2012-12-10,3.46
2012-12-11,3.412
2012-12-12,3.382
2012-12-13,3.347
2012-12-14,3.314
2012-12-17,3.358
2012-12-18,3.418
2012-12-19,3.32
2012-12-20,3.462
2012-12-21,3.451
2012-12-24,3.346
2012-12-26,3.392
2012-12-27,3.354
2012-12-28,3.469
2012-12-31,3.351
2013-01-02,3.233
2013-01-03,3.198
2013-01-04,3.287
2013-01-07,3.266
2013-01-08,3.218
2013-01-09,3.113
2013-01-10,3.193
2013-01-11,3.327
2013-01-14,3.373
2013-01-15,3.455
2013-01-16,3.435
2013-01-17,3.494
2013-01-18,3.566
2013-01-22,3.558
2013-01-23,3.554
2013-01-24,3.446
2013-01-25,3.444
2013-01-28,3.289
2013-01-29,3.226
2013-01-30,3.335
2013-01-31,3.339
2013-02-01,3.301
2013-02-04,3.315
2013-02-05,3.399
2013-02-06,3.418
2013-02-07,3.285
2013-02-08,3.272
2013-02-11,3.279
2013-02-12,3.23
2013-02-13,3.306
2013-02-14,3.163
2013-02-15,3.153
2013-02-19,3.272
2013-02-20,3.279
2013-02-21,3.246
2013-02-22,3.291
2013-02-25,3.414
2013-02-26,3.427
2013-02-27,3.434
2013-02-28,3.486
2013-03-01,3.456
2013-03-04,3.529
2013-03-05,3.529
2013-03-06,3.47
2013-03-07,3.582
2013-03-08,3.629
2013-03-11,3.649
2013-03-12,3.645
2013-03-13,3.68
2013-03-14,3.812
2013-03-15,3.872
2013-03-18,3.882
2013-03-19,3.969
2013-03-20,3.96
2013-03-21,3.935
2013-03-22,3.927
2013-03-25,3.865
2013-03-26,3.976
2013-03-27,4.068
2013-03-28,4.024
2013-04-01,4.015
2013-04-02,3.969
2013-04-03,3.9
2013-04-04,3.947
2013-04-05,4.125
2013-04-08,4.082
2013-04-09,4.017
2013-04-10,4.085
2013-04-11,4.139
2013-04-12,4.222
2013-04-15,4.137
2013-04-16,4.16
2013-04-17,4.214
2013-04-18,4.401
2013-04-19,4.408
2013-04-22,4.267
2013-04-23,4.238
2013-04-24,4.166
2013-04-25,4.167
2013-04-26,4.151
2013-04-29,4.392
2013-04-30,4.343
2013-05-01,4.326
2013-05-02,4.025
2013-05-03,4.041
2013-05-06,4.011
2013-05-07,3.92
2013-05-08,3.978
2013-05-09,3.983
2013-05-10,3.91
2013-05-13,3.925
2013-05-14,4.024
2013-05-15,4.07
2013-05-16,3.932
2013-05-17,4.055
2013-05-20,4.09
2013-05-21,4.192
2013-05-22,4.186
2013-05-23,4.261
2013-05-24,4.237
2013-05-28,4.174
2013-05-29,4.148
2013-05-30,4.023
2013-05-31,3.984
2013-06-03,3.991
2013-06-04,3.998
2013-06-05,4.001
2013-06-06,3.827
2013-06-07,3.828
2013-06-10,3.8
2013-06-11,3.724
2013-06-12,3.777
2013-06-13,3.814
2013-06-14,3.733
2013-06-17,3.875
2013-06-18,3.905
2013-06-19,3.963
2013-06-20,3.877
2013-06-21,3.771
2013-06-24,3.739
2013-06-25,3.647
2013-06-26,3.707
2013-06-27,3.582
2013-06-28,3.565
2013-07-01,3.577
2013-07-02,3.654
2013-07-03,3.69
2013-07-05,3.617
2013-07-08,3.741
2013-07-09,3.657
2013-07-10,3.68
2013-07-11,3.613
2013-07-12,3.644
2013-07-15,3.674
2013-07-16,3.677
2013-07-17,3.629
2013-07-18,3.812
2013-07-19,3.789
2013-07-22,3.677
2013-07-23,3.743
2013-07-24,3.698
2013-07-25,3.644
2013-07-26,3.555
2013-07-29,3.459
2013-07-30,3.432
2013-07-31,3.446
2013-08-01,3.387
2013-08-02,3.347
2013-08-05,3.319
2013-08-06,3.318
2013-08-07,3.247
2013-08-08,3.297
2013-08-09,3.23
2013-08-12,3.31
2013-08-13,3.285
2013-08-14,3.342
2013-08-15,3.419
2013-08-16,3.368
2013-08-19,3.463
2013-08-20,3.444
2013-08-21,3.46
2013-08-22,3.545
2013-08-23,3.485
2013-08-26,3.513
2013-08-27,3.534
2013-08-28,3.566
2013-08-29,3.618
2013-08-30,3.581
2013-09-03,3.666
2013-09-04,3.683
2013-09-05,3.575
2013-09-06,3.53
2013-09-09,3.605
2013-09-10,3.584
2013-09-11,3.567
2013-09-12,3.638
2013-09-13,3.677
2013-09-16,3.738
2013-09-17,3.745
2013-09-18,3.713
2013-09-19,3.72
2013-09-20,3.687
2013-09-23,3.602
2013-09-24,3.492
2013-09-25,3.493
2013-09-26,3.498
2013-09-27,3.589
2013-09-30,3.56
2013-10-01,3.609
2013-10-02,3.542
2013-10-03,3.499
2013-10-04,3.506
2013-10-07,3.629
2013-10-08,3.716
2013-10-09,3.679
2013-10-10,3.723
2013-10-11,3.776
2013-10-14,3.82
2013-10-15,3.79
2013-10-16,3.769
2013-10-17,3.757
2013-10-18,3.764
2013-10-21,3.668
2013-10-22,3.581
2013-10-23,3.619
2013-10-24,3.629
2013-10-25,3.707
2013-10-28,3.569
2013-10-29,3.497
2013-10-30,3.62
2013-10-31,3.581
2013-11-01,3.513
2013-11-04,3.445
2013-11-05,3.466
2013-11-06,3.498
2013-11-07,3.519
2013-11-08,3.559
2013-11-11,3.574
2013-11-12,3.617
2013-11-13,3.566
2013-11-14,3.605
2013-11-15,3.66
2013-11-18,3.617
2013-11-19,3.556
2013-11-20,3.674
2013-11-21,3.702
2013-11-22,3.768
2013-11-25,3.789
2013-11-26,3.818
2013-11-27,3.895
2013-11-29,3.954
2013-12-02,3.988
2013-12-03,3.976
2013-12-04,3.96
2013-12-05,4.132
2013-12-06,4.114
2013-12-09,4.232
2013-12-10,4.237
2013-12-11,4.337
2013-12-12,4.409
2013-12-13,4.351
2013-12-16,4.279
2013-12-17,4.287
2013-12-18,4.251
2013-12-19,4.46
2013-12-20,4.418
2013-12-23,4.463
2013-12-24,4.416
2013-12-26,4.433
2013-12-27,4.407
2013-12-30,4.427
2013-12-31,4.23
2014-01-02,4.321
2014-01-03,4.304
2014-01-06,4.306
2014-01-07,4.299
2014-01-08,4.216
2014-01-09,4.005
2014-01-10,4.053
2014-01-13,4.274
2014-01-14,4.369
2014-01-15,4.325
2014-01-16,4.382
2014-01-17,4.326
2014-01-21,4.431
2014-01-22,4.689
2014-01-23,4.73
2014-01-24,5.182
2014-01-27,4.847
2014-01-28,5.033
2014-01-29,5.557
2014-01-30,5.011
2014-01-31,4.943
2014-02-03,4.905
2014-02-04,5.375
2014-02-05,5.03
2014-02-06,4.931
2014-02-07,4.775
2014-02-10,4.579
2014-02-11,4.824
2014-02-12,4.822
2014-02-13,5.223
2014-02-14,5.214
2014-02-18,5.551
2014-02-19,6.149
2014-02-20,6.064
2014-02-21,6.135
2014-02-24,5.445
2014-02-25,5.096
2014-02-26,4.855
2014-02-27,4.511
2014-02-28,4.609
2014-03-03,4.492
2014-03-04,4.667
2014-03-05,4.523
2014-03-06,4.662
2014-03-07,4.618
2014-03-10,4.651
2014-03-11,4.605
2014-03-12,4.49
2014-03-13,4.383
2014-03-14,4.425
2014-03-17,4.536
2014-03-18,4.456
2014-03-19,4.484
2014-03-20,4.369
2014-03-21,4.313
2014-03-24,4.276
2014-03-25,4.411
2014-03-26,4.402
2014-03-27,4.584
2014-03-28,4.485
2014-03-31,4.371
2014-04-01,4.276
2014-04-02,4.364
2014-04-03,4.47
2014-04-04,4.439
2014-04-07,4.476
2014-04-08,4.534
2014-04-09,4.586
2014-04-10,4.655
2014-04-11,4.62
2014-04-14,4.56
2014-04-15,4.567
2014-04-16,4.53
2014-04-17,4.741
2014-04-21,4.697
2014-04-22,4.739
2014-04-23,4.73
2014-04-24,4.705
2014-04-25,4.647
2014-04-28,4.795
2014-04-29,4.831
2014-04-30,4.815
2014-05-01,4.719
2014-05-02,4.674
2014-05-05,4.688
2014-05-06,4.799
2014-05-07,4.74
2014-05-08,4.572
2014-05-09,4.531
2014-05-12,4.434
2014-05-13,4.358
2014-05-14,4.367
2014-05-15,4.469
2014-05-16,4.413
2014-05-19,4.47
2014-05-20,4.552
2014-05-21,4.473
2014-05-22,4.359
2014-05-23,4.405
2014-05-27,4.505
2014-05-28,4.619
2014-05-29,4.559
2014-05-30,4.542
2014-06-02,4.612
2014-06-03,4.629
2014-06-04,4.64
2014-06-05,4.701
2014-06-06,4.71
2014-06-09,4.645
2014-06-10,4.53
2014-06-11,4.508
2014-06-12,4.762
2014-06-13,4.739
2014-06-16,4.707
2014-06-17,4.709
2014-06-18,4.659
2014-06-19,4.584
2014-06-20,4.531
2014-06-23,4.446
2014-06-24,4.535
2014-06-25,4.553
2014-06-26,4.4
2014-06-27,4.409
2014-06-30,4.461
2014-07-01,4.455
2014-07-02,4.357
2014-07-03,4.406
2014-07-07,4.225
2014-07-08,4.204
2014-07-09,4.17
2014-07-10,4.12
2014-07-11,4.146
2014-07-14,4.147
2014-07-15,4.097
2014-07-16,4.119
2014-07-17,3.954
2014-07-18,3.951
2014-07-21,3.849
2014-07-22,3.772
2014-07-23,3.762
2014-07-24,3.847
2014-07-25,3.781
2014-07-28,3.747
2014-07-29,3.808
2014-07-30,3.786
2014-07-31,3.841
2014-08-01,3.798
2014-08-04,3.834
2014-08-05,3.897
2014-08-06,3.933
2014-08-07,3.876
2014-08-08,3.962
2014-08-11,3.965
2014-08-12,3.974
2014-08-13,3.831
2014-08-14,3.906
2014-08-15,3.776
2014-08-18,3.792
2014-08-19,3.877
2014-08-20,3.823
2014-08-21,3.889
2014-08-22,3.84
2014-08-25,3.937
2014-08-26,3.911
2014-08-27,3.957
2014-08-28,4.044
2014-08-29,4.065
2014-09-02,3.89
2014-09-03,3.847
2014-09-04,3.819
2014-09-05,3.793
2014-09-08,3.876
2014-09-09,3.984
2014-09-10,3.954
2014-09-11,3.823
2014-09-12,3.857
2014-09-15,3.931
2014-09-16,3.995
2014-09-17,4.013
2014-09-18,3.91
2014-09-19,3.837
2014-09-22,3.85
2014-09-23,3.816
2014-09-24,3.911
2014-09-25,3.971
2014-09-26,3.984
2014-09-29,4.154
2014-09-30,4.121
2014-10-01,4.023
2014-10-02,3.932
2014-10-03,4.039
2014-10-06,3.898
2014-10-07,3.957
2014-10-08,3.855
2014-10-09,3.845
2014-10-10,3.859
2014-10-13,3.916
2014-10-14,3.816
2014-10-15,3.8
2014-10-16,3.796
2014-10-17,3.766
2014-10-20,3.67
2014-10-21,3.711
2014-10-22,3.659
2014-10-23,3.622
2014-10-24,3.623
2014-10-27,3.561
2014-10-28,3.649
2014-10-29,3.728
2014-10-30,3.827
2014-10-31,3.873
2014-11-03,4.046
2014-11-04,4.129
2014-11-05,4.194
2014-11-06,4.404
2014-11-07,4.412
2014-11-10,4.255
2014-11-11,4.247
2014-11-12,4.185
2014-11-13,3.977
2014-11-14,4.02
2014-11-17,4.341
2014-11-18,4.244
2014-11-19,4.371
2014-11-20,4.489
2014-11-21,4.266
2014-11-24,4.151
2014-11-25,4.282
2014-11-26,4.355
2014-11-28,4.088
2014-12-01,4.007
2014-12-02,3.874
2014-12-03,3.805
2014-12-04,3.649
2014-12-05,3.802
2014-12-08,3.595
2014-12-09,3.652
2014-12-10,3.706
2014-12-11,3.634
2014-12-12,3.795
2014-12-15,3.719
2014-12-16,3.619
2014-12-17,3.702
2014-12-18,3.642
2014-12-19,3.464
2014-12-22,3.144
2014-12-23,3.171
2014-12-24,3.03
2014-12-26,3.007
2014-12-29,3.189
2014-12-30,3.094
2014-12-31,2.889
2015-01-02,3.003
2015-01-05,2.882
2015-01-06,2.938
2015-01-07,2.871
2015-01-08,2.927
2015-01-09,2.946
2015-01-12,2.795
2015-01-13,2.943
2015-01-14,3.233
2015-01-15,3.158
2015-01-16,3.127
2015-01-20,2.831
2015-01-21,2.974
2015-01-22,2.835
2015-01-23,2.986
2015-01-26,2.881
2015-01-27,2.981
2015-01-28,2.866
2015-01-29,2.719
2015-01-30,2.691
2015-02-02,2.68
2015-02-03,2.754
2015-02-04,2.662
2015-02-05,2.6
2015-02-06,2.579
2015-02-09,2.597
2015-02-10,2.677
2015-02-11,2.797
2015-02-12,2.713
2015-02-13,2.804
2015-02-17,2.759
2015-02-18,2.831
2015-02-19,2.834
2015-02-20,2.951
2015-02-23,2.879
2015-02-24,2.902
2015-02-25,2.894
2015-02-26,2.697
2015-02-27,2.734
2015-03-02,2.698
2015-03-03,2.712
2015-03-04,2.769
2015-03-05,2.841
2015-03-06,2.839
2015-03-09,2.678
2015-03-10,2.732
2015-03-11,2.824
2015-03-12,2.734
2015-03-13,2.727
2015-03-16,2.716
2015-03-17,2.855
2015-03-18,2.92
2015-03-19,2.813
2015-03-20,2.786
2015-03-23,2.733
2015-03-24,2.786
2015-03-25,2.723
2015-03-26,2.672
2015-03-27,2.59
2015-03-30,2.644
2015-03-31,2.64
2015-04-01,2.605
2015-04-02,2.713
2015-04-06,2.65
2015-04-07,2.68
2015-04-08,2.619
2015-04-09,2.528
2015-04-10,2.511
2015-04-13,2.511
2015-04-14,2.53
2015-04-15,2.61
2015-04-16,2.684
2015-04-17,2.634
2015-04-20,2.536
2015-04-21,2.575
2015-04-22,2.606
2015-04-23,2.531
2015-04-24,2.531
2015-04-27,2.49
2015-04-28,2.517
2015-04-29,2.606
2015-04-30,2.751
2015-05-01,2.776
2015-05-04,2.821
2015-05-05,2.78
2015-05-06,2.776
2015-05-07,2.734
2015-05-08,2.88
2015-05-11,2.802
2015-05-12,2.897
2015-05-13,2.935
2015-05-14,3.008
2015-05-15,3.016
2015-05-18,3.01
2015-05-19,2.948
2015-05-20,2.915
2015-05-21,2.949
2015-05-22,2.887
2015-05-26,2.822
2015-05-27,2.815
2015-05-28,2.706
2015-05-29,2.642
2015-06-01,2.649
2015-06-02,2.698
2015-06-03,2.634
2015-06-04,2.626
2015-06-05,2.59
2015-06-08,2.705
2015-06-09,2.846
2015-06-10,2.891
2015-06-11,2.825
2015-06-12,2.75
2015-06-15,2.889
2015-06-16,2.894
2015-06-17,2.855
2015-06-18,2.777
2015-06-19,2.816
2015-06-22,2.733
2015-06-23,2.726
2015-06-24,2.759
2015-06-25,2.85
2015-06-26,2.773
2015-06-29,2.805
2015-06-30,2.832
2015-07-01,2.783
2015-07-02,2.822
2015-07-06,2.756
2015-07-07,2.716
2015-07-08,2.685
2015-07-09,2.726
2015-07-10,2.77
2015-07-13,2.864
2015-07-14,2.84
2015-07-15,2.918
2015-07-16,2.854
2015-07-17,2.87
2015-07-20,2.823
2015-07-21,2.882
2015-07-22,2.897
2015-07-23,2.816
2015-07-24,2.776
2015-07-27,2.789
2015-07-28,2.821
2015-07-29,2.886
2015-07-30,2.768
2015-07-31,2.716
2015-08-03,2.748
2015-08-04,2.812
2015-08-05,2.798
2015-08-06,2.813
2015-08-07,2.798
2015-08-10,2.842
2015-08-11,2.844
2015-08-12,2.931
2015-08-13,2.787
2015-08-14,2.801
2015-08-17,2.728
2015-08-18,2.704
2015-08-19,2.716
2015-08-20,2.755
2015-08-21,2.676
2015-08-24,2.65
2015-08-25,2.685
2015-08-26,2.693
2015-08-27,2.638
2015-08-28,2.715
2015-08-31,2.689
2015-09-01,2.702
2015-09-02,2.648
2015-09-03,2.725
2015-09-04,2.655
2015-09-08,2.71
2015-09-09,2.651
2015-09-10,2.683
2015-09-11,2.693
2015-09-14,2.758
2015-09-15,2.728
2015-09-16,2.66
2015-09-17,2.652
2015-09-18,2.605
2015-09-21,2.573
2015-09-22,2.577
2015-09-23,2.569
2015-09-24,2.591
2015-09-25,2.564
2015-09-28,2.563
2015-09-29,2.586
2015-09-30,2.524
2015-10-01,2.433
2015-10-02,2.451
2015-10-05,2.45
2015-10-06,2.47
2015-10-07,2.474
2015-10-08,2.498
2015-10-09,2.502
2015-10-12,2.535
2015-10-13,2.498
2015-10-14,2.518
2015-10-15,2.453
2015-10-16,2.43
2015-10-19,2.442
2015-10-20,2.476
2015-10-21,2.404
2015-10-22,2.386
2015-10-23,2.286
2015-10-26,2.062
2015-10-27,2.092
2015-10-28,2.033
2015-10-29,2.257
2015-10-30,2.321
2015-11-02,2.256
2015-11-03,2.253
2015-11-04,2.262
2015-11-05,2.364
2015-11-06,2.371
2015-11-09,2.3
2015-11-10,2.32
2015-11-11,2.263
2015-11-12,2.26
2015-11-13,2.361
2015-11-16,2.385
2015-11-17,2.371
2015-11-18,2.347
2015-11-19,2.276
2015-11-20,2.145
2015-11-23,2.21
2015-11-24,2.2
2015-11-25,2.206
2015-11-27,2.212
2015-11-30,2.235
2015-12-01,2.231
2015-12-02,2.165
2015-12-03,2.181
2015-12-04,2.186
2015-12-07,2.067
2015-12-08,2.07
2015-12-09,2.062
2015-12-10,2.015
2015-12-11,1.99
2015-12-14,1.894
2015-12-15,1.822
2015-12-16,1.79
2015-12-17,1.755
2015-12-18,1.767
2015-12-21,1.911
2015-12-22,1.888
2015-12-23,1.983
2015-12-24,2.029
2015-12-28,2.228
2015-12-29,2.372
2015-12-30,2.214
2015-12-31,2.337
2016-01-04,2.334
2016-01-05,2.325
2016-01-06,2.267
2016-01-07,2.382
2016-01-08,2.472
2016-01-11,2.396
2016-01-12,2.257
2016-01-13,2.269
2016-01-14,2.139
2016-01-15,2.1
2016-01-19,2.091
2016-01-20,2.118
2016-01-21,2.138
2016-01-22,2.139
2016-01-25,2.158
2016-01-26,2.18
2016-01-27,2.189
2016-01-28,2.182
2016-01-29,2.298
2016-02-01,2.152
2016-02-02,2.025
2016-02-03,2.038
2016-02-04,1.972
2016-02-05,2.063
2016-02-08,2.14
2016-02-09,2.098
2016-02-10,2.046
2016-02-11,1.994
2016-02-12,1.966
2016-02-16,1.903
2016-02-17,1.942
2016-02-18,1.852
2016-02-19,1.804
2016-02-22,1.821
2016-02-23,1.782
2016-02-24,1.778
2016-02-25,1.711
2016-02-26,1.791
2016-02-29,1.711
2016-03-01,1.742
2016-03-02,1.678
2016-03-03,1.639
2016-03-04,1.666
2016-03-07,1.69
2016-03-08,1.712
2016-03-09,1.752
2016-03-10,1.788
2016-03-11,1.822
2016-03-14,1.819
2016-03-15,1.851
2016-03-16,1.868
2016-03-17,1.936
2016-03-18,1.907
2016-03-21,1.828
2016-03-22,1.863
2016-03-23,1.794
2016-03-24,1.806
2016-03-28,1.848
2016-03-29,1.903
2016-03-30,1.996
2016-03-31,1.959
2016-04-01,1.956
2016-04-04,1.998
2016-04-05,1.954
2016-04-06,1.911
2016-04-07,2.018
2016-04-08,1.99
2016-04-11,1.912
2016-04-12,2.004
2016-04-13,2.036
2016-04-14,1.97
2016-04-15,1.902
2016-04-18,1.94
2016-04-19,2.088
2016-04-20,2.069
2016-04-21,2.068
2016-04-22,2.14
2016-04-25,2.063
2016-04-26,2.032
2016-04-27,1.995
2016-04-28,2.078
2016-04-29,2.178
2016-05-02,2.042
2016-05-03,2.086
2016-05-04,2.141
2016-05-05,2.076
2016-05-06,2.101
2016-05-09,2.098
2016-05-10,2.158
2016-05-11,2.173
2016-05-12,2.155
2016-05-13,2.096
2016-05-16,2.029
2016-05-17,2.048
2016-05-18,2.001
2016-05-19,2.039
2016-05-20,2.062
2016-05-23,2.055
2016-05-24,1.98
2016-05-25,1.992
2016-05-26,1.963
2016-05-27,2.169
2016-05-31,2.288
2016-06-01,2.381
2016-06-02,2.405
2016-06-03,2.398
2016-06-06,2.466
2016-06-07,2.474
2016-06-08,2.468
2016-06-09,2.617
2016-06-10,2.556
2016-06-13,2.585
2016-06-14,2.604
2016-06-15,2.595
2016-06-16,2.58
2016-06-17,2.623
2016-06-20,2.747
2016-06-21,2.768
2016-06-22,2.677
2016-06-23,2.698
2016-06-24,2.662
2016-06-27,2.716
2016-06-28,2.917
2016-06-29,2.863
2016-06-30,2.924
2016-07-01,2.987
2016-07-05,2.764
2016-07-06,2.786
2016-07-07,2.777
2016-07-08,2.801
2016-07-11,2.702
2016-07-12,2.734
2016-07-13,2.737
2016-07-14,2.727
2016-07-15,2.756
2016-07-18,2.722
2016-07-19,2.728
2016-07-20,2.658
2016-07-21,2.692
2016-07-22,2.777
2016-07-25,2.747
2016-07-26,2.712
2016-07-27,2.672
2016-07-28,2.873
2016-07-29,2.876
2016-08-01,2.771
2016-08-02,2.733
2016-08-03,2.839
2016-08-04,2.834
2016-08-05,2.772
2016-08-08,2.748
2016-08-09,2.615
2016-08-10,2.561
2016-08-11,2.551
2016-08-12,2.586
2016-08-15,2.59
2016-08-16,2.617
2016-08-17,2.619
2016-08-18,2.674
2016-08-19,2.584
2016-08-22,2.679
2016-08-23,2.761
2016-08-24,2.796
2016-08-25,2.846
2016-08-26,2.871
2016-08-29,2.853
2016-08-30,2.827
2016-08-31,2.887
2016-09-01,2.792
2016-09-02,2.792
2016-09-06,2.717
2016-09-07,2.676
2016-09-08,2.806
2016-09-09,2.797
2016-09-12,2.915
2016-09-13,2.909
2016-09-14,2.889
2016-09-15,2.927
2016-09-16,2.948
2016-09-19,2.934
2016-09-20,3.047
2016-09-21,3.057
2016-09-22,2.99
2016-09-23,2.955
2016-09-26,2.997
2016-09-27,2.996
2016-09-28,2.952
2016-09-29,2.959
2016-09-30,2.906
2016-10-03,2.923
2016-10-04,2.964
2016-10-05,3.041
2016-10-06,3.049
2016-10-07,3.193
2016-10-11,3.237
2016-10-12,3.21
2016-10-13,3.341
2016-10-14,3.285
2016-10-17,3.244
2016-10-18,3.263
2016-10-19,3.17
2016-10-20,3.141
2016-10-21,2.993
2016-10-24,2.831
2016-10-25,2.774
2016-10-26,2.731
2016-10-27,2.764
2016-10-28,3.105
2016-10-31,3.026
2016-11-01,2.902
2016-11-02,2.792
2016-11-03,2.769
2016-11-04,2.767
2016-11-07,2.816
2016-11-08,2.633
2016-11-09,2.69
2016-11-10,2.632
2016-11-14,2.749
2016-11-15,2.709
2016-11-16,2.764
2016-11-17,2.703
2016-11-18,2.843
2016-11-21,2.95
2016-11-22,2.982
2016-11-23,3.026
2016-11-25,3.085
2016-11-28,3.232
2016-11-29,3.315
2016-11-30,3.352
2016-12-01,3.505
2016-12-02,3.436
2016-12-05,3.654
2016-12-06,3.635
2016-12-07,3.603
2016-12-08,3.695
2016-12-09,3.746
2016-12-12,3.507
2016-12-13,3.474
2016-12-14,3.54
2016-12-15,3.434
2016-12-16,3.415
2016-12-19,3.392
2016-12-20,3.263
2016-12-21,3.542
2016-12-22,3.538
2016-12-23,3.662
2016-12-27,3.761
2016-12-28,3.93
2016-12-29,3.802
2016-12-30,3.724
2017-01-03,3.327
2017-01-04,3.267
2017-01-05,3.273
2017-01-06,3.285
2017-01-09,3.103
2017-01-10,3.278
2017-01-11,3.224
2017-01-12,3.386
2017-01-13,3.419
2017-01-17,3.412
2017-01-18,3.302
2017-01-19,3.368
2017-01-20,3.204
2017-01-23,3.243
2017-01-24,3.279
2017-01-25,3.332
2017-01-26,3.382
2017-01-27,3.391
2017-01-30,3.232
2017-01-31,3.117
2017-02-01,3.168
2017-02-02,3.187
2017-02-03,3.063
2017-02-06,3.05
2017-02-07,3.13
2017-02-08,3.126
2017-02-09,3.141
2017-02-10,3.034
2017-02-13,2.944
2017-02-14,2.905
2017-02-15,2.925
2017-02-16,2.854
2017-02-17,2.834
2017-02-21,2.564
2017-02-22,2.592
2017-02-23,2.617
2017-02-24,2.627
2017-02-27,2.693
2017-02-28,2.774
2017-03-01,2.799
2017-03-02,2.804
2017-03-03,2.827
2017-03-06,2.901
2017-03-07,2.824
2017-03-08,2.901
2017-03-09,2.974
2017-03-10,3.008
2017-03-13,3.043
2017-03-14,2.938
2017-03-15,2.981
2017-03-16,2.902
2017-03-17,2.948
2017-03-20,3.041
2017-03-21,3.093
2017-03-22,3.011
2017-03-23,3.051
2017-03-24,3.076
2017-03-27,3.052
2017-03-28,3.096
2017-03-29,3.175
2017-03-30,3.191
2017-03-31,3.19
2017-04-03,3.128
2017-04-04,3.293
2017-04-05,3.266
2017-04-06,3.331
2017-04-07,3.261
2017-04-10,3.238
2017-04-11,3.15
2017-04-12,3.187
2017-04-13,3.227
2017-04-17,3.163
2017-04-18,3.145
2017-04-19,3.185
2017-04-20,3.159
2017-04-21,3.101
2017-04-24,3.066
2017-04-25,3.043
2017-04-26,3.142
2017-04-27,3.239
2017-04-28,3.276
2017-05-01,3.215
2017-05-02,3.195
2017-05-03,3.228
2017-05-04,3.186
2017-05-05,3.266
2017-05-08,3.172
2017-05-09,3.227
2017-05-10,3.292
2017-05-11,3.376
2017-05-12,3.424
2017-05-15,3.349
2017-05-16,3.23
2017-05-17,3.192
2017-05-18,3.182
2017-05-19,3.256
2017-05-22,3.33
2017-05-23,3.219
2017-05-24,3.209
2017-05-25,3.184
2017-05-26,3.236
2017-05-30,3.145
2017-05-31,3.071
2017-06-01,3.008
2017-06-02,2.999
2017-06-05,2.982
2017-06-06,3.042
2017-06-07,3.02
2017-06-08,3.028
2017-06-09,3.039
2017-06-12,3.024
2017-06-13,2.966
2017-06-14,2.933
2017-06-15,3.056
2017-06-16,3.037
2017-06-19,2.894
2017-06-20,2.907
2017-06-21,2.893
2017-06-22,2.894
2017-06-23,2.929
2017-06-26,3.027
2017-06-27,3.037
2017-06-28,3.067
2017-06-29,3.042
2017-06-30,3.035
2017-07-03,2.951
2017-07-05,2.84
2017-07-06,2.888
2017-07-07,2.864
2017-07-10,2.929
2017-07-11,3.047
2017-07-12,2.985
2017-07-13,2.961
2017-07-14,2.98
2017-07-17,3.02
2017-07-18,3.088
2017-07-19,3.066
2017-07-20,3.043
2017-07-21,2.97
2017-07-24,2.899
2017-07-25,2.944
2017-07-26,2.924
2017-07-27,2.969
2017-07-28,2.941
2017-07-31,2.794
2017-08-01,2.819
2017-08-02,2.811
2017-08-03,2.8
2017-08-04,2.774
2017-08-07,2.801
2017-08-08,2.822
2017-08-09,2.883
2017-08-10,2.985
2017-08-11,2.983
2017-08-14,2.959
2017-08-15,2.935
2017-08-16,2.89
2017-08-17,2.929
2017-08-18,2.893
2017-08-21,2.962
2017-08-22,2.939
2017-08-23,2.928
2017-08-24,2.949
2017-08-25,2.892
2017-08-28,2.925
2017-08-29,2.961
2017-08-30,2.939
2017-08-31,3.04
2017-09-01,3.07
2017-09-05,2.972
2017-09-06,3
2017-09-07,2.981
2017-09-08,2.89
2017-09-11,2.95
2017-09-12,3.001
2017-09-13,3.058
2017-09-14,3.07
2017-09-15,3.024
2017-09-18,3.146
2017-09-19,3.122
2017-09-20,3.094
2017-09-21,2.946
2017-09-22,2.959
2017-09-25,2.919
2017-09-26,2.918
2017-09-27,2.974
2017-09-28,3.017
2017-09-29,3.007
2017-10-02,2.916
2017-10-03,2.895
2017-10-04,2.94
2017-10-05,2.923
2017-10-06,2.863
2017-10-09,2.833
2017-10-10,2.891
2017-10-11,2.889
2017-10-12,2.989
2017-10-13,3
2017-10-16,2.946
2017-10-17,2.962
2017-10-18,2.854
2017-10-19,2.873
2017-10-20,2.915
2017-10-23,2.991
2017-10-24,2.974
2017-10-25,2.919
2017-10-26,2.89
2017-10-27,2.752
2017-10-30,2.966
2017-10-31,2.896
2017-11-01,2.893
2017-11-02,2.935
2017-11-03,2.984
2017-11-06,3.134
2017-11-07,3.152
2017-11-08,3.175
2017-11-09,3.2
2017-11-10,3.213
2017-11-13,3.167
2017-11-14,3.102
2017-11-15,3.08
2017-11-16,3.053
2017-11-17,3.097
2017-11-20,3.047
2017-11-21,3.017
2017-11-22,2.968
2017-11-24,2.813
2017-11-27,2.928
2017-11-28,3.074
2017-11-29,3.179
2017-11-30,3.025
2017-12-01,3.061
2017-12-04,2.985
2017-12-05,2.914
2017-12-06,2.922
2017-12-07,2.763
2017-12-08,2.772
2017-12-11,2.828
2017-12-12,2.678
2017-12-13,2.715
2017-12-14,2.684
2017-12-15,2.612
2017-12-18,2.745
2017-12-19,2.692
2017-12-20,2.637
2017-12-21,2.598
2017-12-22,2.667
2017-12-26,2.643
2017-12-27,2.738
2017-12-28,2.914
2017-12-29,2.953
2018-01-02,3.056
2018-01-03,3.008
2018-01-04,2.88
2018-01-05,2.795
2018-01-08,2.835
2018-01-09,2.923
2018-01-10,2.906
2018-01-11,3.084
2018-01-12,3.2
2018-01-16,3.129
2018-01-17,3.232
2018-01-18,3.189
2018-01-19,3.185
2018-01-22,3.224
2018-01-23,3.444
2018-01-24,3.509
2018-01-25,3.447
2018-01-26,3.505
2018-01-29,3.631
2018-01-30,3.195
2018-01-31,2.995
2018-02-01,2.856
2018-02-02,2.846
2018-02-05,2.747
2018-02-06,2.759
2018-02-07,2.702
2018-02-08,2.697
2018-02-09,2.584
2018-02-12,2.552
2018-02-13,2.594
2018-02-14,2.587
2018-02-15,2.58
2018-02-16,2.558
2018-02-20,2.616
2018-02-21,2.659
2018-02-22,2.634
2018-02-23,2.625
2018-02-26,2.639
2018-02-27,2.683
2018-02-28,2.667
2018-03-01,2.698
2018-03-02,2.695
2018-03-05,2.704
2018-03-06,2.749
2018-03-07,2.777
2018-03-08,2.756
2018-03-09,2.732
2018-03-12,2.778
2018-03-13,2.786
2018-03-14,2.731
2018-03-15,2.681
2018-03-16,2.688
2018-03-19,2.651
2018-03-20,2.675
2018-03-21,2.638
2018-03-22,2.617
2018-03-23,2.591
2018-03-26,2.618
2018-03-27,2.691
2018-03-28,2.698
2018-03-29,2.733
2018-04-02,2.683
2018-04-03,2.697
2018-04-04,2.718
2018-04-05,2.675
2018-04-06,2.701
2018-04-09,2.693
2018-04-10,2.656
2018-04-11,2.675
2018-04-12,2.686
2018-04-13,2.735
2018-04-16,2.752
2018-04-17,2.738
2018-04-18,2.739
2018-04-19,2.66
2018-04-20,2.739
2018-04-23,2.74
2018-04-24,2.781
2018-04-25,2.786
2018-04-26,2.821
2018-04-27,2.771
2018-04-30,2.763
2018-05-01,2.802
2018-05-02,2.754
2018-05-03,2.726
2018-05-04,2.711
2018-05-07,2.741
2018-05-08,2.732
2018-05-09,2.737
2018-05-10,2.814
2018-05-11,2.806
2018-05-14,2.842
2018-05-15,2.836
2018-05-16,2.815
2018-05-17,2.859
2018-05-18,2.847
2018-05-21,2.81
2018-05-22,2.908
2018-05-23,2.914
2018-05-24,2.94
2018-05-25,2.939
2018-05-29,2.875
2018-05-30,2.885
2018-05-31,2.952
2018-06-01,2.962
2018-06-04,2.93
2018-06-05,2.89
2018-06-06,2.896
2018-06-07,2.93
2018-06-08,2.89
2018-06-11,2.949
2018-06-12,2.939
2018-06-13,2.963
2018-06-14,2.965
2018-06-15,3.022
2018-06-18,2.951
2018-06-19,2.9
2018-06-20,2.964
2018-06-21,2.975
2018-06-22,2.945
2018-06-25,2.923
2018-06-26,2.939
2018-06-27,2.996
2018-06-28,2.94
2018-06-29,2.924
2018-07-02,2.862
2018-07-03,2.87
2018-07-05,2.837
2018-07-06,2.858
2018-07-09,2.828
2018-07-10,2.788
2018-07-11,2.829
2018-07-12,2.797
2018-07-13,2.752
2018-07-16,2.759
2018-07-17,2.74
2018-07-18,2.721
2018-07-19,2.769
2018-07-20,2.757
2018-07-23,2.721
2018-07-24,2.732
2018-07-25,2.775
2018-07-26,2.78
2018-07-27,2.822
2018-07-30,2.797
2018-07-31,2.782
2018-08-01,2.758
2018-08-02,2.816
2018-08-03,2.853
2018-08-06,2.86
2018-08-07,2.897
2018-08-08,2.949
2018-08-09,2.955
2018-08-10,2.944
2018-08-13,2.93
2018-08-14,2.959
2018-08-15,2.94
2018-08-16,2.908
2018-08-17,2.946
2018-08-20,2.941
2018-08-21,2.98
2018-08-22,2.956
2018-08-23,2.964
2018-08-24,2.917
2018-08-27,2.876
2018-08-28,2.852
2018-08-29,2.895
2018-08-30,2.874
2018-08-31,2.916
2018-09-04,2.823
2018-09-05,2.795
2018-09-06,2.772
2018-09-07,2.776
2018-09-10,2.804
2018-09-11,2.828
2018-09-12,2.829
2018-09-13,2.817
2018-09-14,2.767
2018-09-17,2.814
2018-09-18,2.933
2018-09-19,2.908
2018-09-20,2.976
2018-09-21,2.977
2018-09-24,3.038
2018-09-25,3.082
2018-09-26,3.021
2018-09-27,3.056
2018-09-28,3.008
2018-10-01,3.094
2018-10-02,3.166
2018-10-03,3.23
2018-10-04,3.165
2018-10-05,3.143
2018-10-08,3.267
2018-10-09,3.266
2018-10-10,3.284
2018-10-11,3.222
2018-10-12,3.161
2018-10-15,3.242
2018-10-16,3.239
2018-10-17,3.32
2018-10-18,3.198
2018-10-19,3.25
2018-10-22,3.138
2018-10-23,3.212
2018-10-24,3.166
2018-10-25,3.202
2018-10-26,3.185
2018-10-29,3.185
2018-10-30,3.187
2018-10-31,3.261
2018-11-01,3.237
2018-11-02,3.284
2018-11-05,3.567
2018-11-06,3.555
2018-11-07,3.555
2018-11-08,3.543
2018-11-09,3.719
2018-11-12,3.788
2018-11-13,4.101
2018-11-14,4.837
2018-11-15,4.038
2018-11-16,4.272
2018-11-19,4.7
2018-11-20,4.523
2018-11-21,4.451
2018-11-23,4.308
2018-11-26,4.248
2018-11-27,4.262
2018-11-28,4.715
2018-11-29,4.646
2018-11-30,4.612
2018-12-03,4.339
2018-12-04,4.457
2018-12-06,4.327
2018-12-07,4.488
2018-12-10,4.545
2018-12-11,4.407
2018-12-12,4.136
2018-12-13,4.124
2018-12-14,3.827
2018-12-17,3.528
2018-12-18,3.838
2018-12-19,3.726
2018-12-20,3.583
2018-12-21,3.816
2018-12-24,3.467
2018-12-26,3.543
2018-12-27,3.642
2018-12-28,3.303
2018-12-31,2.94
2019-01-02,2.958
2019-01-03,2.945
2019-01-04,3.044
2019-01-07,2.944
2019-01-08,2.967
2019-01-09,2.984
2019-01-10,2.969
2019-01-11,3.099
2019-01-14,3.591
2019-01-15,3.501
2019-01-16,3.384
2019-01-17,3.413
2019-01-18,3.482
2019-01-22,3.04
2019-01-23,2.98
2019-01-24,3.099
2019-01-25,3.178
2019-01-28,2.911
2019-01-29,2.95
2019-01-30,2.854
2019-01-31,2.814
2019-02-01,2.734
2019-02-04,2.66
2019-02-05,2.662
2019-02-06,2.662
2019-02-07,2.551
2019-02-08,2.583
2019-02-11,2.642
2019-02-12,2.688
2019-02-13,2.575
2019-02-14,2.573
2019-02-15,2.625
2019-02-19,2.662
2019-02-20,2.636
2019-02-21,2.697
2019-02-22,2.717
2019-02-25,2.836
2019-02-26,2.855
2019-02-27,2.799
2019-02-28,2.812
2019-03-01,2.859
2019-03-04,2.857
2019-03-05,2.884
2019-03-06,2.841
2019-03-07,2.866
2019-03-08,2.865
2019-03-11,2.772
2019-03-12,2.784
2019-03-13,2.82
2019-03-14,2.855
2019-03-15,2.795
2019-03-18,2.85
2019-03-19,2.874
2019-03-20,2.82
2019-03-21,2.821
2019-03-22,2.753
2019-03-25,2.755
2019-03-26,2.74
2019-03-27,2.713
2019-03-28,2.712
2019-03-29,2.662
2019-04-01,2.708
2019-04-02,2.684
2019-04-03,2.677
2019-04-04,2.643
2019-04-05,2.664
2019-04-08,2.708
2019-04-09,2.699
2019-04-10,2.7
2019-04-11,2.664
2019-04-12,2.66
2019-04-15,2.59
2019-04-16,2.572
2019-04-17,2.517
2019-04-18,2.49
2019-04-22,2.524
2019-04-23,2.455
2019-04-24,2.462
2019-04-25,2.514
2019-04-26,2.566
2019-04-29,2.593
2019-04-30,2.575
2019-05-01,2.62
2019-05-02,2.589
2019-05-03,2.567
2019-05-06,2.524
2019-05-07,2.537
2019-05-08,2.61
2019-05-09,2.595
2019-05-10,2.619
2019-05-13,2.621
2019-05-14,2.659
2019-05-15,2.601
2019-05-16,2.639
2019-05-17,2.631
2019-05-20,2.673
2019-05-21,2.613
2019-05-22,2.543
2019-05-23,2.578
2019-05-24,2.598
2019-05-28,2.582
2019-05-29,2.633
2019-05-30,2.547
2019-05-31,2.454
2019-06-03,2.403
2019-06-04,2.416
2019-06-05,2.378
2019-06-06,2.324
2019-06-07,2.337
2019-06-10,2.357
2019-06-11,2.399
2019-06-12,2.386
2019-06-13,2.325
2019-06-14,2.387
2019-06-17,2.386
2019-06-18,2.328
2019-06-19,2.276
2019-06-20,2.185
2019-06-21,2.186
2019-06-24,2.303
2019-06-25,2.308
2019-06-26,2.291
2019-06-27,2.324
2019-06-28,2.308
2019-07-01,2.267
2019-07-02,2.24
2019-07-03,2.29
2019-07-05,2.418
2019-07-08,2.403
2019-07-09,2.425
2019-07-10,2.444
2019-07-11,2.416
2019-07-12,2.453
2019-07-15,2.408
2019-07-16,2.306
2019-07-17,2.304
2019-07-18,2.287
2019-07-19,2.251
2019-07-22,2.312
2019-07-23,2.3
2019-07-24,2.22
2019-07-25,2.244
2019-07-26,2.169
2019-07-29,2.141
2019-07-30,2.137
2019-07-31,2.233
2019-08-01,2.202
2019-08-02,2.121
2019-08-05,2.07
2019-08-06,2.111
2019-08-07,2.083
2019-08-08,2.128
2019-08-09,2.119
2019-08-12,2.105
2019-08-13,2.147
2019-08-14,2.143
2019-08-15,2.232
2019-08-16,2.2
2019-08-19,2.21
2019-08-20,2.218
2019-08-21,2.17
2019-08-22,2.159
2019-08-23,2.152
2019-08-26,2.23
2019-08-27,2.202
2019-08-28,2.251
2019-08-29,2.296
2019-08-30,2.285
2019-09-03,2.358
2019-09-04,2.445
2019-09-05,2.435
2019-09-06,2.496
2019-09-09,2.585
2019-09-10,2.58
2019-09-11,2.552
2019-09-12,2.574
2019-09-13,2.614
2019-09-16,2.681
2019-09-17,2.668
2019-09-18,2.637
2019-09-19,2.538
2019-09-20,2.534
2019-09-23,2.527
2019-09-24,2.503
2019-09-25,2.502
2019-09-26,2.428
2019-09-27,2.404
2019-09-30,2.33
2019-10-01,2.283
2019-10-02,2.247
2019-10-03,2.329
2019-10-04,2.352
2019-10-07,2.303
2019-10-08,2.288
2019-10-09,2.234
2019-10-10,2.218
2019-10-11,2.214
2019-10-14,2.28
2019-10-15,2.339
2019-10-16,2.303
2019-10-17,2.318
2019-10-18,2.32
2019-10-21,2.238
2019-10-22,2.272
2019-10-23,2.282
2019-10-24,2.316
2019-10-25,2.3
2019-10-28,2.446
2019-10-29,2.597
2019-10-30,2.691
2019-10-31,2.633
2019-11-01,2.714
2019-11-04,2.821
2019-11-05,2.862
2019-11-06,2.828
2019-11-07,2.772
2019-11-08,2.789
2019-11-11,2.637
2019-11-12,2.621
2019-11-13,2.6
2019-11-14,2.647
2019-11-15,2.688
2019-11-18,2.566
2019-11-19,2.51
2019-11-20,2.559
2019-11-21,2.567
2019-11-22,2.665
2019-11-25,2.531
2019-11-26,2.47
2019-11-27,2.501
2019-11-29,2.281
2019-12-02,2.329
2019-12-03,2.441
2019-12-04,2.399
2019-12-05,2.427
2019-12-06,2.334
2019-12-09,2.232
2019-12-10,2.264
2019-12-11,2.243
2019-12-12,2.328
2019-12-13,2.296
2019-12-16,2.341
2019-12-17,2.319
2019-12-18,2.286
2019-12-19,2.273
2019-12-20,2.328
2019-12-23,2.214
2019-12-24,2.172
2019-12-26,2.294
2019-12-27,2.158
2019-12-30,2.186
2019-12-31,2.189
2020-01-02,2.122
2020-01-03,2.13
2020-01-06,2.135
2020-01-07,2.162
2020-01-08,2.141
2020-01-09,2.166
2020-01-10,2.202
2020-01-13,2.182
2020-01-14,2.187
2020-01-15,2.12
2020-01-16,2.077
2020-01-17,2.003
2020-01-21,1.895
2020-01-22,1.905
2020-01-23,1.926
2020-01-24,1.893
2020-01-27,1.902
2020-01-28,1.934
2020-01-29,1.877
2020-01-30,1.829
2020-01-31,1.841
2020-02-03,1.819
2020-02-04,1.872
2020-02-05,1.861
2020-02-06,1.862
2020-02-07,1.858
2020-02-10,1.766
2020-02-11,1.788
2020-02-12,1.844
2020-02-13,1.826
2020-02-14,1.837
2020-02-18,1.981
2020-02-19,1.955
2020-02-20,1.92
2020-02-21,1.905
2020-02-24,1.827
2020-02-25,1.847
2020-02-26,1.821
2020-02-27,1.752
2020-02-28,1.684
2020-03-02,1.756
2020-03-03,1.8
2020-03-04,1.827
2020-03-05,1.772
2020-03-06,1.708
2020-03-09,1.778
2020-03-10,1.936
2020-03-11,1.878
2020-03-12,1.841
2020-03-13,1.869
2020-03-16,1.815
2020-03-17,1.729
2020-03-18,1.604
2020-03-19,1.654
2020-03-20,1.604
2020-03-23,1.602
2020-03-24,1.653
2020-03-25,1.659
2020-03-26,1.637
2020-03-27,1.634
2020-03-30,1.69
2020-03-31,1.64
2020-04-01,1.587
2020-04-02,1.552
2020-04-03,1.621
2020-04-06,1.731
2020-04-07,1.852
2020-04-08,1.783
2020-04-09,1.733
2020-04-13,1.724
2020-04-14,1.65
2020-04-15,1.598
2020-04-16,1.686
2020-04-17,1.753
2020-04-20,1.924
2020-04-21,1.821
2020-04-22,1.939
2020-04-23,1.815
2020-04-24,1.746
2020-04-27,1.819
2020-04-28,1.794
2020-04-29,1.869
2020-04-30,1.949
2020-05-01,1.89
2020-05-04,1.993
2020-05-05,2.134
2020-05-06,1.944
2020-05-07,1.894
2020-05-08,1.823
2020-05-11,1.826
2020-05-12,1.72
2020-05-13,1.616
2020-05-14,1.681
2020-05-15,1.646
2020-05-18,1.783
2020-05-19,1.83
2020-05-20,1.771
2020-05-21,1.71
2020-05-22,1.731
2020-05-26,1.793
2020-05-27,1.722
2020-05-28,1.827
2020-05-29,1.849
2020-06-01,1.774
2020-06-02,1.777
2020-06-03,1.821
2020-06-04,1.822
2020-06-05,1.782
2020-06-08,1.789
2020-06-09,1.767
2020-06-10,1.78
2020-06-11,1.813
2020-06-12,1.731
2020-06-15,1.669
2020-06-16,1.614
2020-06-17,1.638
2020-06-18,1.638
2020-06-19,1.669
2020-06-22,1.664
2020-06-23,1.637
2020-06-24,1.597
2020-06-25,1.482
2020-06-26,1.495
2020-06-29,1.709
2020-06-30,1.751
2020-07-01,1.671
2020-07-02,1.734
2020-07-06,1.83
2020-07-07,1.876
2020-07-08,1.824
2020-07-09,1.779
2020-07-10,1.805
2020-07-13,1.739
2020-07-14,1.746
2020-07-15,1.778
2020-07-16,1.723
2020-07-17,1.718
2020-07-20,1.641
2020-07-21,1.675
2020-07-22,1.681
2020-07-23,1.785
2020-07-24,1.808
2020-07-27,1.734
2020-07-28,1.8
2020-07-29,1.854
2020-07-30,1.829
2020-07-31,1.799
2020-08-03,2.101
2020-08-04,2.193
2020-08-05,2.191
2020-08-06,2.165
2020-08-07,2.238
2020-08-10,2.153
2020-08-11,2.171
2020-08-12,2.152
2020-08-13,2.182
2020-08-14,2.356
2020-08-17,2.339
2020-08-18,2.417
2020-08-19,2.426
2020-08-20,2.352
2020-08-21,2.448
2020-08-24,2.513
2020-08-25,2.489
2020-08-26,2.461
2020-08-27,2.579
2020-08-28,2.657
2020-08-31,2.63
2020-09-01,2.527
2020-09-02,2.486
2020-09-03,2.487
2020-09-04,2.588
2020-09-08,2.4
2020-09-09,2.406
2020-09-10,2.323
2020-09-11,2.269
2020-09-14,2.31
2020-09-15,2.362
2020-09-16,2.267
2020-09-17,2.042
2020-09-18,2.048
2020-09-21,1.835
2020-09-22,1.834
2020-09-23,2.125
2020-09-24,2.248
2020-09-25,2.139
2020-09-28,2.101
2020-09-29,2.561
2020-09-30,2.527
2020-10-01,2.527
2020-10-02,2.438
2020-10-05,2.615
2020-10-06,2.52
2020-10-07,2.606
2020-10-08,2.627
2020-10-09,2.741
2020-10-12,2.881
2020-10-13,2.855
2020-10-14,2.636
2020-10-15,2.775
2020-10-16,2.773
2020-10-19,2.795
2020-10-20,2.913
2020-10-21,3.023
2020-10-22,3.007
2020-10-23,2.971
2020-10-26,3.024
2020-10-27,3.019
2020-10-28,2.996
2020-10-29,3.301
2020-10-30,3.354
2020-11-02,3.244
2020-11-03,3.059
2020-11-04,3.046
2020-11-05,2.942
2020-11-06,2.888
2020-11-09,2.859
2020-11-10,2.949
2020-11-11,3.031
2020-11-12,2.976
2020-11-13,2.995
2020-11-16,2.697
2020-11-17,2.692
2020-11-18,2.712
2020-11-19,2.592
2020-11-20,2.65
2020-11-23,2.711
2020-11-24,2.775
2020-11-25,2.896
2020-11-27,2.843
2020-11-30,2.882
2020-12-01,2.88
2020-12-02,2.78
2020-12-03,2.507
2020-12-04,2.575
2020-12-07,2.406
2020-12-08,2.399
2020-12-09,2.442
2020-12-10,2.553
2020-12-11,2.591
2020-12-14,2.682
2020-12-15,2.682
2020-12-16,2.677
2020-12-17,2.636
2020-12-18,2.7
2020-12-21,2.705
2020-12-22,2.78
2020-12-23,2.608
2020-12-24,2.518
2020-12-28,2.305
2020-12-29,2.467
2020-12-30,2.422
2020-12-31,2.539
2021-01-04,2.581
2021-01-05,2.702
2021-01-06,2.716
2021-01-07,2.729
2021-01-08,2.7
2021-01-11,2.747
2021-01-12,2.753
2021-01-13,2.727
2021-01-14,2.666
2021-01-15,2.737
2021-01-19,2.546
2021-01-20,2.539
2021-01-21,2.491
2021-01-22,2.446
2021-01-25,2.602
2021-01-26,2.656
2021-01-27,2.76
2021-01-28,2.664
2021-01-29,2.564
2021-02-01,2.85
2021-02-02,2.845
2021-02-03,2.789
2021-02-04,2.935
2021-02-05,2.863
2021-02-08,2.882
2021-02-09,2.835
2021-02-10,2.911
2021-02-11,2.868
2021-02-12,2.912
2021-02-16,3.129
2021-02-17,3.219
2021-02-18,3.082
2021-02-19,3.069
2021-02-22,2.953
2021-02-23,2.879
2021-02-24,2.854
2021-02-25,2.777
2021-02-26,2.771
2021-03-01,2.777
2021-03-02,2.839
2021-03-03,2.816
2021-03-04,2.746
2021-03-05,2.701
2021-03-08,2.664
2021-03-09,2.662
2021-03-10,2.692
2021-03-11,2.668
2021-03-12,2.6
2021-03-15,2.484
2021-03-16,2.562
2021-03-17,2.528
2021-03-18,2.481
2021-03-19,2.535
2021-03-22,2.582
2021-03-23,2.508
2021-03-24,2.518
2021-03-25,2.57
2021-03-26,2.557
2021-03-29,2.586
2021-03-30,2.623
2021-03-31,2.608
2021-04-01,2.639
2021-04-05,2.511
2021-04-06,2.456
2021-04-07,2.52
2021-04-08,2.522
2021-04-09,2.526
2021-04-12,2.561
2021-04-13,2.619
2021-04-14,2.618
2021-04-15,2.658
2021-04-16,2.68
2021-04-19,2.749
2021-04-20,2.727
2021-04-21,2.692
2021-04-22,2.749
2021-04-23,2.73
2021-04-26,2.79
2021-04-27,2.873
2021-04-28,2.925
2021-04-29,2.911
2021-04-30,2.931
2021-05-03,2.966
2021-05-04,2.967
2021-05-05,2.938
2021-05-06,2.928
2021-05-07,2.958
2021-05-10,2.932
2021-05-11,2.955
2021-05-12,2.969
2021-05-13,2.973
2021-05-14,2.961
2021-05-17,3.109
2021-05-18,3.012
2021-05-19,2.964
2021-05-20,2.925
2021-05-21,2.906
2021-05-24,2.886
2021-05-25,2.913
2021-05-26,2.984
2021-05-27,2.958
2021-05-28,2.986
2021-06-01,3.104
2021-06-02,3.075
2021-06-03,3.041
2021-06-04,3.097
2021-06-07,3.07
2021-06-08,3.128
2021-06-09,3.129
2021-06-10,3.149
2021-06-11,3.296
2021-06-14,3.352
2021-06-15,3.24
2021-06-16,3.251
2021-06-17,3.253
2021-06-18,3.215
2021-06-21,3.191
2021-06-22,3.258
2021-06-23,3.333
2021-06-24,3.418
2021-06-25,3.496
2021-06-28,3.617
2021-06-29,3.63
2021-06-30,3.65
2021-07-01,3.661
2021-07-02,3.7
2021-07-06,3.637
2021-07-07,3.596
2021-07-08,3.688
2021-07-09,3.674
2021-07-12,3.749
2021-07-13,3.696
2021-07-14,3.66
2021-07-15,3.614
2021-07-16,3.674
2021-07-19,3.779
2021-07-20,3.876
2021-07-21,3.959
2021-07-22,4.003
2021-07-23,4.06
2021-07-26,4.102
2021-07-27,3.971
2021-07-28,4.044
2021-07-29,4.059
2021-07-30,3.914
2021-08-02,3.935
2021-08-03,4.027
2021-08-04,4.158
2021-08-05,4.14
2021-08-06,4.14
2021-08-09,4.06
2021-08-10,4.089
2021-08-11,4.059
2021-08-12,3.933
2021-08-13,3.861
2021-08-16,3.946
2021-08-17,3.837
2021-08-18,3.852
2021-08-19,3.83
2021-08-20,3.851
2021-08-23,3.945
2021-08-24,3.896
2021-08-25,3.897
2021-08-26,4.184
2021-08-27,4.37
2021-08-30,4.305
2021-08-31,4.377
2021-09-01,4.615
2021-09-02,4.641
2021-09-03,4.712
2021-09-07,4.568
2021-09-08,4.914
2021-09-09,5.031
2021-09-10,4.938
2021-09-13,5.231
2021-09-14,5.26
2021-09-15,5.46
2021-09-16,5.335
2021-09-17,5.105
2021-09-20,4.985
2021-09-21,4.805
2021-09-22,4.805
2021-09-23,4.976
2021-09-24,5.14
2021-09-27,5.706
2021-09-28,5.841
2021-09-29,5.477
2021-09-30,5.867
2021-10-01,5.619
2021-10-04,5.766
2021-10-05,6.312
2021-10-06,5.675
2021-10-07,5.677
2021-10-08,5.565
2021-10-11,5.345
2021-10-12,5.505
2021-10-13,5.59
2021-10-14,5.687
2021-10-15,5.41
2021-10-18,4.989
2021-10-19,5.088
2021-10-20,5.17
2021-10-21,5.115
2021-10-22,5.28
2021-10-25,5.898
2021-10-26,5.882
2021-10-27,6.202
2021-10-28,5.782
2021-10-29,5.426
2021-11-01,5.186
2021-11-02,5.542
2021-11-03,5.67
2021-11-04,5.716
2021-11-05,5.516
2021-11-08,5.427
2021-11-09,4.979
2021-11-10,4.88
2021-11-11,5.149
2021-11-12,4.791
2021-11-15,5.017
2021-11-16,5.177
2021-11-17,4.816
2021-11-18,4.902
2021-11-19,5.065
2021-11-22,4.789
2021-11-23,4.967
2021-11-24,5.068
2021-11-26,5.447
2021-11-29,4.854
2021-11-30,4.567
2021-12-01,4.258
2021-12-02,4.056
2021-12-03,4.132
2021-12-06,3.657
2021-12-07,3.708
2021-12-08,3.815
2021-12-09,3.814
2021-12-10,3.925
2021-12-13,3.794
2021-12-14,3.747
2021-12-15,3.802
2021-12-16,3.766
2021-12-17,3.69
2021-12-20,3.834
2021-12-21,3.869
2021-12-22,3.976
2021-12-23,3.731
2021-12-27,4.06
2021-12-28,4.055
2021-12-29,4.024
2021-12-30,3.561
2021-12-31,3.73
2022-01-03,3.815
2022-01-04,3.717
2022-01-05,3.882
2022-01-06,3.812
2022-01-07,3.916
2022-01-10,4.079
2022-01-11,4.249
2022-01-12,4.857
2022-01-13,4.27
2022-01-14,4.262
2022-01-18,4.283
2022-01-19,4.031
2022-01-20,3.802
2022-01-21,3.999
2022-01-24,4.027
2022-01-25,4.053
2022-01-26,4.277
2022-01-27,6.265
2022-01-28,4.639
2022-01-31,4.874
2022-02-01,4.751
2022-02-02,5.501
2022-02-03,4.888
2022-02-04,4.572
2022-02-07,4.232
2022-02-08,4.248
2022-02-09,4.009
2022-02-10,3.959
2022-02-11,3.941
2022-02-14,4.195
2022-02-15,4.306
2022-02-16,4.717
2022-02-17,4.486
2022-02-18,4.431
2022-02-22,4.498
2022-02-23,4.623
2022-02-24,4.568
2022-02-25,4.47
2022-02-28,4.402
2022-03-01,4.573
2022-03-02,4.762
2022-03-03,4.722
2022-03-04,5.016
2022-03-07,4.833
2022-03-08,4.527
2022-03-09,4.526
2022-03-10,4.631
2022-03-11,4.725
2022-03-14,4.658
2022-03-15,4.568
2022-03-16,4.748
2022-03-17,4.99
2022-03-18,4.863
2022-03-21,4.9
2022-03-22,5.187
2022-03-23,5.232
2022-03-24,5.401
2022-03-25,5.571
2022-03-28,5.508
2022-03-29,5.336
2022-03-30,5.605
2022-03-31,5.642
2022-04-01,5.72
2022-04-04,5.712
2022-04-05,6.032
2022-04-06,6.029
2022-04-07,6.359
2022-04-08,6.278
2022-04-11,6.643
2022-04-12,6.68
2022-04-13,6.997
2022-04-14,7.3
2022-04-18,7.82
2022-04-19,7.176
2022-04-20,6.937
2022-04-21,6.957
2022-04-22,6.534
2022-04-25,6.669
2022-04-26,6.85
2022-04-27,7.267
2022-04-28,6.888
2022-04-29,7.244
2022-05-02,7.475
2022-05-03,7.954
2022-05-04,8.415
2022-05-05,8.783
2022-05-06,8.043
2022-05-09,7.026
2022-05-10,7.385
2022-05-11,7.64
2022-05-12,7.739
2022-05-13,7.663
2022-05-16,7.956
2022-05-17,8.304
2022-05-18,8.368
2022-05-19,8.308
2022-05-20,8.083
2022-05-23,8.744
2022-05-24,8.796
2022-05-25,8.971
2022-05-26,8.908
2022-05-27,8.727
2022-05-31,8.145
2022-06-01,8.696
2022-06-02,8.485
2022-06-03,8.523
2022-06-06,9.322
2022-06-07,9.293
2022-06-08,8.699
2022-06-09,8.963
2022-06-10,8.85
2022-06-13,8.609
2022-06-14,7.189
2022-06-15,7.42
2022-06-16,7.464
2022-06-17,6.944
2022-06-21,6.808
2022-06-22,6.858
2022-06-23,6.239
2022-06-24,6.22
2022-06-27,6.501
2022-06-28,6.551
2022-06-29,6.498
2022-06-30,5.424
2022-07-01,5.73
2022-07-05,5.523
2022-07-06,5.51
2022-07-07,6.297
2022-07-08,6.034
2022-07-11,6.426
2022-07-12,6.163
2022-07-13,6.689
2022-07-14,6.6
2022-07-15,7.016
2022-07-18,7.479
2022-07-19,7.264
2022-07-20,8.007
2022-07-21,7.932
2022-07-22,8.299
2022-07-25,8.727
2022-07-26,8.993
2022-07-27,8.687
2022-07-28,8.134
2022-07-29,8.229
2022-08-01,8.283
2022-08-02,7.706
2022-08-03,8.266
2022-08-04,8.122
2022-08-05,8.064
2022-08-08,7.589
2022-08-09,7.833
2022-08-10,8.202
2022-08-11,8.874
2022-08-12,8.768
2022-08-15,8.728
2022-08-16,9.329
2022-08-17,9.244
2022-08-18,9.188
2022-08-19,9.336
2022-08-22,9.68
2022-08-23,9.193
2022-08-24,9.33
2022-08-25,9.375
2022-08-26,9.296
2022-08-29,9.353
2022-08-30,9.042
2022-08-31,9.127
2022-09-01,9.262
2022-09-02,8.786
2022-09-06,8.145
2022-09-07,7.842
2022-09-08,7.915
2022-09-09,7.996
2022-09-12,8.249
2022-09-13,8.284
2022-09-14,9.114
2022-09-15,8.324
2022-09-16,7.764
2022-09-19,7.752
2022-09-20,7.717
2022-09-21,7.779
2022-09-22,7.089
2022-09-23,6.828
2022-09-26,6.903
2022-09-27,6.651
2022-09-28,6.868
2022-09-29,6.874
2022-09-30,6.766
2022-10-03,6.47
2022-10-04,6.837
2022-10-05,6.93
2022-10-06,6.972
2022-10-07,6.748
2022-10-10,6.435
2022-10-11,6.596
2022-10-12,6.435
2022-10-13,6.741
2022-10-14,6.453
2022-10-17,5.999
2022-10-18,5.745
2022-10-19,5.462
2022-10-20,5.358
2022-10-21,4.959
2022-10-24,5.199
2022-10-25,5.613
2022-10-26,5.606
2022-10-27,5.186
2022-10-28,5.684
2022-10-31,6.355
2022-11-01,5.714
2022-11-02,6.268
2022-11-03,5.975
2022-11-04,6.4
2022-11-07,6.944
2022-11-08,6.138
2022-11-09,5.865
2022-11-10,6.239
2022-11-11,5.879
2022-11-14,5.933
2022-11-15,6.034
2022-11-16,6.2
2022-11-17,6.369
2022-11-18,6.303
2022-11-21,6.776
2022-11-22,6.779
2022-11-23,7.308
2022-11-25,7.024
2022-11-28,6.712
2022-11-29,7.235
2022-11-30,6.93
2022-12-01,6.738
2022-12-02,6.281
2022-12-05,5.577
2022-12-06,5.469
2022-12-07,5.723
2022-12-08,5.962
2022-12-09,6.245
2022-12-12,6.587
2022-12-13,6.935
2022-12-14,6.43
2022-12-15,6.97
2022-12-16,6.6
2022-12-19,5.851
2022-12-20,5.326
2022-12-21,5.332
2022-12-22,4.999
2022-12-23,5.079
2022-12-27,5.282
2022-12-28,4.709
2022-12-29,4.559
2022-12-30,4.475
2023-01-03,3.988
2023-01-04,4.172
2023-01-05,3.72
2023-01-06,3.71
2023-01-09,3.91
2023-01-10,3.639
2023-01-11,3.671
2023-01-12,3.695
2023-01-13,3.419
2023-01-17,3.586
2023-01-18,3.311
2023-01-19,3.275
2023-01-20,3.174
2023-01-23,3.447
2023-01-24,3.258
2023-01-25,3.067
2023-01-26,2.944
2023-01-27,3.109
2023-01-30,2.677
2023-01-31,2.684
2023-02-01,2.468
2023-02-02,2.456
2023-02-03,2.41
2023-02-06,2.457
2023-02-07,2.584
2023-02-08,2.396
2023-02-09,2.43
2023-02-10,2.514
2023-02-13,2.405
2023-02-14,2.567
2023-02-15,2.471
2023-02-16,2.389
2023-02-17,2.275
2023-02-21,2.073
2023-02-22,2.174
2023-02-23,2.314
2023-02-24,2.451
2023-02-27,2.731
2023-02-28,2.747
2023-03-01,2.811
2023-03-02,2.765
2023-03-03,3.009
2023-03-06,2.572
2023-03-07,2.687
2023-03-08,2.551
2023-03-09,2.543
2023-03-10,2.43
2023-03-13,2.606
2023-03-14,2.573
2023-03-15,2.439
2023-03-16,2.514
2023-03-17,2.338
2023-03-20,2.223
2023-03-21,2.348
2023-03-22,2.171
2023-03-23,2.154
2023-03-24,2.216
2023-03-27,2.088
2023-03-28,2.03
2023-03-29,1.991
2023-03-30,2.104
2023-03-31,2.216
2023-04-03,2.097
2023-04-04,2.106
2023-04-05,2.155
2023-04-06,2.011
2023-04-10,2.172
2023-04-11,2.186
2023-04-12,2.093
2023-04-13,2.007
2023-04-14,2.114
2023-04-17,2.275
2023-04-18,2.366
2023-04-19,2.222
2023-04-20,2.249
2023-04-21,2.233
2023-04-24,2.273
2023-04-25,2.307
2023-04-26,2.117
2023-04-27,2.355
2023-04-28,2.41
2023-05-01,2.318
2023-05-02,2.214
2023-05-03,2.17
2023-05-04,2.101
2023-05-05,2.137
2023-05-08,2.238
2023-05-09,2.267
2023-05-10,2.191
2023-05-11,2.19
2023-05-12,2.266
2023-05-15,2.375
2023-05-16,2.376
2023-05-17,2.365
2023-05-18,2.592
2023-05-19,2.585
2023-05-22,2.4
2023-05-23,2.321
2023-05-24,2.398
2023-05-25,2.307
2023-05-26,2.181
2023-05-30,2.327
2023-05-31,2.266
2023-06-01,2.158
2023-06-02,2.172
2023-06-05,2.245
2023-06-06,2.262
2023-06-07,2.329
2023-06-08,2.352
2023-06-09,2.254
2023-06-12,2.266
2023-06-13,2.34
2023-06-14,2.342
2023-06-15,2.533
2023-06-16,2.632
2023-06-20,2.492
2023-06-21,2.597
2023-06-22,2.608
2023-06-23,2.729
2023-06-26,2.791
2023-06-27,2.763
2023-06-28,2.603
2023-06-29,2.701
2023-06-30,2.798
2023-07-03,2.709
2023-07-05,2.657
2023-07-06,2.609
2023-07-07,2.582
2023-07-10,2.669
2023-07-11,2.731
2023-07-12,2.632
2023-07-13,2.545
2023-07-14,2.539
2023-07-17,2.512
2023-07-18,2.629
2023-07-19,2.603
2023-07-20,2.757
2023-07-21,2.713
2023-07-24,2.685
2023-07-25,2.73
2023-07-26,2.665
2023-07-27,2.492
2023-07-28,2.638
2023-07-31,2.634
2023-08-01,2.56
2023-08-02,2.477
2023-08-03,2.565
2023-08-04,2.577
2023-08-07,2.725
2023-08-08,2.777
2023-08-09,2.959
2023-08-10,2.763
2023-08-11,2.77
2023-08-14,2.795
2023-08-15,2.659
2023-08-16,2.592
2023-08-17,2.621
2023-08-18,2.551
2023-08-21,2.632
2023-08-22,2.56
2023-08-23,2.497
2023-08-24,2.519
2023-08-25,2.54
2023-08-28,2.579
2023-08-29,2.556
2023-08-30,2.796
2023-08-31,2.768
2023-09-01,2.765
2023-09-05,2.582
2023-09-06,2.51
2023-09-07,2.579
2023-09-08,2.605
2023-09-11,2.608
2023-09-12,2.743
2023-09-13,2.68
2023-09-14,2.708
2023-09-15,2.644
2023-09-18,2.728
2023-09-19,2.848
2023-09-20,2.733
2023-09-21,2.61
2023-09-22,2.637
2023-09-25,2.639
2023-09-26,2.656
2023-09-27,2.764
2023-09-28,2.945
2023-09-29,2.929
2023-10-02,2.84
2023-10-03,2.949
2023-10-04,2.962
2023-10-05,3.166
2023-10-06,3.338
2023-10-09,3.376
2023-10-10,3.382
2023-10-11,3.377
2023-10-12,3.344
2023-10-13,3.236
2023-10-16,3.109
2023-10-17,3.079
2023-10-18,3.056
2023-10-19,2.957
2023-10-20,2.899
2023-10-23,2.926
2023-10-24,2.971
2023-10-25,3.01
2023-10-26,3.214
2023-10-27,3.164
2023-10-30,3.352
2023-10-31,3.575
2023-11-01,3.494
2023-11-02,3.472
2023-11-03,3.515
2023-11-06,3.264
2023-11-07,3.14
2023-11-08,3.106
2023-11-09,3.041
2023-11-10,3.033
2023-11-13,3.197
2023-11-14,3.106
2023-11-15,3.19
2023-11-16,3.062
2023-11-17,2.96
2023-11-20,2.882
2023-11-21,2.846
2023-11-22,2.897
2023-11-23,2.934
2023-11-24,2.855
2023-11-27,2.794
2023-11-28,2.706
2023-11-29,2.804
2023-11-30,2.802
2023-12-01,2.814
2023-12-04,2.694
2023-12-05,2.71
2023-12-06,2.569
2023-12-07,2.585
2023-12-08,2.581
2023-12-11,2.431
2023-12-12,2.311
2023-12-13,2.335
2023-12-14,2.392
2023-12-15,2.491
2023-12-18,2.503
2023-12-19,2.492
2023-12-20,2.447
2023-12-21,2.572
2023-12-22,2.61
2023-12-26,2.55
2023-12-27,2.619
2023-12-28,2.557
2023-12-29,2.514
2024-01-02,2.568
2024-01-03,2.668
2024-01-04,2.821
2024-01-05,2.893
2024-01-08,2.98
2024-01-09,3.19
2024-01-10,3.039
2024-01-11,3.097
2024-01-12,3.313
2024-01-16,2.9
2024-01-17,2.87
2024-01-18,2.697
2024-01-19,2.519
2024-01-22,2.419
2024-01-23,2.45
2024-01-24,2.641
2024-01-25,2.571
2024-01-26,2.712
2024-01-29,2.49
2024-01-30,2.077
2024-01-31,2.1
2024-02-01,2.05
2024-02-02,2.079
2024-02-05,2.082
2024-02-06,2.009
2024-02-07,1.967
2024-02-08,1.917
2024-02-09,1.847
2024-02-12,1.768
2024-02-13,1.689
2024-02-14,1.609
2024-02-15,1.581
2024-02-16,1.609
2024-02-20,1.576
2024-02-21,1.773
2024-02-22,1.732
2024-02-23,1.603
2024-02-26,1.659
2024-02-27,1.615
2024-02-28,1.885
2024-02-29,1.86
2024-03-01,1.835
2024-03-04,1.916
2024-03-05,1.957
2024-03-06,1.929
2024-03-07,1.818
2024-03-08,1.805
2024-03-11,1.759
2024-03-12,1.714
2024-03-13,1.658
2024-03-14,1.741
2024-03-15,1.655
2024-03-18,1.703
2024-03-19,1.744
2024-03-20,1.699
2024-03-21,1.683
2024-03-22,1.659
2024-03-25,1.615
2024-03-26,1.575
2024-03-27,1.718
2024-03-28,1.763
2024-04-01,1.837
2024-04-02,1.862
2024-04-03,1.841
2024-04-04,1.774
2024-04-05,1.785
2024-04-08,1.844
2024-04-09,1.872
2024-04-10,1.885
2024-04-11,1.764
2024-04-12,1.77
2024-04-15,1.691
2024-04-16,1.732
2024-04-17,1.712
2024-04-18,1.757
2024-04-19,1.752
2024-04-22,1.791
2024-04-23,1.812
2024-04-24,1.653
2024-04-25,1.638
2024-04-26,1.614
2024-04-29,2.03
2024-04-30,1.991
2024-05-01,1.932
2024-05-02,2.035
2024-05-03,2.142
2024-05-06,2.195
2024-05-07,2.207
2024-05-08,2.187
2024-05-09,2.301
2024-05-10,2.252
2024-05-13,2.381
2024-05-14,2.344
2024-05-15,2.416
2024-05-16,2.495
2024-05-17,2.626
2024-05-20,2.751
2024-05-21,2.671
2024-05-22,2.842
2024-05-23,2.657
2024-05-24,2.52
2024-05-28,2.59
2024-05-29,2.493
2024-05-30,2.572
2024-05-31,2.587
2024-06-03,2.756
2024-06-04,2.586
2024-06-05,2.757
2024-06-06,2.821
2024-06-07,2.918
2024-06-10,2.906
2024-06-11,3.129
2024-06-12,3.045
2024-06-13,2.959
2024-06-14,2.881
2024-06-17,2.788
2024-06-18,2.909
2024-06-20,2.741
2024-06-21,2.705
2024-06-24,2.811
2024-06-25,2.756
2024-06-26,2.628
2024-06-27,2.685
2024-06-28,2.601
2024-07-01,2.478
2024-07-02,2.435
2024-07-03,2.418
2024-07-05,2.319
2024-07-08,2.366
2024-07-09,2.344
2024-07-10,2.329
2024-07-11,2.268
2024-07-12,2.329
2024-07-15,2.158
2024-07-16,2.188
2024-07-17,2.035
2024-07-18,2.125
2024-07-19,2.128
2024-07-22,2.251
2024-07-23,2.187
2024-07-24,2.117
2024-07-25,2.041
2024-07-26,2.006
2024-07-29,1.907
2024-07-30,2.126
2024-07-31,2.036
2024-08-01,1.968
2024-08-02,1.967
2024-08-05,1.942
2024-08-06,2.01
2024-08-07,2.112
2024-08-08,2.127
2024-08-09,2.143
2024-08-12,2.189
2024-08-13,2.148
2024-08-14,2.219
2024-08-15,2.197
2024-08-16,2.123
2024-08-19,2.235
2024-08-20,2.198
2024-08-21,2.177
2024-08-22,2.053
2024-08-23,2.022
2024-08-26,1.956
2024-08-27,1.904
2024-08-28,1.93
2024-08-29,2.137
2024-08-30,2.127
2024-09-03,2.203
2024-09-04,2.145
2024-09-05,2.254
2024-09-06,2.275
2024-09-09,2.17
2024-09-10,2.232
2024-09-11,2.27
2024-09-12,2.357
2024-09-13,2.305
2024-09-16,2.373
2024-09-17,2.324
2024-09-18,2.284
2024-09-19,2.348
2024-09-20,2.434
2024-09-23,2.613
2024-09-24,2.551
2024-09-25,2.637
2024-09-26,2.585
2024-09-27,2.902
2024-09-30,2.923
2024-10-01,2.896
2024-10-02,2.886
2024-10-03,2.97
2024-10-04,2.854
2024-10-07,2.746
2024-10-08,2.733
2024-10-09,2.66
2024-10-10,2.675
2024-10-11,2.632
2024-10-14,2.494
2024-10-15,2.498
2024-10-16,2.367
2024-10-17,2.347
2024-10-18,2.258
2024-10-21,2.312
2024-10-22,2.311
2024-10-23,2.342
2024-10-24,2.522
2024-10-25,2.56
2024-10-28,2.309
2024-10-29,2.346
2024-10-30,2.845
2024-10-31,2.707
2024-11-01,2.663
2024-11-04,2.781
2024-11-05,2.67
2024-11-06,2.747
2024-11-07,2.693
2024-11-08,2.669
2024-11-11,2.92
2024-11-12,2.907
2024-11-13,2.983
2024-11-14,2.785
2024-11-15,2.823
2024-11-18,2.973
2024-11-19,2.998
2024-11-20,3.193
2024-11-21,3.339
2024-11-22,3.129
2024-11-25,3.369
2024-11-26,3.431
2024-11-27,3.204
2024-11-29,3.363
2024-12-02,3.213
2024-12-03,3.042
2024-12-04,3.043
2024-12-05,3.079
2024-12-06,3.076
2024-12-09,3.182
2024-12-10,3.163
2024-12-11,3.378
2024-12-12,3.455
2024-12-13,3.28
2024-12-16,3.214
2024-12-17,3.308
2024-12-18,3.374
2024-12-19,3.584
2024-12-20,3.748
2024-12-23,3.656
2024-12-24,3.946
2024-12-26,3.715
2024-12-27,3.514
2024-12-30,3.936
2024-12-31,3.633
2025-01-02,3.66
2025-01-03,3.354
2025-01-06,3.672
2025-01-07,3.449
2025-01-08,3.651
2025-01-09,3.701
2025-01-10,3.989
2025-01-13,3.934
2025-01-14,3.968
2025-01-15,4.083
2025-01-16,4.258
2025-01-17,3.948
2025-01-21,3.756
2025-01-22,3.96
2025-01-23,3.945
2025-01-24,4.027
2025-01-27,3.697
2025-01-28,3.471
2025-01-29,3.535
2025-01-30,3.047
2025-01-31,3.044
2025-02-03,3.352
2025-02-04,3.253
2025-02-05,3.36
2025-02-06,3.408
2025-02-07,3.309
2025-02-10,3.444
2025-02-11,3.519
2025-02-12,3.565
2025-02-13,3.628
2025-02-14,3.725
2025-02-18,4.007
2025-02-19,4.28
2025-02-20,4.152
2025-02-21,4.234
2025-02-24,3.994
2025-02-25,4.174
2025-02-26,3.906
2025-02-27,3.934
2025-02-28,3.834
2025-03-03,4.122
2025-03-04,4.35
2025-03-05,4.45
2025-03-06,4.302
2025-03-07,4.399
2025-03-10,4.491
2025-03-11,4.453
2025-03-12,4.084
2025-03-13,4.111
2025-03-14,4.104
2025-03-17,4.018
2025-03-18,4.052
2025-03-19,4.247
2025-03-20,3.975
2025-03-21,3.98
2025-03-24,3.914
2025-03-25,3.84
2025-03-26,3.861
2025-03-27,3.95
2025-03-28,4.065
2025-03-31,4.119
2025-04-01,3.951
2025-04-02,4.055
2025-04-03,4.138
2025-04-04,3.837
2025-04-07,3.655
2025-04-08,3.465
2025-04-09,3.816
2025-04-10,3.557
2025-04-11,3.527
2025-04-14,3.325
2025-04-15,3.329
2025-04-16,3.247
2025-04-17,3.245
2025-04-21,3.016
2025-04-22,3.007
2025-04-23,3.022
2025-04-24,2.93
2025-04-25,2.937
2025-04-28,3.17
2025-04-29,3.386
2025-04-30,3.326
2025-05-01,3.479
2025-05-02,3.63
2025-05-05,3.55
2025-05-06,3.463
2025-05-07,3.621
2025-05-08,3.592
2025-05-09,3.795
2025-05-12,3.646
2025-05-13,3.647
2025-05-14,3.492
2025-05-15,3.362
2025-05-16,3.334
2025-05-19,3.113
2025-05-20,3.427
2025-05-21,3.368
2025-05-22,3.253
2025-05-23,3.334
2025-05-27,3.398
2025-05-28,3.204
2025-05-29,3.522
2025-05-30,3.447
2025-06-02,3.694
2025-06-03,3.722
2025-06-04,3.716
2025-06-05,3.677
2025-06-06,3.784
2025-06-09,3.635
2025-06-10,3.533
2025-06-11,3.507
2025-06-12,3.492
2025-06-13,3.581
2025-06-16,3.748
2025-06-17,3.851
2025-06-18,3.989
2025-06-20,3.847
2025-06-23,3.698
2025-06-24,3.537
2025-06-25,3.406
2025-06-26,3.261
2025-06-27,3.739
2025-06-30,3.456
2025-07-01,3.415
2025-07-02,3.488
2025-07-03,3.409
2025-07-04,3.387
2025-07-07,3.412
2025-07-08,3.34
2025-07-09,3.214
2025-07-10,3.337
2025-07-11,3.314
2025-07-14,3.466
2025-07-15,3.523
2025-07-16,3.551
2025-07-17,3.542
2025-07-18,3.565
2025-07-21,3.325
2025-07-22,3.252
2025-07-23,3.077
2025-07-24,3.094
2025-07-25,3.11
2025-07-28,2.988
2025-07-29,3.081
2025-07-30,3.045
2025-07-31,3.106
2025-08-01,3.083
2025-08-04,2.932
2025-08-05,3.01
2025-08-06,3.077
2025-08-07,3.067
2025-08-08,2.99
2025-08-11,2.954
2025-08-12,2.808
2025-08-13,2.828
2025-08-14,2.841
2025-08-15,2.916
2025-08-18,2.89
2025-08-19,2.766
2025-08-20,2.752
2025-08-21,2.826
2025-08-22,2.698
2025-08-25,2.696
2025-08-26,2.717
2025-08-27,2.867
2025-08-28,2.944
2025-08-29,2.997
2025-09-02,3.009
2025-09-03,3.064
2025-09-04,3.074
2025-09-05,3.048
2025-09-08,3.09
2025-09-09,3.117
2025-09-10,3.029
2025-09-11,2.934
2025-09-12,2.941
2025-09-15,3.043
2025-09-16,3.103
2025-09-17,3.1
2025-09-18,2.939
2025-09-19,2.888
2025-09-22,2.806
2025-09-23,2.853
2025-09-24,2.858
2025-09-25,2.904
2025-09-26,2.835
2025-09-29,3.267
2025-09-30,3.303
2025-10-01,3.476
2025-10-02,3.442
2025-10-03,3.324
2025-10-06,3.357
2025-10-07,3.498
2025-10-08,3.333
2025-10-09,3.269
2025-10-10,3.106
2025-10-13,3.118
2025-10-14,3.028
2025-10-15,3.016
2025-10-16,2.938
2025-10-17,3.008
2025-10-20,3.397
2025-10-21,3.474
2025-10-22,3.45
2025-10-23,3.344
2025-10-24,3.304
2025-10-27,3.442
2025-10-28,3.345
2025-10-29,3.376
2025-10-30,3.956
2025-10-31,4.124
2025-11-03,4.266
2025-11-04,4.343
2025-11-05,4.232
2025-11-06,4.357
2025-11-07,4.315
2025-11-10,4.338
2025-11-11,4.565
2025-11-12,4.533
2025-11-13,4.646
2025-11-14,4.566
2025-11-17,4.361
2025-11-18,4.371
2025-11-19,4.55
2025-11-20,4.474
2025-11-21,4.58
2025-11-24,4.549
2025-11-25,4.424
2025-11-26,4.558
2025-11-28,4.85
2025-12-01,4.921
2025-12-02,4.84
2025-12-03,4.995
2025-12-04,5.063
2025-12-05,5.289
2025-12-08,4.912
2025-12-09,4.574
2025-12-10,4.595
2025-12-11,4.231
2025-12-12,4.113
2025-12-15,4.012
2025-12-16,3.886
2025-12-17,4.024
2025-12-18,3.908
2025-12-19,3.984
2025-12-22,3.965
2025-12-23,4.408
2025-12-24,4.242
2025-12-26,4.366
2025-12-29,4.687
2025-12-30,3.972
2025-12-31,3.686
2026-01-02,3.618
2026-01-05,3.523
2026-01-06,3.35
2026-01-07,3.525
2026-01-08,3.407
2026-01-09,3.169
2026-01-12,3.409
2026-01-13,3.419
2026-01-14,3.12
2026-01-15,3.128
2026-01-16,3.103
2026-01-20,3.907
2026-01-21,4.875
2026-01-22,5.045
2026-01-23,5.275
2026-01-26,6.8
2026-01-27,6.954
2026-01-28,7.46
2026-01-29,3.918
2026-01-30,4.354
2026-02-02,3.237
2026-02-03,3.311
2026-02-04,3.465
2026-02-05,3.509
2026-02-06,3.422
2026-02-09,3.138
2026-02-10,3.115
2026-02-11,3.159
2026-02-12,3.217
2026-02-13,3.243
2026-02-17,3.031
2026-02-18,3.011
2026-02-19,2.996
2026-02-20,3.047
2026-02-23,2.985
2026-02-24,2.915
2026-02-25,2.969
2026-02-26,2.827
2026-02-27,2.859
2026-03-02,2.96
2026-03-03,3.054
2026-03-04,2.917
2026-03-05,3.003
2026-03-06,3.186
2026-03-09,3.12
2026-03-10,3.02
2026-03-11,3.209
2026-03-12,3.233
2026-03-13,3.131
2026-03-16,3.023
2026-03-17,3.033
2026-03-18,3.065
2026-03-19,3.166
2026-03-20,3.095
2026-03-23,2.891
2026-03-24,2.943
2026-03-25,2.952
2026-03-26,2.999
2026-03-27,3.095
2026-03-30,2.887
2026-03-31,2.884
2026-04-01,2.819
2026-04-02,2.8
2026-04-06,2.811
2026-04-07,2.87
2026-04-08,2.724
2026-04-09,2.67
2026-04-10,2.648
2026-04-13,2.627
2026-04-14,2.599
2026-04-15,2.61
2026-04-16,2.647
2026-04-17,2.674
2026-04-20,2.689
2026-04-21,2.697
2026-04-22,2.722
2026-04-23,2.614
2026-04-24,2.523
2026-04-27,2.55
2026-04-28,2.559
2026-04-29,2.647
2026-04-30,2.767
2026-05-01,2.78
2026-05-04,2.867
2026-05-05,2.788
2026-05-06,2.73
2026-05-07,2.769
2026-05-08,2.757
2026-05-11,2.91
2026-05-12,2.843
2026-05-13,2.864
2026-05-14,2.894
2026-05-15,2.96
2026-05-18,3.024
2026-05-19,3.114
2026-05-20,3.004
2026-05-21,3.018
2026-05-22,2.907
2026-05-26,2.894
2026-05-27,3.04
2026-05-28,3.285
2026-05-29,3.29
2026-06-01,3.179
2026-06-02,3.167
2026-06-03,3.214
2026-06-04,3.336
2026-06-05,3.229
2026-06-08,3.147
2026-06-09,3.14
2026-06-10,3.185
2026-06-11,3.087
2026-06-12,3.12
2026-06-15,3.147
2026-06-16,3.239
2026-06-17,3.145
2026-06-18,3.233
2026-06-22,3.253
2026-06-23,3.147
2026-06-24,3.221
2026-06-25,3.343
2026-06-26,3.231
2026-06-29,3.181
2026-06-30,3.275
2026-07-01,3.22
2026-07-02,3.196
2026-07-06,3.245
2026-07-07,3.265
2026-07-08,3.212
2026-07-09,3.211
2026-07-10,2.981
2026-07-13,2.894
2026-07-14,2.904
2026-07-15,2.924
2026-07-16,2.858
2026-07-17,2.911
2026-07-19,2.88
2026-07-20,2.843
2026-07-21,2.884
2026-07-22,2.872
2026-07-24,2.888
2026-07-26,2.846
2026-07-27,2.773
2026-07-28,2.74
2026-07-29,2.725
2026-07-30,2.747
2026-07-31,2.747
2026-08-02,2.752
2026-08-03,2.768
2026-08-04,2.686
2026-08-05,2.67
2026-08-06,2.665
