Date,Value
1993-01-29,43.9375
1993-02-01,44.25
1993-02-02,44.3438
1993-02-03,44.8125
1993-02-04,45
1993-02-05,44.9688
1993-02-08,44.9688
1993-02-09,44.6563
1993-02-10,44.7188
1993-02-11,44.9375
1993-02-12,44.5938
1993-02-16,43.4688
1993-02-17,43.4375
1993-02-18,43.4063
1993-02-19,43.5625
1993-02-22,43.7188
1993-02-23,43.6875
1993-02-24,44.25
1993-02-25,44.3438
1993-02-26,44.4063
1993-03-01,44.2813
1993-03-02,44.9375
1993-03-03,45.125
1993-03-04,44.875
1993-03-05,44.75
1993-03-08,45.75
1993-03-09,45.5938
1993-03-10,45.6875
1993-03-11,45.5625
1993-03-12,45.0938
1993-03-15,45.3125
1993-03-16,45.3125
1993-03-17,45.0313
1993-03-18,45.3125
1993-03-19,45.0313
1993-03-22,44.7813
1993-03-23,44.875
1993-03-24,44.875
1993-03-25,45.1563
1993-03-26,44.9063
1993-03-29,45.0938
1993-03-30,45.2188
1993-03-31,45.1875
1993-04-01,45.0313
1993-04-02,44.0938
1993-04-05,44.3125
1993-04-06,44.1875
1993-04-07,44.3438
1993-04-08,44.2813
1993-04-12,44.9063
1993-04-13,45
1993-04-14,44.9375
1993-04-15,44.9375
1993-04-16,44.9375
1993-04-19,44.75
1993-04-20,44.5313
1993-04-21,44.5
1993-04-22,43.9375
1993-04-23,43.75
1993-04-26,43.4063
1993-04-27,43.875
1993-04-28,43.7813
1993-04-29,43.9688
1993-04-30,44.0313
1993-05-03,44.3125
1993-05-04,44.4688
1993-05-05,44.5938
1993-05-06,44.4375
1993-05-07,44.3438
1993-05-10,44.4375
1993-05-11,44.625
1993-05-12,44.5625
1993-05-13,44.0313
1993-05-14,44
1993-05-17,44.1563
1993-05-18,44.125
1993-05-19,45.0313
1993-05-20,45.1563
1993-05-21,44.75
1993-05-24,44.9375
1993-05-25,45.0313
1993-05-26,45.5938
1993-05-27,45.4375
1993-05-28,45.2188
1993-06-01,45.6563
1993-06-02,45.5938
1993-06-03,45.4375
1993-06-04,45.2813
1993-06-07,45.125
1993-06-08,44.7188
1993-06-09,44.875
1993-06-10,44.9063
1993-06-11,45.0938
1993-06-14,45.0313
1993-06-15,44.9375
1993-06-16,45.0313
1993-06-17,45.1875
1993-06-18,44.5
1993-06-21,44.5938
1993-06-22,44.625
1993-06-23,44.2188
1993-06-24,44.8125
1993-06-25,44.7813
1993-06-28,45.2813
1993-06-29,45.0625
1993-06-30,45.0625
1993-07-01,44.9375
1993-07-02,44.6875
1993-07-06,44.2188
1993-07-07,44.3438
1993-07-08,44.8438
1993-07-09,44.9688
1993-07-12,44.9375
1993-07-13,44.9063
1993-07-14,45.0625
1993-07-15,44.875
1993-07-16,44.75
1993-07-19,44.7188
1993-07-20,44.8438
1993-07-21,44.8125
1993-07-22,44.5
1993-07-23,44.7188
1993-07-26,44.9688
1993-07-27,44.9375
1993-07-28,44.8438
1993-07-29,45.0938
1993-07-30,44.8438
1993-08-02,44.9688
1993-08-03,45
1993-08-04,45
1993-08-05,44.9063
1993-08-06,44.9688
1993-08-09,45.2188
1993-08-10,45.1875
1993-08-11,45.1875
1993-08-12,45.0625
1993-08-13,45.125
1993-08-16,45.375
1993-08-17,45.5313
1993-08-18,45.7813
1993-08-19,45.7813
1993-08-20,45.8125
1993-08-23,45.7188
1993-08-24,46.2188
1993-08-25,46.25
1993-08-26,46.2813
1993-08-27,46.25
1993-08-30,46.4375
1993-08-31,46.5625
1993-09-01,46.5
1993-09-02,46.3438
1993-09-03,46.375
1993-09-07,46.0625
1993-09-08,45.9063
1993-09-09,46
1993-09-10,46.4063
1993-09-13,46.4375
1993-09-14,46.25
1993-09-15,46.375
1993-09-16,46.1875
1993-09-17,45.8125
1993-09-20,45.4375
1993-09-21,45.2813
1993-09-22,45.6563
1993-09-23,45.9063
1993-09-24,45.7813
1993-09-27,46.2813
1993-09-28,46.1875
1993-09-29,46.0313
1993-09-30,45.9375
1993-10-01,46.1563
1993-10-04,46.2188
1993-10-05,46.1563
1993-10-06,46.125
1993-10-07,46
1993-10-08,46.0625
1993-10-11,46.1563
1993-10-12,46.2188
1993-10-13,46.2188
1993-10-14,46.8125
1993-10-15,47.0625
1993-10-18,46.9375
1993-10-19,46.5938
1993-10-20,46.6563
1993-10-21,46.5938
1993-10-22,46.375
1993-10-25,46.5
1993-10-26,46.4688
1993-10-27,46.5
1993-10-28,46.8438
1993-10-29,46.8438
1993-11-01,46.9688
1993-11-02,46.9375
1993-11-03,46.3438
1993-11-04,45.8438
1993-11-05,46.0625
1993-11-08,46.125
1993-11-09,46.1563
1993-11-10,46.5
1993-11-11,46.375
1993-11-12,46.5938
1993-11-15,46.5625
1993-11-16,46.7813
1993-11-17,46.5313
1993-11-18,46.4063
1993-11-19,46.3125
1993-11-22,46.0313
1993-11-23,46.2813
1993-11-24,46.4688
1993-11-26,46.5
1993-11-29,46.3125
1993-11-30,46.3438
1993-12-01,46.4063
1993-12-02,46.5313
1993-12-03,46.7188
1993-12-06,46.875
1993-12-07,46.8438
1993-12-08,46.8438
1993-12-09,46.6875
1993-12-10,46.5938
1993-12-13,46.875
1993-12-14,46.5313
1993-12-15,46.4688
1993-12-16,46.625
1993-12-17,46.5625
1993-12-20,46.625
1993-12-21,46.4688
1993-12-22,46.7813
1993-12-23,46.75
1993-12-27,47
1993-12-28,47.0938
1993-12-29,47.0313
1993-12-30,46.8438
1993-12-31,46.5938
1994-01-03,46.4688
1994-01-04,46.6563
1994-01-05,46.75
1994-01-06,46.75
1994-01-07,47.0313
1994-01-10,47.5938
1994-01-11,47.5
1994-01-12,47.3438
1994-01-13,47.2188
1994-01-14,47.4063
1994-01-17,47.4063
1994-01-18,47.4688
1994-01-19,47.3438
1994-01-20,47.4688
1994-01-21,47.375
1994-01-24,47.1875
1994-01-25,47.1875
1994-01-26,47.3125
1994-01-27,47.75
1994-01-28,47.875
1994-01-31,48.2188
1994-02-01,47.9688
1994-02-02,48.2813
1994-02-03,48.0625
1994-02-04,46.9688
1994-02-07,47.1875
1994-02-08,47.2188
1994-02-09,47.4063
1994-02-10,47
1994-02-11,47.1563
1994-02-14,47.2188
1994-02-15,47.4688
1994-02-16,47.4375
1994-02-17,47.1563
1994-02-18,46.875
1994-02-22,47.3438
1994-02-23,47.2188
1994-02-24,46.5938
1994-02-25,46.8125
1994-02-28,46.8125
1994-03-01,46.625
1994-03-02,46.6875
1994-03-03,46.5625
1994-03-04,46.6875
1994-03-07,46.9375
1994-03-08,46.75
1994-03-09,46.9688
1994-03-10,46.5938
1994-03-11,46.8438
1994-03-14,46.9063
1994-03-15,46.875
1994-03-16,47.25
1994-03-17,47.25
1994-03-18,46.9688
1994-03-21,46.8438
1994-03-22,46.9688
1994-03-23,46.9375
1994-03-24,46.375
1994-03-25,45.9375
1994-03-28,46
1994-03-29,45.0938
1994-03-30,44.4688
1994-03-31,44.5938
1994-04-04,43.9063
1994-04-05,44.8125
1994-04-06,44.8125
1994-04-07,45.0313
1994-04-08,44.6875
1994-04-11,44.875
1994-04-12,44.8125
1994-04-13,44.5781
1994-04-14,44.5938
1994-04-15,44.5938
1994-04-18,44.2969
1994-04-19,44.3594
1994-04-20,44.3125
1994-04-21,44.9063
1994-04-22,44.8594
1994-04-25,45.3281
1994-04-26,45.2813
1994-04-28,44.9531
1994-04-29,45.0938
1994-05-02,45.375
1994-05-03,45.3281
1994-05-04,45.25
1994-05-05,45.1875
1994-05-06,44.75
1994-05-09,44.3594
1994-05-10,44.7031
1994-05-11,44.2969
1994-05-12,44.5156
1994-05-13,44.5156
1994-05-16,44.5313
1994-05-17,45.1875
1994-05-18,45.5156
1994-05-19,45.7344
1994-05-20,45.5625
1994-05-23,45.4844
1994-05-24,45.6719
1994-05-25,45.7969
1994-05-26,45.8281
1994-05-27,45.875
1994-05-31,45.8125
1994-06-01,46.0156
1994-06-02,45.9688
1994-06-03,46.2344
1994-06-06,46.2188
1994-06-07,46.1563
1994-06-08,45.7813
1994-06-09,46.0313
1994-06-10,46.1094
1994-06-13,46.1719
1994-06-14,46.5313
1994-06-15,46.3438
1994-06-16,46.4375
1994-06-17,45.875
1994-06-20,45.4844
1994-06-21,45.0938
1994-06-22,45.2656
1994-06-23,45
1994-06-24,44.0625
1994-06-27,44.8281
1994-06-28,44.6094
1994-06-29,44.75
1994-06-30,44.4688
1994-07-01,44.5625
1994-07-05,44.7969
1994-07-06,44.7344
1994-07-07,44.9219
1994-07-08,44.9063
1994-07-11,44.75
1994-07-12,44.8125
1994-07-13,44.8906
1994-07-14,45.375
1994-07-15,45.3906
1994-07-18,45.4688
1994-07-19,45.375
1994-07-20,45.1719
1994-07-21,45.2656
1994-07-22,45.3438
1994-07-25,45.4063
1994-07-26,45.3594
1994-07-27,45.3594
1994-07-28,45.4531
1994-07-29,45.9063
1994-08-01,46.125
1994-08-02,46.1875
1994-08-03,46.2031
1994-08-04,45.9375
1994-08-05,45.7813
1994-08-08,45.8906
1994-08-09,45.9688
1994-08-10,46.1406
1994-08-11,45.9688
1994-08-12,46.3281
1994-08-15,46.3125
1994-08-16,46.6406
1994-08-17,46.6094
1994-08-18,46.4531
1994-08-19,46.4219
1994-08-22,46.375
1994-08-23,46.6406
1994-08-24,47.1406
1994-08-25,47.0156
1994-08-26,47.6875
1994-08-29,47.6563
1994-08-30,47.7813
1994-08-31,47.6563
1994-09-01,47.5
1994-09-02,47.2969
1994-09-06,47.3125
1994-09-07,47.2656
1994-09-08,47.5
1994-09-09,47
1994-09-12,46.8594
1994-09-13,47
1994-09-14,47.0469
1994-09-15,47.6406
1994-09-16,47.0156
1994-09-19,47.0625
1994-09-20,46.1719
1994-09-21,46.1719
1994-09-22,46.0625
1994-09-23,45.9063
1994-09-26,46.1406
1994-09-27,46.1094
1994-09-28,46.4688
1994-09-29,46.2344
1994-09-30,46.1719
1994-10-03,46.0625
1994-10-04,45.375
1994-10-05,45.3906
1994-10-06,45.25
1994-10-07,45.4531
1994-10-10,45.9375
1994-10-11,46.625
1994-10-12,46.6875
1994-10-13,46.8438
1994-10-14,47.0469
1994-10-17,46.9531
1994-10-18,46.8438
1994-10-19,47.0625
1994-10-20,46.75
1994-10-21,46.5625
1994-10-24,46.1719
1994-10-25,46.2188
1994-10-26,46.3906
1994-10-27,46.6719
1994-10-28,47.6563
1994-10-31,47.4844
1994-11-01,46.9531
1994-11-02,46.6875
1994-11-03,46.9375
1994-11-04,46.3281
1994-11-07,46.4688
1994-11-08,46.8281
1994-11-09,46.9063
1994-11-10,46.5781
1994-11-11,46.4063
1994-11-14,46.8438
1994-11-15,46.6875
1994-11-16,46.8438
1994-11-17,46.5313
1994-11-18,46.4688
1994-11-21,46
1994-11-22,45
1994-11-23,45.25
1994-11-25,45.4688
1994-11-28,45.6719
1994-11-29,45.6563
1994-11-30,45.5938
1994-12-01,45.1406
1994-12-02,45.5625
1994-12-05,45.6094
1994-12-06,45.6406
1994-12-07,45.3125
1994-12-08,44.875
1994-12-09,45.0469
1994-12-12,45.3438
1994-12-13,45.5156
1994-12-14,45.75
1994-12-15,45.8906
1994-12-16,45.75
1994-12-19,45.8125
1994-12-20,45.6719
1994-12-21,46.1563
1994-12-22,46.0156
1994-12-23,46.0625
1994-12-27,46.3125
1994-12-28,46.0781
1994-12-29,46.1094
1994-12-30,45.5625
1995-01-03,45.7813
1995-01-04,46
1995-01-05,46
1995-01-06,46.0469
1995-01-09,46.0938
1995-01-10,46.1406
1995-01-11,46.1719
1995-01-12,46.1875
1995-01-13,46.7344
1995-01-16,47.0156
1995-01-17,47.0313
1995-01-18,46.9844
1995-01-19,46.7188
1995-01-20,46.5469
1995-01-23,46.6875
1995-01-24,46.75
1995-01-25,46.875
1995-01-26,46.9219
1995-01-27,47.1094
1995-01-30,46.9063
1995-01-31,47.0938
1995-02-01,47.0781
1995-02-02,47.3594
1995-02-03,48.0313
1995-02-06,48.2344
1995-02-07,48.2969
1995-02-08,48.2969
1995-02-09,48.2969
1995-02-10,48.3594
1995-02-13,48.375
1995-02-14,48.4375
1995-02-15,48.7031
1995-02-16,48.6406
1995-02-17,48.4531
1995-02-21,48.4375
1995-02-22,48.7969
1995-02-23,48.875
1995-02-24,49
1995-02-27,48.6094
1995-02-28,49.0156
1995-03-01,48.7031
1995-03-02,48.7656
1995-03-03,48.7813
1995-03-06,48.8125
1995-03-07,48.4375
1995-03-08,48.5625
1995-03-09,48.5469
1995-03-10,49.2656
1995-03-13,49.2188
1995-03-14,49.5781
1995-03-15,49.4844
1995-03-16,49.7813
1995-03-17,49.5625
1995-03-20,49.5625
1995-03-21,49.4375
1995-03-22,49.4844
1995-03-23,49.5156
1995-03-24,50.2188
1995-03-27,50.4219
1995-03-28,50.4219
1995-03-29,50.4063
1995-03-30,50.3125
1995-03-31,50.1094
1995-04-03,50.2344
1995-04-04,50.5625
1995-04-05,50.5625
1995-04-06,50.75
1995-04-07,50.7031
1995-04-10,50.7969
1995-04-11,50.625
1995-04-12,50.7969
1995-04-13,51.0781
1995-04-17,50.7813
1995-04-18,50.6094
1995-04-19,50.5625
1995-04-20,50.6406
1995-04-21,50.8906
1995-04-24,51.4844
1995-04-25,51.3438
1995-04-26,51.3906
1995-04-27,51.5156
1995-04-28,51.5938
1995-05-01,51.4531
1995-05-02,51.5625
1995-05-03,52.2813
1995-05-04,52.25
1995-05-05,52.1875
1995-05-08,52.5625
1995-05-09,52.5156
1995-05-10,52.5781
1995-05-11,52.7188
1995-05-12,52.75
1995-05-15,53
1995-05-16,53.0313
1995-05-17,52.8281
1995-05-18,52.0625
1995-05-19,52.0938
1995-05-22,52.6719
1995-05-23,53.1563
1995-05-24,53.125
1995-05-25,53.1719
1995-05-26,52.5625
1995-05-30,52.5469
1995-05-31,53.6406
1995-06-01,53.5
1995-06-02,53.5469
1995-06-05,53.875
1995-06-06,53.7813
1995-06-07,53.5
1995-06-08,53.375
1995-06-09,53.0625
1995-06-12,53.3594
1995-06-13,53.9375
1995-06-14,53.8906
1995-06-15,54.125
1995-06-16,53.9688
1995-06-19,54.5781
1995-06-20,54.4375
1995-06-21,54.4063
1995-06-22,55.125
1995-06-23,55.0156
1995-06-26,54.3594
1995-06-27,54.25
1995-06-28,54.5313
1995-06-29,54.4375
1995-06-30,54.4063
1995-07-03,54.6094
1995-07-05,54.8125
1995-07-06,55.5156
1995-07-07,55.7656
1995-07-10,55.7969
1995-07-11,55.5313
1995-07-12,56.2188
1995-07-13,56.0938
1995-07-14,56.0469
1995-07-17,56.3594
1995-07-18,55.875
1995-07-19,55.2656
1995-07-20,55.4688
1995-07-21,55.4063
1995-07-24,55.8125
1995-07-25,56.2344
1995-07-26,56.1875
1995-07-27,56.6563
1995-07-28,56.2969
1995-07-31,56.1563
1995-08-01,56.0625
1995-08-02,55.9375
1995-08-03,55.9219
1995-08-04,55.9844
1995-08-07,56.1094
1995-08-08,56.1094
1995-08-09,56.0938
1995-08-10,55.9688
1995-08-11,55.6563
1995-08-14,56.1563
1995-08-15,56.0469
1995-08-16,56.2031
1995-08-17,56.1094
1995-08-18,56.1719
1995-08-21,56.0156
1995-08-22,56.125
1995-08-23,55.9219
1995-08-24,55.9844
1995-08-25,56.2969
1995-08-28,56.0938
1995-08-29,56.2344
1995-08-30,56.3594
1995-08-31,56.4063
1995-09-01,56.6563
1995-09-05,57.1875
1995-09-06,57.2969
1995-09-07,57.3281
1995-09-08,57.5469
1995-09-11,57.7031
1995-09-12,57.9688
1995-09-13,58.2344
1995-09-14,58.7656
1995-09-15,58.4375
1995-09-18,58.2188
1995-09-19,58.5
1995-09-20,58.7813
1995-09-21,58.2969
1995-09-22,58.3125
1995-09-25,58.2188
1995-09-26,58.2031
1995-09-27,58.1563
1995-09-28,58.5938
1995-09-29,58.4844
1995-10-02,58.1875
1995-10-03,58.25
1995-10-04,58.1875
1995-10-05,58.3594
1995-10-06,58.4063
1995-10-09,57.9219
1995-10-10,57.8906
1995-10-11,58.0781
1995-10-12,58.4375
1995-10-13,58.625
1995-10-16,58.3438
1995-10-17,58.7344
1995-10-18,58.9063
1995-10-19,59.1875
1995-10-20,58.8281
1995-10-23,58.7031
1995-10-24,58.7656
1995-10-25,58.2813
1995-10-26,57.75
1995-10-27,58.1875
1995-10-30,58.5625
1995-10-31,58.3125
1995-11-01,58.7813
1995-11-02,59.1563
1995-11-03,59.2344
1995-11-06,59.0313
1995-11-07,58.8125
1995-11-08,59.3438
1995-11-09,59.5625
1995-11-10,59.5313
1995-11-13,59.4688
1995-11-14,59.0781
1995-11-15,59.6719
1995-11-16,60
1995-11-17,60.1875
1995-11-20,59.875
1995-11-21,60.3594
1995-11-22,60.1719
1995-11-24,60.3281
1995-11-27,60.3438
1995-11-28,60.9844
1995-11-29,61.0469
1995-11-30,60.9063
1995-12-01,60.9844
1995-12-04,61.7344
1995-12-05,62.1406
1995-12-06,62.2813
1995-12-07,61.9531
1995-12-08,62.1563
1995-12-11,62.4219
1995-12-12,62.2344
1995-12-13,62.625
1995-12-14,62.1719
1995-12-15,61.8125
1995-12-18,60.625
1995-12-19,61.2656
1995-12-20,60.6719
1995-12-21,60.9844
1995-12-22,61.2031
1995-12-26,61.5
1995-12-27,61.4688
1995-12-28,61.4063
1995-12-29,61.4844
1996-01-02,62.1406
1996-01-03,62.3125
1996-01-04,61.7188
1996-01-05,61.5938
1996-01-08,61.8281
1996-01-09,60.7656
1996-01-10,59.9688
1996-01-11,60.3281
1996-01-12,60.2344
1996-01-15,60.1094
1996-01-16,60.8438
1996-01-17,60.6563
1996-01-18,60.8594
1996-01-19,61.2656
1996-01-22,61.2813
1996-01-23,61.4219
1996-01-24,61.9219
1996-01-25,61.7031
1996-01-26,62.2344
1996-01-29,62.4844
1996-01-30,63.0156
1996-01-31,63.6719
1996-02-01,63.9063
1996-02-02,63.6406
1996-02-05,64.1563
1996-02-06,64.7656
1996-02-07,65.1406
1996-02-08,65.8438
1996-02-09,65.8281
1996-02-12,66.3281
1996-02-13,66.1875
1996-02-14,65.6094
1996-02-15,65.2031
1996-02-16,64.9375
1996-02-20,64.2969
1996-02-21,65.0938
1996-02-22,66.125
1996-02-23,65.9375
1996-02-26,65
1996-02-27,64.7969
1996-02-28,64.5
1996-02-29,63.875
1996-03-01,64.8906
1996-03-04,65.2656
1996-03-05,65.875
1996-03-06,65.2969
1996-03-07,65.625
1996-03-08,63.5
1996-03-11,64.2344
1996-03-12,63.7344
1996-03-13,64.1719
1996-03-14,64.4531
1996-03-15,64.125
1996-03-18,65.3594
1996-03-19,65.2188
1996-03-20,65.1406
1996-03-21,64.9844
1996-03-22,65.1563
1996-03-25,65.0313
1996-03-26,65.3438
1996-03-27,64.75
1996-03-28,65
1996-03-29,64.6875
1996-04-01,65.4375
1996-04-02,65.5625
1996-04-03,65.5625
1996-04-04,65.5156
1996-04-08,64.3906
1996-04-09,64.1406
1996-04-10,63
1996-04-11,62.9219
1996-04-12,63.7188
1996-04-15,64.25
1996-04-16,64.4375
1996-04-17,64.2813
1996-04-18,64.375
1996-04-19,64.5313
1996-04-22,65.0313
1996-04-23,65.2344
1996-04-24,65
1996-04-25,65.2969
1996-04-26,65.4375
1996-04-29,65.4375
1996-04-30,65.3906
1996-05-01,65.5313
1996-05-02,64.4063
1996-05-03,64.3125
1996-05-06,64.25
1996-05-07,63.9844
1996-05-08,64.7813
1996-05-09,64.7344
1996-05-10,65.375
1996-05-13,66.3594
1996-05-14,66.7656
1996-05-15,66.6875
1996-05-16,66.8281
1996-05-17,67.1875
1996-05-20,67.6406
1996-05-21,67.5469
1996-05-22,68.1875
1996-05-23,67.9063
1996-05-24,68.1719
1996-05-28,67.4844
1996-05-29,67.0313
1996-05-30,67.375
1996-05-31,66.875
1996-06-03,67.0625
1996-06-04,67.5313
1996-06-05,68.125
1996-06-06,67.625
1996-06-07,67.625
1996-06-10,67.4063
1996-06-11,67.3438
1996-06-12,67.2188
1996-06-13,67.2188
1996-06-14,66.9375
1996-06-17,66.8906
1996-06-18,66.3438
1996-06-19,66.6406
1996-06-20,66.5938
1996-06-21,66.8125
1996-06-24,66.9375
1996-06-25,66.8594
1996-06-26,66.4063
1996-06-27,66.875
1996-06-28,67.1094
1996-07-01,67.6875
1996-07-02,67.4375
1996-07-03,67.2969
1996-07-05,65.5781
1996-07-08,65.3125
1996-07-09,65.5781
1996-07-10,65.8438
1996-07-11,64.5156
1996-07-12,64.5625
1996-07-15,62.6563
1996-07-16,62.8125
1996-07-17,63.5625
1996-07-18,64.4375
1996-07-19,63.9688
1996-07-22,63.5
1996-07-23,62.6875
1996-07-24,62.8125
1996-07-25,63.375
1996-07-26,63.7188
1996-07-29,63.0156
1996-07-30,63.625
1996-07-31,64.0938
1996-08-01,65.1563
1996-08-02,66.5625
1996-08-05,66.1719
1996-08-06,66.375
1996-08-07,66.5469
1996-08-08,66.4375
1996-08-09,66.2188
1996-08-12,66.7031
1996-08-13,66.1719
1996-08-14,66.4063
1996-08-15,66.2813
1996-08-16,66.8438
1996-08-19,66.875
1996-08-20,66.8281
1996-08-21,66.5938
1996-08-22,67.2188
1996-08-23,66.8594
1996-08-26,66.5313
1996-08-27,66.7813
1996-08-28,66.6719
1996-08-29,66.0156
1996-08-30,65.3281
1996-09-03,65.75
1996-09-04,65.8125
1996-09-05,65.0156
1996-09-06,65.9375
1996-09-09,66.7188
1996-09-10,66.6875
1996-09-11,67.0625
1996-09-12,67.5313
1996-09-13,68.5625
1996-09-16,68.8125
1996-09-17,68.6563
1996-09-18,68.4844
1996-09-19,68.75
1996-09-20,68.6406
1996-09-23,68.625
1996-09-24,68.6094
1996-09-25,68.6563
1996-09-26,68.625
1996-09-27,68.6875
1996-09-30,68.625
1996-10-01,69
1996-10-02,69.4688
1996-10-03,69.4063
1996-10-04,70.3438
1996-10-07,70.4219
1996-10-08,70.1406
1996-10-09,69.5938
1996-10-10,69.4531
1996-10-11,70.3125
1996-10-14,70.4063
1996-10-15,70.3125
1996-10-16,70.6563
1996-10-17,70.8438
1996-10-18,71.2188
1996-10-21,71.125
1996-10-22,70.625
1996-10-23,70.8594
1996-10-24,70.25
1996-10-25,70.3125
1996-10-28,69.8438
1996-10-29,70.4063
1996-10-30,70.1719
1996-10-31,70.8438
1996-11-01,70.5938
1996-11-04,71.0625
1996-11-05,71.4688
1996-11-06,72.8438
1996-11-07,73.0156
1996-11-08,73.4219
1996-11-11,73.3438
1996-11-12,73.125
1996-11-13,73.4531
1996-11-14,73.9375
1996-11-15,74.0313
1996-11-18,74.0469
1996-11-19,74.5781
1996-11-20,74.7031
1996-11-21,74.5938
1996-11-22,75.1719
1996-11-25,76.125
1996-11-26,75.875
1996-11-27,75.7344
1996-11-29,76.0156
1996-12-02,76.0469
1996-12-03,74.75
1996-12-04,74.9531
1996-12-05,74.75
1996-12-06,74.3125
1996-12-09,75.4063
1996-12-10,75.0469
1996-12-11,74.3594
1996-12-12,73.125
1996-12-13,73.3125
1996-12-16,72.375
1996-12-17,72.9531
1996-12-18,73.5313
1996-12-19,75.0469
1996-12-20,74.8438
1996-12-23,74.6563
1996-12-24,75.2031
1996-12-26,75.7813
1996-12-27,75.875
1996-12-30,75.2188
1996-12-31,73.8438
1997-01-02,74.0313
1997-01-03,75.0938
1997-01-06,74.4375
1997-01-07,75.3438
1997-01-08,74.6875
1997-01-09,75.3125
1997-01-10,76.125
1997-01-13,76.0156
1997-01-14,76.9688
1997-01-15,76.7813
1997-01-16,77.0938
1997-01-17,77.5625
1997-01-20,77.6563
1997-01-21,78.2813
1997-01-22,78.8438
1997-01-23,77.75
1997-01-24,76.75
1997-01-27,76.5313
1997-01-28,76.75
1997-01-29,77.5
1997-01-30,78.5
1997-01-31,78.4063
1997-02-03,78.6406
1997-02-04,79.125
1997-02-05,77.6406
1997-02-06,78.1563
1997-02-07,79.2188
1997-02-10,78.4688
1997-02-11,79.375
1997-02-12,80.5
1997-02-13,81.375
1997-02-14,81.1875
1997-02-18,81.875
1997-02-19,81.3281
1997-02-20,80.3438
1997-02-21,80.375
1997-02-24,81.3281
1997-02-25,81.3906
1997-02-26,80.5938
1997-02-27,79.3906
1997-02-28,79.1563
1997-03-03,79.6875
1997-03-04,79.25
1997-03-05,80.5938
1997-03-06,80.125
1997-03-07,80.8438
1997-03-10,81.6875
1997-03-11,81.25
1997-03-12,80.5313
1997-03-13,79.2813
1997-03-14,79.6875
1997-03-17,79.9063
1997-03-18,79.0469
1997-03-19,78.7813
1997-03-20,78.375
1997-03-21,78.4375
1997-03-24,79.5313
1997-03-25,78.75
1997-03-26,79.0938
1997-03-27,77
1997-03-31,75.375
1997-04-01,75.8594
1997-04-02,74.5
1997-04-03,74.9063
1997-04-04,75.8438
1997-04-07,76.1406
1997-04-08,76.6875
1997-04-09,76.0625
1997-04-10,75.7813
1997-04-11,73.375
1997-04-14,74.3594
1997-04-15,75.625
1997-04-16,76.5
1997-04-17,76.1875
1997-04-18,76.5625
1997-04-21,76.0625
1997-04-22,77.7344
1997-04-23,77.8125
1997-04-24,77.4219
1997-04-25,76.5313
1997-04-28,77.2813
1997-04-29,79.7188
1997-04-30,80.0938
1997-05-01,80
1997-05-02,81.4375
1997-05-05,83.375
1997-05-06,83.3125
1997-05-07,81.5
1997-05-08,82.0625
1997-05-09,82.625
1997-05-12,84
1997-05-13,83.6563
1997-05-14,83.8125
1997-05-15,84.375
1997-05-16,83.2188
1997-05-19,83.4688
1997-05-20,84.4688
1997-05-21,84.2813
1997-05-22,84
1997-05-23,84.7813
1997-05-27,85.125
1997-05-28,85.1094
1997-05-29,84.6094
1997-05-30,85.1563
1997-06-02,84.7813
1997-06-03,84.5
1997-06-04,84.4063
1997-06-05,84.7188
1997-06-06,86.375
1997-06-09,86.8125
1997-06-10,87.0781
1997-06-11,87.2813
1997-06-12,88.9688
1997-06-13,89.7188
1997-06-16,89.75
1997-06-17,89.625
1997-06-18,89.3125
1997-06-19,90.2344
1997-06-20,89.5781
1997-06-23,87.4063
1997-06-24,89.625
1997-06-25,89
1997-06-26,88.5625
1997-06-27,88.9063
1997-06-30,88.3125
1997-07-01,89.3438
1997-07-02,90.8125
1997-07-03,92.0625
1997-07-07,91.125
1997-07-08,92.0781
1997-07-09,91.0625
1997-07-10,91.4688
1997-07-11,91.7813
1997-07-14,92.0625
1997-07-15,92.5313
1997-07-16,93.75
1997-07-17,93.2813
1997-07-18,91.2969
1997-07-21,91.3125
1997-07-22,93.7344
1997-07-23,93.6563
1997-07-24,94.0938
1997-07-25,94.0313
1997-07-28,93.9688
1997-07-29,94.2813
1997-07-30,95.4063
1997-07-31,95.3125
1997-08-01,94.9375
1997-08-04,95.1875
1997-08-05,95.25
1997-08-06,96.0313
1997-08-07,95.3125
1997-08-08,93.375
1997-08-11,94.0625
1997-08-12,92.5625
1997-08-13,92.2813
1997-08-14,92.625
1997-08-15,89.7813
1997-08-18,91.7813
1997-08-19,92.8438
1997-08-20,94.25
1997-08-21,92.5938
1997-08-22,92.5625
1997-08-25,92.2188
1997-08-26,90.8594
1997-08-27,91.4063
1997-08-28,90.0156
1997-08-29,90.375
1997-09-02,93.3125
1997-09-03,92.8125
1997-09-04,93.4063
1997-09-05,93.1406
1997-09-08,93.5469
1997-09-09,93.5938
1997-09-10,91.6563
1997-09-11,91.1875
1997-09-12,92.6563
1997-09-15,92.5
1997-09-16,94.8125
1997-09-17,94.8125
1997-09-18,95.2188
1997-09-19,95.0313
1997-09-22,95.5625
1997-09-23,95.125
1997-09-24,94.3438
1997-09-25,93.6875
1997-09-26,94.4688
1997-09-29,95.375
1997-09-30,94.375
1997-10-01,95.625
1997-10-02,96.1563
1997-10-03,96.6406
1997-10-06,97.2813
1997-10-07,98.1875
1997-10-08,97.5
1997-10-09,97.1563
1997-10-10,96.875
1997-10-13,96.9688
1997-10-14,97
1997-10-15,96.7813
1997-10-16,95.25
1997-10-17,94.2813
1997-10-20,95.625
1997-10-21,97.4844
1997-10-22,96.8438
1997-10-23,94.9375
1997-10-24,94
1997-10-27,87.1875
1997-10-28,92.2188
1997-10-29,91.9688
1997-10-30,89.9375
1997-10-31,92.0625
1997-11-03,94
1997-11-04,94
1997-11-05,94.3125
1997-11-06,93.9531
1997-11-07,92.9375
1997-11-10,92.375
1997-11-11,92.4063
1997-11-12,90.5
1997-11-13,91.8125
1997-11-14,93.0625
1997-11-17,94.7813
1997-11-18,94.1875
1997-11-19,94.6563
1997-11-20,96.0938
1997-11-21,96.75
1997-11-24,95
1997-11-25,95.25
1997-11-26,95.5313
1997-11-28,95.625
1997-12-01,98.0938
1997-12-02,97.5
1997-12-03,97.7813
1997-12-04,97.6875
1997-12-05,98.9375
1997-12-08,98.6563
1997-12-09,98.0625
1997-12-10,97.2188
1997-12-11,95.5625
1997-12-12,95.75
1997-12-15,96.7188
1997-12-16,97.3125
1997-12-17,96.8125
1997-12-18,95.875
1997-12-19,94.7813
1997-12-22,95.3906
1997-12-23,93.6875
1997-12-24,93.4063
1997-12-26,93.7813
1997-12-29,95.625
1997-12-30,97.125
1997-12-31,97.0625
1998-01-02,97.5625
1998-01-05,97.7813
1998-01-06,96.2188
1998-01-07,96.4688
1998-01-08,95.625
1998-01-09,92.3125
1998-01-12,94
1998-01-13,95.3125
1998-01-14,95.75
1998-01-15,94.9531
1998-01-16,96.3125
1998-01-20,97.875
1998-01-21,96.9375
1998-01-22,96.0781
1998-01-23,95.9375
1998-01-26,95.875
1998-01-27,96.8438
1998-01-28,97.7188
1998-01-29,98.25
1998-01-30,98.3125
1998-02-02,99.9375
1998-02-03,100.6875
1998-02-04,100.5625
1998-02-05,100.5
1998-02-06,101.625
1998-02-09,101.2813
1998-02-10,102.25
1998-02-11,102.1563
1998-02-12,102.5938
1998-02-13,102
1998-02-17,102.5
1998-02-18,103.4375
1998-02-19,102.8906
1998-02-20,103.6563
1998-02-23,104.0625
1998-02-24,103.25
1998-02-25,104.5313
1998-02-26,105.125
1998-02-27,105.125
1998-03-02,104.9063
1998-03-03,105.5
1998-03-04,104.8125
1998-03-05,103.8438
1998-03-06,105.9375
1998-03-09,105.5625
1998-03-10,106.5625
1998-03-11,107.0625
1998-03-12,107.5
1998-03-13,107.0938
1998-03-16,108.25
1998-03-17,108.5625
1998-03-18,108.9688
1998-03-19,109.25
1998-03-20,109.875
1998-03-23,109.625
1998-03-24,110.5625
1998-03-25,110.1563
1998-03-26,110.0938
1998-03-27,109.625
1998-03-30,109.5625
1998-03-31,109.9375
1998-04-01,110.8281
1998-04-02,112.0313
1998-04-03,112.5938
1998-04-06,111.6875
1998-04-07,110.9375
1998-04-08,110.3125
1998-04-09,111.1875
1998-04-13,110.875
1998-04-14,111.8125
1998-04-15,112.125
1998-04-16,110.8125
1998-04-17,112.2813
1998-04-20,112.25
1998-04-21,112.7813
1998-04-22,113.0938
1998-04-23,112
1998-04-24,110.8125
1998-04-27,108.7188
1998-04-28,108.5625
1998-04-29,109.3125
1998-04-30,111.3438
1998-05-01,112.5938
1998-05-04,112.3125
1998-05-05,111.5313
1998-05-06,110.2188
1998-05-07,109.3438
1998-05-08,111.125
1998-05-11,110.75
1998-05-12,111.9375
1998-05-13,112.2188
1998-05-14,111.6563
1998-05-15,111.0313
1998-05-18,110.5938
1998-05-19,111.3438
1998-05-20,112.4063
1998-05-21,111.6875
1998-05-22,111.25
1998-05-26,109.4688
1998-05-27,109.625
1998-05-28,110.125
1998-05-29,109.0313
1998-06-01,109.5313
1998-06-02,109.625
1998-06-03,107.875
1998-06-04,109.875
1998-06-05,112
1998-06-08,111.875
1998-06-09,112.2188
1998-06-10,111.5
1998-06-11,109.4063
1998-06-12,110.4375
1998-06-15,107.5313
1998-06-16,109.1875
1998-06-17,111.4688
1998-06-18,110.9688
1998-06-19,110.0625
1998-06-22,110.5938
1998-06-23,111.9063
1998-06-24,113.4063
1998-06-25,113.2188
1998-06-26,113.6875
1998-06-29,114.0938
1998-06-30,113.3125
1998-07-01,114.625
1998-07-02,114.8438
1998-07-06,116
1998-07-07,115.7813
1998-07-08,116.625
1998-07-09,115.8438
1998-07-10,116.4688
1998-07-13,116.5
1998-07-14,117.8125
1998-07-15,117.5938
1998-07-16,118.4063
1998-07-17,118.5625
1998-07-20,118.5625
1998-07-21,116.5
1998-07-22,116.5
1998-07-23,114.1875
1998-07-24,114.0938
1998-07-27,114.9063
1998-07-28,112.9688
1998-07-29,112.5313
1998-07-30,114.2188
1998-07-31,111.7813
1998-08-03,111.3125
1998-08-04,107
1998-08-05,108.4688
1998-08-06,108.9375
1998-08-07,109.125
1998-08-10,108.5
1998-08-11,106.875
1998-08-12,108.6875
1998-08-13,107.375
1998-08-14,106.125
1998-08-17,108.375
1998-08-18,110.375
1998-08-19,110.0938
1998-08-20,109.4375
1998-08-21,108.5625
1998-08-24,109.25
1998-08-25,109.5
1998-08-26,108.875
1998-08-27,103.75
1998-08-28,103.375
1998-08-31,96
1998-09-01,100.0625
1998-09-02,99.3438
1998-09-03,98.5625
1998-09-04,97.75
1998-09-08,103
1998-09-09,100.5
1998-09-10,98.5
1998-09-11,101.6875
1998-09-14,103.4375
1998-09-15,104.0625
1998-09-16,105
1998-09-17,102
1998-09-18,102.0938
1998-09-21,102.0313
1998-09-22,102.875
1998-09-23,107
1998-09-24,104.375
1998-09-25,104.25
1998-09-28,105.1875
1998-09-29,104.9375
1998-09-30,101.75
1998-10-01,98.8125
1998-10-02,100.7188
1998-10-05,98.6875
1998-10-06,98.5938
1998-10-07,97.125
1998-10-08,96.5938
1998-10-09,98.5313
1998-10-12,99.9688
1998-10-13,99.625
1998-10-14,100.5625
1998-10-15,105.9688
1998-10-16,106
1998-10-19,106.375
1998-10-20,107
1998-10-21,106.625
1998-10-22,108.2188
1998-10-23,106.8438
1998-10-26,107.625
1998-10-27,107
1998-10-28,106.8125
1998-10-29,109.4063
1998-10-30,110
1998-11-02,111.875
1998-11-03,111.0625
1998-11-04,112.25
1998-11-05,113.7813
1998-11-06,114.125
1998-11-09,113.3125
1998-11-10,113
1998-11-11,112.25
1998-11-12,112.125
1998-11-13,113.2188
1998-11-16,114.0625
1998-11-17,114.0625
1998-11-18,114.75
1998-11-19,115.75
1998-11-20,116.625
1998-11-23,119.375
1998-11-24,118.625
1998-11-25,118.625
1998-11-27,119.5
1998-11-30,116.125
1998-12-01,117.625
1998-12-02,117.2813
1998-12-03,115.3438
1998-12-04,118.375
1998-12-07,118.9375
1998-12-08,118.4063
1998-12-09,118.625
1998-12-10,116.8906
1998-12-11,117.125
1998-12-14,113.75
1998-12-15,116.6875
1998-12-16,116.5313
1998-12-17,118.3906
1998-12-18,118.5
1998-12-21,120.1563
1998-12-22,120.6875
1998-12-23,123.2188
1998-12-24,122.6875
1998-12-28,122.375
1998-12-29,124.3125
1998-12-30,123.3125
1998-12-31,123.3125
1999-01-04,123.0313
1999-01-05,124.4375
1999-01-06,127.4375
1999-01-07,126.8125
1999-01-08,127.75
1999-01-11,126.5313
1999-01-12,124.25
1999-01-13,123.375
1999-01-14,121.2188
1999-01-15,124.375
1999-01-19,125.1875
1999-01-20,126.1875
1999-01-21,122.8438
1999-01-22,122.5625
1999-01-25,123.8125
1999-01-26,126.0625
1999-01-27,124.5938
1999-01-28,126.6875
1999-01-29,127.6563
1999-02-01,126.9063
1999-02-02,126.125
1999-02-03,127.4063
1999-02-04,125.5
1999-02-05,124.0625
1999-02-08,124.3125
1999-02-09,121.5313
1999-02-10,122.3125
1999-02-11,125.125
1999-02-12,123.625
1999-02-16,122.875
1999-02-17,122.75
1999-02-18,123.7188
1999-02-19,124.25
1999-02-22,127.5625
1999-02-23,127.5
1999-02-24,125.25
1999-02-25,124.0625
1999-02-26,123.5625
1999-03-01,123.9063
1999-03-02,122.8125
1999-03-03,123.4688
1999-03-04,125.0313
1999-03-05,127.5469
1999-03-08,128.375
1999-03-09,128.0625
1999-03-10,129.1875
1999-03-11,130.625
1999-03-12,129.375
1999-03-15,131.2188
1999-03-16,130.7188
1999-03-17,130.1563
1999-03-18,132.25
1999-03-19,129.6875
1999-03-22,129.9375
1999-03-23,126.1875
1999-03-24,126.9063
1999-03-25,129.5
1999-03-26,128.5625
1999-03-29,131.1563
1999-03-30,130.4688
1999-03-31,128.375
1999-04-01,129.3438
1999-04-05,132.4063
1999-04-06,132.0938
1999-04-07,133.1563
1999-04-08,134.8438
1999-04-09,134.875
1999-04-12,136.3125
1999-04-13,135.4375
1999-04-14,133.1563
1999-04-15,132.6563
1999-04-16,131.5313
1999-04-19,129.5
1999-04-20,131.125
1999-04-21,134.875
1999-04-22,136.1563
1999-04-23,135.8125
1999-04-26,136.5938
1999-04-27,137.25
1999-04-28,135.375
1999-04-29,134.3438
1999-04-30,133.25
1999-05-03,135.6875
1999-05-04,133.75
1999-05-05,134.8125
1999-05-06,133.9844
1999-05-07,135
1999-05-10,134.3281
1999-05-11,135.6875
1999-05-12,136.75
1999-05-13,137.3438
1999-05-14,133.7813
1999-05-17,134.1875
1999-05-18,133.9375
1999-05-19,134.9063
1999-05-20,134.0938
1999-05-21,133.3438
1999-05-24,131.125
1999-05-25,129
1999-05-26,130.4375
1999-05-27,128.5625
1999-05-28,130.2031
1999-06-01,129.75
1999-06-02,129.875
1999-06-03,130.5938
1999-06-04,133.2188
1999-06-07,133.5625
1999-06-08,132.25
1999-06-09,132.125
1999-06-10,130.9063
1999-06-11,129.8125
1999-06-14,129.9375
1999-06-15,130.8125
1999-06-16,133.3125
1999-06-17,134.5625
1999-06-18,134.3125
1999-06-21,134.625
1999-06-22,133.6875
1999-06-23,133.0313
1999-06-24,132.0313
1999-06-25,131.7031
1999-06-28,133.3125
1999-06-29,134.5625
1999-06-30,137
1999-07-01,138.0313
1999-07-02,139.4063
1999-07-06,139.375
1999-07-07,139.5625
1999-07-08,139.6719
1999-07-09,140.5
1999-07-12,139.875
1999-07-13,139.375
1999-07-14,140.1563
1999-07-15,141.0469
1999-07-16,141.8125
1999-07-19,140.875
1999-07-20,137.9844
1999-07-21,137.8281
1999-07-22,136.0156
1999-07-23,135.75
1999-07-26,134.75
1999-07-27,135.875
1999-07-28,136.3125
1999-07-29,134.4063
1999-07-30,132.75
1999-08-02,133.0625
1999-08-03,132.4375
1999-08-04,130.625
1999-08-05,131.8125
1999-08-06,130.375
1999-08-09,130.0938
1999-08-10,128.6563
1999-08-11,130.2188
1999-08-12,130.1406
1999-08-13,133.1563
1999-08-16,133.75
1999-08-17,134.625
1999-08-18,133.6563
1999-08-19,132.5625
1999-08-20,133.9063
1999-08-23,136.4688
1999-08-24,136.9688
1999-08-25,138.375
1999-08-26,136.7188
1999-08-27,135.0625
1999-08-30,132.5625
1999-08-31,132.0625
1999-09-01,133.6875
1999-09-02,132.1094
1999-09-03,135.9688
1999-09-07,135.4688
1999-09-08,134.8125
1999-09-09,134.75
1999-09-10,135.875
1999-09-13,134.9531
1999-09-14,134.0625
1999-09-15,131.9375
1999-09-16,132.4531
1999-09-17,133.75
1999-09-20,133.5625
1999-09-21,130.75
1999-09-22,130.6094
1999-09-23,127.875
1999-09-24,127.75
1999-09-27,128.5938
1999-09-28,128.3438
1999-09-29,126.8125
1999-09-30,128.75
1999-10-01,128.4688
1999-10-04,130.75
1999-10-05,130.625
1999-10-06,132.625
1999-10-07,131.875
1999-10-08,133.875
1999-10-11,133.6563
1999-10-12,131.5938
1999-10-13,128.1875
1999-10-14,128.1563
1999-10-15,124.875
1999-10-18,125.7813
1999-10-19,127
1999-10-20,128.25
1999-10-21,129
1999-10-22,130.0938
1999-10-25,129.4375
1999-10-26,127.8125
1999-10-27,130.125
1999-10-28,134.5625
1999-10-29,137
1999-11-01,135.5625
1999-11-02,134.5938
1999-11-03,135.5
1999-11-04,136.5313
1999-11-05,137.875
1999-11-08,138
1999-11-09,136.7031
1999-11-10,137.7188
1999-11-11,138.5
1999-11-12,139.75
1999-11-15,140.0781
1999-11-16,141.25
1999-11-17,141.625
1999-11-18,142.625
1999-11-19,142.5
1999-11-22,142.4688
1999-11-23,141.2188
1999-11-24,141.9688
1999-11-26,141.4375
1999-11-29,140.9375
1999-11-30,139.2813
1999-12-01,140.4063
1999-12-02,141.25
1999-12-03,143.8438
1999-12-06,142.7813
1999-12-07,141.625
1999-12-08,140.7188
1999-12-09,141.4063
1999-12-10,141.875
1999-12-13,142.125
1999-12-14,140.75
1999-12-15,141.5
1999-12-16,142.125
1999-12-17,142.6875
1999-12-20,141.6563
1999-12-21,143.8125
1999-12-22,144.1875
1999-12-23,146.4844
1999-12-27,146.2813
1999-12-28,146.1875
1999-12-29,146.8125
1999-12-30,146.6406
1999-12-31,146.875
2000-01-03,145.4375
2000-01-04,139.75
2000-01-05,140
2000-01-06,137.75
2000-01-07,145.75
2000-01-10,146.25
2000-01-11,144.5
2000-01-12,143.0625
2000-01-13,145
2000-01-14,146.9688
2000-01-18,145.8125
2000-01-19,147
2000-01-20,144.75
2000-01-21,144.4375
2000-01-24,140.3438
2000-01-25,141.9375
2000-01-26,140.8125
2000-01-27,140.25
2000-01-28,135.875
2000-01-31,139.5625
2000-02-01,140.9375
2000-02-02,141.0625
2000-02-03,143.1875
2000-02-04,142.5938
2000-02-07,142.375
2000-02-08,144.3125
2000-02-09,141.2813
2000-02-10,141.5625
2000-02-11,138.6875
2000-02-14,139.5
2000-02-15,141.0781
2000-02-16,139
2000-02-17,138.2813
2000-02-18,135.3125
2000-02-22,134.9688
2000-02-23,136.5625
2000-02-24,133.8125
2000-02-25,133.3281
2000-02-28,136.125
2000-02-29,137.4375
2000-03-01,138.4375
2000-03-02,138.5313
2000-03-03,141.125
2000-03-06,139.75
2000-03-07,137.0469
2000-03-08,136.875
2000-03-09,140.875
2000-03-10,140.125
2000-03-13,138.5938
2000-03-14,136.625
2000-03-15,139.8125
2000-03-16,146.3438
2000-03-17,146.9375
2000-03-20,146.1875
2000-03-21,149.1875
2000-03-22,150.0938
2000-03-23,152.6563
2000-03-24,153.5625
2000-03-27,151.9375
2000-03-28,151.0625
2000-03-29,151.2188
2000-03-30,148.6875
2000-03-31,150.375
2000-04-03,151.25
2000-04-04,150.125
2000-04-05,149.1875
2000-04-06,150.4844
2000-04-07,151.4375
2000-04-10,150.8438
2000-04-11,150.4063
2000-04-12,146.2813
2000-04-13,144.25
2000-04-14,136
2000-04-17,140.75
2000-04-18,144.4688
2000-04-19,143.125
2000-04-20,143.8125
2000-04-24,142.25
2000-04-25,148.1563
2000-04-26,146.4844
2000-04-27,146
2000-04-28,145.0938
2000-05-01,147.0625
2000-05-02,144.125
2000-05-03,140.75
2000-05-04,141.8125
2000-05-05,143.5313
2000-05-08,142.4531
2000-05-09,141.3125
2000-05-10,138.125
2000-05-11,141.2813
2000-05-12,142.8125
2000-05-15,145.2813
2000-05-16,146.6875
2000-05-17,145.1563
2000-05-18,143.375
2000-05-19,141.125
2000-05-22,140.0625
2000-05-23,138
2000-05-24,140.25
2000-05-25,137.8438
2000-05-26,138
2000-05-30,142.5
2000-05-31,142.8125
2000-06-01,145.3125
2000-06-02,147.8438
2000-06-05,147.125
2000-06-06,146.4688
2000-06-07,147.4844
2000-06-08,146.9063
2000-06-09,146.5938
2000-06-12,144.875
2000-06-13,147.5938
2000-06-14,147.8438
2000-06-15,148.1563
2000-06-16,146.5938
2000-06-19,148.4688
2000-06-20,147.9375
2000-06-21,147.875
2000-06-22,145.625
2000-06-23,144.375
2000-06-26,146.2344
2000-06-27,145.1563
2000-06-28,145.5625
2000-06-29,144.1875
2000-06-30,145.2813
2000-07-03,147.2813
2000-07-05,144.625
2000-07-06,145.75
2000-07-07,148.0938
2000-07-10,147.8438
2000-07-11,148.1563
2000-07-12,149.125
2000-07-13,149.7813
2000-07-14,151.25
2000-07-17,151
2000-07-18,149.7656
2000-07-19,148.5625
2000-07-20,150.625
2000-07-21,147.6875
2000-07-24,146.8438
2000-07-25,147.3125
2000-07-26,145.875
2000-07-27,145.375
2000-07-28,142.0938
2000-07-31,143
2000-08-01,143.875
2000-08-02,144.5938
2000-08-03,145.5938
2000-08-04,146.375
2000-08-07,148.125
2000-08-08,148.6875
2000-08-09,147.4375
2000-08-10,146.7188
2000-08-11,147.4063
2000-08-14,149.2813
2000-08-15,149.1563
2000-08-16,148.625
2000-08-17,150.1875
2000-08-18,149.6875
2000-08-21,150.5
2000-08-22,150.25
2000-08-23,150.8438
2000-08-24,151.3125
2000-08-25,151.25
2000-08-28,151.7656
2000-08-29,151.7969
2000-08-30,150.3438
2000-08-31,152.3438
2000-09-01,152.5
2000-09-05,151.2813
2000-09-06,149.5625
2000-09-07,150.8438
2000-09-08,149.8125
2000-09-11,149.5938
2000-09-12,148.5
2000-09-13,148.8906
2000-09-14,149.6406
2000-09-15,146
2000-09-18,144.6563
2000-09-19,145.9688
2000-09-20,144.8906
2000-09-21,142.6875
2000-09-22,145.2813
2000-09-25,144.25
2000-09-26,142.4063
2000-09-27,143.1563
2000-09-28,145
2000-09-29,143.625
2000-10-02,143.8438
2000-10-03,142.5
2000-10-04,143.6875
2000-10-05,144.1875
2000-10-06,141.0625
2000-10-09,140
2000-10-10,137.6875
2000-10-11,136.5313
2000-10-12,133.125
2000-10-13,137.5625
2000-10-16,138.1875
2000-10-17,134.75
2000-10-18,134.25
2000-10-19,139.3125
2000-10-20,139.9063
2000-10-23,140.5313
2000-10-24,139.5938
2000-10-25,136.3125
2000-10-26,136.6875
2000-10-27,139.2813
2000-10-30,140.5313
2000-10-31,142.9531
2000-11-01,142.4688
2000-11-02,142.7031
2000-11-03,142.7813
2000-11-06,143.7813
2000-11-07,143.75
2000-11-08,140.5625
2000-11-09,140.0313
2000-11-10,136.625
2000-11-13,135.5625
2000-11-14,139.125
2000-11-15,139.5625
2000-11-16,137.375
2000-11-17,136.6406
2000-11-20,134.6875
2000-11-21,135.375
2000-11-22,132.1406
2000-11-24,134.8438
2000-11-27,136.0313
2000-11-28,133.6875
2000-11-29,133.4375
2000-11-30,132.2813
2000-12-01,132.2188
2000-12-04,133.3438
2000-12-05,137.7188
2000-12-06,135.5156
2000-12-07,133.6563
2000-12-08,133.9688
2000-12-11,138.625
2000-12-12,138.0313
2000-12-13,136.1406
2000-12-14,134.4063
2000-12-15,130.9688
2000-12-18,132.7188
2000-12-19,130.0156
2000-12-20,126.25
2000-12-21,127.125
2000-12-22,130.9375
2000-12-26,132.3438
2000-12-27,133.3125
2000-12-28,133.7188
2000-12-29,131.1875
2001-01-02,128.8125
2001-01-03,135
2001-01-04,133.5469
2001-01-05,129.1875
2001-01-08,130.1875
2001-01-09,129.8438
2001-01-10,132.125
2001-01-11,132.25
2001-01-12,132
2001-01-16,132.8438
2001-01-17,133.4531
2001-01-18,134.7813
2001-01-19,134.0156
2001-01-22,134.9063
2001-01-23,135.9688
2001-01-24,136.375
2001-01-25,136.0313
2001-01-26,135.875
2001-01-29,136.6
2001-01-30,137.8
2001-01-31,137.02
2001-02-01,137.93
2001-02-02,134.8
2001-02-05,135.79
2001-02-06,135.39
2001-02-07,134.69
2001-02-08,133.12
2001-02-09,131.84
2001-02-12,133.35
2001-02-13,132.26
2001-02-14,132.06
2001-02-15,133.34
2001-02-16,130.4
2001-02-20,128.39
2001-02-21,125.62
2001-02-22,125.81
2001-02-23,124.96
2001-02-26,127.62
2001-02-27,126.44
2001-02-28,123.95
2001-03-01,124.6
2001-03-02,123.61
2001-03-05,124.74
2001-03-06,126.08
2001-03-07,126.98
2001-03-08,127.12
2001-03-09,123.36
2001-03-12,118.08
2001-03-13,120.02
2001-03-14,117.65
2001-03-15,117.68
2001-03-16,115.01
2001-03-19,117.35
2001-03-20,114.2
2001-03-21,112.26
2001-03-22,111.12
2001-03-23,114.48
2001-03-26,115.94
2001-03-27,118.31
2001-03-28,115.04
2001-03-29,115.48
2001-03-30,116.69
2001-04-02,114.2
2001-04-03,110.39
2001-04-04,110.85
2001-04-05,115.05
2001-04-06,113.3
2001-04-09,114.56
2001-04-10,116.65
2001-04-11,116.73
2001-04-12,118.85
2001-04-16,117.6
2001-04-17,119.26
2001-04-18,124
2001-04-19,125.65
2001-04-20,124.5
2001-04-23,122.24
2001-04-24,121.58
2001-04-25,123.17
2001-04-26,123.72
2001-04-27,125.78
2001-04-30,126.66
2001-05-01,127.05
2001-05-02,126.82
2001-05-03,125.21
2001-05-04,127.34
2001-05-07,126.24
2001-05-08,126.18
2001-05-09,125.65
2001-05-10,126.02
2001-05-11,125.15
2001-05-14,125.4
2001-05-15,125.98
2001-05-16,128.95
2001-05-17,129.15
2001-05-18,129.74
2001-05-21,131.65
2001-05-22,131.48
2001-05-23,129.25
2001-05-24,129.63
2001-05-25,128.1
2001-05-29,127.08
2001-05-30,125.3
2001-05-31,125.95
2001-06-01,126.73
2001-06-04,127.34
2001-06-05,128.8
2001-06-06,127.73
2001-06-07,128.19
2001-06-08,127
2001-06-11,126.1
2001-06-12,125.88
2001-06-13,124.8
2001-06-14,122
2001-06-15,121.85
2001-06-18,121.26
2001-06-19,121.79
2001-06-20,122.43
2001-06-21,123.82
2001-06-22,122.85
2001-06-25,121.72
2001-06-26,121.55
2001-06-27,121.48
2001-06-28,122.15
2001-06-29,122.6
2001-07-02,124.13
2001-07-03,124.1
2001-07-05,121.68
2001-07-06,119.05
2001-07-09,119.7
2001-07-10,118.26
2001-07-11,118.38
2001-07-12,121.19
2001-07-13,122.24
2001-07-16,120.71
2001-07-17,121.84
2001-07-18,121.01
2001-07-19,122.07
2001-07-20,121.34
2001-07-23,118.95
2001-07-24,117.8
2001-07-25,119.1
2001-07-26,120.35
2001-07-27,120.81
2001-07-30,120.85
2001-07-31,121.35
2001-08-01,122.11
2001-08-02,122.61
2001-08-03,121.94
2001-08-06,120.3
2001-08-07,120.77
2001-08-08,118.53
2001-08-09,118.88
2001-08-10,119.29
2001-08-13,119.32
2001-08-14,119.27
2001-08-15,118.24
2001-08-16,118.65
2001-08-17,116.75
2001-08-20,117.83
2001-08-21,115.82
2001-08-22,117.02
2001-08-23,116.6
2001-08-24,119.02
2001-08-27,118.31
2001-08-28,116.58
2001-08-29,115.54
2001-08-30,113.32
2001-08-31,114.15
2001-09-04,113.42
2001-09-05,113.7
2001-09-06,110.77
2001-09-07,108.72
2001-09-10,110.05
2001-09-17,104.3
2001-09-18,104.05
2001-09-19,101.95
2001-09-20,98.71
2001-09-21,97.28
2001-09-24,100.7
2001-09-25,101.75
2001-09-26,101.39
2001-09-27,102.27
2001-09-28,104.44
2001-10-01,104.27
2001-10-02,105.58
2001-10-03,107.35
2001-10-04,107.44
2001-10-05,107.23
2001-10-08,106.53
2001-10-09,105.96
2001-10-10,108.32
2001-10-11,110
2001-10-12,109.5
2001-10-15,109.3
2001-10-16,109.99
2001-10-17,107.65
2001-10-18,107.42
2001-10-19,107.35
2001-10-22,109.47
2001-10-23,108.91
2001-10-24,108.62
2001-10-25,110.57
2001-10-26,110.32
2001-10-29,107.45
2001-10-30,106.16
2001-10-31,105.8
2001-11-01,108.51
2001-11-02,109.25
2001-11-05,110.68
2001-11-06,112.4
2001-11-07,112.25
2001-11-08,112.6
2001-11-09,112.72
2001-11-12,112.03
2001-11-13,114.55
2001-11-14,114.66
2001-11-15,114.87
2001-11-16,114.36
2001-11-19,115.77
2001-11-20,114.8
2001-11-21,114.04
2001-11-23,115.68
2001-11-26,115.93
2001-11-27,115.43
2001-11-28,113.34
2001-11-29,114.87
2001-11-30,114.05
2001-12-03,113.37
2001-12-04,115.29
2001-12-05,117.4
2001-12-06,117.34
2001-12-07,116.56
2001-12-10,114.38
2001-12-11,114.15
2001-12-12,114.28
2001-12-13,112.06
2001-12-14,113.13
2001-12-17,114.3
2001-12-18,114.98
2001-12-19,115.79
2001-12-20,114.65
2001-12-21,114.95
2001-12-24,114.73
2001-12-26,115.36
2001-12-27,116.06
2001-12-28,116
2001-12-31,114.3
2002-01-02,115.53
2002-01-03,116.84
2002-01-04,117.62
2002-01-07,116.79
2002-01-08,116.52
2002-01-09,115.57
2002-01-10,116.08
2002-01-11,114.94
2002-01-14,114.22
2002-01-15,115.15
2002-01-16,112.82
2002-01-17,113.67
2002-01-18,113.15
2002-01-22,112.37
2002-01-23,113.23
2002-01-24,113.58
2002-01-25,113.55
2002-01-28,113.86
2002-01-29,110.28
2002-01-30,111.87
2002-01-31,113.18
2002-02-01,112.65
2002-02-04,109.85
2002-02-05,109.17
2002-02-06,108.7
2002-02-07,108.02
2002-02-08,110.09
2002-02-11,111.44
2002-02-12,111.09
2002-02-13,112.27
2002-02-14,112.06
2002-02-15,110.89
2002-02-19,108.76
2002-02-20,110.59
2002-02-21,108.3
2002-02-22,109.64
2002-02-25,111.45
2002-02-26,111.22
2002-02-27,111.65
2002-02-28,111.15
2002-03-01,113.74
2002-03-04,115.75
2002-03-05,115.38
2002-03-06,116.75
2002-03-07,116.5
2002-03-08,116.99
2002-03-11,117.24
2002-03-12,117.17
2002-03-13,116.04
2002-03-14,115.88
2002-03-15,116.65
2002-03-18,116.67
2002-03-19,117.45
2002-03-20,115.24
2002-03-21,115.29
2002-03-22,115.04
2002-03-25,113.61
2002-03-26,114.27
2002-03-27,114.57
2002-03-28,114.52
2002-04-01,114.57
2002-04-02,113.94
2002-04-03,113.14
2002-04-04,112.67
2002-04-05,112.69
2002-04-08,112.93
2002-04-09,112.14
2002-04-10,113.41
2002-04-11,110.59
2002-04-12,111.42
2002-04-15,110.57
2002-04-16,113.2
2002-04-17,112.96
2002-04-18,112.47
2002-04-19,112.88
2002-04-22,111
2002-04-23,110.52
2002-04-24,109.41
2002-04-25,109.47
2002-04-26,107.39
2002-04-29,106.86
2002-04-30,107.86
2002-05-01,109.18
2002-05-02,108.76
2002-05-03,107.58
2002-05-06,105.47
2002-05-07,105.1
2002-05-08,109.01
2002-05-09,107.75
2002-05-10,105.72
2002-05-13,107.87
2002-05-14,110.22
2002-05-15,109.79
2002-05-16,110.36
2002-05-17,110.9
2002-05-20,109.7
2002-05-21,108.7
2002-05-22,108.94
2002-05-23,110.1
2002-05-24,108.69
2002-05-28,108.1
2002-05-29,107.3
2002-05-30,107
2002-05-31,107.22
2002-06-03,104.37
2002-06-04,104.63
2002-06-05,105.61
2002-06-06,103.46
2002-06-07,103.34
2002-06-10,103.74
2002-06-11,101.96
2002-06-12,102.58
2002-06-13,101.55
2002-06-14,101.4
2002-06-17,104.12
2002-06-18,104.97
2002-06-19,102.52
2002-06-20,101.21
2002-06-21,99.28
2002-06-24,99.8
2002-06-25,97.56
2002-06-26,97.72
2002-06-27,99.43
2002-06-28,98.96
2002-07-01,97.03
2002-07-02,94.97
2002-07-03,95.51
2002-07-05,99.31
2002-07-08,98.07
2002-07-09,95.6
2002-07-10,92.12
2002-07-11,92.87
2002-07-12,91.85
2002-07-15,92.34
2002-07-16,90.56
2002-07-17,90.74
2002-07-18,87.8
2002-07-19,84.71
2002-07-22,82.2
2002-07-23,79.95
2002-07-24,84.72
2002-07-25,84
2002-07-26,85.6
2002-07-29,89.77
2002-07-30,90.94
2002-07-31,91.16
2002-08-01,88.78
2002-08-02,86.79
2002-08-05,83.77
2002-08-06,86.59
2002-08-07,88.1
2002-08-08,90.95
2002-08-09,91.29
2002-08-12,90.62
2002-08-13,88.97
2002-08-14,92.22
2002-08-15,93.5
2002-08-16,93.22
2002-08-19,95.4
2002-08-20,94.39
2002-08-21,95.75
2002-08-22,96.68
2002-08-23,94.6
2002-08-26,95.26
2002-08-27,94.16
2002-08-28,92.1
2002-08-29,92.14
2002-08-30,91.78
2002-09-03,88.28
2002-09-04,89.54
2002-09-05,88.78
2002-09-06,90
2002-09-09,90.66
2002-09-10,91.7
2002-09-11,91.13
2002-09-12,89.45
2002-09-13,89.67
2002-09-16,89.89
2002-09-17,87.83
2002-09-18,86.95
2002-09-19,84.7
2002-09-20,84.35
2002-09-23,83.66
2002-09-24,82.31
2002-09-25,84.35
2002-09-26,85.73
2002-09-27,82.75
2002-09-30,81.79
2002-10-01,85.72
2002-10-02,83.15
2002-10-03,82.31
2002-10-04,80.8
2002-10-07,79.13
2002-10-08,80.37
2002-10-09,78.1
2002-10-10,80.63
2002-10-11,84.16
2002-10-14,84.63
2002-10-15,88.7
2002-10-16,86.55
2002-10-17,88.27
2002-10-18,88.64
2002-10-21,90.17
2002-10-22,89.52
2002-10-23,90.2
2002-10-24,88.36
2002-10-25,90.2
2002-10-28,89.61
2002-10-29,88.57
2002-10-30,89.43
2002-10-31,88.52
2002-11-01,90.27
2002-11-04,91.13
2002-11-05,91.85
2002-11-06,93.04
2002-11-07,90.76
2002-11-08,89.65
2002-11-11,88.26
2002-11-12,88.96
2002-11-13,89.05
2002-11-14,90.73
2002-11-15,91.4
2002-11-18,90.48
2002-11-19,90.36
2002-11-20,92.37
2002-11-21,94.09
2002-11-22,93.42
2002-11-25,93.48
2002-11-26,91.7
2002-11-27,94.28
2002-11-29,93.98
2002-12-02,94.13
2002-12-03,92.87
2002-12-04,92.45
2002-12-05,91.43
2002-12-06,92.03
2002-12-09,89.5
2002-12-10,90.7
2002-12-11,90.78
2002-12-12,90.77
2002-12-13,89.34
2002-12-16,91.65
2002-12-17,90.85
2002-12-18,89.8
2002-12-19,89.16
2002-12-20,89.99
2002-12-23,90.02
2002-12-24,89.35
2002-12-26,89.39
2002-12-27,87.38
2002-12-30,88.11
2002-12-31,88.23
2003-01-02,91.07
2003-01-03,91.35
2003-01-06,92.96
2003-01-07,92.73
2003-01-08,91.39
2003-01-09,92.81
2003-01-10,93.06
2003-01-13,93.03
2003-01-14,93.33
2003-01-15,92.4
2003-01-16,92.02
2003-01-17,90.66
2003-01-21,89.25
2003-01-22,88.17
2003-01-23,88.71
2003-01-24,86.38
2003-01-27,85.2
2003-01-28,85.83
2003-01-29,86.48
2003-01-30,84.43
2003-01-31,86.06
2003-02-03,86.23
2003-02-04,85.38
2003-02-05,84.85
2003-02-06,84.45
2003-02-07,83.42
2003-02-10,84.01
2003-02-11,83.43
2003-02-12,82.1
2003-02-13,82.35
2003-02-14,84.15
2003-02-18,85.63
2003-02-19,85.18
2003-02-20,84.33
2003-02-21,85.18
2003-02-24,83.8
2003-02-25,84.47
2003-02-26,83.24
2003-02-27,84.34
2003-02-28,84.9
2003-03-03,84.09
2003-03-04,82.75
2003-03-05,83.45
2003-03-06,82.75
2003-03-07,83.32
2003-03-10,81.32
2003-03-11,80.52
2003-03-12,81.06
2003-03-13,83.86
2003-03-14,84.13
2003-03-17,86.78
2003-03-18,87.29
2003-03-19,87.96
2003-03-20,88.15
2003-03-21,89.67
2003-03-24,86.69
2003-03-25,87.52
2003-03-26,87.08
2003-03-27,87.15
2003-03-28,86.71
2003-03-31,84.74
2003-04-01,86.04
2003-04-02,88.12
2003-04-03,87.7
2003-04-04,88.22
2003-04-07,88.05
2003-04-08,88.19
2003-04-09,87.03
2003-04-10,87.51
2003-04-11,87.15
2003-04-14,88.95
2003-04-15,89.78
2003-04-16,88.25
2003-04-17,89.56
2003-04-21,89.65
2003-04-22,91.34
2003-04-23,92.18
2003-04-24,91.36
2003-04-25,90.23
2003-04-28,91.79
2003-04-29,92.11
2003-04-30,91.91
2003-05-01,91.9
2003-05-02,93.21
2003-05-05,93.03
2003-05-06,93.91
2003-05-07,93.39
2003-05-08,92.45
2003-05-09,93.73
2003-05-12,94.88
2003-05-13,94.71
2003-05-14,94.51
2003-05-15,95.11
2003-05-16,94.87
2003-05-19,92.65
2003-05-20,92.46
2003-05-21,92.65
2003-05-22,93.57
2003-05-23,93.76
2003-05-27,95.4
2003-05-28,95.67
2003-05-29,95.42
2003-05-30,96.95
2003-06-02,97.35
2003-06-03,97.75
2003-06-04,99.16
2003-06-05,99.65
2003-06-06,99.26
2003-06-09,98.25
2003-06-10,99.25
2003-06-11,100.3
2003-06-12,100.61
2003-06-13,99.56
2003-06-16,101.66
2003-06-17,101.66
2003-06-18,101.57
2003-06-19,100.02
2003-06-20,99.44
2003-06-23,98.42
2003-06-24,98.52
2003-06-25,97.53
2003-06-26,98.8
2003-06-27,97.66
2003-06-30,97.63
2003-07-01,98.53
2003-07-02,99.77
2003-07-03,98.74
2003-07-07,100.7
2003-07-08,101.15
2003-07-09,100.58
2003-07-10,99.3
2003-07-11,100.24
2003-07-14,100.73
2003-07-15,100.51
2003-07-16,99.92
2003-07-17,98.5
2003-07-18,99.51
2003-07-21,98.28
2003-07-22,99.17
2003-07-23,99.24
2003-07-24,98.49
2003-07-25,100.23
2003-07-28,99.86
2003-07-29,99.4
2003-07-30,99.16
2003-07-31,99.39
2003-08-01,98.51
2003-08-04,98.51
2003-08-05,96.42
2003-08-06,96.98
2003-08-07,98
2003-08-08,98.28
2003-08-11,98.65
2003-08-12,99.55
2003-08-13,99.04
2003-08-14,99.31
2003-08-15,99.62
2003-08-18,100.48
2003-08-19,100.86
2003-08-20,100.45
2003-08-21,100.77
2003-08-22,99.77
2003-08-25,99.93
2003-08-26,100.11
2003-08-27,100.14
2003-08-28,100.76
2003-08-29,101.44
2003-09-02,102.8
2003-09-03,103.36
2003-09-04,103.41
2003-09-05,102.83
2003-09-08,103.68
2003-09-09,103
2003-09-10,101.96
2003-09-11,102.26
2003-09-12,102.45
2003-09-15,102.09
2003-09-16,103.58
2003-09-17,103.38
2003-09-18,104.6
2003-09-19,103.67
2003-09-22,102.55
2003-09-23,102.94
2003-09-24,101.11
2003-09-25,100.28
2003-09-26,99.95
2003-09-29,100.93
2003-09-30,99.95
2003-10-01,102.08
2003-10-02,102.45
2003-10-03,103.39
2003-10-06,103.86
2003-10-07,104.26
2003-10-08,104
2003-10-09,104.28
2003-10-10,104.57
2003-10-13,104.9
2003-10-14,105.27
2003-10-15,104.99
2003-10-16,105.41
2003-10-17,104.26
2003-10-20,105.04
2003-10-21,104.86
2003-10-22,103.54
2003-10-23,103.35
2003-10-24,103.58
2003-10-27,103.63
2003-10-28,105.04
2003-10-29,105.18
2003-10-30,105.4
2003-10-31,105.3
2003-11-03,105.99
2003-11-04,105.76
2003-11-05,105.84
2003-11-06,106.4
2003-11-07,105.61
2003-11-10,105.18
2003-11-11,105.15
2003-11-12,106.33
2003-11-13,106.36
2003-11-14,105.46
2003-11-17,104.93
2003-11-18,103.84
2003-11-19,104.72
2003-11-20,103.78
2003-11-21,104.21
2003-11-24,105.59
2003-11-25,105.99
2003-11-26,106.37
2003-11-28,106.45
2003-12-01,107.6
2003-12-02,107.33
2003-12-03,107.16
2003-12-04,107.6
2003-12-05,106.85
2003-12-08,107.57
2003-12-09,106.74
2003-12-10,106.73
2003-12-11,107.93
2003-12-12,108.14
2003-12-15,107.6
2003-12-16,108.16
2003-12-17,108.5
2003-12-18,109.72
2003-12-19,108.9
2003-12-22,109.66
2003-12-23,109.73
2003-12-24,109.62
2003-12-26,109.7
2003-12-29,111.16
2003-12-30,111.18
2003-12-31,111.28
2004-01-02,111.23
2004-01-05,112.44
2004-01-06,112.55
2004-01-07,112.93
2004-01-08,113.38
2004-01-09,112.39
2004-01-12,113.22
2004-01-13,112.56
2004-01-14,113.5
2004-01-15,113.78
2004-01-16,114.23
2004-01-20,114.2
2004-01-21,115.1
2004-01-22,114.8
2004-01-23,114.43
2004-01-26,115.87
2004-01-27,114.68
2004-01-28,113.37
2004-01-29,113.48
2004-01-30,113.48
2004-02-02,113.97
2004-02-03,113.78
2004-02-04,112.85
2004-02-05,113.18
2004-02-06,114.45
2004-02-09,114.48
2004-02-10,114.85
2004-02-11,116.07
2004-02-12,115.65
2004-02-13,115.13
2004-02-17,116.17
2004-02-18,115.66
2004-02-19,115.23
2004-02-20,114.88
2004-02-23,114.59
2004-02-24,114.39
2004-02-25,114.87
2004-02-26,114.94
2004-02-27,115.02
2004-03-01,116.16
2004-03-02,115.48
2004-03-03,115.69
2004-03-04,115.99
2004-03-05,116.38
2004-03-08,114.96
2004-03-09,114.5
2004-03-10,112.58
2004-03-11,111.12
2004-03-12,112.58
2004-03-15,111.2
2004-03-16,111.79
2004-03-17,113.04
2004-03-18,113.07
2004-03-19,111.06
2004-03-22,109.65
2004-03-23,109.46
2004-03-24,109.55
2004-03-25,111
2004-03-26,111.03
2004-03-29,112.59
2004-03-30,112.97
2004-03-31,113.1
2004-04-01,113.78
2004-04-02,114.64
2004-04-05,115.27
2004-04-06,114.9
2004-04-07,114.63
2004-04-08,114.37
2004-04-12,114.82
2004-04-13,113.21
2004-04-14,113.39
2004-04-15,112.96
2004-04-16,113.83
2004-04-19,113.83
2004-04-20,111.92
2004-04-21,112.67
2004-04-22,114.25
2004-04-23,114.36
2004-04-26,114.2
2004-04-27,114.3
2004-04-28,112.82
2004-04-29,111.83
2004-04-30,110.96
2004-05-03,112.15
2004-05-04,112.06
2004-05-05,112.78
2004-05-06,111.81
2004-05-07,109.96
2004-05-10,108.83
2004-05-11,109.75
2004-05-12,110.45
2004-05-13,109.99
2004-05-14,110.04
2004-05-17,109.1
2004-05-18,109.65
2004-05-19,109.27
2004-05-20,109.62
2004-05-21,109.81
2004-05-24,110.27
2004-05-25,111.85
2004-05-26,112.24
2004-05-27,112.87
2004-05-28,112.86
2004-06-01,112.71
2004-06-02,113.13
2004-06-03,112.09
2004-06-04,112.98
2004-06-07,114.7
2004-06-08,114.86
2004-06-09,113.79
2004-06-10,114.35
2004-06-14,113.22
2004-06-15,114.02
2004-06-16,114
2004-06-17,113.83
2004-06-18,113.63
2004-06-21,113.2
2004-06-22,113.77
2004-06-23,114.75
2004-06-24,114.39
2004-06-25,113.84
2004-06-28,113.45
2004-06-29,113.92
2004-06-30,114.53
2004-07-01,112.94
2004-07-02,112.88
2004-07-06,111.89
2004-07-07,112.22
2004-07-08,111.44
2004-07-09,111.73
2004-07-12,111.78
2004-07-13,111.86
2004-07-14,111.52
2004-07-15,110.8
2004-07-16,110.71
2004-07-19,110.24
2004-07-20,111.64
2004-07-21,109.58
2004-07-22,109.88
2004-07-23,108.96
2004-07-26,108.75
2004-07-27,109.77
2004-07-28,110.1
2004-07-29,110.57
2004-07-30,110.84
2004-08-02,111.07
2004-08-03,110.21
2004-08-04,110.2
2004-08-05,108.4
2004-08-06,106.85
2004-08-09,107
2004-08-10,108.38
2004-08-11,108.16
2004-08-12,106.98
2004-08-13,107.19
2004-08-16,108.3
2004-08-17,108.91
2004-08-18,110.03
2004-08-19,109.71
2004-08-20,110.48
2004-08-23,110.2
2004-08-24,110.35
2004-08-25,111.1
2004-08-26,111.1
2004-08-27,111.45
2004-08-30,110.53
2004-08-31,111.11
2004-09-01,111.32
2004-09-02,112.58
2004-09-03,112.12
2004-09-07,112.86
2004-09-08,112.58
2004-09-09,112.48
2004-09-10,113.06
2004-09-13,113.43
2004-09-14,113.66
2004-09-15,112.8
2004-09-16,113.14
2004-09-17,113.15
2004-09-20,112.47
2004-09-21,112.96
2004-09-22,111.55
2004-09-23,110.95
2004-09-24,111.46
2004-09-27,110.75
2004-09-28,111.28
2004-09-29,111.84
2004-09-30,111.76
2004-10-01,113.65
2004-10-04,113.84
2004-10-05,113.9
2004-10-06,114.68
2004-10-07,113.45
2004-10-08,112.51
2004-10-11,112.97
2004-10-12,112.53
2004-10-13,111.54
2004-10-14,110.64
2004-10-15,111.26
2004-10-18,111.68
2004-10-19,110.74
2004-10-20,110.52
2004-10-21,111.24
2004-10-22,109.99
2004-10-25,109.86
2004-10-26,111.54
2004-10-27,112.88
2004-10-28,113.22
2004-10-29,113.2
2004-11-01,113.51
2004-11-02,113.55
2004-11-03,114.98
2004-11-04,116.55
2004-11-05,117.28
2004-11-08,117.11
2004-11-09,116.88
2004-11-10,116.97
2004-11-11,117.86
2004-11-12,118.79
2004-11-15,118.73
2004-11-16,117.88
2004-11-17,118.58
2004-11-18,118.74
2004-11-19,117.42
2004-11-22,117.98
2004-11-23,118.16
2004-11-24,118.44
2004-11-26,118.35
2004-11-29,117.81
2004-11-30,117.89
2004-12-01,119.23
2004-12-02,119.33
2004-12-03,119.25
2004-12-06,119.21
2004-12-07,118.1
2004-12-08,118.79
2004-12-09,119.21
2004-12-10,119.33
2004-12-13,120.37
2004-12-14,120.79
2004-12-15,120.88
2004-12-16,120.81
2004-12-17,119.44
2004-12-20,119.47
2004-12-21,120.39
2004-12-22,120.68
2004-12-23,120.77
2004-12-27,120.52
2004-12-28,121.18
2004-12-29,121.36
2004-12-30,121.13
2004-12-31,120.87
2005-01-03,120.3
2005-01-04,118.83
2005-01-05,118.01
2005-01-06,118.61
2005-01-07,118.44
2005-01-10,119
2005-01-11,118.18
2005-01-12,118.57
2005-01-13,117.62
2005-01-14,118.24
2005-01-18,119.47
2005-01-19,118.22
2005-01-20,117.5
2005-01-21,116.78
2005-01-24,116.55
2005-01-25,116.88
2005-01-26,117.23
2005-01-27,117.43
2005-01-28,117.43
2005-01-31,118.16
2005-02-01,118.91
2005-02-02,119.27
2005-02-03,118.96
2005-02-04,120.23
2005-02-07,120.07
2005-02-08,120.21
2005-02-09,119.31
2005-02-10,119.74
2005-02-11,120.77
2005-02-14,120.68
2005-02-15,121.13
2005-02-16,121.21
2005-02-17,120.23
2005-02-18,120.39
2005-02-22,118.6
2005-02-23,119.45
2005-02-24,120.24
2005-02-25,121.43
2005-02-28,120.63
2005-03-01,121.23
2005-03-02,121.17
2005-03-03,121.22
2005-03-04,122.73
2005-03-07,122.79
2005-03-08,122.33
2005-03-09,120.97
2005-03-10,121.24
2005-03-11,120.39
2005-03-14,121.14
2005-03-15,120.14
2005-03-16,119.12
2005-03-17,119.36
2005-03-18,118.54
2005-03-21,118.1
2005-03-22,116.9
2005-03-23,117
2005-03-24,117.14
2005-03-28,117.31
2005-03-29,116.53
2005-03-30,118.18
2005-03-31,117.96
2005-04-01,117.43
2005-04-04,117.63
2005-04-05,118.19
2005-04-06,118.6
2005-04-07,119.24
2005-04-08,118
2005-04-11,118.09
2005-04-12,118.7
2005-04-13,117.3
2005-04-14,115.77
2005-04-15,114.15
2005-04-18,114.5
2005-04-19,115.41
2005-04-20,113.8
2005-04-21,116.01
2005-04-22,115.57
2005-04-25,116.33
2005-04-26,115.2
2005-04-27,115.65
2005-04-28,114.2
2005-04-29,115.75
2005-05-02,116.4
2005-05-03,116.6
2005-05-04,117.5
2005-05-05,117.46
2005-05-06,117.09
2005-05-09,117.82
2005-05-10,116.6
2005-05-11,117.24
2005-05-12,115.95
2005-05-13,115.72
2005-05-16,116.8
2005-05-17,117.58
2005-05-18,118.79
2005-05-19,119.29
2005-05-20,119.12
2005-05-23,119.78
2005-05-24,119.5
2005-05-25,119.41
2005-05-26,120.05
2005-05-27,120.25
2005-05-31,119.48
2005-06-01,120.5
2005-06-02,120.76
2005-06-03,120.15
2005-06-06,120.04
2005-06-07,120.13
2005-06-08,119.91
2005-06-09,120.48
2005-06-10,120.2
2005-06-13,120.58
2005-06-14,120.86
2005-06-15,121.09
2005-06-16,121.4
2005-06-17,121.36
2005-06-20,121.4
2005-06-21,121.47
2005-06-22,121.57
2005-06-23,119.86
2005-06-24,118.98
2005-06-27,119.15
2005-06-28,120.15
2005-06-29,119.83
2005-06-30,119.18
2005-07-01,119.53
2005-07-05,120.49
2005-07-06,119.48
2005-07-07,119.95
2005-07-08,121.32
2005-07-11,121.94
2005-07-12,122.26
2005-07-13,122.43
2005-07-14,122.91
2005-07-15,122.84
2005-07-18,122.35
2005-07-19,123.02
2005-07-20,123.44
2005-07-21,122.72
2005-07-22,123.54
2005-07-25,123.19
2005-07-26,123.34
2005-07-27,123.79
2005-07-28,124.57
2005-07-29,123.74
2005-08-01,123.65
2005-08-02,124.39
2005-08-03,124.72
2005-08-04,123.72
2005-08-05,122.88
2005-08-08,122.65
2005-08-09,123.39
2005-08-10,123.33
2005-08-11,123.82
2005-08-12,123.06
2005-08-15,123.82
2005-08-16,122.21
2005-08-17,122.2
2005-08-18,122.19
2005-08-19,122.47
2005-08-22,122.47
2005-08-23,122.24
2005-08-24,121.15
2005-08-25,121.59
2005-08-26,120.76
2005-08-29,121.69
2005-08-30,121.05
2005-08-31,122.58
2005-09-01,122.49
2005-09-02,122.27
2005-09-06,123.7
2005-09-07,123.91
2005-09-08,123.5
2005-09-09,124.6
2005-09-12,124.35
2005-09-13,123.66
2005-09-14,123.21
2005-09-15,123.15
2005-09-16,123.5
2005-09-19,123.09
2005-09-20,122.05
2005-09-21,120.91
2005-09-22,121.34
2005-09-23,121.44
2005-09-26,121.58
2005-09-27,121.55
2005-09-28,121.67
2005-09-29,122.66
2005-09-30,123.04
2005-10-03,122.6
2005-10-04,121.22
2005-10-05,119.63
2005-10-06,119.2
2005-10-07,119.61
2005-10-10,118.6
2005-10-11,118.43
2005-10-12,117.5
2005-10-13,117.43
2005-10-14,118.67
2005-10-17,119.11
2005-10-18,117.82
2005-10-19,119.78
2005-10-20,117.67
2005-10-21,118.13
2005-10-24,119.96
2005-10-25,119.72
2005-10-26,119.37
2005-10-27,118.1
2005-10-28,119.8
2005-10-31,120.13
2005-11-01,120.49
2005-11-02,121.75
2005-11-03,122.27
2005-11-04,122.11
2005-11-07,122.23
2005-11-08,122.23
2005-11-09,122.39
2005-11-10,123.34
2005-11-11,123.76
2005-11-14,123.69
2005-11-15,123.24
2005-11-16,123.49
2005-11-17,124.64
2005-11-18,125.13
2005-11-21,125.76
2005-11-22,126.3
2005-11-23,127.03
2005-11-25,127.13
2005-11-28,126.23
2005-11-29,126.09
2005-11-30,125.41
2005-12-01,126.69
2005-12-02,126.85
2005-12-05,126.58
2005-12-06,126.82
2005-12-07,126.08
2005-12-08,126
2005-12-09,126.33
2005-12-12,126.45
2005-12-13,127.31
2005-12-14,127.81
2005-12-15,127.44
2005-12-16,126.36
2005-12-19,125.71
2005-12-20,125.83
2005-12-21,126.03
2005-12-22,126.69
2005-12-23,126.76
2005-12-27,125.47
2005-12-28,125.75
2005-12-29,125.19
2005-12-30,124.51
2006-01-03,126.7
2006-01-04,127.3
2006-01-05,127.38
2006-01-06,128.44
2006-01-09,128.77
2006-01-10,128.9
2006-01-11,129.31
2006-01-12,128.8
2006-01-13,128.68
2006-01-17,128.33
2006-01-18,127.82
2006-01-19,128.31
2006-01-20,125.97
2006-01-23,126.42
2006-01-24,126.55
2006-01-25,126.66
2006-01-26,127.36
2006-01-27,128.54
2006-01-30,128.44
2006-01-31,127.5
2006-02-01,128.39
2006-02-02,126.9
2006-02-03,126.27
2006-02-06,126.6
2006-02-07,125.48
2006-02-08,126.62
2006-02-09,126.41
2006-02-10,126.64
2006-02-13,126.41
2006-02-14,127.75
2006-02-15,128.2
2006-02-16,129.16
2006-02-17,128.81
2006-02-21,128.49
2006-02-22,129.27
2006-02-23,129.08
2006-02-24,129.41
2006-02-27,129.46
2006-02-28,128.23
2006-03-01,129.37
2006-03-02,129.36
2006-03-03,128.76
2006-03-06,128.17
2006-03-07,127.97
2006-03-08,128.24
2006-03-09,127.38
2006-03-10,128.59
2006-03-13,128.83
2006-03-14,130.18
2006-03-15,130.76
2006-03-16,131.03
2006-03-17,130.62
2006-03-20,130.41
2006-03-21,129.59
2006-03-22,130.38
2006-03-23,130.11
2006-03-24,130.21
2006-03-27,130.02
2006-03-28,129.22
2006-03-29,130.03
2006-03-30,129.8
2006-03-31,129.83
2006-04-03,129.73
2006-04-04,130.56
2006-04-05,131.01
2006-04-06,130.87
2006-04-07,129.54
2006-04-10,129.74
2006-04-11,128.64
2006-04-12,128.88
2006-04-13,128.71
2006-04-17,128.66
2006-04-18,130.7
2006-04-19,130.95
2006-04-20,131.13
2006-04-21,131.15
2006-04-24,130.91
2006-04-25,130.37
2006-04-26,130.4
2006-04-27,131.03
2006-04-28,131.47
2006-05-01,130.4
2006-05-02,131.38
2006-05-03,130.89
2006-05-04,131.36
2006-05-05,132.52
2006-05-08,132.36
2006-05-09,132.62
2006-05-10,132.55
2006-05-11,130.95
2006-05-12,129.24
2006-05-15,129.5
2006-05-16,129.31
2006-05-17,126.85
2006-05-18,126.21
2006-05-19,127.1
2006-05-22,126.13
2006-05-23,125.17
2006-05-24,126.17
2006-05-25,127.73
2006-05-26,128.38
2006-05-30,126.1
2006-05-31,127.51
2006-06-01,128.73
2006-06-02,129
2006-06-05,127.12
2006-06-06,126.81
2006-06-07,125.86
2006-06-08,125.75
2006-06-09,125.35
2006-06-12,123.99
2006-06-13,122.55
2006-06-14,123.5
2006-06-15,126.12
2006-06-16,124.65
2006-06-19,123.67
2006-06-20,124.09
2006-06-21,125.01
2006-06-22,124.46
2006-06-23,124.44
2006-06-26,124.99
2006-06-27,123.91
2006-06-28,124.75
2006-06-29,127.27
2006-06-30,127.28
2006-07-03,127.8
2006-07-05,127.07
2006-07-06,127.44
2006-07-07,126.61
2006-07-10,126.85
2006-07-11,127.41
2006-07-12,126.05
2006-07-13,124
2006-07-14,123.52
2006-07-17,123.34
2006-07-18,123.97
2006-07-19,125.69
2006-07-20,124.83
2006-07-21,123.95
2006-07-24,126.21
2006-07-25,126.66
2006-07-26,126.83
2006-07-27,126.71
2006-07-28,127.98
2006-07-31,127.85
2006-08-01,127.22
2006-08-02,128.08
2006-08-03,128.42
2006-08-04,128.2
2006-08-07,127.9
2006-08-08,127.41
2006-08-09,126.98
2006-08-10,127.37
2006-08-11,127.01
2006-08-14,127.11
2006-08-15,128.63
2006-08-16,129.7
2006-08-17,130.03
2006-08-18,130.69
2006-08-21,130.13
2006-08-22,130.12
2006-08-23,129.76
2006-08-24,129.65
2006-08-25,129.81
2006-08-28,130.43
2006-08-29,130.58
2006-08-30,130.66
2006-08-31,130.64
2006-09-01,131.42
2006-09-05,131.67
2006-09-06,130.51
2006-09-07,129.91
2006-09-08,130.28
2006-09-11,130.41
2006-09-12,131.69
2006-09-13,132.22
2006-09-14,132.23
2006-09-15,131.96
2006-09-18,132.14
2006-09-19,131.81
2006-09-20,132.51
2006-09-21,131.87
2006-09-22,131.47
2006-09-25,132.48
2006-09-26,133.58
2006-09-27,133.74
2006-09-28,133.69
2006-09-29,133.58
2006-10-02,133.08
2006-10-03,133.36
2006-10-04,134.92
2006-10-05,135.18
2006-10-06,135.01
2006-10-09,135.09
2006-10-10,135.27
2006-10-11,135.11
2006-10-12,136.28
2006-10-13,136.63
2006-10-16,136.84
2006-10-17,136.41
2006-10-18,136.59
2006-10-19,136.81
2006-10-20,136.84
2006-10-23,137.47
2006-10-24,137.88
2006-10-25,138.35
2006-10-26,138.78
2006-10-27,137.91
2006-10-30,137.81
2006-10-31,137.79
2006-11-01,136.86
2006-11-02,136.78
2006-11-03,136.54
2006-11-06,138.08
2006-11-07,138.61
2006-11-08,138.91
2006-11-09,138.18
2006-11-10,138.24
2006-11-13,138.58
2006-11-14,139.62
2006-11-15,140.02
2006-11-16,140.38
2006-11-17,140.42
2006-11-20,140.5
2006-11-21,140.64
2006-11-22,140.92
2006-11-24,140.35
2006-11-27,138.42
2006-11-28,139.02
2006-11-29,140.47
2006-11-30,140.53
2006-12-01,140.22
2006-12-04,141.29
2006-12-05,141.9
2006-12-06,141.78
2006-12-07,141.16
2006-12-08,141.42
2006-12-11,141.83
2006-12-12,141.72
2006-12-13,141.87
2006-12-14,143.12
2006-12-15,142.34
2006-12-18,141.95
2006-12-19,142.22
2006-12-20,142.14
2006-12-21,141.62
2006-12-22,140.75
2006-12-26,141.58
2006-12-27,142.51
2006-12-28,142.21
2006-12-29,141.62
2007-01-03,141.37
2007-01-04,141.67
2007-01-05,140.54
2007-01-08,141.19
2007-01-09,141.07
2007-01-10,141.54
2007-01-11,142.16
2007-01-12,143.24
2007-01-16,142.96
2007-01-17,143.02
2007-01-18,142.54
2007-01-19,142.82
2007-01-22,142.38
2007-01-23,142.8
2007-01-24,143.95
2007-01-25,142.26
2007-01-26,142.13
2007-01-29,142.05
2007-01-30,142.79
2007-01-31,143.75
2007-02-01,144.61
2007-02-02,144.81
2007-02-05,144.85
2007-02-06,144.89
2007-02-07,145.21
2007-02-08,145.02
2007-02-09,143.94
2007-02-12,143.45
2007-02-13,144.66
2007-02-14,145.61
2007-02-15,145.8
2007-02-16,145.73
2007-02-20,146.04
2007-02-21,145.98
2007-02-22,145.87
2007-02-23,145.3
2007-02-26,145.17
2007-02-27,139.5
2007-02-28,140.93
2007-03-01,140.51
2007-03-02,138.67
2007-03-05,137.35
2007-03-06,139.7
2007-03-07,139.56
2007-03-08,140.74
2007-03-09,140.78
2007-03-12,140.99
2007-03-13,138.25
2007-03-14,139.28
2007-03-15,139.47
2007-03-16,138.53
2007-03-19,140.2
2007-03-20,140.97
2007-03-21,143.29
2007-03-22,143.18
2007-03-23,143.39
2007-03-26,143.2
2007-03-27,142.86
2007-03-28,141.82
2007-03-29,141.97
2007-03-30,142
2007-04-02,142.16
2007-04-03,143.69
2007-04-04,143.85
2007-04-05,144.24
2007-04-09,144.44
2007-04-10,144.61
2007-04-11,144.02
2007-04-12,144.66
2007-04-13,145.32
2007-04-16,146.7
2007-04-17,147.09
2007-04-18,147.27
2007-04-19,147.23
2007-04-20,148.62
2007-04-23,148.06
2007-04-24,148.12
2007-04-25,149.48
2007-04-26,149.65
2007-04-27,149.53
2007-04-30,148.29
2007-05-01,148.67
2007-05-02,149.54
2007-05-03,150.35
2007-05-04,150.92
2007-05-07,150.95
2007-05-08,150.75
2007-05-09,151.16
2007-05-10,149.58
2007-05-11,150.86
2007-05-14,150.53
2007-05-15,150.57
2007-05-16,151.6
2007-05-17,151.3
2007-05-18,152.62
2007-05-21,152.54
2007-05-22,152.42
2007-05-23,152.44
2007-05-24,151.06
2007-05-25,151.69
2007-05-29,152.24
2007-05-30,153.48
2007-05-31,153.32
2007-06-01,154.08
2007-06-04,154.1
2007-06-05,153.49
2007-06-06,151.84
2007-06-07,149.1
2007-06-08,151.04
2007-06-11,151.3
2007-06-12,149.65
2007-06-13,151.89
2007-06-14,152.86
2007-06-15,153.07
2007-06-18,152.89
2007-06-19,153.27
2007-06-20,151.14
2007-06-21,151.98
2007-06-22,150.55
2007-06-25,149.83
2007-06-26,148.29
2007-06-27,150.4
2007-06-28,150.38
2007-06-29,150.43
2007-07-02,151.79
2007-07-03,152.34
2007-07-05,152.18
2007-07-06,152.98
2007-07-09,153.1
2007-07-10,150.92
2007-07-11,151.99
2007-07-12,154.39
2007-07-13,154.85
2007-07-16,154.83
2007-07-17,154.75
2007-07-18,154.47
2007-07-19,155.07
2007-07-20,153.5
2007-07-23,153.97
2007-07-24,151.3
2007-07-25,151.61
2007-07-26,148.02
2007-07-27,145.11
2007-07-30,147.38
2007-07-31,145.72
2007-08-01,146.43
2007-08-02,147.6
2007-08-03,143.8
2007-08-06,146.21
2007-08-07,147.77
2007-08-08,149.83
2007-08-09,145.39
2007-08-10,144.71
2007-08-13,145.23
2007-08-14,143.01
2007-08-15,141.04
2007-08-16,142.1
2007-08-17,144.71
2007-08-20,144.64
2007-08-21,144.93
2007-08-22,146.65
2007-08-23,146.52
2007-08-24,148.33
2007-08-27,146.95
2007-08-28,143.72
2007-08-29,146.54
2007-08-30,146.15
2007-08-31,147.59
2007-09-04,149.08
2007-09-05,147.79
2007-09-06,148.13
2007-09-07,146.07
2007-09-10,145.79
2007-09-11,147.49
2007-09-12,147.87
2007-09-13,148.91
2007-09-14,148.9
2007-09-17,148.1
2007-09-18,152.46
2007-09-19,153.36
2007-09-20,152.28
2007-09-21,151.97
2007-09-24,151.69
2007-09-25,151.39
2007-09-26,152.19
2007-09-27,153.09
2007-09-28,152.58
2007-10-01,154.3
2007-10-02,154.09
2007-10-03,153.78
2007-10-04,154.02
2007-10-05,155.85
2007-10-08,155.02
2007-10-09,156.48
2007-10-10,156.22
2007-10-11,155.47
2007-10-12,156.33
2007-10-15,155.01
2007-10-16,153.78
2007-10-17,154.25
2007-10-18,153.69
2007-10-19,149.67
2007-10-22,150.54
2007-10-23,151.76
2007-10-24,151.48
2007-10-25,151.84
2007-10-26,153.62
2007-10-29,154.13
2007-10-30,153.06
2007-10-31,154.65
2007-11-01,151.03
2007-11-02,151.2
2007-11-05,150.05
2007-11-06,152.07
2007-11-07,147.91
2007-11-08,147.16
2007-11-09,145.14
2007-11-12,143.7
2007-11-13,148.08
2007-11-14,147.67
2007-11-15,145.54
2007-11-16,145.79
2007-11-19,143.76
2007-11-20,144.64
2007-11-21,141.68
2007-11-23,144.13
2007-11-26,140.95
2007-11-27,142.57
2007-11-28,147.13
2007-11-29,147.18
2007-11-30,148.66
2007-12-03,147.68
2007-12-04,146.36
2007-12-05,148.81
2007-12-06,150.94
2007-12-07,150.91
2007-12-10,152.08
2007-12-11,147.91
2007-12-12,149.37
2007-12-13,149.06
2007-12-14,147.17
2007-12-17,145.07
2007-12-18,145.88
2007-12-19,145.88
2007-12-20,146.8
2007-12-21,148.13
2007-12-24,149.23
2007-12-26,149.55
2007-12-27,147.67
2007-12-28,147.3
2007-12-31,146.21
2008-01-02,144.93
2008-01-03,144.86
2008-01-04,141.31
2008-01-07,141.19
2008-01-08,138.91
2008-01-09,140.37
2008-01-10,141.29
2008-01-11,140.15
2008-01-14,141.28
2008-01-15,138.17
2008-01-16,136.98
2008-01-17,133.43
2008-01-18,132.06
2008-01-22,130.72
2008-01-23,133.86
2008-01-24,134.99
2008-01-25,133.04
2008-01-28,135.24
2008-01-29,135.91
2008-01-30,134.91
2008-01-31,137.37
2008-02-01,139.58
2008-02-04,137.82
2008-02-05,134.13
2008-02-06,133.05
2008-02-07,133.93
2008-02-08,133.07
2008-02-11,133.75
2008-02-12,134.99
2008-02-13,136.37
2008-02-14,135.17
2008-02-15,135.14
2008-02-19,135.52
2008-02-20,135.92
2008-02-21,134.79
2008-02-22,135.62
2008-02-25,137.33
2008-02-26,138.36
2008-02-27,138.22
2008-02-28,136.87
2008-02-29,133.82
2008-03-03,133.5
2008-03-04,132.99
2008-03-05,133.83
2008-03-06,131.06
2008-03-07,129.71
2008-03-10,128
2008-03-11,132.6
2008-03-12,131.36
2008-03-13,131.65
2008-03-14,129.61
2008-03-17,128.3
2008-03-18,133.63
2008-03-19,130.32
2008-03-20,132.08
2008-03-24,134.72
2008-03-25,134.85
2008-03-26,133.2
2008-03-27,132.78
2008-03-28,131.51
2008-03-31,131.97
2008-04-01,136.61
2008-04-02,136.7
2008-04-03,137.04
2008-04-04,136.89
2008-04-07,136.96
2008-04-08,136.82
2008-04-09,135.83
2008-04-10,136.02
2008-04-11,133.38
2008-04-14,132.93
2008-04-15,133.24
2008-04-16,136.85
2008-04-17,137.05
2008-04-18,138.48
2008-04-21,138.55
2008-04-22,137.94
2008-04-23,137.72
2008-04-24,138.32
2008-04-25,139.6
2008-04-28,139.63
2008-04-29,139.08
2008-04-30,138.26
2008-05-01,141.12
2008-05-02,141.51
2008-05-05,140.83
2008-05-06,142.05
2008-05-07,139.52
2008-05-08,139.16
2008-05-09,138.9
2008-05-12,140.46
2008-05-13,140.48
2008-05-14,140.77
2008-05-15,142.53
2008-05-16,142.66
2008-05-19,143.05
2008-05-20,141.89
2008-05-21,139.49
2008-05-22,139.51
2008-05-23,137.64
2008-05-27,138.66
2008-05-28,139.3
2008-05-29,140
2008-05-30,140.35
2008-06-02,138.9
2008-06-03,138.09
2008-06-04,138.02
2008-06-05,140.78
2008-06-06,136.29
2008-06-09,136.62
2008-06-10,135.94
2008-06-11,133.94
2008-06-12,134.45
2008-06-13,136.15
2008-06-16,136.23
2008-06-17,135.57
2008-06-18,134.25
2008-06-19,134.42
2008-06-20,131.58
2008-06-23,131.45
2008-06-24,131.19
2008-06-25,131.81
2008-06-26,128.23
2008-06-27,127.53
2008-06-30,127.98
2008-07-01,128.38
2008-07-02,126.18
2008-07-03,126.31
2008-07-07,125.02
2008-07-08,127.24
2008-07-09,124.79
2008-07-10,125.3
2008-07-11,123.84
2008-07-14,122.72
2008-07-15,120.99
2008-07-16,123.96
2008-07-17,125.2
2008-07-18,125.98
2008-07-21,126.05
2008-07-22,127.48
2008-07-23,128.17
2008-07-24,125.51
2008-07-25,125.48
2008-07-28,123.64
2008-07-29,126.28
2008-07-30,128.53
2008-07-31,126.83
2008-08-01,126.16
2008-08-04,124.99
2008-08-05,128.36
2008-08-06,128.93
2008-08-07,127.01
2008-08-08,129.37
2008-08-11,130.71
2008-08-12,129.35
2008-08-13,128.57
2008-08-14,129.54
2008-08-15,130.17
2008-08-18,128.39
2008-08-19,126.99
2008-08-20,127.58
2008-08-21,127.8
2008-08-22,129.65
2008-08-25,127.02
2008-08-26,127.39
2008-08-27,128.63
2008-08-28,130.19
2008-08-29,128.79
2008-09-02,127.99
2008-09-03,127.88
2008-09-04,124.03
2008-09-05,124.42
2008-09-08,126.99
2008-09-09,123.22
2008-09-10,123.72
2008-09-11,125.51
2008-09-12,126.09
2008-09-15,120.09
2008-09-16,122.1
2008-09-17,116.61
2008-09-18,120.07
2008-09-19,124.12
2008-09-22,121.31
2008-09-23,118.55
2008-09-24,118.93
2008-09-25,120.79
2008-09-26,120.85
2008-09-29,111.38
2008-09-30,115.99
2008-10-01,116.06
2008-10-02,111.85
2008-10-03,110.34
2008-10-06,104.72
2008-10-07,100.03
2008-10-08,97.51
2008-10-09,90.7
2008-10-10,88.5
2008-10-13,101.35
2008-10-14,99.85
2008-10-15,90.02
2008-10-16,93.77
2008-10-17,93.21
2008-10-20,98.81
2008-10-21,95.86
2008-10-22,90.64
2008-10-23,91.69
2008-10-24,87.04
2008-10-27,83.95
2008-10-28,93.76
2008-10-29,93.08
2008-10-30,96.3
2008-10-31,96.83
2008-11-03,97.11
2008-11-04,100.41
2008-11-05,96.19
2008-11-06,90.86
2008-11-07,93.86
2008-11-10,92.63
2008-11-11,89.77
2008-11-12,85.82
2008-11-13,91.17
2008-11-14,86.62
2008-11-17,85.47
2008-11-18,87.08
2008-11-19,81.5
2008-11-20,75.45
2008-11-21,79.52
2008-11-24,85.03
2008-11-25,85.66
2008-11-26,88.97
2008-11-28,90.09
2008-12-01,82.11
2008-12-02,85.27
2008-12-03,87.32
2008-12-04,85.3
2008-12-05,87.93
2008-12-08,91
2008-12-09,89.5
2008-12-10,90.11
2008-12-11,87.94
2008-12-12,88.99
2008-12-15,87.75
2008-12-16,91.88
2008-12-17,90.99
2008-12-18,89.29
2008-12-19,88.19
2008-12-22,87.06
2008-12-23,86.16
2008-12-24,86.66
2008-12-26,87.16
2008-12-29,86.91
2008-12-30,88.97
2008-12-31,90.24
2009-01-02,92.96
2009-01-05,92.85
2009-01-06,93.47
2009-01-07,90.67
2009-01-08,91.04
2009-01-09,89.09
2009-01-12,86.95
2009-01-13,87.11
2009-01-14,84.37
2009-01-15,84.4
2009-01-16,85.06
2009-01-20,80.57
2009-01-21,84.05
2009-01-22,82.75
2009-01-23,83.11
2009-01-26,83.68
2009-01-27,84.53
2009-01-28,87.39
2009-01-29,84.55
2009-01-30,82.83
2009-02-02,82.58
2009-02-03,83.74
2009-02-04,83.33
2009-02-05,84.57
2009-02-06,86.98
2009-02-09,87.1
2009-02-10,83.11
2009-02-11,83.6
2009-02-12,83.66
2009-02-13,82.76
2009-02-17,79.22
2009-02-18,79.03
2009-02-19,78.18
2009-02-20,77.42
2009-02-23,74.65
2009-02-24,77.48
2009-02-25,76.87
2009-02-26,75.62
2009-02-27,73.93
2009-03-02,70.6
2009-03-03,70.07
2009-03-04,71.73
2009-03-05,68.8
2009-03-06,68.92
2009-03-09,68.11
2009-03-10,72.17
2009-03-11,72.64
2009-03-12,75.5
2009-03-13,76.09
2009-03-16,75.86
2009-03-17,78.18
2009-03-18,79.93
2009-03-19,78.94
2009-03-20,76.71
2009-03-23,82.22
2009-03-24,80.6
2009-03-25,81.45
2009-03-26,83.11
2009-03-27,81.61
2009-03-30,78.79
2009-03-31,79.52
2009-04-01,81.06
2009-04-02,83.43
2009-04-03,84.26
2009-04-06,83.6
2009-04-07,81.65
2009-04-08,82.53
2009-04-09,85.81
2009-04-13,85.83
2009-04-14,84.35
2009-04-15,85.25
2009-04-16,86.5
2009-04-17,87.08
2009-04-20,83.43
2009-04-21,85.06
2009-04-22,84.54
2009-04-23,85.37
2009-04-24,86.66
2009-04-27,85.84
2009-04-28,85.57
2009-04-29,87.39
2009-04-30,87.42
2009-05-01,87.89
2009-05-04,90.88
2009-05-05,90.57
2009-05-06,92.14
2009-05-07,90.86
2009-05-08,92.98
2009-05-11,91.24
2009-05-12,90.97
2009-05-13,88.68
2009-05-14,89.44
2009-05-15,88.71
2009-05-18,91.23
2009-05-19,91.12
2009-05-20,90.51
2009-05-21,89.21
2009-05-22,89.02
2009-05-26,91.3
2009-05-27,89.67
2009-05-28,90.92
2009-05-29,92.53
2009-06-01,94.77
2009-06-02,94.85
2009-06-03,93.65
2009-06-04,94.53
2009-06-05,94.55
2009-06-08,94.16
2009-06-09,94.64
2009-06-10,94.4
2009-06-11,94.82
2009-06-12,95.08
2009-06-15,92.9
2009-06-16,91.64
2009-06-17,91.55
2009-06-18,92.22
2009-06-19,92.04
2009-06-22,89.28
2009-06-23,89.35
2009-06-24,90.12
2009-06-25,92.08
2009-06-26,91.84
2009-06-29,92.7
2009-06-30,91.95
2009-07-01,92.33
2009-07-02,89.81
2009-07-06,89.8
2009-07-07,88.06
2009-07-08,88
2009-07-09,88.17
2009-07-10,87.96
2009-07-13,90.1
2009-07-14,90.61
2009-07-15,93.26
2009-07-16,93.11
2009-07-17,94.13
2009-07-20,95.13
2009-07-21,95.57
2009-07-22,95.55
2009-07-23,97.66
2009-07-24,98.06
2009-07-27,98.35
2009-07-28,97.89
2009-07-29,97.65
2009-07-30,98.67
2009-07-31,98.81
2009-08-03,100.44
2009-08-04,100.7
2009-08-05,100.41
2009-08-06,99.89
2009-08-07,101.2
2009-08-10,100.99
2009-08-11,99.73
2009-08-12,100.8
2009-08-13,101.57
2009-08-14,100.79
2009-08-17,98.31
2009-08-18,99.09
2009-08-19,99.96
2009-08-20,100.99
2009-08-21,102.97
2009-08-24,102.96
2009-08-25,103.16
2009-08-26,103.17
2009-08-27,103.4
2009-08-28,103.38
2009-08-31,102.46
2009-09-01,100.2
2009-09-02,99.82
2009-09-03,100.65
2009-09-04,102.06
2009-09-08,102.94
2009-09-09,103.73
2009-09-10,104.79
2009-09-11,104.77
2009-09-14,105.28
2009-09-15,105.72
2009-09-16,107.32
2009-09-17,107.16
2009-09-18,106.72
2009-09-21,106.45
2009-09-22,107.07
2009-09-23,106.18
2009-09-24,105.01
2009-09-25,104.45
2009-09-28,106.32
2009-09-29,106
2009-09-30,105.59
2009-10-01,102.97
2009-10-02,102.49
2009-10-05,104.02
2009-10-06,105.51
2009-10-07,105.8
2009-10-08,106.61
2009-10-09,107.26
2009-10-12,107.68
2009-10-13,107.46
2009-10-14,109.31
2009-10-15,109.71
2009-10-16,108.89
2009-10-19,109.79
2009-10-20,109.21
2009-10-21,108.23
2009-10-22,109.33
2009-10-23,108.08
2009-10-26,106.91
2009-10-27,106.42
2009-10-28,104.41
2009-10-29,106.65
2009-10-30,103.56
2009-11-02,104.32
2009-11-03,104.65
2009-11-04,104.92
2009-11-05,106.85
2009-11-06,107.13
2009-11-09,109.57
2009-11-10,109.59
2009-11-11,110.15
2009-11-12,109.03
2009-11-13,109.62
2009-11-16,111.21
2009-11-17,111.34
2009-11-18,111.27
2009-11-19,109.82
2009-11-20,109.43
2009-11-23,110.82
2009-11-24,110.99
2009-11-25,111.38
2009-11-27,109.57
2009-11-30,109.94
2009-12-01,111.3
2009-12-02,111.25
2009-12-03,110.38
2009-12-04,111.01
2009-12-07,110.84
2009-12-08,109.61
2009-12-09,110.02
2009-12-10,110.64
2009-12-11,111.11
2009-12-14,111.87
2009-12-15,111.35
2009-12-16,111.52
2009-12-17,110.18
2009-12-18,110.21
2009-12-21,111.33
2009-12-22,111.73
2009-12-23,111.95
2009-12-24,112.48
2009-12-28,112.72
2009-12-29,112.56
2009-12-30,112.52
2009-12-31,111.44
2010-01-04,113.33
2010-01-05,113.63
2010-01-06,113.71
2010-01-07,114.19
2010-01-08,114.57
2010-01-11,114.73
2010-01-12,113.66
2010-01-13,114.62
2010-01-14,114.93
2010-01-15,113.64
2010-01-19,115.06
2010-01-20,113.89
2010-01-21,111.7
2010-01-22,109.21
2010-01-25,109.77
2010-01-26,109.31
2010-01-27,109.83
2010-01-28,108.57
2010-01-29,107.39
2010-02-01,109.06
2010-02-02,110.38
2010-02-03,109.83
2010-02-04,106.44
2010-02-05,106.66
2010-02-08,105.89
2010-02-09,107.22
2010-02-10,107.01
2010-02-11,108.13
2010-02-12,108.04
2010-02-16,109.74
2010-02-17,110.26
2010-02-18,110.91
2010-02-19,111.14
2010-02-22,111.16
2010-02-23,109.81
2010-02-24,110.82
2010-02-25,110.67
2010-02-26,110.74
2010-03-01,111.89
2010-03-02,112.2
2010-03-03,112.3
2010-03-04,112.64
2010-03-05,114.25
2010-03-08,114.27
2010-03-09,114.46
2010-03-10,114.97
2010-03-11,115.45
2010-03-12,115.46
2010-03-15,115.49
2010-03-16,116.41
2010-03-17,117.1
2010-03-18,117.04
2010-03-19,115.97
2010-03-22,116.59
2010-03-23,117.41
2010-03-24,116.84
2010-03-25,116.65
2010-03-26,116.58
2010-03-29,117.32
2010-03-30,117.4
2010-03-31,117
2010-04-01,117.8
2010-04-05,118.76
2010-04-06,119.04
2010-04-07,118.36
2010-04-08,118.77
2010-04-09,119.55
2010-04-12,119.74
2010-04-13,119.83
2010-04-14,121.19
2010-04-15,121.29
2010-04-16,119.36
2010-04-19,119.81
2010-04-20,120.88
2010-04-21,120.66
2010-04-22,121.02
2010-04-23,121.81
2010-04-26,121.35
2010-04-27,118.48
2010-04-28,119.38
2010-04-29,120.86
2010-04-30,118.81
2010-05-03,120.35
2010-05-04,117.52
2010-05-05,116.82
2010-05-06,112.94
2010-05-07,111.26
2010-05-10,116.16
2010-05-11,115.83
2010-05-12,117.45
2010-05-13,115.99
2010-05-14,113.89
2010-05-17,113.95
2010-05-18,112.4
2010-05-19,111.76
2010-05-20,107.54
2010-05-21,109.11
2010-05-24,107.71
2010-05-25,107.82
2010-05-26,107.17
2010-05-27,110.76
2010-05-28,109.37
2010-06-01,107.53
2010-06-02,110.33
2010-06-03,110.71
2010-06-04,106.82
2010-06-07,105.49
2010-06-08,106.62
2010-06-09,106.05
2010-06-10,109.15
2010-06-11,109.68
2010-06-14,109.51
2010-06-15,112
2010-06-16,111.96
2010-06-17,112.14
2010-06-18,111.73
2010-06-21,111.41
2010-06-22,109.57
2010-06-23,109.23
2010-06-24,107.42
2010-06-25,107.87
2010-06-28,107.53
2010-06-29,104.21
2010-06-30,103.22
2010-07-01,102.76
2010-07-02,102.2
2010-07-06,102.87
2010-07-07,106.11
2010-07-08,107.16
2010-07-09,107.96
2010-07-12,108.03
2010-07-13,109.66
2010-07-14,109.65
2010-07-15,109.68
2010-07-16,106.66
2010-07-19,107.29
2010-07-20,108.48
2010-07-21,107.07
2010-07-22,109.46
2010-07-23,110.41
2010-07-26,111.56
2010-07-27,111.55
2010-07-28,110.83
2010-07-29,110.29
2010-07-30,110.27
2010-08-02,112.76
2010-08-03,112.22
2010-08-04,112.97
2010-08-05,112.85
2010-08-06,112.39
2010-08-09,112.99
2010-08-10,112.38
2010-08-11,109.3
2010-08-12,108.63
2010-08-13,108.31
2010-08-16,108.26
2010-08-17,109.59
2010-08-18,109.79
2010-08-19,107.88
2010-08-20,107.53
2010-08-23,107.12
2010-08-24,105.53
2010-08-25,105.94
2010-08-26,105.23
2010-08-27,106.86
2010-08-30,105.31
2010-08-31,105.31
2010-09-01,108.46
2010-09-02,109.47
2010-09-03,110.89
2010-09-07,109.64
2010-09-08,110.41
2010-09-09,110.92
2010-09-10,111.48
2010-09-13,112.72
2010-09-14,112.65
2010-09-15,113.08
2010-09-16,113.05
2010-09-17,112.49
2010-09-20,114.21
2010-09-21,113.98
2010-09-22,113.42
2010-09-23,112.5
2010-09-24,114.82
2010-09-27,114.27
2010-09-28,114.67
2010-09-29,114.47
2010-09-30,114.13
2010-10-01,114.61
2010-10-04,113.75
2010-10-05,116.04
2010-10-06,116.03
2010-10-07,115.89
2010-10-08,116.54
2010-10-11,116.65
2010-10-12,117.01
2010-10-13,117.92
2010-10-14,117.46
2010-10-15,117.7
2010-10-18,118.28
2010-10-19,116.73
2010-10-20,117.87
2010-10-21,118.13
2010-10-22,118.35
2010-10-25,118.7
2010-10-26,118.72
2010-10-27,118.38
2010-10-28,118.4
2010-10-29,118.49
2010-11-01,118.53
2010-11-02,119.47
2010-11-03,119.95
2010-11-04,122.26
2010-11-05,122.72
2010-11-08,122.49
2010-11-09,121.61
2010-11-10,122.1
2010-11-11,121.64
2010-11-12,120.2
2010-11-15,120.03
2010-11-16,118.16
2010-11-17,118.22
2010-11-18,119.96
2010-11-19,120.29
2010-11-22,120.19
2010-11-23,118.45
2010-11-24,120.2
2010-11-26,118.8
2010-11-29,119.16
2010-11-30,118.49
2010-12-01,121.01
2010-12-02,122.56
2010-12-03,122.89
2010-12-06,122.76
2010-12-07,122.83
2010-12-08,123.28
2010-12-09,123.76
2010-12-10,124.48
2010-12-13,124.56
2010-12-14,124.67
2010-12-15,124.1
2010-12-16,124.82
2010-12-17,124.3
2010-12-20,124.6
2010-12-21,125.39
2010-12-22,125.78
2010-12-23,125.6
2010-12-27,125.65
2010-12-28,125.83
2010-12-29,125.92
2010-12-30,125.72
2010-12-31,125.75
2011-01-03,127.05
2011-01-04,126.98
2011-01-05,127.64
2011-01-06,127.39
2011-01-07,127.14
2011-01-10,126.98
2011-01-11,127.43
2011-01-12,128.58
2011-01-13,128.37
2011-01-14,129.3
2011-01-18,129.52
2011-01-19,128.25
2011-01-20,128.08
2011-01-21,128.37
2011-01-24,129.1
2011-01-25,129.17
2011-01-26,129.67
2011-01-27,129.99
2011-01-28,127.72
2011-01-31,128.68
2011-02-01,130.74
2011-02-02,130.49
2011-02-03,130.78
2011-02-04,131.15
2011-02-07,131.97
2011-02-08,132.57
2011-02-09,132.27
2011-02-10,132.32
2011-02-11,133.11
2011-02-14,133.43
2011-02-15,133.01
2011-02-16,133.85
2011-02-17,134.25
2011-02-18,134.53
2011-02-22,131.83
2011-02-23,131.02
2011-02-24,130.93
2011-02-25,132.33
2011-02-28,133.15
2011-03-01,130.93
2011-03-02,131.21
2011-03-03,133.47
2011-03-04,132.47
2011-03-07,131.43
2011-03-08,132.58
2011-03-09,132.39
2011-03-10,129.94
2011-03-11,130.84
2011-03-14,130.05
2011-03-15,128.56
2011-03-16,126.18
2011-03-17,127.85
2011-03-18,127.76
2011-03-21,129.74
2011-03-22,129.29
2011-03-23,129.66
2011-03-24,130.9
2011-03-25,131.3
2011-03-28,130.98
2011-03-29,131.86
2011-03-30,132.77
2011-03-31,132.59
2011-04-01,133.15
2011-04-04,133.26
2011-04-05,133.24
2011-04-06,133.66
2011-04-07,133.32
2011-04-08,132.86
2011-04-11,132.46
2011-04-12,131.47
2011-04-13,131.46
2011-04-14,131.56
2011-04-15,132.04
2011-04-18,130.56
2011-04-19,131.31
2011-04-20,133.1
2011-04-21,133.78
2011-04-25,133.64
2011-04-26,134.79
2011-04-27,135.67
2011-04-28,136.11
2011-04-29,136.43
2011-05-02,136.22
2011-05-03,135.73
2011-05-04,134.83
2011-05-05,133.61
2011-05-06,134.2
2011-05-09,134.72
2011-05-10,135.87
2011-05-11,134.44
2011-05-12,135.08
2011-05-13,134.04
2011-05-16,133.19
2011-05-17,133.17
2011-05-18,134.36
2011-05-19,134.68
2011-05-20,133.61
2011-05-23,132.06
2011-05-24,131.95
2011-05-25,132.39
2011-05-26,133
2011-05-27,133.51
2011-05-31,134.9
2011-06-01,131.87
2011-06-02,131.73
2011-06-03,130.42
2011-06-06,129.04
2011-06-07,128.96
2011-06-08,128.42
2011-06-09,129.4
2011-06-10,127.6
2011-06-13,127.7
2011-06-14,129.32
2011-06-15,127.02
2011-06-16,127.3
2011-06-17,127.05
2011-06-20,127.7
2011-06-21,129.45
2011-06-22,128.67
2011-06-23,128.3
2011-06-24,126.81
2011-06-27,127.94
2011-06-28,129.61
2011-06-29,130.72
2011-06-30,131.97
2011-07-01,133.92
2011-07-05,133.81
2011-07-06,133.97
2011-07-07,135.36
2011-07-08,134.4
2011-07-11,131.97
2011-07-12,131.4
2011-07-13,131.84
2011-07-14,130.93
2011-07-15,131.69
2011-07-18,130.61
2011-07-19,132.73
2011-07-20,132.65
2011-07-21,134.49
2011-07-22,134.58
2011-07-25,133.83
2011-07-26,133.33
2011-07-27,130.6
2011-07-28,130.22
2011-07-29,129.33
2011-08-01,128.78
2011-08-02,125.49
2011-08-03,126.17
2011-08-04,120.26
2011-08-05,120.08
2011-08-08,112.26
2011-08-09,117.48
2011-08-10,112.29
2011-08-11,117.33
2011-08-12,118.12
2011-08-15,120.62
2011-08-16,119.59
2011-08-17,119.67
2011-08-18,114.51
2011-08-19,112.64
2011-08-22,112.73
2011-08-23,116.44
2011-08-24,118.08
2011-08-25,116.28
2011-08-26,117.97
2011-08-29,121.36
2011-08-30,121.68
2011-08-31,122.22
2011-09-01,120.94
2011-09-02,117.85
2011-09-06,116.99
2011-09-07,120.29
2011-09-08,119.04
2011-09-09,115.92
2011-09-12,116.67
2011-09-13,117.74
2011-09-14,119.37
2011-09-15,121.43
2011-09-16,121.52
2011-09-19,120.31
2011-09-20,120.17
2011-09-21,116.63
2011-09-22,112.86
2011-09-23,113.54
2011-09-26,116.24
2011-09-27,117.54
2011-09-28,115.14
2011-09-29,116.05
2011-09-30,113.15
2011-10-03,109.93
2011-10-04,112.34
2011-10-05,114.42
2011-10-06,116.49
2011-10-07,115.71
2011-10-10,119.58
2011-10-11,119.7
2011-10-12,120.75
2011-10-13,120.51
2011-10-14,122.57
2011-10-17,120.23
2011-10-18,122.58
2011-10-19,121.13
2011-10-20,121.66
2011-10-21,123.97
2011-10-24,125.49
2011-10-25,123.05
2011-10-26,124.3
2011-10-27,128.63
2011-10-28,128.6
2011-10-31,125.5
2011-11-01,122
2011-11-02,123.99
2011-11-03,126.25
2011-11-04,125.48
2011-11-07,126.26
2011-11-08,127.88
2011-11-09,123.16
2011-11-10,124.32
2011-11-11,126.66
2011-11-14,125.46
2011-11-15,126.08
2011-11-16,124.08
2011-11-17,122.11
2011-11-18,121.98
2011-11-21,119.66
2011-11-22,119.19
2011-11-23,116.56
2011-11-25,116.34
2011-11-28,119.71
2011-11-29,120.05
2011-11-30,124.99
2011-12-01,124.97
2011-12-02,124.86
2011-12-05,126.22
2011-12-06,126.26
2011-12-07,126.73
2011-12-08,123.95
2011-12-09,126.05
2011-12-12,124.21
2011-12-13,123.05
2011-12-14,121.74
2011-12-15,122.18
2011-12-16,121.59
2011-12-19,120.29
2011-12-20,123.93
2011-12-21,124.17
2011-12-22,125.27
2011-12-23,126.39
2011-12-27,126.49
2011-12-28,124.83
2011-12-29,126.12
2011-12-30,125.5
2012-01-03,127.5
2012-01-04,127.7
2012-01-05,128.04
2012-01-06,127.71
2012-01-09,128.02
2012-01-10,129.13
2012-01-11,129.2
2012-01-12,129.51
2012-01-13,128.84
2012-01-17,129.34
2012-01-18,130.77
2012-01-19,131.46
2012-01-20,131.95
2012-01-23,131.61
2012-01-24,131.46
2012-01-25,132.56
2012-01-26,131.88
2012-01-27,131.82
2012-01-30,131.37
2012-01-31,131.32
2012-02-01,132.47
2012-02-02,132.68
2012-02-03,134.54
2012-02-06,134.45
2012-02-07,134.79
2012-02-08,135.19
2012-02-09,135.36
2012-02-10,134.36
2012-02-13,135.36
2012-02-14,135.19
2012-02-15,134.56
2012-02-16,136.05
2012-02-17,136.41
2012-02-21,136.47
2012-02-22,136.03
2012-02-23,136.63
2012-02-24,136.93
2012-02-27,137.16
2012-02-28,137.56
2012-02-29,137.02
2012-03-01,137.73
2012-03-02,137.31
2012-03-05,136.75
2012-03-06,134.75
2012-03-07,135.69
2012-03-08,137.04
2012-03-09,137.57
2012-03-12,137.58
2012-03-13,140.06
2012-03-14,139.91
2012-03-15,140.72
2012-03-16,140.3
2012-03-19,140.85
2012-03-20,140.44
2012-03-21,140.21
2012-03-22,139.2
2012-03-23,139.65
2012-03-26,141.61
2012-03-27,141.17
2012-03-28,140.47
2012-03-29,140.23
2012-03-30,140.81
2012-04-02,141.84
2012-04-03,141.26
2012-04-04,139.86
2012-04-05,139.79
2012-04-09,138.22
2012-04-10,135.9
2012-04-11,137
2012-04-12,138.79
2012-04-13,137.14
2012-04-16,137.05
2012-04-17,139.08
2012-04-18,138.61
2012-04-19,137.72
2012-04-20,137.95
2012-04-23,136.79
2012-04-24,137.31
2012-04-25,139.19
2012-04-26,140.16
2012-04-27,140.39
2012-04-30,139.87
2012-05-01,140.74
2012-05-02,140.32
2012-05-03,139.25
2012-05-04,137
2012-05-07,137.1
2012-05-08,136.55
2012-05-09,135.74
2012-05-10,136.02
2012-05-11,135.61
2012-05-14,134.11
2012-05-15,133.34
2012-05-16,132.83
2012-05-17,130.86
2012-05-18,129.74
2012-05-21,131.97
2012-05-22,132.2
2012-05-23,132.27
2012-05-24,132.53
2012-05-25,132.1
2012-05-29,133.7
2012-05-30,131.76
2012-05-31,131.47
2012-06-01,128.16
2012-06-04,128.1
2012-06-05,129.07
2012-06-06,131.97
2012-06-07,132.05
2012-06-08,133.1
2012-06-11,131.41
2012-06-12,132.92
2012-06-13,132.07
2012-06-14,133.47
2012-06-15,134.14
2012-06-18,134.4
2012-06-19,135.7
2012-06-20,135.48
2012-06-21,132.44
2012-06-22,133.46
2012-06-25,131.32
2012-06-26,131.98
2012-06-27,133.17
2012-06-28,132.79
2012-06-29,136.1
2012-07-02,136.51
2012-07-03,137.41
2012-07-05,136.79
2012-07-06,135.49
2012-07-09,135.32
2012-07-10,134.14
2012-07-11,134.16
2012-07-12,133.51
2012-07-13,135.75
2012-07-16,135.43
2012-07-17,136.36
2012-07-18,137.37
2012-07-19,137.73
2012-07-20,136.47
2012-07-23,135.09
2012-07-24,133.93
2012-07-25,133.96
2012-07-26,136.17
2012-07-27,138.68
2012-07-30,138.68
2012-07-31,137.71
2012-08-01,137.59
2012-08-02,136.64
2012-08-03,139.35
2012-08-06,139.62
2012-08-07,140.32
2012-08-08,140.49
2012-08-09,140.61
2012-08-10,140.84
2012-08-13,140.77
2012-08-14,140.79
2012-08-15,140.95
2012-08-16,141.99
2012-08-17,142.18
2012-08-20,142.19
2012-08-21,141.76
2012-08-22,141.82
2012-08-23,140.66
2012-08-24,141.51
2012-08-27,141.54
2012-08-28,141.4
2012-08-29,141.51
2012-08-30,140.49
2012-08-31,141.16
2012-09-04,141.03
2012-09-05,140.91
2012-09-06,143.77
2012-09-07,144.33
2012-09-10,143.51
2012-09-11,143.91
2012-09-12,144.39
2012-09-13,146.59
2012-09-14,147.24
2012-09-17,146.74
2012-09-18,146.62
2012-09-19,146.7
2012-09-20,146.71
2012-09-21,145.87
2012-09-24,145.65
2012-09-25,144.1
2012-09-26,143.29
2012-09-27,144.64
2012-09-28,143.97
2012-10-01,144.35
2012-10-02,144.5
2012-10-03,145.09
2012-10-04,146.13
2012-10-05,146.14
2012-10-08,145.64
2012-10-09,144.2
2012-10-10,143.28
2012-10-11,143.36
2012-10-12,142.89
2012-10-15,144.08
2012-10-16,145.54
2012-10-17,146.2
2012-10-18,145.82
2012-10-19,143.39
2012-10-22,143.41
2012-10-23,141.42
2012-10-24,141.02
2012-10-25,141.43
2012-10-26,141.35
2012-10-31,141.35
2012-11-01,142.83
2012-11-02,141.56
2012-11-05,141.85
2012-11-06,142.96
2012-11-07,139.72
2012-11-08,138.04
2012-11-09,138.16
2012-11-12,138.27
2012-11-13,137.79
2012-11-14,135.93
2012-11-15,135.7
2012-11-16,136.37
2012-11-19,139.13
2012-11-20,139.19
2012-11-21,139.45
2012-11-23,141.35
2012-11-26,141.05
2012-11-27,140.33
2012-11-28,141.46
2012-11-29,142.12
2012-11-30,142.15
2012-12-03,141.45
2012-12-04,141.25
2012-12-05,141.5
2012-12-06,141.98
2012-12-07,142.41
2012-12-10,142.47
2012-12-11,143.44
2012-12-12,143.51
2012-12-13,142.63
2012-12-14,142.1
2012-12-17,143.77
2012-12-18,145.37
2012-12-19,144.29
2012-12-20,145.12
2012-12-21,142.79
2012-12-24,142.35
2012-12-26,141.75
2012-12-27,141.56
2012-12-28,140.03
2012-12-31,142.41
2013-01-02,146.06
2013-01-03,145.73
2013-01-04,146.37
2013-01-07,145.97
2013-01-08,145.55
2013-01-09,145.92
2013-01-10,147.08
2013-01-11,147.07
2013-01-14,146.97
2013-01-15,147.07
2013-01-16,147.05
2013-01-17,148
2013-01-18,148.33
2013-01-22,149.13
2013-01-23,149.37
2013-01-24,149.41
2013-01-25,150.25
2013-01-28,150.07
2013-01-29,150.66
2013-01-30,150.07
2013-01-31,149.7
2013-02-01,151.24
2013-02-04,149.54
2013-02-05,151.05
2013-02-06,151.16
2013-02-07,150.96
2013-02-08,151.8
2013-02-11,151.77
2013-02-12,152.02
2013-02-13,152.15
2013-02-14,152.29
2013-02-15,152.11
2013-02-19,153.25
2013-02-20,151.34
2013-02-21,150.42
2013-02-22,151.89
2013-02-25,149
2013-02-26,150.02
2013-02-27,151.91
2013-02-28,151.61
2013-03-01,152.11
2013-03-04,152.92
2013-03-05,154.29
2013-03-06,154.5
2013-03-07,154.78
2013-03-08,155.44
2013-03-11,156.03
2013-03-12,155.68
2013-03-13,155.9
2013-03-14,156.73
2013-03-15,155.83
2013-03-18,154.97
2013-03-19,154.61
2013-03-20,155.69
2013-03-21,154.36
2013-03-22,155.6
2013-03-25,154.95
2013-03-26,156.19
2013-03-27,156.19
2013-03-28,156.67
2013-04-01,156.05
2013-04-02,156.82
2013-04-03,155.23
2013-04-04,155.86
2013-04-05,155.16
2013-04-08,156.21
2013-04-09,156.75
2013-04-10,158.67
2013-04-11,159.19
2013-04-12,158.8
2013-04-15,155.12
2013-04-16,157.41
2013-04-17,155.11
2013-04-18,154.14
2013-04-19,155.48
2013-04-22,156.17
2013-04-23,157.78
2013-04-24,157.88
2013-04-25,158.52
2013-04-26,158.24
2013-04-29,159.3
2013-04-30,159.68
2013-05-01,158.28
2013-05-02,159.75
2013-05-03,161.37
2013-05-06,161.78
2013-05-07,162.6
2013-05-08,163.34
2013-05-09,162.88
2013-05-10,163.41
2013-05-13,163.54
2013-05-14,165.23
2013-05-15,166.12
2013-05-16,165.34
2013-05-17,166.94
2013-05-20,166.93
2013-05-21,167.17
2013-05-22,165.93
2013-05-23,165.45
2013-05-24,165.31
2013-05-28,166.3
2013-05-29,165.22
2013-05-30,165.83
2013-05-31,163.45
2013-06-03,164.35
2013-06-04,163.56
2013-06-05,161.27
2013-06-06,162.73
2013-06-07,164.8
2013-06-10,164.8
2013-06-11,163.1
2013-06-12,161.75
2013-06-13,164.21
2013-06-14,163.18
2013-06-17,164.44
2013-06-18,165.74
2013-06-19,163.45
2013-06-20,159.4
2013-06-21,159.07
2013-06-24,157.06
2013-06-25,158.57
2013-06-26,160.14
2013-06-27,161.08
2013-06-28,160.42
2013-07-01,161.36
2013-07-02,161.21
2013-07-03,161.28
2013-07-05,163.02
2013-07-08,163.95
2013-07-09,165.13
2013-07-10,165.19
2013-07-11,167.44
2013-07-12,167.51
2013-07-15,168.15
2013-07-16,167.52
2013-07-17,167.95
2013-07-18,168.87
2013-07-19,169.17
2013-07-22,169.5
2013-07-23,169.14
2013-07-24,168.52
2013-07-25,168.93
2013-07-26,169.11
2013-07-29,168.59
2013-07-30,168.59
2013-07-31,168.71
2013-08-01,170.66
2013-08-02,170.95
2013-08-05,170.7
2013-08-06,169.73
2013-08-07,169.18
2013-08-08,169.8
2013-08-09,169.31
2013-08-12,169.11
2013-08-13,169.61
2013-08-14,168.74
2013-08-15,166.38
2013-08-16,165.83
2013-08-19,164.77
2013-08-20,165.58
2013-08-21,164.56
2013-08-22,166.06
2013-08-23,166.62
2013-08-26,166
2013-08-27,163.33
2013-08-28,163.91
2013-08-29,164.17
2013-08-30,163.65
2013-09-03,164.39
2013-09-04,165.75
2013-09-05,165.96
2013-09-06,166.04
2013-09-09,167.63
2013-09-10,168.87
2013-09-11,169.4
2013-09-12,168.95
2013-09-13,169.33
2013-09-16,170.31
2013-09-17,171.07
2013-09-18,173.05
2013-09-19,172.76
2013-09-20,170.72
2013-09-23,169.93
2013-09-24,169.53
2013-09-25,169.04
2013-09-26,169.69
2013-09-27,168.91
2013-09-30,168.01
2013-10-01,169.34
2013-10-02,169.18
2013-10-03,167.62
2013-10-04,168.89
2013-10-07,167.43
2013-10-08,165.48
2013-10-09,165.6
2013-10-10,169.17
2013-10-11,170.26
2013-10-14,170.94
2013-10-15,169.7
2013-10-16,172.07
2013-10-17,173.22
2013-10-18,174.39
2013-10-21,174.4
2013-10-22,175.41
2013-10-23,174.57
2013-10-24,175.15
2013-10-25,175.95
2013-10-28,176.23
2013-10-29,177.17
2013-10-30,176.29
2013-10-31,175.79
2013-11-01,176.21
2013-11-04,176.83
2013-11-05,176.27
2013-11-06,177.17
2013-11-07,174.93
2013-11-08,177.29
2013-11-11,177.32
2013-11-12,176.96
2013-11-13,178.38
2013-11-14,179.27
2013-11-15,180.05
2013-11-18,179.42
2013-11-19,179.03
2013-11-20,178.47
2013-11-21,179.91
2013-11-22,180.81
2013-11-25,180.63
2013-11-26,180.68
2013-11-27,181.12
2013-11-29,181
2013-12-02,180.53
2013-12-03,179.75
2013-12-04,179.73
2013-12-05,178.94
2013-12-06,180.94
2013-12-09,181.4
2013-12-10,180.75
2013-12-11,178.72
2013-12-12,178.13
2013-12-13,178.11
2013-12-16,179.22
2013-12-17,178.65
2013-12-18,181.7
2013-12-19,181.49
2013-12-20,181.56
2013-12-23,182.53
2013-12-24,182.93
2013-12-26,183.86
2013-12-27,183.85
2013-12-30,183.82
2013-12-31,184.69
2014-01-02,182.92
2014-01-03,182.89
2014-01-06,182.36
2014-01-07,183.48
2014-01-08,183.52
2014-01-09,183.64
2014-01-10,184.14
2014-01-13,181.69
2014-01-14,183.67
2014-01-15,184.66
2014-01-16,184.42
2014-01-17,183.64
2014-01-21,184.18
2014-01-22,184.3
2014-01-23,182.79
2014-01-24,178.89
2014-01-27,178.01
2014-01-28,179.07
2014-01-29,177.35
2014-01-30,179.23
2014-01-31,178.18
2014-02-03,174.17
2014-02-04,175.39
2014-02-05,175.17
2014-02-06,177.48
2014-02-07,179.68
2014-02-10,180.01
2014-02-11,181.98
2014-02-12,182.07
2014-02-13,183.01
2014-02-14,184.02
2014-02-18,184.24
2014-02-19,183.02
2014-02-20,184.1
2014-02-21,183.89
2014-02-24,184.91
2014-02-25,184.84
2014-02-26,184.85
2014-02-27,185.82
2014-02-28,186.29
2014-03-03,184.98
2014-03-04,187.58
2014-03-05,187.75
2014-03-06,188.18
2014-03-07,188.26
2014-03-10,188.16
2014-03-11,187.23
2014-03-12,187.28
2014-03-13,185.18
2014-03-14,184.66
2014-03-17,186.33
2014-03-18,187.66
2014-03-19,186.66
2014-03-20,187.75
2014-03-21,186.2
2014-03-24,185.43
2014-03-25,186.31
2014-03-26,184.97
2014-03-27,184.58
2014-03-28,185.49
2014-03-31,187.01
2014-04-01,188.25
2014-04-02,188.88
2014-04-03,188.63
2014-04-04,186.4
2014-04-07,184.34
2014-04-08,185.1
2014-04-09,187.09
2014-04-10,183.16
2014-04-11,181.51
2014-04-14,182.94
2014-04-15,184.2
2014-04-16,186.13
2014-04-17,186.39
2014-04-21,187.04
2014-04-22,187.89
2014-04-23,187.45
2014-04-24,187.83
2014-04-25,186.29
2014-04-28,186.88
2014-04-29,187.75
2014-04-30,188.31
2014-05-01,188.33
2014-05-02,188.06
2014-05-05,188.42
2014-05-06,186.78
2014-05-07,187.88
2014-05-08,187.68
2014-05-09,187.96
2014-05-12,189.79
2014-05-13,189.96
2014-05-14,189.06
2014-05-15,187.4
2014-05-16,188.05
2014-05-19,188.74
2014-05-20,187.55
2014-05-21,189.13
2014-05-22,189.59
2014-05-23,190.35
2014-05-27,191.52
2014-05-28,191.38
2014-05-29,192.37
2014-05-30,192.68
2014-06-02,192.9
2014-06-03,192.8
2014-06-04,193.19
2014-06-05,194.45
2014-06-06,195.38
2014-06-09,195.58
2014-06-10,195.6
2014-06-11,194.92
2014-06-12,193.54
2014-06-13,194.13
2014-06-16,194.29
2014-06-17,194.83
2014-06-18,196.26
2014-06-19,196.48
2014-06-20,195.94
2014-06-23,195.88
2014-06-24,194.7
2014-06-25,195.58
2014-06-26,195.44
2014-06-27,195.82
2014-06-30,195.72
2014-07-01,197.03
2014-07-02,197.23
2014-07-03,198.2
2014-07-07,197.51
2014-07-08,196.24
2014-07-09,197.12
2014-07-10,196.34
2014-07-11,196.61
2014-07-14,197.6
2014-07-15,197.23
2014-07-16,197.96
2014-07-17,195.71
2014-07-18,197.71
2014-07-21,197.34
2014-07-22,198.2
2014-07-23,198.64
2014-07-24,198.65
2014-07-25,197.72
2014-07-28,197.8
2014-07-29,196.95
2014-07-30,196.98
2014-07-31,193.09
2014-08-01,192.5
2014-08-04,193.89
2014-08-05,192.01
2014-08-06,192.07
2014-08-07,191.03
2014-08-08,193.24
2014-08-11,193.8
2014-08-12,193.53
2014-08-13,194.84
2014-08-14,195.76
2014-08-15,195.72
2014-08-18,197.36
2014-08-19,198.39
2014-08-20,198.92
2014-08-21,199.5
2014-08-22,199.19
2014-08-25,200.2
2014-08-26,200.33
2014-08-27,200.25
2014-08-28,200.14
2014-08-29,200.71
2014-09-02,200.61
2014-09-03,200.5
2014-09-04,200.21
2014-09-05,201.11
2014-09-08,200.59
2014-09-09,199.32
2014-09-10,200.07
2014-09-11,200.3
2014-09-12,199.13
2014-09-15,198.98
2014-09-16,200.48
2014-09-17,200.75
2014-09-18,201.82
2014-09-19,200.7
2014-09-22,199.15
2014-09-23,198.01
2014-09-24,199.56
2014-09-25,196.34
2014-09-26,197.9
2014-09-29,197.54
2014-09-30,197.02
2014-10-01,194.35
2014-10-02,194.38
2014-10-03,196.52
2014-10-06,196.29
2014-10-07,193.26
2014-10-08,196.64
2014-10-09,192.74
2014-10-10,190.54
2014-10-13,187.41
2014-10-14,187.7
2014-10-15,186.43
2014-10-16,186.27
2014-10-17,188.47
2014-10-20,190.3
2014-10-21,194.07
2014-10-22,192.69
2014-10-23,194.93
2014-10-24,196.43
2014-10-27,196.16
2014-10-28,198.41
2014-10-29,198.11
2014-10-30,199.38
2014-10-31,201.66
2014-11-03,201.77
2014-11-04,201.07
2014-11-05,202.34
2014-11-06,203.15
2014-11-07,203.34
2014-11-10,203.98
2014-11-11,204.18
2014-11-12,203.96
2014-11-13,204.19
2014-11-14,204.24
2014-11-17,204.37
2014-11-18,205.55
2014-11-19,205.22
2014-11-20,205.58
2014-11-21,206.68
2014-11-24,207.26
2014-11-25,207.11
2014-11-26,207.64
2014-11-28,207.2
2014-12-01,205.76
2014-12-02,207.09
2014-12-03,207.89
2014-12-04,207.66
2014-12-05,208
2014-12-08,206.61
2014-12-09,206.47
2014-12-10,203.16
2014-12-11,204.19
2014-12-12,200.89
2014-12-15,199.51
2014-12-16,197.91
2014-12-17,201.79
2014-12-18,206.78
2014-12-19,206.52
2014-12-22,207.47
2014-12-23,207.75
2014-12-24,207.77
2014-12-26,208.44
2014-12-29,208.72
2014-12-30,207.6
2014-12-31,205.54
2015-01-02,205.43
2015-01-05,201.72
2015-01-06,199.82
2015-01-07,202.31
2015-01-08,205.9
2015-01-09,204.25
2015-01-12,202.65
2015-01-13,202.08
2015-01-14,200.86
2015-01-15,199.02
2015-01-16,201.63
2015-01-20,202.06
2015-01-21,203.08
2015-01-22,206.1
2015-01-23,204.97
2015-01-26,205.45
2015-01-27,202.74
2015-01-28,200.14
2015-01-29,201.99
2015-01-30,199.45
2015-02-02,201.92
2015-02-03,204.84
2015-02-04,204.06
2015-02-05,206.12
2015-02-06,205.55
2015-02-09,204.63
2015-02-10,206.81
2015-02-11,206.93
2015-02-12,208.92
2015-02-13,209.78
2015-02-17,210.11
2015-02-18,210.13
2015-02-19,209.98
2015-02-20,211.24
2015-02-23,211.21
2015-02-24,211.81
2015-02-25,211.63
2015-02-26,211.38
2015-02-27,210.66
2015-03-02,211.99
2015-03-03,211.12
2015-03-04,210.23
2015-03-05,210.46
2015-03-06,207.5
2015-03-09,208.36
2015-03-10,204.98
2015-03-11,204.5
2015-03-12,207.1
2015-03-13,205.83
2015-03-16,208.58
2015-03-17,207.96
2015-03-18,210.46
2015-03-19,209.5
2015-03-20,210.41
2015-03-23,210
2015-03-24,208.82
2015-03-25,205.76
2015-03-26,205.27
2015-03-27,205.74
2015-03-30,208.25
2015-03-31,206.43
2015-04-01,205.7
2015-04-02,206.44
2015-04-06,207.83
2015-04-07,207.28
2015-04-08,207.98
2015-04-09,208.9
2015-04-10,210.04
2015-04-13,209.09
2015-04-14,209.49
2015-04-15,210.43
2015-04-16,210.37
2015-04-17,207.95
2015-04-20,209.85
2015-04-21,209.6
2015-04-22,210.63
2015-04-23,211.16
2015-04-24,211.65
2015-04-27,210.77
2015-04-28,211.44
2015-04-29,210.57
2015-04-30,208.46
2015-05-01,210.72
2015-05-04,211.32
2015-05-05,208.9
2015-05-06,208.04
2015-05-07,208.87
2015-05-08,211.62
2015-05-11,210.61
2015-05-12,209.98
2015-05-13,210.02
2015-05-14,212.21
2015-05-15,212.44
2015-05-18,213.1
2015-05-19,213.03
2015-05-20,212.88
2015-05-21,213.5
2015-05-22,212.99
2015-05-26,210.7
2015-05-27,212.7
2015-05-28,212.46
2015-05-29,211.14
2015-06-01,211.57
2015-06-02,211.36
2015-06-03,211.92
2015-06-04,210.13
2015-06-05,209.77
2015-06-08,208.48
2015-06-09,208.45
2015-06-10,210.95
2015-06-11,211.63
2015-06-12,210.01
2015-06-15,209.11
2015-06-16,210.25
2015-06-17,210.59
2015-06-18,212.78
2015-06-19,210.81
2015-06-22,211.89
2015-06-23,212.04
2015-06-24,210.5
2015-06-25,209.86
2015-06-26,209.82
2015-06-29,205.42
2015-06-30,205.85
2015-07-01,207.5
2015-07-02,207.31
2015-07-06,206.72
2015-07-07,208.02
2015-07-08,204.53
2015-07-09,204.9
2015-07-10,207.48
2015-07-13,209.77
2015-07-14,210.68
2015-07-15,210.61
2015-07-16,212.3
2015-07-17,212.48
2015-07-20,212.59
2015-07-21,211.75
2015-07-22,211.37
2015-07-23,210.18
2015-07-24,208
2015-07-27,206.79
2015-07-28,209.33
2015-07-29,210.77
2015-07-30,210.82
2015-07-31,210.5
2015-08-03,209.79
2015-08-04,209.38
2015-08-05,210.07
2015-08-06,208.35
2015-08-07,207.95
2015-08-10,210.57
2015-08-11,208.67
2015-08-12,208.92
2015-08-13,208.66
2015-08-14,209.42
2015-08-17,210.59
2015-08-18,209.98
2015-08-19,208.32
2015-08-20,203.97
2015-08-21,197.83
2015-08-24,189.5
2015-08-25,187.27
2015-08-26,194.46
2015-08-27,199.27
2015-08-28,199.28
2015-08-31,197.67
2015-09-01,191.77
2015-09-02,195.41
2015-09-03,195.55
2015-09-04,192.59
2015-09-08,197.43
2015-09-09,194.79
2015-09-10,195.85
2015-09-11,196.74
2015-09-14,196.01
2015-09-15,198.46
2015-09-16,200.18
2015-09-17,199.73
2015-09-18,195.45
2015-09-21,196.46
2015-09-22,193.91
2015-09-23,193.6
2015-09-24,192.9
2015-09-25,192.85
2015-09-28,188.01
2015-09-29,188.12
2015-09-30,191.63
2015-10-01,192.13
2015-10-02,195
2015-10-05,198.47
2015-10-06,197.79
2015-10-07,199.41
2015-10-08,201.21
2015-10-09,201.33
2015-10-12,201.52
2015-10-13,200.25
2015-10-14,199.29
2015-10-15,202.35
2015-10-16,203.27
2015-10-19,203.37
2015-10-20,203.11
2015-10-21,201.85
2015-10-22,205.26
2015-10-23,207.51
2015-10-26,207
2015-10-27,206.6
2015-10-28,208.95
2015-10-29,208.83
2015-10-30,207.93
2015-11-02,210.39
2015-11-03,211
2015-11-04,210.36
2015-11-05,210.15
2015-11-06,210.04
2015-11-09,208.08
2015-11-10,208.56
2015-11-11,207.74
2015-11-12,204.84
2015-11-13,202.54
2015-11-16,205.62
2015-11-17,205.47
2015-11-18,208.73
2015-11-19,208.55
2015-11-20,209.31
2015-11-23,209.07
2015-11-24,209.35
2015-11-25,209.32
2015-11-27,209.56
2015-11-30,208.69
2015-12-01,210.68
2015-12-02,208.53
2015-12-03,205.61
2015-12-04,209.62
2015-12-07,208.35
2015-12-08,206.95
2015-12-09,205.34
2015-12-10,205.87
2015-12-11,201.88
2015-12-14,202.9
2015-12-15,205.03
2015-12-16,208.03
2015-12-17,204.86
2015-12-18,200.02
2015-12-21,201.67
2015-12-22,203.5
2015-12-23,206.02
2015-12-24,205.68
2015-12-28,205.21
2015-12-29,207.4
2015-12-30,205.93
2015-12-31,203.87
2016-01-04,201.02
2016-01-05,201.36
2016-01-06,198.82
2016-01-07,194.05
2016-01-08,191.92
2016-01-11,192.11
2016-01-12,193.66
2016-01-13,188.83
2016-01-14,191.93
2016-01-15,187.81
2016-01-19,188.06
2016-01-20,185.65
2016-01-21,186.69
2016-01-22,190.52
2016-01-25,187.64
2016-01-26,190.2
2016-01-27,188.13
2016-01-28,189.11
2016-01-29,193.72
2016-02-01,193.65
2016-02-02,190.16
2016-02-03,191.3
2016-02-04,191.6
2016-02-05,187.95
2016-02-08,185.42
2016-02-09,185.43
2016-02-10,185.27
2016-02-11,182.86
2016-02-12,186.63
2016-02-16,189.78
2016-02-17,192.88
2016-02-18,192.09
2016-02-19,192
2016-02-22,194.78
2016-02-23,192.32
2016-02-24,193.2
2016-02-25,195.54
2016-02-26,195.09
2016-02-29,193.56
2016-03-01,198.11
2016-03-02,199
2016-03-03,199.78
2016-03-04,200.43
2016-03-07,200.59
2016-03-08,198.4
2016-03-09,199.38
2016-03-10,199.54
2016-03-11,202.76
2016-03-14,202.5
2016-03-15,202.17
2016-03-16,203.34
2016-03-17,204.63
2016-03-18,204.38
2016-03-21,204.67
2016-03-22,204.56
2016-03-23,203.21
2016-03-24,203.12
2016-03-28,203.24
2016-03-29,205.12
2016-03-30,206.02
2016-03-31,205.52
2016-04-01,206.92
2016-04-04,206.25
2016-04-05,204.19
2016-04-06,206.42
2016-04-07,203.95
2016-04-08,204.5
2016-04-11,204.02
2016-04-12,205.92
2016-04-13,208
2016-04-14,208.01
2016-04-15,207.78
2016-04-18,209.24
2016-04-19,209.9
2016-04-20,210.1
2016-04-21,208.97
2016-04-22,208.97
2016-04-25,208.61
2016-04-26,208.92
2016-04-27,209.35
2016-04-28,207.45
2016-04-29,206.33
2016-05-02,207.97
2016-05-03,206.16
2016-05-04,205.01
2016-05-05,204.97
2016-05-06,205.72
2016-05-09,205.89
2016-05-10,208.45
2016-05-11,206.5
2016-05-12,206.56
2016-05-13,204.76
2016-05-16,206.78
2016-05-17,204.85
2016-05-18,204.91
2016-05-19,204.2
2016-05-20,205.49
2016-05-23,205.21
2016-05-24,207.87
2016-05-25,209.28
2016-05-26,209.34
2016-05-27,210.24
2016-05-31,209.84
2016-06-01,210.27
2016-06-02,210.91
2016-06-03,210.28
2016-06-06,211.35
2016-06-07,211.68
2016-06-08,212.37
2016-06-09,212.08
2016-06-10,210.07
2016-06-13,208.45
2016-06-14,208.04
2016-06-15,207.75
2016-06-16,208.37
2016-06-17,206.52
2016-06-20,207.85
2016-06-21,208.44
2016-06-22,208.1
2016-06-23,210.81
2016-06-24,203.24
2016-06-27,199.6
2016-06-28,203.2
2016-06-29,206.66
2016-06-30,209.48
2016-07-01,209.92
2016-07-05,208.41
2016-07-06,209.66
2016-07-07,209.53
2016-07-08,212.65
2016-07-11,213.4
2016-07-12,214.95
2016-07-13,214.92
2016-07-14,216.12
2016-07-15,215.83
2016-07-18,216.41
2016-07-19,216.19
2016-07-20,217.09
2016-07-21,216.27
2016-07-22,217.24
2016-07-25,216.65
2016-07-26,216.75
2016-07-27,216.52
2016-07-28,216.77
2016-07-29,217.12
2016-08-01,216.94
2016-08-02,215.55
2016-08-03,216.18
2016-08-04,216.41
2016-08-05,218.18
2016-08-08,218.05
2016-08-09,218.18
2016-08-10,217.64
2016-08-11,218.65
2016-08-12,218.46
2016-08-15,219.09
2016-08-16,217.96
2016-08-17,218.37
2016-08-18,218.86
2016-08-19,218.54
2016-08-22,218.53
2016-08-23,218.97
2016-08-24,217.85
2016-08-25,217.7
2016-08-26,217.29
2016-08-29,218.36
2016-08-30,218
2016-08-31,217.38
2016-09-01,217.39
2016-09-02,218.37
2016-09-06,219.03
2016-09-07,219.01
2016-09-08,218.51
2016-09-09,213.28
2016-09-12,216.34
2016-09-13,213.23
2016-09-14,213.15
2016-09-15,215.28
2016-09-16,213.37
2016-09-19,213.41
2016-09-20,213.42
2016-09-21,215.82
2016-09-22,217.18
2016-09-23,215.99
2016-09-26,214.24
2016-09-27,215.57
2016-09-28,216.64
2016-09-29,214.68
2016-09-30,216.3
2016-10-03,215.78
2016-10-04,214.68
2016-10-05,215.63
2016-10-06,215.78
2016-10-07,215.04
2016-10-10,216.16
2016-10-11,213.43
2016-10-12,213.71
2016-10-13,213.01
2016-10-14,213.12
2016-10-17,212.38
2016-10-18,213.71
2016-10-19,214.28
2016-10-20,213.88
2016-10-21,213.98
2016-10-24,214.89
2016-10-25,214.17
2016-10-26,213.74
2016-10-27,213.17
2016-10-28,212.54
2016-10-31,212.55
2016-11-01,211.01
2016-11-02,209.74
2016-11-03,208.78
2016-11-04,208.55
2016-11-07,213.15
2016-11-08,214.11
2016-11-09,216.38
2016-11-10,216.92
2016-11-11,216.42
2016-11-14,216.59
2016-11-15,218.28
2016-11-16,217.87
2016-11-17,218.99
2016-11-18,218.5
2016-11-21,220.15
2016-11-22,220.58
2016-11-23,220.7
2016-11-25,221.52
2016-11-28,220.48
2016-11-29,220.91
2016-11-30,220.38
2016-12-01,219.57
2016-12-02,219.68
2016-12-05,221
2016-12-06,221.7
2016-12-07,224.6
2016-12-08,225.15
2016-12-09,226.51
2016-12-12,226.25
2016-12-13,227.76
2016-12-14,225.88
2016-12-15,226.81
2016-12-16,225.04
2016-12-19,225.53
2016-12-20,226.4
2016-12-21,225.77
2016-12-22,225.38
2016-12-23,225.71
2016-12-27,226.27
2016-12-28,224.4
2016-12-29,224.35
2016-12-30,223.53
2017-01-03,225.24
2017-01-04,226.58
2017-01-05,226.4
2017-01-06,227.21
2017-01-09,226.46
2017-01-10,226.46
2017-01-11,227.1
2017-01-12,226.53
2017-01-13,227.05
2017-01-17,226.25
2017-01-18,226.75
2017-01-19,225.91
2017-01-20,226.74
2017-01-23,226.15
2017-01-24,227.6
2017-01-25,229.57
2017-01-26,229.33
2017-01-27,228.97
2017-01-30,227.55
2017-01-31,227.53
2017-02-01,227.62
2017-02-02,227.77
2017-02-03,229.34
2017-02-06,228.93
2017-02-07,228.94
2017-02-08,229.24
2017-02-09,230.6
2017-02-10,231.51
2017-02-13,232.77
2017-02-14,233.7
2017-02-15,234.92
2017-02-16,234.72
2017-02-17,235.09
2017-02-21,236.49
2017-02-22,236.28
2017-02-23,236.44
2017-02-24,236.74
2017-02-27,237.11
2017-02-28,236.47
2017-03-01,239.78
2017-03-02,238.27
2017-03-03,238.42
2017-03-06,237.71
2017-03-07,237
2017-03-08,236.56
2017-03-09,236.86
2017-03-10,237.69
2017-03-13,237.81
2017-03-14,236.9
2017-03-15,238.95
2017-03-16,238.48
2017-03-17,237.03
2017-03-20,236.77
2017-03-21,233.73
2017-03-22,234.28
2017-03-23,234.03
2017-03-24,233.86
2017-03-27,233.62
2017-03-28,235.32
2017-03-29,235.54
2017-03-30,236.29
2017-03-31,235.74
2017-04-03,235.33
2017-04-04,235.48
2017-04-05,234.78
2017-04-06,235.44
2017-04-07,235.2
2017-04-10,235.34
2017-04-11,235.06
2017-04-12,234.03
2017-04-13,232.51
2017-04-17,234.57
2017-04-18,233.87
2017-04-19,233.44
2017-04-20,235.34
2017-04-21,234.59
2017-04-24,237.17
2017-04-25,238.55
2017-04-26,238.4
2017-04-27,238.6
2017-04-28,238.08
2017-05-01,238.68
2017-05-02,238.77
2017-05-03,238.48
2017-05-04,238.76
2017-05-05,239.7
2017-05-08,239.66
2017-05-09,239.44
2017-05-10,239.87
2017-05-11,239.38
2017-05-12,238.98
2017-05-15,240.3
2017-05-16,240.08
2017-05-17,235.82
2017-05-18,236.77
2017-05-19,238.31
2017-05-22,239.52
2017-05-23,240.05
2017-05-24,240.61
2017-05-25,241.76
2017-05-26,241.71
2017-05-30,241.5
2017-05-31,241.44
2017-06-01,243.36
2017-06-02,244.17
2017-06-05,243.99
2017-06-06,243.21
2017-06-07,243.66
2017-06-08,243.78
2017-06-09,243.41
2017-06-12,243.36
2017-06-13,244.55
2017-06-14,244.24
2017-06-15,243.77
2017-06-16,242.64
2017-06-19,244.66
2017-06-20,243.01
2017-06-21,242.95
2017-06-22,242.84
2017-06-23,243.13
2017-06-26,243.29
2017-06-27,241.33
2017-06-28,243.49
2017-06-29,241.35
2017-06-30,241.8
2017-07-03,242.21
2017-07-05,242.77
2017-07-06,240.55
2017-07-07,242.11
2017-07-10,242.37
2017-07-11,242.19
2017-07-12,244.01
2017-07-13,244.42
2017-07-14,245.56
2017-07-17,245.53
2017-07-18,245.66
2017-07-19,246.99
2017-07-20,247.1
2017-07-21,246.88
2017-07-24,246.82
2017-07-25,247.42
2017-07-26,247.43
2017-07-27,247.2
2017-07-28,246.91
2017-07-31,246.77
2017-08-01,247.32
2017-08-02,247.44
2017-08-03,246.96
2017-08-04,247.41
2017-08-07,247.87
2017-08-08,247.26
2017-08-09,247.25
2017-08-10,243.76
2017-08-11,244.12
2017-08-14,246.54
2017-08-15,246.51
2017-08-16,246.94
2017-08-17,243.09
2017-08-18,242.71
2017-08-21,242.9
2017-08-22,245.44
2017-08-23,244.56
2017-08-24,243.99
2017-08-25,244.56
2017-08-28,244.57
2017-08-29,244.85
2017-08-30,246.01
2017-08-31,247.49
2017-09-01,247.84
2017-09-05,246.06
2017-09-06,246.9
2017-09-07,246.87
2017-09-08,246.58
2017-09-11,249.21
2017-09-12,250.05
2017-09-13,250.17
2017-09-14,250.09
2017-09-15,249.19
2017-09-18,249.72
2017-09-19,249.97
2017-09-20,250.06
2017-09-21,249.39
2017-09-22,249.44
2017-09-25,248.93
2017-09-26,249.08
2017-09-27,250.05
2017-09-28,250.35
2017-09-29,251.23
2017-10-02,252.32
2017-10-03,252.86
2017-10-04,253.16
2017-10-05,254.66
2017-10-06,254.37
2017-10-09,253.95
2017-10-10,254.62
2017-10-11,255.02
2017-10-12,254.64
2017-10-13,254.95
2017-10-16,255.29
2017-10-17,255.47
2017-10-18,255.72
2017-10-19,255.79
2017-10-20,257.11
2017-10-23,256.11
2017-10-24,256.56
2017-10-25,255.29
2017-10-26,255.62
2017-10-27,257.71
2017-10-30,256.75
2017-10-31,257.15
2017-11-01,257.49
2017-11-02,257.59
2017-11-03,258.45
2017-11-06,258.85
2017-11-07,258.67
2017-11-08,259.11
2017-11-09,258.17
2017-11-10,258.09
2017-11-13,258.33
2017-11-14,257.73
2017-11-15,256.44
2017-11-16,258.62
2017-11-17,257.86
2017-11-20,258.3
2017-11-21,259.99
2017-11-22,259.76
2017-11-24,260.36
2017-11-27,260.23
2017-11-28,262.87
2017-11-29,262.71
2017-11-30,265.01
2017-12-01,264.46
2017-12-04,264.14
2017-12-05,263.19
2017-12-06,263.24
2017-12-07,264.07
2017-12-08,265.51
2017-12-11,266.31
2017-12-12,266.78
2017-12-13,266.75
2017-12-14,265.66
2017-12-15,266.51
2017-12-18,268.2
2017-12-19,267.17
2017-12-20,267.03
2017-12-21,267.58
2017-12-22,267.51
2017-12-26,267.19
2017-12-27,267.32
2017-12-28,267.87
2017-12-29,266.86
2018-01-02,268.77
2018-01-03,270.47
2018-01-04,271.61
2018-01-05,273.42
2018-01-08,273.92
2018-01-09,274.54
2018-01-10,274.12
2018-01-11,276.12
2018-01-12,277.92
2018-01-16,276.97
2018-01-17,279.61
2018-01-18,279.14
2018-01-19,280.41
2018-01-22,282.69
2018-01-23,283.29
2018-01-24,283.18
2018-01-25,283.3
2018-01-26,286.58
2018-01-29,284.68
2018-01-30,281.76
2018-01-31,281.9
2018-02-01,281.58
2018-02-02,275.45
2018-02-05,263.93
2018-02-06,269.13
2018-02-07,267.67
2018-02-08,257.63
2018-02-09,261.5
2018-02-12,265.34
2018-02-13,266
2018-02-14,269.59
2018-02-15,273.03
2018-02-16,273.11
2018-02-20,271.4
2018-02-21,270.05
2018-02-22,270.4
2018-02-23,274.71
2018-02-26,277.9
2018-02-27,274.43
2018-02-28,271.65
2018-03-01,267.7
2018-03-02,269.08
2018-03-05,272.19
2018-03-06,272.88
2018-03-07,272.78
2018-03-08,274.1
2018-03-09,278.87
2018-03-12,278.52
2018-03-13,276.72
2018-03-14,275.3
2018-03-15,275
2018-03-16,274.2
2018-03-19,270.49
2018-03-20,270.95
2018-03-21,270.43
2018-03-22,263.67
2018-03-23,258.05
2018-03-26,265.11
2018-03-27,260.6
2018-03-28,259.83
2018-03-29,263.15
2018-04-02,257.47
2018-04-03,260.77
2018-04-04,263.56
2018-04-05,265.64
2018-04-06,259.72
2018-04-09,261
2018-04-10,265.15
2018-04-11,263.76
2018-04-12,265.93
2018-04-13,265.15
2018-04-16,267.33
2018-04-17,270.19
2018-04-18,270.39
2018-04-19,268.89
2018-04-20,266.61
2018-04-23,266.57
2018-04-24,262.98
2018-04-25,263.63
2018-04-26,266.31
2018-04-27,266.56
2018-04-30,264.51
2018-05-01,264.98
2018-05-02,263.2
2018-05-03,262.62
2018-05-04,266.02
2018-05-07,266.92
2018-05-08,266.92
2018-05-09,269.5
2018-05-10,272.02
2018-05-11,272.85
2018-05-14,272.98
2018-05-15,271.1
2018-05-16,272.24
2018-05-17,272.01
2018-05-18,271.33
2018-05-21,273.37
2018-05-22,272.61
2018-05-23,273.36
2018-05-24,272.8
2018-05-25,272.15
2018-05-29,269.02
2018-05-30,272.61
2018-05-31,270.94
2018-06-01,273.6
2018-06-04,274.9
2018-06-05,275.1
2018-06-06,277.4
2018-06-07,277.37
2018-06-08,278.19
2018-06-11,278.56
2018-06-12,278.92
2018-06-13,278.03
2018-06-14,278.73
2018-06-15,277.13
2018-06-18,276.56
2018-06-19,275.5
2018-06-20,275.97
2018-06-21,274.24
2018-06-22,274.74
2018-06-25,271
2018-06-26,271.6
2018-06-27,269.35
2018-06-28,270.89
2018-06-29,271.28
2018-07-02,271.86
2018-07-03,270.9
2018-07-05,273.11
2018-07-06,275.42
2018-07-09,277.9
2018-07-10,278.9
2018-07-11,276.86
2018-07-12,279.37
2018-07-13,279.59
2018-07-16,279.34
2018-07-17,280.47
2018-07-18,281.06
2018-07-19,280
2018-07-20,279.68
2018-07-23,280.2
2018-07-24,281.61
2018-07-25,284.01
2018-07-26,283.34
2018-07-27,281.42
2018-07-30,279.95
2018-07-31,281.33
2018-08-01,280.86
2018-08-02,282.39
2018-08-03,283.6
2018-08-06,284.64
2018-08-07,285.58
2018-08-08,285.46
2018-08-09,285.07
2018-08-10,283.16
2018-08-13,282.1
2018-08-14,283.9
2018-08-15,281.78
2018-08-16,284.06
2018-08-17,285.06
2018-08-20,285.67
2018-08-21,286.34
2018-08-22,286.17
2018-08-23,285.79
2018-08-24,287.51
2018-08-27,289.78
2018-08-28,289.92
2018-08-29,291.48
2018-08-30,290.3
2018-08-31,290.31
2018-09-04,289.81
2018-09-05,289.03
2018-09-06,288.16
2018-09-07,287.6
2018-09-10,288.1
2018-09-11,289.05
2018-09-12,289.12
2018-09-13,290.83
2018-09-14,290.88
2018-09-17,289.34
2018-09-18,290.91
2018-09-19,291.22
2018-09-20,293.58
2018-09-21,291.99
2018-09-24,291.02
2018-09-25,290.75
2018-09-26,289.88
2018-09-27,290.69
2018-09-28,290.72
2018-10-01,291.73
2018-10-02,291.56
2018-10-03,291.72
2018-10-04,289.44
2018-10-05,287.82
2018-10-08,287.82
2018-10-09,287.4
2018-10-10,278.3
2018-10-11,272.17
2018-10-12,275.95
2018-10-15,274.4
2018-10-16,280.4
2018-10-17,280.45
2018-10-18,276.4
2018-10-19,276.25
2018-10-22,275.01
2018-10-23,273.61
2018-10-24,265.32
2018-10-25,270.08
2018-10-26,265.33
2018-10-29,263.86
2018-10-30,267.77
2018-10-31,270.63
2018-11-01,273.51
2018-11-02,271.89
2018-11-05,273.39
2018-11-06,275.12
2018-11-07,281.01
2018-11-08,280.5
2018-11-09,277.76
2018-11-12,272.57
2018-11-13,272.06
2018-11-14,270.2
2018-11-15,273.02
2018-11-16,273.73
2018-11-19,269.1
2018-11-20,264.12
2018-11-21,265.02
2018-11-23,263.25
2018-11-26,267.5
2018-11-27,268.4
2018-11-28,274.58
2018-11-29,273.98
2018-11-30,275.65
2018-12-03,279.3
2018-12-04,270.25
2018-12-06,269.84
2018-12-07,263.57
2018-12-10,264.07
2018-12-11,264.13
2018-12-12,265.46
2018-12-13,265.37
2018-12-14,260.47
2018-12-17,255.36
2018-12-18,255.08
2018-12-19,251.26
2018-12-20,247.17
2018-12-21,240.7
2018-12-24,234.34
2018-12-26,246.18
2018-12-27,248.07
2018-12-28,247.75
2018-12-31,249.92
2019-01-02,250.18
2019-01-03,244.21
2019-01-04,252.39
2019-01-07,254.38
2019-01-08,256.77
2019-01-09,257.97
2019-01-10,258.88
2019-01-11,258.98
2019-01-14,257.4
2019-01-15,260.35
2019-01-16,260.98
2019-01-17,262.96
2019-01-18,266.46
2019-01-22,262.86
2019-01-23,263.41
2019-01-24,263.55
2019-01-25,265.78
2019-01-28,263.76
2019-01-29,263.41
2019-01-30,267.58
2019-01-31,269.93
2019-02-01,270.06
2019-02-04,271.96
2019-02-05,273.1
2019-02-06,272.74
2019-02-07,270.14
2019-02-08,270.47
2019-02-11,270.62
2019-02-12,274.1
2019-02-13,274.99
2019-02-14,274.38
2019-02-15,277.37
2019-02-19,277.85
2019-02-20,278.41
2019-02-21,277.42
2019-02-22,279.14
2019-02-25,279.52
2019-02-26,279.32
2019-02-27,279.2
2019-02-28,278.68
2019-03-01,280.42
2019-03-04,279.4
2019-03-05,279.02
2019-03-06,277.33
2019-03-07,275.01
2019-03-08,274.46
2019-03-11,278.44
2019-03-12,279.49
2019-03-13,281.34
2019-03-14,281.16
2019-03-15,281.31
2019-03-18,282.33
2019-03-19,282.4
2019-03-20,281.55
2019-03-21,284.73
2019-03-22,279.25
2019-03-25,279.04
2019-03-26,281.12
2019-03-27,279.65
2019-03-28,280.71
2019-03-29,282.48
2019-04-01,285.83
2019-04-02,285.97
2019-04-03,286.42
2019-04-04,287.18
2019-04-05,288.57
2019-04-08,288.79
2019-04-09,287.31
2019-04-10,288.29
2019-04-11,288.21
2019-04-12,290.16
2019-04-15,289.97
2019-04-16,290.16
2019-04-17,289.45
2019-04-18,290.02
2019-04-22,290.27
2019-04-23,292.88
2019-04-24,292.23
2019-04-25,292.05
2019-04-26,293.41
2019-04-29,293.87
2019-04-30,294.02
2019-05-01,291.81
2019-05-02,291.18
2019-05-03,294.03
2019-05-06,292.82
2019-05-07,287.93
2019-05-08,287.53
2019-05-09,286.66
2019-05-10,288.1
2019-05-13,280.86
2019-05-14,283.4
2019-05-15,285.06
2019-05-16,287.7
2019-05-17,285.84
2019-05-20,283.95
2019-05-21,286.51
2019-05-22,285.63
2019-05-23,282.14
2019-05-24,282.78
2019-05-28,280.15
2019-05-29,278.27
2019-05-30,279.03
2019-05-31,275.27
2019-06-03,274.57
2019-06-04,280.53
2019-06-05,282.96
2019-06-06,284.8
2019-06-07,287.65
2019-06-10,288.97
2019-06-11,288.9
2019-06-12,288.39
2019-06-13,289.58
2019-06-14,289.26
2019-06-17,289.37
2019-06-18,292.4
2019-06-19,293.06
2019-06-20,295.86
2019-06-21,294
2019-06-24,293.64
2019-06-25,290.76
2019-06-26,290.47
2019-06-27,291.5
2019-06-28,293
2019-07-01,295.66
2019-07-02,296.43
2019-07-03,298.8
2019-07-05,298.46
2019-07-08,296.82
2019-07-09,297.19
2019-07-10,298.61
2019-07-11,299.31
2019-07-12,300.65
2019-07-15,300.75
2019-07-16,299.78
2019-07-17,297.74
2019-07-18,298.83
2019-07-19,297.17
2019-07-22,297.9
2019-07-23,300.03
2019-07-24,301.44
2019-07-25,300
2019-07-26,302.01
2019-07-29,301.46
2019-07-30,300.72
2019-07-31,297.43
2019-08-01,294.84
2019-08-02,292.62
2019-08-05,283.82
2019-08-06,287.8
2019-08-07,287.97
2019-08-08,293.62
2019-08-09,291.62
2019-08-12,288.07
2019-08-13,292.55
2019-08-14,283.9
2019-08-15,284.65
2019-08-16,288.85
2019-08-19,292.33
2019-08-20,290.09
2019-08-21,292.45
2019-08-22,292.36
2019-08-23,284.85
2019-08-26,288
2019-08-27,286.87
2019-08-28,288.89
2019-08-29,292.58
2019-08-30,292.45
2019-09-03,290.74
2019-09-04,294.04
2019-09-05,297.82
2019-09-06,298.05
2019-09-09,298.2
2019-09-10,298.13
2019-09-11,300.25
2019-09-12,301.29
2019-09-13,301.09
2019-09-16,300.16
2019-09-17,300.92
2019-09-18,301.1
2019-09-19,301.08
2019-09-20,298.28
2019-09-23,298.21
2019-09-24,295.87
2019-09-25,297.62
2019-09-26,297
2019-09-27,295.4
2019-09-30,296.77
2019-10-01,293.24
2019-10-02,288.06
2019-10-03,290.42
2019-10-04,294.35
2019-10-07,293.08
2019-10-08,288.53
2019-10-09,291.27
2019-10-10,293.24
2019-10-11,296.28
2019-10-14,295.95
2019-10-15,298.88
2019-10-16,298.4
2019-10-17,299.28
2019-10-18,297.97
2019-10-21,299.99
2019-10-22,299.01
2019-10-23,299.88
2019-10-24,300.37
2019-10-25,301.6
2019-10-28,303.3
2019-10-29,303.21
2019-10-30,304.14
2019-10-31,303.33
2019-11-01,306.14
2019-11-04,307.37
2019-11-05,307.03
2019-11-06,307.1
2019-11-07,308.18
2019-11-08,308.94
2019-11-11,308.35
2019-11-12,309
2019-11-13,309.1
2019-11-14,309.55
2019-11-15,311.79
2019-11-18,312.02
2019-11-19,311.93
2019-11-20,310.77
2019-11-21,310.27
2019-11-22,310.96
2019-11-25,313.37
2019-11-26,314.08
2019-11-27,315.48
2019-11-29,314.31
2019-12-02,311.64
2019-12-03,309.55
2019-12-04,311.46
2019-12-05,312.02
2019-12-06,314.87
2019-12-09,313.88
2019-12-10,313.53
2019-12-11,314.42
2019-12-12,317.13
2019-12-13,317.32
2019-12-16,319.5
2019-12-17,319.57
2019-12-18,319.59
2019-12-19,320.9
2019-12-20,320.73
2019-12-23,321.22
2019-12-24,321.23
2019-12-26,322.94
2019-12-27,322.86
2019-12-30,321.08
2019-12-31,321.86
2020-01-02,324.87
2020-01-03,322.41
2020-01-06,323.64
2020-01-07,322.73
2020-01-08,324.45
2020-01-09,326.65
2020-01-10,325.71
2020-01-13,327.95
2020-01-14,327.45
2020-01-15,328.19
2020-01-16,330.92
2020-01-17,331.95
2020-01-21,331.3
2020-01-22,331.34
2020-01-23,331.72
2020-01-24,328.77
2020-01-27,323.5
2020-01-28,326.89
2020-01-29,326.62
2020-01-30,327.68
2020-01-31,321.73
2020-02-03,324.12
2020-02-04,329.06
2020-02-05,332.86
2020-02-06,333.98
2020-02-07,332.2
2020-02-10,334.68
2020-02-11,335.26
2020-02-12,337.42
2020-02-13,337.06
2020-02-14,337.6
2020-02-18,336.73
2020-02-19,338.34
2020-02-20,336.95
2020-02-21,333.48
2020-02-24,322.42
2020-02-25,312.65
2020-02-26,311.5
2020-02-27,297.51
2020-02-28,296.26
2020-03-02,309.09
2020-03-03,300.24
2020-03-04,312.86
2020-03-05,302.46
2020-03-06,297.46
2020-03-09,274.23
2020-03-10,288.42
2020-03-11,274.36
2020-03-12,248.11
2020-03-13,269.32
2020-03-16,239.85
2020-03-17,252.8
2020-03-18,240
2020-03-19,240.51
2020-03-20,228.8
2020-03-23,222.95
2020-03-24,243.15
2020-03-25,246.79
2020-03-26,261.2
2020-03-27,253.42
2020-03-30,261.65
2020-03-31,257.75
2020-04-01,246.15
2020-04-02,251.83
2020-04-03,248.19
2020-04-06,264.86
2020-04-07,265.13
2020-04-08,274.03
2020-04-09,278.2
2020-04-13,275.66
2020-04-14,283.79
2020-04-15,277.76
2020-04-16,279.1
2020-04-17,286.64
2020-04-20,281.59
2020-04-21,273.04
2020-04-22,279.1
2020-04-23,279.08
2020-04-24,282.97
2020-04-27,287.05
2020-04-28,285.73
2020-04-29,293.21
2020-04-30,290.48
2020-05-01,282.79
2020-05-04,283.57
2020-05-05,286.19
2020-05-06,284.25
2020-05-07,287.68
2020-05-08,292.44
2020-05-11,292.5
2020-05-12,286.67
2020-05-13,281.6
2020-05-14,284.97
2020-05-15,286.28
2020-05-18,295
2020-05-19,291.97
2020-05-20,296.93
2020-05-21,294.88
2020-05-22,295.44
2020-05-26,299.08
2020-05-27,303.53
2020-05-28,302.97
2020-05-29,304.32
2020-06-01,305.55
2020-06-02,308.08
2020-06-03,312.18
2020-06-04,311.36
2020-06-05,319.34
2020-06-08,323.2
2020-06-09,320.79
2020-06-10,319
2020-06-11,300.61
2020-06-12,304.21
2020-06-15,307.05
2020-06-16,312.96
2020-06-17,311.66
2020-06-18,311.78
2020-06-19,308.64
2020-06-22,310.62
2020-06-23,312.05
2020-06-24,304.09
2020-06-25,307.35
2020-06-26,300.05
2020-06-29,304.46
2020-06-30,308.36
2020-07-01,310.52
2020-07-02,312.23
2020-07-06,317.05
2020-07-07,313.78
2020-07-08,316.18
2020-07-09,314.38
2020-07-10,317.59
2020-07-13,314.84
2020-07-14,318.92
2020-07-15,321.85
2020-07-16,320.79
2020-07-17,321.72
2020-07-20,324.32
2020-07-21,325.01
2020-07-22,326.86
2020-07-23,322.96
2020-07-24,320.88
2020-07-27,323.22
2020-07-28,321.17
2020-07-29,325.12
2020-07-30,323.96
2020-07-31,326.52
2020-08-03,328.79
2020-08-04,330.06
2020-08-05,332.11
2020-08-06,334.33
2020-08-07,334.57
2020-08-10,335.57
2020-08-11,332.8
2020-08-12,337.44
2020-08-13,336.83
2020-08-14,336.84
2020-08-17,337.91
2020-08-18,338.64
2020-08-19,337.23
2020-08-20,338.28
2020-08-21,339.48
2020-08-24,342.92
2020-08-25,344.12
2020-08-26,347.57
2020-08-27,348.33
2020-08-28,350.58
2020-08-31,349.31
2020-09-01,352.6
2020-09-02,357.7
2020-09-03,345.39
2020-09-04,342.57
2020-09-08,333.21
2020-09-09,339.79
2020-09-10,333.89
2020-09-11,334.06
2020-09-14,338.46
2020-09-15,340.17
2020-09-16,338.82
2020-09-17,335.84
2020-09-18,330.65
2020-09-21,326.97
2020-09-22,330.3
2020-09-23,322.64
2020-09-24,323.5
2020-09-25,328.73
2020-09-28,334.19
2020-09-29,332.37
2020-09-30,334.89
2020-10-01,337.04
2020-10-02,333.84
2020-10-05,339.76
2020-10-06,334.93
2020-10-07,340.76
2020-10-08,343.78
2020-10-09,346.85
2020-10-12,352.43
2020-10-13,350.13
2020-10-14,347.93
2020-10-15,347.5
2020-10-16,347.29
2020-10-19,342.01
2020-10-20,343.38
2020-10-21,342.73
2020-10-22,344.61
2020-10-23,345.78
2020-10-26,339.39
2020-10-27,338.22
2020-10-28,326.66
2020-10-29,329.98
2020-10-30,326.54
2020-11-02,330.2
2020-11-03,336.03
2020-11-04,343.54
2020-11-05,350.24
2020-11-06,350.16
2020-11-09,354.56
2020-11-10,354.04
2020-11-11,356.67
2020-11-12,353.21
2020-11-13,358.1
2020-11-16,362.57
2020-11-17,360.62
2020-11-18,356.28
2020-11-19,357.78
2020-11-20,355.33
2020-11-23,357.46
2020-11-24,363.22
2020-11-25,362.66
2020-11-27,363.67
2020-11-30,362.06
2020-12-01,366.02
2020-12-02,366.79
2020-12-03,366.69
2020-12-04,369.85
2020-12-07,369.09
2020-12-08,370.17
2020-12-09,366.85
2020-12-10,366.73
2020-12-11,366.3
2020-12-14,364.66
2020-12-15,369.59
2020-12-16,370.17
2020-12-17,372.24
2020-12-18,369.18
2020-12-21,367.86
2020-12-22,367.24
2020-12-23,367.57
2020-12-24,369
2020-12-28,372.17
2020-12-29,371.46
2020-12-30,371.99
2020-12-31,373.88
2021-01-04,368.79
2021-01-05,371.33
2021-01-06,373.55
2021-01-07,379.1
2021-01-08,381.26
2021-01-11,378.69
2021-01-12,378.77
2021-01-13,379.79
2021-01-14,378.46
2021-01-15,375.7
2021-01-19,378.65
2021-01-20,383.89
2021-01-21,384.24
2021-01-22,382.88
2021-01-25,384.39
2021-01-26,383.79
2021-01-27,374.41
2021-01-28,377.63
2021-01-29,370.07
2021-02-01,376.23
2021-02-02,381.55
2021-02-03,381.85
2021-02-04,386.19
2021-02-05,387.71
2021-02-08,390.51
2021-02-09,390.25
2021-02-10,390.08
2021-02-11,390.71
2021-02-12,392.64
2021-02-16,392.3
2021-02-17,392.39
2021-02-18,390.72
2021-02-19,390.03
2021-02-22,387.03
2021-02-23,387.5
2021-02-24,391.77
2021-02-25,382.33
2021-02-26,380.36
2021-03-01,389.58
2021-03-02,386.54
2021-03-03,381.42
2021-03-04,376.7
2021-03-05,383.63
2021-03-08,381.72
2021-03-09,387.17
2021-03-10,389.58
2021-03-11,393.53
2021-03-12,394.06
2021-03-15,396.41
2021-03-16,395.91
2021-03-17,397.26
2021-03-18,391.48
2021-03-19,389.48
2021-03-22,392.59
2021-03-23,389.5
2021-03-24,387.52
2021-03-25,389.7
2021-03-26,395.98
2021-03-29,395.78
2021-03-30,394.73
2021-03-31,396.33
2021-04-01,400.61
2021-04-05,406.36
2021-04-06,406.12
2021-04-07,406.59
2021-04-08,408.52
2021-04-09,411.49
2021-04-12,411.64
2021-04-13,412.86
2021-04-14,411.45
2021-04-15,415.87
2021-04-16,417.26
2021-04-19,415.21
2021-04-20,412.17
2021-04-21,416.07
2021-04-22,412.27
2021-04-23,416.74
2021-04-26,417.61
2021-04-27,417.52
2021-04-28,417.4
2021-04-29,420.06
2021-04-30,417.3
2021-05-03,418.2
2021-05-04,415.62
2021-05-05,415.75
2021-05-06,419.07
2021-05-07,422.12
2021-05-10,417.94
2021-05-11,414.21
2021-05-12,405.41
2021-05-13,410.28
2021-05-14,416.58
2021-05-17,415.52
2021-05-18,411.94
2021-05-19,410.86
2021-05-20,415.28
2021-05-21,414.94
2021-05-24,419.17
2021-05-25,418.24
2021-05-26,419.07
2021-05-27,419.29
2021-05-28,420.04
2021-06-01,419.67
2021-06-02,420.33
2021-06-03,418.77
2021-06-04,422.6
2021-06-07,422.19
2021-06-08,422.28
2021-06-09,421.65
2021-06-10,423.61
2021-06-11,424.31
2021-06-14,425.26
2021-06-15,424.48
2021-06-16,422.11
2021-06-17,421.97
2021-06-18,414.92
2021-06-21,420.86
2021-06-22,423.11
2021-06-23,422.6
2021-06-24,425.1
2021-06-25,426.61
2021-06-28,427.47
2021-06-29,427.7
2021-06-30,428.06
2021-07-01,430.43
2021-07-02,433.72
2021-07-06,432.93
2021-07-07,434.46
2021-07-08,430.92
2021-07-09,435.52
2021-07-12,437.08
2021-07-13,435.59
2021-07-14,436.24
2021-07-15,434.75
2021-07-16,431.34
2021-07-19,424.97
2021-07-20,431.06
2021-07-21,434.55
2021-07-22,435.46
2021-07-23,439.94
2021-07-26,441.02
2021-07-27,439.01
2021-07-28,438.83
2021-07-29,440.65
2021-07-30,438.51
2021-08-02,437.59
2021-08-03,441.15
2021-08-04,438.98
2021-08-05,441.76
2021-08-06,442.49
2021-08-09,442.13
2021-08-10,442.68
2021-08-11,443.78
2021-08-12,445.11
2021-08-13,445.92
2021-08-16,446.97
2021-08-17,444.04
2021-08-18,439.18
2021-08-19,439.86
2021-08-20,443.36
2021-08-23,447.26
2021-08-24,447.97
2021-08-25,448.91
2021-08-26,446.26
2021-08-27,450.25
2021-08-30,452.23
2021-08-31,451.56
2021-09-01,451.8
2021-09-02,453.19
2021-09-03,453.08
2021-09-07,451.46
2021-09-08,450.91
2021-09-09,448.98
2021-09-10,445.44
2021-09-13,446.58
2021-09-14,444.17
2021-09-15,447.88
2021-09-16,447.17
2021-09-17,441.4
2021-09-20,434.04
2021-09-21,433.63
2021-09-22,437.86
2021-09-23,443.18
2021-09-24,443.91
2021-09-27,442.64
2021-09-28,433.72
2021-09-29,434.45
2021-09-30,429.14
2021-10-01,434.24
2021-10-04,428.64
2021-10-05,433.1
2021-10-06,434.9
2021-10-07,438.66
2021-10-08,437.86
2021-10-11,434.69
2021-10-12,433.62
2021-10-13,435.18
2021-10-14,442.5
2021-10-15,445.87
2021-10-18,447.19
2021-10-19,450.64
2021-10-20,452.41
2021-10-21,453.59
2021-10-22,453.12
2021-10-25,455.55
2021-10-26,455.96
2021-10-27,453.94
2021-10-28,458.32
2021-10-29,459.25
2021-11-01,460.04
2021-11-02,461.9
2021-11-03,464.72
2021-11-04,466.91
2021-11-05,468.53
2021-11-08,468.93
2021-11-09,467.38
2021-11-10,463.62
2021-11-11,463.77
2021-11-12,467.27
2021-11-15,467.43
2021-11-16,469.28
2021-11-17,468.14
2021-11-18,469.73
2021-11-19,468.89
2021-11-22,467.57
2021-11-23,468.19
2021-11-24,469.44
2021-11-26,458.97
2021-11-29,464.6
2021-11-30,455.56
2021-12-01,450.5
2021-12-02,457.4
2021-12-03,453.42
2021-12-06,458.79
2021-12-07,468.28
2021-12-08,469.52
2021-12-09,466.35
2021-12-10,470.74
2021-12-13,466.57
2021-12-14,463.36
2021-12-15,470.6
2021-12-16,466.45
2021-12-17,459.87
2021-12-20,454.98
2021-12-21,463.06
2021-12-22,467.69
2021-12-23,470.6
2021-12-27,477.26
2021-12-28,476.87
2021-12-29,477.48
2021-12-30,476.16
2021-12-31,474.96
2022-01-03,477.71
2022-01-04,477.55
2022-01-05,468.38
2022-01-06,467.94
2022-01-07,466.09
2022-01-10,465.51
2022-01-11,469.75
2022-01-12,471.02
2022-01-13,464.53
2022-01-14,464.72
2022-01-18,456.49
2022-01-19,451.75
2022-01-20,446.75
2022-01-21,437.98
2022-01-24,439.84
2022-01-25,434.47
2022-01-26,433.38
2022-01-27,431.24
2022-01-28,441.95
2022-01-31,449.91
2022-02-01,452.95
2022-02-02,457.35
2022-02-03,446.6
2022-02-04,448.7
2022-02-07,447.26
2022-02-08,450.94
2022-02-09,457.54
2022-02-10,449.32
2022-02-11,440.46
2022-02-14,439.02
2022-02-15,446.1
2022-02-16,446.6
2022-02-17,437.06
2022-02-18,434.23
2022-02-22,429.57
2022-02-23,421.95
2022-02-24,428.3
2022-02-25,437.75
2022-02-28,436.63
2022-03-01,429.98
2022-03-02,437.89
2022-03-03,435.71
2022-03-04,432.17
2022-03-07,419.43
2022-03-08,416.25
2022-03-09,427.41
2022-03-10,425.48
2022-03-11,420.07
2022-03-14,417
2022-03-15,426.17
2022-03-16,435.62
2022-03-17,441.07
2022-03-18,444.52
2022-03-21,444.39
2022-03-22,449.59
2022-03-23,443.8
2022-03-24,450.49
2022-03-25,452.69
2022-03-28,455.91
2022-03-29,461.55
2022-03-30,458.7
2022-03-31,451.64
2022-04-01,452.92
2022-04-04,456.8
2022-04-05,451.03
2022-04-06,446.52
2022-04-07,448.77
2022-04-08,447.57
2022-04-11,439.92
2022-04-12,438.29
2022-04-13,443.31
2022-04-14,437.79
2022-04-18,437.97
2022-04-19,445.04
2022-04-20,444.71
2022-04-21,438.06
2022-04-22,426.04
2022-04-25,428.51
2022-04-26,416.1
2022-04-27,417.27
2022-04-28,427.81
2022-04-29,412
2022-05-02,414.48
2022-05-03,416.38
2022-05-04,429.06
2022-05-05,413.81
2022-05-06,411.34
2022-05-09,398.17
2022-05-10,399.09
2022-05-11,392.75
2022-05-12,392.34
2022-05-13,401.72
2022-05-16,400.09
2022-05-17,408.32
2022-05-18,391.86
2022-05-19,389.46
2022-05-20,389.63
2022-05-23,396.92
2022-05-24,393.89
2022-05-25,397.37
2022-05-26,405.31
2022-05-27,415.26
2022-05-31,412.93
2022-06-01,409.59
2022-06-02,417.39
2022-06-03,410.54
2022-06-06,411.79
2022-06-07,415.74
2022-06-08,411.22
2022-06-09,401.44
2022-06-10,389.8
2022-06-13,375
2022-06-14,373.87
2022-06-15,379.2
2022-06-16,366.65
2022-06-17,365.86
2022-06-21,375.07
2022-06-22,374.39
2022-06-23,378.06
2022-06-24,390.08
2022-06-27,388.59
2022-06-28,380.65
2022-06-29,380.34
2022-06-30,377.25
2022-07-01,381.24
2022-07-05,381.96
2022-07-06,383.25
2022-07-07,388.99
2022-07-08,388.67
2022-07-11,384.23
2022-07-12,380.83
2022-07-13,378.83
2022-07-14,377.91
2022-07-15,385.13
2022-07-18,381.95
2022-07-19,392.27
2022-07-20,394.77
2022-07-21,398.79
2022-07-22,395.09
2022-07-25,395.57
2022-07-26,390.89
2022-07-27,401.04
2022-07-28,406.07
2022-07-29,411.99
2022-08-01,410.77
2022-08-02,408.06
2022-08-03,414.45
2022-08-04,414.17
2022-08-05,413.47
2022-08-08,412.99
2022-08-09,411.35
2022-08-10,419.99
2022-08-11,419.99
2022-08-12,427.1
2022-08-15,428.86
2022-08-16,429.7
2022-08-17,426.65
2022-08-18,427.89
2022-08-19,422.14
2022-08-22,413.35
2022-08-23,412.35
2022-08-24,413.67
2022-08-25,419.51
2022-08-26,405.31
2022-08-29,402.63
2022-08-30,398.21
2022-08-31,395.18
2022-09-01,396.42
2022-09-02,392.24
2022-09-06,390.76
2022-09-07,397.78
2022-09-08,400.38
2022-09-09,406.6
2022-09-12,410.97
2022-09-13,393.1
2022-09-14,394.6
2022-09-15,390.12
2022-09-16,385.56
2022-09-19,388.55
2022-09-20,384.09
2022-09-21,377.39
2022-09-22,374.22
2022-09-23,367.95
2022-09-26,364.31
2022-09-27,363.38
2022-09-28,370.53
2022-09-29,362.79
2022-09-30,357.18
2022-10-03,366.61
2022-10-04,377.97
2022-10-05,377.09
2022-10-06,373.2
2022-10-07,362.79
2022-10-10,360.02
2022-10-11,357.74
2022-10-12,356.56
2022-10-13,365.97
2022-10-14,357.63
2022-10-17,366.82
2022-10-18,371.13
2022-10-19,368.5
2022-10-20,365.41
2022-10-21,374.29
2022-10-24,378.87
2022-10-25,384.92
2022-10-26,382.02
2022-10-27,379.98
2022-10-28,389.02
2022-10-31,386.21
2022-11-01,384.52
2022-11-02,374.87
2022-11-03,371.01
2022-11-04,376.35
2022-11-07,379.95
2022-11-08,382
2022-11-09,374.13
2022-11-10,394.69
2022-11-11,398.51
2022-11-14,395.12
2022-11-15,398.49
2022-11-16,395.45
2022-11-17,394.24
2022-11-18,396.03
2022-11-21,394.59
2022-11-22,399.9
2022-11-23,402.42
2022-11-25,402.33
2022-11-28,395.91
2022-11-29,395.23
2022-11-30,407.68
2022-12-01,407.38
2022-12-02,406.91
2022-12-05,399.59
2022-12-06,393.83
2022-12-07,393.16
2022-12-08,396.24
2022-12-09,393.28
2022-12-12,398.95
2022-12-13,401.97
2022-12-14,399.4
2022-12-15,389.63
2022-12-16,383.27
2022-12-19,380.02
2022-12-20,380.54
2022-12-21,386.23
2022-12-22,380.72
2022-12-23,382.91
2022-12-27,381.4
2022-12-28,376.66
2022-12-29,383.44
2022-12-30,382.43
2023-01-03,380.82
2023-01-04,383.76
2023-01-05,379.38
2023-01-06,388.08
2023-01-09,387.86
2023-01-10,390.58
2023-01-11,395.52
2023-01-12,396.96
2023-01-13,398.5
2023-01-17,397.77
2023-01-18,391.49
2023-01-19,388.64
2023-01-20,395.88
2023-01-23,400.63
2023-01-24,400.2
2023-01-25,400.35
2023-01-26,404.75
2023-01-27,405.68
2023-01-30,400.59
2023-01-31,406.48
2023-02-01,410.8
2023-02-02,416.78
2023-02-03,412.35
2023-02-06,409.83
2023-02-07,415.19
2023-02-08,410.65
2023-02-09,407.09
2023-02-10,408.04
2023-02-13,412.83
2023-02-14,412.64
2023-02-15,413.98
2023-02-16,408.28
2023-02-17,407.26
2023-02-21,399.09
2023-02-22,398.54
2023-02-23,400.66
2023-02-24,396.38
2023-02-27,397.73
2023-02-28,396.26
2023-03-01,394.74
2023-03-02,397.81
2023-03-03,404.19
2023-03-06,404.47
2023-03-07,398.27
2023-03-08,398.92
2023-03-09,391.56
2023-03-10,385.91
2023-03-13,385.36
2023-03-14,391.73
2023-03-15,389.28
2023-03-16,396.11
2023-03-17,389.99
2023-03-20,393.74
2023-03-21,398.91
2023-03-22,392.11
2023-03-23,393.17
2023-03-24,395.75
2023-03-27,396.49
2023-03-28,395.6
2023-03-29,401.35
2023-03-30,403.7
2023-03-31,409.39
2023-04-03,410.95
2023-04-04,408.67
2023-04-05,407.6
2023-04-06,409.19
2023-04-10,409.61
2023-04-11,409.72
2023-04-12,408.05
2023-04-13,413.47
2023-04-14,412.46
2023-04-17,413.94
2023-04-18,414.21
2023-04-19,414.14
2023-04-20,411.88
2023-04-21,412.2
2023-04-24,412.63
2023-04-25,406.08
2023-04-26,404.36
2023-04-27,412.41
2023-04-28,415.93
2023-05-01,415.51
2023-05-02,410.84
2023-05-03,408.02
2023-05-04,405.13
2023-05-05,412.63
2023-05-08,412.74
2023-05-09,410.93
2023-05-10,412.85
2023-05-11,412.13
2023-05-12,411.59
2023-05-15,413.01
2023-05-16,410.25
2023-05-17,415.23
2023-05-18,419.23
2023-05-19,418.62
2023-05-22,418.79
2023-05-23,414.09
2023-05-24,411.09
2023-05-25,414.65
2023-05-26,420.02
2023-05-30,420.18
2023-05-31,417.85
2023-06-01,421.82
2023-06-02,427.92
2023-06-05,427.1
2023-06-06,428.03
2023-06-07,426.55
2023-06-08,429.13
2023-06-09,429.9
2023-06-12,433.8
2023-06-13,436.66
2023-06-14,437.18
2023-06-15,442.6
2023-06-16,439.46
2023-06-20,437.18
2023-06-21,434.94
2023-06-22,436.51
2023-06-23,433.21
2023-06-26,431.44
2023-06-27,436.17
2023-06-28,436.39
2023-06-29,438.11
2023-06-30,443.28
2023-07-03,443.79
2023-07-05,443.13
2023-07-06,439.66
2023-07-07,438.55
2023-07-10,439.66
2023-07-11,442.46
2023-07-12,446.02
2023-07-13,449.56
2023-07-14,449.28
2023-07-17,450.84
2023-07-18,454.19
2023-07-19,455.2
2023-07-20,452.18
2023-07-21,452.18
2023-07-24,454.2
2023-07-25,455.44
2023-07-26,455.51
2023-07-27,452.49
2023-07-28,456.92
2023-07-31,457.79
2023-08-01,456.48
2023-08-02,450.13
2023-08-03,448.84
2023-08-04,446.81
2023-08-07,450.71
2023-08-08,448.75
2023-08-09,445.75
2023-08-10,445.91
2023-08-11,445.65
2023-08-14,448.11
2023-08-15,442.89
2023-08-16,439.64
2023-08-17,436.29
2023-08-18,436.5
2023-08-21,439.34
2023-08-22,438.15
2023-08-23,443.03
2023-08-24,436.89
2023-08-25,439.97
2023-08-28,442.76
2023-08-29,449.16
2023-08-30,451.01
2023-08-31,450.35
2023-09-01,451.19
2023-09-05,449.24
2023-09-06,446.22
2023-09-07,444.85
2023-09-08,445.52
2023-09-11,448.45
2023-09-12,445.99
2023-09-13,446.51
2023-09-14,450.36
2023-09-15,443.37
2023-09-18,443.63
2023-09-19,442.71
2023-09-20,438.64
2023-09-21,431.39
2023-09-22,430.42
2023-09-25,432.23
2023-09-26,425.88
2023-09-27,426.05
2023-09-28,428.52
2023-09-29,427.48
2023-10-02,427.31
2023-10-03,421.59
2023-10-04,424.66
2023-10-05,424.5
2023-10-06,429.54
2023-10-09,432.29
2023-10-10,434.54
2023-10-11,436.32
2023-10-12,433.66
2023-10-13,431.5
2023-10-16,436.04
2023-10-17,436.02
2023-10-18,430.21
2023-10-19,426.43
2023-10-20,421.19
2023-10-23,420.46
2023-10-24,423.63
2023-10-25,417.55
2023-10-26,412.55
2023-10-27,410.68
2023-10-30,415.59
2023-10-31,418.2
2023-11-01,422.66
2023-11-02,430.76
2023-11-03,434.69
2023-11-06,435.69
2023-11-07,436.93
2023-11-08,437.25
2023-11-09,433.84
2023-11-10,440.61
2023-11-13,440.19
2023-11-14,448.73
2023-11-15,449.68
2023-11-16,450.23
2023-11-17,450.79
2023-11-20,454.26
2023-11-21,453.27
2023-11-22,455.02
2023-11-24,455.3
2023-11-27,454.48
2023-11-28,454.93
2023-11-29,454.61
2023-11-30,456.4
2023-12-01,459.1
2023-12-04,456.69
2023-12-05,456.6
2023-12-06,454.76
2023-12-07,458.23
2023-12-08,460.2
2023-12-11,461.99
2023-12-12,464.1
2023-12-13,470.5
2023-12-14,472.01
2023-12-15,469.33
2023-12-18,471.97
2023-12-19,474.84
2023-12-20,468.26
2023-12-21,472.7
2023-12-22,473.65
2023-12-26,475.65
2023-12-27,476.51
2023-12-28,476.69
2023-12-29,475.31
2024-01-02,472.65
2024-01-03,468.79
2024-01-04,467.28
2024-01-05,467.92
2024-01-08,474.6
2024-01-09,473.88
2024-01-10,476.56
2024-01-11,476.35
2024-01-12,476.68
2024-01-16,474.93
2024-01-17,472.29
2024-01-18,476.49
2024-01-19,482.43
2024-01-22,483.45
2024-01-23,484.86
2024-01-24,485.39
2024-01-25,488.03
2024-01-26,487.41
2024-01-29,491.27
2024-01-30,490.89
2024-01-31,482.88
2024-02-01,489.2
2024-02-02,494.35
2024-02-05,492.55
2024-02-06,493.98
2024-02-07,498.1
2024-02-08,498.32
2024-02-09,501.2
2024-02-12,500.98
2024-02-13,494.08
2024-02-14,498.57
2024-02-15,502.01
2024-02-16,499.51
2024-02-20,496.76
2024-02-21,497.21
2024-02-22,507.5
2024-02-23,507.85
2024-02-26,505.99
2024-02-27,506.93
2024-02-28,506.26
2024-02-29,508.08
2024-03-01,512.85
2024-03-04,512.3
2024-03-05,507.18
2024-03-06,509.75
2024-03-07,514.81
2024-03-08,511.72
2024-03-11,511.28
2024-03-12,516.78
2024-03-13,515.97
2024-03-14,514.95
2024-03-15,509.83
2024-03-18,512.86
2024-03-19,515.71
2024-03-20,520.48
2024-03-21,522.2
2024-03-22,521.21
2024-03-25,519.77
2024-03-26,518.81
2024-03-27,523.17
2024-03-28,523.07
2024-04-01,522.16
2024-04-02,518.84
2024-04-03,519.41
2024-04-04,513.07
2024-04-05,518.43
2024-04-08,518.72
2024-04-09,519.32
2024-04-10,514.12
2024-04-11,518
2024-04-12,510.85
2024-04-15,504.45
2024-04-16,503.53
2024-04-17,500.55
2024-04-18,499.52
2024-04-19,495.16
2024-04-22,499.72
2024-04-23,505.65
2024-04-24,505.41
2024-04-25,503.49
2024-04-26,508.26
2024-04-29,510.06
2024-04-30,501.98
2024-05-01,500.35
2024-05-02,505.03
2024-05-03,511.29
2024-05-06,516.57
2024-05-07,517.14
2024-05-08,517.19
2024-05-09,520.17
2024-05-10,520.84
2024-05-13,520.91
2024-05-14,523.3
2024-05-15,529.78
2024-05-16,528.69
2024-05-17,529.45
2024-05-20,530.06
2024-05-21,531.36
2024-05-22,529.83
2024-05-23,525.96
2024-05-24,529.44
2024-05-28,529.81
2024-05-29,526.1
2024-05-30,522.61
2024-05-31,527.37
2024-06-03,527.8
2024-06-04,528.39
2024-06-05,534.67
2024-06-06,534.66
2024-06-07,534.01
2024-06-10,535.66
2024-06-11,536.95
2024-06-12,541.36
2024-06-13,542.45
2024-06-14,542.78
2024-06-17,547.1
2024-06-18,548.49
2024-06-20,547
2024-06-21,544.51
2024-06-24,542.74
2024-06-25,544.83
2024-06-26,545.51
2024-06-27,546.37
2024-06-28,544.22
2024-07-01,545.34
2024-07-02,549.01
2024-07-03,551.46
2024-07-05,554.64
2024-07-08,555.28
2024-07-09,555.82
2024-07-10,561.32
2024-07-11,556.48
2024-07-12,559.99
2024-07-15,561.53
2024-07-16,564.86
2024-07-17,556.94
2024-07-18,552.66
2024-07-19,548.99
2024-07-22,554.65
2024-07-23,553.78
2024-07-24,541.23
2024-07-25,538.41
2024-07-26,544.44
2024-07-29,544.76
2024-07-30,542
2024-07-31,550.81
2024-08-01,543.01
2024-08-02,532.9
2024-08-05,517.38
2024-08-06,522.15
2024-08-07,518.66
2024-08-08,530.65
2024-08-09,532.99
2024-08-12,533.27
2024-08-13,542.04
2024-08-14,543.75
2024-08-15,553.07
2024-08-16,554.31
2024-08-19,559.61
2024-08-20,558.7
2024-08-21,560.62
2024-08-22,556.22
2024-08-23,562.13
2024-08-26,560.79
2024-08-27,561.56
2024-08-28,558.3
2024-08-29,558.35
2024-08-30,563.68
2024-09-03,552.08
2024-09-04,550.95
2024-09-05,549.61
2024-09-06,540.36
2024-09-09,546.41
2024-09-10,548.79
2024-09-11,554.42
2024-09-12,559.09
2024-09-13,562.01
2024-09-16,562.84
2024-09-17,563.07
2024-09-18,561.4
2024-09-19,570.98
2024-09-20,568.25
2024-09-23,569.67
2024-09-24,571.3
2024-09-25,570.04
2024-09-26,572.3
2024-09-27,571.47
2024-09-30,573.76
2024-10-01,568.62
2024-10-02,568.86
2024-10-03,567.82
2024-10-04,572.98
2024-10-07,567.8
2024-10-08,573.17
2024-10-09,577.14
2024-10-10,576.13
2024-10-11,579.58
2024-10-14,584.32
2024-10-15,579.78
2024-10-16,582.3
2024-10-17,582.35
2024-10-18,584.59
2024-10-21,583.63
2024-10-22,583.32
2024-10-23,577.99
2024-10-24,579.24
2024-10-25,579.04
2024-10-28,580.83
2024-10-29,581.77
2024-10-30,580.01
2024-10-31,568.64
2024-11-01,571.04
2024-11-04,569.81
2024-11-05,576.7
2024-11-06,591.04
2024-11-07,595.61
2024-11-08,598.19
2024-11-11,598.76
2024-11-12,596.9
2024-11-13,597.19
2024-11-14,593.35
2024-11-15,585.75
2024-11-18,588.15
2024-11-19,590.3
2024-11-20,590.5
2024-11-21,593.67
2024-11-22,595.51
2024-11-25,597.53
2024-11-26,600.65
2024-11-27,598.83
2024-11-29,602.55
2024-12-02,603.63
2024-12-03,603.91
2024-12-04,607.66
2024-12-05,606.66
2024-12-06,607.81
2024-12-09,604.68
2024-12-10,602.8
2024-12-11,607.46
2024-12-12,604.33
2024-12-13,604.21
2024-12-16,606.79
2024-12-17,604.29
2024-12-18,586.28
2024-12-19,586.1
2024-12-20,591.15
2024-12-23,594.69
2024-12-24,601.3
2024-12-26,601.34
2024-12-27,595.01
2024-12-30,588.22
2024-12-31,586.08
2025-01-02,584.64
2025-01-03,591.95
2025-01-06,595.36
2025-01-07,588.63
2025-01-08,589.49
2025-01-10,580.49
2025-01-13,581.39
2025-01-14,582.19
2025-01-15,592.78
2025-01-16,591.64
2025-01-17,597.58
2025-01-21,603.05
2025-01-22,606.44
2025-01-23,609.75
2025-01-24,607.97
2025-01-27,599.37
2025-01-28,604.52
2025-01-29,601.81
2025-01-30,605.04
2025-01-31,601.82
2025-02-03,597.77
2025-02-04,601.78
2025-02-05,604.22
2025-02-06,606.32
2025-02-07,600.77
2025-02-10,604.85
2025-02-11,605.31
2025-02-12,603.36
2025-02-13,609.73
2025-02-14,609.7
2025-02-18,611.49
2025-02-19,612.93
2025-02-20,610.38
2025-02-21,599.94
2025-02-24,597.21
2025-02-25,594.24
2025-02-26,594.54
2025-02-27,585.05
2025-02-28,594.18
2025-03-03,583.77
2025-03-04,576.86
2025-03-05,583.06
2025-03-06,572.71
2025-03-07,575.92
2025-03-10,560.58
2025-03-11,555.92
2025-03-12,558.87
2025-03-13,551.42
2025-03-14,562.81
2025-03-17,567.15
2025-03-18,561.02
2025-03-19,567.13
2025-03-20,565.49
2025-03-21,563.98
2025-03-24,574.08
2025-03-25,575.46
2025-03-26,568.59
2025-03-27,567.08
2025-03-28,555.66
2025-03-31,559.39
2025-04-01,560.97
2025-04-02,564.52
2025-04-03,536.7
2025-04-04,505.28
2025-04-07,504.38
2025-04-08,496.48
2025-04-09,548.62
2025-04-10,524.58
2025-04-11,533.94
2025-04-14,539.12
2025-04-15,537.61
2025-04-16,525.66
2025-04-17,526.41
2025-04-21,513.88
2025-04-22,527.25
2025-04-23,535.42
2025-04-24,546.69
2025-04-25,550.64
2025-04-28,550.85
2025-04-29,554.32
2025-04-30,554.54
2025-05-01,558.47
2025-05-02,566.76
2025-05-05,563.51
2025-05-06,558.8
2025-05-07,561.15
2025-05-08,565.06
2025-05-09,564.34
2025-05-12,582.99
2025-05-13,586.84
2025-05-14,587.59
2025-05-15,590.46
2025-05-16,594.2
2025-05-19,594.85
2025-05-20,592.85
2025-05-21,582.86
2025-05-22,583.09
2025-05-23,579.11
2025-05-27,591.15
2025-05-28,587.73
2025-05-29,590.05
2025-05-30,589.39
2025-06-02,592.71
2025-06-03,596.09
2025-06-04,595.93
2025-06-05,593.05
2025-06-06,599.14
2025-06-09,599.68
2025-06-10,603.08
2025-06-11,601.36
2025-06-12,603.75
2025-06-13,597
2025-06-16,602.68
2025-06-17,597.53
2025-06-18,597.44
2025-06-20,594.28
2025-06-23,600.15
2025-06-24,606.78
2025-06-25,607.12
2025-06-26,611.87
2025-06-27,614.91
2025-06-30,617.85
2025-07-01,617.65
2025-07-02,620.45
2025-07-03,625.34
2025-07-07,620.68
2025-07-08,620.34
2025-07-09,624.06
2025-07-10,625.82
2025-07-11,623.62
2025-07-14,624.81
2025-07-15,622.14
2025-07-16,624.22
2025-07-17,628.04
2025-07-18,627.58
2025-07-21,628.77
2025-07-22,628.86
2025-07-23,634.21
2025-07-24,634.42
2025-07-25,637.1
2025-07-28,636.94
2025-07-29,635.26
2025-07-30,634.46
2025-07-31,632.08
2025-08-01,621.72
2025-08-04,631.17
2025-08-05,627.97
2025-08-06,632.78
2025-08-07,632.25
2025-08-08,637.18
2025-08-11,635.92
2025-08-12,642.69
2025-08-13,644.89
2025-08-14,644.95
2025-08-15,643.44
2025-08-18,643.3
2025-08-19,639.81
2025-08-20,638.11
2025-08-21,635.55
2025-08-22,645.31
2025-08-25,642.47
2025-08-26,645.16
2025-08-27,646.63
2025-08-28,648.92
2025-08-29,645.05
2025-09-02,640.27
2025-09-03,643.74
2025-09-04,649.12
2025-09-05,647.24
2025-09-08,648.83
2025-09-09,650.33
2025-09-10,652.21
2025-09-11,657.63
2025-09-12,657.41
2025-09-15,660.91
2025-09-16,660
2025-09-17,659.18
2025-09-18,662.26
2025-09-19,663.7
2025-09-22,666.84
2025-09-23,663.21
2025-09-24,661.1
2025-09-25,658.05
2025-09-26,661.82
2025-09-29,663.68
2025-09-30,666.18
2025-10-01,668.45
2025-10-02,669.22
2025-10-03,669.21
2025-10-06,671.61
2025-10-07,669.12
2025-10-08,673.11
2025-10-09,671.16
2025-10-10,653.02
2025-10-13,663.04
2025-10-14,662.23
2025-10-15,665.17
2025-10-16,660.64
2025-10-17,664.39
2025-10-20,671.3
2025-10-21,671.29
2025-10-22,667.8
2025-10-23,671.76
2025-10-24,677.25
2025-10-27,685.24
2025-10-28,687.06
2025-10-29,687.39
2025-10-30,679.83
2025-10-31,682.06
2025-11-03,683.34
2025-11-04,675.24
2025-11-05,677.58
2025-11-06,670.31
2025-11-07,670.97
2025-11-10,681.44
2025-11-11,683
2025-11-12,683.38
2025-11-13,672.04
2025-11-14,671.93
2025-11-17,665.67
2025-11-18,660.08
2025-11-19,662.63
2025-11-20,652.53
2025-11-21,659.03
2025-11-24,668.73
2025-11-25,675.02
2025-11-26,679.68
2025-11-28,683.39
2025-12-01,680.27
2025-12-02,681.53
2025-12-03,683.89
2025-12-04,684.39
2025-12-05,685.69
2025-12-08,683.63
2025-12-09,683.04
2025-12-10,687.57
2025-12-11,689.17
2025-12-12,681.76
2025-12-15,680.73
2025-12-16,678.87
2025-12-17,671.4
2025-12-18,676.47
2025-12-19,680.59
2025-12-22,684.83
2025-12-23,687.96
2025-12-24,690.38
2025-12-26,690.31
2025-12-29,687.85
2025-12-30,687.01
2025-12-31,681.92
2026-01-02,683.17
2026-01-05,687.72
2026-01-06,691.81
2026-01-07,689.58
2026-01-08,689.51
2026-01-09,694.07
2026-01-12,695.16
2026-01-13,693.77
2026-01-14,690.36
2026-01-15,692.24
2026-01-16,691.66
2026-01-20,677.58
2026-01-21,685.4
2026-01-22,688.98
2026-01-23,689.23
2026-01-26,692.73
2026-01-27,695.49
2026-01-28,695.42
2026-01-29,694.04
2026-01-30,691.97
2026-02-02,695.41
2026-02-03,689.53
2026-02-04,686.19
2026-02-05,677.62
2026-02-06,690.62
2026-02-09,693.95
2026-02-10,692.12
2026-02-11,691.96
2026-02-12,681.27
2026-02-13,681.75
2026-02-17,682.85
2026-02-18,686.29
2026-02-19,684.48
2026-02-20,689.43
2026-02-23,682.39
2026-02-24,687.35
2026-02-25,693.15
2026-02-26,689.3
2026-02-27,685.99
2026-03-02,686.38
2026-03-03,680.33
2026-03-04,685.13
2026-03-05,681.31
2026-03-06,672.38
2026-03-09,678.27
2026-03-10,677.18
2026-03-11,676.33
2026-03-12,666.06
2026-03-13,662.29
2026-03-16,669.03
2026-03-17,670.79
2026-03-18,661.43
2026-03-19,659.8
2026-03-20,648.57
2026-03-23,655.38
2026-03-24,653.18
2026-03-25,656.82
2026-03-26,645.09
2026-03-27,634.09
2026-03-30,631.97
2026-03-31,650.34
2026-04-01,655.24
2026-04-02,655.83
2026-04-06,658.93
2026-04-07,659.22
2026-04-08,676.01
2026-04-09,679.91
2026-04-10,679.46
2026-04-13,686.1
2026-04-14,694.46
2026-04-15,699.94
2026-04-16,701.66
2026-04-17,710.14
2026-04-20,708.72
2026-04-21,704.08
2026-04-22,711.21
2026-04-23,708.45
2026-04-24,713.94
2026-04-27,715.17
2026-04-28,711.69
2026-04-29,711.58
2026-04-30,718.66
2026-05-01,720.65
2026-05-04,718.01
2026-05-05,723.77
2026-05-06,733.83
2026-05-07,731.58
2026-05-08,737.62
2026-05-11,739.3
2026-05-12,738.18
2026-05-13,742.31
2026-05-14,748.17
2026-05-15,739.17
2026-05-18,738.65
2026-05-19,733.73
2026-05-20,741.25
2026-05-21,742.72
2026-05-22,745.64
2026-05-26,750.59
2026-05-27,750.46
2026-05-28,754.6
2026-05-29,756.48
2026-06-01,758.54
2026-06-02,759.57
2026-06-03,754.24
2026-06-04,757.09
2026-06-05,737.55
2026-06-08,739.22
2026-06-09,737.05
2026-06-10,725.43
2026-06-11,737.76
2026-06-12,741.75
2026-06-15,754.83
2026-06-16,750.33
2026-06-17,740.96
2026-06-18,746.74
2026-06-22,744.39
2026-06-23,733.58
2026-06-24,733.24
2026-06-25,734.3
2026-06-26,728.99
2026-06-29,741
2026-06-30,746.77
2026-07-01,745.76
2026-07-02,744.78
2026-07-06,751.28
2026-07-07,747.71
2026-07-08,745.4
2026-07-09,751.71
2026-07-10,754.95
2026-07-13,749.17
2026-07-14,751.83
2026-07-15,754.81
2026-07-16,750.72
2026-07-17,743.29
2026-07-20,742.09
2026-07-21,748.28
2026-07-22,747.41
2026-07-23,738.18
2026-07-24,738.93
2026-07-27,739.09
2026-07-28,740.86
2026-07-29,729.46
2026-07-30,741.69
2026-07-31,747.03
2026-08-03,757.67
2026-08-04,771.33
2026-08-05,769.79
2026-08-06,768.56
2026-08-07,773.26
2026-08-10,773.03
2026-08-11,770.56
2026-08-12,772.49
2026-08-13,777.88
2026-08-14,776.34
2026-08-17,772.67
2026-08-18,767.45
2026-08-19,769.06
2026-08-20,762.6
2026-08-21,765.72
2026-08-24,763.47
2026-08-25,765.91
2026-08-26,766.08
2026-08-27,771.1
2026-08-28,769.35
2026-08-31,767.05
2026-09-01,761.78
2026-09-02,765.16
