Date,Value
2002-07-30,81.52
2002-07-31,82.53
2002-08-01,83
2002-08-02,83.85
2002-08-05,84.22
2002-08-06,83.5
2002-08-07,83.7
2002-08-08,83.7
2002-08-09,84.88
2002-08-12,85.4
2002-08-13,86.45
2002-08-14,86.78
2002-08-15,86.02
2002-08-16,85.06
2002-08-19,85.32
2002-08-20,86.27
2002-08-21,85.81
2002-08-22,85.06
2002-08-23,85.9
2002-08-26,85.98
2002-08-27,85.44
2002-08-28,85.87
2002-08-29,86.56
2002-08-30,87.08
2002-09-03,88.04
2002-09-04,88.02
2002-09-05,88.5
2002-09-06,87.46
2002-09-09,87.33
2002-09-10,87.75
2002-09-11,87.29
2002-09-12,87.97
2002-09-13,88.78
2002-09-16,88.93
2002-09-17,89.1
2002-09-18,89.12
2002-09-19,89.72
2002-09-20,89.3
2002-09-23,90.1
2002-09-24,90.68
2002-09-25,89.58
2002-09-26,89.37
2002-09-27,90.04
2002-09-30,90.4
2002-10-01,88.94
2002-10-02,89.45
2002-10-03,89.23
2002-10-04,89.51
2002-10-07,89.66
2002-10-08,89.69
2002-10-09,90.15
2002-10-10,89.44
2002-10-11,88.38
2002-10-14,88.25
2002-10-15,86.16
2002-10-16,86.2
2002-10-17,85.15
2002-10-18,85.37
2002-10-21,84.54
2002-10-22,84.3
2002-10-23,84.33
2002-10-24,85.07
2002-10-25,85.38
2002-10-28,85.26
2002-10-29,86.37
2002-10-30,86.34
2002-10-31,86.73
2002-11-01,85.98
2002-11-04,85.6
2002-11-05,85.27
2002-11-06,85.61
2002-11-07,87.73
2002-11-08,88.44
2002-11-11,88.92
2002-11-12,88.41
2002-11-13,88.6
2002-11-14,86.76
2002-11-15,87.11
2002-11-18,87.5
2002-11-19,87.82
2002-11-20,86.96
2002-11-21,86.12
2002-11-22,86.04
2002-11-25,85.88
2002-11-26,86.96
2002-11-27,85
2002-11-29,85.55
2002-12-02,85.24
2002-12-03,85.36
2002-12-04,85.8
2002-12-05,86.02
2002-12-06,86.17
2002-12-09,86.65
2002-12-10,86.88
2002-12-11,87.46
2002-12-12,87.38
2002-12-13,86.53
2002-12-16,85.88
2002-12-17,85.88
2002-12-18,86.55
2002-12-19,87.32
2002-12-20,87.38
2002-12-23,87.4
2002-12-24,87.89
2002-12-26,88.06
2002-12-27,89.03
2002-12-30,89.24
2002-12-31,88.57
2003-01-02,86.28
2003-01-03,86.48
2003-01-06,86.25
2003-01-07,86.56
2003-01-08,86.99
2003-01-09,85.32
2003-01-10,85.54
2003-01-13,85.68
2003-01-14,85.98
2003-01-15,86.4
2003-01-16,86.52
2003-01-17,86.95
2003-01-21,87.45
2003-01-22,87.88
2003-01-23,87.45
2003-01-24,87.97
2003-01-27,87.65
2003-01-28,87.65
2003-01-29,87.17
2003-01-30,87.82
2003-01-31,88.06
2003-02-03,87.88
2003-02-04,88.27
2003-02-05,87.51
2003-02-06,88.22
2003-02-07,88.42
2003-02-10,87.8
2003-02-11,87.78
2003-02-12,88.09
2003-02-13,88.57
2003-02-14,87.81
2003-02-18,87.92
2003-02-19,88.52
2003-02-20,88.82
2003-02-21,88.3
2003-02-24,88.72
2003-02-25,89.13
2003-02-26,89.75
2003-02-27,89.9
2003-02-28,90.47
2003-03-03,90.24
2003-03-04,90.3
2003-03-05,90.6
2003-03-06,90.25
2003-03-07,90.56
2003-03-10,91.03
2003-03-11,90.87
2003-03-12,91.2
2003-03-13,89.52
2003-03-14,89.96
2003-03-17,88.88
2003-03-18,88.04
2003-03-19,87.39
2003-03-20,87.25
2003-03-21,86.05
2003-03-24,87.41
2003-03-25,87.31
2003-03-26,87.49
2003-03-27,87.55
2003-03-28,87.75
2003-03-31,88.9
2003-04-01,88.27
2003-04-02,87.35
2003-04-03,87.3
2003-04-04,87.05
2003-04-07,86.85
2003-04-08,87.55
2003-04-09,87.81
2003-04-10,87.4
2003-04-11,87.26
2003-04-14,87.02
2003-04-15,87.49
2003-04-16,87.85
2003-04-17,87.99
2003-04-21,87.8
2003-04-22,87.75
2003-04-23,87.93
2003-04-24,88.72
2003-04-25,88.92
2003-04-28,88.78
2003-04-29,88.63
2003-04-30,89.45
2003-05-01,89.02
2003-05-02,88.32
2003-05-05,88.79
2003-05-06,89.23
2003-05-07,90.27
2003-05-08,90.49
2003-05-09,90.58
2003-05-12,91.15
2003-05-13,91.35
2003-05-14,92.75
2003-05-15,93.04
2003-05-16,93.72
2003-05-19,93.4
2003-05-20,94.78
2003-05-21,94.77
2003-05-22,95.61
2003-05-23,95.85
2003-05-27,94.12
2003-05-28,93.96
2003-05-29,94.78
2003-05-30,94.6
2003-06-02,93.51
2003-06-03,94.26
2003-06-04,94.54
2003-06-05,93.8
2003-06-06,94.14
2003-06-09,94.77
2003-06-10,95.9
2003-06-11,95.78
2003-06-12,96.53
2003-06-13,97.18
2003-06-16,96.26
2003-06-17,95.5
2003-06-18,94.28
2003-06-19,94.1
2003-06-20,93.75
2003-06-23,94.31
2003-06-24,95.18
2003-06-25,93.66
2003-06-26,92.4
2003-06-27,92.07
2003-06-30,92.5
2003-07-01,91.69
2003-07-02,91.92
2003-07-03,90.6
2003-07-07,90.02
2003-07-08,90.1
2003-07-09,90.39
2003-07-10,90.36
2003-07-11,90.79
2003-07-14,89.75
2003-07-15,87.65
2003-07-16,88.15
2003-07-17,87.88
2003-07-18,87.7
2003-07-21,85.84
2003-07-22,86.26
2003-07-23,86.55
2003-07-24,85.79
2003-07-25,85.56
2003-07-28,84.41
2003-07-29,83.26
2003-07-30,84.2
2003-07-31,82.95
2003-08-01,82.51
2003-08-04,83.22
2003-08-05,82.03
2003-08-06,83.65
2003-08-07,84
2003-08-08,83.66
2003-08-11,83.24
2003-08-12,82.85
2003-08-13,81.25
2003-08-14,82.05
2003-08-15,82
2003-08-18,82.38
2003-08-19,83.65
2003-08-20,83.2
2003-08-21,83
2003-08-22,83.37
2003-08-25,82.72
2003-08-26,83.37
2003-08-27,82.99
2003-08-28,83.85
2003-08-29,83.65
2003-09-02,82.06
2003-09-03,82.19
2003-09-04,82.65
2003-09-05,84.07
2003-09-08,83.2
2003-09-09,83.8
2003-09-10,84.65
2003-09-11,84.1
2003-09-12,84.68
2003-09-15,84.55
2003-09-16,84.42
2003-09-17,85.47
2003-09-18,85.53
2003-09-19,85.63
2003-09-22,84.95
2003-09-23,85.53
2003-09-24,86.27
2003-09-25,86.7
2003-09-26,87.48
2003-09-29,86.78
2003-09-30,88.22
2003-10-01,87.52
2003-10-02,87.12
2003-10-03,85.29
2003-10-06,85.66
2003-10-07,84.67
2003-10-08,84.65
2003-10-09,84.05
2003-10-10,84.55
2003-10-13,84.22
2003-10-14,83.64
2003-10-15,83.23
2003-10-16,82.9
2003-10-17,83.54
2003-10-20,83.82
2003-10-21,84.13
2003-10-22,84.95
2003-10-23,84.33
2003-10-24,85.27
2003-10-27,85.1
2003-10-28,85.55
2003-10-29,84.78
2003-10-30,84.4
2003-10-31,85.19
2003-11-03,84.44
2003-11-04,84.92
2003-11-05,84.34
2003-11-06,83.55
2003-11-07,83.5
2003-11-10,83.43
2003-11-11,83.44
2003-11-12,84.05
2003-11-13,85.35
2003-11-14,85.92
2003-11-17,86.05
2003-11-18,86.58
2003-11-19,85.62
2003-11-20,86.45
2003-11-21,86.5
2003-11-24,85.79
2003-11-25,86.26
2003-11-26,85.91
2003-11-28,85.13
2003-12-01,84.24
2003-12-02,84.6
2003-12-03,84.26
2003-12-04,84.45
2003-12-05,85.8
2003-12-08,85.2
2003-12-09,84.6
2003-12-10,84.74
2003-12-11,85.35
2003-12-12,85.51
2003-12-15,85.46
2003-12-16,85.74
2003-12-17,86.32
2003-12-18,87.1
2003-12-19,87.07
2003-12-22,86.83
2003-12-23,85.85
2003-12-24,86.66
2003-12-26,86.98
2003-12-29,86.2
2003-12-30,85.85
2003-12-31,85.45
2004-01-02,84.44
2004-01-05,84.22
2004-01-06,85.15
2004-01-07,85.49
2004-01-08,85.46
2004-01-09,86.95
2004-01-12,86.88
2004-01-13,87.47
2004-01-14,87.9
2004-01-15,88.23
2004-01-16,87.61
2004-01-20,87.59
2004-01-21,87.8
2004-01-22,88.44
2004-01-23,87.38
2004-01-26,86.85
2004-01-27,87.39
2004-01-28,86.62
2004-01-29,86.44
2004-01-30,87.04
2004-02-02,86.5
2004-02-03,86.94
2004-02-04,86.77
2004-02-05,86.43
2004-02-06,87.38
2004-02-09,87.64
2004-02-10,87.15
2004-02-11,87.8
2004-02-12,87.43
2004-02-13,87.8
2004-02-17,87.74
2004-02-18,87.86
2004-02-19,87.95
2004-02-20,87.34
2004-02-23,87.88
2004-02-24,88.04
2004-02-25,88.18
2004-02-26,87.9
2004-02-27,88.66
2004-03-01,88.27
2004-03-02,87.71
2004-03-03,87.55
2004-03-04,87.94
2004-03-05,89.64
2004-03-08,90.17
2004-03-09,90.77
2004-03-10,90.71
2004-03-11,90.84
2004-03-12,90.28
2004-03-15,90.43
2004-03-16,91.18
2004-03-17,91.03
2004-03-18,90.55
2004-03-19,90.43
2004-03-22,90.98
2004-03-23,91.14
2004-03-24,91.09
2004-03-25,90.74
2004-03-26,89.78
2004-03-29,89.18
2004-03-30,89.12
2004-03-31,89.55
2004-04-01,88.91
2004-04-02,86.71
2004-04-05,86.03
2004-04-06,86.5
2004-04-07,86.3
2004-04-08,86.05
2004-04-12,85.74
2004-04-13,84.81
2004-04-14,84.74
2004-04-15,84.24
2004-04-16,84.56
2004-04-19,84.38
2004-04-20,83.61
2004-04-21,84.02
2004-04-22,84.52
2004-04-23,84.04
2004-04-26,84.18
2004-04-27,84.5
2004-04-28,83.71
2004-04-29,83.3
2004-04-30,83.64
2004-05-03,83.42
2004-05-04,82.85
2004-05-05,82.62
2004-05-06,82.4
2004-05-07,81.32
2004-05-10,81.13
2004-05-11,81.5
2004-05-12,80.96
2004-05-13,80.65
2004-05-14,81.31
2004-05-17,82.03
2004-05-18,81.71
2004-05-19,81.44
2004-05-20,82.07
2004-05-21,81.74
2004-05-24,82
2004-05-25,82.24
2004-05-26,82.68
2004-05-27,83.33
2004-05-28,83.1
2004-06-01,82.02
2004-06-02,81.81
2004-06-03,81.98
2004-06-04,81.5
2004-06-07,81.52
2004-06-08,81.67
2004-06-09,81.32
2004-06-10,81.48
2004-06-14,80.83
2004-06-15,82.54
2004-06-16,82.22
2004-06-17,82.76
2004-06-18,82.58
2004-06-21,82.64
2004-06-22,82.39
2004-06-23,82.55
2004-06-24,83.05
2004-06-25,83.13
2004-06-28,82.28
2004-06-29,82.8
2004-06-30,83.65
2004-07-01,83.47
2004-07-02,84.35
2004-07-06,84.21
2004-07-07,84.24
2004-07-08,84.29
2004-07-09,84.38
2004-07-12,84.5
2004-07-13,84.25
2004-07-14,84.28
2004-07-15,84.37
2004-07-16,85.49
2004-07-19,85.55
2004-07-20,84.78
2004-07-21,84.55
2004-07-22,84.67
2004-07-23,84.95
2004-07-26,84.55
2004-07-27,83.41
2004-07-28,83.42
2004-07-29,83.61
2004-07-30,84.59
2004-08-02,84.37
2004-08-03,84.71
2004-08-04,84.75
2004-08-05,84.99
2004-08-06,86.42
2004-08-09,86.12
2004-08-10,85.81
2004-08-11,86.18
2004-08-12,86.36
2004-08-13,86.64
2004-08-16,86.34
2004-08-17,86.83
2004-08-18,86.41
2004-08-19,86.62
2004-08-20,86.54
2004-08-23,86.04
2004-08-24,86.09
2004-08-25,86.39
2004-08-26,86.88
2004-08-27,86.82
2004-08-30,87.23
2004-08-31,87.77
2004-09-01,87.51
2004-09-02,86.65
2004-09-03,86.66
2004-09-07,86.57
2004-09-08,87.3
2004-09-09,86.97
2004-09-10,87.1
2004-09-13,87.48
2004-09-14,87.57
2004-09-15,87.37
2004-09-16,88.36
2004-09-17,87.92
2004-09-20,88.5
2004-09-21,88.76
2004-09-22,89.68
2004-09-23,89.32
2004-09-24,89.43
2004-09-27,89.82
2004-09-28,89.46
2004-09-29,88.59
2004-09-30,88.25
2004-10-01,87.45
2004-10-04,87.58
2004-10-05,87.58
2004-10-06,87.18
2004-10-07,86.8
2004-10-08,87.95
2004-10-11,88.04
2004-10-12,88.24
2004-10-13,88.56
2004-10-14,88.98
2004-10-15,88.67
2004-10-18,88.71
2004-10-19,88.94
2004-10-20,89.55
2004-10-21,89.61
2004-10-22,89.82
2004-10-25,89.89
2004-10-26,89.62
2004-10-27,88.74
2004-10-28,89.03
2004-10-29,89.44
2004-11-01,88.52
2004-11-02,88.65
2004-11-03,88.69
2004-11-04,88.78
2004-11-05,87.81
2004-11-08,87.5
2004-11-09,87.45
2004-11-10,87.12
2004-11-11,86.93
2004-11-12,87.87
2004-11-15,87.95
2004-11-16,87.95
2004-11-17,88.7
2004-11-18,88.97
2004-11-19,88.26
2004-11-22,88.72
2004-11-23,88.83
2004-11-24,88.83
2004-11-26,88.25
2004-11-29,87.31
2004-11-30,86.94
2004-12-01,86.45
2004-12-02,86.1
2004-12-03,87.44
2004-12-06,87.74
2004-12-07,87.85
2004-12-08,89.22
2004-12-09,88.63
2004-12-10,88.85
2004-12-13,89.04
2004-12-14,89.39
2004-12-15,90.2
2004-12-16,88.87
2004-12-17,88.75
2004-12-20,88.91
2004-12-21,89.18
2004-12-22,88.88
2004-12-23,88.59
2004-12-27,87.9
2004-12-28,87.83
2004-12-29,87.74
2004-12-30,88.33
2004-12-31,88.55
2005-01-03,88.74
2005-01-04,87.81
2005-01-05,88.28
2005-01-06,88.34
2005-01-07,88.54
2005-01-10,88.68
2005-01-11,89.2
2005-01-12,89.32
2005-01-13,90.18
2005-01-14,90.17
2005-01-18,90.47
2005-01-19,90.73
2005-01-20,90.91
2005-01-21,91.01
2005-01-24,91.4
2005-01-25,90.54
2005-01-26,90.71
2005-01-27,90.54
2005-01-28,91.45
2005-01-31,91.71
2005-02-01,91.22
2005-02-02,91.43
2005-02-03,91.38
2005-02-04,92.65
2005-02-07,93.34
2005-02-08,93.87
2005-02-09,94.12
2005-02-10,92.85
2005-02-11,92.79
2005-02-14,93.08
2005-02-15,92.61
2005-02-16,92.26
2005-02-17,91.68
2005-02-18,90.86
2005-02-22,90.46
2005-02-23,90.76
2005-02-24,90.56
2005-02-25,91
2005-02-28,90.02
2005-03-01,89.71
2005-03-02,89.59
2005-03-03,89.54
2005-03-04,90.51
2005-03-07,90.87
2005-03-08,90.01
2005-03-09,88.54
2005-03-10,89.08
2005-03-11,88.43
2005-03-14,88.96
2005-03-15,88.4
2005-03-16,88.94
2005-03-17,89.23
2005-03-18,88.67
2005-03-21,88.42
2005-03-22,87.67
2005-03-23,88.09
2005-03-24,88.27
2005-03-28,87.73
2005-03-29,88.25
2005-03-30,88.69
2005-03-31,89.33
2005-04-01,89.3
2005-04-04,89.28
2005-04-05,89.05
2005-04-06,89.36
2005-04-07,88.64
2005-04-08,88.95
2005-04-11,89.43
2005-04-12,90.26
2005-04-13,90.04
2005-04-14,89.9
2005-04-15,91.09
2005-04-18,91.02
2005-04-19,91.9
2005-04-20,91.67
2005-04-21,90.71
2005-04-22,91.47
2005-04-25,91.74
2005-04-26,91.6
2005-04-27,91.92
2005-04-28,92.6
2005-04-29,92.44
2005-05-02,92.09
2005-05-03,92.34
2005-05-04,91.53
2005-05-05,91.74
2005-05-06,91.06
2005-05-09,91.15
2005-05-10,91.8
2005-05-11,92.08
2005-05-12,92.44
2005-05-13,92.8
2005-05-16,92.69
2005-05-17,92.95
2005-05-18,93.57
2005-05-19,93.33
2005-05-20,93.44
2005-05-23,94.17
2005-05-24,94.43
2005-05-25,93.77
2005-05-26,93.74
2005-05-27,93.84
2005-05-31,95
2005-06-01,95.81
2005-06-02,96.04
2005-06-03,95.25
2005-06-06,95.75
2005-06-07,96.51
2005-06-08,96.05
2005-06-09,95.97
2005-06-10,94.89
2005-06-13,94.32
2005-06-14,93.7
2005-06-15,93.87
2005-06-16,94.34
2005-06-17,94.33
2005-06-20,94.17
2005-06-21,94.86
2005-06-22,96.01
2005-06-23,95.91
2005-06-24,96.39
2005-06-27,96.65
2005-06-28,95.99
2005-06-29,95.84
2005-06-30,96.7
2005-07-01,95.2
2005-07-05,94.3
2005-07-06,94.82
2005-07-07,95.02
2005-07-08,94.63
2005-07-11,94.63
2005-07-12,94.1
2005-07-13,93.96
2005-07-14,93.72
2005-07-15,93.97
2005-07-18,93.27
2005-07-19,93.6
2005-07-20,94.11
2005-07-21,92.83
2005-07-22,93.55
2005-07-25,93.21
2005-07-26,93.36
2005-07-27,93.21
2005-07-28,94.04
2005-07-29,93.11
2005-08-01,92.42
2005-08-02,92.12
2005-08-03,92.57
2005-08-04,92.38
2005-08-05,91.66
2005-08-08,91.49
2005-08-09,91.83
2005-08-10,91.73
2005-08-11,92.37
2005-08-12,93.31
2005-08-15,93.07
2005-08-16,93.72
2005-08-17,93.1
2005-08-18,93.79
2005-08-19,93.78
2005-08-22,93.68
2005-08-23,94.11
2005-08-24,94.2
2005-08-25,94.5
2005-08-26,94.47
2005-08-29,94.59
2005-08-30,95.19
2005-08-31,95.99
2005-09-01,95.08
2005-09-02,95.16
2005-09-06,94.49
2005-09-07,93.6
2005-09-08,93.7
2005-09-09,94
2005-09-12,93.35
2005-09-13,93.84
2005-09-14,93.48
2005-09-15,92.71
2005-09-16,92.1
2005-09-19,92.3
2005-09-20,92.54
2005-09-21,93.4
2005-09-22,93.31
2005-09-23,92.61
2005-09-26,92.19
2005-09-27,92.32
2005-09-28,92.94
2005-09-29,92.52
2005-09-30,92.2
2005-10-03,91.12
2005-10-04,91.42
2005-10-05,91.82
2005-10-06,91.47
2005-10-07,91.84
2005-10-10,91.78
2005-10-11,91.59
2005-10-12,90.7
2005-10-13,90.37
2005-10-14,90.23
2005-10-17,90.21
2005-10-18,90.31
2005-10-19,90.35
2005-10-20,90.59
2005-10-21,91.43
2005-10-24,90.72
2005-10-25,89.94
2005-10-26,89.28
2005-10-27,89.6
2005-10-28,89.61
2005-10-31,89.78
2005-11-01,89.28
2005-11-02,88.86
2005-11-03,88.26
2005-11-04,88.12
2005-11-07,88.42
2005-11-08,89.28
2005-11-09,88.36
2005-11-10,89.44
2005-11-11,89.49
2005-11-14,88.82
2005-11-15,89.4
2005-11-16,90.34
2005-11-17,90.56
2005-11-18,90.14
2005-11-21,90.41
2005-11-22,90.53
2005-11-23,90.18
2005-11-25,90.51
2005-11-28,90.96
2005-11-29,90.1
2005-11-30,90
2005-12-01,89.47
2005-12-02,89.5
2005-12-05,89.1
2005-12-06,90.01
2005-12-07,89.67
2005-12-08,90.25
2005-12-09,89.54
2005-12-12,89.37
2005-12-13,89.7
2005-12-14,90.62
2005-12-15,90.4
2005-12-16,90.7
2005-12-19,90.79
2005-12-20,90.68
2005-12-21,90.52
2005-12-22,91.24
2005-12-23,91.8
2005-12-27,92.55
2005-12-28,91.91
2005-12-29,92.11
2005-12-30,91.9
2006-01-03,91.78
2006-01-04,92
2006-01-05,91.89
2006-01-06,91.72
2006-01-09,91.78
2006-01-10,91.04
2006-01-11,90.89
2006-01-12,91.5
2006-01-13,92.03
2006-01-17,92.44
2006-01-18,92.41
2006-01-19,92.14
2006-01-20,92.38
2006-01-23,92.35
2006-01-24,91.9
2006-01-25,90.9
2006-01-26,90.51
2006-01-27,90.51
2006-01-30,90.42
2006-01-31,90.67
2006-02-01,90.04
2006-02-02,90.21
2006-02-03,90.85
2006-02-06,91.03
2006-02-07,90.6
2006-02-08,90.39
2006-02-09,90.8
2006-02-10,90.3
2006-02-13,90.31
2006-02-14,89.99
2006-02-15,90.21
2006-02-16,90.23
2006-02-17,90.95
2006-02-21,90.8
2006-02-22,91.42
2006-02-23,91.19
2006-02-24,91.05
2006-02-27,90.9
2006-02-28,91.35
2006-03-01,90.48
2006-03-02,89.85
2006-03-03,89.33
2006-03-06,88.55
2006-03-07,88.61
2006-03-08,88.58
2006-03-09,88.61
2006-03-10,88.28
2006-03-13,88.21
2006-03-14,88.8
2006-03-15,88.32
2006-03-16,89.12
2006-03-17,88.85
2006-03-20,88.99
2006-03-21,88.53
2006-03-22,88.72
2006-03-23,88.44
2006-03-24,89.09
2006-03-27,88.76
2006-03-28,87.93
2006-03-29,87.51
2006-03-30,86.9
2006-03-31,86.87
2006-04-03,86.57
2006-04-04,86.48
2006-04-05,86.6
2006-04-06,85.94
2006-04-07,85.1
2006-04-10,85.26
2006-04-11,85.56
2006-04-12,85.04
2006-04-13,84.44
2006-04-17,84.75
2006-04-18,84.9
2006-04-19,84.38
2006-04-20,84.31
2006-04-21,84.8
2006-04-24,85.14
2006-04-25,84.13
2006-04-26,83.99
2006-04-27,84.1
2006-04-28,84.16
2006-05-01,83.2
2006-05-02,83.42
2006-05-03,83.24
2006-05-04,83.1
2006-05-05,83.6
2006-05-08,83.65
2006-05-09,83.6
2006-05-10,83.75
2006-05-11,83.34
2006-05-12,82.65
2006-05-15,82.98
2006-05-16,83.6
2006-05-17,83.08
2006-05-18,84.21
2006-05-19,84.43
2006-05-22,84.61
2006-05-23,84.56
2006-05-24,84.6
2006-05-25,84.27
2006-05-26,84.21
2006-05-30,84.17
2006-05-31,83.67
2006-06-01,83.71
2006-06-02,84.79
2006-06-05,84.68
2006-06-06,85.08
2006-06-07,85.1
2006-06-08,85.27
2006-06-09,85.72
2006-06-12,85.79
2006-06-13,85.85
2006-06-14,84.99
2006-06-15,84.5
2006-06-16,84.31
2006-06-19,84.19
2006-06-20,84.05
2006-06-21,84.07
2006-06-22,83.59
2006-06-23,83.42
2006-06-26,83.26
2006-06-27,83.67
2006-06-28,83.23
2006-06-29,83.51
2006-06-30,84.32
2006-07-03,83.91
2006-07-05,83.24
2006-07-06,83.75
2006-07-07,84.29
2006-07-10,84.37
2006-07-11,84.64
2006-07-12,84.66
2006-07-13,84.99
2006-07-14,85.04
2006-07-17,85.17
2006-07-18,84.44
2006-07-19,85.24
2006-07-20,85.49
2006-07-21,85.33
2006-07-24,85.28
2006-07-25,85.03
2006-07-26,85.34
2006-07-27,85.21
2006-07-28,85.7
2006-07-31,85.81
2006-08-01,85.46
2006-08-02,85.78
2006-08-03,85.8
2006-08-04,86.32
2006-08-07,86.37
2006-08-08,86.18
2006-08-09,85.9
2006-08-10,85.77
2006-08-11,85.4
2006-08-14,85.25
2006-08-15,85.97
2006-08-16,86.55
2006-08-17,86.52
2006-08-18,86.77
2006-08-21,87.08
2006-08-22,87.11
2006-08-23,87.15
2006-08-24,87.31
2006-08-25,87.44
2006-08-28,87.52
2006-08-29,87.64
2006-08-30,87.87
2006-08-31,88.08
2006-09-01,87.76
2006-09-05,87.21
2006-09-06,87.09
2006-09-07,87.26
2006-09-08,87.33
2006-09-11,87.25
2006-09-12,87.69
2006-09-13,87.73
2006-09-14,87.53
2006-09-15,87.46
2006-09-18,87.32
2006-09-19,88.3
2006-09-20,88.43
2006-09-21,89.24
2006-09-22,89.68
2006-09-25,90.31
2006-09-26,89.93
2006-09-27,89.67
2006-09-28,89.52
2006-09-29,89.41
2006-10-02,89.3
2006-10-03,89.18
2006-10-04,89.83
2006-10-05,89.2
2006-10-06,88.27
2006-10-09,88.51
2006-10-10,87.81
2006-10-11,87.55
2006-10-12,87.6
2006-10-13,87.16
2006-10-16,87.55
2006-10-17,87.62
2006-10-18,87.8
2006-10-19,87.64
2006-10-20,87.55
2006-10-23,87.2
2006-10-24,87.2
2006-10-25,87.89
2006-10-26,88.46
2006-10-27,88.87
2006-10-30,89.12
2006-10-31,89.81
2006-11-01,89.96
2006-11-02,89.59
2006-11-03,88.53
2006-11-06,88.79
2006-11-07,89.2
2006-11-08,89.52
2006-11-09,89.47
2006-11-10,89.86
2006-11-13,89.84
2006-11-14,90.19
2006-11-15,89.85
2006-11-16,89.44
2006-11-17,89.95
2006-11-20,90.09
2006-11-21,90.31
2006-11-22,90.46
2006-11-24,90.62
2006-11-27,90.95
2006-11-28,91.14
2006-11-29,90.93
2006-11-30,91.53
2006-12-01,91.42
2006-12-04,91.58
2006-12-05,91.15
2006-12-06,90.97
2006-12-07,90.9
2006-12-08,90.24
2006-12-11,90.63
2006-12-12,90.82
2006-12-13,90.01
2006-12-14,89.68
2006-12-15,89.73
2006-12-18,89.76
2006-12-19,89.64
2006-12-20,89.63
2006-12-21,90.08
2006-12-22,89.39
2006-12-26,89.66
2006-12-27,88.7
2006-12-28,88.5
2006-12-29,88.43
2007-01-03,89.06
2007-01-04,89.6
2007-01-05,89.21
2007-01-08,89.37
2007-01-09,89.37
2007-01-10,88.97
2007-01-11,88.45
2007-01-12,88.04
2007-01-16,88.23
2007-01-17,87.96
2007-01-18,88.23
2007-01-19,87.99
2007-01-22,88.2
2007-01-23,87.62
2007-01-24,87.61
2007-01-25,86.98
2007-01-26,86.91
2007-01-29,86.72
2007-01-30,86.82
2007-01-31,87.55
2007-02-01,87.09
2007-02-02,87.2
2007-02-05,87.32
2007-02-06,87.8
2007-02-07,88.06
2007-02-08,88.13
2007-02-09,87.63
2007-02-12,87.43
2007-02-13,87.24
2007-02-14,88.07
2007-02-15,88.33
2007-02-16,88.64
2007-02-20,88.84
2007-02-21,88.69
2007-02-22,88.21
2007-02-23,88.84
2007-02-26,89.43
2007-02-27,90.56
2007-02-28,90.15
2007-03-01,89.75
2007-03-02,90.2
2007-03-05,90.35
2007-03-06,90.08
2007-03-07,90.43
2007-03-08,90.35
2007-03-09,89.4
2007-03-12,89.75
2007-03-13,90.29
2007-03-14,89.88
2007-03-15,89.87
2007-03-16,89.85
2007-03-19,89.66
2007-03-20,89.71
2007-03-21,89.75
2007-03-22,89.04
2007-03-23,88.79
2007-03-26,88.9
2007-03-27,88.75
2007-03-28,88.57
2007-03-29,88.45
2007-03-30,88.28
2007-04-02,88.1
2007-04-03,87.99
2007-04-04,88.08
2007-04-05,87.75
2007-04-09,87.17
2007-04-10,87.43
2007-04-11,87.37
2007-04-12,87.39
2007-04-13,87.12
2007-04-16,87.6
2007-04-17,88.09
2007-04-18,88.53
2007-04-19,88.38
2007-04-20,88.15
2007-04-23,88.47
2007-04-24,88.8
2007-04-25,88.49
2007-04-26,87.85
2007-04-27,87.83
2007-04-30,88.75
2007-05-01,88.49
2007-05-02,88.44
2007-05-03,88.24
2007-05-04,88.6
2007-05-07,88.84
2007-05-08,88.64
2007-05-09,88.29
2007-05-10,88.5
2007-05-11,88.19
2007-05-14,87.96
2007-05-15,87.93
2007-05-16,87.87
2007-05-17,87.51
2007-05-18,86.93
2007-05-21,87.19
2007-05-22,86.74
2007-05-23,86.49
2007-05-24,86.57
2007-05-25,86.37
2007-05-29,86.36
2007-05-30,86.54
2007-05-31,86.38
2007-06-01,85.59
2007-06-04,85.98
2007-06-05,85.44
2007-06-06,85.4
2007-06-07,83.87
2007-06-08,83.8
2007-06-11,83.56
2007-06-12,82.35
2007-06-13,83.33
2007-06-14,83.12
2007-06-15,83.69
2007-06-18,83.52
2007-06-19,84.3
2007-06-20,83.62
2007-06-21,83.22
2007-06-22,83.76
2007-06-25,84.22
2007-06-26,84.24
2007-06-27,84.32
2007-06-28,84.3
2007-06-29,85.17
2007-07-02,85.29
2007-07-03,84.77
2007-07-05,83.82
2007-07-06,83.48
2007-07-09,83.78
2007-07-10,85.2
2007-07-11,84.32
2007-07-12,84.03
2007-07-13,84.26
2007-07-16,85.07
2007-07-17,84.89
2007-07-18,85.21
2007-07-19,85.19
2007-07-20,85.96
2007-07-23,85.82
2007-07-24,86.14
2007-07-25,86.31
2007-07-26,87.03
2007-07-27,87.28
2007-07-30,87.03
2007-07-31,87.66
2007-08-01,87.13
2007-08-02,87.35
2007-08-03,87.93
2007-08-06,87.29
2007-08-07,87.22
2007-08-08,86.16
2007-08-09,86.28
2007-08-10,86.08
2007-08-13,86.33
2007-08-14,86.56
2007-08-15,86.25
2007-08-16,87.14
2007-08-17,86.79
2007-08-20,86.84
2007-08-21,87.26
2007-08-22,87.12
2007-08-23,87.42
2007-08-24,87.85
2007-08-27,88.31
2007-08-28,88.46
2007-08-29,88.22
2007-08-30,88.81
2007-08-31,88.88
2007-09-04,88.56
2007-09-05,89.27
2007-09-06,89.04
2007-09-07,90.3
2007-09-10,91
2007-09-11,90.93
2007-09-12,90.59
2007-09-13,89.78
2007-09-14,89.91
2007-09-17,90.34
2007-09-18,89.66
2007-09-19,88.83
2007-09-20,87.15
2007-09-21,87.89
2007-09-24,88.14
2007-09-25,87.83
2007-09-26,87.91
2007-09-27,88.52
2007-09-28,88.72
2007-10-01,88.88
2007-10-02,89.16
2007-10-03,88.9
2007-10-04,89.24
2007-10-05,88.28
2007-10-08,88.21
2007-10-09,88.1
2007-10-10,88.15
2007-10-11,88.06
2007-10-12,87.63
2007-10-15,87.65
2007-10-16,87.68
2007-10-17,88.64
2007-10-18,89.13
2007-10-19,90.46
2007-10-22,90.47
2007-10-23,90.35
2007-10-24,91.02
2007-10-25,90.71
2007-10-26,90.5
2007-10-29,90.85
2007-10-30,90.8
2007-10-31,89.98
2007-11-01,90.75
2007-11-02,91.04
2007-11-05,91
2007-11-06,90.56
2007-11-07,90.72
2007-11-08,90.56
2007-11-09,91.33
2007-11-12,91.66
2007-11-13,91.32
2007-11-14,91.42
2007-11-15,92.28
2007-11-16,92.41
2007-11-19,93.01
2007-11-20,92.91
2007-11-21,93.45
2007-11-23,93.73
2007-11-26,95.58
2007-11-27,94.67
2007-11-28,94.03
2007-11-29,94.84
2007-11-30,94.38
2007-12-03,94.75
2007-12-04,94.74
2007-12-05,93.61
2007-12-06,92.79
2007-12-07,91.75
2007-12-10,91.2
2007-12-11,92.99
2007-12-12,92.03
2007-12-13,91.03
2007-12-14,90.61
2007-12-17,91.42
2007-12-18,92.01
2007-12-19,93.23
2007-12-20,93.03
2007-12-21,91.67
2007-12-24,91.24
2007-12-26,90.44
2007-12-27,91.06
2007-12-28,92.48
2007-12-31,93.04
2008-01-02,94.38
2008-01-03,94.25
2008-01-04,94.27
2008-01-07,94.68
2008-01-08,94.57
2008-01-09,94.75
2008-01-10,93.47
2008-01-11,94.2
2008-01-14,94.55
2008-01-15,95.61
2008-01-16,94.92
2008-01-17,96.15
2008-01-18,95.49
2008-01-22,96.51
2008-01-23,96.29
2008-01-24,94.36
2008-01-25,95.95
2008-01-28,95.59
2008-01-29,94.94
2008-01-30,94.32
2008-01-31,94.99
2008-02-01,95.23
2008-02-04,94.25
2008-02-05,94.97
2008-02-06,94.68
2008-02-07,92.64
2008-02-08,93.7
2008-02-11,94.09
2008-02-12,93.53
2008-02-13,92.54
2008-02-14,91.18
2008-02-15,91.88
2008-02-19,90.95
2008-02-20,91.58
2008-02-21,92.55
2008-02-22,92.02
2008-02-25,91.08
2008-02-26,91.11
2008-02-27,91.19
2008-02-28,92.81
2008-02-29,94.23
2008-03-03,93.64
2008-03-04,92.73
2008-03-05,91.62
2008-03-06,92.11
2008-03-07,92.23
2008-03-10,93.59
2008-03-11,92.79
2008-03-12,94.58
2008-03-13,93.84
2008-03-14,95
2008-03-17,95.73
2008-03-18,95.36
2008-03-19,96.94
2008-03-20,97.18
2008-03-24,95.3
2008-03-25,95.7
2008-03-26,95.3
2008-03-27,94.63
2008-03-28,95.55
2008-03-31,95.89
2008-04-01,93.93
2008-04-02,94.13
2008-04-03,94.34
2008-04-04,95.2
2008-04-07,94.7
2008-04-08,94.37
2008-04-09,95.35
2008-04-10,95.03
2008-04-11,95.67
2008-04-14,95.11
2008-04-15,93.93
2008-04-16,93.01
2008-04-17,92.85
2008-04-18,92.77
2008-04-21,93.14
2008-04-22,93.46
2008-04-23,93.15
2008-04-24,92.36
2008-04-25,91.82
2008-04-28,92.1
2008-04-29,92.45
2008-04-30,93.11
2008-05-01,92.78
2008-05-02,91.61
2008-05-05,91.61
2008-05-06,90.95
2008-05-07,91.34
2008-05-08,92.16
2008-05-09,92.5
2008-05-12,92.36
2008-05-13,91.35
2008-05-14,91.39
2008-05-15,92.22
2008-05-16,91.84
2008-05-19,91.96
2008-05-20,92.44
2008-05-21,92.46
2008-05-22,91.37
2008-05-23,91.77
2008-05-27,91.15
2008-05-28,90.34
2008-05-29,89.69
2008-05-30,90.28
2008-06-02,90.3
2008-06-03,90.95
2008-06-04,90.14
2008-06-05,89.6
2008-06-06,90.76
2008-06-09,90.76
2008-06-10,90.17
2008-06-11,89.96
2008-06-12,89.06
2008-06-13,88.87
2008-06-16,88.89
2008-06-17,89.07
2008-06-18,89.82
2008-06-19,89.29
2008-06-20,89.81
2008-06-23,90
2008-06-24,90.6
2008-06-25,90.64
2008-06-26,91.25
2008-06-27,92.32
2008-06-30,92.34
2008-07-01,91.79
2008-07-02,92.27
2008-07-03,92.07
2008-07-07,92.49
2008-07-08,93.09
2008-07-09,93.5
2008-07-10,93.49
2008-07-11,92.16
2008-07-14,92.97
2008-07-15,92.94
2008-07-16,91.26
2008-07-17,90.79
2008-07-18,90.45
2008-07-21,90.8
2008-07-22,90.35
2008-07-23,90.17
2008-07-24,91.05
2008-07-25,90.14
2008-07-28,91.05
2008-07-29,90.68
2008-07-30,90.77
2008-07-31,91.67
2008-08-01,91.54
2008-08-04,91.33
2008-08-05,90.65
2008-08-06,90.28
2008-08-07,91.75
2008-08-08,92
2008-08-11,91.12
2008-08-12,91.97
2008-08-13,91.65
2008-08-14,92.24
2008-08-15,93.04
2008-08-18,93.41
2008-08-19,93.05
2008-08-20,93.31
2008-08-21,93.14
2008-08-22,93.08
2008-08-25,94.01
2008-08-26,94.09
2008-08-27,94.25
2008-08-28,94.26
2008-08-29,93.84
2008-09-02,94.37
2008-09-03,94.77
2008-09-04,95.53
2008-09-05,95.48
2008-09-08,95.88
2008-09-09,96.83
2008-09-10,96.23
2008-09-11,96.18
2008-09-12,94.94
2008-09-15,98.02
2008-09-16,98
2008-09-17,98.49
2008-09-18,97.05
2008-09-19,93.97
2008-09-22,93.96
2008-09-23,93.6
2008-09-24,94.01
2008-09-25,93.82
2008-09-26,94.5
2008-09-29,97.25
2008-09-30,94.88
2008-10-01,95.78
2008-10-02,96.55
2008-10-03,97.4
2008-10-06,99.17
2008-10-07,98.87
2008-10-08,97.45
2008-10-09,96.63
2008-10-10,95.95
2008-10-13,94.72
2008-10-14,94.11
2008-10-15,95.01
2008-10-16,94.52
2008-10-17,93.87
2008-10-20,94.62
2008-10-21,95.12
2008-10-22,97.05
2008-10-23,97.77
2008-10-24,96.73
2008-10-27,96.8
2008-10-28,95.39
2008-10-29,94.91
2008-10-30,94.05
2008-10-31,92.83
2008-11-03,92.71
2008-11-04,94.45
2008-11-05,95.57
2008-11-06,94.88
2008-11-07,94.26
2008-11-10,94.72
2008-11-11,95
2008-11-12,95.61
2008-11-13,93.32
2008-11-14,95.17
2008-11-17,95.59
2008-11-18,96.82
2008-11-19,99.3
2008-11-20,104.43
2008-11-21,102.92
2008-11-24,101.31
2008-11-25,104.29
2008-11-26,104.43
2008-11-28,105.72
2008-12-01,109.4
2008-12-02,109.82
2008-12-03,110.13
2008-12-04,112.3
2008-12-05,110.48
2008-12-08,110.24
2008-12-09,112.42
2008-12-10,112.15
2008-12-11,112.37
2008-12-12,112.37
2008-12-15,113.65
2008-12-16,116.46
2008-12-17,119.62
2008-12-18,122.13
2008-12-19,122.26
2008-12-22,121.32
2008-12-23,121.16
2008-12-24,120.9
2008-12-26,121.3
2008-12-29,120.75
2008-12-30,121.9
2008-12-31,119.35
2009-01-02,116.35
2009-01-05,113.35
2009-01-06,112.21
2009-01-07,112.65
2009-01-08,112.56
2009-01-09,112.73
2009-01-12,113.9
2009-01-13,114.02
2009-01-14,115.9
2009-01-15,116.09
2009-01-16,114.3
2009-01-20,114.28
2009-01-21,110.67
2009-01-22,108.54
2009-01-23,107.69
2009-01-26,106.75
2009-01-27,109.26
2009-01-28,106.53
2009-01-29,104.08
2009-01-30,103.75
2009-02-02,105.39
2009-02-03,102.88
2009-02-04,102.52
2009-02-05,102.61
2009-02-06,102.29
2009-02-09,102.62
2009-02-10,104.85
2009-02-11,106.21
2009-02-12,105.21
2009-02-13,102.41
2009-02-17,105.6
2009-02-18,104.7
2009-02-19,102.92
2009-02-20,103.92
2009-02-23,104.88
2009-02-24,104.77
2009-02-25,103.56
2009-02-26,102.47
2009-02-27,101.88
2009-03-02,103.28
2009-03-03,102.59
2009-03-04,102.12
2009-03-05,104.96
2009-03-06,104.26
2009-03-09,103.65
2009-03-10,101.66
2009-03-11,102.76
2009-03-12,103.25
2009-03-13,102.73
2009-03-16,101.11
2009-03-17,100.56
2009-03-18,104.37
2009-03-19,104.5
2009-03-20,103.92
2009-03-23,103.02
2009-03-24,104
2009-03-25,102.6
2009-03-26,103.79
2009-03-27,104.56
2009-03-30,104.96
2009-03-31,105.71
2009-04-01,106.37
2009-04-02,105.07
2009-04-03,102.92
2009-04-06,102.48
2009-04-07,102.74
2009-04-08,103.65
2009-04-09,102.35
2009-04-13,103.29
2009-04-14,103.83
2009-04-15,103.65
2009-04-16,102.83
2009-04-17,101.7
2009-04-20,103.24
2009-04-21,102.22
2009-04-22,101.6
2009-04-23,101.59
2009-04-24,100.57
2009-04-27,101
2009-04-28,99.35
2009-04-29,98.47
2009-04-30,98.08
2009-05-01,97.11
2009-05-04,97.43
2009-05-05,97.31
2009-05-06,97.08
2009-05-07,94.71
2009-05-08,94.94
2009-05-11,96.29
2009-05-12,96.64
2009-05-13,97.69
2009-05-14,98.07
2009-05-15,98.04
2009-05-18,96.52
2009-05-19,96.01
2009-05-20,97.02
2009-05-21,94.58
2009-05-22,93.53
2009-05-26,92.12
2009-05-27,90.49
2009-05-28,91.8
2009-05-29,94.17
2009-06-01,91.09
2009-06-02,91.58
2009-06-03,92.44
2009-06-04,90.53
2009-06-05,89.84
2009-06-08,89.61
2009-06-09,89.6
2009-06-10,88.19
2009-06-11,89.17
2009-06-12,89.97
2009-06-15,90.78
2009-06-16,92.36
2009-06-17,91.84
2009-06-18,90.45
2009-06-19,91.69
2009-06-22,92.58
2009-06-23,93.67
2009-06-24,92.73
2009-06-25,94.43
2009-06-26,94.59
2009-06-29,94.73
2009-06-30,94.57
2009-07-01,94.08
2009-07-02,94.3
2009-07-06,94.12
2009-07-07,94.75
2009-07-08,96.5
2009-07-09,95.35
2009-07-10,96.23
2009-07-13,95.69
2009-07-14,94.1
2009-07-15,91.68
2009-07-16,92.67
2009-07-17,91.24
2009-07-20,91.72
2009-07-21,93.55
2009-07-22,92.71
2009-07-23,91.01
2009-07-24,91.45
2009-07-27,90.4
2009-07-28,91.2
2009-07-29,91.7
2009-07-30,93
2009-07-31,94.81
2009-08-03,93.06
2009-08-04,92.32
2009-08-05,90.94
2009-08-06,91.25
2009-08-07,90.49
2009-08-10,91.62
2009-08-11,92.68
2009-08-12,91.69
2009-08-13,92.99
2009-08-14,93.35
2009-08-17,94.73
2009-08-18,94.18
2009-08-19,94.96
2009-08-20,95.74
2009-08-21,93.77
2009-08-24,95.47
2009-08-25,96.01
2009-08-26,96.45
2009-08-27,96.07
2009-08-28,96.51
2009-08-31,96.6
2009-09-01,96.06
2009-09-02,97.46
2009-09-03,96.86
2009-09-04,95.21
2009-09-08,94.54
2009-09-09,94.43
2009-09-10,96.17
2009-09-11,96.7
2009-09-14,95.74
2009-09-15,95.25
2009-09-16,95.42
2009-09-17,96.62
2009-09-18,95.76
2009-09-21,95.98
2009-09-22,96.18
2009-09-23,96.47
2009-09-24,96.75
2009-09-25,97.98
2009-09-28,98.84
2009-09-29,98.75
2009-09-30,98.66
2009-10-01,99.7
2009-10-02,99.01
2009-10-05,99.02
2009-10-06,98.04
2009-10-07,99.19
2009-10-08,98.15
2009-10-09,95.9
2009-10-12,96.05
2009-10-13,96.55
2009-10-14,95.12
2009-10-15,94.68
2009-10-16,95.45
2009-10-19,96.2
2009-10-20,96.72
2009-10-21,96.14
2009-10-22,95.67
2009-10-23,94.95
2009-10-26,93.72
2009-10-27,95
2009-10-28,95.45
2009-10-29,94.41
2009-10-30,95.78
2009-11-02,95.05
2009-11-03,94.1
2009-11-04,93.24
2009-11-05,93.24
2009-11-06,93.33
2009-11-09,93.44
2009-11-10,93.27
2009-11-11,93.66
2009-11-12,93.49
2009-11-13,93.92
2009-11-16,95.02
2009-11-17,95.53
2009-11-18,94.97
2009-11-19,95.14
2009-11-20,95.12
2009-11-23,95
2009-11-24,95.6
2009-11-25,96.04
2009-11-27,96.4
2009-11-30,96.63
2009-12-01,95.25
2009-12-02,95.33
2009-12-03,94.34
2009-12-04,93.34
2009-12-07,93.46
2009-12-08,93.6
2009-12-09,93.17
2009-12-10,92.1
2009-12-11,92.09
2009-12-14,92.2
2009-12-15,91.79
2009-12-16,91.68
2009-12-17,93.19
2009-12-18,92.79
2009-12-21,91.14
2009-12-22,90.63
2009-12-23,90.65
2009-12-24,89.71
2009-12-28,89.46
2009-12-29,89.73
2009-12-30,90.32
2009-12-31,89.89
2010-01-04,89.81
2010-01-05,90.39
2010-01-06,89.18
2010-01-07,89.33
2010-01-08,89.29
2010-01-11,88.8
2010-01-12,90.32
2010-01-13,89.27
2010-01-14,90.52
2010-01-15,91.08
2010-01-19,90.82
2010-01-20,91.74
2010-01-21,92.16
2010-01-22,92
2010-01-25,91.58
2010-01-26,91.61
2010-01-27,91.56
2010-01-28,91.51
2010-01-29,92.31
2010-02-01,91.15
2010-02-02,91.41
2010-02-03,90.35
2010-02-04,91.78
2010-02-05,91.98
2010-02-08,92.1
2010-02-09,91.18
2010-02-10,90.31
2010-02-11,89.82
2010-02-12,90.19
2010-02-16,90.36
2010-02-17,89.33
2010-02-18,88.97
2010-02-19,89.45
2010-02-22,89.08
2010-02-23,90.47
2010-02-24,90.69
2010-02-25,91.2
2010-02-26,91.67
2010-03-01,91.34
2010-03-02,91.22
2010-03-03,90.99
2010-03-04,91.47
2010-03-05,90.27
2010-03-08,89.8
2010-03-09,89.82
2010-03-10,89.59
2010-03-11,89.92
2010-03-12,90.48
2010-03-15,90.36
2010-03-16,91.08
2010-03-17,91.47
2010-03-18,91.17
2010-03-19,91.26
2010-03-22,91.36
2010-03-23,90.93
2010-03-24,89.27
2010-03-25,88.7
2010-03-26,88.95
2010-03-29,88.61
2010-03-30,88.89
2010-03-31,89.5
2010-04-01,88.95
2010-04-05,87.47
2010-04-06,87.61
2010-04-07,88.73
2010-04-08,88.77
2010-04-09,88.98
2010-04-12,89.45
2010-04-13,89.74
2010-04-14,89.11
2010-04-15,89.21
2010-04-16,89.86
2010-04-19,89.64
2010-04-20,89.96
2010-04-21,90.7
2010-04-22,90.43
2010-04-23,90.11
2010-04-26,90.21
2010-04-27,91.48
2010-04-28,90.7
2010-04-29,91.08
2010-04-30,92.13
2010-05-03,91.69
2010-05-04,93.34
2010-05-05,93.89
2010-05-06,96.79
2010-05-07,95.58
2010-05-10,93.6
2010-05-11,93.36
2010-05-12,92.65
2010-05-13,93.26
2010-05-14,94.88
2010-05-17,94.53
2010-05-18,95.98
2010-05-19,96.3
2010-05-20,98.33
2010-05-21,98.43
2010-05-24,98.09
2010-05-25,98.57
2010-05-26,98.29
2010-05-27,96.06
2010-05-28,96.5
2010-06-01,96.85
2010-06-02,95.93
2010-06-03,95.23
2010-06-04,97.79
2010-06-07,98.54
2010-06-08,98.05
2010-06-09,97.94
2010-06-10,96.19
2010-06-11,97.41
2010-06-14,96.91
2010-06-15,96.51
2010-06-16,97.06
2010-06-17,97.85
2010-06-18,97.69
2010-06-21,97.41
2010-06-22,98.57
2010-06-23,99.24
2010-06-24,98.65
2010-06-25,99.05
2010-06-28,99.98
2010-06-29,101.07
2010-06-30,101.75
2010-07-01,101.6
2010-07-02,100.79
2010-07-06,101.62
2010-07-07,100.43
2010-07-08,99.79
2010-07-09,99.22
2010-07-12,99.18
2010-07-13,98.33
2010-07-14,99.32
2010-07-15,100.31
2010-07-16,100.8
2010-07-19,100.18
2010-07-20,100.33
2010-07-21,102.03
2010-07-22,100.85
2010-07-23,99.78
2010-07-26,99.61
2010-07-27,98.65
2010-07-28,98.97
2010-07-29,98.94
2010-07-30,100.48
2010-08-02,98.75
2010-08-03,99.32
2010-08-04,98.56
2010-08-05,99.02
2010-08-06,100.1
2010-08-09,99.73
2010-08-10,99.94
2010-08-11,101.28
2010-08-12,101.03
2010-08-13,102.29
2010-08-16,104.85
2010-08-17,104.25
2010-08-18,104.53
2010-08-19,106.16
2010-08-20,106.04
2010-08-23,106.06
2010-08-24,107.76
2010-08-25,107.41
2010-08-26,108.42
2010-08-27,105.35
2010-08-30,107.37
2010-08-31,108.56
2010-09-01,106
2010-09-02,104.88
2010-09-03,103.58
2010-09-07,105.7
2010-09-08,104.86
2010-09-09,102.79
2010-09-10,102.32
2010-09-13,102.82
2010-09-14,103.81
2010-09-15,102.27
2010-09-16,101.26
2010-09-17,101.67
2010-09-20,102.26
2010-09-21,103.68
2010-09-22,104.61
2010-09-23,104.91
2010-09-24,103.5
2010-09-27,105.3
2010-09-28,106.02
2010-09-29,105.58
2010-09-30,105.51
2010-10-01,104.61
2010-10-04,104.88
2010-10-05,104.25
2010-10-06,105.56
2010-10-07,104.68
2010-10-08,104.22
2010-10-11,104.24
2010-10-12,103.21
2010-10-13,103.05
2010-10-14,101.51
2010-10-15,100.27
2010-10-18,101.08
2010-10-19,101.69
2010-10-20,101.91
2010-10-21,100.7
2010-10-22,101.38
2010-10-25,101.67
2010-10-26,100.1
2010-10-27,99.22
2010-10-28,99.49
2010-10-29,100.42
2010-11-01,99.67
2010-11-02,100.98
2010-11-03,98.92
2010-11-04,99.69
2010-11-05,97.98
2010-11-08,98.42
2010-11-09,96.25
2010-11-10,96.38
2010-11-11,96.33
2010-11-12,95.81
2010-11-15,93.81
2010-11-16,96.14
2010-11-17,95.61
2010-11-18,96
2010-11-19,96.59
2010-11-22,97
2010-11-23,97.48
2010-11-24,95.74
2010-11-26,97.07
2010-11-29,97.9
2010-11-30,98.41
2010-12-01,95.89
2010-12-02,95.64
2010-12-03,94.89
2010-12-06,96.23
2010-12-07,94.17
2010-12-08,93.26
2010-12-09,93.72
2010-12-10,93.15
2010-12-13,93.5
2010-12-14,92.14
2010-12-15,90.94
2010-12-16,91.57
2010-12-17,93.24
2010-12-20,93.14
2010-12-21,93.79
2010-12-22,93.12
2010-12-23,92.93
2010-12-27,93.76
2010-12-28,91.61
2010-12-29,93.16
2010-12-30,93.09
2010-12-31,94.12
2011-01-03,93.41
2011-01-04,93.52
2011-01-05,91.46
2011-01-06,91.86
2011-01-07,92.35
2011-01-10,92.85
2011-01-11,92.33
2011-01-12,91.61
2011-01-13,92.43
2011-01-14,91.84
2011-01-18,91.41
2011-01-19,92.07
2011-01-20,90.8
2011-01-21,91.52
2011-01-24,91.56
2011-01-25,92.43
2011-01-26,91.03
2011-01-27,91.44
2011-01-28,91.92
2011-01-31,91.22
2011-02-01,90.45
2011-02-02,90.47
2011-02-03,89.72
2011-02-04,88.81
2011-02-07,89.27
2011-02-08,88.45
2011-02-09,89.22
2011-02-10,88.19
2011-02-11,89.46
2011-02-14,89.52
2011-02-15,89.92
2011-02-16,89.63
2011-02-17,89.77
2011-02-18,89.49
2011-02-22,90.83
2011-02-23,91.16
2011-02-24,91.74
2011-02-25,92.28
2011-02-28,92.4
2011-03-01,92.37
2011-03-02,90.95
2011-03-03,90.06
2011-03-04,90.81
2011-03-07,90.23
2011-03-08,89.68
2011-03-09,90.55
2011-03-10,92.07
2011-03-11,91.55
2011-03-14,91.51
2011-03-15,92.88
2011-03-16,93.93
2011-03-17,93.21
2011-03-18,93.46
2011-03-21,92.91
2011-03-22,93.22
2011-03-23,93.1
2011-03-24,92.4
2011-03-25,92.17
2011-03-28,92.3
2011-03-29,91.59
2011-03-30,92.32
2011-03-31,92.13
2011-04-01,92.19
2011-04-04,92.29
2011-04-05,91.92
2011-04-06,90.54
2011-04-07,90.36
2011-04-08,89.88
2011-04-11,89.96
2011-04-12,90.93
2011-04-13,91.5
2011-04-14,91.43
2011-04-15,92.67
2011-04-18,92.88
2011-04-19,93.28
2011-04-20,92.68
2011-04-21,92.6
2011-04-25,92.95
2011-04-26,93.85
2011-04-27,92.89
2011-04-28,93.6
2011-04-29,93.89
2011-05-02,93.64
2011-05-03,94.17
2011-05-04,94.59
2011-05-05,95.49
2011-05-06,95.07
2011-05-09,94.97
2011-05-10,94.29
2011-05-11,94.83
2011-05-12,94.23
2011-05-13,95.08
2011-05-16,95.61
2011-05-17,96.59
2011-05-18,95.31
2011-05-19,95.27
2011-05-20,95.32
2011-05-23,95.78
2011-05-24,96.14
2011-05-25,95.69
2011-05-26,96.51
2011-05-27,96.47
2011-05-31,96.69
2011-06-01,97.64
2011-06-02,95.78
2011-06-03,96.33
2011-06-06,95.6
2011-06-07,96.04
2011-06-08,96.79
2011-06-09,96.4
2011-06-10,97.14
2011-06-13,96.65
2011-06-14,95.19
2011-06-15,96.92
2011-06-16,97.36
2011-06-17,96.9
2011-06-20,97.02
2011-06-21,96.59
2011-06-22,96.65
2011-06-23,97.39
2011-06-24,96.98
2011-06-27,95.65
2011-06-28,94.88
2011-06-29,94.25
2011-06-30,94.1
2011-07-01,93.63
2011-07-05,93.84
2011-07-06,94.32
2011-07-07,94.04
2011-07-08,95.37
2011-07-11,96.8
2011-07-12,97.13
2011-07-13,97.4
2011-07-14,96.01
2011-07-15,96.17
2011-07-18,95.24
2011-07-19,97.22
2011-07-20,96.07
2011-07-21,95.33
2011-07-22,96.05
2011-07-25,95
2011-07-26,95.65
2011-07-27,95.66
2011-07-28,96.02
2011-07-29,97.92
2011-08-01,98.58
2011-08-02,101.54
2011-08-03,101.74
2011-08-04,105.36
2011-08-05,102.32
2011-08-08,105.55
2011-08-09,105.87
2011-08-10,109.02
2011-08-11,103.52
2011-08-12,105.57
2011-08-15,104.5
2011-08-16,106.23
2011-08-17,108.09
2011-08-18,110.31
2011-08-19,111.2
2011-08-22,110.92
2011-08-23,109.39
2011-08-24,106.28
2011-08-25,107.43
2011-08-26,108.49
2011-08-29,106.99
2011-08-30,108.71
2011-08-31,107.03
2011-09-01,108.97
2011-09-02,112.51
2011-09-06,113.68
2011-09-07,111.51
2011-09-08,112.51
2011-09-09,113.71
2011-09-12,113.83
2011-09-13,112.21
2011-09-14,113.16
2011-09-15,111.43
2011-09-16,112.24
2011-09-19,114.38
2011-09-20,114.86
2011-09-21,118.66
2011-09-22,123.12
2011-09-23,120.83
2011-09-26,118.89
2011-09-27,117.07
2011-09-28,117.03
2011-09-29,117.84
2011-09-30,120.8
2011-10-03,123.81
2011-10-04,122.24
2011-10-05,121.36
2011-10-06,119.12
2011-10-07,118.24
2011-10-10,116.57
2011-10-11,116.18
2011-10-12,114.49
2011-10-13,115.63
2011-10-14,113.95
2011-10-17,115.92
2011-10-18,115.2
2011-10-19,115.16
2011-10-20,114.34
2011-10-21,113.13
2011-10-24,113.32
2011-10-25,116.2
2011-10-26,114.17
2011-10-27,110.3
2011-10-28,111.46
2011-10-31,115.88
2011-11-01,119.45
2011-11-02,117.96
2011-11-03,116.34
2011-11-04,116.48
2011-11-07,117.22
2011-11-08,115.72
2011-11-09,118.12
2011-11-10,116.36
2011-11-11,115.65
2011-11-14,117.51
2011-11-15,117.35
2011-11-16,118.42
2011-11-17,119.37
2011-11-18,119.34
2011-11-21,120.05
2011-11-22,121.39
2011-11-23,122.58
2011-11-25,120.8
2011-11-28,120.74
2011-11-29,119.75
2011-11-30,117.88
2011-12-01,117
2011-12-02,118.64
2011-12-05,118.4
2011-12-06,117.27
2011-12-07,117.69
2011-12-08,119.16
2011-12-09,116.71
2011-12-12,118.01
2011-12-13,119.11
2011-12-14,121.36
2011-12-15,120.91
2011-12-16,122.32
2011-12-19,123.87
2011-12-20,120.78
2011-12-21,119.1
2011-12-22,119.6
2011-12-23,118.27
2011-12-27,118.45
2011-12-28,120.64
2011-12-29,120.86
2011-12-30,121.25
2012-01-03,119.43
2012-01-04,118.01
2012-01-05,117.8
2012-01-06,118.73
2012-01-09,118.52
2012-01-10,118.32
2012-01-11,119.86
2012-01-12,119.69
2012-01-13,120.88
2012-01-17,121.44
2012-01-18,119.97
2012-01-19,118.32
2012-01-20,116.98
2012-01-23,116.24
2012-01-24,116.45
2012-01-25,116.17
2012-01-26,117.71
2012-01-27,118.08
2012-01-30,119.47
2012-01-31,120.85
2012-02-01,119.18
2012-02-02,119.13
2012-02-03,116.57
2012-02-06,117.73
2012-02-07,116.27
2012-02-08,116.36
2012-02-09,115.49
2012-02-10,116.99
2012-02-13,117.14
2012-02-14,117.76
2012-02-15,117.55
2012-02-16,116.61
2012-02-17,116.58
2012-02-21,115.29
2012-02-22,116.74
2012-02-23,116.74
2012-02-24,117.5
2012-02-27,118.54
2012-02-28,118.15
2012-02-29,117.43
2012-03-01,116.06
2012-03-02,117.15
2012-03-05,116.22
2012-03-06,117.63
2012-03-07,116.91
2012-03-08,115.74
2012-03-09,115.97
2012-03-12,115.95
2012-03-13,113.91
2012-03-14,111.04
2012-03-15,111.21
2012-03-16,111.43
2012-03-19,110.1
2012-03-20,110.54
2012-03-21,111.79
2012-03-22,112.15
2012-03-23,113.21
2012-03-26,112.63
2012-03-27,113.44
2012-03-28,113.28
2012-03-29,114.13
2012-03-30,112.2
2012-04-02,112.53
2012-04-03,110.58
2012-04-04,112.1
2012-04-05,112.91
2012-04-09,115.55
2012-04-10,116.86
2012-04-11,115.46
2012-04-12,114.98
2012-04-13,116.84
2012-04-16,116.67
2012-04-17,116.6
2012-04-18,116.94
2012-04-19,117.05
2012-04-20,117.07
2012-04-23,117.92
2012-04-24,117.09
2012-04-25,116.49
2012-04-26,117.19
2012-04-27,117.29
2012-04-30,117.32
2012-05-01,116.43
2012-05-02,117.25
2012-05-03,117.22
2012-05-04,118.14
2012-05-07,118.16
2012-05-08,118.79
2012-05-09,118.87
2012-05-10,118.52
2012-05-11,119.5
2012-05-14,121.17
2012-05-15,121.66
2012-05-16,122.01
2012-05-17,124.17
2012-05-18,124.2
2012-05-21,123.94
2012-05-22,122.56
2012-05-23,123.41
2012-05-24,122.94
2012-05-25,123.4
2012-05-29,123.02
2012-05-30,126.14
2012-05-31,127.6
2012-06-01,130.36
2012-06-04,129.33
2012-06-05,127.6
2012-06-06,125.05
2012-06-07,125.24
2012-06-08,125.21
2012-06-11,125.78
2012-06-12,124.63
2012-06-13,125.86
2012-06-14,125.7
2012-06-15,126.4
2012-06-18,127.08
2012-06-19,125.42
2012-06-20,126.04
2012-06-21,126.71
2012-06-22,125.02
2012-06-25,126.84
2012-06-26,126.34
2012-06-27,126.54
2012-06-28,126.85
2012-06-29,125.2
2012-07-02,126.22
2012-07-03,125.25
2012-07-05,125.89
2012-07-06,127.06
2012-07-09,128.18
2012-07-10,128.44
2012-07-11,128.6
2012-07-12,129.51
2012-07-13,129.17
2012-07-16,129.77
2012-07-17,128.75
2012-07-18,128.82
2012-07-19,128.49
2012-07-20,130.06
2012-07-23,130.79
2012-07-24,131.82
2012-07-25,132.16
2012-07-26,130.95
2012-07-27,128.48
2012-07-30,129.44
2012-07-31,129.7
2012-08-01,128.78
2012-08-02,129.51
2012-08-03,127.42
2012-08-06,127.47
2012-08-07,125.83
2012-08-08,125.16
2012-08-09,125.07
2012-08-10,125.7
2012-08-13,125.49
2012-08-14,123.79
2012-08-15,122.05
2012-08-16,121.01
2012-08-17,121.6
2012-08-20,121.85
2012-08-21,122.39
2012-08-22,124.41
2012-08-23,124.93
2012-08-24,124.81
2012-08-27,125.54
2012-08-28,125.84
2012-08-29,125.29
2012-08-30,125.94
2012-08-31,127.72
2012-09-04,127.32
2012-09-05,126.72
2012-09-06,124.61
2012-09-07,124.03
2012-09-10,124.33
2012-09-11,123.55
2012-09-12,122.01
2012-09-13,121.53
2012-09-14,118.3
2012-09-17,119.72
2012-09-18,120.32
2012-09-19,121.11
2012-09-20,121.41
2012-09-21,121.55
2012-09-24,122.5
2012-09-25,123.71
2012-09-26,125.04
2012-09-27,124.15
2012-09-28,124.22
2012-10-01,124.42
2012-10-02,124.25
2012-10-03,124.29
2012-10-04,122.74
2012-10-05,121.15
2012-10-08,122.17
2012-10-09,121.95
2012-10-10,122.81
2012-10-11,123.66
2012-10-12,123.97
2012-10-15,123.69
2012-10-16,121.98
2012-10-17,120.85
2012-10-18,120.11
2012-10-19,121.74
2012-10-22,120.96
2012-10-23,122.69
2012-10-24,121.48
2012-10-25,120.86
2012-10-26,122.64
2012-10-31,123.36
2012-11-01,122.35
2012-11-02,122.26
2012-11-05,122.95
2012-11-06,121.79
2012-11-07,124
2012-11-08,125.84
2012-11-09,125.98
2012-11-12,126.19
2012-11-13,126.61
2012-11-14,126.73
2012-11-15,126.48
2012-11-16,126.37
2012-11-19,125.66
2012-11-20,124.4
2012-11-21,124.33
2012-11-23,124.21
2012-11-26,124.8
2012-11-27,125.29
2012-11-28,125.11
2012-11-29,125.13
2012-11-30,124.79
2012-12-03,124.66
2012-12-04,125.38
2012-12-05,125.32
2012-12-06,125.59
2012-12-07,124.43
2012-12-10,124.98
2012-12-11,124.03
2012-12-12,122.59
2012-12-13,122.68
2012-12-14,123.6
2012-12-17,121.75
2012-12-18,120.51
2012-12-19,120.91
2012-12-20,120.93
2012-12-21,122.25
2012-12-24,122.03
2012-12-26,122.2
2012-12-27,122.61
2012-12-28,123.31
2012-12-31,121.18
2013-01-02,119.56
2013-01-03,117.94
2013-01-04,118.4
2013-01-07,118.45
2013-01-08,119.23
2013-01-09,119.12
2013-01-10,118.79
2013-01-11,119.85
2013-01-14,119.52
2013-01-15,120.07
2013-01-16,120.32
2013-01-17,119.12
2013-01-18,120.04
2013-01-22,120.27
2013-01-23,120.09
2013-01-24,119.67
2013-01-25,118.03
2013-01-28,117.6
2013-01-29,116.95
2013-01-30,116.75
2013-01-31,117.32
2013-02-01,115.54
2013-02-04,117.02
2013-02-05,115.98
2013-02-06,116.93
2013-02-07,116.67
2013-02-08,117.12
2013-02-11,117.03
2013-02-12,116.74
2013-02-13,115.79
2013-02-14,116.84
2013-02-15,116.5
2013-02-19,115.92
2013-02-20,116.27
2013-02-21,116.95
2013-02-22,117.03
2013-02-25,119.33
2013-02-26,118.64
2013-02-27,118.29
2013-02-28,118.51
2013-03-01,118.9
2013-03-04,118.27
2013-03-05,117.93
2013-03-06,116.86
2013-03-07,115.96
2013-03-08,114.75
2013-03-11,114.86
2013-03-12,115.69
2013-03-13,115.57
2013-03-14,115.22
2013-03-15,115.76
2013-03-18,116.64
2013-03-19,117.43
2013-03-20,116.12
2013-03-21,117.24
2013-03-22,117.33
2013-03-25,117.22
2013-03-26,117.36
2013-03-27,118.36
2013-03-28,117.76
2013-04-01,118.39
2013-04-02,117.91
2013-04-03,118.97
2013-04-04,120.39
2013-04-05,122.82
2013-04-08,121.88
2013-04-09,121.58
2013-04-10,119.91
2013-04-11,120.14
2013-04-12,121.93
2013-04-15,122.99
2013-04-16,121.98
2013-04-17,122.79
2013-04-18,123.09
2013-04-19,122.83
2013-04-22,122.92
2013-04-23,122.49
2013-04-24,122.8
2013-04-25,122.27
2013-04-26,123.39
2013-04-29,122.94
2013-04-30,123.01
2013-05-01,124.01
2013-05-02,123.85
2013-05-03,120.93
2013-05-06,120.63
2013-05-07,120.16
2013-05-08,120.35
2013-05-09,120.04
2013-05-10,118.75
2013-05-13,117.84
2013-05-14,116.56
2013-05-15,117.34
2013-05-16,118.56
2013-05-17,117.06
2013-05-20,116.92
2013-05-21,117.84
2013-05-22,116.09
2013-05-23,116.64
2013-05-24,116.8
2013-05-28,113.84
2013-05-29,115.12
2013-05-30,114.84
2013-05-31,114.45
2013-06-03,114.78
2013-06-04,113.72
2013-06-05,115.29
2013-06-06,115.22
2013-06-07,113.16
2013-06-10,112.62
2013-06-11,113.96
2013-06-12,112.33
2013-06-13,114.09
2013-06-14,113.82
2013-06-17,113.22
2013-06-18,113.28
2013-06-19,112.11
2013-06-20,110.27
2013-06-21,108.4
2013-06-24,108.85
2013-06-25,107.88
2013-06-26,108.58
2013-06-27,109.69
2013-06-28,110.44
2013-07-01,110.41
2013-07-02,110.34
2013-07-03,110.01
2013-07-05,106.26
2013-07-08,107.29
2013-07-09,107.4
2013-07-10,106.56
2013-07-11,107.81
2013-07-12,107.72
2013-07-15,108.29
2013-07-16,108.66
2013-07-17,108.86
2013-07-18,107.5
2013-07-19,109.2
2013-07-22,109.36
2013-07-23,108.9
2013-07-24,107.52
2013-07-25,107.48
2013-07-26,108.14
2013-07-29,107.35
2013-07-30,107.31
2013-07-31,107.7
2013-08-01,105.36
2013-08-02,106.52
2013-08-05,105.7
2013-08-06,106.01
2013-08-07,106.8
2013-08-08,107.09
2013-08-09,107.26
2013-08-12,106.53
2013-08-13,104.99
2013-08-14,105.15
2013-08-15,103.73
2013-08-16,103.37
2013-08-19,102.47
2013-08-20,103.26
2013-08-21,102.13
2013-08-22,103.17
2013-08-23,104.29
2013-08-26,104.81
2013-08-27,106.13
2013-08-28,105.27
2013-08-29,106.11
2013-08-30,105.99
2013-09-03,104.22
2013-09-04,103.99
2013-09-05,102.54
2013-09-06,103.05
2013-09-09,103.1
2013-09-10,102.38
2013-09-11,103.29
2013-09-12,103.15
2013-09-13,103.55
2013-09-16,102.86
2013-09-17,103.71
2013-09-18,104.99
2013-09-19,104.37
2013-09-20,104.92
2013-09-23,105.69
2013-09-24,106.83
2013-09-25,107.05
2013-09-26,106.3
2013-09-27,106.56
2013-09-30,106.4
2013-10-01,105.8
2013-10-02,105.96
2013-10-03,105.79
2013-10-04,105.71
2013-10-07,106.14
2013-10-08,106.17
2013-10-09,105.32
2013-10-10,105.49
2013-10-11,105.46
2013-10-14,104.61
2013-10-15,104.54
2013-10-16,105.85
2013-10-17,106.81
2013-10-18,107.04
2013-10-21,106.7
2013-10-22,107.89
2013-10-23,108.31
2013-10-24,107.89
2013-10-25,108.29
2013-10-28,107.92
2013-10-29,108.06
2013-10-30,107.41
2013-10-31,107.64
2013-11-01,106.19
2013-11-04,106.29
2013-11-05,105.02
2013-11-06,105.07
2013-11-07,105.96
2013-11-08,103.41
2013-11-11,103.02
2013-11-12,103.5
2013-11-13,103.88
2013-11-14,104.52
2013-11-15,104.73
2013-11-18,105.36
2013-11-19,104.56
2013-11-20,102.78
2013-11-21,102.95
2013-11-22,103.91
2013-11-25,104.21
2013-11-26,104.6
2013-11-27,104.42
2013-11-29,104.45
2013-12-02,103.33
2013-12-03,103.71
2013-12-04,102.72
2013-12-05,102.43
2013-12-06,102.92
2013-12-09,103.16
2013-12-10,103.9
2013-12-11,103.1
2013-12-12,102.71
2013-12-13,103.21
2013-12-16,102.83
2013-12-17,103.29
2013-12-18,102.77
2013-12-19,102.67
2013-12-20,104.25
2013-12-23,103.66
2013-12-24,102.83
2013-12-26,102.1
2013-12-27,101.81
2013-12-30,102.51
2013-12-31,101.86
2014-01-02,102.17
2014-01-03,102.17
2014-01-06,102.6
2014-01-07,102.86
2014-01-08,102.58
2014-01-09,103.18
2014-01-10,104.41
2014-01-13,104.93
2014-01-14,104.45
2014-01-15,104.34
2014-01-16,105.04
2014-01-17,105.48
2014-01-21,105.56
2014-01-22,105.3
2014-01-23,106.79
2014-01-24,107.48
2014-01-27,106.73
2014-01-28,106.99
2014-01-29,107.87
2014-01-30,107.56
2014-01-31,108.28
2014-02-03,109.32
2014-02-04,108.16
2014-02-05,107.16
2014-02-06,106.7
2014-02-07,106.79
2014-02-10,107.09
2014-02-11,106.47
2014-02-12,105.92
2014-02-13,106.52
2014-02-14,106.58
2014-02-18,106.82
2014-02-19,106.37
2014-02-20,106.11
2014-02-21,106.67
2014-02-24,106.4
2014-02-25,107.35
2014-02-26,107.92
2014-02-27,108.51
2014-02-28,108.57
2014-03-03,109.03
2014-03-04,107.39
2014-03-05,107.62
2014-03-06,106.56
2014-03-07,105.89
2014-03-10,106.04
2014-03-11,106.32
2014-03-12,107.06
2014-03-13,108.5
2014-03-14,108.52
2014-03-17,107.71
2014-03-18,108.1
2014-03-19,107.26
2014-03-20,107.07
2014-03-21,108.23
2014-03-24,109
2014-03-25,108.59
2014-03-26,109.44
2014-03-27,109.99
2014-03-28,109.37
2014-03-31,109.1
2014-04-01,107.89
2014-04-02,107.27
2014-04-03,107.74
2014-04-04,108.46
2014-04-07,109.11
2014-04-08,109.37
2014-04-09,108.83
2014-04-10,109.84
2014-04-11,110.73
2014-04-14,110.44
2014-04-15,111.13
2014-04-16,111.27
2014-04-17,110.05
2014-04-21,109.96
2014-04-22,110.33
2014-04-23,110.96
2014-04-24,111.17
2014-04-25,111.33
2014-04-28,110.79
2014-04-29,110.64
2014-04-30,111.1
2014-05-01,112.02
2014-05-02,112.71
2014-05-05,112.03
2014-05-06,112.48
2014-05-07,112.08
2014-05-08,111.6
2014-05-09,111.24
2014-05-12,110.79
2014-05-13,111.75
2014-05-14,112.96
2014-05-15,113.86
2014-05-16,113.54
2014-05-19,112.7
2014-05-20,112.95
2014-05-21,112.26
2014-05-22,112.1
2014-05-23,112.7
2014-05-27,113.36
2014-05-28,114.76
2014-05-29,114.15
2014-05-30,114.1
2014-06-02,112.96
2014-06-03,111.57
2014-06-04,111.54
2014-06-05,111.59
2014-06-06,111.59
2014-06-09,111.43
2014-06-10,111.02
2014-06-11,111.22
2014-06-12,112.21
2014-06-13,112.15
2014-06-16,112.43
2014-06-17,111.54
2014-06-18,112.4
2014-06-19,110.96
2014-06-20,111.8
2014-06-23,111.45
2014-06-24,112.58
2014-06-25,112.87
2014-06-26,113.41
2014-06-27,113.24
2014-06-30,113.52
2014-07-01,112.28
2014-07-02,111.08
2014-07-03,110.68
2014-07-07,111.49
2014-07-08,112.74
2014-07-09,112.83
2014-07-10,112.86
2014-07-11,113.58
2014-07-14,113.09
2014-07-15,112.86
2014-07-16,113.46
2014-07-17,114.89
2014-07-18,114.52
2014-07-21,115.09
2014-07-22,115.33
2014-07-23,115.18
2014-07-24,114.32
2014-07-25,115.67
2014-07-28,115.51
2014-07-29,115.93
2014-07-30,114.32
2014-07-31,113.98
2014-08-01,114.56
2014-08-04,114.26
2014-08-05,114.63
2014-08-06,114.7
2014-08-07,115.77
2014-08-08,115.52
2014-08-11,115.51
2014-08-12,114.76
2014-08-13,115.51
2014-08-14,116.44
2014-08-15,117.71
2014-08-18,116.54
2014-08-19,116.18
2014-08-20,115.99
2014-08-21,116.64
2014-08-22,117.29
2014-08-25,117.73
2014-08-26,117.35
2014-08-27,118.35
2014-08-28,118.97
2014-08-29,119.05
2014-09-02,116.73
2014-09-03,117.38
2014-09-04,115.95
2014-09-05,115.73
2014-09-08,115.78
2014-09-09,115.69
2014-09-10,114.96
2014-09-11,114.58
2014-09-12,113.38
2014-09-15,113.55
2014-09-16,113.09
2014-09-17,112.8
2014-09-18,113.16
2014-09-19,114.6
2014-09-22,114.74
2014-09-23,115.45
2014-09-24,114.81
2014-09-25,116.17
2014-09-26,116
2014-09-29,116.93
2014-09-30,116.27
2014-10-01,118.23
2014-10-02,117.2
2014-10-03,117.7
2014-10-06,117.77
2014-10-07,119.36
2014-10-08,119.39
2014-10-09,118.87
2014-10-10,120.05
2014-10-13,120.78
2014-10-14,121.57
2014-10-15,122.53
2014-10-16,121.75
2014-10-17,121.07
2014-10-20,121.51
2014-10-21,120.54
2014-10-22,120.67
2014-10-23,119.6
2014-10-24,119.72
2014-10-27,119.94
2014-10-28,119.19
2014-10-29,119.46
2014-10-30,119.56
2014-10-31,119.25
2014-11-03,118.96
2014-11-04,119.33
2014-11-05,119.16
2014-11-06,118.39
2014-11-07,119.75
2014-11-10,118.65
2014-11-11,118.73
2014-11-12,118.63
2014-11-13,118.91
2014-11-14,119.49
2014-11-17,119.19
2014-11-18,119.52
2014-11-19,118.76
2014-11-20,119.38
2014-11-21,120.1
2014-11-24,120.2
2014-11-25,121.2
2014-11-26,121.53
2014-11-28,122.49
2014-12-01,121.5
2014-12-02,120.32
2014-12-03,120.79
2014-12-04,121.8
2014-12-05,121.09
2014-12-08,122.57
2014-12-09,123.2
2014-12-10,124.1
2014-12-11,124.61
2014-12-12,126.3
2014-12-15,126.04
2014-12-16,127.6
2014-12-17,126.45
2014-12-18,124.2
2014-12-19,125.87
2014-12-22,126.04
2014-12-23,123.54
2014-12-24,123.95
2014-12-26,124.41
2014-12-29,125.34
2014-12-30,125.68
2014-12-31,125.92
2015-01-02,127.32
2015-01-05,129.32
2015-01-06,131.65
2015-01-07,131.39
2015-01-08,129.65
2015-01-09,131.07
2015-01-12,131.82
2015-01-13,131.82
2015-01-14,132.82
2015-01-15,134.91
2015-01-16,133.19
2015-01-20,134.96
2015-01-21,133.4
2015-01-22,132.92
2015-01-23,134.77
2015-01-26,134.36
2015-01-27,134.57
2015-01-28,136.77
2015-01-29,135.87
2015-01-30,138.28
2015-02-02,137.48
2015-02-03,134.57
2015-02-04,134.8
2015-02-05,133.32
2015-02-06,130.96
2015-02-09,130.75
2015-02-10,129.71
2015-02-11,129.95
2015-02-12,129.52
2015-02-13,128.19
2015-02-17,126.26
2015-02-18,127.01
2015-02-19,126.17
2015-02-20,126.54
2015-02-23,127.99
2015-02-24,129.67
2015-02-25,130.23
2015-02-26,128.45
2015-02-27,129.53
2015-03-02,126.87
2015-03-03,126.41
2015-03-04,126.45
2015-03-05,126.29
2015-03-06,123.5
2015-03-09,124.64
2015-03-10,126.28
2015-03-11,127.2
2015-03-12,127.11
2015-03-13,126.72
2015-03-16,127.94
2015-03-17,129
2015-03-18,131.49
2015-03-19,130.82
2015-03-20,131.51
2015-03-23,131.35
2015-03-24,132.62
2015-03-25,131.5
2015-03-26,129.45
2015-03-27,131.06
2015-03-30,130.41
2015-03-31,130.69
2015-04-01,132.13
2015-04-02,130.73
2015-04-06,130
2015-04-07,131.09
2015-04-08,131.13
2015-04-09,129.43
2015-04-10,129.62
2015-04-13,129.8
2015-04-14,130.72
2015-04-15,130.61
2015-04-16,129.96
2015-04-17,131.45
2015-04-20,130.29
2015-04-21,129.7
2015-04-22,127.72
2015-04-23,128.27
2015-04-24,129.07
2015-04-27,129.07
2015-04-28,127.29
2015-04-29,125.73
2015-04-30,125.95
2015-05-01,124
2015-05-04,122.83
2015-05-05,122.66
2015-05-06,120.56
2015-05-07,122.18
2015-05-08,122.51
2015-05-11,119.53
2015-05-12,119.84
2015-05-13,118.88
2015-05-14,119.2
2015-05-15,121.59
2015-05-18,119.55
2015-05-19,118.49
2015-05-20,118.69
2015-05-21,120.35
2015-05-22,120.4
2015-05-26,122.46
2015-05-27,122.74
2015-05-28,122.44
2015-05-29,122.71
2015-06-01,121.13
2015-06-02,119.44
2015-06-03,117.52
2015-06-04,119.05
2015-06-05,117.6
2015-06-08,117.47
2015-06-09,116.54
2015-06-10,115.52
2015-06-11,117.95
2015-06-12,117.95
2015-06-15,118.14
2015-06-16,119.07
2015-06-17,118.15
2015-06-18,117.57
2015-06-19,119.08
2015-06-22,116.65
2015-06-23,115.95
2015-06-24,116.95
2015-06-25,116.54
2015-06-26,115.23
2015-06-29,118.28
2015-06-30,117.46
2015-07-01,115.62
2015-07-02,116
2015-07-06,118.15
2015-07-07,119.26
2015-07-08,120.29
2015-07-09,117.92
2015-07-10,116.05
2015-07-13,115.69
2015-07-14,116.07
2015-07-15,117.3
2015-07-16,118.11
2015-07-17,118.72
2015-07-20,118.22
2015-07-21,118.86
2015-07-22,119.6
2015-07-23,121.09
2015-07-24,121.39
2015-07-27,122.04
2015-07-28,121.15
2015-07-29,120.7
2015-07-30,121.63
2015-07-31,122.53
2015-08-03,123.55
2015-08-04,122.57
2015-08-05,121.65
2015-08-06,122.73
2015-08-07,124.34
2015-08-10,122.8
2015-08-11,124.75
2015-08-12,124.07
2015-08-13,123.67
2015-08-14,123.96
2015-08-17,124.52
2015-08-18,123.54
2015-08-19,124.76
2015-08-20,126.02
2015-08-21,126.4
2015-08-24,126.36
2015-08-25,124.33
2015-08-26,121.93
2015-08-27,122
2015-08-28,122.36
2015-08-31,121.42
2015-09-01,122.03
2015-09-02,120.98
2015-09-03,121.57
2015-09-04,122.68
2015-09-08,120.87
2015-09-09,121.45
2015-09-10,120.63
2015-09-11,121.39
2015-09-14,121.58
2015-09-15,119.25
2015-09-16,118.8
2015-09-17,120.25
2015-09-18,122.1
2015-09-21,120.11
2015-09-22,121.78
2015-09-23,121.77
2015-09-24,122.6
2015-09-25,121.54
2015-09-28,123.62
2015-09-29,123.97
2015-09-30,123.54
2015-10-01,123.81
2015-10-02,124.56
2015-10-05,122.87
2015-10-06,123.4
2015-10-07,122.99
2015-10-08,121.96
2015-10-09,122.28
2015-10-12,123.21
2015-10-13,123.42
2015-10-14,124.5
2015-10-15,123.89
2015-10-16,123.93
2015-10-19,123.59
2015-10-20,122.83
2015-10-21,124.05
2015-10-22,124.26
2015-10-23,123.2
2015-10-26,124.02
2015-10-27,124.33
2015-10-28,123.83
2015-10-29,121.86
2015-10-30,122.78
2015-11-02,121.95
2015-11-03,120.95
2015-11-04,121.09
2015-11-05,120.77
2015-11-06,119
2015-11-09,118.33
2015-11-10,118.68
2015-11-11,118.43
2015-11-12,119
2015-11-13,119.68
2015-11-16,119.57
2015-11-17,119.77
2015-11-18,120.02
2015-11-19,120.82
2015-11-20,120.45
2015-11-23,120.82
2015-11-24,120.81
2015-11-25,121.09
2015-11-27,120.97
2015-11-30,121.45
2015-12-01,122.83
2015-12-02,122.87
2015-12-03,119.53
2015-12-04,120.58
2015-12-07,121.75
2015-12-08,121.81
2015-12-09,121.68
2015-12-10,121.84
2015-12-11,123.76
2015-12-14,122.16
2015-12-15,121.44
2015-12-16,121.18
2015-12-17,122.55
2015-12-18,123.23
2015-12-21,123.2
2015-12-22,122.31
2015-12-23,121.39
2015-12-24,121.83
2015-12-28,122.19
2015-12-29,120.16
2015-12-30,120.04
2015-12-31,120.58
2016-01-04,121.45
2016-01-05,120.96
2016-01-06,122.59
2016-01-07,122.81
2016-01-08,123.36
2016-01-11,122.01
2016-01-12,123.77
2016-01-13,124.99
2016-01-14,123.82
2016-01-15,125.75
2016-01-19,125.36
2016-01-20,126.68
2016-01-21,125.82
2016-01-22,125.34
2016-01-25,126.02
2016-01-26,126.08
2016-01-27,126.05
2016-01-28,126.23
2016-01-29,127.3
2016-02-01,126.67
2016-02-02,129.02
2016-02-03,127.95
2016-02-04,128.57
2016-02-05,128.72
2016-02-08,131.49
2016-02-09,131.63
2016-02-10,132.79
2016-02-11,133.72
2016-02-12,131.5
2016-02-16,130.11
2016-02-17,129.31
2016-02-18,130.9
2016-02-19,131.01
2016-02-22,130.94
2016-02-23,131.47
2016-02-24,131.21
2016-02-25,131.68
2016-02-26,130.41
2016-02-29,130.98
2016-03-01,128.43
2016-03-02,128.96
2016-03-03,129.43
2016-03-04,128.6
2016-03-07,128.56
2016-03-08,129.98
2016-03-09,129.19
2016-03-10,128.66
2016-03-11,127.36
2016-03-14,127.76
2016-03-15,127.88
2016-03-16,128.26
2016-03-17,128.79
2016-03-18,129.06
2016-03-21,128.07
2016-03-22,128.04
2016-03-23,129.49
2016-03-24,129.54
2016-03-28,129.71
2016-03-29,131.07
2016-03-30,129.69
2016-03-31,130.61
2016-04-01,130.68
2016-04-04,130.76
2016-04-05,132.19
2016-04-06,131.23
2016-04-07,132.85
2016-04-08,132.01
2016-04-11,131.84
2016-04-12,130.93
2016-04-13,131.39
2016-04-14,130.76
2016-04-15,131.88
2016-04-18,131.31
2016-04-19,130.9
2016-04-20,129.46
2016-04-21,128.69
2016-04-22,128.36
2016-04-25,127.83
2016-04-26,127.25
2016-04-27,128.52
2016-04-28,129.05
2016-04-29,129.38
2016-05-02,127.82
2016-05-03,129.43
2016-05-04,130.14
2016-05-05,131.01
2016-05-06,130.45
2016-05-09,130.86
2016-05-10,130.87
2016-05-11,131.61
2016-05-12,131.01
2016-05-13,132.28
2016-05-16,131.14
2016-05-17,131.36
2016-05-18,129.49
2016-05-19,130.05
2016-05-20,130.15
2016-05-23,130.44
2016-05-24,129.86
2016-05-25,129.37
2016-05-26,130.04
2016-05-27,129.85
2016-05-31,130.16
2016-06-01,130.42
2016-06-02,131.36
2016-06-03,133.23
2016-06-06,132.24
2016-06-07,132.56
2016-06-08,133.27
2016-06-09,134.13
2016-06-10,134.78
2016-06-13,135.38
2016-06-14,135.28
2016-06-15,135.8
2016-06-16,136.46
2016-06-17,135.61
2016-06-20,134.16
2016-06-21,133.54
2016-06-22,133.76
2016-06-23,132.23
2016-06-24,135.78
2016-06-27,139.17
2016-06-28,139.46
2016-06-29,138.39
2016-06-30,138.9
2016-07-01,140.57
2016-07-05,142.33
2016-07-06,142.56
2016-07-07,142.55
2016-07-08,143.6
2016-07-11,142.34
2016-07-12,140
2016-07-13,141.65
2016-07-14,139.59
2016-07-15,138.39
2016-07-18,138.26
2016-07-19,139.04
2016-07-20,138.28
2016-07-21,138.56
2016-07-22,138.8
2016-07-25,138.7
2016-07-26,138.92
2016-07-27,140.65
2016-07-28,140.39
2016-07-29,141.56
2016-08-01,139.77
2016-08-02,138.33
2016-08-03,138.41
2016-08-04,139.45
2016-08-05,138
2016-08-08,138.26
2016-08-09,139.62
2016-08-10,140.16
2016-08-11,138.91
2016-08-12,140.08
2016-08-15,138.76
2016-08-16,138.39
2016-08-17,139.22
2016-08-18,139.44
2016-08-19,138.71
2016-08-22,139.88
2016-08-23,140.03
2016-08-24,139.7
2016-08-25,139.17
2016-08-26,138.36
2016-08-29,140.21
2016-08-30,139.67
2016-08-31,139.87
2016-09-01,139.77
2016-09-02,138.63
2016-09-06,139.64
2016-09-07,139.54
2016-09-08,137.79
2016-09-09,135.52
2016-09-12,135.59
2016-09-13,134.05
2016-09-14,134.25
2016-09-15,133.67
2016-09-16,134.75
2016-09-19,134.31
2016-09-20,134.78
2016-09-21,135.87
2016-09-22,136.95
2016-09-23,136.82
2016-09-26,137.69
2016-09-27,138.7
2016-09-28,138.4
2016-09-29,138.75
2016-09-30,137.51
2016-10-03,136.81
2016-10-04,135.21
2016-10-05,134.58
2016-10-06,133.83
2016-10-07,133.92
2016-10-10,133.13
2016-10-11,132.83
2016-10-12,132.96
2016-10-13,133.46
2016-10-14,131.59
2016-10-17,132.43
2016-10-18,132.86
2016-10-19,132.97
2016-10-20,133.11
2016-10-21,133.31
2016-10-24,132.73
2016-10-25,133.08
2016-10-26,132.18
2016-10-27,130.74
2016-10-28,130.45
2016-10-31,131.25
2016-11-01,131.01
2016-11-02,131.58
2016-11-03,130.57
2016-11-04,131.74
2016-11-07,130.62
2016-11-08,130.09
2016-11-09,124.57
2016-11-10,122.73
2016-11-11,122.04
2016-11-14,121.31
2016-11-15,121.91
2016-11-16,123.01
2016-11-17,121.2
2016-11-18,120.85
2016-11-21,121.15
2016-11-22,121.11
2016-11-23,120.64
2016-11-25,120.82
2016-11-28,121.71
2016-11-29,122.22
2016-11-30,120.24
2016-12-01,118.73
2016-12-02,119.6
2016-12-05,119.47
2016-12-06,119.38
2016-12-07,120.4
2016-12-08,118.98
2016-12-09,117.5
2016-12-12,117.72
2016-12-13,118.14
2016-12-14,116.82
2016-12-15,117.41
2016-12-16,117.14
2016-12-19,118.4
2016-12-20,117.81
2016-12-21,118.33
2016-12-22,117.81
2016-12-23,118.05
2016-12-27,117.67
2016-12-28,118.53
2016-12-29,118.95
2016-12-30,119.13
2017-01-03,119.64
2017-01-04,120.1
2017-01-05,121.98
2017-01-06,120.86
2017-01-09,121.83
2017-01-10,121.75
2017-01-11,122.16
2017-01-12,121.89
2017-01-13,121.31
2017-01-17,122.58
2017-01-18,121.01
2017-01-19,120.18
2017-01-20,119.94
2017-01-23,121.14
2017-01-24,120.31
2017-01-25,118.8
2017-01-26,119.2
2017-01-27,119.63
2017-01-30,119.27
2017-01-31,120.1
2017-02-01,119.1
2017-02-02,119.05
2017-02-03,119
2017-02-06,119.72
2017-02-07,120.6
2017-02-08,122.24
2017-02-09,120.83
2017-02-10,120.76
2017-02-13,120.38
2017-02-14,119.51
2017-02-15,118.96
2017-02-16,119.61
2017-02-17,120.32
2017-02-21,120.11
2017-02-22,120.31
2017-02-23,120.67
2017-02-24,122.01
2017-02-27,121.29
2017-02-28,121.74
2017-03-01,119.47
2017-03-02,119.04
2017-03-03,119.35
2017-03-06,118.78
2017-03-07,118.42
2017-03-08,117.78
2017-03-09,116.84
2017-03-10,117.25
2017-03-13,116.51
2017-03-14,117.07
2017-03-15,118.5
2017-03-16,117.9
2017-03-17,118.64
2017-03-20,119.15
2017-03-21,120.14
2017-03-22,120.62
2017-03-23,120.45
2017-03-24,120.88
2017-03-27,121.43
2017-03-28,120.62
2017-03-29,121.34
2017-03-30,120.36
2017-03-31,120.71
2017-04-03,121.67
2017-04-04,121.01
2017-04-05,121.38
2017-04-06,121.2
2017-04-07,120.71
2017-04-10,121.27
2017-04-11,122.42
2017-04-12,123.09
2017-04-13,123.47
2017-04-17,123.09
2017-04-18,124.7
2017-04-19,124.02
2017-04-20,123.54
2017-04-21,123.54
2017-04-24,122.93
2017-04-25,121.45
2017-04-26,122.12
2017-04-27,122.08
2017-04-28,122.35
2017-05-01,121.08
2017-05-02,121.7
2017-05-03,121.78
2017-05-04,121.18
2017-05-05,121.29
2017-05-08,120.63
2017-05-09,120.62
2017-05-10,120.48
2017-05-11,120.48
2017-05-12,121.39
2017-05-15,121.06
2017-05-16,121.51
2017-05-17,123.28
2017-05-18,123.42
2017-05-19,123.71
2017-05-22,123.37
2017-05-23,122.54
2017-05-24,123.23
2017-05-25,123.27
2017-05-26,123.48
2017-05-30,124.09
2017-05-31,124.4
2017-06-01,124.15
2017-06-02,125.62
2017-06-05,124.84
2017-06-06,125.52
2017-06-07,124.92
2017-06-08,124.59
2017-06-09,124.4
2017-06-12,124.36
2017-06-13,124.38
2017-06-14,126.3
2017-06-15,126.1
2017-06-16,126.35
2017-06-19,126.17
2017-06-20,127.3
2017-06-21,127.56
2017-06-22,127.84
2017-06-23,127.78
2017-06-26,128.26
2017-06-27,126.89
2017-06-28,126.47
2017-06-29,125.41
2017-06-30,125.12
2017-07-03,124.46
2017-07-05,124.49
2017-07-06,123.46
2017-07-07,122.72
2017-07-10,122.9
2017-07-11,123.11
2017-07-12,123.96
2017-07-13,123.18
2017-07-14,123.33
2017-07-17,123.67
2017-07-18,124.75
2017-07-19,124.8
2017-07-20,125.16
2017-07-21,125.69
2017-07-24,125.2
2017-07-25,123.57
2017-07-26,123.77
2017-07-27,123.16
2017-07-28,123.89
2017-07-31,124.04
2017-08-01,124.64
2017-08-02,124.71
2017-08-03,126
2017-08-04,124.93
2017-08-07,125.07
2017-08-08,124.62
2017-08-09,125.3
2017-08-10,126.37
2017-08-11,126.43
2017-08-14,125.78
2017-08-15,125.25
2017-08-16,125.71
2017-08-17,126.65
2017-08-18,126.62
2017-08-21,126.93
2017-08-22,126.44
2017-08-23,127.3
2017-08-24,126.83
2017-08-25,127.32
2017-08-28,127.24
2017-08-29,127.65
2017-08-30,127.61
2017-08-31,127.99
2017-09-01,126.75
2017-09-05,128.76
2017-09-06,127.97
2017-09-07,129.28
2017-09-08,129
2017-09-11,127.46
2017-09-12,126.79
2017-09-13,126.29
2017-09-14,126.81
2017-09-15,126.86
2017-09-18,126.13
2017-09-19,125.82
2017-09-20,125.91
2017-09-21,125.84
2017-09-22,126.2
2017-09-25,126.99
2017-09-26,126.76
2017-09-27,124.85
2017-09-28,124.48
2017-09-29,124.76
2017-10-02,124.28
2017-10-03,124.4
2017-10-04,124.41
2017-10-05,123.94
2017-10-06,123.59
2017-10-09,123.98
2017-10-10,124.18
2017-10-11,124.42
2017-10-12,124.95
2017-10-13,125.85
2017-10-16,125.76
2017-10-17,125.92
2017-10-18,125.09
2017-10-19,125.31
2017-10-20,123.98
2017-10-23,124.2
2017-10-24,123.43
2017-10-25,122.84
2017-10-26,122.43
2017-10-27,123.24
2017-10-30,124.42
2017-10-31,124.46
2017-11-01,124.75
2017-11-02,125.3
2017-11-03,125.64
2017-11-06,126.11
2017-11-07,126.64
2017-11-08,126.36
2017-11-09,126
2017-11-10,124.1
2017-11-13,124.36
2017-11-14,125.2
2017-11-15,126.56
2017-11-16,125.46
2017-11-17,126.39
2017-11-20,126.34
2017-11-21,126.74
2017-11-22,127.15
2017-11-24,126.8
2017-11-27,126.62
2017-11-28,126.79
2017-11-29,125.54
2017-11-30,125.12
2017-12-01,126.55
2017-12-04,126.61
2017-12-05,127.24
2017-12-06,127.68
2017-12-07,126.68
2017-12-08,126.69
2017-12-11,126.43
2017-12-12,126.38
2017-12-13,127.33
2017-12-14,127.87
2017-12-15,128.35
2017-12-18,127.18
2017-12-19,125.53
2017-12-20,124.14
2017-12-21,124.6
2017-12-22,124.77
2017-12-26,125.14
2017-12-27,126.77
2017-12-28,126.66
2017-12-29,126.86
2018-01-02,125.49
2018-01-03,126.09
2018-01-04,126.07
2018-01-05,125.71
2018-01-08,125.63
2018-01-09,123.95
2018-01-10,123.8
2018-01-11,124.31
2018-01-12,124.52
2018-01-16,125.04
2018-01-17,124.87
2018-01-18,123.71
2018-01-19,123.06
2018-01-22,123.18
2018-01-23,123.71
2018-01-24,123.04
2018-01-25,124.05
2018-01-26,123.59
2018-01-29,122.73
2018-01-30,122.01
2018-01-31,122.73
2018-02-01,120.7
2018-02-02,119.58
2018-02-05,120.71
2018-02-06,119.96
2018-02-07,118.82
2018-02-08,118.69
2018-02-09,117.94
2018-02-12,118.46
2018-02-13,118.99
2018-02-14,117.67
2018-02-15,118.07
2018-02-16,118.71
2018-02-20,118.19
2018-02-21,116.74
2018-02-22,117.09
2018-02-23,118.13
2018-02-26,118.17
2018-02-27,118
2018-02-28,118.75
2018-03-01,119.32
2018-03-02,118.35
2018-03-05,118.03
2018-03-06,118.14
2018-03-07,118.01
2018-03-08,118.69
2018-03-09,117.91
2018-03-12,118.59
2018-03-13,119.19
2018-03-14,120.24
2018-03-15,120.24
2018-03-16,119.81
2018-03-19,119.43
2018-03-20,118.95
2018-03-21,119.08
2018-03-22,120.26
2018-03-23,120.17
2018-03-26,119.71
2018-03-27,120.99
2018-03-28,121.31
2018-03-29,121.9
2018-04-02,121.88
2018-04-03,120.94
2018-04-04,120.69
2018-04-05,119.79
2018-04-06,121.1
2018-04-09,121.3
2018-04-10,121.08
2018-04-11,121.51
2018-04-12,120.62
2018-04-13,120.9
2018-04-16,120.94
2018-04-17,121.27
2018-04-18,120.3
2018-04-19,119.32
2018-04-20,118.46
2018-04-23,118.49
2018-04-24,117.95
2018-04-25,117.16
2018-04-26,117.98
2018-04-27,118.89
2018-04-30,119.1
2018-05-01,118.41
2018-05-02,118.28
2018-05-03,118.81
2018-05-04,118.99
2018-05-07,118.8
2018-05-08,118.69
2018-05-09,117.98
2018-05-10,118.93
2018-05-11,119.23
2018-05-14,118.6
2018-05-15,117.25
2018-05-16,116.8
2018-05-17,116.21
2018-05-18,117.21
2018-05-21,117.27
2018-05-22,117.09
2018-05-23,117.94
2018-05-24,118.88
2018-05-25,119.62
2018-05-29,122.24
2018-05-30,121.42
2018-05-31,121.22
2018-06-01,120.3
2018-06-04,119.43
2018-06-05,119.71
2018-06-06,118.74
2018-06-07,119.89
2018-06-08,119.53
2018-06-11,119.31
2018-06-12,119.34
2018-06-13,119.28
2018-06-14,120.27
2018-06-15,120.38
2018-06-18,120.27
2018-06-19,120.97
2018-06-20,119.91
2018-06-21,120.54
2018-06-22,120.53
2018-06-25,120.8
2018-06-26,120.97
2018-06-27,122.11
2018-06-28,122.14
2018-06-29,121.72
2018-07-02,121.35
2018-07-03,122
2018-07-05,122.35
2018-07-06,122.75
2018-07-09,121.96
2018-07-10,121.95
2018-07-11,122.42
2018-07-12,122.41
2018-07-13,122.72
2018-07-16,122.21
2018-07-17,121.98
2018-07-18,121.49
2018-07-19,122.26
2018-07-20,120.76
2018-07-23,119.27
2018-07-24,119.68
2018-07-25,119.49
2018-07-26,119.26
2018-07-27,119.46
2018-07-30,119.05
2018-07-31,119.7
2018-08-01,118.46
2018-08-02,118.63
2018-08-03,119.22
2018-08-06,119.29
2018-08-07,118.67
2018-08-08,118.79
2018-08-09,119.79
2018-08-10,120.66
2018-08-13,120.41
2018-08-14,120.14
2018-08-15,120.84
2018-08-16,120.83
2018-08-17,120.98
2018-08-20,121.79
2018-08-21,121.38
2018-08-22,121.86
2018-08-23,122.05
2018-08-24,122.29
2018-08-27,121.59
2018-08-28,120.86
2018-08-29,121.02
2018-08-30,121.28
2018-08-31,121
2018-09-04,120.03
2018-09-05,119.71
2018-09-06,120.15
2018-09-07,119.13
2018-09-10,119.57
2018-09-11,118.66
2018-09-12,118.94
2018-09-13,119.12
2018-09-14,118.55
2018-09-17,118.55
2018-09-18,117.31
2018-09-19,116.61
2018-09-20,117.15
2018-09-21,117.1
2018-09-24,116.8
2018-09-25,116.68
2018-09-26,117.5
2018-09-27,117.58
2018-09-28,117.27
2018-10-01,116.15
2018-10-02,116.86
2018-10-03,114.83
2018-10-04,114.02
2018-10-05,113.04
2018-10-08,112.66
2018-10-09,113.8
2018-10-10,113.49
2018-10-11,114.87
2018-10-12,114.47
2018-10-15,114.42
2018-10-16,114.68
2018-10-17,114
2018-10-18,113.96
2018-10-19,113.71
2018-10-22,113.56
2018-10-23,113.92
2018-10-24,114.78
2018-10-25,114.3
2018-10-26,114.99
2018-10-29,114.73
2018-10-30,114.16
2018-10-31,113.58
2018-11-01,113.41
2018-11-02,112
2018-11-05,112.44
2018-11-06,112.37
2018-11-07,112.52
2018-11-08,112.51
2018-11-09,113.35
2018-11-12,114.09
2018-11-13,114.02
2018-11-14,114.09
2018-11-15,114.04
2018-11-16,114.7
2018-11-19,115.02
2018-11-20,115.06
2018-11-21,115.02
2018-11-23,115.14
2018-11-26,114.88
2018-11-27,115.01
2018-11-28,114.45
2018-11-29,114.9
2018-11-30,115.33
2018-12-03,115.88
2018-12-04,117.82
2018-12-06,118.19
2018-12-07,118.41
2018-12-10,118.9
2018-12-11,118.88
2018-12-12,118.35
2018-12-13,118.07
2018-12-14,118.48
2018-12-17,119.17
2018-12-18,119.6
2018-12-19,121.18
2018-12-20,120.74
2018-12-21,120.72
2018-12-24,121.32
2018-12-26,120.02
2018-12-27,120.04
2018-12-28,121.05
2018-12-31,121.51
2019-01-02,122.15
2019-01-03,123.54
2019-01-04,122.11
2019-01-07,121.75
2019-01-08,121.43
2019-01-09,121.24
2019-01-10,120.46
2019-01-11,120.93
2019-01-14,120.48
2019-01-15,120.04
2019-01-16,120.16
2019-01-17,120.19
2019-01-18,119.56
2019-01-22,120.37
2019-01-23,120.32
2019-01-24,121.11
2019-01-25,120.53
2019-01-28,120.41
2019-01-29,121.02
2019-01-30,120.93
2019-01-31,121.97
2019-02-01,120.96
2019-02-04,120.42
2019-02-05,120.97
2019-02-06,121.03
2019-02-07,121.83
2019-02-08,122.35
2019-02-11,121.87
2019-02-12,121.56
2019-02-13,121.1
2019-02-14,121.79
2019-02-15,121.98
2019-02-19,122.29
2019-02-20,121.94
2019-02-21,120.85
2019-02-22,121.57
2019-02-25,121.21
2019-02-26,121.81
2019-02-27,120.43
2019-02-28,120.02
2019-03-01,118.66
2019-03-04,119.59
2019-03-05,119.84
2019-03-06,120.28
2019-03-07,121.06
2019-03-08,121.57
2019-03-11,121.21
2019-03-12,122.06
2019-03-13,121.83
2019-03-14,120.95
2019-03-15,121.75
2019-03-18,121.68
2019-03-19,121.41
2019-03-20,122.68
2019-03-21,122.95
2019-03-22,124.86
2019-03-25,125.06
2019-03-26,124.97
2019-03-27,126.12
2019-03-28,126.56
2019-03-29,126.44
2019-04-01,124.37
2019-04-02,124.6
2019-04-03,123.52
2019-04-04,123.87
2019-04-05,124.03
2019-04-08,123.59
2019-04-09,123.98
2019-04-10,124.28
2019-04-11,123.55
2019-04-12,122.67
2019-04-15,122.98
2019-04-16,122.21
2019-04-17,122.26
2019-04-18,122.9
2019-04-22,122.31
2019-04-23,122.57
2019-04-24,123.57
2019-04-25,123.39
2019-04-26,123.81
2019-04-29,123.02
2019-04-30,123.65
2019-05-01,123.9
2019-05-02,123.31
2019-05-03,123.66
2019-05-06,124
2019-05-07,124.95
2019-05-08,124.41
2019-05-09,124.92
2019-05-10,124.75
2019-05-13,125.73
2019-05-14,125.36
2019-05-15,126.13
2019-05-16,125.71
2019-05-17,125.99
2019-05-20,125.73
2019-05-21,125.53
2019-05-22,126.25
2019-05-23,127.67
2019-05-24,127.78
2019-05-28,128.7
2019-05-29,129.09
2019-05-30,130.2
2019-05-31,131.83
2019-06-03,132.44
2019-06-04,130.93
2019-06-05,130.19
2019-06-06,130.61
2019-06-07,131.74
2019-06-10,130.5
2019-06-11,130.58
2019-06-12,130.68
2019-06-13,131.13
2019-06-14,131.46
2019-06-17,131.69
2019-06-18,132.35
2019-06-19,132.54
2019-06-20,132.89
2019-06-21,131.43
2019-06-24,132.41
2019-06-25,132.82
2019-06-26,131.97
2019-06-27,132.9
2019-06-28,132.81
2019-07-01,132.24
2019-07-02,133.26
2019-07-03,134.21
2019-07-05,132.43
2019-07-08,132.61
2019-07-09,132.56
2019-07-10,131.83
2019-07-11,130.07
2019-07-12,130.22
2019-07-15,130.97
2019-07-16,130.58
2019-07-17,131.99
2019-07-18,132
2019-07-19,131.69
2019-07-22,131.94
2019-07-23,131.22
2019-07-24,131.79
2019-07-25,131.16
2019-07-26,131.47
2019-07-29,131.51
2019-07-30,131.83
2019-07-31,132.89
2019-08-01,135.26
2019-08-02,136.51
2019-08-05,138.87
2019-08-06,139.98
2019-08-07,140.03
2019-08-08,140.33
2019-08-09,140.05
2019-08-12,142.97
2019-08-13,142.48
2019-08-14,145.69
2019-08-15,147.31
2019-08-16,146.13
2019-08-19,144.04
2019-08-20,145.53
2019-08-21,144.56
2019-08-22,143.6
2019-08-23,145.96
2019-08-26,145.37
2019-08-27,147.61
2019-08-28,147.8
2019-08-29,147.24
2019-08-30,147.28
2019-09-03,147.21
2019-09-04,147.43
2019-09-05,144.76
2019-09-06,145.79
2019-09-09,143.2
2019-09-10,140.69
2019-09-11,140.44
2019-09-12,139.52
2019-09-13,136.54
2019-09-16,138.28
2019-09-17,139.03
2019-09-18,139.62
2019-09-19,140.04
2019-09-20,141.89
2019-09-23,141.86
2019-09-24,143.57
2019-09-25,141.47
2019-09-26,142.38
2019-09-27,142.73
2019-09-30,143.08
2019-10-01,143.26
2019-10-02,143.61
2019-10-03,144.92
2019-10-04,145.99
2019-10-07,144.78
2019-10-08,145.17
2019-10-09,144.35
2019-10-10,142.2
2019-10-11,140.44
2019-10-14,141.46
2019-10-15,139.75
2019-10-16,139.92
2019-10-17,139.58
2019-10-18,139.58
2019-10-21,138.53
2019-10-22,139.34
2019-10-23,139.48
2019-10-24,139.2
2019-10-25,138.52
2019-10-28,137.26
2019-10-29,137.35
2019-10-30,139.36
2019-10-31,141.24
2019-11-01,140.56
2019-11-04,138.71
2019-11-05,137.15
2019-11-06,137.98
2019-11-07,135.48
2019-11-08,134.91
2019-11-11,135
2019-11-12,135.62
2019-11-13,136.5
2019-11-14,137.91
2019-11-15,137.76
2019-11-18,138.01
2019-11-19,139.16
2019-11-20,140.6
2019-11-21,139.72
2019-11-22,139.9
2019-11-25,140.31
2019-11-26,141.13
2019-11-27,140.72
2019-11-29,140.42
2019-12-02,138.31
2019-12-03,141.21
2019-12-04,139.8
2019-12-05,139.12
2019-12-06,138.35
2019-12-09,138.65
2019-12-10,138.66
2019-12-11,139.75
2019-12-12,137.45
2019-12-13,139.04
2019-12-16,137.79
2019-12-17,137.6
2019-12-18,136.47
2019-12-19,136.47
2019-12-20,136.65
2019-12-23,136.45
2019-12-24,136.84
2019-12-26,137.17
2019-12-27,137.32
2019-12-30,136.82
2019-12-31,135.48
2020-01-02,137.01
2020-01-03,139.12
2020-01-06,138.33
2020-01-07,137.65
2020-01-08,136.74
2020-01-09,137.22
2020-01-10,138.44
2020-01-13,138.02
2020-01-14,138.73
2020-01-15,139.65
2020-01-16,139.21
2020-01-17,138.02
2020-01-21,139.47
2020-01-22,139.96
2020-01-23,140.94
2020-01-24,142.08
2020-01-27,144.29
2020-01-28,143.16
2020-01-29,144.56
2020-01-30,144.58
2020-01-31,145.9
2020-02-03,145.54
2020-02-04,143.58
2020-02-05,142.01
2020-02-06,142.65
2020-02-07,144.43
2020-02-10,144.83
2020-02-11,144.1
2020-02-12,143.37
2020-02-13,143.92
2020-02-14,144.55
2020-02-18,145.54
2020-02-19,145.53
2020-02-20,146.67
2020-02-21,148.04
2020-02-24,150.25
2020-02-25,151.05
2020-02-26,150.25
2020-02-27,151.88
2020-02-28,155.31
2020-03-02,153.94
2020-03-03,156.33
2020-03-04,154.67
2020-03-05,158.52
2020-03-06,166.77
2020-03-09,171.29
2020-03-10,162.51
2020-03-11,156.53
2020-03-12,157.5
2020-03-13,153.94
2020-03-16,163.91
2020-03-17,152.98
2020-03-18,144.35
2020-03-19,148.28
2020-03-20,159.43
2020-03-23,166
2020-03-24,162.91
2020-03-25,162.54
2020-03-26,163.34
2020-03-27,167.7
2020-03-30,166.32
2020-03-31,164.97
2020-04-01,167.04
2020-04-02,168.1
2020-04-03,168.5
2020-04-06,168.06
2020-04-07,166.3
2020-04-08,165.09
2020-04-09,165.39
2020-04-13,163.88
2020-04-14,163.84
2020-04-15,168.18
2020-04-16,170.09
2020-04-17,167.81
2020-04-20,169.16
2020-04-21,171.29
2020-04-22,169.54
2020-04-23,170.44
2020-04-24,170.84
2020-04-27,167.66
2020-04-28,169.59
2020-04-29,168.71
2020-04-30,166.74
2020-05-01,167.95
2020-05-04,167.16
2020-05-05,166.09
2020-05-06,163.41
2020-05-07,166.14
2020-05-08,163.98
2020-05-11,162.7
2020-05-12,164.37
2020-05-13,165.52
2020-05-14,167.14
2020-05-15,166.71
2020-05-18,163.05
2020-05-19,163.66
2020-05-20,164.15
2020-05-21,164.56
2020-05-22,165.55
2020-05-26,163.33
2020-05-27,163.03
2020-05-28,162.43
2020-05-29,163.59
2020-06-01,162.28
2020-06-02,161.69
2020-06-03,159.54
2020-06-04,157.23
2020-06-05,156.11
2020-06-08,156.71
2020-06-09,158.49
2020-06-10,160.84
2020-06-11,163.88
2020-06-12,162.3
2020-06-15,162.39
2020-06-16,159.9
2020-06-17,160.56
2020-06-18,162.26
2020-06-19,162.39
2020-06-22,162.41
2020-06-23,161.3
2020-06-24,163.03
2020-06-25,163.5
2020-06-26,165.25
2020-06-29,164.73
2020-06-30,163.93
2020-07-01,163.42
2020-07-02,163.59
2020-07-06,162.92
2020-07-07,165.21
2020-07-08,164.55
2020-07-09,167.17
2020-07-10,166.33
2020-07-13,166.88
2020-07-14,167.12
2020-07-15,166.34
2020-07-16,167.13
2020-07-17,166.78
2020-07-20,167.19
2020-07-21,167.29
2020-07-22,167.79
2020-07-23,169.75
2020-07-24,169.74
2020-07-27,169.11
2020-07-28,170.28
2020-07-29,169.99
2020-07-30,171.11
2020-07-31,171
2020-08-03,169.95
2020-08-04,171.57
2020-08-05,170.07
2020-08-06,171.02
2020-08-07,169.88
2020-08-10,169.12
2020-08-11,167.11
2020-08-12,165.59
2020-08-13,163.82
2020-08-14,163.18
2020-08-17,163.59
2020-08-18,164.76
2020-08-19,163.73
2020-08-20,165.21
2020-08-21,166.2
2020-08-24,165.93
2020-08-25,164.66
2020-08-26,164.03
2020-08-27,161.24
2020-08-28,161.12
2020-08-31,162.19
2020-09-01,163.86
2020-09-02,165.42
2020-09-03,165.89
2020-09-04,162.74
2020-09-08,163.74
2020-09-09,163.3
2020-09-10,164.13
2020-09-11,164.48
2020-09-14,164.47
2020-09-15,164.07
2020-09-16,163.58
2020-09-17,164.08
2020-09-18,163.57
2020-09-21,164.4
2020-09-22,164.27
2020-09-23,164.49
2020-09-24,165.12
2020-09-25,165.12
2020-09-28,164.65
2020-09-29,164.84
2020-09-30,163.26
2020-10-01,163.36
2020-10-02,162.75
2020-10-05,159.57
2020-10-06,160.43
2020-10-07,159.26
2020-10-08,160.12
2020-10-09,160.09
2020-10-12,160.6
2020-10-13,161.75
2020-10-14,162.12
2020-10-15,161.84
2020-10-16,161.39
2020-10-19,160.78
2020-10-20,159.25
2020-10-21,158.7
2020-10-22,157.05
2020-10-23,158.01
2020-10-26,159.48
2020-10-27,160.55
2020-10-28,160.7
2020-10-29,159.14
2020-10-30,157.57
2020-11-02,158.58
2020-11-03,157.66
2020-11-04,161.08
2020-11-05,161.36
2020-11-06,159.41
2020-11-09,156.06
2020-11-10,155.16
2020-11-11,155.72
2020-11-12,158.37
2020-11-13,158.16
2020-11-16,157.78
2020-11-17,158.81
2020-11-18,159.27
2020-11-19,160.09
2020-11-20,161.51
2020-11-23,160.77
2020-11-24,159.17
2020-11-25,158.68
2020-11-27,160.22
2020-11-30,160.02
2020-12-01,157.5
2020-12-02,156.25
2020-12-03,157.51
2020-12-04,155.2
2020-12-07,156.6
2020-12-08,157.34
2020-12-09,156.82
2020-12-10,158.21
2020-12-11,158.77
2020-12-14,158.33
2020-12-15,157.8
2020-12-16,157.38
2020-12-17,156.8
2020-12-18,156.33
2020-12-21,156.95
2020-12-22,157.76
2020-12-23,156.67
2020-12-24,157.29
2020-12-28,157.36
2020-12-29,157.16
2020-12-30,157.5
2020-12-31,157.73
2021-01-04,157.54
2021-01-05,156.37
2021-01-06,153.16
2021-01-07,151.81
2021-01-08,151.32
2021-01-11,151.07
2021-01-12,150.95
2021-01-13,152.65
2021-01-14,151.22
2021-01-15,151.82
2021-01-19,152.31
2021-01-20,152.46
2021-01-21,151.39
2021-01-22,151.88
2021-01-25,153.67
2021-01-26,153.38
2021-01-27,153.77
2021-01-28,152.92
2021-01-29,152
2021-02-01,152
2021-02-02,151.02
2021-02-03,149.68
2021-02-04,149.28
2021-02-05,148.03
2021-02-08,148.68
2021-02-09,148.79
2021-02-10,149.78
2021-02-11,148.96
2021-02-12,147.11
2021-02-16,144.87
2021-02-17,145.79
2021-02-18,145.2
2021-02-19,143.27
2021-02-22,142.18
2021-02-23,141.77
2021-02-24,140.84
2021-02-25,138.54
2021-02-26,143.12
2021-03-01,141.06
2021-03-02,141.07
2021-03-03,139.54
2021-03-04,138.64
2021-03-05,138.91
2021-03-08,137.83
2021-03-09,139.74
2021-03-10,140.02
2021-03-11,139.01
2021-03-12,136.06
2021-03-15,136.86
2021-03-16,136.31
2021-03-17,135.29
2021-03-18,133.92
2021-03-19,134.75
2021-03-22,136.26
2021-03-23,137.49
2021-03-24,138.23
2021-03-25,137.14
2021-03-26,136.66
2021-03-29,135.5
2021-03-30,136.21
2021-03-31,135.45
2021-04-01,137.51
2021-04-05,136.91
2021-04-06,137.84
2021-04-07,136.88
2021-04-08,138.01
2021-04-09,137.51
2021-04-12,137.45
2021-04-13,138.48
2021-04-14,138.04
2021-04-15,140.35
2021-04-16,139.26
2021-04-19,138.86
2021-04-20,139.5
2021-04-21,139.78
2021-04-22,140.39
2021-04-23,140.06
2021-04-26,139.86
2021-04-27,138.64
2021-04-28,138.73
2021-04-29,138.32
2021-04-30,138.64
2021-05-03,138.52
2021-05-04,139.46
2021-05-05,139.69
2021-05-06,139.92
2021-05-07,139.23
2021-05-10,137.82
2021-05-11,137.04
2021-05-12,135.6
2021-05-13,135.81
2021-05-14,137.08
2021-05-17,136.79
2021-05-18,136.44
2021-05-19,136.11
2021-05-20,137.23
2021-05-21,137.67
2021-05-24,138.18
2021-05-25,139.46
2021-05-26,139.22
2021-05-27,138.66
2021-05-28,138.44
2021-06-01,138.21
2021-06-02,138.53
2021-06-03,138.01
2021-06-04,139.9
2021-06-07,139.47
2021-06-08,140.45
2021-06-09,141.69
2021-06-10,142.54
2021-06-11,142.31
2021-06-14,141.22
2021-06-15,141.05
2021-06-16,140.93
2021-06-17,143.04
2021-06-18,145.73
2021-06-21,143.29
2021-06-22,143.64
2021-06-23,143.27
2021-06-24,143.5
2021-06-25,142.01
2021-06-28,143.47
2021-06-29,143.71
2021-06-30,144.35
2021-07-01,144.17
2021-07-02,145.04
2021-07-06,146.74
2021-07-07,148.04
2021-07-08,148.62
2021-07-09,146.53
2021-07-12,146.34
2021-07-13,145.22
2021-07-14,146.87
2021-07-15,148.49
2021-07-16,148.21
2021-07-19,151.46
2021-07-20,150
2021-07-21,148.1
2021-07-22,149.5
2021-07-23,148.5
2021-07-26,148.06
2021-07-27,149.64
2021-07-28,149.65
2021-07-29,148.82
2021-07-30,149.52
2021-08-02,150.67
2021-08-03,150.75
2021-08-04,151.06
2021-08-05,150.29
2021-08-06,147.78
2021-08-09,147.25
2021-08-10,146.57
2021-08-11,146.48
2021-08-12,146.24
2021-08-13,148.55
2021-08-16,148.91
2021-08-17,148.85
2021-08-18,149.35
2021-08-19,150.45
2021-08-20,150.55
2021-08-23,150.45
2021-08-24,149.28
2021-08-25,148.04
2021-08-26,148.45
2021-08-27,149.46
2021-08-30,149.85
2021-08-31,148.83
2021-09-01,148.89
2021-09-02,149.54
2021-09-03,148.18
2021-09-07,146.93
2021-09-08,147.93
2021-09-09,149.72
2021-09-10,148.4
2021-09-13,149.3
2021-09-14,151.11
2021-09-15,150.58
2021-09-16,149.89
2021-09-17,149.17
2021-09-20,151.02
2021-09-21,150.89
2021-09-22,151.79
2021-09-23,148.36
2021-09-24,146.91
2021-09-27,146.37
2021-09-28,144.09
2021-09-29,144.34
2021-09-30,144.32
2021-10-01,145.35
2021-10-04,144.98
2021-10-05,143.58
2021-10-06,144.39
2021-10-07,142.88
2021-10-08,141.88
2021-10-11,141.52
2021-10-12,143.94
2021-10-13,145.34
2021-10-14,145.88
2021-10-15,145.03
2021-10-18,145.71
2021-10-19,143.7
2021-10-20,142.73
2021-10-21,142.56
2021-10-22,144.13
2021-10-25,143.91
2021-10-26,145.1
2021-10-27,147.74
2021-10-28,147.24
2021-10-29,147.69
2021-11-01,146.44
2021-11-02,147.09
2021-11-03,145.57
2021-11-04,147.1
2021-11-05,149.3
2021-11-08,149.02
2021-11-09,150.96
2021-11-10,148.2
2021-11-11,147.98
2021-11-12,147.33
2021-11-15,145.48
2021-11-16,145.11
2021-11-17,146.26
2021-11-18,146.81
2021-11-19,148.36
2021-11-22,146.62
2021-11-23,144.5
2021-11-24,146.82
2021-11-26,150.53
2021-11-29,149.32
2021-11-30,151.59
2021-12-01,152.34
2021-12-02,152.53
2021-12-03,154.35
2021-12-06,152.23
2021-12-07,151
2021-12-08,148.39
2021-12-09,149.22
2021-12-10,148.86
2021-12-13,151.06
2021-12-14,150.7
2021-12-15,149.25
2021-12-16,149.14
2021-12-17,150.83
2021-12-20,149.7
2021-12-21,149.13
2021-12-22,149.82
2021-12-23,148.52
2021-12-27,148.88
2021-12-28,148.29
2021-12-29,146.67
2021-12-30,147.9
2021-12-31,148.19
2022-01-03,144.3
2022-01-04,143.7
2022-01-05,142.92
2022-01-06,143.29
2022-01-07,142.26
2022-01-10,142.61
2022-01-11,143.56
2022-01-12,143.01
2022-01-13,144.28
2022-01-14,142.1
2022-01-18,140.1
2022-01-19,141.07
2022-01-20,141.94
2022-01-21,143.63
2022-01-24,142.45
2022-01-25,142.22
2022-01-26,140.5
2022-01-27,143.08
2022-01-28,143.13
2022-01-31,142.39
2022-02-01,141.72
2022-02-02,142.2
2022-02-03,141.09
2022-02-04,139.01
2022-02-07,139.1
2022-02-08,138.17
2022-02-09,138.43
2022-02-10,136.23
2022-02-11,138.25
2022-02-14,136.53
2022-02-15,134.98
2022-02-16,135.78
2022-02-17,136.79
2022-02-18,138.23
2022-02-22,138.59
2022-02-23,136.68
2022-02-24,136.77
2022-02-25,136.87
2022-02-28,139.87
2022-03-01,141.3
2022-03-02,136.47
2022-03-03,137.86
2022-03-04,140.24
2022-03-07,139.17
2022-03-08,137.77
2022-03-09,136.42
2022-03-10,134.46
2022-03-11,134.91
2022-03-14,131.76
2022-03-15,131.53
2022-03-16,132.82
2022-03-17,131.83
2022-03-18,133.44
2022-03-21,130.35
2022-03-22,128.68
2022-03-23,131.5
2022-03-24,130.47
2022-03-25,128.66
2022-03-28,129.76
2022-03-29,130.74
2022-03-30,131.76
2022-03-31,132.08
2022-04-01,132.38
2022-04-04,131.46
2022-04-05,128.49
2022-04-06,127.45
2022-04-07,126.49
2022-04-08,125.12
2022-04-11,123.14
2022-04-12,122.97
2022-04-13,123.22
2022-04-14,120.75
2022-04-18,120.15
2022-04-19,119.25
2022-04-20,121.65
2022-04-21,120.75
2022-04-22,119.99
2022-04-25,121.19
2022-04-26,122.41
2022-04-27,120.84
2022-04-28,121.02
2022-04-29,119.45
2022-05-02,117.18
2022-05-03,117.97
2022-05-04,118.62
2022-05-05,115.37
2022-05-06,113.67
2022-05-09,114.67
2022-05-10,115.71
2022-05-11,117.94
2022-05-12,117.72
2022-05-13,115.98
2022-05-16,115.86
2022-05-17,114.46
2022-05-18,116.9
2022-05-19,117.18
2022-05-20,118.51
2022-05-23,116.56
2022-05-24,118.86
2022-05-25,119.33
2022-05-26,118.79
2022-05-27,119.08
2022-05-31,116.56
2022-06-01,116.22
2022-06-02,116.28
2022-06-03,116.03
2022-06-06,113.89
2022-06-07,115.12
2022-06-08,114.1
2022-06-09,114.48
2022-06-10,113.77
2022-06-13,110.2
2022-06-14,108.81
2022-06-15,110.84
2022-06-16,111.72
2022-06-17,112.08
2022-06-21,110.18
2022-06-22,113.21
2022-06-23,114.14
2022-06-24,112.56
2022-06-27,111.6
2022-06-28,112.12
2022-06-29,113.87
2022-06-30,114.87
2022-07-01,115.82
2022-07-05,116.73
2022-07-06,114.77
2022-07-07,113.76
2022-07-08,112.5
2022-07-11,114.44
2022-07-12,115.12
2022-07-13,116.44
2022-07-14,115.49
2022-07-15,116.14
2022-07-18,114.93
2022-07-19,114.31
2022-07-20,114.61
2022-07-21,116.59
2022-07-22,118.55
2022-07-25,117.39
2022-07-26,117.48
2022-07-27,116.82
2022-07-28,117.75
2022-07-29,117.43
2022-08-01,120.04
2022-08-02,117.5
2022-08-03,119.35
2022-08-04,119.31
2022-08-05,116.47
2022-08-08,118.35
2022-08-09,117.89
2022-08-10,117.12
2022-08-11,114.39
2022-08-12,115.55
2022-08-15,115.45
2022-08-16,115.93
2022-08-17,114.72
2022-08-18,114.89
2022-08-19,113.04
2022-08-22,112.66
2022-08-23,112.04
2022-08-24,111.22
2022-08-25,112.77
2022-08-26,113.62
2022-08-29,112.68
2022-08-30,112.96
2022-08-31,111.88
2022-09-01,109.6
2022-09-02,110.22
2022-09-06,107.49
2022-09-07,109.19
2022-09-08,108.07
2022-09-09,108.31
2022-09-12,107.42
2022-09-13,107.67
2022-09-14,108.04
2022-09-15,107.97
2022-09-16,107.07
2022-09-19,107.32
2022-09-20,106.25
2022-09-21,108.03
2022-09-22,105.27
2022-09-23,105.7
2022-09-26,103.68
2022-09-27,100.95
2022-09-28,104.33
2022-09-29,103.79
2022-09-30,102.45
2022-10-03,103.83
2022-10-04,103.54
2022-10-05,102.55
2022-10-06,101.98
2022-10-07,100.99
2022-10-10,99.42
2022-10-11,99.86
2022-10-12,100.35
2022-10-13,99.39
2022-10-14,98.57
2022-10-17,98.09
2022-10-18,98.32
2022-10-19,96.53
2022-10-20,94.88
2022-10-21,93.17
2022-10-24,92.4
2022-10-25,95.09
2022-10-26,96.46
2022-10-27,97.47
2022-10-28,96.8
2022-10-31,96.11
2022-11-01,96.77
2022-11-02,96.35
2022-11-03,95.83
2022-11-04,94.22
2022-11-07,93.28
2022-11-08,94.3
2022-11-09,94.61
2022-11-10,98.25
2022-11-11,97.89
2022-11-14,97.65
2022-11-15,99.23
2022-11-16,101.4
2022-11-17,100.33
2022-11-18,99.64
2022-11-21,100.06
2022-11-22,101.48
2022-11-23,103.25
2022-11-25,102.9
2022-11-28,103.19
2022-11-29,101.98
2022-11-30,102.73
2022-12-01,105.76
2022-12-02,107.09
2022-12-05,105.59
2022-12-06,106.95
2022-12-07,109.47
2022-12-08,109.17
2022-12-09,106.33
2022-12-12,106.67
2022-12-13,107.7
2022-12-14,108.16
2022-12-15,108.32
2022-12-16,107.11
2022-12-19,105.31
2022-12-20,103.44
2022-12-21,103.7
2022-12-22,103.68
2022-12-23,102.16
2022-12-27,100.14
2022-12-28,99.55
2022-12-29,100.68
2022-12-30,99.56
2023-01-03,101.46
2023-01-04,102.85
2023-01-05,103.28
2023-01-06,105.18
2023-01-09,105.74
2023-01-10,103.99
2023-01-11,105.68
2023-01-12,107.76
2023-01-13,106.75
2023-01-17,106.06
2023-01-18,108.63
2023-01-19,107.95
2023-01-20,106.2
2023-01-23,105.7
2023-01-24,107.22
2023-01-25,107.48
2023-01-26,106.98
2023-01-27,106.71
2023-01-30,106.32
2023-01-31,107.17
2023-02-01,108.18
2023-02-02,108.32
2023-02-03,106.7
2023-02-06,105.91
2023-02-07,105.06
2023-02-08,105.56
2023-02-09,104.56
2023-02-10,103.39
2023-02-13,104.26
2023-02-14,104.02
2023-02-15,103.05
2023-02-16,101.59
2023-02-17,102.38
2023-02-21,100.39
2023-02-22,101.31
2023-02-23,102.3
2023-02-24,100.97
2023-02-27,101.25
2023-02-28,101.71
2023-03-01,100.37
2023-03-02,99.48
2023-03-03,101.89
2023-03-06,101.1
2023-03-07,101.72
2023-03-08,101.82
2023-03-09,102.07
2023-03-10,105.59
2023-03-13,105.83
2023-03-14,104.09
2023-03-15,106.1
2023-03-16,105.27
2023-03-17,106.85
2023-03-20,105.91
2023-03-21,105
2023-03-22,106.4
2023-03-23,106.4
2023-03-24,106.85
2023-03-27,104.34
2023-03-28,104.53
2023-03-29,104.32
2023-03-30,104.8
2023-03-31,106.37
2023-04-03,106.6
2023-04-04,107.13
2023-04-05,108.25
2023-04-06,108.53
2023-04-10,106.78
2023-04-11,107
2023-04-12,106.89
2023-04-13,106.05
2023-04-14,105.08
2023-04-17,103.83
2023-04-18,104.2
2023-04-19,104.1
2023-04-20,104.99
2023-04-21,104.4
2023-04-24,105.41
2023-04-25,106.96
2023-04-26,105.82
2023-04-27,104.77
2023-04-28,106.46
2023-05-01,103.13
2023-05-02,105.7
2023-05-03,106.29
2023-05-04,105.24
2023-05-05,104.89
2023-05-08,103.42
2023-05-09,103.05
2023-05-10,104.05
2023-05-11,105.15
2023-05-12,104.27
2023-05-15,103.19
2023-05-16,102.88
2023-05-17,102.58
2023-05-18,101.82
2023-05-19,101.1
2023-05-22,100.74
2023-05-23,101.03
2023-05-24,100.53
2023-05-25,100.28
2023-05-26,101.09
2023-05-30,102.1
2023-05-31,102.99
2023-06-01,103.12
2023-06-02,101.99
2023-06-05,101.8
2023-06-06,102.4
2023-06-07,100.88
2023-06-08,102.06
2023-06-09,101.92
2023-06-12,102.22
2023-06-13,101.21
2023-06-14,102.02
2023-06-15,103
2023-06-16,102.6
2023-06-20,103.31
2023-06-21,103.56
2023-06-22,102.31
2023-06-23,103.33
2023-06-26,103.44
2023-06-27,103.17
2023-06-28,103.61
2023-06-29,101.74
2023-06-30,102.94
2023-07-03,102.08
2023-07-05,101.11
2023-07-06,99.68
2023-07-07,99.08
2023-07-10,99.21
2023-07-11,99.72
2023-07-12,100.83
2023-07-13,101.89
2023-07-14,101.29
2023-07-17,101.34
2023-07-18,101.8
2023-07-19,102.95
2023-07-20,101.7
2023-07-21,101.73
2023-07-24,101.36
2023-07-25,101.17
2023-07-26,101.27
2023-07-27,99.3
2023-07-28,99.81
2023-07-31,100.05
2023-08-01,98.14
2023-08-02,97.09
2023-08-03,94.85
2023-08-04,96.53
2023-08-07,95.58
2023-08-08,96.69
2023-08-09,97.19
2023-08-10,95.59
2023-08-11,95.37
2023-08-14,95.16
2023-08-15,94.58
2023-08-16,93.84
2023-08-17,93.44
2023-08-18,93.77
2023-08-21,92.52
2023-08-22,93.23
2023-08-23,95.54
2023-08-24,94.91
2023-08-25,95.22
2023-08-28,95.32
2023-08-29,96.31
2023-08-30,96.21
2023-08-31,96.64
2023-09-01,94.85
2023-09-05,93.52
2023-09-06,93.75
2023-09-07,94.01
2023-09-08,94.37
2023-09-11,93.69
2023-09-12,94.23
2023-09-13,94.21
2023-09-14,93.53
2023-09-15,92.96
2023-09-18,93.49
2023-09-19,92.8
2023-09-20,93.09
2023-09-21,90.7
2023-09-22,91.43
2023-09-25,89.18
2023-09-26,88.87
2023-09-27,88.41
2023-09-28,88.68
2023-09-29,88.69
2023-10-02,86.93
2023-10-03,85.06
2023-10-04,86.26
2023-10-05,85.83
2023-10-06,84.79
2023-10-09,86.78
2023-10-10,86.66
2023-10-11,88.47
2023-10-12,86.07
2023-10-13,87.61
2023-10-16,86.2
2023-10-17,85.25
2023-10-18,84.5
2023-10-19,82.77
2023-10-20,83.24
2023-10-23,84.24
2023-10-24,85.35
2023-10-25,83.45
2023-10-26,84.73
2023-10-27,84.37
2023-10-30,83.99
2023-10-31,83.58
2023-11-01,85.1
2023-11-02,87.04
2023-11-03,87.63
2023-11-06,86.78
2023-11-07,88.06
2023-11-08,89.56
2023-11-09,87.5
2023-11-10,87.99
2023-11-13,87.79
2023-11-14,89.78
2023-11-15,88.52
2023-11-16,89.62
2023-11-17,90.04
2023-11-20,90.59
2023-11-21,90.55
2023-11-22,90.87
2023-11-24,89.8
2023-11-27,91.3
2023-11-28,91.48
2023-11-29,92.63
2023-11-30,91.56
2023-12-01,92.99
2023-12-04,92.62
2023-12-05,94.61
2023-12-06,95.87
2023-12-07,95.32
2023-12-08,94.54
2023-12-11,94.34
2023-12-12,94.62
2023-12-13,96.84
2023-12-14,99.04
2023-12-15,99.15
2023-12-18,98.36
2023-12-19,98.89
2023-12-20,99.56
2023-12-21,98.93
2023-12-22,98.48
2023-12-26,98.76
2023-12-27,100.51
2023-12-28,99.78
2023-12-29,98.88
2024-01-02,98.31
2024-01-03,98.72
2024-01-04,97.22
2024-01-05,96.29
2024-01-08,97.24
2024-01-09,96.62
2024-01-10,96.17
2024-01-11,96.71
2024-01-12,96.52
2024-01-16,94.82
2024-01-17,94.67
2024-01-18,93.79
2024-01-19,94.09
2024-01-22,94.65
2024-01-23,93.9
2024-01-24,93.35
2024-01-25,93.96
2024-01-26,93.78
2024-01-29,94.86
2024-01-30,95.72
2024-01-31,96.66
2024-02-01,98.24
2024-02-02,96.07
2024-02-05,94.13
2024-02-06,95.05
2024-02-07,94.59
2024-02-08,94.04
2024-02-09,93.85
2024-02-12,93.96
2024-02-13,92.35
2024-02-14,92.82
2024-02-15,93.3
2024-02-16,92.76
2024-02-20,92.84
2024-02-21,92.18
2024-02-22,92.63
2024-02-23,93.87
2024-02-26,93.59
2024-02-27,92.93
2024-02-28,93.52
2024-02-29,94.18
2024-03-01,94.47
2024-03-04,94.09
2024-03-05,95.43
2024-03-06,95.99
2024-03-07,95.9
2024-03-08,95.73
2024-03-11,95.68
2024-03-12,94.88
2024-03-13,94.42
2024-03-14,92.97
2024-03-15,92.94
2024-03-18,92.66
2024-03-19,92.92
2024-03-20,92.89
2024-03-21,93.09
2024-03-22,93.98
2024-03-25,93.51
2024-03-26,93.77
2024-03-27,94.7
2024-03-28,94.62
2024-04-01,92.55
2024-04-02,92.04
2024-04-03,92.02
2024-04-04,92.68
2024-04-05,91.39
2024-04-08,91.38
2024-04-09,92.23
2024-04-10,90.22
2024-04-11,89.81
2024-04-12,90.29
2024-04-15,88.89
2024-04-16,88.3
2024-04-17,89.28
2024-04-18,88.83
2024-04-19,89.15
2024-04-22,89
2024-04-23,89.03
2024-04-24,88.4
2024-04-25,87.78
2024-04-26,88.24
2024-04-29,88.98
2024-04-30,88.22
2024-05-01,88.56
2024-05-02,88.94
2024-05-03,89.84
2024-05-06,90.19
2024-05-07,90.74
2024-05-08,90.19
2024-05-09,90.63
2024-05-10,90.12
2024-05-13,90.35
2024-05-14,90.86
2024-05-15,92.1
2024-05-16,92.01
2024-05-17,91.39
2024-05-20,91.12
2024-05-21,91.59
2024-05-22,91.7
2024-05-23,91.11
2024-05-24,91.38
2024-05-28,90.07
2024-05-29,88.98
2024-05-30,89.84
2024-05-31,90.45
2024-06-03,91.6
2024-06-04,92.67
2024-06-05,93.35
2024-06-06,93.21
2024-06-07,91.5
2024-06-10,90.89
2024-06-11,91.83
2024-06-12,92.52
2024-06-13,93.88
2024-06-14,94.67
2024-06-17,93.73
2024-06-18,94.59
2024-06-20,93.96
2024-06-21,93.96
2024-06-24,94.34
2024-06-25,94.5
2024-06-26,93.15
2024-06-27,93.52
2024-06-28,91.78
2024-07-01,89.91
2024-07-02,90.61
2024-07-03,91.8
2024-07-05,92.56
2024-07-08,92.76
2024-07-09,92.35
2024-07-10,92.64
2024-07-11,93.54
2024-07-12,93.94
2024-07-15,92.86
2024-07-16,94.17
2024-07-17,94.19
2024-07-18,93.47
2024-07-19,92.92
2024-07-22,92.65
2024-07-23,92.52
2024-07-24,91.52
2024-07-25,92.27
2024-07-26,92.99
2024-07-29,93.49
2024-07-30,93.85
2024-07-31,94.81
2024-08-01,95.31
2024-08-02,98.28
2024-08-05,98.8
2024-08-06,96.59
2024-08-07,95.91
2024-08-08,95.32
2024-08-09,96.26
2024-08-12,96.61
2024-08-13,97.28
2024-08-14,97.89
2024-08-15,97.1
2024-08-16,97.44
2024-08-19,97.89
2024-08-20,98.67
2024-08-21,98.73
2024-08-22,97.75
2024-08-23,98.39
2024-08-26,98.14
2024-08-27,97.97
2024-08-28,97.85
2024-08-29,97.53
2024-08-30,96.49
2024-09-03,97.75
2024-09-04,99.01
2024-09-05,99.57
2024-09-06,99.56
2024-09-09,99.99
2024-09-10,100.69
2024-09-11,100.61
2024-09-12,100.14
2024-09-13,100.41
2024-09-16,101.33
2024-09-17,100.84
2024-09-18,99.59
2024-09-19,99.26
2024-09-20,98.88
2024-09-23,98.67
2024-09-24,98.65
2024-09-25,97.83
2024-09-26,98.06
2024-09-27,98.57
2024-09-30,98.1
2024-10-01,98.49
2024-10-02,97.66
2024-10-03,96.74
2024-10-04,95.55
2024-10-07,94.83
2024-10-08,94.99
2024-10-09,94.45
2024-10-10,94.08
2024-10-11,93.7
2024-10-14,93.77
2024-10-15,94.91
2024-10-16,95.31
2024-10-17,93.8
2024-10-18,93.87
2024-10-21,92.23
2024-10-22,92.32
2024-10-23,92.07
2024-10-24,92.66
2024-10-25,92.14
2024-10-28,91.89
2024-10-29,92.03
2024-10-30,92.3
2024-10-31,92.45
2024-11-01,90.84
2024-11-04,92.25
2024-11-05,92.74
2024-11-06,90.2
2024-11-07,91.33
2024-11-08,92.49
2024-11-11,92.04
2024-11-12,90.66
2024-11-13,89.8
2024-11-14,90.32
2024-11-15,90.08
2024-11-18,90.24
2024-11-19,90.7
2024-11-20,90.41
2024-11-21,90.34
2024-11-22,90.39
2024-11-25,92.73
2024-11-26,92.37
2024-11-27,93.01
2024-11-29,93.97
2024-12-02,93.87
2024-12-03,93.06
2024-12-04,94.06
2024-12-05,94.25
2024-12-06,94.39
2024-12-09,93.52
2024-12-10,93.08
2024-12-11,92.2
2024-12-12,91.08
2024-12-13,90.15
2024-12-16,90.42
2024-12-17,90.64
2024-12-18,89.16
2024-12-19,87.81
2024-12-20,88.31
2024-12-23,87.5
2024-12-24,87.87
2024-12-26,87.82
2024-12-27,87.1
2024-12-30,87.8
2024-12-31,87.33
2025-01-02,87.57
2025-01-03,87.29
2025-01-06,86.9
2025-01-07,85.92
2025-01-08,86.03
2025-01-10,85.46
2025-01-13,85.43
2025-01-14,85.29
2025-01-15,86.76
2025-01-16,87.04
2025-01-17,87.19
2025-01-21,87.97
2025-01-22,87.51
2025-01-23,86.83
2025-01-24,87.22
2025-01-27,88.25
2025-01-28,88.19
2025-01-29,88.01
2025-01-30,88.34
2025-01-31,87.76
2025-02-03,88.16
2025-02-04,88.43
2025-02-05,89.89
2025-02-06,89.85
2025-02-07,89.27
2025-02-10,89
2025-02-11,88.43
2025-02-12,87.23
2025-02-13,88.68
2025-02-14,89.15
2025-02-18,88.1
2025-02-19,88.21
2025-02-20,88.54
2025-02-21,89.61
2025-02-24,89.87
2025-02-25,91.42
2025-02-26,91.96
2025-02-27,91.31
2025-02-28,92.43
2025-03-03,92.57
2025-03-04,91.43
2025-03-05,90.7
2025-03-06,90.4
2025-03-07,90.11
2025-03-10,91.05
2025-03-11,90.4
2025-03-12,89.86
2025-03-13,90.65
2025-03-14,90.17
2025-03-17,90.62
2025-03-18,90.71
2025-03-19,91.18
2025-03-20,91.24
2025-03-21,90.7
2025-03-24,89.77
2025-03-25,89.76
2025-03-26,89.17
2025-03-27,88.91
2025-03-28,90.14
2025-03-31,91.03
2025-04-01,91.49
2025-04-02,91.43
2025-04-03,91.85
2025-04-04,92.85
2025-04-07,90.05
2025-04-08,88.35
2025-04-09,88.87
2025-04-10,86.42
2025-04-11,86.89
2025-04-14,87.51
2025-04-15,87.82
2025-04-16,88.31
2025-04-17,87.53
2025-04-21,86
2025-04-22,86.48
2025-04-23,87.32
2025-04-24,88.24
2025-04-25,88.89
2025-04-28,89.45
2025-04-29,90.2
2025-04-30,89.47
2025-05-01,88.69
2025-05-02,87.73
2025-05-05,87.24
2025-05-06,87.53
2025-05-07,87.9
2025-05-08,86.92
2025-05-09,87.05
2025-05-12,86.24
2025-05-13,85.89
2025-05-14,85.32
2025-05-15,86.07
2025-05-16,86.3
2025-05-19,86.05
2025-05-20,85.43
2025-05-21,83.97
2025-05-22,84.41
2025-05-23,84.55
2025-05-27,85.73
2025-05-28,85.36
2025-05-29,86.15
2025-05-30,86.28
2025-06-02,85.16
2025-06-03,85.01
2025-06-04,86.39
2025-06-05,86.45
2025-06-06,85.35
2025-06-09,85.44
2025-06-10,85.88
2025-06-11,86.14
2025-06-12,87.17
2025-06-13,86.33
2025-06-16,85.46
2025-06-17,86.5
2025-06-18,86.65
2025-06-20,86.49
2025-06-23,86.77
2025-06-24,87.4
2025-06-25,87.51
2025-06-26,87.95
2025-06-27,87.39
2025-06-30,88.25
2025-07-01,88.14
2025-07-02,87.58
2025-07-03,86.97
2025-07-07,86.14
2025-07-08,86.03
2025-07-09,86.93
2025-07-10,86.99
2025-07-11,85.79
2025-07-14,85.61
2025-07-15,85.01
2025-07-16,85.13
2025-07-17,85.11
2025-07-18,85.24
2025-07-21,86
2025-07-22,86.52
2025-07-23,86.04
2025-07-24,85.89
2025-07-25,86.43
2025-07-28,85.87
2025-07-29,87.32
2025-07-30,86.87
2025-07-31,86.92
2025-08-01,87.82
2025-08-04,88.06
2025-08-05,88.33
2025-08-06,87.82
2025-08-07,87.67
2025-08-08,87.29
2025-08-11,87.39
2025-08-12,86.95
2025-08-13,87.67
2025-08-14,87.02
2025-08-15,86.4
2025-08-18,86.15
2025-08-19,86.65
2025-08-20,86.84
2025-08-21,86.41
2025-08-22,87.05
2025-08-25,86.8
2025-08-26,86.75
2025-08-27,86.65
2025-08-28,87.22
2025-08-29,86.6
2025-09-02,85.63
2025-09-03,86.57
2025-09-04,87.23
2025-09-05,88.56
2025-09-08,89.74
2025-09-09,89.23
2025-09-10,89.74
2025-09-11,90.34
2025-09-12,89.95
2025-09-15,90.16
2025-09-16,90.35
2025-09-17,90.12
2025-09-18,89.19
2025-09-19,89.02
2025-09-22,88.7
2025-09-23,89.32
2025-09-24,88.98
2025-09-25,88.98
2025-09-26,88.9
2025-09-29,89.63
2025-09-30,89.37
2025-10-01,89.29
2025-10-02,89.55
2025-10-03,89.38
2025-10-06,88.67
2025-10-07,89.18
2025-10-08,89.25
2025-10-09,89.18
2025-10-10,90.62
2025-10-13,90.57
2025-10-14,90.86
2025-10-15,90.66
2025-10-16,91.34
2025-10-17,91.2
2025-10-20,91.55
2025-10-21,92
2025-10-22,92.06
2025-10-23,91.43
2025-10-24,91.47
2025-10-27,91.78
2025-10-28,92.02
2025-10-29,91.09
2025-10-30,90.56
2025-10-31,90.29
2025-11-03,89.74
2025-11-04,89.94
2025-11-05,88.96
2025-11-06,89.76
2025-11-07,89.57
2025-11-10,89.55
2025-11-11,89.96
2025-11-12,90.12
2025-11-13,89.38
2025-11-14,88.87
2025-11-17,89.09
2025-11-18,89.06
2025-11-19,88.88
2025-11-20,89.23
2025-11-21,89.5
2025-11-24,90.01
2025-11-25,90.24
2025-11-26,90.64
2025-11-28,90.21
2025-12-01,88.77
2025-12-02,88.81
2025-12-03,89.06
2025-12-04,88.58
2025-12-05,88.17
2025-12-08,87.88
2025-12-09,87.97
2025-12-10,88.31
2025-12-11,88.19
2025-12-12,87.34
2025-12-15,87.4
2025-12-16,87.88
2025-12-17,87.8
2025-12-18,88.22
2025-12-19,87.55
2025-12-22,87.36
2025-12-23,87.5
2025-12-24,88.03
2025-12-26,87.74
2025-12-29,88.07
2025-12-30,87.86
2025-12-31,87.16
2026-01-02,87.03
2026-01-05,87.46
2026-01-06,87.28
2026-01-07,87.79
2026-01-08,87.35
2026-01-09,87.93
2026-01-12,87.67
2026-01-13,87.82
2026-01-14,88.33
2026-01-15,88.31
2026-01-16,87.8
2026-01-20,86.65
2026-01-21,87.31
2026-01-22,87.69
2026-01-23,87.93
2026-01-26,88.35
2026-01-27,87.8
2026-01-28,87.6
2026-01-29,87.62
2026-01-30,87.13
2026-02-02,86.55
2026-02-03,86.76
2026-02-04,86.54
2026-02-05,87.48
2026-02-06,87.54
2026-02-09,87.52
2026-02-10,88.53
2026-02-11,88.06
2026-02-12,89.23
2026-02-13,89.72
2026-02-17,89.87
2026-02-18,89.53
2026-02-19,89.62
2026-02-20,89.41
2026-02-23,89.74
2026-02-24,89.9
2026-02-25,89.91
2026-02-26,90.27
2026-02-27,90.82
2026-03-02,89.61
2026-03-03,89.43
2026-03-04,89.15
2026-03-05,88.79
2026-03-06,88.46
2026-03-09,89.23
2026-03-10,88.28
2026-03-11,87.14
2026-03-12,86.97
2026-03-13,86.54
2026-03-16,87.21
2026-03-17,87.45
2026-03-18,86.96
2026-03-19,87.49
2026-03-20,85.83
2026-03-23,86.39
2026-03-24,86.01
2026-03-25,86.84
2026-03-26,86.11
2026-03-27,85.64
2026-03-30,86.78
2026-03-31,86.69
2026-04-01,86.26
2026-04-02,86.79
2026-04-06,86.65
2026-04-07,86.64
2026-04-08,86.92
2026-04-09,86.7
2026-04-10,86.49
2026-04-13,86.75
2026-04-14,87.21
2026-04-15,86.83
2026-04-16,86.28
2026-04-17,87.07
2026-04-20,87.05
2026-04-21,86.57
2026-04-22,86.74
2026-04-23,86.55
2026-04-24,86.71
2026-04-27,86.28
2026-04-28,86.37
2026-04-29,85.7
2026-04-30,85.62
2026-05-01,85.61
2026-05-04,84.96
2026-05-05,85.43
2026-05-06,86.08
2026-05-07,85.65
2026-05-08,86.08
2026-05-11,85.56
2026-05-12,84.99
2026-05-13,84.8
2026-05-14,84.92
2026-05-15,83.66
2026-05-18,83.56
2026-05-19,83.02
2026-05-20,83.91
2026-05-21,84.22
2026-05-22,84.68
2026-05-26,85.1
2026-05-27,85.3
2026-05-28,85.74
2026-05-29,85.76
2026-06-01,85.47
2026-06-02,85.65
2026-06-03,85.31
2026-06-04,85.5
2026-06-05,85.06
2026-06-08,84.62
2026-06-09,85.12
2026-06-10,84.88
2026-06-11,85.98
2026-06-12,85.77
2026-06-15,85.72
2026-06-16,86.19
2026-06-17,86.33
2026-06-18,86.75
2026-06-22,86.09
2026-06-23,86.2
2026-06-24,87.38
2026-06-25,87.35
2026-06-26,87.36
2026-06-29,87.45
2026-06-30,86.42
2026-07-01,85.52
2026-07-02,85.51
2026-07-06,85.45
2026-07-07,84.55
2026-07-08,84.36
2026-07-09,84.49
2026-07-10,84.47
2026-07-13,83.97
2026-07-14,84.08
2026-07-15,84.24
2026-07-16,84.21
2026-07-17,84.52
2026-07-20,83.89
2026-07-21,83.66
2026-07-22,83.44
2026-07-23,83.17
2026-07-24,83.25
2026-07-27,83.75
2026-07-28,84.24
2026-07-29,82.85
2026-07-30,82.8
2026-07-31,82.25
2026-08-03,82.19
2026-08-04,82.82
2026-08-05,83
2026-08-06,82.52
2026-08-07,82.76
