Date,Value
1998-12-22,11.6328
1998-12-23,11.875
1998-12-24,11.8125
1998-12-28,11.75
1998-12-29,11.8672
1998-12-30,11.6875
1998-12-31,11.6719
1999-01-04,11.6641
1999-01-05,11.6016
1999-01-06,11.9844
1999-01-07,11.9297
1999-01-08,11.9844
1999-01-11,11.7578
1999-01-12,11.5781
1999-01-13,11.4063
1999-01-14,11.1875
1999-01-15,11.3594
1999-01-19,11.3594
1999-01-20,11.2656
1999-01-21,11.3594
1999-01-22,11.2969
1999-01-25,11.2813
1999-01-26,11.1719
1999-01-27,10.9688
1999-01-28,10.9063
1999-01-29,10.9063
1999-02-01,10.7969
1999-02-02,10.8125
1999-02-03,11.0625
1999-02-04,11.125
1999-02-05,11.4375
1999-02-08,11.5938
1999-02-09,11.375
1999-02-10,11.4063
1999-02-11,11.3125
1999-02-12,11.0781
1999-02-16,11
1999-02-17,10.8906
1999-02-18,10.9219
1999-02-19,10.8594
1999-02-22,10.9688
1999-02-23,10.875
1999-02-24,10.8281
1999-02-25,10.8828
1999-02-26,10.8125
1999-03-01,10.7031
1999-03-02,10.5938
1999-03-03,10.8281
1999-03-04,11.2188
1999-03-05,11.4297
1999-03-08,11.5938
1999-03-09,11.4688
1999-03-10,12.125
1999-03-11,12.2969
1999-03-12,12.25
1999-03-15,12.1563
1999-03-16,12.0938
1999-03-17,12.4063
1999-03-18,12.5625
1999-03-19,12.3906
1999-03-22,12.4688
1999-03-23,12.25
1999-03-24,12.1875
1999-03-25,12.2188
1999-03-26,12.375
1999-03-29,12.7188
1999-03-30,12.4844
1999-03-31,12.2969
1999-04-01,12.2813
1999-04-05,12.5781
1999-04-06,12.4531
1999-04-07,12.3281
1999-04-08,12.4531
1999-04-09,12.6875
1999-04-12,12.7813
1999-04-13,12.7656
1999-04-14,12.6094
1999-04-15,13.1563
1999-04-16,13.5703
1999-04-19,13.7344
1999-04-20,13.5156
1999-04-21,13.3125
1999-04-22,13.5469
1999-04-23,13.375
1999-04-26,13.0781
1999-04-27,13.4922
1999-04-28,13.9375
1999-04-29,14.3594
1999-04-30,14.1172
1999-05-03,14.4688
1999-05-04,14.4844
1999-05-05,14.2734
1999-05-06,14.2344
1999-05-07,14.3203
1999-05-10,14.1563
1999-05-11,14.2031
1999-05-12,13.9375
1999-05-13,14.0078
1999-05-14,13.9063
1999-05-17,13.8516
1999-05-18,13.5313
1999-05-19,13.7188
1999-05-20,13.875
1999-05-21,14.0938
1999-05-24,13.7578
1999-05-25,13.7031
1999-05-26,14.0938
1999-05-27,13.6719
1999-05-28,13.8125
1999-06-01,13.7344
1999-06-02,13.8906
1999-06-03,13.9375
1999-06-04,14.1563
1999-06-07,14.3203
1999-06-08,14.0938
1999-06-09,14.125
1999-06-10,14.2031
1999-06-11,14.3125
1999-06-14,14.4375
1999-06-15,14.6172
1999-06-16,14.4688
1999-06-17,14.4844
1999-06-18,14.4375
1999-06-21,14.1016
1999-06-22,13.9531
1999-06-23,14.0625
1999-06-24,13.8281
1999-06-25,13.7188
1999-06-28,13.6328
1999-06-29,13.8203
1999-06-30,14.0234
1999-07-01,14.1328
1999-07-02,14.1797
1999-07-06,14.4453
1999-07-07,14.4063
1999-07-08,14.5
1999-07-09,14.4922
1999-07-12,14.6406
1999-07-13,14.5
1999-07-14,14.5234
1999-07-15,14.6563
1999-07-16,14.5625
1999-07-19,14.5078
1999-07-20,14.125
1999-07-21,14.2813
1999-07-22,14.0703
1999-07-23,14.1406
1999-07-26,13.875
1999-07-27,13.875
1999-07-28,14.0781
1999-07-29,13.9922
1999-07-30,14.2891
1999-08-02,13.9766
1999-08-03,14.1563
1999-08-04,14.3516
1999-08-05,14.6016
1999-08-06,14.5781
1999-08-09,14.9297
1999-08-10,14.8438
1999-08-11,14.9375
1999-08-12,14.9688
1999-08-13,14.9219
1999-08-16,14.7734
1999-08-17,14.8828
1999-08-18,14.7734
1999-08-19,14.875
1999-08-20,14.9219
1999-08-23,15
1999-08-24,14.9063
1999-08-25,14.8359
1999-08-26,14.4531
1999-08-27,14.4453
1999-08-30,14.25
1999-08-31,14.4453
1999-09-01,14.4063
1999-09-02,14.25
1999-09-03,14.4219
1999-09-07,14.6875
1999-09-08,14.7344
1999-09-09,15.0625
1999-09-10,15.0156
1999-09-13,14.7813
1999-09-14,14.6172
1999-09-15,14.4063
1999-09-16,14.3984
1999-09-17,14.4688
1999-09-20,14.25
1999-09-21,13.7813
1999-09-22,13.7969
1999-09-23,13.6406
1999-09-24,13.5
1999-09-27,13.625
1999-09-28,13.4063
1999-09-29,13.5859
1999-09-30,13.7188
1999-10-01,13.6719
1999-10-04,13.5156
1999-10-05,13.2188
1999-10-06,13.4531
1999-10-07,13.2031
1999-10-08,13.0547
1999-10-11,13.25
1999-10-12,13.3203
1999-10-13,13.4063
1999-10-14,13.3594
1999-10-15,13.1641
1999-10-18,13.1875
1999-10-19,13.2266
1999-10-20,13.5
1999-10-21,13.5625
1999-10-22,13.7891
1999-10-25,13.5625
1999-10-26,13.25
1999-10-27,13.3594
1999-10-28,13.4219
1999-10-29,13.5156
1999-11-01,13.5078
1999-11-02,13.3828
1999-11-03,13.3125
1999-11-04,13.1016
1999-11-05,12.7813
1999-11-08,13.2656
1999-11-09,13.5469
1999-11-10,13.8438
1999-11-11,13.8438
1999-11-12,13.9375
1999-11-15,14.0156
1999-11-16,14.25
1999-11-17,14.5
1999-11-18,14.5
1999-11-19,14.1719
1999-11-22,13.9453
1999-11-23,13.6563
1999-11-24,13.8281
1999-11-26,13.625
1999-11-29,13.5156
1999-11-30,13.4922
1999-12-01,13.7578
1999-12-02,13.625
1999-12-03,13.5625
1999-12-06,13.5547
1999-12-07,13.2969
1999-12-08,13.4375
1999-12-09,13.5469
1999-12-10,13.1563
1999-12-13,13.2344
1999-12-14,13.2031
1999-12-15,13.4688
1999-12-16,13.6016
1999-12-17,13.5
1999-12-20,13.2031
1999-12-21,13.2422
1999-12-22,13.1719
1999-12-23,13.5469
1999-12-27,13.4531
1999-12-28,13.4688
1999-12-29,13.6094
1999-12-30,13.5
1999-12-31,13.5469
2000-01-03,13.2813
2000-01-04,13.0313
2000-01-05,13.375
2000-01-06,13.8906
2000-01-07,14.0391
2000-01-10,13.9219
2000-01-11,13.9375
2000-01-12,13.875
2000-01-13,14.1172
2000-01-14,14.0313
2000-01-18,14.2031
2000-01-19,14.1563
2000-01-20,14.1563
2000-01-21,14.5469
2000-01-24,14.0313
2000-01-25,14
2000-01-26,13.7813
2000-01-27,13.5
2000-01-28,13.3438
2000-01-31,13.6563
2000-02-01,13.625
2000-02-02,13.7109
2000-02-03,13.5469
2000-02-04,13.1563
2000-02-07,13.3047
2000-02-08,13.1875
2000-02-09,12.75
2000-02-10,13.0156
2000-02-11,12.8594
2000-02-14,13.0625
2000-02-15,13.6094
2000-02-16,13.6719
2000-02-17,13.6563
2000-02-18,13.2578
2000-02-22,13.1406
2000-02-23,12.7969
2000-02-24,12.6563
2000-02-25,12.4063
2000-02-28,12.7813
2000-02-29,13.0781
2000-03-01,13.4063
2000-03-02,13.6563
2000-03-03,13.4375
2000-03-06,13.3594
2000-03-07,14.2813
2000-03-08,14.0469
2000-03-09,14.0625
2000-03-10,13.875
2000-03-13,13.6719
2000-03-14,13.8438
2000-03-15,13.7813
2000-03-16,14.375
2000-03-17,13.8906
2000-03-20,13.6719
2000-03-21,14.1094
2000-03-22,14
2000-03-23,13.9844
2000-03-24,14.0156
2000-03-27,14.0625
2000-03-28,14
2000-03-29,14.7344
2000-03-30,14.7344
2000-03-31,14.6563
2000-04-03,14.9063
2000-04-04,14.7188
2000-04-05,14.2813
2000-04-06,14.6563
2000-04-07,14.4297
2000-04-10,14.2188
2000-04-11,14.4688
2000-04-12,14.5938
2000-04-13,14.5625
2000-04-14,14.25
2000-04-17,13.9063
2000-04-18,13.9766
2000-04-19,14.2813
2000-04-20,14.3047
2000-04-24,14.4609
2000-04-25,14.4844
2000-04-26,14.6719
2000-04-27,14.875
2000-04-28,14.4375
2000-05-01,14.6719
2000-05-02,14.8828
2000-05-03,14.5
2000-05-04,14.875
2000-05-05,15.0313
2000-05-08,15.2188
2000-05-09,15.2266
2000-05-10,15.2734
2000-05-11,15.75
2000-05-12,15.8047
2000-05-15,16.1328
2000-05-16,15.8203
2000-05-17,15.8984
2000-05-18,15.875
2000-05-19,15.9063
2000-05-22,15.7734
2000-05-23,15.7109
2000-05-24,15.7266
2000-05-25,15.4375
2000-05-26,15.4453
2000-05-30,15.6641
2000-05-31,16.1328
2000-06-01,15.9844
2000-06-02,15.4375
2000-06-05,15.2188
2000-06-06,15.8125
2000-06-07,15.6094
2000-06-08,15.6875
2000-06-09,15.5859
2000-06-12,15.9375
2000-06-13,15.9375
2000-06-14,15.9141
2000-06-15,15.6875
2000-06-16,15.875
2000-06-19,15.7422
2000-06-20,15.6563
2000-06-21,15.9375
2000-06-22,15.5156
2000-06-23,15.7109
2000-06-26,15.5859
2000-06-27,15.4766
2000-06-28,15.3438
2000-06-29,15.375
2000-06-30,15.1719
2000-07-03,15.2656
2000-07-05,14.6328
2000-07-06,14.7813
2000-07-07,14.8516
2000-07-10,14.9219
2000-07-11,15.4531
2000-07-12,15.25
2000-07-13,15.0156
2000-07-14,15
2000-07-17,14.8047
2000-07-18,14.9375
2000-07-19,14.8984
2000-07-20,14.75
2000-07-21,14.4688
2000-07-24,14.3203
2000-07-25,14.1875
2000-07-26,14.3047
2000-07-27,14.7969
2000-07-28,14.6875
2000-07-31,14.5938
2000-08-01,14.8672
2000-08-02,15.1484
2000-08-03,14.9375
2000-08-04,15
2000-08-07,15.1953
2000-08-08,15.2266
2000-08-09,15.5
2000-08-10,15.6406
2000-08-11,15.625
2000-08-14,15.8438
2000-08-15,15.7813
2000-08-16,16
2000-08-17,16.375
2000-08-18,16.1875
2000-08-21,16.25
2000-08-22,16.2031
2000-08-23,16.625
2000-08-24,16.2656
2000-08-25,16.3125
2000-08-28,16.375
2000-08-29,16.3906
2000-08-30,16.25
2000-08-31,16.1875
2000-09-01,16.3516
2000-09-05,16.3516
2000-09-06,16.7109
2000-09-07,16.6328
2000-09-08,16.4375
2000-09-11,16.9609
2000-09-12,16.9375
2000-09-13,16.6563
2000-09-14,16.6094
2000-09-15,16.9688
2000-09-18,17
2000-09-19,16.5469
2000-09-20,16.2188
2000-09-21,16.0938
2000-09-22,15.9922
2000-09-25,15.75
2000-09-26,16.125
2000-09-27,16.4297
2000-09-28,16.3672
2000-09-29,16.3828
2000-10-02,16.7188
2000-10-03,16.7109
2000-10-04,16.2188
2000-10-05,16.1953
2000-10-06,16.125
2000-10-09,16.375
2000-10-10,16.7422
2000-10-11,16.8984
2000-10-12,17.1563
2000-10-13,16.5
2000-10-16,16.3438
2000-10-17,16.3516
2000-10-18,16.1328
2000-10-19,16.2109
2000-10-20,16.5313
2000-10-23,16.2656
2000-10-24,15.9922
2000-10-25,15.6016
2000-10-26,15.6719
2000-10-27,15.5625
2000-10-30,15.8281
2000-10-31,15.9375
2000-11-01,16.4531
2000-11-02,15.875
2000-11-03,15.8125
2000-11-06,15.875
2000-11-07,16
2000-11-08,16.1563
2000-11-09,15.9844
2000-11-10,16.0313
2000-11-13,15.9063
2000-11-14,16
2000-11-15,16.3125
2000-11-16,16.375
2000-11-17,16.2422
2000-11-20,16.1641
2000-11-21,16.5313
2000-11-22,16.2656
2000-11-24,16.5
2000-11-27,16.3672
2000-11-28,16.3516
2000-11-29,15.6328
2000-11-30,15.1016
2000-12-01,15.4375
2000-12-04,15.7031
2000-12-05,15.375
2000-12-06,15.25
2000-12-07,15.5
2000-12-08,15.4922
2000-12-11,15.5391
2000-12-12,15.7188
2000-12-13,15.75
2000-12-14,15.2656
2000-12-15,15.3984
2000-12-18,15.875
2000-12-19,16.1484
2000-12-20,15.6719
2000-12-21,15.7891
2000-12-22,16
2000-12-26,16.6719
2000-12-27,16.6563
2000-12-28,16.9297
2000-12-29,16.5938
2001-01-02,16.6328
2001-01-03,16.125
2001-01-04,15.625
2001-01-05,15.9609
2001-01-08,15.9063
2001-01-09,15.5859
2001-01-10,15.6875
2001-01-11,15.8594
2001-01-12,15.7578
2001-01-16,15.75
2001-01-17,15.6719
2001-01-18,15.375
2001-01-19,15.3047
2001-01-22,15.4688
2001-01-23,15.7109
2001-01-24,15.6953
2001-01-25,16.1641
2001-01-26,15.8906
2001-01-29,15.76
2001-01-30,15.895
2001-01-31,16.065
2001-02-01,15.86
2001-02-02,16.125
2001-02-05,16.45
2001-02-06,16.555
2001-02-07,16.6
2001-02-08,16.69
2001-02-09,16.96
2001-02-12,16.735
2001-02-13,16.7
2001-02-14,16.58
2001-02-15,16.365
2001-02-16,16.51
2001-02-20,16.415
2001-02-21,16.305
2001-02-22,16.225
2001-02-23,16.02
2001-02-26,16.195
2001-02-27,16.095
2001-02-28,15.87
2001-03-01,16.05
2001-03-02,16.415
2001-03-05,16.505
2001-03-06,16.59
2001-03-07,16.945
2001-03-08,17.115
2001-03-09,17.035
2001-03-12,16.47
2001-03-13,16.275
2001-03-14,16.03
2001-03-15,16.04
2001-03-16,15.725
2001-03-19,15.925
2001-03-20,16.065
2001-03-21,15.605
2001-03-22,15.145
2001-03-23,15.265
2001-03-26,15.465
2001-03-27,15.55
2001-03-28,15.325
2001-03-29,15
2001-03-30,15.35
2001-04-02,15.065
2001-04-03,14.65
2001-04-04,14.91
2001-04-05,15.3
2001-04-06,15.32
2001-04-09,15.68
2001-04-10,15.95
2001-04-11,15.665
2001-04-12,15.83
2001-04-16,16.14
2001-04-17,16.225
2001-04-18,16.14
2001-04-19,15.86
2001-04-20,16.03
2001-04-23,16.455
2001-04-24,16.485
2001-04-25,16.72
2001-04-26,17.05
2001-04-27,16.935
2001-04-30,16.935
2001-05-01,16.825
2001-05-02,16.17
2001-05-03,16.09
2001-05-04,16.345
2001-05-07,16.39
2001-05-08,16.375
2001-05-09,16.665
2001-05-10,16.545
2001-05-11,16.385
2001-05-14,16.64
2001-05-15,16.79
2001-05-16,16.93
2001-05-17,16.985
2001-05-18,17.34
2001-05-21,17.3
2001-05-22,17.125
2001-05-23,16.865
2001-05-24,16.835
2001-05-25,16.69
2001-05-29,16.665
2001-05-30,16.6
2001-05-31,16.775
2001-06-01,16.7
2001-06-04,16.925
2001-06-05,16.975
2001-06-06,16.545
2001-06-07,16.35
2001-06-08,16.395
2001-06-11,16.44
2001-06-12,16.565
2001-06-13,16.485
2001-06-14,16.15
2001-06-15,16.195
2001-06-18,16.015
2001-06-19,16
2001-06-20,15.7
2001-06-21,15.465
2001-06-22,15.765
2001-06-25,15.58
2001-06-26,15.675
2001-06-27,15.3
2001-06-28,14.975
2001-06-29,15.175
2001-07-02,15.135
2001-07-03,15.115
2001-07-05,15.25
2001-07-06,15.195
2001-07-09,14.98
2001-07-10,15
2001-07-11,14.8
2001-07-12,14.78
2001-07-13,14.835
2001-07-16,14.59
2001-07-17,14.525
2001-07-18,14.37
2001-07-19,14.52
2001-07-20,14.83
2001-07-23,14.66
2001-07-24,14.135
2001-07-25,14.79
2001-07-26,15.09
2001-07-27,15.16
2001-07-30,15.175
2001-07-31,15
2001-08-01,14.945
2001-08-02,14.935
2001-08-03,14.71
2001-08-06,14.69
2001-08-07,14.69
2001-08-08,14.39
2001-08-09,14.475
2001-08-10,14.49
2001-08-13,14.56
2001-08-14,14.64
2001-08-15,14.86
2001-08-16,14.775
2001-08-17,14.665
2001-08-20,14.56
2001-08-21,14.55
2001-08-22,14.56
2001-08-23,14.69
2001-08-24,14.81
2001-08-27,14.79
2001-08-28,14.635
2001-08-29,14.575
2001-08-30,14.365
2001-08-31,14.365
2001-09-04,14.45
2001-09-05,14.5
2001-09-06,14.4
2001-09-07,14.39
2001-09-10,14.435
2001-09-17,14.14
2001-09-18,13.455
2001-09-19,12.97
2001-09-20,12.605
2001-09-21,12.54
2001-09-24,12.21
2001-09-25,12.075
2001-09-26,11.99
2001-09-27,12.465
2001-09-28,12.91
2001-10-01,12.73
2001-10-02,13.01
2001-10-03,13.19
2001-10-04,13.5
2001-10-05,13.6
2001-10-08,13.625
2001-10-09,13.65
2001-10-10,14.255
2001-10-11,14.25
2001-10-12,14.155
2001-10-15,13.895
2001-10-16,14.06
2001-10-17,13.99
2001-10-18,13.425
2001-10-19,13.475
2001-10-22,13.64
2001-10-23,13.59
2001-10-24,13.4
2001-10-25,13.74
2001-10-26,14.005
2001-10-29,13.875
2001-10-30,13.41
2001-10-31,13.43
2001-11-01,13.635
2001-11-02,13.265
2001-11-05,13.185
2001-11-06,13.105
2001-11-07,13.16
2001-11-08,13.415
2001-11-09,13.675
2001-11-12,13.64
2001-11-13,13.75
2001-11-14,13.08
2001-11-15,12.42
2001-11-16,12.65
2001-11-19,12.62
2001-11-20,13.085
2001-11-21,12.915
2001-11-23,13.035
2001-11-26,12.82
2001-11-27,12.83
2001-11-28,12.53
2001-11-29,12.745
2001-11-30,12.68
2001-12-03,12.85
2001-12-04,13.03
2001-12-05,13.3
2001-12-06,12.905
2001-12-07,12.99
2001-12-10,12.81
2001-12-11,12.6
2001-12-12,12.63
2001-12-13,12.425
2001-12-14,12.55
2001-12-17,12.52
2001-12-18,12.685
2001-12-19,12.975
2001-12-20,12.915
2001-12-21,12.95
2001-12-24,13.165
2001-12-26,13.395
2001-12-27,13.44
2001-12-28,13.5
2001-12-31,13.35
2002-01-02,13.25
2002-01-03,13.17
2002-01-04,13.23
2002-01-07,13.225
2002-01-08,13.11
2002-01-09,13.125
2002-01-10,13.025
2002-01-11,12.775
2002-01-14,12.62
2002-01-15,12.825
2002-01-16,12.56
2002-01-17,12.555
2002-01-18,12.45
2002-01-22,12.36
2002-01-23,12.71
2002-01-24,12.885
2002-01-25,13.025
2002-01-28,12.825
2002-01-29,12.475
2002-01-30,12.575
2002-01-31,12.875
2002-02-01,12.945
2002-02-04,12.6
2002-02-05,12.515
2002-02-06,12.6
2002-02-07,12.455
2002-02-08,12.595
2002-02-11,12.76
2002-02-12,12.7
2002-02-13,12.775
2002-02-14,12.88
2002-02-15,12.89
2002-02-19,12.775
2002-02-20,12.735
2002-02-21,12.885
2002-02-22,13.24
2002-02-25,13.43
2002-02-26,13.36
2002-02-27,13.35
2002-02-28,13.315
2002-03-01,13.505
2002-03-04,13.8
2002-03-05,13.805
2002-03-06,14.07
2002-03-07,14.175
2002-03-08,14.11
2002-03-11,14.26
2002-03-12,14.385
2002-03-13,14.29
2002-03-14,14.285
2002-03-15,14.34
2002-03-18,14.45
2002-03-19,14.625
2002-03-20,14.47
2002-03-21,14.55
2002-03-22,14.21
2002-03-25,14.08
2002-03-26,14.195
2002-03-27,14.525
2002-03-28,14.445
2002-04-01,14.545
2002-04-02,14.725
2002-04-03,14.405
2002-04-04,14.145
2002-04-05,13.985
2002-04-08,14.2
2002-04-09,13.995
2002-04-10,14.155
2002-04-11,14.01
2002-04-12,13.55
2002-04-15,13.815
2002-04-16,14.075
2002-04-17,14.25
2002-04-18,14.32
2002-04-19,14.385
2002-04-22,14.245
2002-04-23,14.21
2002-04-24,13.955
2002-04-25,14.055
2002-04-26,13.9
2002-04-29,13.81
2002-04-30,13.925
2002-05-01,14.01
2002-05-02,14.115
2002-05-03,14.165
2002-05-06,13.68
2002-05-07,13.615
2002-05-08,13.9
2002-05-09,13.775
2002-05-10,13.765
2002-05-13,14.03
2002-05-14,14.07
2002-05-15,13.835
2002-05-16,13.995
2002-05-17,13.88
2002-05-20,13.785
2002-05-21,13.795
2002-05-22,14.025
2002-05-23,14.145
2002-05-24,13.99
2002-05-28,13.88
2002-05-29,13.75
2002-05-30,13.485
2002-05-31,13.68
2002-06-03,13.25
2002-06-04,13.25
2002-06-05,13.2
2002-06-06,13.06
2002-06-07,13.195
2002-06-10,12.95
2002-06-11,12.755
2002-06-12,12.935
2002-06-13,12.92
2002-06-14,12.905
2002-06-17,13.24
2002-06-18,13.175
2002-06-19,13.045
2002-06-20,13.02
2002-06-21,12.86
2002-06-24,12.975
2002-06-25,12.92
2002-06-26,12.925
2002-06-27,12.99
2002-06-28,13.1
2002-07-01,12.975
2002-07-02,12.72
2002-07-03,12.8
2002-07-05,13.1
2002-07-08,12.94
2002-07-09,12.78
2002-07-10,12.235
2002-07-11,12
2002-07-12,11.785
2002-07-15,11.525
2002-07-16,11.35
2002-07-17,11.475
2002-07-18,11.4
2002-07-19,10.7
2002-07-22,10.045
2002-07-23,9.9
2002-07-24,10.555
2002-07-25,10.51
2002-07-26,10.65
2002-07-29,11.265
2002-07-30,11.09
2002-07-31,11.285
2002-08-01,10.62
2002-08-02,10.5
2002-08-05,10.11
2002-08-06,10.475
2002-08-07,10.625
2002-08-08,11.075
2002-08-09,11.275
2002-08-12,11.25
2002-08-13,11.08
2002-08-14,11.515
2002-08-15,11.84
2002-08-16,11.65
2002-08-19,11.745
2002-08-20,11.45
2002-08-21,11.475
2002-08-22,11.8
2002-08-23,11.61
2002-08-26,11.765
2002-08-27,11.76
2002-08-28,11.48
2002-08-29,11.38
2002-08-30,11.455
2002-09-03,11
2002-09-04,10.975
2002-09-05,10.995
2002-09-06,11.175
2002-09-09,11.16
2002-09-10,11.4
2002-09-11,11.34
2002-09-12,11.06
2002-09-13,11.18
2002-09-16,11.26
2002-09-17,10.895
2002-09-18,10.925
2002-09-19,10.615
2002-09-20,10.635
2002-09-23,10.575
2002-09-24,10.27
2002-09-25,10.55
2002-09-26,10.995
2002-09-27,10.79
2002-09-30,10.58
2002-10-01,10.915
2002-10-02,10.795
2002-10-03,10.865
2002-10-04,10.68
2002-10-07,10.545
2002-10-08,10.43
2002-10-09,10.225
2002-10-10,10.465
2002-10-11,10.64
2002-10-14,10.935
2002-10-15,11.265
2002-10-16,11.09
2002-10-17,11.325
2002-10-18,11.315
2002-10-21,11.37
2002-10-22,11.05
2002-10-23,11.23
2002-10-24,11.045
2002-10-25,10.875
2002-10-28,10.855
2002-10-29,10.54
2002-10-30,10.89
2002-10-31,10.775
2002-11-01,11.06
2002-11-04,10.875
2002-11-05,11.1
2002-11-06,11.2
2002-11-07,10.99
2002-11-08,10.925
2002-11-11,10.79
2002-11-12,10.755
2002-11-13,10.515
2002-11-14,10.855
2002-11-15,10.94
2002-11-18,10.95
2002-11-19,10.95
2002-11-20,11.165
2002-11-21,11.25
2002-11-22,11.01
2002-11-25,11.1
2002-11-26,10.89
2002-11-27,11.085
2002-11-29,11.22
2002-12-02,11.255
2002-12-03,11.365
2002-12-04,11.265
2002-12-05,11.34
2002-12-06,11.45
2002-12-09,11.25
2002-12-10,11.425
2002-12-11,11.365
2002-12-12,11.465
2002-12-13,11.435
2002-12-16,11.63
2002-12-17,11.51
2002-12-18,11.415
2002-12-19,11.3
2002-12-20,11.47
2002-12-23,11.52
2002-12-24,11.465
2002-12-26,11.335
2002-12-27,11.09
2002-12-30,11.145
2002-12-31,11.165
2003-01-02,11.4
2003-01-03,11.38
2003-01-06,11.475
2003-01-07,11.1
2003-01-08,10.995
2003-01-09,11.135
2003-01-10,11.045
2003-01-13,11.005
2003-01-14,11.05
2003-01-15,11.085
2003-01-16,11.195
2003-01-17,11.11
2003-01-21,10.85
2003-01-22,10.82
2003-01-23,10.85
2003-01-24,10.66
2003-01-27,10.325
2003-01-28,10.5
2003-01-29,10.84
2003-01-30,10.67
2003-01-31,10.885
2003-02-03,10.97
2003-02-04,11.045
2003-02-05,10.965
2003-02-06,10.92
2003-02-07,10.82
2003-02-10,10.96
2003-02-11,10.89
2003-02-12,10.7
2003-02-13,10.65
2003-02-14,10.735
2003-02-18,10.91
2003-02-19,10.9
2003-02-20,10.875
2003-02-21,11.115
2003-02-24,11.21
2003-02-25,11.15
2003-02-26,11.18
2003-02-27,11.115
2003-02-28,11.205
2003-03-03,11.245
2003-03-04,11.19
2003-03-05,11.29
2003-03-06,11.3
2003-03-07,11.3
2003-03-10,11.185
2003-03-11,11.075
2003-03-12,10.9
2003-03-13,10.945
2003-03-14,10.9
2003-03-17,11.04
2003-03-18,11.25
2003-03-19,11.265
2003-03-20,11.375
2003-03-21,11.19
2003-03-24,11.025
2003-03-25,11.125
2003-03-26,11.15
2003-03-27,11.24
2003-03-28,11.34
2003-03-31,11.16
2003-04-01,11.37
2003-04-02,11.345
2003-04-03,11.135
2003-04-04,11.195
2003-04-07,11.11
2003-04-08,10.975
2003-04-09,10.97
2003-04-10,11.12
2003-04-11,11.055
2003-04-14,11.11
2003-04-15,11.08
2003-04-16,10.93
2003-04-17,11.15
2003-04-21,11.145
2003-04-22,11.3
2003-04-23,11.3
2003-04-24,11.26
2003-04-25,11.12
2003-04-28,11.17
2003-04-29,11.015
2003-04-30,11.065
2003-05-01,11.12
2003-05-02,11.295
2003-05-05,11.365
2003-05-06,11.35
2003-05-07,11.425
2003-05-08,11.44
2003-05-09,11.515
2003-05-12,11.57
2003-05-13,11.7
2003-05-14,11.75
2003-05-15,11.755
2003-05-16,11.795
2003-05-19,11.675
2003-05-20,11.63
2003-05-21,11.975
2003-05-22,11.95
2003-05-23,12.06
2003-05-27,12.3
2003-05-28,12.155
2003-05-29,12.04
2003-05-30,12.24
2003-06-02,12.305
2003-06-03,12.395
2003-06-04,12.475
2003-06-05,12.41
2003-06-06,12.385
2003-06-09,12.365
2003-06-10,12.44
2003-06-11,12.8
2003-06-12,12.685
2003-06-13,12.475
2003-06-16,12.46
2003-06-17,12.34
2003-06-18,12.265
2003-06-19,12.33
2003-06-20,12.225
2003-06-23,12.19
2003-06-24,12.18
2003-06-25,12.2
2003-06-26,12.145
2003-06-27,12.1
2003-06-30,12.025
2003-07-01,12.015
2003-07-02,12
2003-07-03,11.98
2003-07-07,11.9
2003-07-08,11.88
2003-07-09,12
2003-07-10,11.82
2003-07-11,11.855
2003-07-14,11.75
2003-07-15,11.65
2003-07-16,11.54
2003-07-17,11.615
2003-07-18,11.88
2003-07-21,11.815
2003-07-22,11.785
2003-07-23,11.72
2003-07-24,11.61
2003-07-25,11.715
2003-07-28,11.665
2003-07-29,11.5
2003-07-30,11.515
2003-07-31,11.6
2003-08-01,11.57
2003-08-04,11.45
2003-08-05,11.4
2003-08-06,11.6
2003-08-07,11.89
2003-08-08,11.925
2003-08-11,11.98
2003-08-12,12.065
2003-08-13,12.055
2003-08-14,12.1
2003-08-15,12.14
2003-08-18,12.14
2003-08-19,12.085
2003-08-20,12.14
2003-08-21,12.255
2003-08-22,12.065
2003-08-25,12.065
2003-08-26,12.075
2003-08-27,12.125
2003-08-28,12.325
2003-08-29,12.34
2003-09-02,12.42
2003-09-03,12.425
2003-09-04,12.405
2003-09-05,12.35
2003-09-08,12.52
2003-09-09,12.385
2003-09-10,12.255
2003-09-11,12.23
2003-09-12,12.245
2003-09-15,12.165
2003-09-16,12.185
2003-09-17,12.025
2003-09-18,12.075
2003-09-19,12.125
2003-09-22,12.055
2003-09-23,12.125
2003-09-24,12.185
2003-09-25,12.075
2003-09-26,11.965
2003-09-29,12.025
2003-09-30,12.025
2003-10-01,12.2
2003-10-02,12.28
2003-10-03,12.35
2003-10-06,12.425
2003-10-07,12.485
2003-10-08,12.4
2003-10-09,12.36
2003-10-10,12.45
2003-10-13,12.5
2003-10-14,12.45
2003-10-15,12.27
2003-10-16,12.4
2003-10-17,12.315
2003-10-20,12.31
2003-10-21,12.35
2003-10-22,12.185
2003-10-23,12.165
2003-10-24,12.16
2003-10-27,12.11
2003-10-28,12.145
2003-10-29,12.12
2003-10-30,11.955
2003-10-31,12.14
2003-11-03,12.065
2003-11-04,12.025
2003-11-05,12.06
2003-11-06,12.075
2003-11-07,12.105
2003-11-10,12.085
2003-11-11,12.08
2003-11-12,12.15
2003-11-13,12.26
2003-11-14,12.285
2003-11-17,12.16
2003-11-18,12.075
2003-11-19,12.105
2003-11-20,12.075
2003-11-21,11.985
2003-11-24,12.05
2003-11-25,12.12
2003-11-26,12.235
2003-11-28,12.235
2003-12-01,12.36
2003-12-02,12.445
2003-12-03,12.375
2003-12-04,12.675
2003-12-05,12.765
2003-12-08,12.905
2003-12-09,12.915
2003-12-10,12.925
2003-12-11,12.99
2003-12-12,13.135
2003-12-15,12.97
2003-12-16,13.165
2003-12-17,13.29
2003-12-18,13.645
2003-12-19,13.56
2003-12-22,13.575
2003-12-23,13.48
2003-12-24,13.625
2003-12-26,13.68
2003-12-29,13.84
2003-12-30,13.87
2003-12-31,13.775
2004-01-02,13.77
2004-01-05,14.035
2004-01-06,14.02
2004-01-07,13.875
2004-01-08,13.915
2004-01-09,13.985
2004-01-12,14.025
2004-01-13,14.03
2004-01-14,13.995
2004-01-15,13.76
2004-01-16,13.89
2004-01-20,14.24
2004-01-21,14.325
2004-01-22,14.255
2004-01-23,14.38
2004-01-26,14.465
2004-01-27,14.435
2004-01-28,14.23
2004-01-29,14.22
2004-01-30,14.085
2004-02-02,14.165
2004-02-03,14.11
2004-02-04,14.01
2004-02-05,13.885
2004-02-06,13.98
2004-02-09,14.15
2004-02-10,14.34
2004-02-11,14.535
2004-02-12,14.58
2004-02-13,14.545
2004-02-17,14.67
2004-02-18,14.515
2004-02-19,14.5
2004-02-20,14.495
2004-02-23,14.61
2004-02-24,14.635
2004-02-25,14.705
2004-02-26,14.755
2004-02-27,14.825
2004-03-01,15.11
2004-03-02,14.98
2004-03-03,14.96
2004-03-04,14.915
2004-03-05,15.045
2004-03-08,15.11
2004-03-09,15.01
2004-03-10,14.75
2004-03-11,14.42
2004-03-12,14.63
2004-03-15,14.66
2004-03-16,14.655
2004-03-17,14.86
2004-03-18,15.01
2004-03-19,14.64
2004-03-22,14.5
2004-03-23,14.4
2004-03-24,14.095
2004-03-25,14.04
2004-03-26,14.2
2004-03-29,14.275
2004-03-30,14.535
2004-03-31,14.67
2004-04-01,14.5
2004-04-02,14.565
2004-04-05,14.64
2004-04-06,14.64
2004-04-07,14.64
2004-04-08,14.77
2004-04-12,15.05
2004-04-13,14.92
2004-04-14,14.95
2004-04-15,15.15
2004-04-16,15.27
2004-04-19,15.235
2004-04-20,14.925
2004-04-21,14.875
2004-04-22,15.17
2004-04-23,15.05
2004-04-26,15.135
2004-04-27,15.45
2004-04-28,15.23
2004-04-29,14.865
2004-04-30,14.92
2004-05-03,15.265
2004-05-04,15.275
2004-05-05,15.325
2004-05-06,15.25
2004-05-07,14.88
2004-05-10,14.45
2004-05-11,14.7
2004-05-12,14.79
2004-05-13,14.75
2004-05-14,14.925
2004-05-17,14.925
2004-05-18,14.705
2004-05-19,14.64
2004-05-20,14.625
2004-05-21,14.555
2004-05-24,14.885
2004-05-25,15.135
2004-05-26,15.01
2004-05-27,14.8
2004-05-28,14.875
2004-06-01,15.08
2004-06-02,15.05
2004-06-03,14.915
2004-06-04,14.84
2004-06-07,15.115
2004-06-08,15.05
2004-06-09,14.93
2004-06-10,15.12
2004-06-14,15.005
2004-06-15,15.22
2004-06-16,15.515
2004-06-17,15.63
2004-06-18,15.61
2004-06-21,15.575
2004-06-22,15.68
2004-06-23,15.945
2004-06-24,15.85
2004-06-25,15.76
2004-06-28,15.535
2004-06-29,15.62
2004-06-30,15.74
2004-07-01,15.76
2004-07-02,15.82
2004-07-06,15.86
2004-07-07,15.955
2004-07-08,15.875
2004-07-09,15.965
2004-07-12,15.875
2004-07-13,15.835
2004-07-14,16.025
2004-07-15,16.13
2004-07-16,16.325
2004-07-19,16.27
2004-07-20,16.22
2004-07-21,15.93
2004-07-22,15.98
2004-07-23,15.92
2004-07-26,15.78
2004-07-27,15.94
2004-07-28,16.05
2004-07-29,16.165
2004-07-30,16.225
2004-08-02,16.205
2004-08-03,16.4
2004-08-04,16.02
2004-08-05,15.78
2004-08-06,15.465
2004-08-09,15.715
2004-08-10,15.655
2004-08-11,15.575
2004-08-12,15.375
2004-08-13,15.565
2004-08-16,15.66
2004-08-17,15.3
2004-08-18,15.5
2004-08-19,15.55
2004-08-20,15.71
2004-08-23,15.515
2004-08-24,15.475
2004-08-25,15.575
2004-08-26,15.685
2004-08-27,15.785
2004-08-30,15.715
2004-08-31,15.975
2004-09-01,16.255
2004-09-02,16.385
2004-09-03,16.42
2004-09-07,16.4
2004-09-08,16.415
2004-09-09,16.65
2004-09-10,16.56
2004-09-13,16.675
2004-09-14,16.75
2004-09-15,16.695
2004-09-16,16.745
2004-09-17,16.96
2004-09-20,16.965
2004-09-21,17.385
2004-09-22,17.275
2004-09-23,17.115
2004-09-24,17.31
2004-09-27,17.3
2004-09-28,17.595
2004-09-29,17.36
2004-09-30,17.465
2004-10-01,17.715
2004-10-04,17.695
2004-10-05,17.885
2004-10-06,18.215
2004-10-07,18.075
2004-10-08,18.095
2004-10-11,17.94
2004-10-12,17.735
2004-10-13,17.365
2004-10-14,17.505
2004-10-15,17.58
2004-10-18,17.345
2004-10-19,17.295
2004-10-20,17.675
2004-10-21,17.775
2004-10-22,17.74
2004-10-25,17.755
2004-10-26,17.95
2004-10-27,17.64
2004-10-28,17.33
2004-10-29,17.57
2004-11-01,17.465
2004-11-02,17.205
2004-11-03,17.55
2004-11-04,17.76
2004-11-05,17.865
2004-11-08,17.57
2004-11-09,17.41
2004-11-10,17.615
2004-11-11,17.58
2004-11-12,17.95
2004-11-15,17.56
2004-11-16,17.56
2004-11-17,17.835
2004-11-18,17.975
2004-11-19,18.19
2004-11-22,18.48
2004-11-23,18.595
2004-11-24,18.75
2004-11-26,18.83
2004-11-29,18.73
2004-11-30,18.755
2004-12-01,18.305
2004-12-02,17.82
2004-12-03,17.995
2004-12-06,18.005
2004-12-07,17.63
2004-12-08,17.75
2004-12-09,17.9
2004-12-10,17.775
2004-12-13,18.09
2004-12-14,18.145
2004-12-15,18.28
2004-12-16,18.095
2004-12-17,18.025
2004-12-20,18.245
2004-12-21,18.4
2004-12-22,18.15
2004-12-23,18.255
2004-12-27,17.935
2004-12-28,18.06
2004-12-29,18.195
2004-12-30,18.115
2004-12-31,18.16
2005-01-03,17.49
2005-01-04,17.4
2005-01-05,17.325
2005-01-06,17.625
2005-01-07,17.485
2005-01-10,17.615
2005-01-11,17.64
2005-01-12,17.95
2005-01-13,18.07
2005-01-14,18.23
2005-01-18,18.41
2005-01-19,18.345
2005-01-20,18.16
2005-01-21,18.2
2005-01-24,18.36
2005-01-25,18.435
2005-01-26,18.615
2005-01-27,18.78
2005-01-28,18.555
2005-01-31,18.775
2005-02-01,19.095
2005-02-02,19.36
2005-02-03,19.455
2005-02-04,19.525
2005-02-07,19.395
2005-02-08,19.535
2005-02-09,19.5
2005-02-10,20.035
2005-02-11,20.21
2005-02-14,20.235
2005-02-15,20.28
2005-02-16,20.85
2005-02-17,20.57
2005-02-18,21.025
2005-02-22,20.875
2005-02-23,21.14
2005-02-24,21.555
2005-02-25,22.085
2005-02-28,21.925
2005-03-01,21.5
2005-03-02,21.815
2005-03-03,22.175
2005-03-04,22.46
2005-03-07,22.305
2005-03-08,22.28
2005-03-09,21.665
2005-03-10,21.225
2005-03-11,21.4
2005-03-14,21.555
2005-03-15,21.255
2005-03-16,21.325
2005-03-17,21.695
2005-03-18,21.89
2005-03-21,21.7
2005-03-22,21.44
2005-03-23,21.03
2005-03-24,21.015
2005-03-28,21.04
2005-03-29,20.7
2005-03-30,21.01
2005-03-31,21.435
2005-04-01,21.965
2005-04-04,21.775
2005-04-05,21.5
2005-04-06,21.84
2005-04-07,21.755
2005-04-08,21.36
2005-04-11,21.52
2005-04-12,21.18
2005-04-13,20.66
2005-04-14,20.65
2005-04-15,19.865
2005-04-18,20.225
2005-04-19,20.7
2005-04-20,20.275
2005-04-21,20.975
2005-04-22,21.02
2005-04-25,21.315
2005-04-26,20.965
2005-04-27,20.425
2005-04-28,20.015
2005-04-29,20.275
2005-05-02,20.64
2005-05-03,20.155
2005-05-04,20.39
2005-05-05,20.61
2005-05-06,20.55
2005-05-09,20.825
2005-05-10,20.475
2005-05-11,20.6
2005-05-12,19.7
2005-05-13,19.4
2005-05-16,19.315
2005-05-17,19.66
2005-05-18,19.62
2005-05-19,19.975
2005-05-20,19.825
2005-05-23,20.155
2005-05-24,20.24
2005-05-25,20.55
2005-05-26,20.655
2005-05-27,21
2005-05-31,20.84
2005-06-01,21.235
2005-06-02,21.195
2005-06-03,21.315
2005-06-06,21.38
2005-06-07,21.175
2005-06-08,21.235
2005-06-09,21.85
2005-06-10,21.825
2005-06-13,21.91
2005-06-14,22.045
2005-06-15,22.31
2005-06-16,22.625
2005-06-17,22.92
2005-06-20,22.945
2005-06-21,22.46
2005-06-22,22.59
2005-06-23,22.61
2005-06-24,22.47
2005-06-27,22.815
2005-06-28,22.39
2005-06-29,22.37
2005-06-30,22.225
2005-07-01,22.72
2005-07-05,23.4
2005-07-06,22.98
2005-07-07,23.275
2005-07-08,23.12
2005-07-11,23.29
2005-07-12,23.5
2005-07-13,23.365
2005-07-14,22.805
2005-07-15,22.685
2005-07-18,22.59
2005-07-19,23.075
2005-07-20,23.1
2005-07-21,22.875
2005-07-22,23.695
2005-07-25,23.915
2005-07-26,23.86
2005-07-27,23.98
2005-07-28,24.05
2005-07-29,23.8
2005-08-01,24.05
2005-08-02,24.45
2005-08-03,24.33
2005-08-04,24.38
2005-08-05,24.195
2005-08-08,24.545
2005-08-09,24.49
2005-08-10,24.89
2005-08-11,25.13
2005-08-12,25.085
2005-08-15,24.84
2005-08-16,24.295
2005-08-17,23.735
2005-08-18,23.685
2005-08-19,24.09
2005-08-22,24.15
2005-08-23,24.105
2005-08-24,24.335
2005-08-25,24.27
2005-08-26,23.995
2005-08-29,24.19
2005-08-30,24.64
2005-08-31,25.32
2005-09-01,25.98
2005-09-02,25.475
2005-09-06,25.655
2005-09-07,25.695
2005-09-08,25.73
2005-09-09,26.4
2005-09-12,25.86
2005-09-13,25.64
2005-09-14,25.96
2005-09-15,25.96
2005-09-16,26.14
2005-09-19,26.83
2005-09-20,26.575
2005-09-21,26.95
2005-09-22,26.75
2005-09-23,26.28
2005-09-26,26.76
2005-09-27,26.78
2005-09-28,27
2005-09-29,27.26
2005-09-30,26.835
2005-10-03,26.765
2005-10-04,25.8
2005-10-05,24.81
2005-10-06,24.22
2005-10-07,24.765
2005-10-10,24.39
2005-10-11,24.975
2005-10-12,24.495
2005-10-13,23.83
2005-10-14,24.17
2005-10-17,24.47
2005-10-18,23.335
2005-10-19,23.86
2005-10-20,22.775
2005-10-21,23.01
2005-10-24,23.83
2005-10-25,24.325
2005-10-26,24.18
2005-10-27,23.495
2005-10-28,24.135
2005-10-31,24.41
2005-11-01,24.56
2005-11-02,25.04
2005-11-03,25.515
2005-11-04,24.75
2005-11-07,24.32
2005-11-08,24.525
2005-11-09,24.3
2005-11-10,23.545
2005-11-11,23.735
2005-11-14,23.86
2005-11-15,23.9
2005-11-16,24.52
2005-11-17,24.51
2005-11-18,24.52
2005-11-21,25.13
2005-11-22,25.53
2005-11-23,25.435
2005-11-25,25.5
2005-11-28,24.64
2005-11-29,24.68
2005-11-30,24.775
2005-12-01,25.56
2005-12-02,25.585
2005-12-05,25.765
2005-12-06,25.875
2005-12-07,25.78
2005-12-08,26.235
2005-12-09,25.91
2005-12-12,26.245
2005-12-13,26.135
2005-12-14,26.45
2005-12-15,26.24
2005-12-16,25.535
2005-12-19,25.325
2005-12-20,25.67
2005-12-21,25.725
2005-12-22,25.695
2005-12-23,25.625
2005-12-27,24.87
2005-12-28,25.245
2005-12-29,25.05
2005-12-30,25.155
2006-01-03,26.35
2006-01-04,26.425
2006-01-05,26.09
2006-01-06,26.73
2006-01-09,26.7
2006-01-10,26.99
2006-01-11,27.105
2006-01-12,26.91
2006-01-13,27.23
2006-01-17,27.83
2006-01-18,27.6
2006-01-19,28.08
2006-01-20,28.205
2006-01-23,28.515
2006-01-24,28.345
2006-01-25,27.75
2006-01-26,27.84
2006-01-27,28.325
2006-01-30,28.975
2006-01-31,28.83
2006-02-01,28.145
2006-02-02,27.865
2006-02-03,27.61
2006-02-06,28.15
2006-02-07,26.975
2006-02-08,26.98
2006-02-09,26.365
2006-02-10,26.27
2006-02-13,26.165
2006-02-14,25.87
2006-02-15,25.73
2006-02-16,26.32
2006-02-17,26.505
2006-02-21,27.025
2006-02-22,26.52
2006-02-23,26.49
2006-02-24,26.815
2006-02-27,26.35
2006-02-28,26.17
2006-03-01,26.615
2006-03-02,27.06
2006-03-03,27.065
2006-03-06,26.125
2006-03-07,25.74
2006-03-08,25.74
2006-03-09,25.555
2006-03-10,25.695
2006-03-13,26.2
2006-03-14,26.685
2006-03-15,26.825
2006-03-16,27.25
2006-03-17,26.825
2006-03-20,26.23
2006-03-21,26.185
2006-03-22,26.36
2006-03-23,26.75
2006-03-24,26.93
2006-03-27,27.07
2006-03-28,27.28
2006-03-29,27.6
2006-03-30,27.585
2006-03-31,27.2
2006-04-03,27.35
2006-04-04,27.71
2006-04-05,28.165
2006-04-06,28.225
2006-04-07,27.675
2006-04-10,28.2
2006-04-11,28
2006-04-12,27.815
2006-04-13,27.905
2006-04-17,28.42
2006-04-18,29.115
2006-04-19,29.565
2006-04-20,29.26
2006-04-21,29.87
2006-04-24,29.415
2006-04-25,29.035
2006-04-26,28.575
2006-04-27,28.25
2006-04-28,28.57
2006-05-01,29.04
2006-05-02,29.685
2006-05-03,29.225
2006-05-04,29.09
2006-05-05,29.43
2006-05-08,29.3
2006-05-09,29.475
2006-05-10,29.75
2006-05-11,29.365
2006-05-12,28.37
2006-05-15,27.775
2006-05-16,27.875
2006-05-17,27.165
2006-05-18,26.835
2006-05-19,27.01
2006-05-22,26.855
2006-05-23,26.86
2006-05-24,26.53
2006-05-25,27.46
2006-05-26,27.55
2006-05-30,27.115
2006-05-31,27.775
2006-06-01,27.85
2006-06-02,28.265
2006-06-05,27.375
2006-06-06,27.35
2006-06-07,26.3
2006-06-08,26.67
2006-06-09,26.4
2006-06-12,25.86
2006-06-13,25.095
2006-06-14,25.74
2006-06-15,26.72
2006-06-16,26.55
2006-06-19,25.55
2006-06-20,25.43
2006-06-21,26
2006-06-22,26.11
2006-06-23,26.69
2006-06-26,26.985
2006-06-27,27.035
2006-06-28,27.5
2006-06-29,28.28
2006-06-30,28.375
2006-07-03,28.68
2006-07-05,28.81
2006-07-06,28.735
2006-07-07,28.345
2006-07-10,28.43
2006-07-11,28.95
2006-07-12,28.85
2006-07-13,28.575
2006-07-14,28.91
2006-07-17,27.975
2006-07-18,28.01
2006-07-19,28.3
2006-07-20,27.615
2006-07-21,27.24
2006-07-24,28.06
2006-07-25,28.55
2006-07-26,29.125
2006-07-27,28.875
2006-07-28,28.885
2006-07-31,29.325
2006-08-01,29.36
2006-08-02,29.42
2006-08-03,29.165
2006-08-04,28.92
2006-08-07,29.225
2006-08-08,29.055
2006-08-09,29.3
2006-08-10,29.06
2006-08-11,29.075
2006-08-14,28.475
2006-08-15,28.62
2006-08-16,28.5
2006-08-17,28.3
2006-08-18,28.74
2006-08-21,28.93
2006-08-22,29.125
2006-08-23,28.515
2006-08-24,28.885
2006-08-25,29.11
2006-08-28,28.69
2006-08-29,28.51
2006-08-30,28.03
2006-08-31,27.835
2006-09-01,28.25
2006-09-05,28.62
2006-09-06,27.65
2006-09-07,27.675
2006-09-08,26.975
2006-09-11,26.14
2006-09-12,25.975
2006-09-13,26.515
2006-09-14,25.925
2006-09-15,25.925
2006-09-18,26.55
2006-09-19,26.15
2006-09-20,25.45
2006-09-21,25.775
2006-09-22,25.665
2006-09-25,25.7
2006-09-26,26.265
2006-09-27,26.7
2006-09-28,26.615
2006-09-29,26.725
2006-10-02,26.42
2006-10-03,25.45
2006-10-04,25.825
2006-10-05,26.32
2006-10-06,26.345
2006-10-09,25.95
2006-10-10,26.435
2006-10-11,26.015
2006-10-12,26.625
2006-10-13,26.99
2006-10-16,27.625
2006-10-17,27.325
2006-10-18,27.15
2006-10-19,27.71
2006-10-20,27.35
2006-10-23,27.4
2006-10-24,27.9
2006-10-25,28.38
2006-10-26,28.315
2006-10-27,28.085
2006-10-30,27.58
2006-10-31,27.865
2006-11-01,27.58
2006-11-02,27.69
2006-11-03,28.3
2006-11-06,28.505
2006-11-07,28.285
2006-11-08,28.76
2006-11-09,29
2006-11-10,28.725
2006-11-13,28.675
2006-11-14,28.845
2006-11-15,29.115
2006-11-16,28.315
2006-11-17,28.55
2006-11-20,28.475
2006-11-21,29
2006-11-22,28.83
2006-11-24,28.77
2006-11-27,28.64
2006-11-28,29.1
2006-11-29,30.025
2006-11-30,30.255
2006-12-01,30.36
2006-12-04,30.315
2006-12-05,30.435
2006-12-06,30.35
2006-12-07,30.17
2006-12-08,30.135
2006-12-11,30.06
2006-12-12,30.13
2006-12-13,30.435
2006-12-14,30.875
2006-12-15,30.505
2006-12-18,29.625
2006-12-19,30.13
2006-12-20,29.72
2006-12-21,29.58
2006-12-22,29.295
2006-12-26,29.33
2006-12-27,29.675
2006-12-28,29.61
2006-12-29,29.315
2007-01-03,28.29
2007-01-04,27.775
2007-01-05,27.96
2007-01-08,27.96
2007-01-09,27.72
2007-01-10,27.185
2007-01-11,27.03
2007-01-12,27.72
2007-01-16,27.435
2007-01-17,27.74
2007-01-18,27.535
2007-01-19,28.29
2007-01-22,28.095
2007-01-23,28.825
2007-01-24,28.95
2007-01-25,28.355
2007-01-26,28.425
2007-01-29,28.285
2007-01-30,28.86
2007-01-31,29.045
2007-02-01,29.15
2007-02-02,29.315
2007-02-05,29.285
2007-02-06,29.195
2007-02-07,29.02
2007-02-08,29.315
2007-02-09,29.195
2007-02-12,28.79
2007-02-13,29.21
2007-02-14,29.215
2007-02-15,28.995
2007-02-16,29
2007-02-20,28.675
2007-02-21,28.99
2007-02-22,29.25
2007-02-23,29.325
2007-02-26,29.5
2007-02-27,28.325
2007-02-28,28.45
2007-03-01,28.36
2007-03-02,28.025
2007-03-05,27.7
2007-03-06,28.225
2007-03-07,28.575
2007-03-08,28.825
2007-03-09,28.7
2007-03-12,28.66
2007-03-13,28.275
2007-03-14,28.6
2007-03-15,28.595
2007-03-16,28.195
2007-03-19,28.645
2007-03-20,28.85
2007-03-21,29.37
2007-03-22,29.96
2007-03-23,30.11
2007-03-26,30.32
2007-03-27,30.375
2007-03-28,30.37
2007-03-29,30.56
2007-03-30,30.14
2007-04-02,30.435
2007-04-03,30.625
2007-04-04,30.675
2007-04-05,30.875
2007-04-09,30.76
2007-04-10,31.225
2007-04-11,31.035
2007-04-12,31.51
2007-04-13,31.525
2007-04-16,31.71
2007-04-17,31.53
2007-04-18,31.42
2007-04-19,30.98
2007-04-20,31.55
2007-04-23,31.585
2007-04-24,31.49
2007-04-25,32.08
2007-04-26,32.07
2007-04-27,32.065
2007-04-30,31.685
2007-05-01,31.825
2007-05-02,32.09
2007-05-03,32.35
2007-05-04,32.325
2007-05-07,32.41
2007-05-08,32.415
2007-05-09,32.4
2007-05-10,31.875
2007-05-11,32.605
2007-05-14,32.615
2007-05-15,32.725
2007-05-16,32.85
2007-05-17,33.375
2007-05-18,33.915
2007-05-21,34.2
2007-05-22,33.88
2007-05-23,33.95
2007-05-24,33.33
2007-05-25,33.85
2007-05-29,33.625
2007-05-30,34.33
2007-05-31,34.15
2007-06-01,34.46
2007-06-04,35
2007-06-05,34.875
2007-06-06,34.43
2007-06-07,33.82
2007-06-08,33.96
2007-06-11,34.22
2007-06-12,33.8
2007-06-13,34.475
2007-06-14,35.055
2007-06-15,35.49
2007-06-18,35.53
2007-06-19,35.57
2007-06-20,34.535
2007-06-21,35.225
2007-06-22,34.875
2007-06-25,34.595
2007-06-26,33.85
2007-06-27,34.375
2007-06-28,34.375
2007-06-29,34.495
2007-07-02,35.105
2007-07-03,35.375
2007-07-05,35.29
2007-07-06,35.77
2007-07-09,36.105
2007-07-10,35.785
2007-07-11,35.92
2007-07-12,36.615
2007-07-13,36.975
2007-07-16,36.5
2007-07-17,36.025
2007-07-18,36.84
2007-07-19,37.175
2007-07-20,37
2007-07-23,37.15
2007-07-24,36.075
2007-07-25,36.65
2007-07-26,35.27
2007-07-27,34.25
2007-07-30,34.84
2007-07-31,34.5
2007-08-01,34.41
2007-08-02,34.175
2007-08-03,33.06
2007-08-06,33.25
2007-08-07,34.03
2007-08-08,34.675
2007-08-09,33.68
2007-08-10,33.86
2007-08-13,33.9
2007-08-14,33.675
2007-08-15,32.75
2007-08-16,32.55
2007-08-17,33.75
2007-08-20,33.675
2007-08-21,33.2
2007-08-22,33.6
2007-08-23,33.9
2007-08-24,34.625
2007-08-27,34.2
2007-08-28,33.375
2007-08-29,34.48
2007-08-30,34.46
2007-08-31,34.915
2007-09-04,35.55
2007-09-05,35.36
2007-09-06,35.9
2007-09-07,35.13
2007-09-10,35.075
2007-09-11,35.675
2007-09-12,35.925
2007-09-13,36.15
2007-09-14,36.25
2007-09-17,36.325
2007-09-18,37.425
2007-09-19,37.75
2007-09-20,37.725
2007-09-21,37.85
2007-09-24,37.78
2007-09-25,37.16
2007-09-26,37.265
2007-09-27,37.75
2007-09-28,37.4
2007-10-01,38.05
2007-10-02,37.455
2007-10-03,37.235
2007-10-04,37.375
2007-10-05,37.555
2007-10-08,37.175
2007-10-09,37.925
2007-10-10,38.415
2007-10-11,38.225
2007-10-12,38.585
2007-10-15,38.9
2007-10-16,39
2007-10-17,38.75
2007-10-18,39.05
2007-10-19,37.2
2007-10-22,36.775
2007-10-23,37.3
2007-10-24,37.545
2007-10-25,37.9
2007-10-26,38.475
2007-10-29,38.66
2007-10-30,37.345
2007-10-31,38.35
2007-11-01,37.225
2007-11-02,37.925
2007-11-05,37.62
2007-11-06,38.875
2007-11-07,37.275
2007-11-08,37.925
2007-11-09,37.225
2007-11-12,35.425
2007-11-13,36.675
2007-11-14,36.62
2007-11-15,35.4
2007-11-16,36.33
2007-11-19,35.725
2007-11-20,36.875
2007-11-21,36.075
2007-11-23,37.025
2007-11-26,35.745
2007-11-27,35.35
2007-11-28,36.225
2007-11-29,36.625
2007-11-30,36.735
2007-12-03,36.875
2007-12-04,36.5
2007-12-05,37.305
2007-12-06,38.325
2007-12-07,38.09
2007-12-10,38.475
2007-12-11,37.525
2007-12-12,38.75
2007-12-13,38.845
2007-12-14,38.225
2007-12-17,37.54
2007-12-18,37.9
2007-12-19,38.265
2007-12-20,38.75
2007-12-21,39.65
2007-12-24,39.83
2007-12-26,40.275
2007-12-27,39.85
2007-12-28,40.185
2007-12-31,39.675
2008-01-02,39.75
2008-01-03,40.22
2008-01-04,38.75
2008-01-07,38.6
2008-01-08,37.925
2008-01-09,38.425
2008-01-10,38.265
2008-01-11,37.8
2008-01-14,38.55
2008-01-15,36.955
2008-01-16,35.725
2008-01-17,34.375
2008-01-18,34.45
2008-01-22,33.475
2008-01-23,33.785
2008-01-24,34.975
2008-01-25,34.35
2008-01-28,35.13
2008-01-29,35.525
2008-01-30,35.08
2008-01-31,34.8
2008-02-01,35.675
2008-02-04,35.7
2008-02-05,34.225
2008-02-06,33.755
2008-02-07,34.42
2008-02-08,34.925
2008-02-11,35.825
2008-02-12,35.805
2008-02-13,36.675
2008-02-14,36.36
2008-02-15,36.425
2008-02-19,37.625
2008-02-20,38.075
2008-02-21,37.03
2008-02-22,37.45
2008-02-25,38.52
2008-02-26,39.175
2008-02-27,38.665
2008-02-28,39.33
2008-02-29,38.025
2008-03-03,38.5
2008-03-04,37.75
2008-03-05,38.7
2008-03-06,37.925
2008-03-07,36.88
2008-03-10,36.425
2008-03-11,38.3
2008-03-12,37.45
2008-03-13,38.075
2008-03-14,37.38
2008-03-17,36.075
2008-03-18,37.65
2008-03-19,35.35
2008-03-20,35.405
2008-03-24,36.025
2008-03-25,36.385
2008-03-26,37.175
2008-03-27,36.8
2008-03-28,36.7
2008-03-31,37.03
2008-04-01,37.725
2008-04-02,38.25
2008-04-03,38.34
2008-04-04,38.655
2008-04-07,38.86
2008-04-08,39.3
2008-04-09,39.375
2008-04-10,39.3
2008-04-11,38.75
2008-04-14,39.64
2008-04-15,39.85
2008-04-16,41.2
2008-04-17,41.165
2008-04-18,41.795
2008-04-21,42.27
2008-04-22,42.29
2008-04-23,41.96
2008-04-24,40.86
2008-04-25,41.44
2008-04-28,41.51
2008-04-29,40.575
2008-04-30,40.875
2008-05-01,39.98
2008-05-02,40.735
2008-05-05,41.325
2008-05-06,42.42
2008-05-07,41.63
2008-05-08,42.465
2008-05-09,42.385
2008-05-12,42.15
2008-05-13,42.84
2008-05-14,42.35
2008-05-15,42.91
2008-05-16,44.475
2008-05-19,44.75
2008-05-20,45.195
2008-05-21,44.525
2008-05-22,43.875
2008-05-23,43.13
2008-05-27,42.85
2008-05-28,43.755
2008-05-29,42.56
2008-05-30,43
2008-06-02,43.255
2008-06-03,42.325
2008-06-04,41.695
2008-06-05,43.87
2008-06-06,43.01
2008-06-09,44.275
2008-06-10,43.185
2008-06-11,43.45
2008-06-12,42.79
2008-06-13,43.3
2008-06-16,43.455
2008-06-17,44.175
2008-06-18,44.345
2008-06-19,43.28
2008-06-20,42.875
2008-06-23,44.57
2008-06-24,43.725
2008-06-25,43.56
2008-06-26,43.245
2008-06-27,43.625
2008-06-30,44.24
2008-07-01,44.425
2008-07-02,43.085
2008-07-03,42.45
2008-07-07,41.385
2008-07-08,40.7
2008-07-09,39.925
2008-07-10,41.15
2008-07-11,40.9
2008-07-14,41.17
2008-07-15,39.435
2008-07-16,38.42
2008-07-17,37.79
2008-07-18,38.45
2008-07-21,39.6
2008-07-22,38.285
2008-07-23,36.895
2008-07-24,36.805
2008-07-25,36.905
2008-07-28,37.05
2008-07-29,36.61
2008-07-30,38.79
2008-07-31,37.2
2008-08-01,37.195
2008-08-04,35.445
2008-08-05,35.71
2008-08-06,36.525
2008-08-07,36.1
2008-08-08,35.49
2008-08-11,35.475
2008-08-12,35.495
2008-08-13,36.75
2008-08-14,36.075
2008-08-15,35.4
2008-08-18,34.95
2008-08-19,36.205
2008-08-20,37.25
2008-08-21,38.185
2008-08-22,37.31
2008-08-25,36.825
2008-08-26,37.575
2008-08-27,38.17
2008-08-28,37.5
2008-08-29,37.325
2008-09-02,35.275
2008-09-03,35.14
2008-09-04,34.35
2008-09-05,34.21
2008-09-08,33.975
2008-09-09,31.625
2008-09-10,32.87
2008-09-11,33.34
2008-09-12,34.465
2008-09-15,31.825
2008-09-16,33.17
2008-09-17,32.475
2008-09-18,33.445
2008-09-19,35.625
2008-09-22,35
2008-09-23,33.845
2008-09-24,33.945
2008-09-25,34.775
2008-09-26,33.85
2008-09-29,29.825
2008-09-30,31.65
2008-10-01,31.13
2008-10-02,29.355
2008-10-03,29.005
2008-10-06,27.445
2008-10-07,25.94
2008-10-08,26.43
2008-10-09,22.625
2008-10-10,21.7
2008-10-13,25.275
2008-10-14,25.305
2008-10-15,21.65
2008-10-16,22.475
2008-10-17,22.97
2008-10-20,25.645
2008-10-21,24.48
2008-10-22,22.1
2008-10-23,23.275
2008-10-24,21.825
2008-10-27,20.43
2008-10-28,23.545
2008-10-29,24.065
2008-10-30,25.175
2008-10-31,25.7
2008-11-03,24.905
2008-11-04,26.51
2008-11-05,25.325
2008-11-06,23.8
2008-11-07,24.925
2008-11-10,25.01
2008-11-11,24.29
2008-11-12,22.3
2008-11-13,24.92
2008-11-14,23.885
2008-11-17,23.39
2008-11-18,24.045
2008-11-19,22.8
2008-11-20,19.98
2008-11-21,22.21
2008-11-24,23.815
2008-11-25,24.195
2008-11-26,25.55
2008-11-28,25.14
2008-12-01,22.465
2008-12-02,23.225
2008-12-03,23.24
2008-12-04,21.63
2008-12-05,22.08
2008-12-08,23.06
2008-12-09,23.29
2008-12-10,24.495
2008-12-11,24.38
2008-12-12,24.14
2008-12-15,24
2008-12-16,24.745
2008-12-17,24.585
2008-12-18,23.155
2008-12-19,23
2008-12-22,22.315
2008-12-23,22.365
2008-12-24,22.28
2008-12-26,22.58
2008-12-29,23.075
2008-12-30,23.635
2008-12-31,23.885
2009-01-02,25.075
2009-01-05,25.665
2009-01-06,25.945
2009-01-07,24.845
2009-01-08,25.165
2009-01-09,24.32
2009-01-12,23.36
2009-01-13,23.945
2009-01-14,22.8
2009-01-15,23.085
2009-01-16,23.27
2009-01-20,22.03
2009-01-21,23.51
2009-01-22,22.865
2009-01-23,23.53
2009-01-26,23.965
2009-01-27,24.005
2009-01-28,24.66
2009-01-29,23.79
2009-01-30,23.46
2009-02-02,23.085
2009-02-03,23.485
2009-02-04,23.705
2009-02-05,24.285
2009-02-06,24.735
2009-02-09,24.825
2009-02-10,23.67
2009-02-11,23.4
2009-02-12,23.44
2009-02-13,23.495
2009-02-17,21.87
2009-02-18,21.745
2009-02-19,21.75
2009-02-20,21.19
2009-02-23,20.2
2009-02-24,21.15
2009-02-25,21.025
2009-02-26,21.075
2009-02-27,20.565
2009-03-02,19.06
2009-03-03,19.155
2009-03-04,20.07
2009-03-05,19.185
2009-03-06,19.395
2009-03-09,19.43
2009-03-10,20.415
2009-03-11,20.33
2009-03-12,20.94
2009-03-13,20.75
2009-03-16,21.015
2009-03-17,21.74
2009-03-18,21.96
2009-03-19,22.49
2009-03-20,21.5
2009-03-23,23.27
2009-03-24,22.83
2009-03-25,22.72
2009-03-26,22.915
2009-03-27,22.235
2009-03-30,21.41
2009-03-31,21.23
2009-04-01,21.68
2009-04-02,22.57
2009-04-03,23.01
2009-04-06,22.545
2009-04-07,21.87
2009-04-08,22.15
2009-04-09,22.8
2009-04-13,22.55
2009-04-14,22.49
2009-04-15,22.52
2009-04-16,22.625
2009-04-17,22.89
2009-04-20,21.78
2009-04-21,22.21
2009-04-22,21.975
2009-04-23,22.385
2009-04-24,23.035
2009-04-27,22.6
2009-04-28,22.65
2009-04-29,23.275
2009-04-30,22.89
2009-05-01,23.63
2009-05-04,24.575
2009-05-05,24.245
2009-05-06,25.185
2009-05-07,24.86
2009-05-08,25.92
2009-05-11,25.13
2009-05-12,25.29
2009-05-13,24.455
2009-05-14,24.525
2009-05-15,24
2009-05-18,24.83
2009-05-19,24.95
2009-05-20,25.035
2009-05-21,24.295
2009-05-22,24.305
2009-05-26,24.82
2009-05-27,24.55
2009-05-28,25.365
2009-05-29,25.84
2009-06-01,26.79
2009-06-02,26.72
2009-06-03,25.69
2009-06-04,26.27
2009-06-05,26.055
2009-06-08,25.995
2009-06-09,26.25
2009-06-10,26.485
2009-06-11,27.015
2009-06-12,26.755
2009-06-15,26.045
2009-06-16,25.49
2009-06-17,25.075
2009-06-18,24.98
2009-06-19,24.605
2009-06-22,23.375
2009-06-23,23.515
2009-06-24,23.61
2009-06-25,24.105
2009-06-26,23.945
2009-06-29,24.17
2009-06-30,24.025
2009-07-01,24.045
2009-07-02,23.08
2009-07-06,22.845
2009-07-07,22.26
2009-07-08,22.265
2009-07-09,22.495
2009-07-10,22.335
2009-07-13,22.675
2009-07-14,22.98
2009-07-15,23.795
2009-07-16,24.085
2009-07-17,24.225
2009-07-20,24.64
2009-07-21,24.855
2009-07-22,24.63
2009-07-23,25.33
2009-07-24,25.595
2009-07-27,25.68
2009-07-28,25.305
2009-07-29,24.72
2009-07-30,25.065
2009-07-31,25.31
2009-08-03,25.96
2009-08-04,25.915
2009-08-05,25.655
2009-08-06,25.445
2009-08-07,25.415
2009-08-10,25.525
2009-08-11,25.155
2009-08-12,25.425
2009-08-13,25.735
2009-08-14,25.355
2009-08-17,24.535
2009-08-18,24.78
2009-08-19,25.24
2009-08-20,25.455
2009-08-21,26.175
2009-08-24,26.51
2009-08-25,26.105
2009-08-26,26.225
2009-08-27,26.145
2009-08-28,26.09
2009-08-31,25.585
2009-09-01,25.14
2009-09-02,24.955
2009-09-03,25.13
2009-09-04,25.48
2009-09-08,26.18
2009-09-09,26.24
2009-09-10,26.695
2009-09-11,26.8
2009-09-14,27
2009-09-15,27.27
2009-09-16,27.945
2009-09-17,27.81
2009-09-18,27.59
2009-09-21,27.355
2009-09-22,27.785
2009-09-23,27.205
2009-09-24,26.815
2009-09-25,26.78
2009-09-28,27.21
2009-09-29,27.135
2009-09-30,26.96
2009-10-01,26.12
2009-10-02,25.985
2009-10-05,26.56
2009-10-06,27.19
2009-10-07,27.4
2009-10-08,28.105
2009-10-09,28.08
2009-10-12,28.46
2009-10-13,28.505
2009-10-14,28.98
2009-10-15,29.585
2009-10-16,29.495
2009-10-19,29.88
2009-10-20,29.69
2009-10-21,29.61
2009-10-22,29.725
2009-10-23,29.15
2009-10-26,28.67
2009-10-27,28.925
2009-10-28,27.97
2009-10-29,28.715
2009-10-30,27.625
2009-11-02,27.8
2009-11-03,28.16
2009-11-04,28.135
2009-11-05,28.615
2009-11-06,28.54
2009-11-09,29.085
2009-11-10,29.105
2009-11-11,29.095
2009-11-12,28.455
2009-11-13,28.635
2009-11-16,29.385
2009-11-17,29.335
2009-11-18,29.22
2009-11-19,28.565
2009-11-20,28.3
2009-11-23,28.665
2009-11-24,28.83
2009-11-25,29.055
2009-11-27,28.51
2009-11-30,28.41
2009-12-01,28.785
2009-12-02,28.615
2009-12-03,28.155
2009-12-04,27.95
2009-12-07,27.885
2009-12-08,27.41
2009-12-09,27.41
2009-12-10,27.75
2009-12-11,27.765
2009-12-14,28.05
2009-12-15,28.14
2009-12-16,28.32
2009-12-17,28.08
2009-12-18,28.075
2009-12-21,28.41
2009-12-22,28.545
2009-12-23,28.77
2009-12-24,28.905
2009-12-28,28.955
2009-12-29,28.765
2009-12-30,28.735
2009-12-31,28.505
2010-01-04,29.405
2010-01-05,29.645
2010-01-06,30
2010-01-07,29.955
2010-01-08,30.15
2010-01-11,30.11
2010-01-12,29.675
2010-01-13,29.785
2010-01-14,29.87
2010-01-15,29.63
2010-01-19,29.9
2010-01-20,29.435
2010-01-21,28.835
2010-01-22,28.15
2010-01-25,28.335
2010-01-26,28.155
2010-01-27,28.045
2010-01-28,27.75
2010-01-29,27.25
2010-02-01,28.15
2010-02-02,28.52
2010-02-03,28.275
2010-02-04,27.115
2010-02-05,27.12
2010-02-08,26.87
2010-02-09,27.435
2010-02-10,27.32
2010-02-11,27.785
2010-02-12,27.795
2010-02-16,28.45
2010-02-17,28.41
2010-02-18,28.57
2010-02-19,28.68
2010-02-22,28.285
2010-02-23,27.815
2010-02-24,27.99
2010-02-25,28.005
2010-02-26,28.07
2010-03-01,28.33
2010-03-02,28.565
2010-03-03,28.69
2010-03-04,28.54
2010-03-05,29.075
2010-03-08,29.03
2010-03-09,29.03
2010-03-10,29.285
2010-03-11,29.235
2010-03-12,29.25
2010-03-15,28.95
2010-03-16,29.21
2010-03-17,29.53
2010-03-18,29.09
2010-03-19,28.64
2010-03-22,28.565
2010-03-23,28.675
2010-03-24,28.51
2010-03-25,28.03
2010-03-26,28.04
2010-03-29,28.585
2010-03-30,28.63
2010-03-31,28.76
2010-04-01,29.27
2010-04-05,29.79
2010-04-06,29.79
2010-04-07,29.495
2010-04-08,29.6
2010-04-09,29.915
2010-04-12,29.985
2010-04-13,29.88
2010-04-14,30.165
2010-04-15,30.16
2010-04-16,29.65
2010-04-19,29.69
2010-04-20,30.27
2010-04-21,30.24
2010-04-22,30.315
2010-04-23,31.045
2010-04-26,30.94
2010-04-27,29.99
2010-04-28,30.295
2010-04-29,30.33
2010-04-30,29.955
2010-05-03,30.295
2010-05-04,29.485
2010-05-05,29.02
2010-05-06,28.03
2010-05-07,27.495
2010-05-10,28.67
2010-05-11,28.48
2010-05-12,28.875
2010-05-13,28.69
2010-05-14,28.12
2010-05-17,27.83
2010-05-18,27.615
2010-05-19,27.3
2010-05-20,26.08
2010-05-21,26.535
2010-05-24,25.93
2010-05-25,25.99
2010-05-26,25.935
2010-05-27,27.035
2010-05-28,26.525
2010-06-01,25.265
2010-06-02,26.36
2010-06-03,26.715
2010-06-04,25.775
2010-06-07,25.55
2010-06-08,25.975
2010-06-09,25.705
2010-06-10,26.995
2010-06-11,27.16
2010-06-14,27.02
2010-06-15,27.81
2010-06-16,27.79
2010-06-17,27.76
2010-06-18,27.805
2010-06-21,27.745
2010-06-22,26.935
2010-06-23,26.73
2010-06-24,26.17
2010-06-25,26.245
2010-06-28,25.89
2010-06-29,25.035
2010-06-30,24.84
2010-07-01,24.75
2010-07-02,24.69
2010-07-06,24.93
2010-07-07,25.81
2010-07-08,26.175
2010-07-09,26.31
2010-07-12,26.24
2010-07-13,26.555
2010-07-14,26.525
2010-07-15,26.495
2010-07-16,25.865
2010-07-19,26.03
2010-07-20,26.625
2010-07-21,26.19
2010-07-22,26.77
2010-07-23,26.89
2010-07-26,27.125
2010-07-27,26.995
2010-07-28,26.935
2010-07-29,26.975
2010-07-30,26.92
2010-08-02,27.86
2010-08-03,27.85
2010-08-04,28.065
2010-08-05,28.155
2010-08-06,27.82
2010-08-09,27.935
2010-08-10,27.705
2010-08-11,26.88
2010-08-12,26.72
2010-08-13,26.675
2010-08-16,26.67
2010-08-17,27.115
2010-08-18,26.855
2010-08-19,26.42
2010-08-20,26.095
2010-08-23,26.105
2010-08-24,25.7
2010-08-25,25.62
2010-08-26,25.39
2010-08-27,26.05
2010-08-30,25.67
2010-08-31,25.6
2010-09-01,26.555
2010-09-02,26.775
2010-09-03,27.1
2010-09-07,26.695
2010-09-08,26.925
2010-09-09,26.98
2010-09-10,27.26
2010-09-13,27.48
2010-09-14,27.385
2010-09-15,27.33
2010-09-16,27.205
2010-09-17,26.945
2010-09-20,27.4
2010-09-21,27.42
2010-09-22,27.22
2010-09-23,27.05
2010-09-24,27.635
2010-09-27,27.53
2010-09-28,27.725
2010-09-29,28.02
2010-09-30,28.03
2010-10-01,28.405
2010-10-04,28.05
2010-10-05,28.71
2010-10-06,28.965
2010-10-07,28.82
2010-10-08,29.18
2010-10-11,29.26
2010-10-12,29.215
2010-10-13,29.57
2010-10-14,29.525
2010-10-15,29.605
2010-10-18,29.685
2010-10-19,29.095
2010-10-20,29.47
2010-10-21,29.455
2010-10-22,29.65
2010-10-25,29.73
2010-10-26,29.79
2010-10-27,29.665
2010-10-28,29.6
2010-10-29,29.62
2010-11-01,29.655
2010-11-02,29.98
2010-11-03,30.045
2010-11-04,31
2010-11-05,31.155
2010-11-08,31.25
2010-11-09,31.19
2010-11-10,31.59
2010-11-11,31.94
2010-11-12,31.47
2010-11-15,31.31
2010-11-16,30.725
2010-11-17,30.85
2010-11-18,31.53
2010-11-19,31.795
2010-11-22,31.695
2010-11-23,31.075
2010-11-24,31.635
2010-11-26,31.255
2010-11-29,31.465
2010-11-30,31.355
2010-12-01,32.285
2010-12-02,32.765
2010-12-03,32.91
2010-12-06,33.02
2010-12-07,32.895
2010-12-08,32.74
2010-12-09,32.815
2010-12-10,32.95
2010-12-13,33.23
2010-12-14,33.075
2010-12-15,32.895
2010-12-16,33.08
2010-12-17,32.945
2010-12-20,33.16
2010-12-21,33.495
2010-12-22,33.61
2010-12-23,33.705
2010-12-27,33.585
2010-12-28,33.71
2010-12-29,34.045
2010-12-30,34.075
2010-12-31,34.125
2011-01-03,34.38
2011-01-04,34.085
2011-01-05,34.22
2011-01-06,33.895
2011-01-07,34.14
2011-01-10,34.005
2011-01-11,34.57
2011-01-12,35.045
2011-01-13,34.945
2011-01-14,35.325
2011-01-18,35.545
2011-01-19,35.115
2011-01-20,34.865
2011-01-21,35.05
2011-01-24,35.18
2011-01-25,35.08
2011-01-26,35.92
2011-01-27,35.71
2011-01-28,35.555
2011-01-31,36.575
2011-02-01,37.17
2011-02-02,37.14
2011-02-03,37.16
2011-02-04,37.065
2011-02-07,37.28
2011-02-08,37.155
2011-02-09,36.685
2011-02-10,37.06
2011-02-11,37.055
2011-02-14,37.87
2011-02-15,37.475
2011-02-16,37.975
2011-02-17,38.35
2011-02-18,38.51
2011-02-22,38.135
2011-02-23,38.91
2011-02-24,38.36
2011-02-25,38.97
2011-02-28,39.27
2011-03-01,38.535
2011-03-02,38.755
2011-03-03,39.42
2011-03-04,39.17
2011-03-07,38.895
2011-03-08,38.575
2011-03-09,38.31
2011-03-10,36.915
2011-03-11,37.555
2011-03-14,37.76
2011-03-15,37.475
2011-03-16,36.875
2011-03-17,38
2011-03-18,37.695
2011-03-21,38.84
2011-03-22,38.755
2011-03-23,38.855
2011-03-24,38.995
2011-03-25,39.345
2011-03-28,39.25
2011-03-29,39.73
2011-03-30,40.005
2011-03-31,39.875
2011-04-01,39.995
2011-04-04,40.02
2011-04-05,40.14
2011-04-06,39.72
2011-04-07,39.72
2011-04-08,39.86
2011-04-11,39.075
2011-04-12,37.865
2011-04-13,38.02
2011-04-14,38.28
2011-04-15,38.595
2011-04-18,38.02
2011-04-19,38.405
2011-04-20,39.31
2011-04-21,39.49
2011-04-25,39.285
2011-04-26,39.675
2011-04-27,39.655
2011-04-28,39.65
2011-04-29,40.24
2011-05-02,39.705
2011-05-03,38.71
2011-05-04,38.025
2011-05-05,37.235
2011-05-06,37.4
2011-05-09,38.055
2011-05-10,38.235
2011-05-11,37.13
2011-05-12,37.075
2011-05-13,36.895
2011-05-16,36.615
2011-05-17,36.615
2011-05-18,37.355
2011-05-19,37.36
2011-05-20,37.315
2011-05-23,36.735
2011-05-24,37.255
2011-05-25,37.885
2011-05-26,38.075
2011-05-27,38.17
2011-05-31,38.555
2011-06-01,37.635
2011-06-02,37.62
2011-06-03,37.63
2011-06-06,36.78
2011-06-07,36.78
2011-06-08,36.89
2011-06-09,37.39
2011-06-10,36.665
2011-06-13,36.085
2011-06-14,36.855
2011-06-15,36.01
2011-06-16,36.065
2011-06-17,35.84
2011-06-20,35.94
2011-06-21,36.655
2011-06-22,36.55
2011-06-23,36.15
2011-06-24,35.465
2011-06-27,35.655
2011-06-28,36.695
2011-06-29,37.125
2011-06-30,37.675
2011-07-01,38.03
2011-07-05,38.265
2011-07-06,38.195
2011-07-07,38.77
2011-07-08,38.445
2011-07-11,37.535
2011-07-12,37.395
2011-07-13,37.675
2011-07-14,37.425
2011-07-15,38.43
2011-07-18,38.3
2011-07-19,39
2011-07-20,38.9
2011-07-21,39.665
2011-07-22,39.865
2011-07-25,39.705
2011-07-26,39.515
2011-07-27,38.77
2011-07-28,38.61
2011-07-29,38.225
2011-08-01,38.17
2011-08-02,37.105
2011-08-03,36.895
2011-08-04,34.365
2011-08-05,34.035
2011-08-08,31.14
2011-08-09,32.725
2011-08-10,31.595
2011-08-11,33.235
2011-08-12,33.48
2011-08-15,34.61
2011-08-16,34.035
2011-08-17,34.17
2011-08-18,32.19
2011-08-19,31.62
2011-08-22,31.365
2011-08-23,32.78
2011-08-24,32.975
2011-08-25,32.28
2011-08-26,32.905
2011-08-29,33.865
2011-08-30,34.065
2011-08-31,34.32
2011-09-01,34.06
2011-09-02,33.11
2011-09-06,32.75
2011-09-07,33.95
2011-09-08,33.555
2011-09-09,32.445
2011-09-12,32.6
2011-09-13,32.69
2011-09-14,33.095
2011-09-15,33.75
2011-09-16,33.545
2011-09-19,33.015
2011-09-20,32.81
2011-09-21,31.445
2011-09-22,29.67
2011-09-23,29.35
2011-09-26,30.42
2011-09-27,30.865
2011-09-28,29.855
2011-09-29,30.14
2011-09-30,29.255
2011-10-03,28.26
2011-10-04,29.185
2011-10-05,30.26
2011-10-06,30.83
2011-10-07,30.45
2011-10-10,31.83
2011-10-11,31.895
2011-10-12,32.065
2011-10-13,32.02
2011-10-14,33.3
2011-10-17,32.695
2011-10-18,33.745
2011-10-19,33.395
2011-10-20,33.655
2011-10-21,34.275
2011-10-24,34.725
2011-10-25,34
2011-10-26,34.735
2011-10-27,36.275
2011-10-28,36.52
2011-10-31,34.855
2011-11-01,33.73
2011-11-02,34.745
2011-11-03,35.66
2011-11-04,35.63
2011-11-07,35.825
2011-11-08,36.41
2011-11-09,34.8
2011-11-10,35.405
2011-11-11,36.13
2011-11-14,35.655
2011-11-15,35.615
2011-11-16,35.08
2011-11-17,34.28
2011-11-18,34.075
2011-11-21,33.465
2011-11-22,33.15
2011-11-23,32.145
2011-11-25,31.915
2011-11-28,33.11
2011-11-29,33.585
2011-11-30,35.435
2011-12-01,35.24
2011-12-02,35.21
2011-12-05,35.645
2011-12-06,35.64
2011-12-07,35.3
2011-12-08,34.315
2011-12-09,35.095
2011-12-12,34.275
2011-12-13,33.955
2011-12-14,33
2011-12-15,32.86
2011-12-16,33.07
2011-12-19,32.49
2011-12-20,33.825
2011-12-21,34.2
2011-12-22,34.6
2011-12-23,34.8
2011-12-27,34.89
2011-12-28,34.225
2011-12-29,34.58
2011-12-30,34.565
2012-01-03,35.525
2012-01-04,35.6
2012-01-05,35.43
2012-01-06,35.22
2012-01-09,35.39
2012-01-10,35.705
2012-01-11,35.225
2012-01-12,34.895
2012-01-13,34.72
2012-01-17,34.965
2012-01-18,35.54
2012-01-19,35.685
2012-01-20,35.69
2012-01-23,35.975
2012-01-24,35.87
2012-01-25,36.31
2012-01-26,35.815
2012-01-27,35.74
2012-01-30,35.57
2012-01-31,35.345
2012-02-01,35.485
2012-02-02,35.755
2012-02-03,36.385
2012-02-06,36.82
2012-02-07,37.01
2012-02-08,36.885
2012-02-09,36.89
2012-02-10,36.52
2012-02-13,36.81
2012-02-14,36.875
2012-02-15,36.815
2012-02-16,37.295
2012-02-17,37.435
2012-02-21,37.69
2012-02-22,37.775
2012-02-23,37.965
2012-02-24,38.115
2012-02-27,37.995
2012-02-28,37.87
2012-02-29,37.44
2012-03-01,37.8
2012-03-02,37.37
2012-03-05,37.13
2012-03-06,36.525
2012-03-07,36.83
2012-03-08,37.13
2012-03-09,37.095
2012-03-12,36.89
2012-03-13,37.335
2012-03-14,36.975
2012-03-15,37.035
2012-03-16,37.4
2012-03-19,37.57
2012-03-20,37.005
2012-03-21,36.565
2012-03-22,35.74
2012-03-23,36.13
2012-03-26,36.4
2012-03-27,36.035
2012-03-28,35.585
2012-03-29,35.585
2012-03-30,35.875
2012-04-02,36.225
2012-04-03,35.91
2012-04-04,35.45
2012-04-05,35.25
2012-04-09,34.805
2012-04-10,34.12
2012-04-11,34.13
2012-04-12,34.875
2012-04-13,34.35
2012-04-16,34.12
2012-04-17,34.675
2012-04-18,34.605
2012-04-19,34.56
2012-04-20,34.48
2012-04-23,34.445
2012-04-24,34.7
2012-04-25,35.045
2012-04-26,35.415
2012-04-27,35.4
2012-04-30,35.62
2012-05-01,36.13
2012-05-02,35.54
2012-05-03,34.95
2012-05-04,34.15
2012-05-07,34.05
2012-05-08,33.94
2012-05-09,33.775
2012-05-10,33.92
2012-05-11,33.67
2012-05-14,33.11
2012-05-15,32.56
2012-05-16,32.375
2012-05-17,32.17
2012-05-18,31.97
2012-05-21,32.705
2012-05-22,32.625
2012-05-23,32.745
2012-05-24,32.72
2012-05-25,32.565
2012-05-29,33.11
2012-05-30,32.095
2012-05-31,31.815
2012-06-01,31.02
2012-06-04,30.995
2012-06-05,31.26
2012-06-06,32.225
2012-06-07,32.245
2012-06-08,32.25
2012-06-11,31.81
2012-06-12,32.26
2012-06-13,31.85
2012-06-14,32.35
2012-06-15,32.81
2012-06-18,32.515
2012-06-19,32.985
2012-06-20,32.855
2012-06-21,31.51
2012-06-22,31.72
2012-06-25,31.01
2012-06-26,31.345
2012-06-27,31.995
2012-06-28,32.215
2012-06-29,33.185
2012-07-02,33.2
2012-07-03,33.995
2012-07-05,33.55
2012-07-06,33.145
2012-07-09,32.995
2012-07-10,32.48
2012-07-11,32.92
2012-07-12,32.81
2012-07-13,33.385
2012-07-16,33.495
2012-07-17,33.915
2012-07-18,34.21
2012-07-19,34.315
2012-07-20,34.395
2012-07-23,34.065
2012-07-24,33.52
2012-07-25,33.545
2012-07-26,34.5
2012-07-27,35.11
2012-07-30,35.21
2012-07-31,34.825
2012-08-01,34.995
2012-08-02,34.41
2012-08-03,35.22
2012-08-06,35.315
2012-08-07,35.845
2012-08-08,35.875
2012-08-09,36.12
2012-08-10,36.185
2012-08-13,36.05
2012-08-14,35.985
2012-08-15,35.98
2012-08-16,36.3
2012-08-17,36.285
2012-08-20,36.16
2012-08-21,36.045
2012-08-22,36.18
2012-08-23,35.78
2012-08-24,35.99
2012-08-27,36.005
2012-08-28,36.03
2012-08-29,35.79
2012-08-30,35.41
2012-08-31,35.765
2012-09-04,35.49
2012-09-05,35.355
2012-09-06,36.1
2012-09-07,36.725
2012-09-10,36.565
2012-09-11,36.955
2012-09-12,37.18
2012-09-13,37.785
2012-09-14,38.285
2012-09-17,37.995
2012-09-18,37.725
2012-09-19,37.36
2012-09-20,37.465
2012-09-21,37.34
2012-09-24,37.15
2012-09-25,36.745
2012-09-26,36.395
2012-09-27,36.89
2012-09-28,36.715
2012-10-01,36.9
2012-10-02,36.965
2012-10-03,36.51
2012-10-04,36.875
2012-10-05,36.79
2012-10-08,36.85
2012-10-09,36.9
2012-10-10,36.21
2012-10-11,36.48
2012-10-12,36.28
2012-10-15,36.465
2012-10-16,37.045
2012-10-17,37.51
2012-10-18,37.505
2012-10-19,36.915
2012-10-22,36.73
2012-10-23,35.875
2012-10-24,35.6
2012-10-25,35.935
2012-10-26,35.98
2012-10-31,35.97
2012-11-01,36.125
2012-11-02,35.53
2012-11-05,35.8
2012-11-06,36.375
2012-11-07,35.425
2012-11-08,34.785
2012-11-09,34.775
2012-11-12,34.845
2012-11-13,34.7
2012-11-14,34.28
2012-11-15,34.325
2012-11-16,34.46
2012-11-19,35.255
2012-11-20,35.115
2012-11-21,35.305
2012-11-23,35.805
2012-11-26,35.455
2012-11-27,35.16
2012-11-28,35.48
2012-11-29,35.56
2012-11-30,35.53
2012-12-03,35.335
2012-12-04,35.205
2012-12-05,35.45
2012-12-06,35.565
2012-12-07,35.78
2012-12-10,35.74
2012-12-11,35.95
2012-12-12,36.08
2012-12-13,35.745
2012-12-14,35.61
2012-12-17,35.935
2012-12-18,36.595
2012-12-19,36.345
2012-12-20,36.59
2012-12-21,36.035
2012-12-24,35.76
2012-12-26,35.6
2012-12-27,35.535
2012-12-28,34.915
2012-12-31,35.71
2013-01-02,36.5
2013-01-03,36.49
2013-01-04,36.895
2013-01-07,36.61
2013-01-08,36.49
2013-01-09,36.43
2013-01-10,36.76
2013-01-11,36.805
2013-01-14,36.81
2013-01-15,36.975
2013-01-16,37.14
2013-01-17,37.375
2013-01-18,37.745
2013-01-22,38.105
2013-01-23,37.975
2013-01-24,38.085
2013-01-25,38.445
2013-01-28,38.38
2013-01-29,39
2013-01-30,38.805
2013-01-31,38.675
2013-02-01,39.035
2013-02-04,38.665
2013-02-05,39
2013-02-06,39.025
2013-02-07,38.925
2013-02-08,39.29
2013-02-11,39.095
2013-02-12,39.2
2013-02-13,39.34
2013-02-14,39.68
2013-02-15,39.225
2013-02-19,39.68
2013-02-20,38.85
2013-02-21,38.58
2013-02-22,38.985
2013-02-25,37.965
2013-02-26,38.34
2013-02-27,38.925
2013-02-28,38.845
2013-03-01,38.895
2013-03-04,38.81
2013-03-05,39.06
2013-03-06,39.105
2013-03-07,39.305
2013-03-08,39.495
2013-03-11,39.515
2013-03-12,39.56
2013-03-13,39.47
2013-03-14,40.01
2013-03-15,39.8
2013-03-18,39.48
2013-03-19,39.045
2013-03-20,39.265
2013-03-21,39.065
2013-03-22,39.375
2013-03-25,39.225
2013-03-26,39.64
2013-03-27,39.77
2013-03-28,39.655
2013-04-01,39.575
2013-04-02,39.35
2013-04-03,38.615
2013-04-04,38.565
2013-04-05,38.65
2013-04-08,38.91
2013-04-09,39.24
2013-04-10,39.45
2013-04-11,39.62
2013-04-12,39
2013-04-15,37.41
2013-04-16,37.87
2013-04-17,37.04
2013-04-18,37.355
2013-04-19,37.28
2013-04-22,37.68
2013-04-23,38.115
2013-04-24,38.625
2013-04-25,38.655
2013-04-26,38.59
2013-04-29,38.98
2013-04-30,39.135
2013-05-01,38.525
2013-05-02,39.03
2013-05-03,39.735
2013-05-06,40.005
2013-05-07,40.315
2013-05-08,40.38
2013-05-09,40.345
2013-05-10,40.135
2013-05-13,40.13
2013-05-14,40.7
2013-05-15,40.585
2013-05-16,40.385
2013-05-17,41.06
2013-05-20,41.64
2013-05-21,41.555
2013-05-22,41.075
2013-05-23,41.095
2013-05-24,40.855
2013-05-28,41.285
2013-05-29,41.195
2013-05-30,41.1
2013-05-31,40.25
2013-06-03,40.64
2013-06-04,40.32
2013-06-05,39.85
2013-06-06,40.15
2013-06-07,40.655
2013-06-10,40.54
2013-06-11,39.925
2013-06-12,39.68
2013-06-13,40.345
2013-06-14,39.955
2013-06-17,40.53
2013-06-18,40.76
2013-06-19,40.385
2013-06-20,39.205
2013-06-21,39.085
2013-06-24,38.505
2013-06-25,39
2013-06-26,39.24
2013-06-27,39.315
2013-06-28,39.15
2013-07-01,39.43
2013-07-02,39.515
2013-07-03,39.49
2013-07-05,39.98
2013-07-08,40.24
2013-07-09,40.65
2013-07-10,40.4
2013-07-11,40.725
2013-07-12,40.955
2013-07-15,40.92
2013-07-16,40.67
2013-07-17,40.85
2013-07-18,41.285
2013-07-19,41.86
2013-07-22,41.725
2013-07-23,41.795
2013-07-24,41.33
2013-07-25,41.605
2013-07-26,41.5
2013-07-29,41.155
2013-07-30,41.075
2013-07-31,41.21
2013-08-01,41.88
2013-08-02,41.695
2013-08-05,41.595
2013-08-06,41.34
2013-08-07,41.195
2013-08-08,41.42
2013-08-09,41.295
2013-08-12,41.12
2013-08-13,41.195
2013-08-14,41.005
2013-08-15,40.78
2013-08-16,40.615
2013-08-19,39.97
2013-08-20,40.215
2013-08-21,39.995
2013-08-22,40.59
2013-08-23,40.88
2013-08-26,40.81
2013-08-27,40.555
2013-08-28,41.23
2013-08-29,40.8
2013-08-30,40.785
2013-09-03,41.085
2013-09-04,41.305
2013-09-05,41.445
2013-09-06,41.44
2013-09-09,41.905
2013-09-10,41.92
2013-09-11,42.24
2013-09-12,41.99
2013-09-13,41.975
2013-09-16,41.965
2013-09-17,42.155
2013-09-18,42.665
2013-09-19,42.56
2013-09-20,42.02
2013-09-23,41.815
2013-09-24,41.855
2013-09-25,41.845
2013-09-26,41.92
2013-09-27,41.775
2013-09-30,41.455
2013-10-01,41.72
2013-10-02,41.815
2013-10-03,41.45
2013-10-04,41.87
2013-10-07,41.525
2013-10-08,41.08
2013-10-09,40.935
2013-10-10,41.695
2013-10-11,42.145
2013-10-14,42.43
2013-10-15,42.275
2013-10-16,42.91
2013-10-17,43
2013-10-18,43.47
2013-10-21,43.275
2013-10-22,43.515
2013-10-23,42.835
2013-10-24,43.04
2013-10-25,43.3
2013-10-28,43.335
2013-10-29,43.64
2013-10-30,43.345
2013-10-31,43.195
2013-11-01,43.04
2013-11-04,43.575
2013-11-05,43.18
2013-11-06,43.31
2013-11-07,42.64
2013-11-08,43.275
2013-11-11,43.355
2013-11-12,42.955
2013-11-13,43.33
2013-11-14,43.59
2013-11-15,43.83
2013-11-18,43.495
2013-11-19,43.57
2013-11-20,43.465
2013-11-21,43.88
2013-11-22,44.115
2013-11-25,43.715
2013-11-26,43.605
2013-11-27,43.31
2013-11-29,43.22
2013-12-02,43.25
2013-12-03,43.355
2013-12-04,43.215
2013-12-05,43.07
2013-12-06,43.205
2013-12-09,43.265
2013-12-10,43.135
2013-12-11,42.525
2013-12-12,42.705
2013-12-13,42.565
2013-12-16,42.935
2013-12-17,42.69
2013-12-18,43.335
2013-12-19,43.46
2013-12-20,43.335
2013-12-23,43.38
2013-12-24,43.62
2013-12-26,43.93
2013-12-27,44.145
2013-12-30,43.83
2013-12-31,44.255
2014-01-02,43.625
2014-01-03,43.465
2014-01-06,43.525
2014-01-07,43.855
2014-01-08,43.55
2014-01-09,43.415
2014-01-10,43.45
2014-01-13,42.585
2014-01-14,43.14
2014-01-15,43.015
2014-01-16,43.075
2014-01-17,43.005
2014-01-21,43.36
2014-01-22,43.56
2014-01-23,43.065
2014-01-24,42.165
2014-01-27,42.015
2014-01-28,42.335
2014-01-29,42.1
2014-01-30,42.235
2014-01-31,41.69
2014-02-03,40.945
2014-02-04,41.365
2014-02-05,40.96
2014-02-06,41.57
2014-02-07,42.02
2014-02-10,41.815
2014-02-11,42.36
2014-02-12,42.26
2014-02-13,42.46
2014-02-14,43.015
2014-02-18,43.21
2014-02-19,43.265
2014-02-20,43.55
2014-02-21,43.205
2014-02-24,43.855
2014-02-25,43.835
2014-02-26,43.56
2014-02-27,43.605
2014-02-28,43.825
2014-03-03,43.545
2014-03-04,44.02
2014-03-05,43.61
2014-03-06,43.925
2014-03-07,44.01
2014-03-10,44.08
2014-03-11,43.58
2014-03-12,43.585
2014-03-13,43.15
2014-03-14,43.19
2014-03-17,43.42
2014-03-18,43.785
2014-03-19,43.455
2014-03-20,43.625
2014-03-21,43.53
2014-03-24,43.44
2014-03-25,43.83
2014-03-26,43.625
2014-03-27,43.98
2014-03-28,44.53
2014-03-31,44.53
2014-04-01,44.795
2014-04-02,44.955
2014-04-03,45.245
2014-04-04,45.08
2014-04-07,44.325
2014-04-08,44.77
2014-04-09,44.975
2014-04-10,44.35
2014-04-11,44.225
2014-04-14,44.83
2014-04-15,45.43
2014-04-16,45.975
2014-04-17,46.395
2014-04-21,46.71
2014-04-22,46.635
2014-04-23,46.88
2014-04-24,46.895
2014-04-25,46.615
2014-04-28,46.695
2014-04-29,46.91
2014-04-30,46.87
2014-05-01,46.765
2014-05-02,46.86
2014-05-05,47.08
2014-05-06,47.15
2014-05-07,47.56
2014-05-08,46.88
2014-05-09,46.835
2014-05-12,47.165
2014-05-13,47.34
2014-05-14,47.36
2014-05-15,46.82
2014-05-16,46.7
2014-05-19,46.845
2014-05-20,46.71
2014-05-21,47.215
2014-05-22,47.17
2014-05-23,47.075
2014-05-27,47.205
2014-05-28,47.285
2014-05-29,47.69
2014-05-30,47.655
2014-06-02,47.595
2014-06-03,47.76
2014-06-04,47.735
2014-06-05,48.01
2014-06-06,48.405
2014-06-09,48.48
2014-06-10,48.4
2014-06-11,48.585
2014-06-12,48.745
2014-06-13,49.21
2014-06-16,49.505
2014-06-17,49.47
2014-06-18,49.845
2014-06-19,50.2
2014-06-20,50.465
2014-06-23,50.645
2014-06-24,49.58
2014-06-25,49.955
2014-06-26,50.01
2014-06-27,50.01
2014-06-30,50.05
2014-07-01,50.08
2014-07-02,50.005
2014-07-03,50.195
2014-07-07,49.81
2014-07-08,49.73
2014-07-09,50.06
2014-07-10,49.58
2014-07-11,49.2
2014-07-14,49.625
2014-07-15,49.41
2014-07-16,50.16
2014-07-17,49.35
2014-07-18,49.495
2014-07-21,49.57
2014-07-22,49.925
2014-07-23,50.245
2014-07-24,50.29
2014-07-25,49.92
2014-07-28,49.8
2014-07-29,49.675
2014-07-30,49.38
2014-07-31,48.315
2014-08-01,47.925
2014-08-04,48.73
2014-08-05,47.665
2014-08-06,47.805
2014-08-07,47.505
2014-08-08,48.3
2014-08-11,48.305
2014-08-12,47.95
2014-08-13,48.105
2014-08-14,47.83
2014-08-15,48.185
2014-08-18,48.315
2014-08-19,48.685
2014-08-20,48.79
2014-08-21,48.83
2014-08-22,48.505
2014-08-25,48.935
2014-08-26,49.185
2014-08-27,49.085
2014-08-28,49.095
2014-08-29,49.37
2014-09-02,48.745
2014-09-03,48.875
2014-09-04,48.215
2014-09-05,48.54
2014-09-08,47.785
2014-09-09,47.575
2014-09-10,47.46
2014-09-11,47.49
2014-09-12,46.78
2014-09-15,47.11
2014-09-16,47.68
2014-09-17,47.42
2014-09-18,47.175
2014-09-19,46.895
2014-09-22,46.205
2014-09-23,46.07
2014-09-24,46.11
2014-09-25,45.405
2014-09-26,45.99
2014-09-29,45.885
2014-09-30,45.31
2014-10-01,44.385
2014-10-02,44.155
2014-10-03,44.085
2014-10-06,44.135
2014-10-07,43.56
2014-10-08,43.985
2014-10-09,42.37
2014-10-10,41.775
2014-10-13,40.485
2014-10-14,39.975
2014-10-15,40.28
2014-10-16,41
2014-10-17,41.35
2014-10-20,41.71
2014-10-21,42.98
2014-10-22,42.165
2014-10-23,42.95
2014-10-24,42.8
2014-10-27,41.9
2014-10-28,42.855
2014-10-29,42.995
2014-10-30,42.84
2014-10-31,43.71
2014-11-03,43.02
2014-11-04,42.135
2014-11-05,42.875
2014-11-06,43.415
2014-11-07,43.895
2014-11-10,43.5
2014-11-11,43.63
2014-11-12,43.245
2014-11-13,42.67
2014-11-14,43.105
2014-11-17,42.88
2014-11-18,42.915
2014-11-19,43.14
2014-11-20,43.68
2014-11-21,44.25
2014-11-24,43.91
2014-11-25,43.195
2014-11-26,42.65
2014-11-28,39.91
2014-12-01,40.05
2014-12-02,40.485
2014-12-03,40.98
2014-12-04,40.625
2014-12-05,40.14
2014-12-08,38.515
2014-12-09,38.935
2014-12-10,37.735
2014-12-11,37.71
2014-12-12,37.01
2014-12-15,36.68
2014-12-16,37.005
2014-12-17,38.54
2014-12-18,39.28
2014-12-19,40.285
2014-12-22,39.875
2014-12-23,40.36
2014-12-24,40.065
2014-12-26,40.055
2014-12-29,40.2
2014-12-30,39.88
2014-12-31,39.58
2015-01-02,39.765
2015-01-05,38.12
2015-01-06,37.56
2015-01-07,37.64
2015-01-08,38.485
2015-01-09,38.18
2015-01-12,37.08
2015-01-13,36.785
2015-01-14,36.9
2015-01-15,36.43
2015-01-16,37.615
2015-01-20,37.66
2015-01-21,38.425
2015-01-22,38.605
2015-01-23,38.33
2015-01-26,38.88
2015-01-27,38.855
2015-01-28,37.325
2015-01-29,37.45
2015-01-30,37.775
2015-02-02,38.93
2015-02-03,39.995
2015-02-04,39.335
2015-02-05,39.9
2015-02-06,39.91
2015-02-09,39.95
2015-02-10,39.93
2015-02-11,39.65
2015-02-12,40.17
2015-02-13,41.02
2015-02-17,41.145
2015-02-18,40.655
2015-02-19,40.465
2015-02-20,40.27
2015-02-23,40.105
2015-02-24,40.215
2015-02-25,40.435
2015-02-26,39.685
2015-02-27,39.51
2015-03-02,39.235
2015-03-03,39.38
2015-03-04,39.325
2015-03-05,39.09
2015-03-06,38.39
2015-03-09,38.115
2015-03-10,37.585
2015-03-11,37.695
2015-03-12,37.455
2015-03-13,37.315
2015-03-16,37.82
2015-03-17,37.675
2015-03-18,38.77
2015-03-19,38.155
2015-03-20,38.455
2015-03-23,38.32
2015-03-24,38.065
2015-03-25,38.56
2015-03-26,38.515
2015-03-27,38.2
2015-03-30,39.02
2015-03-31,38.79
2015-04-01,38.78
2015-04-02,38.86
2015-04-06,39.56
2015-04-07,39.585
2015-04-08,39.265
2015-04-09,39.895
2015-04-10,40.07
2015-04-13,39.67
2015-04-14,40.385
2015-04-15,41.35
2015-04-16,41.255
2015-04-17,40.955
2015-04-20,41.11
2015-04-21,40.675
2015-04-22,40.945
2015-04-23,41.225
2015-04-24,40.99
2015-04-27,40.945
2015-04-28,41.15
2015-04-29,41.47
2015-04-30,41.34
2015-05-01,41.435
2015-05-04,41.33
2015-05-05,40.82
2015-05-06,40.66
2015-05-07,40.22
2015-05-08,40.88
2015-05-11,40.11
2015-05-12,40.295
2015-05-13,40.19
2015-05-14,40.175
2015-05-15,40.335
2015-05-18,40.37
2015-05-19,39.795
2015-05-20,39.87
2015-05-21,40.245
2015-05-22,40.1
2015-05-26,39.465
2015-05-27,39.395
2015-05-28,39.24
2015-05-29,39.195
2015-06-01,39.095
2015-06-02,39.365
2015-06-03,39.095
2015-06-04,38.565
2015-06-05,38.835
2015-06-08,38.615
2015-06-09,38.61
2015-06-10,39.085
2015-06-11,38.91
2015-06-12,38.475
2015-06-15,38.385
2015-06-16,38.685
2015-06-17,38.59
2015-06-18,38.565
2015-06-19,37.955
2015-06-22,38.42
2015-06-23,38.545
2015-06-24,38.305
2015-06-25,37.915
2015-06-26,38.04
2015-06-29,37.32
2015-06-30,37.58
2015-07-01,37.1
2015-07-02,37.265
2015-07-06,36.775
2015-07-07,37.11
2015-07-08,36.36
2015-07-09,36.545
2015-07-10,36.745
2015-07-13,37.005
2015-07-14,37.27
2015-07-15,36.615
2015-07-16,36.665
2015-07-17,36.22
2015-07-20,35.74
2015-07-21,35.755
2015-07-22,35.465
2015-07-23,35.435
2015-07-24,34.755
2015-07-27,34.255
2015-07-28,35.235
2015-07-29,35.715
2015-07-30,35.465
2015-07-31,34.69
2015-08-03,33.96
2015-08-04,33.845
2015-08-05,33.59
2015-08-06,34.125
2015-08-07,33.515
2015-08-10,34.585
2015-08-11,34.65
2015-08-12,35.28
2015-08-13,34.745
2015-08-14,34.67
2015-08-17,34.745
2015-08-18,34.615
2015-08-19,33.66
2015-08-20,32.9
2015-08-21,31.75
2015-08-24,30.045
2015-08-25,29.61
2015-08-26,30.63
2015-08-27,32.145
2015-08-28,32.875
2015-08-31,33.215
2015-09-01,32.045
2015-09-02,32.34
2015-09-03,32.43
2015-09-04,31.895
2015-09-08,32.395
2015-09-09,31.785
2015-09-10,31.97
2015-09-11,31.685
2015-09-14,31.41
2015-09-15,31.76
2015-09-16,32.66
2015-09-17,32.64
2015-09-18,31.55
2015-09-21,31.73
2015-09-22,31.395
2015-09-23,30.99
2015-09-24,31.125
2015-09-25,31.185
2015-09-28,29.94
2015-09-29,29.895
2015-09-30,30.6
2015-10-01,30.66
2015-10-02,31.925
2015-10-05,32.89
2015-10-06,33.62
2015-10-07,34.045
2015-10-08,34.695
2015-10-09,34.47
2015-10-12,34.025
2015-10-13,33.67
2015-10-14,33.96
2015-10-15,34.57
2015-10-16,34.615
2015-10-19,33.93
2015-10-20,34.025
2015-10-21,33.605
2015-10-22,34.21
2015-10-23,34.13
2015-10-26,33.295
2015-10-27,32.895
2015-10-28,33.625
2015-10-29,33.795
2015-10-30,34.015
2015-11-02,34.81
2015-11-03,35.7
2015-11-04,35.38
2015-11-05,35.08
2015-11-06,34.9
2015-11-09,34.555
2015-11-10,34.63
2015-11-11,33.895
2015-11-12,33.125
2015-11-13,32.99
2015-11-16,34.09
2015-11-17,33.715
2015-11-18,34.27
2015-11-19,33.81
2015-11-20,33.45
2015-11-23,33.69
2015-11-24,34.41
2015-11-25,34.13
2015-11-27,33.885
2015-11-30,34.01
2015-12-01,34.28
2015-12-02,33.22
2015-12-03,32.555
2015-12-04,32.35
2015-12-07,31.12
2015-12-08,30.8
2015-12-09,31.205
2015-12-10,31.405
2015-12-11,30.23
2015-12-14,30.39
2015-12-15,31.155
2015-12-16,30.95
2015-12-17,30.19
2015-12-18,29.395
2015-12-21,29.425
2015-12-22,29.77
2015-12-23,31.065
2015-12-24,30.785
2015-12-28,30.225
2015-12-29,30.435
2015-12-30,30.025
2015-12-31,30.16
2016-01-04,30.15
2016-01-05,30.265
2016-01-06,29.1
2016-01-07,28.39
2016-01-08,28.025
2016-01-11,27.425
2016-01-12,27.49
2016-01-13,26.83
2016-01-14,27.985
2016-01-15,27.175
2016-01-19,26.59
2016-01-20,25.885
2016-01-21,26.69
2016-01-22,27.87
2016-01-25,26.57
2016-01-26,27.575
2016-01-27,27.445
2016-01-28,28.28
2016-01-29,29.105
2016-02-01,28.62
2016-02-02,27.665
2016-02-03,28.65
2016-02-04,28.635
2016-02-05,27.97
2016-02-08,27.825
2016-02-09,27.155
2016-02-10,27.045
2016-02-11,26.93
2016-02-12,27.64
2016-02-16,27.915
2016-02-17,28.83
2016-02-18,28.47
2016-02-19,28.405
2016-02-22,29.13
2016-02-23,28.135
2016-02-24,28.42
2016-02-25,28.445
2016-02-26,28.615
2016-02-29,28.29
2016-03-01,29.03
2016-03-02,29.74
2016-03-03,30.19
2016-03-04,30.48
2016-03-07,31.195
2016-03-08,29.885
2016-03-09,30.37
2016-03-10,30.395
2016-03-11,31.18
2016-03-14,30.975
2016-03-15,30.915
2016-03-16,31.45
2016-03-17,31.88
2016-03-18,31.745
2016-03-21,31.635
2016-03-22,31.46
2016-03-23,30.77
2016-03-24,30.92
2016-03-28,30.755
2016-03-29,30.9
2016-03-30,30.96
2016-03-31,30.945
2016-04-01,30.53
2016-04-04,30.305
2016-04-05,30.1
2016-04-06,30.75
2016-04-07,30.57
2016-04-08,31.185
2016-04-11,31.055
2016-04-12,31.98
2016-04-13,32.13
2016-04-14,32.205
2016-04-15,31.77
2016-04-18,32.295
2016-04-19,32.94
2016-04-20,33.235
2016-04-21,33.04
2016-04-22,33.52
2016-04-25,33.145
2016-04-26,33.675
2016-04-27,34.315
2016-04-28,33.805
2016-04-29,33.75
2016-05-02,33.715
2016-05-03,32.92
2016-05-04,32.445
2016-05-05,32.71
2016-05-06,32.635
2016-05-09,32.16
2016-05-10,32.725
2016-05-11,32.825
2016-05-12,32.915
2016-05-13,32.495
2016-05-16,33.045
2016-05-17,33.2
2016-05-18,32.88
2016-05-19,32.885
2016-05-20,33.08
2016-05-23,32.995
2016-05-24,33.16
2016-05-25,33.685
2016-05-26,33.545
2016-05-27,33.565
2016-05-31,33.435
2016-06-01,33.445
2016-06-02,33.4
2016-06-03,33.27
2016-06-06,34.005
2016-06-07,34.775
2016-06-08,34.695
2016-06-09,34.43
2016-06-10,33.685
2016-06-13,33.585
2016-06-14,33.565
2016-06-15,33.485
2016-06-16,33.325
2016-06-17,33.445
2016-06-20,33.735
2016-06-21,34.135
2016-06-22,33.945
2016-06-23,34.505
2016-06-24,33.39
2016-06-27,32.32
2016-06-28,33.22
2016-06-29,33.85
2016-06-30,34.12
2016-07-01,34.3
2016-07-05,33.61
2016-07-06,33.755
2016-07-07,33.41
2016-07-08,33.855
2016-07-11,33.92
2016-07-12,34.76
2016-07-13,34.46
2016-07-14,34.635
2016-07-15,34.615
2016-07-18,34.64
2016-07-19,34.445
2016-07-20,34.395
2016-07-21,34.055
2016-07-22,34.16
2016-07-25,33.48
2016-07-26,33.675
2016-07-27,33.345
2016-07-28,33.35
2016-07-29,33.69
2016-08-01,32.58
2016-08-02,32.875
2016-08-03,33.51
2016-08-04,33.46
2016-08-05,33.765
2016-08-08,34.215
2016-08-09,34.035
2016-08-10,33.665
2016-08-11,34.16
2016-08-12,34.35
2016-08-15,34.625
2016-08-16,34.68
2016-08-17,34.785
2016-08-18,35.5
2016-08-19,35.205
2016-08-22,34.8
2016-08-23,35.045
2016-08-24,34.905
2016-08-25,34.81
2016-08-26,34.69
2016-08-29,34.925
2016-08-30,34.805
2016-08-31,34.255
2016-09-01,34.155
2016-09-02,34.54
2016-09-06,35.06
2016-09-07,35.26
2016-09-08,35.92
2016-09-09,34.85
2016-09-12,35.195
2016-09-13,34.19
2016-09-14,33.785
2016-09-15,34.205
2016-09-16,33.725
2016-09-19,33.705
2016-09-20,33.46
2016-09-21,34.235
2016-09-22,34.275
2016-09-23,33.82
2016-09-26,33.67
2016-09-27,33.445
2016-09-28,34.89
2016-09-29,34.83
2016-09-30,35.305
2016-10-03,35.28
2016-10-04,34.92
2016-10-05,35.455
2016-10-06,35.51
2016-10-07,35.305
2016-10-10,35.86
2016-10-11,35.45
2016-10-12,35.3
2016-10-13,35.105
2016-10-14,34.9
2016-10-17,34.73
2016-10-18,34.87
2016-10-19,35.365
2016-10-20,35.325
2016-10-21,35.095
2016-10-24,34.99
2016-10-25,34.83
2016-10-26,34.91
2016-10-27,34.78
2016-10-28,34.685
2016-10-31,34.31
2016-11-01,34.315
2016-11-02,33.935
2016-11-03,34.07
2016-11-04,33.885
2016-11-07,34.615
2016-11-08,34.66
2016-11-09,35.225
2016-11-10,35.375
2016-11-11,34.73
2016-11-14,34.925
2016-11-15,35.91
2016-11-16,35.66
2016-11-17,35.42
2016-11-18,35.565
2016-11-21,36.41
2016-11-22,36.39
2016-11-23,36.54
2016-11-25,36.36
2016-11-28,35.855
2016-11-29,35.415
2016-11-30,37.215
2016-12-01,37.305
2016-12-02,37.415
2016-12-05,37.745
2016-12-06,37.675
2016-12-07,37.975
2016-12-08,38.18
2016-12-09,38.3
2016-12-12,38.48
2016-12-13,38.915
2016-12-14,38.135
2016-12-15,38.22
2016-12-16,38.255
2016-12-19,38.08
2016-12-20,37.995
2016-12-21,38.055
2016-12-22,38.21
2016-12-23,38.175
2016-12-27,38.26
2016-12-28,37.845
2016-12-29,37.77
2016-12-30,37.66
2017-01-03,38.085
2017-01-04,38.005
2017-01-05,37.91
2017-01-06,37.945
2017-01-09,37.395
2017-01-10,37.055
2017-01-11,37.455
2017-01-12,37.3
2017-01-13,37.19
2017-01-17,37.42
2017-01-18,37.335
2017-01-19,37.13
2017-01-20,37.27
2017-01-23,36.875
2017-01-24,37.28
2017-01-25,37.475
2017-01-26,37.505
2017-01-27,37.115
2017-01-30,36.435
2017-01-31,36.45
2017-02-01,36.18
2017-02-02,36.385
2017-02-03,36.7
2017-02-06,36.39
2017-02-07,35.875
2017-02-08,35.96
2017-02-09,36.365
2017-02-10,36.64
2017-02-13,36.71
2017-02-14,36.83
2017-02-15,36.685
2017-02-16,36.185
2017-02-17,35.985
2017-02-21,36.23
2017-02-22,35.68
2017-02-23,35.83
2017-02-24,35.495
2017-02-27,35.8
2017-02-28,35.69
2017-03-01,36.405
2017-03-02,36.06
2017-03-03,35.995
2017-03-06,36.075
2017-03-07,35.755
2017-03-08,34.825
2017-03-09,35.055
2017-03-10,35.005
2017-03-13,35.01
2017-03-14,34.615
2017-03-15,35.385
2017-03-16,35.135
2017-03-17,34.9
2017-03-20,34.85
2017-03-21,34.605
2017-03-22,34.555
2017-03-23,34.415
2017-03-24,34.28
2017-03-27,34.12
2017-03-28,34.605
2017-03-29,35.08
2017-03-30,35.07
2017-03-31,34.95
2017-04-03,34.89
2017-04-04,35.145
2017-04-05,35.035
2017-04-06,35.315
2017-04-07,35.18
2017-04-10,35.445
2017-04-11,35.45
2017-04-12,35.3
2017-04-13,34.655
2017-04-17,34.73
2017-04-18,34.405
2017-04-19,33.9
2017-04-20,34.065
2017-04-21,33.895
2017-04-24,34.095
2017-04-25,34.385
2017-04-26,34.27
2017-04-27,33.895
2017-04-28,33.92
2017-05-01,33.825
2017-05-02,33.655
2017-05-03,33.75
2017-05-04,33.13
2017-05-05,33.655
2017-05-08,33.895
2017-05-09,33.615
2017-05-10,34.06
2017-05-11,33.99
2017-05-12,33.875
2017-05-15,34.14
2017-05-16,33.97
2017-05-17,33.635
2017-05-18,33.625
2017-05-19,34.04
2017-05-22,33.965
2017-05-23,34.045
2017-05-24,33.865
2017-05-25,33.25
2017-05-26,33.305
2017-05-30,32.86
2017-05-31,32.72
2017-06-01,32.925
2017-06-02,32.545
2017-06-05,32.605
2017-06-06,32.99
2017-06-07,32.525
2017-06-08,32.43
2017-06-09,33.21
2017-06-12,33.445
2017-06-13,33.695
2017-06-14,33.085
2017-06-15,32.835
2017-06-16,33.15
2017-06-19,32.94
2017-06-20,32.52
2017-06-21,31.995
2017-06-22,31.975
2017-06-23,32.19
2017-06-26,32.12
2017-06-27,32.07
2017-06-28,32.245
2017-06-29,32.315
2017-06-30,32.46
2017-07-03,33.085
2017-07-05,32.415
2017-07-06,32.055
2017-07-07,32.005
2017-07-10,32.11
2017-07-11,32.285
2017-07-12,32.375
2017-07-13,32.505
2017-07-14,32.7
2017-07-17,32.66
2017-07-18,32.505
2017-07-19,32.98
2017-07-20,32.88
2017-07-21,32.555
2017-07-24,32.495
2017-07-25,32.905
2017-07-26,32.94
2017-07-27,33.275
2017-07-28,33.235
2017-07-31,33.31
2017-08-01,33.305
2017-08-02,33.18
2017-08-03,32.715
2017-08-04,32.82
2017-08-07,32.57
2017-08-08,32.495
2017-08-09,32.525
2017-08-10,32.18
2017-08-11,31.97
2017-08-14,31.875
2017-08-15,31.755
2017-08-16,31.45
2017-08-17,31.005
2017-08-18,31.16
2017-08-21,31
2017-08-22,31.205
2017-08-23,31.34
2017-08-24,31.36
2017-08-25,31.5
2017-08-28,31.36
2017-08-29,31.32
2017-08-30,31.335
2017-08-31,31.485
2017-09-01,31.79
2017-09-05,31.965
2017-09-06,32.485
2017-09-07,32.545
2017-09-08,32.2
2017-09-11,32.505
2017-09-12,32.705
2017-09-13,33.115
2017-09-14,33.275
2017-09-15,32.92
2017-09-18,33.06
2017-09-19,33.195
2017-09-20,33.42
2017-09-21,33.43
2017-09-22,33.6
2017-09-25,34.085
2017-09-26,34.07
2017-09-27,34.215
2017-09-28,34.245
2017-09-29,34.24
2017-10-02,34.23
2017-10-03,34.195
2017-10-04,34.17
2017-10-05,34.325
2017-10-06,34.035
2017-10-09,34.105
2017-10-10,34.135
2017-10-11,34.215
2017-10-12,34.09
2017-10-13,34.07
2017-10-16,34.145
2017-10-17,34.165
2017-10-18,33.925
2017-10-19,33.82
2017-10-20,33.885
2017-10-23,33.71
2017-10-24,33.775
2017-10-25,33.54
2017-10-26,33.61
2017-10-27,33.67
2017-10-30,33.845
2017-10-31,33.955
2017-11-01,34.34
2017-11-02,34.24
2017-11-03,34.34
2017-11-06,35.125
2017-11-07,35.08
2017-11-08,34.91
2017-11-09,35.015
2017-11-10,34.83
2017-11-13,34.63
2017-11-14,34.07
2017-11-15,33.685
2017-11-16,33.55
2017-11-17,33.715
2017-11-20,33.635
2017-11-21,33.71
2017-11-22,33.845
2017-11-24,33.94
2017-11-27,33.595
2017-11-28,33.855
2017-11-29,34.04
2017-11-30,34.55
2017-12-01,34.84
2017-12-04,34.825
2017-12-05,34.675
2017-12-06,34.225
2017-12-07,34.325
2017-12-08,34.64
2017-12-11,34.89
2017-12-12,34.795
2017-12-13,34.745
2017-12-14,34.62
2017-12-15,34.36
2017-12-18,34.625
2017-12-19,34.675
2017-12-20,35.165
2017-12-21,35.91
2017-12-22,35.985
2017-12-26,36.3
2017-12-27,36.18
2017-12-28,36.235
2017-12-29,36.13
2018-01-02,36.725
2018-01-03,37.275
2018-01-04,37.5
2018-01-05,37.485
2018-01-08,37.71
2018-01-09,37.615
2018-01-10,37.57
2018-01-11,38.34
2018-01-12,38.71
2018-01-16,38.22
2018-01-17,38.555
2018-01-18,38.24
2018-01-19,38.19
2018-01-22,39.015
2018-01-23,38.955
2018-01-24,38.85
2018-01-25,38.545
2018-01-26,38.755
2018-01-29,38.17
2018-01-30,37.4
2018-01-31,37.425
2018-02-01,37.81
2018-02-02,36.23
2018-02-05,34.71
2018-02-06,34.985
2018-02-07,34.4
2018-02-08,33.36
2018-02-09,33.335
2018-02-12,33.88
2018-02-13,33.74
2018-02-14,34.23
2018-02-15,34.145
2018-02-16,34.06
2018-02-20,33.875
2018-02-21,33.305
2018-02-22,33.67
2018-02-23,34.4
2018-02-26,34.605
2018-02-27,34.155
2018-02-28,33.37
2018-03-01,33.32
2018-03-02,33.475
2018-03-05,33.83
2018-03-06,33.85
2018-03-07,33.595
2018-03-08,33.585
2018-03-09,34.225
2018-03-12,34.215
2018-03-13,33.97
2018-03-14,33.77
2018-03-15,33.595
2018-03-16,33.655
2018-03-19,33.135
2018-03-20,33.415
2018-03-21,34.29
2018-03-22,33.59
2018-03-23,33.385
2018-03-26,33.985
2018-03-27,33.665
2018-03-28,33.01
2018-03-29,33.705
2018-04-02,33.03
2018-04-03,33.735
2018-04-04,33.69
2018-04-05,34.295
2018-04-06,33.675
2018-04-09,33.835
2018-04-10,34.955
2018-04-11,35.32
2018-04-12,35.315
2018-04-13,35.705
2018-04-16,36.07
2018-04-17,36.21
2018-04-18,36.78
2018-04-19,36.825
2018-04-20,36.65
2018-04-23,36.875
2018-04-24,36.48
2018-04-25,36.77
2018-04-26,37.305
2018-04-27,36.91
2018-04-30,36.905
2018-05-01,36.68
2018-05-02,36.83
2018-05-03,36.745
2018-05-04,36.925
2018-05-07,36.975
2018-05-08,37.265
2018-05-09,38.025
2018-05-10,38.31
2018-05-11,38.365
2018-05-14,38.63
2018-05-15,38.64
2018-05-16,38.775
2018-05-17,39.36
2018-05-18,39.055
2018-05-21,39.455
2018-05-22,38.93
2018-05-23,38.925
2018-05-24,38.285
2018-05-25,37.29
2018-05-29,37.175
2018-05-30,38.3
2018-05-31,38.01
2018-06-01,38.19
2018-06-04,37.86
2018-06-05,37.77
2018-06-06,37.95
2018-06-07,38.525
2018-06-08,38.45
2018-06-11,38.65
2018-06-12,38.355
2018-06-13,38.21
2018-06-14,38.155
2018-06-15,37.085
2018-06-18,37.455
2018-06-19,37.37
2018-06-20,37.535
2018-06-21,36.84
2018-06-22,37.575
2018-06-25,36.82
2018-06-26,37.285
2018-06-27,37.785
2018-06-28,37.735
2018-06-29,37.97
2018-07-02,37.41
2018-07-03,37.645
2018-07-05,37.605
2018-07-06,37.835
2018-07-09,38.4
2018-07-10,38.685
2018-07-11,37.865
2018-07-12,37.93
2018-07-13,38.13
2018-07-16,37.69
2018-07-17,37.54
2018-07-18,37.565
2018-07-19,37.575
2018-07-20,37.445
2018-07-23,37.28
2018-07-24,37.75
2018-07-25,38.065
2018-07-26,38.48
2018-07-27,38.315
2018-07-30,38.63
2018-07-31,38.56
2018-08-01,38.025
2018-08-02,37.815
2018-08-03,37.62
2018-08-06,37.76
2018-08-07,38.04
2018-08-08,37.765
2018-08-09,37.415
2018-08-10,37.645
2018-08-13,37.165
2018-08-14,37.255
2018-08-15,35.955
2018-08-16,36.215
2018-08-17,36.305
2018-08-20,36.55
2018-08-21,36.735
2018-08-22,37.175
2018-08-23,37
2018-08-24,37.27
2018-08-27,37.545
2018-08-28,37.385
2018-08-29,37.615
2018-08-30,37.51
2018-08-31,37.22
2018-09-04,37.14
2018-09-05,37.09
2018-09-06,36.405
2018-09-07,36.4
2018-09-10,36.385
2018-09-11,36.73
2018-09-12,36.92
2018-09-13,36.935
2018-09-14,37.13
2018-09-17,37.19
2018-09-18,37.435
2018-09-19,37.55
2018-09-20,37.56
2018-09-21,37.55
2018-09-24,38.1
2018-09-25,38.345
2018-09-26,37.975
2018-09-27,37.975
2018-09-28,37.87
2018-10-01,38.395
2018-10-02,38.435
2018-10-03,38.745
2018-10-04,38.585
2018-10-05,38.58
2018-10-08,38.55
2018-10-09,38.895
2018-10-10,37.675
2018-10-11,36.4
2018-10-12,36.5
2018-10-15,36.195
2018-10-16,36.495
2018-10-17,36.265
2018-10-18,36.085
2018-10-19,35.765
2018-10-22,35.37
2018-10-23,34.445
2018-10-24,33.085
2018-10-25,33.49
2018-10-26,33.24
2018-10-29,32.62
2018-10-30,33.375
2018-10-31,33.58
2018-11-01,33.865
2018-11-02,33.78
2018-11-05,34.345
2018-11-06,34.505
2018-11-07,35.07
2018-11-08,34.31
2018-11-09,34.25
2018-11-12,33.54
2018-11-13,32.77
2018-11-14,32.715
2018-11-15,33.195
2018-11-16,33.59
2018-11-19,33.58
2018-11-20,32.48
2018-11-21,32.99
2018-11-23,31.955
2018-11-26,32.435
2018-11-27,32.345
2018-11-28,32.9
2018-11-29,33.115
2018-11-30,33.055
2018-12-03,33.79
2018-12-04,32.82
2018-12-06,32.215
2018-12-07,32.035
2018-12-10,31.535
2018-12-11,31.545
2018-12-12,31.67
2018-12-13,31.77
2018-12-14,31.045
2018-12-17,30.48
2018-12-18,29.76
2018-12-19,29.41
2018-12-20,28.595
2018-12-21,28.055
2018-12-24,26.92
2018-12-26,28.595
2018-12-27,28.745
2018-12-28,28.525
2018-12-31,28.675
2019-01-02,29.24
2019-01-03,28.95
2019-01-04,29.935
2019-01-07,30.38
2019-01-08,30.615
2019-01-09,31.1
2019-01-10,31.19
2019-01-11,31.005
2019-01-14,30.93
2019-01-15,31.04
2019-01-16,31
2019-01-17,31.285
2019-01-18,31.92
2019-01-22,31.225
2019-01-23,30.905
2019-01-24,31.07
2019-01-25,31.465
2019-01-28,31.15
2019-01-29,31.245
2019-01-30,31.685
2019-01-31,31.89
2019-02-01,32.445
2019-02-04,32.52
2019-02-05,32.57
2019-02-06,32.33
2019-02-07,31.615
2019-02-08,31.47
2019-02-11,31.62
2019-02-12,32.02
2019-02-13,32.42
2019-02-14,32.535
2019-02-15,33.06
2019-02-19,33.16
2019-02-20,33.3
2019-02-21,32.785
2019-02-22,32.88
2019-02-25,32.935
2019-02-26,32.83
2019-02-27,32.955
2019-02-28,32.625
2019-03-01,33.225
2019-03-04,33.285
2019-03-05,33.175
2019-03-06,32.755
2019-03-07,32.56
2019-03-08,31.95
2019-03-11,32.45
2019-03-12,32.66
2019-03-13,32.99
2019-03-14,33.025
2019-03-15,32.755
2019-03-18,33.21
2019-03-19,33.12
2019-03-20,33.41
2019-03-21,33.645
2019-03-22,32.735
2019-03-25,32.75
2019-03-26,33.22
2019-03-27,32.985
2019-03-28,33.11
2019-03-29,33.06
2019-04-01,33.495
2019-04-02,33.265
2019-04-03,32.945
2019-04-04,33.22
2019-04-05,33.805
2019-04-08,33.955
2019-04-09,33.54
2019-04-10,33.665
2019-04-11,33.69
2019-04-12,33.78
2019-04-15,33.58
2019-04-16,33.8
2019-04-17,33.755
2019-04-18,33.595
2019-04-22,34.305
2019-04-23,34.25
2019-04-24,33.65
2019-04-25,33.545
2019-04-26,33.11
2019-04-29,33.08
2019-04-30,33.055
2019-05-01,32.395
2019-05-02,31.83
2019-05-03,32.125
2019-05-06,32.155
2019-05-07,31.875
2019-05-08,31.875
2019-05-09,31.875
2019-05-10,32.025
2019-05-13,31.475
2019-05-14,31.86
2019-05-15,32.025
2019-05-16,32.2
2019-05-17,31.875
2019-05-20,31.89
2019-05-21,32.26
2019-05-22,31.76
2019-05-23,30.695
2019-05-24,30.81
2019-05-28,30.49
2019-05-29,30.295
2019-05-30,29.91
2019-05-31,29.385
2019-06-03,29.76
2019-06-04,30.275
2019-06-05,29.94
2019-06-06,30.495
2019-06-07,30.635
2019-06-10,30.725
2019-06-11,30.785
2019-06-12,30.35
2019-06-13,30.705
2019-06-14,30.505
2019-06-17,30.76
2019-06-18,31.185
2019-06-19,31.15
2019-06-20,31.84
2019-06-21,31.78
2019-06-24,31.495
2019-06-25,31.245
2019-06-26,31.725
2019-06-27,31.49
2019-06-28,31.855
2019-07-01,31.885
2019-07-02,31.375
2019-07-03,31.5
2019-07-05,31.545
2019-07-08,31.59
2019-07-09,31.615
2019-07-10,32.02
2019-07-11,32.085
2019-07-12,32.22
2019-07-15,31.93
2019-07-16,31.59
2019-07-17,31.23
2019-07-18,31.235
2019-07-19,31.38
2019-07-22,31.525
2019-07-23,31.61
2019-07-24,31.745
2019-07-25,31.385
2019-07-26,31.225
2019-07-29,31.1
2019-07-30,31.45
2019-07-31,31.35
2019-08-01,30.64
2019-08-02,30.2
2019-08-05,29.3
2019-08-06,29.265
2019-08-07,29.045
2019-08-08,29.88
2019-08-09,29.55
2019-08-12,29.2
2019-08-13,29.47
2019-08-14,28.315
2019-08-15,28.14
2019-08-16,28.51
2019-08-19,29.14
2019-08-20,28.895
2019-08-21,29.08
2019-08-22,28.95
2019-08-23,27.98
2019-08-26,28.1
2019-08-27,27.925
2019-08-28,28.325
2019-08-29,28.74
2019-08-30,28.74
2019-09-03,28.6
2019-09-04,29
2019-09-05,29.36
2019-09-06,29.515
2019-09-09,30.105
2019-09-10,30.46
2019-09-11,30.49
2019-09-12,30.3
2019-09-13,30.54
2019-09-16,31.565
2019-09-17,31.125
2019-09-18,30.975
2019-09-19,30.895
2019-09-20,30.64
2019-09-23,30.65
2019-09-24,30.165
2019-09-25,30.215
2019-09-26,29.82
2019-09-27,29.815
2019-09-30,29.6
2019-10-01,28.915
2019-10-02,28.205
2019-10-03,28.51
2019-10-04,28.69
2019-10-07,28.435
2019-10-08,27.95
2019-10-09,28.205
2019-10-10,28.56
2019-10-11,28.945
2019-10-14,28.93
2019-10-15,29.05
2019-10-16,28.645
2019-10-17,28.665
2019-10-18,28.515
2019-10-21,29.025
2019-10-22,29.4
2019-10-23,29.645
2019-10-24,29.52
2019-10-25,29.76
2019-10-28,29.59
2019-10-29,29.71
2019-10-30,29.105
2019-10-31,28.98
2019-11-01,29.64
2019-11-04,30.605
2019-11-05,30.645
2019-11-06,30.02
2019-11-07,30.47
2019-11-08,30.345
2019-11-11,30.175
2019-11-12,30.02
2019-11-13,29.89
2019-11-14,29.81
2019-11-15,30.04
2019-11-18,29.675
2019-11-19,29.235
2019-11-20,29.53
2019-11-21,30.015
2019-11-22,29.915
2019-11-25,29.945
2019-11-26,29.67
2019-11-27,29.745
2019-11-29,29.445
2019-12-02,29.445
2019-12-03,29.005
2019-12-04,29.44
2019-12-05,29.3
2019-12-06,29.86
2019-12-09,29.825
2019-12-10,29.885
2019-12-11,29.835
2019-12-12,30.385
2019-12-13,30.155
2019-12-16,30.56
2019-12-17,30.58
2019-12-18,30.695
2019-12-19,30.685
2019-12-20,30.68
2019-12-23,30.995
2019-12-24,30.98
2019-12-26,30.97
2019-12-27,30.84
2019-12-30,29.85
2019-12-31,30.02
2020-01-02,30.29
2020-01-03,30.2
2020-01-06,30.435
2020-01-07,30.355
2020-01-08,29.855
2020-01-09,30.075
2020-01-10,29.905
2020-01-13,29.915
2020-01-14,29.92
2020-01-15,29.7
2020-01-16,29.75
2020-01-17,29.56
2020-01-21,29.03
2020-01-22,28.75
2020-01-23,28.64
2020-01-24,28.31
2020-01-27,27.525
2020-01-28,27.65
2020-01-29,27.36
2020-01-30,27.58
2020-01-31,26.72
2020-02-03,26.37
2020-02-04,26.465
2020-02-05,27.46
2020-02-06,27.18
2020-02-07,26.99
2020-02-10,26.855
2020-02-11,27.155
2020-02-12,27.52
2020-02-13,27.435
2020-02-14,27.29
2020-02-18,27.065
2020-02-19,27.425
2020-02-20,27.395
2020-02-21,27.07
2020-02-24,25.82
2020-02-25,24.68
2020-02-26,23.935
2020-02-27,22.655
2020-02-28,22.635
2020-03-02,23.55
2020-03-03,22.83
2020-03-04,23.37
2020-03-05,22.515
2020-03-06,21.25
2020-03-09,16.97
2020-03-10,17.775
2020-03-11,16.835
2020-03-12,14.735
2020-03-13,16.095
2020-03-16,13.905
2020-03-17,14
2020-03-18,11.99
2020-03-19,12.805
2020-03-20,12.93
2020-03-23,11.785
2020-03-24,13.675
2020-03-25,14.32
2020-03-26,15.195
2020-03-27,14.165
2020-03-30,14.31
2020-03-31,14.53
2020-04-01,13.81
2020-04-02,15.075
2020-04-03,14.915
2020-04-06,15.705
2020-04-07,16.04
2020-04-08,17.11
2020-04-09,16.955
2020-04-13,16.9
2020-04-14,16.82
2020-04-15,16.03
2020-04-16,15.345
2020-04-17,16.975
2020-04-20,16.445
2020-04-21,16.155
2020-04-22,16.73
2020-04-23,17.27
2020-04-24,17.31
2020-04-27,17.685
2020-04-28,18.09
2020-04-29,19.43
2020-04-30,19
2020-05-01,17.925
2020-05-04,18.545
2020-05-05,18.56
2020-05-06,18.075
2020-05-07,18.545
2020-05-08,19.39
2020-05-11,19.05
2020-05-12,18.715
2020-05-13,17.865
2020-05-14,18.065
2020-05-15,17.995
2020-05-18,19.465
2020-05-19,18.92
2020-05-20,19.675
2020-05-21,19.36
2020-05-22,19.24
2020-05-26,19.775
2020-05-27,20.03
2020-05-28,19.47
2020-05-29,19.38
2020-06-01,19.72
2020-06-02,20.27
2020-06-03,20.865
2020-06-04,20.87
2020-06-05,22.42
2020-06-08,23.43
2020-06-09,22.55
2020-06-10,21.44
2020-06-11,19.42
2020-06-12,19.91
2020-06-15,19.97
2020-06-16,20.545
2020-06-17,19.845
2020-06-18,20.09
2020-06-19,19.785
2020-06-22,19.625
2020-06-23,19.645
2020-06-24,18.555
2020-06-25,18.91
2020-06-26,18.255
2020-06-29,18.5
2020-06-30,18.925
2020-07-01,18.465
2020-07-02,18.67
2020-07-06,18.725
2020-07-07,18.13
2020-07-08,18.115
2020-07-09,17.22
2020-07-10,17.77
2020-07-13,17.675
2020-07-14,18.295
2020-07-15,18.69
2020-07-16,18.605
2020-07-17,18.345
2020-07-20,18.04
2020-07-21,19.13
2020-07-22,18.895
2020-07-23,18.86
2020-07-24,18.755
2020-07-27,18.775
2020-07-28,18.455
2020-07-29,18.84
2020-07-30,18.1
2020-07-31,18.015
2020-08-03,18.08
2020-08-04,18.52
2020-08-05,18.715
2020-08-06,18.565
2020-08-07,18.59
2020-08-10,19.165
2020-08-11,19.1
2020-08-12,19.29
2020-08-13,18.915
2020-08-14,19.095
2020-08-17,18.985
2020-08-18,18.745
2020-08-19,18.53
2020-08-20,18.13
2020-08-21,18.015
2020-08-24,18.51
2020-08-25,18.25
2020-08-26,17.865
2020-08-27,17.9
2020-08-28,18.22
2020-08-31,17.825
2020-09-01,17.705
2020-09-02,17.62
2020-09-03,17.49
2020-09-04,17.435
2020-09-08,16.8
2020-09-09,16.915
2020-09-10,16.295
2020-09-11,16.31
2020-09-14,16.435
2020-09-15,16.315
2020-09-16,16.97
2020-09-17,16.995
2020-09-18,16.805
2020-09-21,15.985
2020-09-22,15.82
2020-09-23,15.105
2020-09-24,15.1
2020-09-25,15.09
2020-09-28,15.445
2020-09-29,15.02
2020-09-30,14.975
2020-10-01,14.515
2020-10-02,14.655
2020-10-05,15.095
2020-10-06,14.87
2020-10-07,15.08
2020-10-08,15.645
2020-10-09,15.395
2020-10-12,15.435
2020-10-13,15.195
2020-10-14,15.26
2020-10-15,15.445
2020-10-16,15.095
2020-10-19,14.775
2020-10-20,14.95
2020-10-21,14.665
2020-10-22,15.27
2020-10-23,15.195
2020-10-26,14.65
2020-10-27,14.46
2020-10-28,13.855
2020-10-29,14.28
2020-10-30,14.36
2020-11-02,14.85
2020-11-03,14.765
2020-11-04,14.785
2020-11-05,14.785
2020-11-06,14.465
2020-11-09,16.53
2020-11-10,17.065
2020-11-11,16.89
2020-11-12,16.345
2020-11-13,16.94
2020-11-16,18.055
2020-11-17,18.24
2020-11-18,17.71
2020-11-19,18
2020-11-20,17.905
2020-11-23,19.17
2020-11-24,20.155
2020-11-25,19.685
2020-11-27,19.455
2020-11-30,18.38
2020-12-01,18.465
2020-12-02,19.065
2020-12-03,19.265
2020-12-04,20.315
2020-12-07,19.84
2020-12-08,20.135
2020-12-09,20.18
2020-12-10,20.8
2020-12-11,20.56
2020-12-14,19.84
2020-12-15,20.23
2020-12-16,20.13
2020-12-17,20.035
2020-12-18,19.7
2020-12-21,19.065
2020-12-22,18.745
2020-12-23,19.16
2020-12-24,19.06
2020-12-28,18.94
2020-12-29,18.815
2020-12-30,19.11
2020-12-31,18.95
2021-01-04,18.98
2021-01-05,19.83
2021-01-06,20.435
2021-01-07,20.735
2021-01-08,20.71
2021-01-11,21.035
2021-01-12,21.77
2021-01-13,21.6
2021-01-14,22.24
2021-01-15,21.375
2021-01-19,21.805
2021-01-20,21.885
2021-01-21,21.145
2021-01-22,21.035
2021-01-25,20.82
2021-01-26,20.375
2021-01-27,20.1
2021-01-28,20.335
2021-01-29,19.66
2021-02-01,19.8
2021-02-02,20.015
2021-02-03,20.87
2021-02-04,21.1
2021-02-05,21.28
2021-02-08,22.17
2021-02-09,21.935
2021-02-10,22.355
2021-02-11,22.01
2021-02-12,22.335
2021-02-16,22.895
2021-02-17,23.235
2021-02-18,22.71
2021-02-19,23.09
2021-02-22,23.89
2021-02-23,24.285
2021-02-24,25.145
2021-02-25,24.66
2021-02-26,24.075
2021-03-01,24.7
2021-03-02,24.565
2021-03-03,24.925
2021-03-04,25.52
2021-03-05,26.475
2021-03-08,26.525
2021-03-09,26.06
2021-03-10,26.72
2021-03-11,26.73
2021-03-12,26.785
2021-03-15,26.48
2021-03-16,25.725
2021-03-17,25.925
2021-03-18,24.76
2021-03-19,24.765
2021-03-22,24.27
2021-03-23,23.915
2021-03-24,24.515
2021-03-25,24.605
2021-03-26,25.215
2021-03-29,24.915
2021-03-30,24.7
2021-03-31,24.53
2021-04-01,25.155
2021-04-05,24.555
2021-04-06,24.49
2021-04-07,24.575
2021-04-08,24.255
2021-04-09,24.095
2021-04-12,23.905
2021-04-13,23.93
2021-04-14,24.595
2021-04-15,24.395
2021-04-16,24.2
2021-04-19,24.175
2021-04-20,23.535
2021-04-21,23.835
2021-04-22,23.555
2021-04-23,23.77
2021-04-26,23.93
2021-04-27,24.22
2021-04-28,25.055
2021-04-29,25.335
2021-04-30,24.695
2021-05-03,25.375
2021-05-04,25.39
2021-05-05,26.21
2021-05-06,26.345
2021-05-07,26.815
2021-05-10,26.825
2021-05-11,26.135
2021-05-12,26.26
2021-05-13,25.94
2021-05-14,26.745
2021-05-17,27.365
2021-05-18,26.73
2021-05-19,26.065
2021-05-20,26.025
2021-05-21,26.08
2021-05-24,26.34
2021-05-25,25.805
2021-05-26,26.035
2021-05-27,26.055
2021-05-28,26.105
2021-06-01,27.11
2021-06-02,27.615
2021-06-03,27.69
2021-06-04,27.875
2021-06-07,27.755
2021-06-08,27.995
2021-06-09,27.82
2021-06-10,27.785
2021-06-11,27.69
2021-06-14,27.57
2021-06-15,28.095
2021-06-16,27.945
2021-06-17,26.995
2021-06-18,26.195
2021-06-21,27.035
2021-06-22,27.215
2021-06-23,27.29
2021-06-24,27.525
2021-06-25,27.67
2021-06-28,26.735
2021-06-29,26.605
2021-06-30,26.935
2021-07-01,27.405
2021-07-02,27.345
2021-07-06,26.455
2021-07-07,26.025
2021-07-08,25.875
2021-07-09,26.425
2021-07-12,26.385
2021-07-13,26.185
2021-07-14,25.405
2021-07-15,25.05
2021-07-16,24.34
2021-07-19,23.48
2021-07-20,23.795
2021-07-21,24.625
2021-07-22,24.35
2021-07-23,24.26
2021-07-26,24.86
2021-07-27,24.63
2021-07-28,24.855
2021-07-29,25.095
2021-07-30,24.695
2021-08-02,24.51
2021-08-03,24.93
2021-08-04,24.255
2021-08-05,24.53
2021-08-06,24.755
2021-08-09,24.405
2021-08-10,24.835
2021-08-11,25.03
2021-08-12,25.005
2021-08-13,24.71
2021-08-16,24.255
2021-08-17,24.005
2021-08-18,23.505
2021-08-19,22.895
2021-08-20,22.945
2021-08-23,23.805
2021-08-24,24.2
2021-08-25,24.385
2021-08-26,24.015
2021-08-27,24.655
2021-08-30,24.365
2021-08-31,24.2
2021-09-01,23.845
2021-09-02,24.45
2021-09-03,24.31
2021-09-07,24.165
2021-09-08,23.855
2021-09-09,23.905
2021-09-10,23.895
2021-09-13,24.58
2021-09-14,24.225
2021-09-15,25.13
2021-09-16,24.845
2021-09-17,24.66
2021-09-20,23.62
2021-09-21,23.675
2021-09-22,24.405
2021-09-23,25.26
2021-09-24,25.45
2021-09-27,26.355
2021-09-28,26.445
2021-09-29,26.445
2021-09-30,26.045
2021-10-01,26.92
2021-10-04,27.36
2021-10-05,27.52
2021-10-06,27.23
2021-10-07,27.44
2021-10-08,28.285
2021-10-11,28.18
2021-10-12,28.205
2021-10-13,28.18
2021-10-14,28.525
2021-10-15,28.665
2021-10-18,28.685
2021-10-19,29.01
2021-10-20,29.245
2021-10-21,28.705
2021-10-22,28.975
2021-10-25,29.4
2021-10-26,29.57
2021-10-27,28.72
2021-10-28,28.925
2021-10-29,28.735
2021-11-01,29.23
2021-11-02,28.955
2021-11-03,28.715
2021-11-04,28.755
2021-11-05,29.13
2021-11-08,29.395
2021-11-09,29.515
2021-11-10,28.735
2021-11-11,28.845
2021-11-12,28.775
2021-11-15,29.015
2021-11-16,29.06
2021-11-17,28.615
2021-11-18,28.445
2021-11-19,27.335
2021-11-22,27.82
2021-11-23,28.675
2021-11-24,28.955
2021-11-26,27.79
2021-11-29,27.95
2021-11-30,27.295
2021-12-01,27.005
2021-12-02,27.79
2021-12-03,27.57
2021-12-06,27.98
2021-12-07,28.635
2021-12-08,28.63
2021-12-09,28.41
2021-12-10,28.62
2021-12-13,27.825
2021-12-14,27.71
2021-12-15,27.575
2021-12-16,27.75
2021-12-17,27.185
2021-12-20,26.505
2021-12-21,27.26
2021-12-22,27.435
2021-12-23,27.45
2021-12-27,28.05
2021-12-28,28.03
2021-12-29,27.85
2021-12-30,27.68
2021-12-31,27.75
2022-01-03,28.61
2022-01-04,29.6
2022-01-05,29.595
2022-01-06,30.255
2022-01-07,30.67
2022-01-10,30.575
2022-01-11,31.615
2022-01-12,31.675
2022-01-13,31.515
2022-01-14,32.255
2022-01-18,32.385
2022-01-19,32.15
2022-01-20,31.855
2022-01-21,31.225
2022-01-24,31.435
2022-01-25,32.655
2022-01-26,32.6
2022-01-27,32.955
2022-01-28,32.815
2022-01-31,32.96
2022-02-01,34.135
2022-02-02,34.245
2022-02-03,33.92
2022-02-04,34.45
2022-02-07,34.89
2022-02-08,34.14
2022-02-09,34.425
2022-02-10,34.21
2022-02-11,35.205
2022-02-14,34.375
2022-02-15,34.015
2022-02-16,34.29
2022-02-17,34.235
2022-02-18,34.025
2022-02-22,33.475
2022-02-23,33.82
2022-02-24,33.555
2022-02-25,34.44
2022-02-28,35.29
2022-03-01,35.645
2022-03-02,36.46
2022-03-03,36.56
2022-03-04,37.615
2022-03-07,38.17
2022-03-08,38.77
2022-03-09,37.585
2022-03-10,38.735
2022-03-11,38.425
2022-03-14,37.275
2022-03-15,35.91
2022-03-16,35.745
2022-03-17,36.975
2022-03-18,36.94
2022-03-21,38.065
2022-03-22,37.785
2022-03-23,38.435
2022-03-24,38.53
2022-03-25,39.375
2022-03-28,38.4
2022-03-29,38.3
2022-03-30,38.745
2022-03-31,38.22
2022-04-01,38.53
2022-04-04,38.58
2022-04-05,37.975
2022-04-06,38.2
2022-04-07,38.7
2022-04-08,39.765
2022-04-11,38.57
2022-04-12,39.21
2022-04-13,39.795
2022-04-14,39.925
2022-04-18,40.51
2022-04-19,40.18
2022-04-20,40.335
2022-04-21,39.055
2022-04-22,38.1
2022-04-25,36.84
2022-04-26,36.89
2022-04-27,37.43
2022-04-28,38.565
2022-04-29,37.575
2022-05-02,38.175
2022-05-03,39.245
2022-05-04,40.875
2022-05-05,40.26
2022-05-06,41.46
2022-05-09,38.03
2022-05-10,38.375
2022-05-11,38.89
2022-05-12,39.055
2022-05-13,40.39
2022-05-16,41.455
2022-05-17,41.935
2022-05-18,40.86
2022-05-19,40.71
2022-05-20,40.885
2022-05-23,41.965
2022-05-24,42.125
2022-05-25,42.995
2022-05-26,43.47
2022-05-27,44.265
2022-05-31,43.6
2022-06-01,44.31
2022-06-02,44.17
2022-06-03,44.755
2022-06-06,44.705
2022-06-07,46.04
2022-06-08,46.14
2022-06-09,45.12
2022-06-10,44.355
2022-06-13,42.04
2022-06-14,42.12
2022-06-15,41.19
2022-06-16,38.87
2022-06-17,36.745
2022-06-21,38.22
2022-06-22,36.69
2022-06-23,35.33
2022-06-24,35.795
2022-06-27,36.845
2022-06-28,37.84
2022-06-29,36.525
2022-06-30,35.755
2022-07-01,36.29
2022-07-05,34.85
2022-07-06,34.255
2022-07-07,35.49
2022-07-08,35.475
2022-07-11,35.135
2022-07-12,34.45
2022-07-13,34.395
2022-07-14,33.745
2022-07-15,34.295
2022-07-18,35.08
2022-07-19,36.16
2022-07-20,36.51
2022-07-21,35.87
2022-07-22,35.575
2022-07-25,36.88
2022-07-26,36.545
2022-07-27,37.37
2022-07-28,37.58
2022-07-29,39.21
2022-08-01,38.4
2022-08-02,38.31
2022-08-03,37.21
2022-08-04,35.83
2022-08-05,36.54
2022-08-08,36.73
2022-08-09,37.375
2022-08-10,37.645
2022-08-11,38.94
2022-08-12,39.235
2022-08-15,38.47
2022-08-16,38.38
2022-08-17,38.7
2022-08-18,39.74
2022-08-19,39.73
2022-08-22,39.655
2022-08-23,41.085
2022-08-24,41.59
2022-08-25,41.91
2022-08-26,41.42
2022-08-29,42.045
2022-08-30,40.62
2022-08-31,40.25
2022-09-01,39.26
2022-09-02,39.98
2022-09-06,39.61
2022-09-07,39.15
2022-09-08,39.32
2022-09-09,40.3
2022-09-12,41.04
2022-09-13,40.005
2022-09-14,41.135
2022-09-15,40.075
2022-09-16,39.22
2022-09-19,38.82
2022-09-20,38.55
2022-09-21,37.985
2022-09-22,37.85
2022-09-23,35.24
2022-09-26,34.375
2022-09-27,34.76
2022-09-28,36.3
2022-09-29,36.3
2022-09-30,36.01
2022-10-03,38.045
2022-10-04,39.68
2022-10-05,40.5
2022-10-06,41.22
2022-10-07,40.9
2022-10-10,40.06
2022-10-11,39.74
2022-10-12,40.06
2022-10-13,41.695
2022-10-14,40.14
2022-10-17,40.64
2022-10-18,40.995
2022-10-19,42.205
2022-10-20,42.245
2022-10-21,43.465
2022-10-24,43.67
2022-10-25,43.715
2022-10-26,44.31
2022-10-27,44.47
2022-10-28,44.625
2022-10-31,45
2022-11-01,45.435
2022-11-02,44.34
2022-11-03,45.16
2022-11-04,45.71
2022-11-07,46.495
2022-11-08,46.54
2022-11-09,44.265
2022-11-10,45.25
2022-11-11,46.565
2022-11-14,46.55
2022-11-15,47.04
2022-11-16,46.08
2022-11-17,46.18
2022-11-18,45.815
2022-11-21,45.195
2022-11-22,46.61
2022-11-23,46.105
2022-11-25,45.935
2022-11-28,44.675
2022-11-29,45.35
2022-11-30,45.575
2022-12-01,45.425
2022-12-02,45.155
2022-12-05,43.815
2022-12-06,42.66
2022-12-07,42.56
2022-12-08,42.37
2022-12-09,41.34
2022-12-12,42.425
2022-12-13,43.23
2022-12-14,42.965
2022-12-15,42.705
2022-12-16,42.18
2022-12-19,41.745
2022-12-20,42.375
2022-12-21,43.18
2022-12-22,42.185
2022-12-23,43.53
2022-12-27,43.995
2022-12-28,43.01
2022-12-29,43.46
2022-12-30,43.735
2023-01-03,42.2
2023-01-04,42.195
2023-01-05,42.965
2023-01-06,43.78
2023-01-09,43.625
2023-01-10,43.935
2023-01-11,44.07
2023-01-12,44.91
2023-01-13,44.975
2023-01-17,45.07
2023-01-18,44.245
2023-01-19,44.795
2023-01-20,45.24
2023-01-23,45.3
2023-01-24,45.125
2023-01-25,45.13
2023-01-26,46.555
2023-01-27,45.615
2023-01-30,44.57
2023-01-31,44.965
2023-02-01,44.08
2023-02-02,43.075
2023-02-03,42.98
2023-02-06,42.785
2023-02-07,44.175
2023-02-08,43.78
2023-02-09,43.405
2023-02-10,45.105
2023-02-13,44.99
2023-02-14,45.005
2023-02-15,44.24
2023-02-16,43.805
2023-02-17,42.245
2023-02-21,42.035
2023-02-22,41.755
2023-02-23,42.385
2023-02-24,42.33
2023-02-27,42.455
2023-02-28,41.845
2023-03-01,42.67
2023-03-02,43.045
2023-03-03,43.63
2023-03-06,43.65
2023-03-07,42.89
2023-03-08,42.45
2023-03-09,41.85
2023-03-10,41.315
2023-03-13,40.475
2023-03-14,40.875
2023-03-15,38.68
2023-03-16,39.1
2023-03-17,38.485
2023-03-20,38.85
2023-03-21,40.195
2023-03-22,39.34
2023-03-23,38.795
2023-03-24,38.945
2023-03-27,39.775
2023-03-28,40.39
2023-03-29,40.95
2023-03-30,41.13
2023-03-31,41.415
2023-04-03,43.29
2023-04-04,42.505
2023-04-05,43.145
2023-04-06,42.49
2023-04-10,42.83
2023-04-11,43.235
2023-04-12,43.265
2023-04-13,43.535
2023-04-14,43.615
2023-04-17,43.1
2023-04-18,43.27
2023-04-19,43.12
2023-04-20,42.74
2023-04-21,42.49
2023-04-24,43.14
2023-04-25,42.33
2023-04-26,41.765
2023-04-27,41.915
2023-04-28,42.565
2023-05-01,42.085
2023-05-02,40.255
2023-05-03,39.495
2023-05-04,39.055
2023-05-05,40.115
2023-05-08,40.115
2023-05-09,40.13
2023-05-10,39.675
2023-05-11,39.2
2023-05-12,39.26
2023-05-15,39.46
2023-05-16,38.49
2023-05-17,39.23
2023-05-18,39.515
2023-05-19,39.82
2023-05-22,39.655
2023-05-23,40.08
2023-05-24,40.255
2023-05-25,39.54
2023-05-26,39.385
2023-05-30,38.98
2023-05-31,38.295
2023-06-01,38.77
2023-06-02,39.95
2023-06-05,39.685
2023-06-06,40.005
2023-06-07,41.065
2023-06-08,40.89
2023-06-09,40.665
2023-06-12,40.275
2023-06-13,40.465
2023-06-14,40.05
2023-06-15,40.49
2023-06-16,40.43
2023-06-20,39.18
2023-06-21,39.49
2023-06-22,38.96
2023-06-23,38.68
2023-06-26,39.375
2023-06-27,39.465
2023-06-28,39.865
2023-06-29,40.325
2023-06-30,40.585
2023-07-03,40.68
2023-07-05,40.455
2023-07-06,39.545
2023-07-07,40.395
2023-07-10,40.71
2023-07-11,41.605
2023-07-12,41.99
2023-07-13,41.83
2023-07-14,40.725
2023-07-17,40.645
2023-07-18,41.055
2023-07-19,41.295
2023-07-20,41.78
2023-07-21,42.15
2023-07-24,42.83
2023-07-25,43.055
2023-07-26,43.07
2023-07-27,42.795
2023-07-28,42.925
2023-07-31,43.74
2023-08-01,43.535
2023-08-02,42.965
2023-08-03,43.4
2023-08-04,43.46
2023-08-07,43.51
2023-08-08,43.725
2023-08-09,44.275
2023-08-10,44.27
2023-08-11,44.95
2023-08-14,44.76
2023-08-15,43.83
2023-08-16,43.45
2023-08-17,43.97
2023-08-18,44.405
2023-08-21,44.125
2023-08-22,43.785
2023-08-23,43.675
2023-08-24,43.375
2023-08-25,43.795
2023-08-28,44.09
2023-08-29,44.21
2023-08-30,44.43
2023-08-31,44.46
2023-09-01,45.37
2023-09-05,45.61
2023-09-06,45.63
2023-09-07,45.585
2023-09-08,46.025
2023-09-11,45.42
2023-09-12,46.49
2023-09-13,46.14
2023-09-14,46.68
2023-09-15,46.005
2023-09-18,46.055
2023-09-19,45.625
2023-09-20,45.2
2023-09-21,44.58
2023-09-22,44.655
2023-09-25,45.215
2023-09-26,44.955
2023-09-27,46.075
2023-09-28,46.125
2023-09-29,45.195
2023-10-02,44.295
2023-10-03,44.265
2023-10-04,42.875
2023-10-05,42.61
2023-10-06,42.865
2023-10-09,44.295
2023-10-10,44.35
2023-10-11,43.78
2023-10-12,43.83
2023-10-13,44.795
2023-10-16,45.095
2023-10-17,45.565
2023-10-18,45.98
2023-10-19,45.9
2023-10-20,45.13
2023-10-23,44.4
2023-10-24,43.775
2023-10-25,43.695
2023-10-26,43.355
2023-10-27,42.315
2023-10-30,42.455
2023-10-31,42.595
2023-11-01,42.495
2023-11-02,43.78
2023-11-03,43.34
2023-11-06,42.85
2023-11-07,41.9
2023-11-08,41.375
2023-11-09,41.25
2023-11-10,41.705
2023-11-13,42.005
2023-11-14,42.38
2023-11-15,42.3
2023-11-16,41.475
2023-11-17,42.345
2023-11-20,42.405
2023-11-21,42.31
2023-11-22,42.29
2023-11-24,42.465
2023-11-27,42.315
2023-11-28,42.325
2023-11-29,42.01
2023-11-30,42.29
2023-12-01,42.51
2023-12-04,42.315
2023-12-05,41.575
2023-12-06,40.955
2023-12-07,40.675
2023-12-08,41.115
2023-12-11,41.165
2023-12-12,40.6
2023-12-13,41.165
2023-12-14,42.375
2023-12-15,42.15
2023-12-18,42.09
2023-12-19,42.595
2023-12-20,42.2
2023-12-21,42.365
2023-12-22,42.49
2023-12-26,42.855
2023-12-27,42.665
2023-12-28,42.015
2023-12-29,41.92
2024-01-02,42.37
2024-01-03,43.06
2024-01-04,42.305
2024-01-05,42.34
2024-01-08,41.85
2024-01-09,41.18
2024-01-10,40.775
2024-01-11,40.88
2024-01-12,41.34
2024-01-16,40.355
2024-01-17,40.02
2024-01-18,39.955
2024-01-19,40.085
2024-01-22,40.235
2024-01-23,40.32
2024-01-24,40.895
2024-01-25,41.815
2024-01-26,42.125
2024-01-29,42.065
2024-01-30,42.5
2024-01-31,41.705
2024-02-01,41.7
2024-02-02,41.76
2024-02-05,41.655
2024-02-06,41.79
2024-02-07,41.875
2024-02-08,42.305
2024-02-09,41.655
2024-02-12,42.115
2024-02-13,41.69
2024-02-14,41.65
2024-02-15,42.81
2024-02-16,42.785
2024-02-20,42.395
2024-02-21,43.19
2024-02-22,43.265
2024-02-23,42.98
2024-02-26,43.13
2024-02-27,42.945
2024-02-28,42.86
2024-02-29,43.07
2024-03-01,43.57
2024-03-04,43.105
2024-03-05,43.425
2024-03-06,43.56
2024-03-07,43.93
2024-03-08,44.085
2024-03-11,44.54
2024-03-12,44.47
2024-03-13,45.18
2024-03-14,45.645
2024-03-15,45.78
2024-03-18,45.57
2024-03-19,46.09
2024-03-20,46.025
2024-03-21,46.3
2024-03-22,46.2
2024-03-25,46.63
2024-03-26,46.27
2024-03-27,46.7
2024-03-28,47.205
2024-04-01,47.555
2024-04-02,48.22
2024-04-03,48.55
2024-04-04,48.52
2024-04-05,49.04
2024-04-08,48.73
2024-04-09,48.745
2024-04-10,48.895
2024-04-11,48.86
2024-04-12,48.065
2024-04-15,47.615
2024-04-16,47.2
2024-04-17,47.065
2024-04-18,46.92
2024-04-19,47.485
2024-04-22,47.795
2024-04-23,48.06
2024-04-24,48.095
2024-04-25,48.315
2024-04-26,47.87
2024-04-29,48.195
2024-04-30,46.76
2024-05-01,46.015
2024-05-02,46.28
2024-05-03,46.285
2024-05-06,46.65
2024-05-07,46.605
2024-05-08,46.55
2024-05-09,47.175
2024-05-10,46.915
2024-05-13,46.79
2024-05-14,46.85
2024-05-15,46.955
2024-05-16,46.825
2024-05-17,47.48
2024-05-20,47.17
2024-05-21,46.94
2024-05-22,46.04
2024-05-23,45.62
2024-05-24,45.685
2024-05-28,46.155
2024-05-29,45.34
2024-05-30,45.47
2024-05-31,46.6
2024-06-03,45.38
2024-06-04,44.945
2024-06-05,44.94
2024-06-06,45.175
2024-06-07,44.995
2024-06-10,45.335
2024-06-11,45.245
2024-06-12,44.76
2024-06-13,44.35
2024-06-14,44.02
2024-06-17,44.135
2024-06-18,44.32
2024-06-20,45.135
2024-06-21,44.875
2024-06-24,45.64
2024-06-25,45.745
2024-06-26,45.295
2024-06-27,45.4
2024-06-28,45.575
2024-07-01,45.6
2024-07-02,45.565
2024-07-03,45.765
2024-07-05,45.05
2024-07-08,44.775
2024-07-09,44.38
2024-07-10,44.68
2024-07-11,45.145
2024-07-12,45.26
2024-07-15,45.945
2024-07-16,46.15
2024-07-17,46.61
2024-07-18,46.695
2024-07-19,46.185
2024-07-22,45.895
2024-07-23,45.165
2024-07-24,45.17
2024-07-25,45.95
2024-07-26,46.095
2024-07-29,45.7
2024-07-30,46.41
2024-07-31,46.605
2024-08-01,45.37
2024-08-02,44.2
2024-08-05,43.225
2024-08-06,43.49
2024-08-07,43.665
2024-08-08,44.605
2024-08-09,44.705
2024-08-12,44.925
2024-08-13,44.49
2024-08-14,44.75
2024-08-15,45.285
2024-08-16,45.235
2024-08-19,45.54
2024-08-20,44.34
2024-08-21,44.415
2024-08-22,44.53
2024-08-23,45.195
2024-08-26,45.6
2024-08-27,45.175
2024-08-28,44.885
2024-08-29,45.47
2024-08-30,45.64
2024-09-03,44.505
2024-09-04,43.89
2024-09-05,43.55
2024-09-06,43.005
2024-09-09,43.315
2024-09-10,42.57
2024-09-11,42.175
2024-09-12,42.555
2024-09-13,42.795
2024-09-16,43.285
2024-09-17,43.87
2024-09-18,43.955
2024-09-19,44.48
2024-09-20,44.38
2024-09-23,44.56
2024-09-24,44.45
2024-09-25,43.58
2024-09-26,42.725
2024-09-27,43.595
2024-09-30,43.9
2024-10-01,44.9
2024-10-02,45.36
2024-10-03,46.16
2024-10-04,46.59
2024-10-07,46.755
2024-10-08,45.535
2024-10-09,45.81
2024-10-10,46.12
2024-10-11,46.405
2024-10-14,46.385
2024-10-15,44.89
2024-10-16,45.105
2024-10-17,45.32
2024-10-18,45.17
2024-10-21,45.035
2024-10-22,45.14
2024-10-23,44.905
2024-10-24,44.9
2024-10-25,44.885
2024-10-28,44.6
2024-10-29,43.92
2024-10-30,44.02
2024-10-31,44.295
2024-11-01,44.015
2024-11-04,44.785
2024-11-05,45.085
2024-11-06,46.78
2024-11-07,46.565
2024-11-08,46.875
2024-11-11,47.14
2024-11-12,46.89
2024-11-13,47.255
2024-11-14,47.435
2024-11-15,47.365
2024-11-18,47.995
2024-11-19,47.69
2024-11-20,48.17
2024-11-21,48.56
2024-11-22,48.635
2024-11-25,47.675
2024-11-26,47.61
2024-11-27,47.56
2024-11-29,47.765
2024-12-02,47.26
2024-12-03,47.255
2024-12-04,46.115
2024-12-05,46.295
2024-12-06,45.51
2024-12-09,45.435
2024-12-10,45.125
2024-12-11,45.2
2024-12-12,44.835
2024-12-13,44.61
2024-12-16,43.63
2024-12-17,43.305
2024-12-18,42.025
2024-12-19,41.66
2024-12-20,42.07
2024-12-23,41.965
2024-12-24,42.32
2024-12-26,42.285
2024-12-27,42.28
2024-12-30,42.275
2024-12-31,42.83
2025-01-02,43.33
2025-01-03,43.735
2025-01-06,43.535
2025-01-07,43.97
2025-01-08,44.015
2025-01-10,44.195
2025-01-13,45.125
2025-01-14,45.61
2025-01-15,46.285
2025-01-16,46.62
2025-01-17,46.98
2025-01-21,46.74
2025-01-22,45.89
2025-01-23,46.1
2025-01-24,45.655
2025-01-27,45.18
2025-01-28,44.75
2025-01-29,44.85
2025-01-30,45.08
2025-01-31,43.82
2025-02-03,44.095
2025-02-04,45.02
2025-02-05,45.115
2025-02-06,44.285
2025-02-07,44.28
2025-02-10,45.255
2025-02-11,45.62
2025-02-12,44.52
2025-02-13,44.855
2025-02-14,45.035
2025-02-18,45.65
2025-02-19,46.01
2025-02-20,46.43
2025-02-21,45.465
2025-02-24,45.475
2025-02-25,44.82
2025-02-26,44.565
2025-02-27,44.805
2025-02-28,45.5
2025-03-03,43.91
2025-03-04,43.485
2025-03-05,42.85
2025-03-06,42.98
2025-03-07,43.715
2025-03-10,44.04
2025-03-11,43.69
2025-03-12,43.89
2025-03-13,43.59
2025-03-14,44.88
2025-03-17,45.595
2025-03-18,45.67
2025-03-19,46.415
2025-03-20,46.585
2025-03-21,46.26
2025-03-24,46.425
2025-03-25,46.615
2025-03-26,46.89
2025-03-27,46.435
2025-03-28,46.215
2025-03-31,46.725
2025-04-01,47
2025-04-02,47.065
2025-04-03,43.37
2025-04-04,39.38
2025-04-07,39.125
2025-04-08,38.22
2025-04-09,41.18
2025-04-10,38.49
2025-04-11,39.445
2025-04-14,39.585
2025-04-15,39.525
2025-04-16,39.85
2025-04-17,40.75
2025-04-21,39.685
2025-04-22,40.695
2025-04-23,40.62
2025-04-24,41.27
2025-04-25,41.195
2025-04-28,41.485
2025-04-29,41.365
2025-04-30,40.25
2025-05-01,40.4
2025-05-02,40.99
2025-05-05,40.25
2025-05-06,40.26
2025-05-07,40.275
2025-05-08,40.805
2025-05-09,41.215
2025-05-12,42.29
2025-05-13,42.885
2025-05-14,42.625
2025-05-15,42.805
2025-05-16,42.74
2025-05-19,42.185
2025-05-20,41.795
2025-05-21,41.025
2025-05-22,40.865
2025-05-23,40.995
2025-05-27,41.35
2025-05-28,40.825
2025-05-29,41.13
2025-05-30,40.765
2025-06-02,41.3
2025-06-03,41.79
2025-06-04,40.975
2025-06-05,40.935
2025-06-06,41.705
2025-06-09,41.785
2025-06-10,42.53
2025-06-11,43.145
2025-06-12,43.295
2025-06-13,44.05
2025-06-16,43.92
2025-06-17,44.33
2025-06-18,44.04
2025-06-20,44.49
2025-06-23,43.015
2025-06-24,42.455
2025-06-25,42.27
2025-06-26,42.875
2025-06-27,42.65
2025-06-30,42.405
2025-07-01,42.73
2025-07-02,43.465
2025-07-03,43.515
2025-07-07,43.095
2025-07-08,44.255
2025-07-09,44.03
2025-07-10,44.365
2025-07-11,44.565
2025-07-14,44.075
2025-07-15,43.44
2025-07-16,43.065
2025-07-17,43.33
2025-07-18,42.98
2025-07-21,42.535
2025-07-22,42.735
2025-07-23,43.405
2025-07-24,43.715
2025-07-25,43.55
2025-07-28,44.045
2025-07-29,44.475
2025-07-30,43.84
2025-07-31,43.605
2025-08-01,42.795
2025-08-04,42.7
2025-08-05,42.755
2025-08-06,42.36
2025-08-07,42.195
2025-08-08,42.465
2025-08-11,42.125
2025-08-12,42.33
2025-08-13,42.82
2025-08-14,42.78
2025-08-15,42.78
2025-08-18,42.525
2025-08-19,42.54
2025-08-20,42.895
2025-08-21,43.19
2025-08-22,44.07
2025-08-25,44.185
2025-08-26,44.115
2025-08-27,44.61
2025-08-28,44.95
2025-08-29,45.195
2025-09-02,45.26
2025-09-03,44.245
2025-09-04,44.54
2025-09-05,43.68
2025-09-08,43.58
2025-09-09,43.79
2025-09-10,44.555
2025-09-11,44.565
2025-09-12,44.3
2025-09-15,44.15
2025-09-16,44.89
2025-09-17,44.995
2025-09-18,44.855
2025-09-19,44.26
2025-09-22,43.835
2025-09-23,44.59
2025-09-24,45.17
2025-09-25,45.575
2025-09-26,45.995
2025-09-29,45.15
2025-09-30,44.67
2025-10-01,44.67
2025-10-02,44.22
2025-10-03,44.455
2025-10-06,44.675
2025-10-07,44.745
2025-10-08,44.485
2025-10-09,43.88
2025-10-10,42.61
2025-10-13,43.19
2025-10-14,43.185
2025-10-15,43.16
2025-10-16,42.64
2025-10-17,42.99
2025-10-20,43.445
2025-10-21,43.345
2025-10-22,43.9
2025-10-23,44.485
2025-10-24,44.035
2025-10-27,44.14
2025-10-28,43.68
2025-10-29,44.005
2025-10-30,43.745
2025-10-31,44.065
2025-11-03,44.07
2025-11-04,43.595
2025-11-05,43.71
2025-11-06,44.135
2025-11-07,44.77
2025-11-10,45.175
2025-11-11,45.765
2025-11-12,45.125
2025-11-13,45.24
2025-11-14,46.01
2025-11-17,45.17
2025-11-18,45.53
2025-11-19,44.94
2025-11-20,44.43
2025-11-21,44.71
2025-11-24,44.585
2025-11-25,44.305
2025-11-26,44.64
2025-11-28,45.225
2025-12-01,45.66
2025-12-02,45.07
2025-12-03,45.915
2025-12-04,46.11
2025-12-05,45.92
2025-12-08,45.42
2025-12-09,45.7
2025-12-10,46.18
2025-12-11,45.96
2025-12-12,45.51
2025-12-15,45.19
2025-12-16,43.81
2025-12-17,44.78
2025-12-18,44.13
2025-12-19,44.13
2025-12-22,44.21
2025-12-23,44.5
2025-12-24,44.37
2025-12-26,44.2
2025-12-29,44.62
2025-12-30,44.96
2025-12-31,44.71
2026-01-02,45.65
2026-01-05,46.89
2026-01-06,45.64
2026-01-07,45.13
2026-01-08,46.55
2026-01-09,46.67
2026-01-12,46.34
2026-01-13,47
2026-01-14,48.06
2026-01-15,47.61
2026-01-16,47.69
2026-01-20,47.6
2026-01-21,48.75
2026-01-22,48.91
2026-01-23,49.19
2026-01-26,49.22
2026-01-27,49.67
2026-01-28,50.05
2026-01-29,50.51
2026-01-30,51.05
2026-02-02,50.05
2026-02-03,51.67
2026-02-04,52.83
2026-02-05,52.21
2026-02-06,53.25
2026-02-09,53.64
2026-02-10,53.58
2026-02-11,54.98
2026-02-12,53.98
2026-02-13,54.35
2026-02-17,53.75
2026-02-18,54.78
2026-02-19,55.18
2026-02-20,54.88
2026-02-23,55.15
2026-02-24,55.1
2026-02-25,54.87
2026-02-26,55.05
2026-02-27,55.92
2026-03-02,57.04
2026-03-03,56.52
2026-03-04,56.19
2026-03-05,56.48
2026-03-06,56.57
2026-03-09,56.32
2026-03-10,55.6
2026-03-11,56.98
2026-03-12,57.51
2026-03-13,57.7
2026-03-16,57.9
2026-03-17,58.51
2026-03-18,58.43
2026-03-19,59.36
2026-03-20,59.31
2026-03-23,59.63
2026-03-24,60.84
2026-03-25,60.57
2026-03-26,61.52
2026-03-27,62.56
2026-03-30,61.96
2026-03-31,61.26
2026-04-01,58.97
2026-04-02,59.25
2026-04-06,59.68
2026-04-07,60.16
2026-04-08,58.05
2026-04-09,57.33
2026-04-10,56.94
2026-04-13,57.11
2026-04-14,55.95
2026-04-15,55.76
2026-04-16,56.58
2026-04-17,55.02
2026-04-20,55.07
2026-04-21,55.87
2026-04-22,56.54
2026-04-23,56.98
2026-04-24,56.87
2026-04-27,56.77
2026-04-28,57.71
2026-04-29,59.03
2026-04-30,59.65
2026-05-01,58.85
2026-05-04,59.39
2026-05-05,59.45
2026-05-06,57
2026-05-07,55.95
2026-05-08,55.7
2026-05-11,57.17
2026-05-12,57.57
2026-05-13,57.63
2026-05-14,58.07
2026-05-15,59.44
2026-05-18,60.58
2026-05-19,61.29
2026-05-20,59.8
2026-05-21,59.13
2026-05-22,59.49
2026-05-26,57.85
2026-05-27,56.99
2026-05-28,56.95
2026-05-29,56.29
2026-06-01,57.3
2026-06-02,57.96
2026-06-03,58.71
2026-06-04,58.75
2026-06-05,57.67
2026-06-08,58.33
2026-06-09,57.39
2026-06-10,58.25
2026-06-11,57.12
2026-06-12,57.55
2026-06-15,55.55
2026-06-16,55.36
2026-06-17,54.67
2026-06-18,53.77
2026-06-22,54.06
2026-06-23,54.46
2026-06-24,53.57
2026-06-25,54.09
2026-06-26,53.84
2026-06-29,53.58
2026-06-30,53.11
2026-07-01,52.81
2026-07-02,53.22
2026-07-06,53.13
2026-07-07,54.64
2026-07-08,55.6
2026-07-09,54.82
2026-07-10,55.08
2026-07-13,56.74
2026-07-14,56.95
2026-07-15,56.5
2026-07-16,57.02
2026-07-17,57.68
2026-07-20,57.94
2026-07-21,58.5
2026-07-22,59.2
2026-07-23,59.38
2026-07-24,59.62
2026-07-27,58.36
2026-07-28,57.57
2026-07-29,58.65
2026-07-30,58.96
2026-07-31,59.55
2026-08-03,58.79
2026-08-04,58.52
2026-08-05,57.31
2026-08-06,58.16
2026-08-07,57.5
2026-08-10,60.18
2026-08-11,60.93
2026-08-12,61.03
2026-08-13,61.06
