Date,Value
1998-12-22,12.7344
1998-12-23,12.7891
1998-12-24,13.0234
1998-12-28,12.9063
1998-12-29,13.1875
1998-12-30,13.0781
1998-12-31,13.0625
1999-01-04,12.9844
1999-01-05,13.2031
1999-01-06,13.5781
1999-01-07,13.5625
1999-01-08,13.5781
1999-01-11,13.5078
1999-01-12,13.1563
1999-01-13,13.2188
1999-01-14,12.9219
1999-01-15,13.0859
1999-01-19,13.0781
1999-01-20,13.2969
1999-01-21,13.1719
1999-01-22,13.2344
1999-01-25,13.2031
1999-01-26,13.5156
1999-01-27,13.5
1999-01-28,13.6406
1999-01-29,13.7344
1999-02-01,13.7656
1999-02-02,13.5938
1999-02-03,13.8125
1999-02-04,13.7344
1999-02-05,13.3906
1999-02-08,13.6094
1999-02-09,13.1875
1999-02-10,13.1875
1999-02-11,13.6172
1999-02-12,13.375
1999-02-16,13.5469
1999-02-17,13.5
1999-02-18,13.5156
1999-02-19,13.5859
1999-02-22,13.9297
1999-02-23,13.8594
1999-02-24,13.6875
1999-02-25,13.5313
1999-02-26,13.6484
1999-03-01,13.6563
1999-03-02,13.6875
1999-03-03,13.6172
1999-03-04,13.9063
1999-03-05,14.3281
1999-03-08,14.3906
1999-03-09,14.4297
1999-03-10,14.3906
1999-03-11,14.5469
1999-03-12,14.6094
1999-03-15,14.6406
1999-03-16,14.5625
1999-03-17,14.5
1999-03-18,14.75
1999-03-19,14.5313
1999-03-22,14.375
1999-03-23,13.9375
1999-03-24,13.8281
1999-03-25,14.25
1999-03-26,14.1563
1999-03-29,14.5
1999-03-30,14.5156
1999-03-31,14.2969
1999-04-01,14.2813
1999-04-05,14.4688
1999-04-06,14.5469
1999-04-07,14.6719
1999-04-08,15
1999-04-09,15.1406
1999-04-12,15.2656
1999-04-13,15.1875
1999-04-14,14.8438
1999-04-15,14.8125
1999-04-16,14.8594
1999-04-19,14.5313
1999-04-20,14.7188
1999-04-21,14.9688
1999-04-22,15.0078
1999-04-23,15.1719
1999-04-26,15.0781
1999-04-27,15.1172
1999-04-28,15.0625
1999-04-29,14.7188
1999-04-30,14.6719
1999-05-03,15.0313
1999-05-04,14.8594
1999-05-05,14.7344
1999-05-06,14.4063
1999-05-07,14.7344
1999-05-10,14.7188
1999-05-11,15.0156
1999-05-12,15.1094
1999-05-13,15.0313
1999-05-14,14.7344
1999-05-17,14.4375
1999-05-18,14.5313
1999-05-19,14.3594
1999-05-20,14.4844
1999-05-21,14.3906
1999-05-24,14.0781
1999-05-25,13.9375
1999-05-26,14.0938
1999-05-27,13.8125
1999-05-28,14.0078
1999-06-01,14.0938
1999-06-02,14.0625
1999-06-03,14.3906
1999-06-04,14.5
1999-06-07,14.5391
1999-06-08,14.3203
1999-06-09,14.1797
1999-06-10,13.9766
1999-06-11,13.9063
1999-06-14,13.9219
1999-06-15,13.8281
1999-06-16,14.2031
1999-06-17,14.1328
1999-06-18,14.2188
1999-06-21,14.4688
1999-06-22,14.375
1999-06-23,14.1719
1999-06-24,14.1406
1999-06-25,14.0938
1999-06-28,14.3672
1999-06-29,14.6094
1999-06-30,14.8906
1999-07-01,14.9688
1999-07-02,15.0469
1999-07-06,15.1719
1999-07-07,15.0313
1999-07-08,14.9063
1999-07-09,14.9063
1999-07-12,14.8125
1999-07-13,14.7031
1999-07-14,14.7344
1999-07-15,14.9297
1999-07-16,15.0156
1999-07-19,14.9844
1999-07-20,14.5938
1999-07-21,14.4531
1999-07-22,14.2656
1999-07-23,14.1563
1999-07-26,14.2344
1999-07-27,14.3125
1999-07-28,14.2656
1999-07-29,14.0469
1999-07-30,13.7813
1999-08-02,13.6797
1999-08-03,13.5078
1999-08-04,13.2344
1999-08-05,13.1172
1999-08-06,13.0156
1999-08-09,12.8438
1999-08-10,12.8438
1999-08-11,13.125
1999-08-12,13.2813
1999-08-13,13.5469
1999-08-16,13.7344
1999-08-17,13.7031
1999-08-18,13.6563
1999-08-19,13.5391
1999-08-20,13.6875
1999-08-23,13.9063
1999-08-24,13.8906
1999-08-25,14.0313
1999-08-26,13.7578
1999-08-27,13.7031
1999-08-30,13.4063
1999-08-31,13.25
1999-09-01,13.2656
1999-09-02,13.1094
1999-09-03,13.4688
1999-09-07,13.2578
1999-09-08,13.1875
1999-09-09,13.2344
1999-09-10,13.4844
1999-09-13,13.4453
1999-09-14,13.375
1999-09-15,13.2578
1999-09-16,12.9766
1999-09-17,13.1406
1999-09-20,13.125
1999-09-21,12.8281
1999-09-22,12.9688
1999-09-23,13.0313
1999-09-24,12.7656
1999-09-27,12.9844
1999-09-28,12.9453
1999-09-29,12.8516
1999-09-30,13.0391
1999-10-01,13.1094
1999-10-04,13.5313
1999-10-05,13.5547
1999-10-06,13.7031
1999-10-07,13.6641
1999-10-08,14.0547
1999-10-11,14.1563
1999-10-12,13.8672
1999-10-13,13.7031
1999-10-14,13.5078
1999-10-15,13.1641
1999-10-18,13.25
1999-10-19,13.3828
1999-10-20,13.6172
1999-10-21,13.5
1999-10-22,13.8516
1999-10-25,13.6094
1999-10-26,13.2734
1999-10-27,13.3125
1999-10-28,13.8125
1999-10-29,14.1953
1999-11-01,14.0938
1999-11-02,13.9922
1999-11-03,13.875
1999-11-04,14.0469
1999-11-05,14.1406
1999-11-08,14.0938
1999-11-09,13.9453
1999-11-10,14
1999-11-11,14.0313
1999-11-12,14.3594
1999-11-15,14.3828
1999-11-16,14.4453
1999-11-17,14.3203
1999-11-18,14.3828
1999-11-19,14.25
1999-11-22,14.0859
1999-11-23,14.0313
1999-11-24,14.1094
1999-11-26,14.2813
1999-11-29,14.4063
1999-11-30,14.2031
1999-12-01,14.375
1999-12-02,14.3125
1999-12-03,14.4766
1999-12-06,14.5
1999-12-07,14.2578
1999-12-08,14.1797
1999-12-09,14.1563
1999-12-10,14.5469
1999-12-13,14.9844
1999-12-14,14.7891
1999-12-15,14.8594
1999-12-16,15.1875
1999-12-17,15.0938
1999-12-20,14.6563
1999-12-21,14.7188
1999-12-22,14.75
1999-12-23,15.0391
1999-12-27,15.1875
1999-12-28,15.3438
1999-12-29,15.4063
1999-12-30,15.3594
1999-12-31,15.5313
2000-01-03,15.0625
2000-01-04,14.6094
2000-01-05,14.4297
2000-01-06,14.5938
2000-01-07,15.2813
2000-01-10,15.2031
2000-01-11,15.1172
2000-01-12,15.0313
2000-01-13,15.1094
2000-01-14,15.0703
2000-01-18,14.9844
2000-01-19,14.9531
2000-01-20,14.75
2000-01-21,14.4453
2000-01-24,13.9063
2000-01-25,13.9922
2000-01-26,14.0938
2000-01-27,14.0547
2000-01-28,13.5
2000-01-31,13.6016
2000-02-01,14.0938
2000-02-02,14
2000-02-03,14.0547
2000-02-04,14.0313
2000-02-07,13.7344
2000-02-08,14.0469
2000-02-09,13.8125
2000-02-10,13.6875
2000-02-11,13.4922
2000-02-14,13.5625
2000-02-15,13.5938
2000-02-16,13.0625
2000-02-17,12.6875
2000-02-18,12.5
2000-02-22,12.5313
2000-02-23,12.4922
2000-02-24,12.0938
2000-02-25,12.1406
2000-02-28,12.5781
2000-02-29,12.8438
2000-03-01,12.6953
2000-03-02,12.6797
2000-03-03,12.9141
2000-03-06,12.6094
2000-03-07,12.2578
2000-03-08,12.4063
2000-03-09,12.6563
2000-03-10,12.4844
2000-03-13,12.3828
2000-03-14,12.4063
2000-03-15,13.1563
2000-03-16,14.125
2000-03-17,14.1328
2000-03-20,14
2000-03-21,14.1563
2000-03-22,14.0938
2000-03-23,14.1328
2000-03-24,14.1797
2000-03-27,14.1406
2000-03-28,14.1875
2000-03-29,14.4688
2000-03-30,14.7891
2000-03-31,14.6328
2000-04-03,15.0703
2000-04-04,14.8828
2000-04-05,14.9063
2000-04-06,15.0625
2000-04-07,15.0625
2000-04-10,15.4141
2000-04-11,15.5234
2000-04-12,15.4922
2000-04-13,15.2031
2000-04-14,14
2000-04-17,14.0156
2000-04-18,14.3125
2000-04-19,14.4219
2000-04-20,14.6094
2000-04-24,14.7656
2000-04-25,15.0313
2000-04-26,15.0156
2000-04-27,14.7031
2000-04-28,14.3281
2000-05-01,14.7656
2000-05-02,14.6641
2000-05-03,13.9688
2000-05-04,13.7422
2000-05-05,13.9141
2000-05-08,13.875
2000-05-09,14.0156
2000-05-10,14.0156
2000-05-11,14.1406
2000-05-12,14.3438
2000-05-15,14.3906
2000-05-16,14.5
2000-05-17,14.1563
2000-05-18,14.4375
2000-05-19,14.0703
2000-05-22,13.8594
2000-05-23,13.7969
2000-05-24,13.5469
2000-05-25,13.4219
2000-05-26,13.1406
2000-05-30,13.2422
2000-05-31,13.5547
2000-06-01,13.6563
2000-06-02,14.0313
2000-06-05,13.9531
2000-06-06,13.5078
2000-06-07,13.5078
2000-06-08,13.375
2000-06-09,13.1563
2000-06-12,12.8281
2000-06-13,13.0781
2000-06-14,13.125
2000-06-15,13.0938
2000-06-16,12.9219
2000-06-19,12.9063
2000-06-20,12.625
2000-06-21,12.5391
2000-06-22,12.4844
2000-06-23,12.5625
2000-06-26,12.5625
2000-06-27,12.9219
2000-06-28,12.875
2000-06-29,12.6563
2000-06-30,12.7969
2000-07-03,12.9688
2000-07-05,13.125
2000-07-06,13.2188
2000-07-07,13.8594
2000-07-10,14.0625
2000-07-11,14.1641
2000-07-12,14.2031
2000-07-13,13.9375
2000-07-14,14.1094
2000-07-17,14.0313
2000-07-18,14.0625
2000-07-19,13.8828
2000-07-20,13.8438
2000-07-21,13.8125
2000-07-24,13.5938
2000-07-25,13.625
2000-07-26,13.5781
2000-07-27,13.6875
2000-07-28,13.2656
2000-07-31,13
2000-08-01,13.1875
2000-08-02,13.1875
2000-08-03,13.125
2000-08-04,13.0703
2000-08-07,13.4219
2000-08-08,13.8203
2000-08-09,13.5781
2000-08-10,13.1875
2000-08-11,13.375
2000-08-14,13.5469
2000-08-15,13.1563
2000-08-16,12.8984
2000-08-17,12.9063
2000-08-18,13.0781
2000-08-21,12.7656
2000-08-22,13.0156
2000-08-23,12.9375
2000-08-24,12.9375
2000-08-25,13.0547
2000-08-28,12.8438
2000-08-29,12.7891
2000-08-30,12.6406
2000-08-31,12.4609
2000-09-01,12.7109
2000-09-05,12.8438
2000-09-06,13.0313
2000-09-07,12.9219
2000-09-08,13.1641
2000-09-11,13.4063
2000-09-12,13.4063
2000-09-13,13.4063
2000-09-14,13.3281
2000-09-15,13.1797
2000-09-18,12.9141
2000-09-19,12.6953
2000-09-20,12.4453
2000-09-21,12.9063
2000-09-22,12.8203
2000-09-25,12.625
2000-09-26,12.3438
2000-09-27,12.4609
2000-09-28,12.6563
2000-09-29,12.4453
2000-10-02,12.25
2000-10-03,12.3438
2000-10-04,12.5625
2000-10-05,12.3984
2000-10-06,12.0078
2000-10-09,12.0859
2000-10-10,12.0938
2000-10-11,11.75
2000-10-12,10.9297
2000-10-13,11.1563
2000-10-16,11.3516
2000-10-17,11.0391
2000-10-18,11.25
2000-10-19,11.7109
2000-10-20,11.5
2000-10-23,11.5703
2000-10-24,11.5781
2000-10-25,11.4063
2000-10-26,11.3672
2000-10-27,11.4766
2000-10-30,11.7656
2000-10-31,12.2891
2000-11-01,12.3906
2000-11-02,12.5
2000-11-03,12.3203
2000-11-06,12.4844
2000-11-07,12.3594
2000-11-08,12.5
2000-11-09,12.0156
2000-11-10,11.4609
2000-11-13,11.7813
2000-11-14,12.1328
2000-11-15,12.25
2000-11-16,12.1172
2000-11-17,12.1094
2000-11-20,11.8125
2000-11-21,11.7188
2000-11-22,11.5938
2000-11-24,11.6719
2000-11-27,12.0938
2000-11-28,12.0469
2000-11-29,12.2188
2000-11-30,11.9844
2000-12-01,12
2000-12-04,12.4531
2000-12-05,12.75
2000-12-06,12.6719
2000-12-07,12.5
2000-12-08,12.6328
2000-12-11,12.4766
2000-12-12,12.5
2000-12-13,12.25
2000-12-14,12.2109
2000-12-15,11.8594
2000-12-18,12.1172
2000-12-19,11.8281
2000-12-20,11.6875
2000-12-21,12.0469
2000-12-22,12.25
2000-12-26,12.0156
2000-12-27,12.5938
2000-12-28,12.75
2000-12-29,12.7969
2001-01-02,12.7734
2001-01-03,13.7813
2001-01-04,13.9766
2001-01-05,13.5156
2001-01-08,13.3359
2001-01-09,13.2266
2001-01-10,13.3125
2001-01-11,13.4297
2001-01-12,13.4219
2001-01-16,13.7344
2001-01-17,13.5469
2001-01-18,13.3438
2001-01-19,12.8125
2001-01-22,13.2969
2001-01-23,13.4531
2001-01-24,13.4688
2001-01-25,13.6797
2001-01-26,13.5313
2001-01-29,13.8
2001-01-30,13.84
2001-01-31,14.285
2001-02-01,14.265
2001-02-02,13.995
2001-02-05,13.915
2001-02-06,13.93
2001-02-07,13.96
2001-02-08,13.55
2001-02-09,13.375
2001-02-12,13.75
2001-02-13,13.935
2001-02-14,13.8
2001-02-15,13.795
2001-02-16,13.62
2001-02-20,13.8
2001-02-21,13.205
2001-02-22,13
2001-02-23,13.215
2001-02-26,13.62
2001-02-27,13.55
2001-02-28,13.265
2001-03-01,13.05
2001-03-02,13.15
2001-03-05,13.01
2001-03-06,13.34
2001-03-07,13.67
2001-03-08,13.89
2001-03-09,13.75
2001-03-12,13.24
2001-03-13,13.18
2001-03-14,12.895
2001-03-15,13.04
2001-03-16,12.75
2001-03-19,12.9
2001-03-20,12.93
2001-03-21,12.85
2001-03-22,12.45
2001-03-23,12.59
2001-03-26,12.81
2001-03-27,13.09
2001-03-28,12.875
2001-03-29,13
2001-03-30,13.045
2001-04-02,13.05
2001-04-03,12.61
2001-04-04,12.745
2001-04-05,13.03
2001-04-06,12.99
2001-04-09,12.87
2001-04-10,13
2001-04-11,12.855
2001-04-12,12.635
2001-04-16,12.695
2001-04-17,12.87
2001-04-18,13.66
2001-04-19,13.7
2001-04-20,13.555
2001-04-23,13.465
2001-04-24,13.23
2001-04-25,13.24
2001-04-26,13.57
2001-04-27,13.895
2001-04-30,13.65
2001-05-01,13.8
2001-05-02,13.91
2001-05-03,13.75
2001-05-04,13.875
2001-05-07,13.77
2001-05-08,13.76
2001-05-09,13.55
2001-05-10,13.94
2001-05-11,14
2001-05-14,13.965
2001-05-15,13.915
2001-05-16,14.085
2001-05-17,14.3
2001-05-18,14.29
2001-05-21,14.45
2001-05-22,14.5
2001-05-23,14.24
2001-05-24,14.19
2001-05-25,14.12
2001-05-29,14.01
2001-05-30,13.755
2001-05-31,13.975
2001-06-01,13.925
2001-06-04,13.88
2001-06-05,14.045
2001-06-06,13.9
2001-06-07,14.005
2001-06-08,14.055
2001-06-11,13.845
2001-06-12,13.95
2001-06-13,13.8
2001-06-14,13.655
2001-06-15,13.49
2001-06-18,13.635
2001-06-19,13.68
2001-06-20,13.88
2001-06-21,14.13
2001-06-22,13.99
2001-06-25,13.81
2001-06-26,13.625
2001-06-27,13.56
2001-06-28,13.775
2001-06-29,13.835
2001-07-02,13.97
2001-07-03,13.945
2001-07-05,13.66
2001-07-06,13.335
2001-07-09,13.43
2001-07-10,13.37
2001-07-11,13.515
2001-07-12,14.1
2001-07-13,14.33
2001-07-16,14.37
2001-07-17,14.45
2001-07-18,14.46
2001-07-19,14.56
2001-07-20,14.575
2001-07-23,14.305
2001-07-24,14.1
2001-07-25,14.375
2001-07-26,14.39
2001-07-27,14.35
2001-07-30,14.445
2001-07-31,14.45
2001-08-01,14.435
2001-08-02,14.525
2001-08-03,14.43
2001-08-06,14.17
2001-08-07,14.33
2001-08-08,14.15
2001-08-09,14.1
2001-08-10,14.09
2001-08-13,13.93
2001-08-14,13.97
2001-08-15,13.85
2001-08-16,13.955
2001-08-17,13.59
2001-08-20,13.76
2001-08-21,13.42
2001-08-22,13.455
2001-08-23,13.385
2001-08-24,13.64
2001-08-27,13.625
2001-08-28,13.51
2001-08-29,13.26
2001-08-30,12.99
2001-08-31,13.185
2001-09-04,13.255
2001-09-05,13.26
2001-09-06,12.78
2001-09-07,12.315
2001-09-10,12.21
2001-09-17,11.075
2001-09-18,11.14
2001-09-19,10.885
2001-09-20,10.51
2001-09-21,10.525
2001-09-24,11.105
2001-09-25,11.135
2001-09-26,11.17
2001-09-27,11.2
2001-09-28,11.485
2001-10-01,11.475
2001-10-02,11.795
2001-10-03,12.21
2001-10-04,11.95
2001-10-05,12.05
2001-10-08,11.805
2001-10-09,11.815
2001-10-10,12.305
2001-10-11,12.7
2001-10-12,12.425
2001-10-15,12.39
2001-10-16,12.515
2001-10-17,12.2
2001-10-18,12.2
2001-10-19,12.03
2001-10-22,12.3
2001-10-23,12.325
2001-10-24,12.275
2001-10-25,12.39
2001-10-26,12.52
2001-10-29,12.085
2001-10-30,11.855
2001-10-31,12.09
2001-11-01,12.315
2001-11-02,12.5
2001-11-05,12.795
2001-11-06,12.95
2001-11-07,12.86
2001-11-08,12.97
2001-11-09,12.9
2001-11-12,12.945
2001-11-13,13.275
2001-11-14,13.575
2001-11-15,13.575
2001-11-16,13.425
2001-11-19,13.87
2001-11-20,13.7
2001-11-21,13.57
2001-11-23,13.725
2001-11-26,13.835
2001-11-27,13.585
2001-11-28,13.5
2001-11-29,13.595
2001-11-30,13.7
2001-12-03,13.5
2001-12-04,13.8
2001-12-05,14.21
2001-12-06,14.05
2001-12-07,14.055
2001-12-10,13.87
2001-12-11,13.775
2001-12-12,13.8
2001-12-13,13.645
2001-12-14,13.755
2001-12-17,13.905
2001-12-18,14.05
2001-12-19,14.12
2001-12-20,14.035
2001-12-21,14.215
2001-12-24,14.265
2001-12-26,14.4
2001-12-27,14.415
2001-12-28,14.52
2001-12-31,14.3
2002-01-02,14.345
2002-01-03,14.3
2002-01-04,14.535
2002-01-07,14.45
2002-01-08,14.5
2002-01-09,14.3
2002-01-10,14.4
2002-01-11,14.13
2002-01-14,14.025
2002-01-15,14.115
2002-01-16,13.875
2002-01-17,14.04
2002-01-18,14
2002-01-22,14.09
2002-01-23,14.395
2002-01-24,14.4
2002-01-25,14.25
2002-01-28,14.495
2002-01-29,14.19
2002-01-30,14.55
2002-01-31,14.77
2002-02-01,14.62
2002-02-04,14.375
2002-02-05,14.36
2002-02-06,14.245
2002-02-07,14.075
2002-02-08,14.2
2002-02-11,14.625
2002-02-12,14.5
2002-02-13,14.715
2002-02-14,14.77
2002-02-15,14.6
2002-02-19,14.43
2002-02-20,14.715
2002-02-21,14.575
2002-02-22,14.595
2002-02-25,14.84
2002-02-26,15
2002-02-27,14.975
2002-02-28,14.85
2002-03-01,14.99
2002-03-04,15.215
2002-03-05,14.77
2002-03-06,14.975
2002-03-07,15.09
2002-03-08,15.175
2002-03-11,15.105
2002-03-12,15.135
2002-03-13,15.1
2002-03-14,15.1
2002-03-15,15.275
2002-03-18,15.28
2002-03-19,15.345
2002-03-20,15.285
2002-03-21,15.095
2002-03-22,15.025
2002-03-25,14.75
2002-03-26,14.95
2002-03-27,15.05
2002-03-28,15.02
2002-04-01,14.74
2002-04-02,14.475
2002-04-03,14.365
2002-04-04,14.56
2002-04-05,14.65
2002-04-08,14.87
2002-04-09,14.975
2002-04-10,15.15
2002-04-11,14.92
2002-04-12,15.225
2002-04-15,14.995
2002-04-16,15.215
2002-04-17,15.06
2002-04-18,14.96
2002-04-19,15.025
2002-04-22,14.88
2002-04-23,14.905
2002-04-24,14.775
2002-04-25,14.815
2002-04-26,14.725
2002-04-29,14.565
2002-04-30,14.6
2002-05-01,14.68
2002-05-02,14.815
2002-05-03,14.615
2002-05-06,14.35
2002-05-07,14.56
2002-05-08,14.775
2002-05-09,14.55
2002-05-10,14.31
2002-05-13,14.465
2002-05-14,14.98
2002-05-15,14.89
2002-05-16,15
2002-05-17,15.125
2002-05-20,15.075
2002-05-21,14.7
2002-05-22,14.635
2002-05-23,14.775
2002-05-24,14.66
2002-05-28,14.43
2002-05-29,14.4
2002-05-30,14.275
2002-05-31,14.525
2002-06-03,14.14
2002-06-04,14.06
2002-06-05,14.35
2002-06-06,14.125
2002-06-07,14.14
2002-06-10,14.375
2002-06-11,14.3
2002-06-12,14.42
2002-06-13,14.09
2002-06-14,14
2002-06-17,14.37
2002-06-18,14.325
2002-06-19,14.265
2002-06-20,14.055
2002-06-21,13.81
2002-06-24,13.96
2002-06-25,13.725
2002-06-26,13.6
2002-06-27,13.68
2002-06-28,13.735
2002-07-01,13.32
2002-07-02,13.135
2002-07-03,13.305
2002-07-05,13.83
2002-07-08,13.64
2002-07-09,13.33
2002-07-10,12.895
2002-07-11,12.885
2002-07-12,12.72
2002-07-15,12.525
2002-07-16,12.185
2002-07-17,12.12
2002-07-18,11.92
2002-07-19,11.34
2002-07-22,11.155
2002-07-23,10.975
2002-07-24,11.62
2002-07-25,11.43
2002-07-26,11.565
2002-07-29,12.2
2002-07-30,12.155
2002-07-31,12.095
2002-08-01,11.725
2002-08-02,11.205
2002-08-05,10.945
2002-08-06,11.27
2002-08-07,11.43
2002-08-08,11.58
2002-08-09,11.625
2002-08-12,11.46
2002-08-13,11.33
2002-08-14,11.95
2002-08-15,12.44
2002-08-16,12.425
2002-08-19,12.715
2002-08-20,12.625
2002-08-21,12.835
2002-08-22,13.03
2002-08-23,12.67
2002-08-26,12.745
2002-08-27,12.485
2002-08-28,12.34
2002-08-29,12.455
2002-08-30,12.46
2002-09-03,12.015
2002-09-04,12.24
2002-09-05,12.015
2002-09-06,12.39
2002-09-09,12.555
2002-09-10,12.71
2002-09-11,12.715
2002-09-12,12.4
2002-09-13,12.525
2002-09-16,12.56
2002-09-17,12.42
2002-09-18,12.435
2002-09-19,12
2002-09-20,12.165
2002-09-23,11.785
2002-09-24,11.6
2002-09-25,11.83
2002-09-26,12.115
2002-09-27,11.76
2002-09-30,11.335
2002-10-01,11.65
2002-10-02,11.39
2002-10-03,11.335
2002-10-04,11.19
2002-10-07,10.755
2002-10-08,11.075
2002-10-09,10.675
2002-10-10,10.865
2002-10-11,11.39
2002-10-14,11.48
2002-10-15,12.05
2002-10-16,11.835
2002-10-17,11.965
2002-10-18,12.13
2002-10-21,12.4
2002-10-22,12.33
2002-10-23,12.47
2002-10-24,12.315
2002-10-25,12.565
2002-10-28,12.365
2002-10-29,12.35
2002-10-30,12.135
2002-10-31,12.1
2002-11-01,12.28
2002-11-04,12.225
2002-11-05,12.39
2002-11-06,12.53
2002-11-07,12.225
2002-11-08,12.065
2002-11-11,11.87
2002-11-12,12.05
2002-11-13,12.085
2002-11-14,12.425
2002-11-15,12.525
2002-11-18,12.32
2002-11-19,12.065
2002-11-20,12.18
2002-11-21,12.5
2002-11-22,12.535
2002-11-25,12.615
2002-11-26,12.27
2002-11-27,12.78
2002-11-29,12.66
2002-12-02,12.75
2002-12-03,12.35
2002-12-04,12.35
2002-12-05,12.265
2002-12-06,12.25
2002-12-09,11.85
2002-12-10,12.065
2002-12-11,12.05
2002-12-12,11.975
2002-12-13,11.76
2002-12-16,12.05
2002-12-17,11.875
2002-12-18,11.725
2002-12-19,11.62
2002-12-20,11.74
2002-12-23,11.575
2002-12-24,11.515
2002-12-26,11.645
2002-12-27,11.375
2002-12-30,11.485
2002-12-31,11.555
2003-01-02,11.99
2003-01-03,11.715
2003-01-06,11.93
2003-01-07,11.865
2003-01-08,11.755
2003-01-09,12.08
2003-01-10,12.11
2003-01-13,12.17
2003-01-14,12.185
2003-01-15,12.04
2003-01-16,11.995
2003-01-17,11.875
2003-01-21,11.54
2003-01-22,11.375
2003-01-23,11.64
2003-01-24,11.315
2003-01-27,11.135
2003-01-28,11.3
2003-01-29,11.4
2003-01-30,11.075
2003-01-31,11.17
2003-02-03,11.21
2003-02-04,10.98
2003-02-05,10.95
2003-02-06,10.91
2003-02-07,10.825
2003-02-10,10.83
2003-02-11,10.87
2003-02-12,10.78
2003-02-13,10.645
2003-02-14,10.875
2003-02-18,11.175
2003-02-19,11.02
2003-02-20,10.915
2003-02-21,11.08
2003-02-24,10.77
2003-02-25,10.99
2003-02-26,10.84
2003-02-27,10.99
2003-02-28,11.12
2003-03-03,10.95
2003-03-04,10.645
2003-03-05,10.78
2003-03-06,10.655
2003-03-07,10.815
2003-03-10,10.56
2003-03-11,10.47
2003-03-12,10.45
2003-03-13,11.005
2003-03-14,11.025
2003-03-17,11.555
2003-03-18,11.48
2003-03-19,11.7
2003-03-20,11.79
2003-03-21,12.14
2003-03-24,11.585
2003-03-25,11.755
2003-03-26,11.77
2003-03-27,11.725
2003-03-28,11.605
2003-03-31,11.365
2003-04-01,11.5
2003-04-02,11.8
2003-04-03,11.86
2003-04-04,11.945
2003-04-07,12.05
2003-04-08,12.06
2003-04-09,11.9
2003-04-10,12.035
2003-04-11,11.91
2003-04-14,12.215
2003-04-15,12.305
2003-04-16,12.135
2003-04-17,12.365
2003-04-21,12.37
2003-04-22,12.62
2003-04-23,12.75
2003-04-24,12.55
2003-04-25,12.36
2003-04-28,12.645
2003-04-29,12.75
2003-04-30,12.695
2003-05-01,12.58
2003-05-02,12.7
2003-05-05,12.655
2003-05-06,12.82
2003-05-07,12.81
2003-05-08,12.69
2003-05-09,12.835
2003-05-12,13.03
2003-05-13,13.015
2003-05-14,12.915
2003-05-15,12.945
2003-05-16,12.965
2003-05-19,12.575
2003-05-20,12.58
2003-05-21,12.635
2003-05-22,12.85
2003-05-23,12.805
2003-05-27,13.1
2003-05-28,13.105
2003-05-29,13.09
2003-05-30,13.37
2003-06-02,13.495
2003-06-03,13.475
2003-06-04,13.685
2003-06-05,13.76
2003-06-06,13.69
2003-06-09,13.495
2003-06-10,13.645
2003-06-11,13.795
2003-06-12,13.88
2003-06-13,13.73
2003-06-16,14.05
2003-06-17,14.05
2003-06-18,13.92
2003-06-19,13.69
2003-06-20,13.69
2003-06-23,13.52
2003-06-24,13.52
2003-06-25,13.44
2003-06-26,13.54
2003-06-27,13.46
2003-06-30,13.545
2003-07-01,13.515
2003-07-02,13.64
2003-07-03,13.625
2003-07-07,13.9
2003-07-08,14.095
2003-07-09,13.92
2003-07-10,13.74
2003-07-11,13.945
2003-07-14,14.02
2003-07-15,13.935
2003-07-16,13.895
2003-07-17,13.735
2003-07-18,13.825
2003-07-21,13.67
2003-07-22,13.77
2003-07-23,13.71
2003-07-24,13.695
2003-07-25,13.875
2003-07-28,13.945
2003-07-29,13.855
2003-07-30,13.765
2003-07-31,13.795
2003-08-01,13.78
2003-08-04,13.675
2003-08-05,13.45
2003-08-06,13.495
2003-08-07,13.61
2003-08-08,13.74
2003-08-11,13.8
2003-08-12,13.985
2003-08-13,13.935
2003-08-14,14
2003-08-15,14.1
2003-08-18,14.18
2003-08-19,14.195
2003-08-20,14.28
2003-08-21,14.39
2003-08-22,14.195
2003-08-25,14.15
2003-08-26,14.245
2003-08-27,14.265
2003-08-28,14.365
2003-08-29,14.5
2003-09-02,14.7
2003-09-03,14.695
2003-09-04,14.74
2003-09-05,14.595
2003-09-08,14.6
2003-09-09,14.315
2003-09-10,14.135
2003-09-11,14.25
2003-09-12,14.2
2003-09-15,14.25
2003-09-16,14.46
2003-09-17,14.455
2003-09-18,14.55
2003-09-19,14.445
2003-09-22,14.225
2003-09-23,14.355
2003-09-24,14.075
2003-09-25,14.02
2003-09-26,13.865
2003-09-29,13.845
2003-09-30,13.79
2003-10-01,14.17
2003-10-02,14.245
2003-10-03,14.405
2003-10-06,14.51
2003-10-07,14.57
2003-10-08,14.465
2003-10-09,14.65
2003-10-10,14.68
2003-10-13,14.83
2003-10-14,14.91
2003-10-15,14.85
2003-10-16,14.915
2003-10-17,14.705
2003-10-20,14.69
2003-10-21,14.735
2003-10-22,14.53
2003-10-23,14.53
2003-10-24,14.545
2003-10-27,14.705
2003-10-28,15.035
2003-10-29,15.005
2003-10-30,15.055
2003-10-31,15.045
2003-11-03,15.16
2003-11-04,15.07
2003-11-05,15.055
2003-11-06,15.165
2003-11-07,15.205
2003-11-10,15.025
2003-11-11,15
2003-11-12,15.15
2003-11-13,15.095
2003-11-14,14.93
2003-11-17,14.795
2003-11-18,14.605
2003-11-19,14.7
2003-11-20,14.685
2003-11-21,14.75
2003-11-24,15.045
2003-11-25,15.19
2003-11-26,15.185
2003-11-28,15.18
2003-12-01,15.325
2003-12-02,15.21
2003-12-03,15.15
2003-12-04,15.115
2003-12-05,14.96
2003-12-08,15.025
2003-12-09,14.95
2003-12-10,14.88
2003-12-11,15.11
2003-12-12,15.19
2003-12-15,15.125
2003-12-16,15.09
2003-12-17,15.23
2003-12-18,15.425
2003-12-19,15.43
2003-12-22,15.48
2003-12-23,15.53
2003-12-24,15.47
2003-12-26,15.54
2003-12-29,15.68
2003-12-30,15.63
2003-12-31,15.745
2004-01-02,15.61
2004-01-05,15.745
2004-01-06,15.805
2004-01-07,15.875
2004-01-08,15.825
2004-01-09,15.76
2004-01-12,15.725
2004-01-13,15.7
2004-01-14,15.825
2004-01-15,15.87
2004-01-16,15.87
2004-01-20,15.755
2004-01-21,15.95
2004-01-22,16.075
2004-01-23,16.025
2004-01-26,16.055
2004-01-27,15.945
2004-01-28,15.565
2004-01-29,15.665
2004-01-30,15.655
2004-02-02,15.61
2004-02-03,15.525
2004-02-04,15.505
2004-02-05,15.625
2004-02-06,15.79
2004-02-09,15.81
2004-02-10,15.945
2004-02-11,16.105
2004-02-12,16.025
2004-02-13,15.865
2004-02-17,16.07
2004-02-18,15.975
2004-02-19,15.99
2004-02-20,15.87
2004-02-23,15.755
2004-02-24,15.785
2004-02-25,15.87
2004-02-26,15.97
2004-02-27,15.995
2004-03-01,16.095
2004-03-02,16.05
2004-03-03,16.065
2004-03-04,16.13
2004-03-05,16.245
2004-03-08,16.02
2004-03-09,15.915
2004-03-10,15.72
2004-03-11,15.43
2004-03-12,15.675
2004-03-15,15.365
2004-03-16,15.5
2004-03-17,15.72
2004-03-18,15.68
2004-03-19,15.57
2004-03-22,15.33
2004-03-23,15.3
2004-03-24,15.375
2004-03-25,15.645
2004-03-26,15.63
2004-03-29,15.775
2004-03-30,15.895
2004-03-31,15.875
2004-04-01,15.945
2004-04-02,16.09
2004-04-05,16.255
2004-04-06,16.22
2004-04-07,16.1
2004-04-08,16
2004-04-12,16.135
2004-04-13,15.835
2004-04-14,15.81
2004-04-15,15.795
2004-04-16,15.945
2004-04-19,15.955
2004-04-20,15.855
2004-04-21,15.875
2004-04-22,16.195
2004-04-23,16.13
2004-04-26,16
2004-04-27,16.11
2004-04-28,15.92
2004-04-29,15.815
2004-04-30,15.695
2004-05-03,15.775
2004-05-04,15.745
2004-05-05,15.78
2004-05-06,15.545
2004-05-07,15.17
2004-05-10,14.98
2004-05-11,15.2
2004-05-12,15.25
2004-05-13,15.2
2004-05-14,15.205
2004-05-17,14.965
2004-05-18,15.2
2004-05-19,15.135
2004-05-20,15.17
2004-05-21,15.245
2004-05-24,15.405
2004-05-25,15.715
2004-05-26,15.725
2004-05-27,15.795
2004-05-28,15.795
2004-06-01,15.78
2004-06-02,15.84
2004-06-03,15.74
2004-06-04,15.805
2004-06-07,16.025
2004-06-08,16.08
2004-06-09,15.96
2004-06-10,16.025
2004-06-14,15.82
2004-06-15,15.915
2004-06-16,15.93
2004-06-17,15.97
2004-06-18,15.945
2004-06-21,15.89
2004-06-22,15.82
2004-06-23,15.945
2004-06-24,15.95
2004-06-25,15.935
2004-06-28,15.905
2004-06-29,15.785
2004-06-30,15.815
2004-07-01,15.72
2004-07-02,15.635
2004-07-06,15.535
2004-07-07,15.49
2004-07-08,15.28
2004-07-09,15.365
2004-07-12,15.405
2004-07-13,15.465
2004-07-14,15.4
2004-07-15,15.325
2004-07-16,15.155
2004-07-19,15.095
2004-07-20,15.265
2004-07-21,15.13
2004-07-22,15.155
2004-07-23,15.065
2004-07-26,14.935
2004-07-27,15.19
2004-07-28,15.125
2004-07-29,15.2
2004-07-30,15.215
2004-08-02,15.305
2004-08-03,15.15
2004-08-04,15.07
2004-08-05,14.805
2004-08-06,14.59
2004-08-09,14.57
2004-08-10,14.785
2004-08-11,14.68
2004-08-12,14.48
2004-08-13,14.515
2004-08-16,14.86
2004-08-17,15.05
2004-08-18,15.18
2004-08-19,15.11
2004-08-20,15.245
2004-08-23,15.165
2004-08-24,15.205
2004-08-25,15.32
2004-08-26,15.315
2004-08-27,15.315
2004-08-30,15.195
2004-08-31,15.185
2004-09-01,15.235
2004-09-02,15.475
2004-09-03,15.46
2004-09-07,15.565
2004-09-08,15.515
2004-09-09,15.435
2004-09-10,15.575
2004-09-13,15.625
2004-09-14,15.695
2004-09-15,15.605
2004-09-16,15.7
2004-09-17,15.71
2004-09-20,15.59
2004-09-21,15.71
2004-09-22,15.5
2004-09-23,15.555
2004-09-24,15.6
2004-09-27,15.49
2004-09-28,15.48
2004-09-29,15.535
2004-09-30,15.6
2004-10-01,15.795
2004-10-04,15.945
2004-10-05,15.925
2004-10-06,16.01
2004-10-07,15.895
2004-10-08,15.77
2004-10-11,15.83
2004-10-12,15.79
2004-10-13,15.74
2004-10-14,15.605
2004-10-15,15.715
2004-10-18,15.825
2004-10-19,15.725
2004-10-20,15.64
2004-10-21,15.78
2004-10-22,15.645
2004-10-25,15.63
2004-10-26,15.89
2004-10-27,16.16
2004-10-28,16.25
2004-10-29,16.23
2004-11-01,16.295
2004-11-02,16.355
2004-11-03,16.395
2004-11-04,16.755
2004-11-05,16.815
2004-11-08,16.825
2004-11-09,16.84
2004-11-10,16.84
2004-11-11,16.995
2004-11-12,17.105
2004-11-15,17.155
2004-11-16,16.995
2004-11-17,17.01
2004-11-18,17.09
2004-11-19,16.875
2004-11-22,16.98
2004-11-23,17.075
2004-11-24,17.19
2004-11-26,17.21
2004-11-29,17.095
2004-11-30,16.91
2004-12-01,17.175
2004-12-02,17.195
2004-12-03,17.14
2004-12-06,17.11
2004-12-07,16.99
2004-12-08,17.09
2004-12-09,17.22
2004-12-10,17.2
2004-12-13,17.26
2004-12-14,17.35
2004-12-15,17.425
2004-12-16,17.395
2004-12-17,17.265
2004-12-20,17.245
2004-12-21,17.34
2004-12-22,17.46
2004-12-23,17.43
2004-12-27,17.44
2004-12-28,17.645
2004-12-29,17.66
2004-12-30,17.71
2004-12-31,17.645
2005-01-03,17.53
2005-01-04,17.325
2005-01-05,17.26
2005-01-06,17.17
2005-01-07,17.165
2005-01-10,17.23
2005-01-11,17.12
2005-01-12,17.22
2005-01-13,17.095
2005-01-14,17.255
2005-01-18,17.4
2005-01-19,17.225
2005-01-20,16.915
2005-01-21,16.855
2005-01-24,16.69
2005-01-25,16.735
2005-01-26,16.825
2005-01-27,16.79
2005-01-28,16.71
2005-01-31,16.89
2005-02-01,16.905
2005-02-02,16.955
2005-02-03,16.92
2005-02-04,17.075
2005-02-07,17.12
2005-02-08,17.08
2005-02-09,16.89
2005-02-10,16.96
2005-02-11,17.045
2005-02-14,17.02
2005-02-15,17.155
2005-02-16,17.125
2005-02-17,17.04
2005-02-18,17.005
2005-02-22,16.67
2005-02-23,16.775
2005-02-24,16.79
2005-02-25,16.87
2005-02-28,16.8
2005-03-01,16.99
2005-03-02,17
2005-03-03,16.98
2005-03-04,17.125
2005-03-07,17.14
2005-03-08,17.05
2005-03-09,16.86
2005-03-10,16.89
2005-03-11,16.87
2005-03-14,16.895
2005-03-15,16.915
2005-03-16,16.815
2005-03-17,16.83
2005-03-18,16.71
2005-03-21,16.63
2005-03-22,16.49
2005-03-23,16.435
2005-03-24,16.46
2005-03-28,16.575
2005-03-29,16.365
2005-03-30,16.63
2005-03-31,16.58
2005-04-01,16.45
2005-04-04,16.495
2005-04-05,16.595
2005-04-06,16.525
2005-04-07,16.6
2005-04-08,16.47
2005-04-11,16.38
2005-04-12,16.535
2005-04-13,16.285
2005-04-14,16.06
2005-04-15,15.735
2005-04-18,15.765
2005-04-19,15.785
2005-04-20,15.525
2005-04-21,15.91
2005-04-22,15.67
2005-04-25,15.81
2005-04-26,15.7
2005-04-27,15.72
2005-04-28,15.49
2005-04-29,15.525
2005-05-02,15.605
2005-05-03,15.665
2005-05-04,16
2005-05-05,15.905
2005-05-06,15.905
2005-05-09,15.995
2005-05-10,15.8
2005-05-11,15.795
2005-05-12,15.715
2005-05-13,15.705
2005-05-16,15.9
2005-05-17,16.035
2005-05-18,16.35
2005-05-19,16.48
2005-05-20,16.435
2005-05-23,16.54
2005-05-24,16.51
2005-05-25,16.46
2005-05-26,16.545
2005-05-27,16.545
2005-05-31,16.485
2005-06-01,16.555
2005-06-02,16.64
2005-06-03,16.52
2005-06-06,16.545
2005-06-07,16.57
2005-06-08,16.5
2005-06-09,16.565
2005-06-10,16.565
2005-06-13,16.59
2005-06-14,16.765
2005-06-15,16.765
2005-06-16,16.8
2005-06-17,16.845
2005-06-20,16.855
2005-06-21,16.865
2005-06-22,16.86
2005-06-23,16.565
2005-06-24,16.42
2005-06-27,16.345
2005-06-28,16.575
2005-06-29,16.475
2005-06-30,16.39
2005-07-01,16.43
2005-07-05,16.585
2005-07-06,16.435
2005-07-07,16.485
2005-07-08,16.74
2005-07-11,16.83
2005-07-12,16.94
2005-07-13,16.895
2005-07-14,16.985
2005-07-15,17.055
2005-07-18,17.07
2005-07-19,17.175
2005-07-20,17.24
2005-07-21,17.2
2005-07-22,17.285
2005-07-25,17.15
2005-07-26,17.29
2005-07-27,17.335
2005-07-28,17.51
2005-07-29,17.32
2005-08-01,17.325
2005-08-02,17.41
2005-08-03,17.335
2005-08-04,17.185
2005-08-05,17.055
2005-08-08,17.015
2005-08-09,17.205
2005-08-10,17.195
2005-08-11,17.27
2005-08-12,17.225
2005-08-15,17.35
2005-08-16,16.99
2005-08-17,17.09
2005-08-18,17.02
2005-08-19,16.935
2005-08-22,16.925
2005-08-23,16.87
2005-08-24,16.75
2005-08-25,16.795
2005-08-26,16.725
2005-08-29,16.775
2005-08-30,16.605
2005-08-31,16.75
2005-09-01,16.585
2005-09-02,16.525
2005-09-06,16.81
2005-09-07,16.93
2005-09-08,16.77
2005-09-09,16.91
2005-09-12,16.955
2005-09-13,16.71
2005-09-14,16.555
2005-09-15,16.585
2005-09-16,16.57
2005-09-19,16.37
2005-09-20,16.085
2005-09-21,15.83
2005-09-22,16.085
2005-09-23,16.145
2005-09-26,16.125
2005-09-27,16.12
2005-09-28,15.975
2005-09-29,16.135
2005-09-30,16.245
2005-10-03,16.2
2005-10-04,16.09
2005-10-05,15.82
2005-10-06,15.835
2005-10-07,15.85
2005-10-10,15.73
2005-10-11,15.67
2005-10-12,15.495
2005-10-13,15.54
2005-10-14,15.695
2005-10-17,15.725
2005-10-18,15.56
2005-10-19,15.855
2005-10-20,15.66
2005-10-21,15.64
2005-10-24,15.91
2005-10-25,15.795
2005-10-26,15.7
2005-10-27,15.385
2005-10-28,15.655
2005-10-31,15.915
2005-11-01,15.925
2005-11-02,16.205
2005-11-03,16.21
2005-11-04,16.27
2005-11-07,16.4
2005-11-08,16.215
2005-11-09,16.21
2005-11-10,16.455
2005-11-11,16.505
2005-11-14,16.515
2005-11-15,16.27
2005-11-16,16.26
2005-11-17,16.475
2005-11-18,16.585
2005-11-21,16.645
2005-11-22,16.72
2005-11-23,16.84
2005-11-25,16.84
2005-11-28,16.685
2005-11-29,16.66
2005-11-30,16.55
2005-12-01,16.74
2005-12-02,16.795
2005-12-05,16.695
2005-12-06,16.745
2005-12-07,16.73
2005-12-08,16.66
2005-12-09,16.685
2005-12-12,16.705
2005-12-13,16.78
2005-12-14,16.865
2005-12-15,16.83
2005-12-16,16.705
2005-12-19,16.525
2005-12-20,16.49
2005-12-21,16.505
2005-12-22,16.51
2005-12-23,16.54
2005-12-27,16.4
2005-12-28,16.43
2005-12-29,16.425
2005-12-30,16.325
2006-01-03,16.5
2006-01-04,16.515
2006-01-05,16.53
2006-01-06,16.665
2006-01-09,16.835
2006-01-10,16.84
2006-01-11,16.925
2006-01-12,16.775
2006-01-13,16.78
2006-01-17,16.69
2006-01-18,16.635
2006-01-19,16.76
2006-01-20,16.475
2006-01-23,16.465
2006-01-24,16.63
2006-01-25,16.57
2006-01-26,16.64
2006-01-27,16.715
2006-01-30,16.675
2006-01-31,16.615
2006-02-01,16.67
2006-02-02,16.65
2006-02-03,16.57
2006-02-06,16.565
2006-02-07,16.465
2006-02-08,16.58
2006-02-09,16.575
2006-02-10,16.635
2006-02-13,16.595
2006-02-14,16.78
2006-02-15,16.855
2006-02-16,16.91
2006-02-17,16.81
2006-02-21,16.72
2006-02-22,16.845
2006-02-23,16.755
2006-02-24,16.725
2006-02-27,16.875
2006-02-28,16.735
2006-03-01,16.86
2006-03-02,16.75
2006-03-03,16.74
2006-03-06,16.635
2006-03-07,16.56
2006-03-08,16.59
2006-03-09,16.525
2006-03-10,16.68
2006-03-13,16.675
2006-03-14,16.855
2006-03-15,16.95
2006-03-16,16.985
2006-03-17,17.01
2006-03-20,16.97
2006-03-21,16.875
2006-03-22,16.93
2006-03-23,16.92
2006-03-24,16.895
2006-03-27,16.89
2006-03-28,16.8
2006-03-29,16.95
2006-03-30,16.88
2006-03-31,16.83
2006-04-03,16.77
2006-04-04,16.865
2006-04-05,16.975
2006-04-06,17.01
2006-04-07,16.935
2006-04-10,16.91
2006-04-11,16.775
2006-04-12,16.76
2006-04-13,16.8
2006-04-17,16.715
2006-04-18,16.96
2006-04-19,16.9
2006-04-20,16.965
2006-04-21,16.835
2006-04-24,16.83
2006-04-25,16.805
2006-04-26,16.92
2006-04-27,17.055
2006-04-28,17.045
2006-05-01,16.95
2006-05-02,16.965
2006-05-03,17.01
2006-05-04,17.105
2006-05-05,17.305
2006-05-08,17.33
2006-05-09,17.38
2006-05-10,17.39
2006-05-11,17.215
2006-05-12,17.045
2006-05-15,17.09
2006-05-16,16.97
2006-05-17,16.735
2006-05-18,16.725
2006-05-19,16.84
2006-05-22,16.72
2006-05-23,16.595
2006-05-24,16.62
2006-05-25,16.78
2006-05-26,16.835
2006-05-30,16.58
2006-05-31,16.76
2006-06-01,17.02
2006-06-02,16.985
2006-06-05,16.715
2006-06-06,16.63
2006-06-07,16.635
2006-06-08,16.61
2006-06-09,16.57
2006-06-12,16.35
2006-06-13,16.22
2006-06-14,16.295
2006-06-15,16.65
2006-06-16,16.575
2006-06-19,16.485
2006-06-20,16.425
2006-06-21,16.585
2006-06-22,16.455
2006-06-23,16.44
2006-06-26,16.525
2006-06-27,16.315
2006-06-28,16.33
2006-06-29,16.685
2006-06-30,16.695
2006-07-03,16.72
2006-07-05,16.565
2006-07-06,16.575
2006-07-07,16.45
2006-07-10,16.47
2006-07-11,16.455
2006-07-12,16.195
2006-07-13,15.9
2006-07-14,15.695
2006-07-17,15.805
2006-07-18,15.71
2006-07-19,16.025
2006-07-20,15.815
2006-07-21,15.67
2006-07-24,16.01
2006-07-25,16.155
2006-07-26,15.97
2006-07-27,15.935
2006-07-28,16.13
2006-07-31,16.14
2006-08-01,15.99
2006-08-02,16.12
2006-08-03,16.22
2006-08-04,16.225
2006-08-07,16.19
2006-08-08,16.025
2006-08-09,15.805
2006-08-10,16.02
2006-08-11,16.015
2006-08-14,16.06
2006-08-15,16.285
2006-08-16,16.45
2006-08-17,16.55
2006-08-18,16.545
2006-08-21,16.365
2006-08-22,16.35
2006-08-23,16.205
2006-08-24,16.12
2006-08-25,16.12
2006-08-28,16.28
2006-08-29,16.4
2006-08-30,16.41
2006-08-31,16.46
2006-09-01,16.595
2006-09-05,16.645
2006-09-06,16.44
2006-09-07,16.495
2006-09-08,16.645
2006-09-11,16.775
2006-09-12,17.165
2006-09-13,17.235
2006-09-14,17.19
2006-09-15,17.23
2006-09-18,17.14
2006-09-19,17.175
2006-09-20,17.3
2006-09-21,17.205
2006-09-22,17.19
2006-09-25,17.455
2006-09-26,17.605
2006-09-27,17.575
2006-09-28,17.57
2006-09-29,17.475
2006-10-02,17.515
2006-10-03,17.665
2006-10-04,17.92
2006-10-05,17.97
2006-10-06,17.935
2006-10-09,18.06
2006-10-10,18.17
2006-10-11,18.125
2006-10-12,18.365
2006-10-13,18.315
2006-10-16,18.3
2006-10-17,18.235
2006-10-18,18.25
2006-10-19,18.24
2006-10-20,18.215
2006-10-23,18.455
2006-10-24,18.525
2006-10-25,18.46
2006-10-26,18.715
2006-10-27,18.53
2006-10-30,18.645
2006-10-31,18.605
2006-11-01,18.46
2006-11-02,18.44
2006-11-03,18.3
2006-11-06,18.525
2006-11-07,18.575
2006-11-08,18.665
2006-11-09,18.605
2006-11-10,18.665
2006-11-13,18.69
2006-11-14,18.895
2006-11-15,18.965
2006-11-16,19.09
2006-11-17,19.055
2006-11-20,18.98
2006-11-21,19.035
2006-11-22,19.075
2006-11-24,18.975
2006-11-27,18.7
2006-11-28,18.69
2006-11-29,18.82
2006-11-30,18.84
2006-12-01,18.815
2006-12-04,19.015
2006-12-05,19.175
2006-12-06,19.16
2006-12-07,19.07
2006-12-08,19.11
2006-12-11,19.18
2006-12-12,19.075
2006-12-13,19.175
2006-12-14,19.375
2006-12-15,19.225
2006-12-18,19.21
2006-12-19,19.22
2006-12-20,19.215
2006-12-21,19.13
2006-12-22,19.115
2006-12-26,19.175
2006-12-27,19.3
2006-12-28,19.28
2006-12-29,19.18
2007-01-03,19.26
2007-01-04,19.255
2007-01-05,19.125
2007-01-08,19.155
2007-01-09,19.26
2007-01-10,19.36
2007-01-11,19.575
2007-01-12,19.63
2007-01-16,19.7
2007-01-17,19.7
2007-01-18,19.81
2007-01-19,19.805
2007-01-22,19.68
2007-01-23,19.75
2007-01-24,19.825
2007-01-25,19.51
2007-01-26,19.415
2007-01-29,19.465
2007-01-30,19.52
2007-01-31,19.73
2007-02-01,19.8
2007-02-02,19.855
2007-02-05,19.79
2007-02-06,19.86
2007-02-07,19.955
2007-02-08,19.915
2007-02-09,19.73
2007-02-12,19.635
2007-02-13,19.805
2007-02-14,19.91
2007-02-15,19.975
2007-02-16,19.95
2007-02-20,20.095
2007-02-21,20.015
2007-02-22,19.97
2007-02-23,19.925
2007-02-26,19.755
2007-02-27,19.075
2007-02-28,19.14
2007-03-01,19.03
2007-03-02,18.89
2007-03-05,18.64
2007-03-06,18.96
2007-03-07,18.94
2007-03-08,19.09
2007-03-09,19.13
2007-03-12,19.105
2007-03-13,18.755
2007-03-14,18.72
2007-03-15,18.76
2007-03-16,18.66
2007-03-19,18.935
2007-03-20,19.075
2007-03-21,19.375
2007-03-22,19.32
2007-03-23,19.33
2007-03-26,19.235
2007-03-27,19.115
2007-03-28,18.9
2007-03-29,18.965
2007-03-30,19.015
2007-04-02,19.08
2007-04-03,19.325
2007-04-04,19.27
2007-04-05,19.425
2007-04-09,19.41
2007-04-10,19.45
2007-04-11,19.3
2007-04-12,19.435
2007-04-13,19.45
2007-04-16,19.645
2007-04-17,19.725
2007-04-18,19.71
2007-04-19,19.555
2007-04-20,19.785
2007-04-23,19.745
2007-04-24,19.675
2007-04-25,19.875
2007-04-26,19.845
2007-04-27,19.715
2007-04-30,19.465
2007-05-01,19.52
2007-05-02,19.745
2007-05-03,19.705
2007-05-04,19.75
2007-05-07,19.75
2007-05-08,19.665
2007-05-09,19.785
2007-05-10,19.57
2007-05-11,19.65
2007-05-14,19.65
2007-05-15,19.58
2007-05-16,19.65
2007-05-17,19.68
2007-05-18,19.86
2007-05-21,19.935
2007-05-22,19.915
2007-05-23,19.925
2007-05-24,19.765
2007-05-25,19.835
2007-05-29,19.82
2007-05-30,20
2007-05-31,20.05
2007-06-01,20.165
2007-06-04,20.205
2007-06-05,20.085
2007-06-06,19.83
2007-06-07,19.46
2007-06-08,19.71
2007-06-11,19.645
2007-06-12,19.485
2007-06-13,19.71
2007-06-14,19.85
2007-06-15,19.915
2007-06-18,19.83
2007-06-19,19.895
2007-06-20,19.86
2007-06-21,19.825
2007-06-22,19.695
2007-06-25,19.615
2007-06-26,19.48
2007-06-27,19.68
2007-06-28,19.64
2007-06-29,19.665
2007-07-02,19.77
2007-07-03,19.8
2007-07-05,19.905
2007-07-06,20.085
2007-07-09,20.01
2007-07-10,19.655
2007-07-11,19.77
2007-07-12,19.925
2007-07-13,20.025
2007-07-16,19.945
2007-07-17,19.965
2007-07-18,19.94
2007-07-19,19.985
2007-07-20,19.73
2007-07-23,19.76
2007-07-24,19.45
2007-07-25,19.385
2007-07-26,18.815
2007-07-27,18.52
2007-07-30,18.785
2007-07-31,18.5
2007-08-01,18.525
2007-08-02,18.76
2007-08-03,18.185
2007-08-06,18.475
2007-08-07,18.58
2007-08-08,18.79
2007-08-09,18.26
2007-08-10,18.18
2007-08-13,18.28
2007-08-14,17.815
2007-08-15,17.625
2007-08-16,17.65
2007-08-17,17.775
2007-08-20,17.87
2007-08-21,17.99
2007-08-22,18.23
2007-08-23,18.16
2007-08-24,18.525
2007-08-27,18.27
2007-08-28,17.83
2007-08-29,18.39
2007-08-30,18.315
2007-08-31,18.615
2007-09-04,18.64
2007-09-05,18.345
2007-09-06,18.39
2007-09-07,17.95
2007-09-10,17.855
2007-09-11,18.055
2007-09-12,18.065
2007-09-13,18.315
2007-09-14,18.435
2007-09-17,18.21
2007-09-18,18.92
2007-09-19,18.955
2007-09-20,18.58
2007-09-21,18.55
2007-09-24,18.395
2007-09-25,18.155
2007-09-26,18.415
2007-09-27,18.325
2007-09-28,18.415
2007-10-01,18.655
2007-10-02,18.65
2007-10-03,18.755
2007-10-04,18.66
2007-10-05,19.075
2007-10-08,18.95
2007-10-09,18.98
2007-10-10,18.9
2007-10-11,18.815
2007-10-12,18.91
2007-10-15,18.61
2007-10-16,18.55
2007-10-17,18.57
2007-10-18,18.4
2007-10-19,17.99
2007-10-22,18.15
2007-10-23,18.235
2007-10-24,18.175
2007-10-25,18.065
2007-10-26,18.275
2007-10-29,18.325
2007-10-30,18.27
2007-10-31,18.325
2007-11-01,17.86
2007-11-02,17.85
2007-11-05,17.61
2007-11-06,17.765
2007-11-07,17.4
2007-11-08,17.35
2007-11-09,16.955
2007-11-12,16.98
2007-11-13,17.45
2007-11-14,17.175
2007-11-15,17.01
2007-11-16,17.005
2007-11-19,16.63
2007-11-20,16.645
2007-11-21,16.485
2007-11-23,16.775
2007-11-26,16.34
2007-11-27,16.6
2007-11-28,17.245
2007-11-29,17.075
2007-11-30,17.325
2007-12-03,17.235
2007-12-04,17.18
2007-12-05,17.155
2007-12-06,17.305
2007-12-07,17.45
2007-12-10,17.46
2007-12-11,16.9
2007-12-12,16.955
2007-12-13,16.845
2007-12-14,16.625
2007-12-17,16.47
2007-12-18,16.625
2007-12-19,16.475
2007-12-20,16.555
2007-12-21,16.47
2007-12-24,16.775
2007-12-26,16.72
2007-12-27,16.485
2007-12-28,16.41
2007-12-31,16.35
2008-01-02,16.1
2008-01-03,15.92
2008-01-04,15.42
2008-01-07,15.475
2008-01-08,15.175
2008-01-09,15.285
2008-01-10,15.5
2008-01-11,15.13
2008-01-14,15.275
2008-01-15,14.995
2008-01-16,15.08
2008-01-17,14.83
2008-01-18,14.76
2008-01-22,15.05
2008-01-23,15.6
2008-01-24,15.755
2008-01-25,15.43
2008-01-28,15.685
2008-01-29,15.735
2008-01-30,15.635
2008-01-31,16.29
2008-02-01,16.435
2008-02-04,16.2
2008-02-05,15.745
2008-02-06,15.575
2008-02-07,15.875
2008-02-08,15.785
2008-02-11,15.95
2008-02-12,15.98
2008-02-13,16.185
2008-02-14,16.03
2008-02-15,16.115
2008-02-19,15.93
2008-02-20,16.15
2008-02-21,15.765
2008-02-22,16.11
2008-02-25,16.325
2008-02-26,16.485
2008-02-27,16.45
2008-02-28,16.06
2008-02-29,15.66
2008-03-03,15.625
2008-03-04,15.6
2008-03-05,15.605
2008-03-06,15.225
2008-03-07,15.08
2008-03-10,14.905
2008-03-11,15.31
2008-03-12,15.225
2008-03-13,15.24
2008-03-14,15.02
2008-03-17,14.82
2008-03-18,15.405
2008-03-19,15.2
2008-03-20,15.625
2008-03-24,16.145
2008-03-25,16.015
2008-03-26,15.715
2008-03-27,15.565
2008-03-28,15.265
2008-03-31,15.36
2008-04-01,16.05
2008-04-02,16.05
2008-04-03,16.1
2008-04-04,16.025
2008-04-07,15.965
2008-04-08,15.93
2008-04-09,15.58
2008-04-10,15.745
2008-04-11,15.455
2008-04-14,15.345
2008-04-15,15.325
2008-04-16,15.665
2008-04-17,15.735
2008-04-18,16.035
2008-04-21,16.035
2008-04-22,15.805
2008-04-23,15.8
2008-04-24,16.02
2008-04-25,16.18
2008-04-28,16.16
2008-04-29,16.29
2008-04-30,15.725
2008-05-01,16.63
2008-05-02,16.595
2008-05-05,16.41
2008-05-06,16.48
2008-05-07,16.17
2008-05-08,16.195
2008-05-09,16.1
2008-05-12,16.43
2008-05-13,16.49
2008-05-14,16.675
2008-05-15,16.835
2008-05-16,16.72
2008-05-19,16.725
2008-05-20,16.465
2008-05-21,16.115
2008-05-22,16.045
2008-05-23,15.85
2008-05-27,15.97
2008-05-28,15.97
2008-05-29,16.28
2008-05-30,16.155
2008-06-02,15.995
2008-06-03,16.015
2008-06-04,16.11
2008-06-05,16.32
2008-06-06,15.63
2008-06-09,15.62
2008-06-10,15.68
2008-06-11,15.35
2008-06-12,15.475
2008-06-13,15.86
2008-06-16,15.81
2008-06-17,15.65
2008-06-18,15.305
2008-06-19,15.5
2008-06-20,14.99
2008-06-23,14.73
2008-06-24,14.79
2008-06-25,14.9
2008-06-26,14.55
2008-06-27,14.305
2008-06-30,14.24
2008-07-01,14.06
2008-07-02,13.905
2008-07-03,14.025
2008-07-07,13.865
2008-07-08,14.225
2008-07-09,13.925
2008-07-10,13.68
2008-07-11,13.395
2008-07-14,13.325
2008-07-15,13.325
2008-07-16,13.86
2008-07-17,13.925
2008-07-18,14.355
2008-07-21,14.1
2008-07-22,14.475
2008-07-23,14.755
2008-07-24,14.44
2008-07-25,14.215
2008-07-28,13.88
2008-07-29,14.375
2008-07-30,14.36
2008-07-31,14.265
2008-08-01,14.125
2008-08-04,14.23
2008-08-05,14.865
2008-08-06,14.79
2008-08-07,14.5
2008-08-08,15.19
2008-08-11,15.655
2008-08-12,15.45
2008-08-13,15.2
2008-08-14,15.43
2008-08-15,15.61
2008-08-18,15.345
2008-08-19,15.06
2008-08-20,14.875
2008-08-21,14.995
2008-08-22,15.345
2008-08-25,14.915
2008-08-26,15.03
2008-08-27,15.075
2008-08-28,15.425
2008-08-29,15.25
2008-09-02,15.55
2008-09-03,15.63
2008-09-04,15.11
2008-09-05,15.14
2008-09-08,15.825
2008-09-09,15.525
2008-09-10,15.365
2008-09-11,15.6
2008-09-12,15.6
2008-09-15,15.075
2008-09-16,15.175
2008-09-17,14.575
2008-09-18,14.95
2008-09-19,15.1
2008-09-22,14.48
2008-09-23,14.275
2008-09-24,14.225
2008-09-25,14.48
2008-09-26,14.625
2008-09-29,13.65
2008-09-30,13.95
2008-10-01,13.95
2008-10-02,13.445
2008-10-03,12.975
2008-10-06,12.61
2008-10-07,11.8
2008-10-08,11.57
2008-10-09,10.835
2008-10-10,11.065
2008-10-13,11.5
2008-10-14,11.57
2008-10-15,10.225
2008-10-16,10.9
2008-10-17,11.12
2008-10-20,11.18
2008-10-21,11.055
2008-10-22,10.3
2008-10-23,10.3
2008-10-24,9.71
2008-10-27,9.565
2008-10-28,10.5
2008-10-29,10.715
2008-10-30,11.04
2008-10-31,11.49
2008-11-03,11.16
2008-11-04,11.6
2008-11-05,10.96
2008-11-06,10.38
2008-11-07,10.56
2008-11-10,10.315
2008-11-11,9.955
2008-11-12,9.35
2008-11-13,10.08
2008-11-14,9.59
2008-11-17,9.315
2008-11-18,9.27
2008-11-19,8.675
2008-11-20,8.165
2008-11-21,8.725
2008-11-24,9.41
2008-11-25,9.53
2008-11-26,10.09
2008-11-28,10.245
2008-12-01,9.35
2008-12-02,9.785
2008-12-03,10.135
2008-12-04,10.245
2008-12-05,10.545
2008-12-08,10.94
2008-12-09,10.72
2008-12-10,10.97
2008-12-11,10.505
2008-12-12,10.47
2008-12-15,10.435
2008-12-16,10.99
2008-12-17,11.05
2008-12-18,10.74
2008-12-19,10.615
2008-12-22,10.33
2008-12-23,10.22
2008-12-24,10.295
2008-12-26,10.41
2008-12-29,10.21
2008-12-30,10.595
2008-12-31,10.785
2009-01-02,11.325
2009-01-05,11.275
2009-01-06,11.465
2009-01-07,11.01
2009-01-08,11.075
2009-01-09,10.735
2009-01-12,10.48
2009-01-13,10.345
2009-01-14,9.94
2009-01-15,10.185
2009-01-16,10.305
2009-01-20,9.7
2009-01-21,9.995
2009-01-22,9.87
2009-01-23,9.84
2009-01-26,9.91
2009-01-27,9.88
2009-01-28,10.3
2009-01-29,9.885
2009-01-30,9.64
2009-02-02,9.55
2009-02-03,9.82
2009-02-04,9.605
2009-02-05,9.785
2009-02-06,10.065
2009-02-09,10.035
2009-02-10,9.56
2009-02-11,9.635
2009-02-12,9.65
2009-02-13,9.495
2009-02-17,9.135
2009-02-18,9.075
2009-02-19,8.98
2009-02-20,8.92
2009-02-23,8.72
2009-02-24,9.1
2009-02-25,9.015
2009-02-26,8.825
2009-02-27,8.765
2009-03-02,8.435
2009-03-03,8.37
2009-03-04,8.555
2009-03-05,8.155
2009-03-06,8.16
2009-03-09,8.055
2009-03-10,8.55
2009-03-11,8.685
2009-03-12,9.005
2009-03-13,9.11
2009-03-16,8.895
2009-03-17,9.325
2009-03-18,9.62
2009-03-19,9.515
2009-03-20,9.275
2009-03-23,9.93
2009-03-24,9.8
2009-03-25,9.87
2009-03-26,10.325
2009-03-27,10.05
2009-03-30,9.75
2009-03-31,9.825
2009-04-01,10.005
2009-04-02,10.555
2009-04-03,10.695
2009-04-06,10.545
2009-04-07,10.235
2009-04-08,10.525
2009-04-09,10.955
2009-04-13,10.96
2009-04-14,10.715
2009-04-15,10.75
2009-04-16,11.125
2009-04-17,11.26
2009-04-20,10.83
2009-04-21,11.01
2009-04-22,11.12
2009-04-23,11.12
2009-04-24,11.395
2009-04-27,11.245
2009-04-28,11.245
2009-04-29,11.45
2009-04-30,11.645
2009-05-01,11.59
2009-05-04,11.965
2009-05-05,11.96
2009-05-06,12.085
2009-05-07,11.82
2009-05-08,11.995
2009-05-11,11.785
2009-05-12,11.535
2009-05-13,11.13
2009-05-14,11.145
2009-05-15,11.065
2009-05-18,11.61
2009-05-19,11.565
2009-05-20,11.44
2009-05-21,11.17
2009-05-22,11.29
2009-05-26,11.67
2009-05-27,11.415
2009-05-28,11.37
2009-05-29,11.56
2009-06-01,12.115
2009-06-02,12.215
2009-06-03,12.055
2009-06-04,12.08
2009-06-05,12.005
2009-06-08,12.115
2009-06-09,12.185
2009-06-10,12.005
2009-06-11,11.945
2009-06-12,11.93
2009-06-15,11.69
2009-06-16,11.395
2009-06-17,11.555
2009-06-18,11.52
2009-06-19,11.565
2009-06-22,11.22
2009-06-23,11.105
2009-06-24,11.17
2009-06-25,11.56
2009-06-26,11.48
2009-06-29,11.625
2009-06-30,11.54
2009-07-01,11.615
2009-07-02,11.145
2009-07-06,11.2
2009-07-07,10.9
2009-07-08,10.99
2009-07-09,11.07
2009-07-10,11.05
2009-07-13,11.23
2009-07-14,11.405
2009-07-15,11.72
2009-07-16,11.865
2009-07-17,11.885
2009-07-20,12.135
2009-07-21,12.135
2009-07-22,12.22
2009-07-23,12.505
2009-07-24,12.495
2009-07-27,12.545
2009-07-28,12.505
2009-07-29,12.44
2009-07-30,12.635
2009-07-31,12.635
2009-08-03,12.895
2009-08-04,12.95
2009-08-05,12.84
2009-08-06,12.83
2009-08-07,13.25
2009-08-10,13.13
2009-08-11,12.99
2009-08-12,13.085
2009-08-13,13.12
2009-08-14,12.94
2009-08-17,12.53
2009-08-18,12.67
2009-08-19,12.8
2009-08-20,12.895
2009-08-21,13.16
2009-08-24,13.065
2009-08-25,13.2
2009-08-26,13.275
2009-08-27,13.3
2009-08-28,13.305
2009-08-31,13.08
2009-09-01,12.845
2009-09-02,12.78
2009-09-03,12.915
2009-09-04,13.15
2009-09-08,13.265
2009-09-09,13.405
2009-09-10,13.585
2009-09-11,13.54
2009-09-14,13.585
2009-09-15,13.65
2009-09-16,13.91
2009-09-17,13.895
2009-09-18,13.9
2009-09-21,13.845
2009-09-22,13.9
2009-09-23,13.7
2009-09-24,13.57
2009-09-25,13.49
2009-09-28,13.745
2009-09-29,13.81
2009-09-30,13.735
2009-10-01,13.435
2009-10-02,13.265
2009-10-05,13.47
2009-10-06,13.675
2009-10-07,13.685
2009-10-08,13.905
2009-10-09,13.9
2009-10-12,13.97
2009-10-13,13.995
2009-10-14,14.17
2009-10-15,14.19
2009-10-16,14.165
2009-10-19,14.325
2009-10-20,14.18
2009-10-21,13.995
2009-10-22,14.18
2009-10-23,14.125
2009-10-26,14.04
2009-10-27,13.8
2009-10-28,13.41
2009-10-29,13.77
2009-10-30,13.41
2009-11-02,13.54
2009-11-03,13.55
2009-11-04,13.555
2009-11-05,13.925
2009-11-06,14.05
2009-11-09,14.355
2009-11-10,14.405
2009-11-11,14.42
2009-11-12,14.26
2009-11-13,14.51
2009-11-16,14.745
2009-11-17,14.625
2009-11-18,14.585
2009-11-19,14.42
2009-11-20,14.345
2009-11-23,14.47
2009-11-24,14.455
2009-11-25,14.595
2009-11-27,14.31
2009-11-30,14.31
2009-12-01,14.535
2009-12-02,14.58
2009-12-03,14.48
2009-12-04,14.575
2009-12-07,14.62
2009-12-08,14.51
2009-12-09,14.51
2009-12-10,14.735
2009-12-11,14.88
2009-12-14,14.995
2009-12-15,14.975
2009-12-16,14.99
2009-12-17,14.81
2009-12-18,14.805
2009-12-21,14.995
2009-12-22,14.985
2009-12-23,15.08
2009-12-24,15.09
2009-12-28,15.08
2009-12-29,15.13
2009-12-30,15.025
2009-12-31,14.885
2010-01-04,15
2010-01-05,15.055
2010-01-06,15.075
2010-01-07,15.2
2010-01-08,15.195
2010-01-11,15.165
2010-01-12,14.97
2010-01-13,15.14
2010-01-14,15.14
2010-01-15,14.99
2010-01-19,15.19
2010-01-20,14.985
2010-01-21,14.795
2010-01-22,14.51
2010-01-25,14.585
2010-01-26,14.605
2010-01-27,14.63
2010-01-28,14.545
2010-01-29,14.455
2010-02-01,14.64
2010-02-02,14.845
2010-02-03,14.855
2010-02-04,14.425
2010-02-05,14.385
2010-02-08,14.295
2010-02-09,14.515
2010-02-10,14.455
2010-02-11,14.625
2010-02-12,14.625
2010-02-16,14.86
2010-02-17,14.98
2010-02-18,15.075
2010-02-19,15.11
2010-02-22,15.105
2010-02-23,15.015
2010-02-24,15.21
2010-02-25,15.235
2010-02-26,15.26
2010-03-01,15.5
2010-03-02,15.42
2010-03-03,15.465
2010-03-04,15.605
2010-03-05,15.895
2010-03-08,15.935
2010-03-09,15.91
2010-03-10,15.945
2010-03-11,16.06
2010-03-12,16.105
2010-03-15,16.085
2010-03-16,16.205
2010-03-17,16.285
2010-03-18,16.28
2010-03-19,16.2
2010-03-22,16.37
2010-03-23,16.435
2010-03-24,16.37
2010-03-25,16.465
2010-03-26,16.53
2010-03-29,16.555
2010-03-30,16.54
2010-03-31,16.42
2010-04-01,16.535
2010-04-05,16.735
2010-04-06,16.76
2010-04-07,16.7
2010-04-08,16.86
2010-04-09,16.985
2010-04-12,16.985
2010-04-13,17.075
2010-04-14,17.34
2010-04-15,17.415
2010-04-16,17.185
2010-04-19,17.215
2010-04-20,17.425
2010-04-21,17.505
2010-04-22,17.82
2010-04-23,17.835
2010-04-26,17.975
2010-04-27,17.455
2010-04-28,17.395
2010-04-29,17.78
2010-04-30,17.41
2010-05-03,17.76
2010-05-04,17.24
2010-05-05,16.995
2010-05-06,16.39
2010-05-07,16.09
2010-05-10,16.93
2010-05-11,16.925
2010-05-12,17.17
2010-05-13,16.785
2010-05-14,16.505
2010-05-17,16.63
2010-05-18,16.32
2010-05-19,16.22
2010-05-20,15.59
2010-05-21,15.865
2010-05-24,15.755
2010-05-25,15.915
2010-05-26,15.865
2010-05-27,16.435
2010-05-28,16.185
2010-06-01,15.94
2010-06-02,16.34
2010-06-03,16.395
2010-06-04,15.76
2010-06-07,15.46
2010-06-08,15.59
2010-06-09,15.61
2010-06-10,16.14
2010-06-11,16.125
2010-06-14,16.17
2010-06-15,16.555
2010-06-16,16.44
2010-06-17,16.34
2010-06-18,16.235
2010-06-21,16.105
2010-06-22,15.745
2010-06-23,15.735
2010-06-24,15.36
2010-06-25,15.405
2010-06-28,15.29
2010-06-29,14.745
2010-06-30,14.565
2010-07-01,14.685
2010-07-02,14.52
2010-07-06,14.52
2010-07-07,14.93
2010-07-08,15.06
2010-07-09,15.205
2010-07-12,15.225
2010-07-13,15.605
2010-07-14,15.505
2010-07-15,15.555
2010-07-16,15.01
2010-07-19,15.155
2010-07-20,15.37
2010-07-21,15.095
2010-07-22,15.55
2010-07-23,15.775
2010-07-26,16.01
2010-07-27,15.805
2010-07-28,15.695
2010-07-29,15.615
2010-07-30,15.72
2010-08-02,16.055
2010-08-03,15.81
2010-08-04,16.075
2010-08-05,16.125
2010-08-06,16.015
2010-08-09,16.17
2010-08-10,16.03
2010-08-11,15.61
2010-08-12,15.55
2010-08-13,15.375
2010-08-16,15.37
2010-08-17,15.62
2010-08-18,15.765
2010-08-19,15.46
2010-08-20,15.45
2010-08-23,15.31
2010-08-24,15.05
2010-08-25,15.205
2010-08-26,15.1
2010-08-27,15.345
2010-08-30,15.075
2010-08-31,15.095
2010-09-01,15.615
2010-09-02,15.905
2010-09-03,16.14
2010-09-07,15.88
2010-09-08,15.995
2010-09-09,16.01
2010-09-10,16.145
2010-09-13,16.34
2010-09-14,16.355
2010-09-15,16.385
2010-09-16,16.385
2010-09-17,16.375
2010-09-20,16.69
2010-09-21,16.62
2010-09-22,16.51
2010-09-23,16.425
2010-09-24,16.85
2010-09-27,16.74
2010-09-28,16.87
2010-09-29,16.75
2010-09-30,16.705
2010-10-01,16.725
2010-10-04,16.69
2010-10-05,17.04
2010-10-06,16.925
2010-10-07,17.005
2010-10-08,17.18
2010-10-11,17.185
2010-10-12,17.225
2010-10-13,17.25
2010-10-14,17.23
2010-10-15,17.355
2010-10-18,17.38
2010-10-19,17.065
2010-10-20,17.285
2010-10-21,17.385
2010-10-22,17.48
2010-10-25,17.59
2010-10-26,17.665
2010-10-27,17.555
2010-10-28,17.635
2010-10-29,17.63
2010-11-01,17.595
2010-11-02,17.795
2010-11-03,17.885
2010-11-04,18.165
2010-11-05,18.255
2010-11-08,18.225
2010-11-09,18.06
2010-11-10,18.22
2010-11-11,18.195
2010-11-12,18.005
2010-11-15,17.97
2010-11-16,17.725
2010-11-17,17.88
2010-11-18,18.035
2010-11-19,18.12
2010-11-22,18.205
2010-11-23,17.935
2010-11-24,18.305
2010-11-26,18.155
2010-11-29,18.115
2010-11-30,18.075
2010-12-01,18.46
2010-12-02,18.7
2010-12-03,18.71
2010-12-06,18.73
2010-12-07,18.74
2010-12-08,18.69
2010-12-09,18.715
2010-12-10,18.78
2010-12-13,18.69
2010-12-14,18.685
2010-12-15,18.625
2010-12-16,18.76
2010-12-17,18.68
2010-12-20,18.79
2010-12-21,18.87
2010-12-22,18.895
2010-12-23,18.815
2010-12-27,18.76
2010-12-28,18.72
2010-12-29,18.78
2010-12-30,18.745
2010-12-31,18.705
2011-01-03,18.925
2011-01-04,18.82
2011-01-05,18.975
2011-01-06,18.86
2011-01-07,18.85
2011-01-10,18.835
2011-01-11,18.83
2011-01-12,18.875
2011-01-13,18.845
2011-01-14,18.96
2011-01-18,19.015
2011-01-19,18.825
2011-01-20,18.865
2011-01-21,18.91
2011-01-24,18.985
2011-01-25,18.995
2011-01-26,19.025
2011-01-27,19.175
2011-01-28,18.55
2011-01-31,18.59
2011-02-01,18.81
2011-02-02,18.755
2011-02-03,18.975
2011-02-04,19.105
2011-02-07,19.205
2011-02-08,19.435
2011-02-09,19.565
2011-02-10,19.59
2011-02-11,19.79
2011-02-14,19.71
2011-02-15,19.735
2011-02-16,19.895
2011-02-17,19.9
2011-02-18,20.005
2011-02-22,19.525
2011-02-23,19.24
2011-02-24,19.355
2011-02-25,19.555
2011-02-28,19.705
2011-03-01,19.33
2011-03-02,19.405
2011-03-03,19.75
2011-03-04,19.605
2011-03-07,19.41
2011-03-08,19.565
2011-03-09,19.61
2011-03-10,19.385
2011-03-11,19.505
2011-03-14,19.265
2011-03-15,19.105
2011-03-16,18.78
2011-03-17,18.865
2011-03-18,18.79
2011-03-21,19.08
2011-03-22,18.93
2011-03-23,19.095
2011-03-24,19.375
2011-03-25,19.41
2011-03-28,19.21
2011-03-29,19.385
2011-03-30,19.595
2011-03-31,19.525
2011-04-01,19.65
2011-04-04,19.695
2011-04-05,19.76
2011-04-06,19.725
2011-04-07,19.645
2011-04-08,19.53
2011-04-11,19.535
2011-04-12,19.51
2011-04-13,19.575
2011-04-14,19.53
2011-04-15,19.625
2011-04-18,19.45
2011-04-19,19.495
2011-04-20,19.845
2011-04-21,19.955
2011-04-25,19.935
2011-04-26,19.97
2011-04-27,20.21
2011-04-28,20.29
2011-04-29,20.275
2011-05-02,20.345
2011-05-03,20.23
2011-05-04,20.185
2011-05-05,20.13
2011-05-06,20.145
2011-05-09,20.17
2011-05-10,20.43
2011-05-11,20.235
2011-05-12,20.435
2011-05-13,20.28
2011-05-16,20.01
2011-05-17,20.03
2011-05-18,20.265
2011-05-19,20.33
2011-05-20,20.135
2011-05-23,19.945
2011-05-24,19.845
2011-05-25,19.85
2011-05-26,20.03
2011-05-27,20.08
2011-05-31,20.22
2011-06-01,19.76
2011-06-02,19.715
2011-06-03,19.46
2011-06-06,19.255
2011-06-07,19.275
2011-06-08,19.125
2011-06-09,19.285
2011-06-10,18.93
2011-06-13,18.905
2011-06-14,19.24
2011-06-15,18.945
2011-06-16,18.9
2011-06-17,18.975
2011-06-20,19.13
2011-06-21,19.52
2011-06-22,19.37
2011-06-23,19.44
2011-06-24,19.25
2011-06-27,19.485
2011-06-28,19.855
2011-06-29,19.945
2011-06-30,20.105
2011-07-01,20.51
2011-07-05,20.6
2011-07-06,20.525
2011-07-07,20.81
2011-07-08,20.685
2011-07-11,20.285
2011-07-12,20.185
2011-07-13,20.29
2011-07-14,20.135
2011-07-15,20.145
2011-07-18,19.95
2011-07-19,20.335
2011-07-20,20.23
2011-07-21,20.465
2011-07-22,20.545
2011-07-25,20.41
2011-07-26,20.375
2011-07-27,20.02
2011-07-28,19.92
2011-07-29,19.825
2011-08-01,19.72
2011-08-02,18.975
2011-08-03,19.115
2011-08-04,18.185
2011-08-05,18.17
2011-08-08,17.03
2011-08-09,17.82
2011-08-10,17.06
2011-08-11,17.815
2011-08-12,18.035
2011-08-15,18.3
2011-08-16,18.2
2011-08-17,18.175
2011-08-18,17.275
2011-08-19,17.025
2011-08-22,17.075
2011-08-23,17.735
2011-08-24,18.05
2011-08-25,17.69
2011-08-26,18.06
2011-08-29,18.585
2011-08-30,18.67
2011-08-31,18.785
2011-09-01,18.555
2011-09-02,18.03
2011-09-06,17.975
2011-09-07,18.44
2011-09-08,18.19
2011-09-09,17.71
2011-09-12,17.92
2011-09-13,18.13
2011-09-14,18.43
2011-09-15,18.74
2011-09-16,18.885
2011-09-19,18.85
2011-09-20,18.75
2011-09-21,18.145
2011-09-22,17.6
2011-09-23,17.865
2011-09-26,18.285
2011-09-27,18.41
2011-09-28,18.095
2011-09-29,17.945
2011-09-30,17.43
2011-10-03,16.92
2011-10-04,17.455
2011-10-05,17.775
2011-10-06,18.19
2011-10-07,18.175
2011-10-10,18.79
2011-10-11,18.87
2011-10-12,19.04
2011-10-13,19.025
2011-10-14,19.335
2011-10-17,18.94
2011-10-18,19.325
2011-10-19,19.035
2011-10-20,19.13
2011-10-21,19.66
2011-10-24,19.95
2011-10-25,19.515
2011-10-26,19.44
2011-10-27,19.97
2011-10-28,19.815
2011-10-31,19.51
2011-11-01,19.09
2011-11-02,19.285
2011-11-03,19.535
2011-11-04,19.46
2011-11-07,19.585
2011-11-08,19.775
2011-11-09,19.07
2011-11-10,19.25
2011-11-11,19.735
2011-11-14,19.59
2011-11-15,19.66
2011-11-16,19.29
2011-11-17,18.95
2011-11-18,18.94
2011-11-21,18.645
2011-11-22,18.635
2011-11-23,18.265
2011-11-25,18.165
2011-11-28,18.72
2011-11-29,18.785
2011-11-30,19.37
2011-12-01,19.385
2011-12-02,19.535
2011-12-05,19.715
2011-12-06,19.65
2011-12-07,19.775
2011-12-08,19.355
2011-12-09,19.675
2011-12-12,19.615
2011-12-13,19.23
2011-12-14,19.03
2011-12-15,19.06
2011-12-16,18.95
2011-12-19,18.74
2011-12-20,19.255
2011-12-21,19.32
2011-12-22,19.375
2011-12-23,19.59
2011-12-27,19.65
2011-12-28,19.435
2011-12-29,19.635
2011-12-30,19.51
2012-01-03,19.675
2012-01-04,19.83
2012-01-05,19.995
2012-01-06,20.025
2012-01-09,19.995
2012-01-10,20.125
2012-01-11,20.155
2012-01-12,20.215
2012-01-13,20.19
2012-01-17,20.245
2012-01-18,20.57
2012-01-19,20.75
2012-01-20,20.58
2012-01-23,20.565
2012-01-24,20.625
2012-01-25,20.775
2012-01-26,20.74
2012-01-27,20.725
2012-01-30,20.665
2012-01-31,20.66
2012-02-01,20.73
2012-02-02,20.705
2012-02-03,21.13
2012-02-06,21.085
2012-02-07,21.185
2012-02-08,21.235
2012-02-09,21.27
2012-02-10,21.155
2012-02-13,21.325
2012-02-14,21.3
2012-02-15,21.205
2012-02-16,21.295
2012-02-17,21.48
2012-02-21,21.405
2012-02-22,21.35
2012-02-23,21.455
2012-02-24,21.43
2012-02-27,21.555
2012-02-28,21.675
2012-02-29,21.595
2012-03-01,21.775
2012-03-02,21.76
2012-03-05,21.74
2012-03-06,21.4
2012-03-07,21.645
2012-03-08,21.865
2012-03-09,21.99
2012-03-12,21.93
2012-03-13,22.27
2012-03-14,22.24
2012-03-15,22.315
2012-03-16,22.175
2012-03-19,22.29
2012-03-20,22.325
2012-03-21,22.355
2012-03-22,22.3
2012-03-23,22.325
2012-03-26,22.68
2012-03-27,22.645
2012-03-28,22.45
2012-03-29,22.445
2012-03-30,22.545
2012-04-02,22.605
2012-04-03,22.56
2012-04-04,22.35
2012-04-05,22.505
2012-04-09,22.3
2012-04-10,21.755
2012-04-11,22.055
2012-04-12,22.335
2012-04-13,22.275
2012-04-16,22.195
2012-04-17,22.43
2012-04-18,22.465
2012-04-19,22.285
2012-04-20,22.32
2012-04-23,22.08
2012-04-24,22.005
2012-04-25,22.375
2012-04-26,22.655
2012-04-27,22.935
2012-04-30,22.805
2012-05-01,22.955
2012-05-02,23.08
2012-05-03,22.9
2012-05-04,22.455
2012-05-07,22.445
2012-05-08,22.175
2012-05-09,22.09
2012-05-10,22.165
2012-05-11,22.12
2012-05-14,21.81
2012-05-15,21.775
2012-05-16,21.74
2012-05-17,21.165
2012-05-18,21.005
2012-05-21,21.375
2012-05-22,21.46
2012-05-23,21.575
2012-05-24,21.675
2012-05-25,21.64
2012-05-29,21.94
2012-05-30,21.595
2012-05-31,21.55
2012-06-01,20.87
2012-06-04,20.945
2012-06-05,21.06
2012-06-06,21.515
2012-06-07,21.515
2012-06-08,21.705
2012-06-11,21.375
2012-06-12,21.605
2012-06-13,21.29
2012-06-14,21.575
2012-06-15,21.71
2012-06-18,21.865
2012-06-19,22.065
2012-06-20,22.04
2012-06-21,21.56
2012-06-22,21.655
2012-06-25,21.32
2012-06-26,21.585
2012-06-27,21.555
2012-06-28,21.435
2012-06-29,21.89
2012-07-02,21.955
2012-07-03,21.935
2012-07-05,21.99
2012-07-06,21.885
2012-07-09,21.765
2012-07-10,21.635
2012-07-11,21.51
2012-07-12,21.46
2012-07-13,21.81
2012-07-16,21.67
2012-07-17,21.885
2012-07-18,22
2012-07-19,22.145
2012-07-20,21.875
2012-07-23,21.555
2012-07-24,21.41
2012-07-25,21.365
2012-07-26,21.71
2012-07-27,22.14
2012-07-30,22.055
2012-07-31,21.77
2012-08-01,21.68
2012-08-02,21.735
2012-08-03,22.165
2012-08-06,22.245
2012-08-07,22.455
2012-08-08,22.345
2012-08-09,22.33
2012-08-10,22.31
2012-08-13,22.32
2012-08-14,22.375
2012-08-15,22.445
2012-08-16,22.63
2012-08-17,22.715
2012-08-20,22.62
2012-08-21,22.59
2012-08-22,22.655
2012-08-23,22.5
2012-08-24,22.685
2012-08-27,22.65
2012-08-28,22.695
2012-08-29,22.805
2012-08-30,22.68
2012-08-31,22.775
2012-09-04,22.72
2012-09-05,22.755
2012-09-06,23.265
2012-09-07,23.39
2012-09-10,23.355
2012-09-11,23.345
2012-09-12,23.46
2012-09-13,23.76
2012-09-14,23.855
2012-09-17,23.765
2012-09-18,23.65
2012-09-19,23.895
2012-09-20,23.865
2012-09-21,23.765
2012-09-24,23.7
2012-09-25,23.42
2012-09-26,23.26
2012-09-27,23.495
2012-09-28,23.395
2012-10-01,23.38
2012-10-02,23.335
2012-10-03,23.52
2012-10-04,23.735
2012-10-05,23.805
2012-10-08,23.76
2012-10-09,23.38
2012-10-10,23.235
2012-10-11,23.13
2012-10-12,23.125
2012-10-15,23.355
2012-10-16,23.565
2012-10-17,23.7
2012-10-18,23.715
2012-10-19,23.29
2012-10-22,23.215
2012-10-23,23.03
2012-10-24,22.94
2012-10-25,22.885
2012-10-26,22.96
2012-10-31,23.035
2012-11-01,23.3
2012-11-02,23.285
2012-11-05,23.345
2012-11-06,23.47
2012-11-07,23.195
2012-11-08,22.82
2012-11-09,22.71
2012-11-12,22.73
2012-11-13,22.795
2012-11-14,22.455
2012-11-15,22.44
2012-11-16,22.59
2012-11-19,23.075
2012-11-20,23.19
2012-11-21,23.27
2012-11-23,23.58
2012-11-26,23.47
2012-11-27,23.375
2012-11-28,23.68
2012-11-29,23.745
2012-11-30,23.765
2012-12-03,23.64
2012-12-04,23.54
2012-12-05,23.47
2012-12-06,23.62
2012-12-07,23.71
2012-12-10,23.575
2012-12-11,23.65
2012-12-12,23.68
2012-12-13,23.525
2012-12-14,23.425
2012-12-17,23.845
2012-12-18,24.125
2012-12-19,23.955
2012-12-20,24.005
2012-12-21,23.64
2012-12-24,23.66
2012-12-26,23.415
2012-12-27,23.445
2012-12-28,23.255
2012-12-31,23.72
2013-01-02,24.215
2013-01-03,24.275
2013-01-04,24.365
2013-01-07,24.305
2013-01-08,24.235
2013-01-09,24.275
2013-01-10,24.415
2013-01-11,24.435
2013-01-14,24.495
2013-01-15,24.675
2013-01-16,24.62
2013-01-17,24.88
2013-01-18,24.91
2013-01-22,24.975
2013-01-23,24.995
2013-01-24,25.185
2013-01-25,25.45
2013-01-28,25.33
2013-01-29,25.23
2013-01-30,25.185
2013-01-31,25.065
2013-02-01,25.21
2013-02-04,24.9
2013-02-05,25.165
2013-02-06,25.22
2013-02-07,25.165
2013-02-08,25.36
2013-02-11,25.275
2013-02-12,25.375
2013-02-13,25.43
2013-02-14,25.44
2013-02-15,25.47
2013-02-19,25.565
2013-02-20,25.175
2013-02-21,24.965
2013-02-22,25.105
2013-02-25,24.715
2013-02-26,24.96
2013-02-27,25.34
2013-02-28,25.465
2013-03-01,25.525
2013-03-04,25.75
2013-03-05,26.01
2013-03-06,25.99
2013-03-07,26.035
2013-03-08,26.31
2013-03-11,26.375
2013-03-12,26.3
2013-03-13,26.445
2013-03-14,26.475
2013-03-15,26.295
2013-03-18,26.095
2013-03-19,25.91
2013-03-20,26.21
2013-03-21,25.99
2013-03-22,26.31
2013-03-25,26.265
2013-03-26,26.395
2013-03-27,26.405
2013-03-28,26.5
2013-04-01,26.3
2013-04-02,26.52
2013-04-03,26.275
2013-04-04,26.425
2013-04-05,26.295
2013-04-08,26.595
2013-04-09,26.525
2013-04-10,26.835
2013-04-11,27.06
2013-04-12,27.205
2013-04-15,26.49
2013-04-16,26.87
2013-04-17,26.595
2013-04-18,26.305
2013-04-19,26.62
2013-04-22,26.735
2013-04-23,27.005
2013-04-24,27.025
2013-04-25,27.255
2013-04-26,27.135
2013-04-29,27.23
2013-04-30,27.305
2013-05-01,27.16
2013-05-02,27.425
2013-05-03,27.77
2013-05-06,27.86
2013-05-07,28.095
2013-05-08,28.115
2013-05-09,28.165
2013-05-10,28.385
2013-05-13,28.39
2013-05-14,28.68
2013-05-15,28.835
2013-05-16,28.5
2013-05-17,28.775
2013-05-20,28.69
2013-05-21,28.82
2013-05-22,28.545
2013-05-23,28.485
2013-05-24,28.4
2013-05-28,28.675
2013-05-29,28.38
2013-05-30,28.38
2013-05-31,28.06
2013-06-03,28.185
2013-06-04,28.085
2013-06-05,27.62
2013-06-06,27.91
2013-06-07,28.42
2013-06-10,28.335
2013-06-11,28.055
2013-06-12,27.745
2013-06-13,28.265
2013-06-14,28.175
2013-06-17,28.33
2013-06-18,28.62
2013-06-19,28.295
2013-06-20,27.555
2013-06-21,27.52
2013-06-24,27.27
2013-06-25,27.515
2013-06-26,27.86
2013-06-27,28.1
2013-06-28,28.2
2013-07-01,28.395
2013-07-02,28.445
2013-07-03,28.575
2013-07-05,28.885
2013-07-08,29.155
2013-07-09,29.27
2013-07-10,29.3
2013-07-11,29.72
2013-07-12,29.86
2013-07-15,29.785
2013-07-16,29.625
2013-07-17,29.64
2013-07-18,29.81
2013-07-19,29.785
2013-07-22,29.765
2013-07-23,29.725
2013-07-24,29.625
2013-07-25,29.665
2013-07-26,29.76
2013-07-29,29.605
2013-07-30,29.53
2013-07-31,29.685
2013-08-01,30.145
2013-08-02,30.36
2013-08-05,30.295
2013-08-06,30.17
2013-08-07,29.905
2013-08-08,30.105
2013-08-09,30.04
2013-08-12,30
2013-08-13,30
2013-08-14,29.67
2013-08-15,29.15
2013-08-16,29.045
2013-08-19,28.92
2013-08-20,29.215
2013-08-21,28.965
2013-08-22,29.255
2013-08-23,29.26
2013-08-26,29.2
2013-08-27,28.725
2013-08-28,28.88
2013-08-29,29.02
2013-08-30,28.84
2013-09-03,29.045
2013-09-04,29.35
2013-09-05,29.36
2013-09-06,29.325
2013-09-09,29.585
2013-09-10,29.87
2013-09-11,30.09
2013-09-12,30.02
2013-09-13,30.105
2013-09-16,30.24
2013-09-17,30.415
2013-09-18,30.765
2013-09-19,30.755
2013-09-20,30.48
2013-09-23,30.245
2013-09-24,30.325
2013-09-25,30.14
2013-09-26,30.425
2013-09-27,30.43
2013-09-30,30.315
2013-10-01,30.56
2013-10-02,30.55
2013-10-03,30.205
2013-10-04,30.49
2013-10-07,30.06
2013-10-08,29.585
2013-10-09,29.45
2013-10-10,30.135
2013-10-11,30.395
2013-10-14,30.52
2013-10-15,30.23
2013-10-16,30.605
2013-10-17,30.83
2013-10-18,31.02
2013-10-21,31.1
2013-10-22,31.31
2013-10-23,31.11
2013-10-24,31.42
2013-10-25,31.655
2013-10-28,31.595
2013-10-29,31.78
2013-10-30,31.625
2013-10-31,31.705
2013-11-01,31.78
2013-11-04,31.89
2013-11-05,31.89
2013-11-06,31.81
2013-11-07,31.15
2013-11-08,31.645
2013-11-11,31.695
2013-11-12,31.64
2013-11-13,32.14
2013-11-14,32.365
2013-11-15,32.475
2013-11-18,32.22
2013-11-19,32.08
2013-11-20,31.915
2013-11-21,32.245
2013-11-22,32.425
2013-11-25,32.455
2013-11-26,32.645
2013-11-27,32.77
2013-11-29,32.8
2013-12-02,32.645
2013-12-03,32.335
2013-12-04,32.26
2013-12-05,32.295
2013-12-06,32.565
2013-12-09,32.54
2013-12-10,32.56
2013-12-11,32.26
2013-12-12,32.16
2013-12-13,32.24
2013-12-16,32.45
2013-12-17,32.365
2013-12-18,32.845
2013-12-19,32.825
2013-12-20,32.83
2013-12-23,32.975
2013-12-24,33.045
2013-12-26,33.29
2013-12-27,33.135
2013-12-30,33.285
2013-12-31,33.415
2014-01-02,33.26
2014-01-03,33.17
2014-01-06,32.965
2014-01-07,33.165
2014-01-08,33.075
2014-01-09,33.07
2014-01-10,33.17
2014-01-13,32.505
2014-01-14,32.785
2014-01-15,32.865
2014-01-16,32.69
2014-01-17,32.545
2014-01-21,32.515
2014-01-22,32.6
2014-01-23,32.37
2014-01-24,31.75
2014-01-27,31.625
2014-01-28,31.845
2014-01-29,31.335
2014-01-30,31.86
2014-01-31,31.41
2014-02-03,30.585
2014-02-04,30.96
2014-02-05,31
2014-02-06,31.655
2014-02-07,32.045
2014-02-10,32.025
2014-02-11,32.26
2014-02-12,32.29
2014-02-13,32.39
2014-02-14,32.585
2014-02-18,32.625
2014-02-19,32.36
2014-02-20,32.535
2014-02-21,32.6
2014-02-24,32.735
2014-02-25,32.965
2014-02-26,33.15
2014-02-27,33.285
2014-02-28,33.42
2014-03-03,33.105
2014-03-04,33.52
2014-03-05,33.66
2014-03-06,33.745
2014-03-07,33.695
2014-03-10,33.605
2014-03-11,33.41
2014-03-12,33.36
2014-03-13,32.955
2014-03-14,32.925
2014-03-17,33.145
2014-03-18,33.29
2014-03-19,33.07
2014-03-20,33.155
2014-03-21,32.84
2014-03-24,32.51
2014-03-25,32.315
2014-03-26,32.055
2014-03-27,31.9
2014-03-28,32.14
2014-03-31,32.36
2014-04-01,32.81
2014-04-02,33.03
2014-04-03,32.87
2014-04-04,32.325
2014-04-07,31.695
2014-04-08,32.015
2014-04-09,32.36
2014-04-10,31.555
2014-04-11,31.12
2014-04-14,31.365
2014-04-15,31.405
2014-04-16,31.845
2014-04-17,31.885
2014-04-21,31.97
2014-04-22,32.245
2014-04-23,32.095
2014-04-24,32.27
2014-04-25,31.72
2014-04-28,31.64
2014-04-29,31.785
2014-04-30,31.92
2014-05-01,32.045
2014-05-02,32.125
2014-05-05,32.155
2014-05-06,31.695
2014-05-07,31.655
2014-05-08,31.745
2014-05-09,31.92
2014-05-12,32.32
2014-05-13,32.23
2014-05-14,31.87
2014-05-15,31.64
2014-05-16,31.875
2014-05-19,32.02
2014-05-20,31.73
2014-05-21,32.115
2014-05-22,32.285
2014-05-23,32.54
2014-05-27,32.71
2014-05-28,32.675
2014-05-29,32.81
2014-05-30,32.84
2014-06-02,32.95
2014-06-03,32.89
2014-06-04,33.05
2014-06-05,33.265
2014-06-06,33.46
2014-06-09,33.47
2014-06-10,33.405
2014-06-11,33.305
2014-06-12,32.88
2014-06-13,32.895
2014-06-16,32.97
2014-06-17,33.1
2014-06-18,33.35
2014-06-19,33.27
2014-06-20,33.04
2014-06-23,33.08
2014-06-24,33
2014-06-25,33.28
2014-06-26,33.305
2014-06-27,33.385
2014-06-30,33.37
2014-07-01,33.725
2014-07-02,33.775
2014-07-03,34.035
2014-07-07,33.825
2014-07-08,33.495
2014-07-09,33.9
2014-07-10,33.585
2014-07-11,33.695
2014-07-14,33.79
2014-07-15,33.675
2014-07-16,33.76
2014-07-17,33.44
2014-07-18,33.75
2014-07-21,33.595
2014-07-22,33.735
2014-07-23,33.71
2014-07-24,33.785
2014-07-25,33.41
2014-07-28,33.475
2014-07-29,33.38
2014-07-30,33.565
2014-07-31,32.945
2014-08-01,32.825
2014-08-04,33.145
2014-08-05,32.915
2014-08-06,32.845
2014-08-07,32.675
2014-08-08,33.18
2014-08-11,33.33
2014-08-12,33.245
2014-08-13,33.365
2014-08-14,33.625
2014-08-15,33.56
2014-08-18,33.87
2014-08-19,34.125
2014-08-20,34.285
2014-08-21,34.255
2014-08-22,34.32
2014-08-25,34.42
2014-08-26,34.425
2014-08-27,34.46
2014-08-28,34.415
2014-08-29,34.41
2014-09-02,34.475
2014-09-03,34.385
2014-09-04,34.515
2014-09-05,34.63
2014-09-08,34.485
2014-09-09,34.14
2014-09-10,34.26
2014-09-11,34.275
2014-09-12,34.175
2014-09-15,34.035
2014-09-16,34.21
2014-09-17,34.195
2014-09-18,34.345
2014-09-19,34.245
2014-09-22,33.765
2014-09-23,33.475
2014-09-24,33.855
2014-09-25,33.36
2014-09-26,33.705
2014-09-29,33.53
2014-09-30,33.345
2014-10-01,32.9
2014-10-02,33.05
2014-10-03,33.475
2014-10-06,33.295
2014-10-07,32.8
2014-10-08,33.315
2014-10-09,32.56
2014-10-10,32.275
2014-10-13,31.62
2014-10-14,31.85
2014-10-15,31.585
2014-10-16,31.62
2014-10-17,31.97
2014-10-20,32.415
2014-10-21,33.045
2014-10-22,32.76
2014-10-23,33.205
2014-10-24,33.175
2014-10-27,33.24
2014-10-28,33.6
2014-10-29,33.5
2014-10-30,33.72
2014-10-31,34.05
2014-11-03,34.05
2014-11-04,33.64
2014-11-05,33.775
2014-11-06,34.06
2014-11-07,34.005
2014-11-10,33.985
2014-11-11,34.13
2014-11-12,34.29
2014-11-13,34.505
2014-11-14,34.64
2014-11-17,34.6
2014-11-18,34.665
2014-11-19,34.81
2014-11-20,34.96
2014-11-21,35.045
2014-11-24,35.37
2014-11-25,35.48
2014-11-26,35.475
2014-11-28,35.905
2014-12-01,35.51
2014-12-02,35.645
2014-12-03,35.705
2014-12-04,35.685
2014-12-05,35.765
2014-12-08,35.475
2014-12-09,35.41
2014-12-10,34.94
2014-12-11,35.225
2014-12-12,35
2014-12-15,34.79
2014-12-16,34.255
2014-12-17,34.91
2014-12-18,35.485
2014-12-19,35.435
2014-12-22,35.78
2014-12-23,35.98
2014-12-24,35.92
2014-12-26,36.115
2014-12-29,36.39
2014-12-30,36.22
2014-12-31,36.075
2015-01-02,35.815
2015-01-05,35.13
2015-01-06,34.78
2015-01-07,35.33
2015-01-08,35.86
2015-01-09,35.445
2015-01-12,35.255
2015-01-13,35.255
2015-01-14,34.83
2015-01-15,34.38
2015-01-16,34.835
2015-01-20,34.635
2015-01-21,34.86
2015-01-22,35.515
2015-01-23,35.465
2015-01-26,35.65
2015-01-27,35.365
2015-01-28,34.905
2015-01-29,35.38
2015-01-30,34.995
2015-02-02,35.31
2015-02-03,36.06
2015-02-04,36.3
2015-02-05,36.525
2015-02-06,36.47
2015-02-09,36.33
2015-02-10,36.775
2015-02-11,36.785
2015-02-12,37.22
2015-02-13,37.445
2015-02-17,37.36
2015-02-18,37.34
2015-02-19,37.455
2015-02-20,37.72
2015-02-23,37.685
2015-02-24,37.865
2015-02-25,38.155
2015-02-26,38.035
2015-02-27,37.985
2015-03-02,38.44
2015-03-03,38.335
2015-03-04,38.135
2015-03-05,38.16
2015-03-06,37.705
2015-03-09,37.92
2015-03-10,37.33
2015-03-11,37.125
2015-03-12,37.88
2015-03-13,37.58
2015-03-16,38.02
2015-03-17,37.81
2015-03-18,38.145
2015-03-19,38.09
2015-03-20,38.385
2015-03-23,38.32
2015-03-24,38.12
2015-03-25,37.5
2015-03-26,37.265
2015-03-27,37.455
2015-03-30,37.84
2015-03-31,37.675
2015-04-01,37.51
2015-04-02,37.845
2015-04-06,38.025
2015-04-07,37.815
2015-04-08,38.17
2015-04-09,38.205
2015-04-10,38.335
2015-04-13,38.125
2015-04-14,38.105
2015-04-15,38.105
2015-04-16,38.18
2015-04-17,37.615
2015-04-20,38.03
2015-04-21,38.07
2015-04-22,38.105
2015-04-23,38.295
2015-04-24,38.815
2015-04-27,38.475
2015-04-28,38.34
2015-04-29,38.08
2015-04-30,37.655
2015-05-01,38.175
2015-05-04,38.255
2015-05-05,37.855
2015-05-06,37.7
2015-05-07,37.895
2015-05-08,38.3
2015-05-11,38.13
2015-05-12,38.06
2015-05-13,37.82
2015-05-14,37.99
2015-05-15,38.295
2015-05-18,38.44
2015-05-19,38.43
2015-05-20,38.385
2015-05-21,38.535
2015-05-22,38.47
2015-05-26,38.195
2015-05-27,38.48
2015-05-28,38.415
2015-05-29,38.15
2015-06-01,38.26
2015-06-02,38.345
2015-06-03,38.645
2015-06-04,38.37
2015-06-05,38.26
2015-06-08,37.99
2015-06-09,37.95
2015-06-10,38.34
2015-06-11,38.47
2015-06-12,38.295
2015-06-15,38.115
2015-06-16,38.345
2015-06-17,38.52
2015-06-18,38.985
2015-06-19,38.725
2015-06-22,38.94
2015-06-23,39.095
2015-06-24,38.825
2015-06-25,38.795
2015-06-26,38.95
2015-06-29,38.07
2015-06-30,38.24
2015-07-01,38.675
2015-07-02,38.6
2015-07-06,38.525
2015-07-07,38.86
2015-07-08,38.12
2015-07-09,38.28
2015-07-10,38.835
2015-07-13,39.395
2015-07-14,39.445
2015-07-15,39.405
2015-07-16,39.645
2015-07-17,39.575
2015-07-20,39.595
2015-07-21,39.47
2015-07-22,39.66
2015-07-23,39.425
2015-07-24,39.425
2015-07-27,39.13
2015-07-28,39.435
2015-07-29,39.84
2015-07-30,39.985
2015-07-31,40.11
2015-08-03,39.975
2015-08-04,40.145
2015-08-05,39.71
2015-08-06,39.17
2015-08-07,39.14
2015-08-10,39.455
2015-08-11,39.1
2015-08-12,38.93
2015-08-13,39.155
2015-08-14,39.18
2015-08-17,39.555
2015-08-18,39.59
2015-08-19,39.52
2015-08-20,38.41
2015-08-21,37.18
2015-08-24,35.695
2015-08-25,35.55
2015-08-26,36.9
2015-08-27,37.765
2015-08-28,37.78
2015-08-31,37.49
2015-09-01,36.54
2015-09-02,37.31
2015-09-03,37.325
2015-09-04,36.925
2015-09-08,37.78
2015-09-09,37.375
2015-09-10,37.48
2015-09-11,37.76
2015-09-14,37.56
2015-09-15,37.955
2015-09-16,38.385
2015-09-17,38.485
2015-09-18,37.73
2015-09-21,38.06
2015-09-22,37.555
2015-09-23,37.455
2015-09-24,37.355
2015-09-25,37.35
2015-09-28,36.275
2015-09-29,36.155
2015-09-30,37.13
2015-10-01,37.405
2015-10-02,37.94
2015-10-05,38.5
2015-10-06,38.215
2015-10-07,38.345
2015-10-08,38.815
2015-10-09,38.86
2015-10-12,39.045
2015-10-13,38.835
2015-10-14,38.44
2015-10-15,38.94
2015-10-16,39.145
2015-10-19,39.33
2015-10-20,39.28
2015-10-21,39.105
2015-10-22,39.62
2015-10-23,39.815
2015-10-26,40.095
2015-10-27,39.905
2015-10-28,40.285
2015-10-29,40.4
2015-10-30,40.485
2015-11-02,40.67
2015-11-03,40.825
2015-11-04,40.56
2015-11-05,40.705
2015-11-06,40.71
2015-11-09,40.15
2015-11-10,40.53
2015-11-11,40.29
2015-11-12,39.915
2015-11-13,38.865
2015-11-16,39.335
2015-11-17,39.41
2015-11-18,40.085
2015-11-19,40.135
2015-11-20,40.615
2015-11-23,40.765
2015-11-24,40.68
2015-11-25,40.885
2015-11-27,40.735
2015-11-30,40.39
2015-12-01,40.805
2015-12-02,40.45
2015-12-03,39.84
2015-12-04,40.61
2015-12-07,40.44
2015-12-08,40.32
2015-12-09,39.805
2015-12-10,39.94
2015-12-11,39.03
2015-12-14,39.23
2015-12-15,39.445
2015-12-16,40.105
2015-12-17,39.445
2015-12-18,38.665
2015-12-21,38.86
2015-12-22,39.145
2015-12-23,39.345
2015-12-24,39.24
2015-12-28,39.34
2015-12-29,39.795
2015-12-30,39.475
2015-12-31,39.08
2016-01-04,38.41
2016-01-05,38.36
2016-01-06,37.985
2016-01-07,37.205
2016-01-08,36.805
2016-01-11,37.095
2016-01-12,37.505
2016-01-13,36.24
2016-01-14,36.5
2016-01-15,35.75
2016-01-19,35.885
2016-01-20,35.57
2016-01-21,36.025
2016-01-22,36.655
2016-01-25,36.235
2016-01-26,36.765
2016-01-27,36.19
2016-01-28,36.655
2016-01-29,37.055
2016-02-01,37.28
2016-02-02,36.555
2016-02-03,36.46
2016-02-04,36.25
2016-02-05,35.08
2016-02-08,34.4
2016-02-09,34.345
2016-02-10,34.285
2016-02-11,34.265
2016-02-12,34.895
2016-02-16,35.74
2016-02-17,36.51
2016-02-18,36.27
2016-02-19,36.37
2016-02-22,37.075
2016-02-23,36.87
2016-02-24,37.085
2016-02-25,37.455
2016-02-26,37.415
2016-02-29,37.22
2016-03-01,38.205
2016-03-02,38.17
2016-03-03,38.395
2016-03-04,38.36
2016-03-07,38.195
2016-03-08,37.895
2016-03-09,37.97
2016-03-10,38.065
2016-03-11,38.65
2016-03-14,38.795
2016-03-15,38.785
2016-03-16,39.1
2016-03-17,39.155
2016-03-18,39.045
2016-03-21,39.065
2016-03-22,39
2016-03-23,38.725
2016-03-24,38.775
2016-03-28,38.95
2016-03-29,39.345
2016-03-30,39.595
2016-03-31,39.55
2016-04-01,39.715
2016-04-04,39.405
2016-04-05,39.07
2016-04-06,39.44
2016-04-07,38.995
2016-04-08,38.935
2016-04-11,38.79
2016-04-12,39.085
2016-04-13,39.635
2016-04-14,39.635
2016-04-15,39.745
2016-04-18,40.12
2016-04-19,39.9
2016-04-20,39.95
2016-04-21,39.81
2016-04-22,39.73
2016-04-25,39.775
2016-04-26,39.87
2016-04-27,39.83
2016-04-28,39.4
2016-04-29,39.6
2016-05-02,40.155
2016-05-03,39.785
2016-05-04,39.605
2016-05-05,39.35
2016-05-06,39.64
2016-05-09,39.75
2016-05-10,40.26
2016-05-11,39.45
2016-05-12,39.525
2016-05-13,39.055
2016-05-16,39.3
2016-05-17,38.855
2016-05-18,38.63
2016-05-19,38.595
2016-05-20,38.85
2016-05-23,38.715
2016-05-24,39.18
2016-05-25,39.395
2016-05-26,39.475
2016-05-27,39.66
2016-05-31,39.62
2016-06-01,39.595
2016-06-02,39.815
2016-06-03,39.555
2016-06-06,39.655
2016-06-07,39.705
2016-06-08,39.75
2016-06-09,39.66
2016-06-10,39.245
2016-06-13,39.03
2016-06-14,38.93
2016-06-15,39.04
2016-06-16,39.165
2016-06-17,38.965
2016-06-20,39.315
2016-06-21,39.225
2016-06-22,39.17
2016-06-23,39.555
2016-06-24,38.085
2016-06-27,37.385
2016-06-28,38.13
2016-06-29,38.745
2016-06-30,39.03
2016-07-01,39.435
2016-07-05,39.115
2016-07-06,39.45
2016-07-07,39.62
2016-07-08,40.31
2016-07-11,40.545
2016-07-12,40.705
2016-07-13,40.505
2016-07-14,40.67
2016-07-15,40.49
2016-07-18,40.645
2016-07-19,40.57
2016-07-20,40.74
2016-07-21,40.63
2016-07-22,40.8
2016-07-25,40.865
2016-07-26,40.815
2016-07-27,40.69
2016-07-28,40.765
2016-07-29,40.81
2016-08-01,40.875
2016-08-02,40.265
2016-08-03,40.38
2016-08-04,40.36
2016-08-05,40.785
2016-08-08,40.65
2016-08-09,40.53
2016-08-10,40.615
2016-08-11,41.02
2016-08-12,41
2016-08-15,41.08
2016-08-16,40.845
2016-08-17,40.75
2016-08-18,40.725
2016-08-19,40.75
2016-08-22,40.71
2016-08-23,40.915
2016-08-24,40.72
2016-08-25,40.585
2016-08-26,40.47
2016-08-29,40.61
2016-08-30,40.385
2016-08-31,40.28
2016-09-01,40.36
2016-09-02,40.44
2016-09-06,40.515
2016-09-07,40.535
2016-09-08,40.185
2016-09-09,39.215
2016-09-12,39.765
2016-09-13,39.2
2016-09-14,39.205
2016-09-15,39.49
2016-09-16,39.255
2016-09-19,39.225
2016-09-20,39.255
2016-09-21,39.635
2016-09-22,39.925
2016-09-23,39.835
2016-09-26,39.395
2016-09-27,39.795
2016-09-28,39.905
2016-09-29,39.7
2016-09-30,40.02
2016-10-03,39.995
2016-10-04,39.855
2016-10-05,40.02
2016-10-06,40.05
2016-10-07,39.87
2016-10-10,39.935
2016-10-11,39.45
2016-10-12,39.635
2016-10-13,39.49
2016-10-14,39.445
2016-10-17,39.12
2016-10-18,39.38
2016-10-19,39.555
2016-10-20,39.48
2016-10-21,39.795
2016-10-24,40.08
2016-10-25,39.61
2016-10-26,39.44
2016-10-27,39.11
2016-10-28,39.02
2016-10-31,39.05
2016-11-01,38.775
2016-11-02,38.54
2016-11-03,38.44
2016-11-04,38.365
2016-11-07,39.25
2016-11-08,39.41
2016-11-09,39.49
2016-11-10,39.635
2016-11-11,39.86
2016-11-14,39.865
2016-11-15,40.02
2016-11-16,40.24
2016-11-17,40.725
2016-11-18,40.6
2016-11-21,40.865
2016-11-22,41.35
2016-11-23,41.39
2016-11-25,41.49
2016-11-28,41.16
2016-11-29,41.27
2016-11-30,40.925
2016-12-01,40.945
2016-12-02,40.72
2016-12-05,41.165
2016-12-06,41.26
2016-12-07,42.06
2016-12-08,42.06
2016-12-09,42.155
2016-12-12,41.805
2016-12-13,42.18
2016-12-14,41.895
2016-12-15,41.795
2016-12-16,41.345
2016-12-19,41.455
2016-12-20,41.785
2016-12-21,41.765
2016-12-22,41.315
2016-12-23,41.225
2016-12-27,41.385
2016-12-28,41.1
2016-12-29,41.045
2016-12-30,40.7
2017-01-03,40.94
2017-01-04,41.485
2017-01-05,41.455
2017-01-06,41.66
2017-01-09,41.625
2017-01-10,41.775
2017-01-11,41.865
2017-01-12,41.825
2017-01-13,41.98
2017-01-17,42.05
2017-01-18,41.975
2017-01-19,41.845
2017-01-20,41.965
2017-01-23,41.995
2017-01-24,42.34
2017-01-25,42.6
2017-01-26,42.665
2017-01-27,42.53
2017-01-30,42.48
2017-01-31,42.415
2017-02-01,42.335
2017-02-02,42.3
2017-02-03,42.245
2017-02-06,42.12
2017-02-07,42.08
2017-02-08,42.34
2017-02-09,42.605
2017-02-10,42.865
2017-02-13,42.915
2017-02-14,43.16
2017-02-15,43.385
2017-02-16,43.165
2017-02-17,43.305
2017-02-21,43.555
2017-02-22,43.555
2017-02-23,43.26
2017-02-24,43.46
2017-02-27,43.51
2017-02-28,43.185
2017-03-01,43.67
2017-03-02,43.565
2017-03-03,43.5
2017-03-06,43.36
2017-03-07,43.22
2017-03-08,43.4
2017-03-09,43.36
2017-03-10,43.425
2017-03-13,43.54
2017-03-14,43.53
2017-03-15,43.76
2017-03-16,43.755
2017-03-17,43.68
2017-03-20,43.575
2017-03-21,43.025
2017-03-22,43.075
2017-03-23,43.175
2017-03-24,43.28
2017-03-27,43.265
2017-03-28,43.595
2017-03-29,43.855
2017-03-30,43.97
2017-03-31,43.975
2017-04-03,43.8
2017-04-04,43.73
2017-04-05,43.625
2017-04-06,43.76
2017-04-07,43.63
2017-04-10,43.79
2017-04-11,43.755
2017-04-12,43.58
2017-04-13,43.275
2017-04-17,43.72
2017-04-18,43.725
2017-04-19,43.765
2017-04-20,44.225
2017-04-21,44.125
2017-04-24,44.41
2017-04-25,44.76
2017-04-26,44.97
2017-04-27,45.21
2017-04-28,45.03
2017-05-01,45.09
2017-05-02,45.14
2017-05-03,44.875
2017-05-04,44.805
2017-05-05,45.085
2017-05-08,45.17
2017-05-09,45.43
2017-05-10,45.275
2017-05-11,45.005
2017-05-12,44.94
2017-05-15,44.95
2017-05-16,44.795
2017-05-17,44.07
2017-05-18,44.325
2017-05-19,44.625
2017-05-22,44.85
2017-05-23,44.68
2017-05-24,44.84
2017-05-25,45.235
2017-05-26,45.37
2017-05-30,45.405
2017-05-31,45.525
2017-06-01,45.955
2017-06-02,46.12
2017-06-05,45.995
2017-06-06,45.6
2017-06-07,45.68
2017-06-08,45.385
2017-06-09,45.185
2017-06-12,45.16
2017-06-13,45.44
2017-06-14,45.415
2017-06-15,45.225
2017-06-16,45.075
2017-06-19,45.42
2017-06-20,44.85
2017-06-21,44.92
2017-06-22,44.815
2017-06-23,44.76
2017-06-26,44.92
2017-06-27,44.565
2017-06-28,45.015
2017-06-29,44.58
2017-06-30,44.815
2017-07-03,44.77
2017-07-05,44.66
2017-07-06,44.205
2017-07-07,44.6
2017-07-10,44.695
2017-07-11,44.605
2017-07-12,44.945
2017-07-13,44.95
2017-07-14,45.095
2017-07-17,45.205
2017-07-18,45.41
2017-07-19,45.63
2017-07-20,45.535
2017-07-21,45.565
2017-07-24,45.41
2017-07-25,45.73
2017-07-26,45.71
2017-07-27,46.045
2017-07-28,45.695
2017-07-31,45.68
2017-08-01,45.76
2017-08-02,45.635
2017-08-03,45.51
2017-08-04,45.515
2017-08-07,45.62
2017-08-08,45.645
2017-08-09,45.38
2017-08-10,44.7
2017-08-11,44.93
2017-08-14,45.25
2017-08-15,44.835
2017-08-16,45.065
2017-08-17,44.345
2017-08-18,44.125
2017-08-21,44.205
2017-08-22,44.68
2017-08-23,44.3
2017-08-24,44.205
2017-08-25,44.315
2017-08-28,44.34
2017-08-29,44.3
2017-08-30,44.62
2017-08-31,44.83
2017-09-01,45.035
2017-09-05,44.85
2017-09-06,45.13
2017-09-07,44.74
2017-09-08,44.585
2017-09-11,44.82
2017-09-12,45.02
2017-09-13,45.345
2017-09-14,45.1
2017-09-15,44.815
2017-09-18,44.66
2017-09-19,44.62
2017-09-20,44.77
2017-09-21,44.695
2017-09-22,44.77
2017-09-25,44.675
2017-09-26,44.68
2017-09-27,44.925
2017-09-28,44.87
2017-09-29,45.04
2017-10-02,45.125
2017-10-03,45.315
2017-10-04,45.55
2017-10-05,45.805
2017-10-06,45.86
2017-10-09,45.715
2017-10-10,45.67
2017-10-11,45.695
2017-10-12,45.39
2017-10-13,45.61
2017-10-16,45.67
2017-10-17,45.695
2017-10-18,45.57
2017-10-19,45.57
2017-10-20,45.68
2017-10-23,45.37
2017-10-24,45.48
2017-10-25,45.305
2017-10-26,45.465
2017-10-27,46.2
2017-10-30,45.99
2017-10-31,45.995
2017-11-01,46.01
2017-11-02,45.665
2017-11-03,45.85
2017-11-06,46.185
2017-11-07,45.91
2017-11-08,45.96
2017-11-09,46.03
2017-11-10,46.185
2017-11-13,46.34
2017-11-14,46.38
2017-11-15,46.18
2017-11-16,46.565
2017-11-17,46.77
2017-11-20,46.86
2017-11-21,47.15
2017-11-22,47.195
2017-11-24,47.315
2017-11-27,47.35
2017-11-28,47.875
2017-11-29,48.08
2017-11-30,48.325
2017-12-01,48.305
2017-12-04,48.865
2017-12-05,48.585
2017-12-06,48.27
2017-12-07,48.395
2017-12-08,48.625
2017-12-11,48.73
2017-12-12,48.75
2017-12-13,48.79
2017-12-14,48.94
2017-12-15,48.985
2017-12-18,49.425
2017-12-19,49.36
2017-12-20,49.265
2017-12-21,49.585
2017-12-22,49.49
2017-12-26,49.6
2017-12-27,49.5
2017-12-28,49.635
2017-12-29,49.345
2018-01-02,50.095
2018-01-03,50.325
2018-01-04,50.49
2018-01-05,50.89
2018-01-08,50.95
2018-01-09,51.05
2018-01-10,51.015
2018-01-11,51.845
2018-01-12,52.515
2018-01-16,52.14
2018-01-17,52.39
2018-01-18,52.345
2018-01-19,52.8
2018-01-22,53.385
2018-01-23,53.835
2018-01-24,54.065
2018-01-25,53.97
2018-01-26,54.5
2018-01-29,54.35
2018-01-30,54.08
2018-01-31,53.905
2018-02-01,53.305
2018-02-02,52.795
2018-02-05,51.015
2018-02-06,52.32
2018-02-07,52.16
2018-02-08,50.08
2018-02-09,50.415
2018-02-12,51.1
2018-02-13,51.365
2018-02-14,52.185
2018-02-15,52.65
2018-02-16,52.395
2018-02-20,52.235
2018-02-21,52.16
2018-02-22,52.225
2018-02-23,52.955
2018-02-26,53.4
2018-02-27,52.27
2018-02-28,52.035
2018-03-01,51.475
2018-03-02,51.525
2018-03-05,52.14
2018-03-06,52.5
2018-03-07,52.145
2018-03-08,52.31
2018-03-09,53.12
2018-03-12,53.295
2018-03-13,52.92
2018-03-14,52.855
2018-03-15,52.8
2018-03-16,52.59
2018-03-19,51.935
2018-03-20,52.245
2018-03-21,52.205
2018-03-22,51.095
2018-03-23,50.09
2018-03-26,51.57
2018-03-27,50.56
2018-03-28,49.945
2018-03-29,50.645
2018-04-02,49.215
2018-04-03,49.84
2018-04-04,50.755
2018-04-05,51.435
2018-04-06,50.34
2018-04-09,50.22
2018-04-10,50.83
2018-04-11,50.675
2018-04-12,50.895
2018-04-13,50.61
2018-04-16,50.99
2018-04-17,51.94
2018-04-18,52.185
2018-04-19,52.02
2018-04-20,51.49
2018-04-23,51.6
2018-04-24,50.785
2018-04-25,50.995
2018-04-26,51.82
2018-04-27,52.055
2018-04-30,51.85
2018-05-01,51.92
2018-05-02,51.565
2018-05-03,51.335
2018-05-04,52.01
2018-05-07,52.185
2018-05-08,51.965
2018-05-09,52.145
2018-05-10,52.335
2018-05-11,52.445
2018-05-14,52.545
2018-05-15,52.24
2018-05-16,52.675
2018-05-17,52.5
2018-05-18,52.435
2018-05-21,52.725
2018-05-22,52.49
2018-05-23,52.87
2018-05-24,52.985
2018-05-25,53.065
2018-05-29,52.655
2018-05-30,53.135
2018-05-31,52.88
2018-06-01,53.27
2018-06-04,53.865
2018-06-05,54.18
2018-06-06,54.685
2018-06-07,54.845
2018-06-08,54.96
2018-06-11,55.18
2018-06-12,55.445
2018-06-13,55.53
2018-06-14,56.11
2018-06-15,56.055
2018-06-18,55.96
2018-06-19,55.89
2018-06-20,56.155
2018-06-21,55.755
2018-06-22,55.66
2018-06-25,54.45
2018-06-26,54.84
2018-06-27,54.13
2018-06-28,54.555
2018-06-29,54.65
2018-07-02,54.725
2018-07-03,54.45
2018-07-05,54.72
2018-07-06,55.15
2018-07-09,55.81
2018-07-10,55.93
2018-07-11,55.8
2018-07-12,56.17
2018-07-13,56.295
2018-07-16,56.435
2018-07-17,56.49
2018-07-18,56.455
2018-07-19,56.325
2018-07-20,56.075
2018-07-23,56.015
2018-07-24,55.85
2018-07-25,56.26
2018-07-26,55.965
2018-07-27,55.82
2018-07-30,55.375
2018-07-31,55.635
2018-08-01,55.36
2018-08-02,55.74
2018-08-03,55.93
2018-08-06,56.305
2018-08-07,56.565
2018-08-08,56.625
2018-08-09,56.835
2018-08-10,56.36
2018-08-13,56.075
2018-08-14,56.62
2018-08-15,55.93
2018-08-16,56.205
2018-08-17,56.255
2018-08-20,56.655
2018-08-21,57.105
2018-08-22,57.165
2018-08-23,57.11
2018-08-24,57.445
2018-08-27,57.815
2018-08-28,57.93
2018-08-29,58.58
2018-08-30,58.245
2018-08-31,58.475
2018-09-04,58.585
2018-09-05,57.955
2018-09-06,57.795
2018-09-07,57.79
2018-09-10,58.005
2018-09-11,58.47
2018-09-12,58.58
2018-09-13,58.68
2018-09-14,58.46
2018-09-17,57.735
2018-09-18,58.47
2018-09-19,58.495
2018-09-20,58.895
2018-09-21,58.46
2018-09-24,58.08
2018-09-25,58.325
2018-09-26,58.46
2018-09-27,58.66
2018-09-28,58.61
2018-10-01,58.43
2018-10-02,57.64
2018-10-03,57.445
2018-10-04,56.545
2018-10-05,56.12
2018-10-08,56.265
2018-10-09,56.1
2018-10-10,54.21
2018-10-11,53.255
2018-10-12,54.24
2018-10-15,54.115
2018-10-16,55.2
2018-10-17,54.745
2018-10-18,53.695
2018-10-19,53.17
2018-10-22,53.385
2018-10-23,53.395
2018-10-24,51.8
2018-10-25,53.365
2018-10-26,51.705
2018-10-29,51.25
2018-10-30,52.02
2018-10-31,52.69
2018-11-01,53.765
2018-11-02,53.985
2018-11-05,54.06
2018-11-06,54.3
2018-11-07,55.77
2018-11-08,55.785
2018-11-09,55.01
2018-11-12,53.905
2018-11-13,53.88
2018-11-14,53.475
2018-11-15,53.395
2018-11-16,53.185
2018-11-19,51.885
2018-11-20,50.71
2018-11-21,51.24
2018-11-23,51.01
2018-11-26,52.155
2018-11-27,52.31
2018-11-28,53.855
2018-11-29,53.605
2018-11-30,53.995
2018-12-03,55.005
2018-12-04,53.025
2018-12-06,53.28
2018-12-07,51.685
2018-12-10,51.725
2018-12-11,51.745
2018-12-12,52.29
2018-12-13,52.03
2018-12-14,51.165
2018-12-17,49.865
2018-12-18,50.255
2018-12-19,49.26
2018-12-20,48.155
2018-12-21,46.88
2018-12-24,45.99
2018-12-26,48.715
2018-12-27,48.975
2018-12-28,48.98
2018-12-31,49.505
2019-01-02,49.88
2019-01-03,48.8
2019-01-04,50.415
2019-01-07,51.555
2019-01-08,52.125
2019-01-09,52.39
2019-01-10,52.24
2019-01-11,52.29
2019-01-14,51.97
2019-01-15,52.44
2019-01-16,52.32
2019-01-17,52.675
2019-01-18,53.405
2019-01-22,52.605
2019-01-23,52.71
2019-01-24,52.93
2019-01-25,53.515
2019-01-28,53.205
2019-01-29,52.86
2019-01-30,53.9
2019-01-31,54.39
2019-02-01,53.595
2019-02-04,53.945
2019-02-05,54.45
2019-02-06,54.225
2019-02-07,53.78
2019-02-08,53.565
2019-02-11,53.66
2019-02-12,54.485
2019-02-13,54.855
2019-02-14,54.655
2019-02-15,55.03
2019-02-19,55.255
2019-02-20,55.365
2019-02-21,55.255
2019-02-22,55.555
2019-02-25,55.37
2019-02-26,55.445
2019-02-27,55.405
2019-02-28,55.105
2019-03-01,55.55
2019-03-04,55.375
2019-03-05,55.515
2019-03-06,55.255
2019-03-07,54.585
2019-03-08,54.205
2019-03-11,54.95
2019-03-12,55.105
2019-03-13,55.3
2019-03-14,55.135
2019-03-15,55.3
2019-03-18,55.835
2019-03-19,56.115
2019-03-20,56.195
2019-03-21,56.965
2019-03-22,55.835
2019-03-25,56.165
2019-03-26,56.405
2019-03-27,56.29
2019-03-28,56.63
2019-03-29,56.925
2019-04-01,57.55
2019-04-02,57.54
2019-04-03,57.945
2019-04-04,58.415
2019-04-05,58.76
2019-04-08,58.97
2019-04-09,58.44
2019-04-10,58.72
2019-04-11,58.795
2019-04-12,59.16
2019-04-15,59.28
2019-04-16,59.54
2019-04-17,59.655
2019-04-18,59.635
2019-04-22,59.41
2019-04-23,60.12
2019-04-24,60.175
2019-04-25,59.86
2019-04-26,60.335
2019-04-29,60.125
2019-04-30,60.035
2019-05-01,59.305
2019-05-02,59.35
2019-05-03,60.05
2019-05-06,59.685
2019-05-07,58.78
2019-05-08,58.8
2019-05-09,58.56
2019-05-10,58.645
2019-05-13,56.9
2019-05-14,57.475
2019-05-15,57.865
2019-05-16,58.4
2019-05-17,57.955
2019-05-20,57.545
2019-05-21,57.945
2019-05-22,57.35
2019-05-23,56.64
2019-05-24,56.715
2019-05-28,56.34
2019-05-29,55.84
2019-05-30,56.205
2019-05-31,55.47
2019-06-03,55.005
2019-06-04,56.495
2019-06-05,56.775
2019-06-06,57.065
2019-06-07,57.89
2019-06-10,58.38
2019-06-11,58.605
2019-06-12,58.59
2019-06-13,59.115
2019-06-14,59.245
2019-06-17,59.27
2019-06-18,59.72
2019-06-19,59.83
2019-06-20,60.245
2019-06-21,59.76
2019-06-24,59.44
2019-06-25,58.87
2019-06-26,59.06
2019-06-27,59.43
2019-06-28,59.6
2019-07-01,60.125
2019-07-02,60.255
2019-07-03,60.78
2019-07-05,60.85
2019-07-08,60.925
2019-07-09,60.99
2019-07-10,61.21
2019-07-11,61.335
2019-07-12,62.04
2019-07-15,62.24
2019-07-16,62.16
2019-07-17,61.565
2019-07-18,61.485
2019-07-19,61.08
2019-07-22,61.115
2019-07-23,61.53
2019-07-24,61.84
2019-07-25,61.495
2019-07-26,61.775
2019-07-29,61.475
2019-07-30,61.06
2019-07-31,60.36
2019-08-01,59.54
2019-08-02,59.05
2019-08-05,57.465
2019-08-06,58.34
2019-08-07,58.575
2019-08-08,59.705
2019-08-09,59.145
2019-08-12,58.285
2019-08-13,59.245
2019-08-14,57.39
2019-08-15,57.295
2019-08-16,57.945
2019-08-19,58.675
2019-08-20,58.69
2019-08-21,59.82
2019-08-22,59.835
2019-08-23,58.245
2019-08-26,58.82
2019-08-27,58.53
2019-08-28,59.26
2019-08-29,60.15
2019-08-30,59.79
2019-09-03,59.545
2019-09-04,60.135
2019-09-05,61.285
2019-09-06,61.435
2019-09-09,61.67
2019-09-10,61.425
2019-09-11,61.54
2019-09-12,61.835
2019-09-13,61.71
2019-09-16,60.92
2019-09-17,61.29
2019-09-18,61.26
2019-09-19,61.095
2019-09-20,60.195
2019-09-23,60.405
2019-09-24,59.76
2019-09-25,60.305
2019-09-26,60.045
2019-09-27,59.835
2019-09-30,60.35
2019-10-01,59.845
2019-10-02,58.77
2019-10-03,59.055
2019-10-04,59.61
2019-10-07,59.35
2019-10-08,58.725
2019-10-09,59.225
2019-10-10,59.62
2019-10-11,60.295
2019-10-14,60.265
2019-10-15,60.795
2019-10-16,61.045
2019-10-17,61.205
2019-10-18,61.085
2019-10-21,61.3
2019-10-22,60.91
2019-10-23,60.63
2019-10-24,60.6
2019-10-25,60.53
2019-10-28,60.72
2019-10-29,60.375
2019-10-30,60.75
2019-10-31,60.425
2019-11-01,60.825
2019-11-04,60.855
2019-11-05,60.945
2019-11-06,61.01
2019-11-07,60.645
2019-11-08,60.67
2019-11-11,60.545
2019-11-12,60.505
2019-11-13,60.315
2019-11-14,60.575
2019-11-15,60.685
2019-11-18,60.895
2019-11-19,60.225
2019-11-20,60.085
2019-11-21,59.745
2019-11-22,60.155
2019-11-25,60.685
2019-11-26,61.1
2019-11-27,61.625
2019-11-29,61.225
2019-12-02,60.72
2019-12-03,60.11
2019-12-04,60.445
2019-12-05,60.385
2019-12-06,60.87
2019-12-09,60.945
2019-12-10,60.84
2019-12-11,60.995
2019-12-12,61.53
2019-12-13,61.585
2019-12-16,61.855
2019-12-17,62.13
2019-12-18,62.19
2019-12-19,62.385
2019-12-20,62.275
2019-12-23,62.13
2019-12-24,62.27
2019-12-26,63.03
2019-12-27,63.025
2019-12-30,62.62
2019-12-31,62.71
2020-01-02,63.455
2020-01-03,62.915
2020-01-06,63.09
2020-01-07,62.99
2020-01-08,63.18
2020-01-09,63.515
2020-01-10,63.17
2020-01-13,63.37
2020-01-14,63.35
2020-01-15,63.205
2020-01-16,63.77
2020-01-17,63.995
2020-01-21,63.8
2020-01-22,63.77
2020-01-23,63.865
2020-01-24,62.975
2020-01-27,62.035
2020-01-28,62.64
2020-01-29,62.605
2020-01-30,62.5
2020-01-31,62.66
2020-02-03,63.105
2020-02-04,64.255
2020-02-05,64.58
2020-02-06,64.435
2020-02-07,64.155
2020-02-10,64.88
2020-02-11,65.39
2020-02-12,66.06
2020-02-13,65.945
2020-02-14,65.845
2020-02-18,65.84
2020-02-19,66.135
2020-02-20,66.16
2020-02-21,65.15
2020-02-24,62.91
2020-02-25,61.23
2020-02-26,60.745
2020-02-27,58.29
2020-02-28,57.915
2020-03-02,59.905
2020-03-03,58.455
2020-03-04,60.475
2020-03-05,58.22
2020-03-06,57.325
2020-03-09,53.715
2020-03-10,56.685
2020-03-11,53.585
2020-03-12,48.17
2020-03-13,51.15
2020-03-16,44.67
2020-03-17,46.39
2020-03-18,43.725
2020-03-19,45.25
2020-03-20,43.905
2020-03-23,43.765
2020-03-24,47.87
2020-03-25,48.71
2020-03-26,50.725
2020-03-27,49.025
2020-03-30,50.05
2020-03-31,49.04
2020-04-01,46.85
2020-04-02,47.025
2020-04-03,46.205
2020-04-06,50.05
2020-04-07,50.795
2020-04-08,52.395
2020-04-09,53.34
2020-04-13,53.325
2020-04-14,55.41
2020-04-15,54.195
2020-04-16,54.845
2020-04-17,56.465
2020-04-20,55.48
2020-04-21,54.04
2020-04-22,55.205
2020-04-23,55.19
2020-04-24,56.125
2020-04-27,57.175
2020-04-28,57.4
2020-04-29,58.665
2020-04-30,58.3
2020-05-01,56.12
2020-05-04,56.425
2020-05-05,56.63
2020-05-06,56.62
2020-05-07,57.51
2020-05-08,58.63
2020-05-11,58.5
2020-05-12,57.22
2020-05-13,56.235
2020-05-14,57.075
2020-05-15,57.74
2020-05-18,59.925
2020-05-19,59.71
2020-05-20,60.49
2020-05-21,60.705
2020-05-22,60.615
2020-05-26,61.575
2020-05-27,62.63
2020-05-28,61.87
2020-05-29,62.095
2020-06-01,62.685
2020-06-02,63.22
2020-06-03,64.415
2020-06-04,64.09
2020-06-05,65.625
2020-06-08,66.625
2020-06-09,66.105
2020-06-10,65.485
2020-06-11,62.055
2020-06-12,62.67
2020-06-15,63.265
2020-06-16,64.595
2020-06-17,64.425
2020-06-18,64.19
2020-06-19,63.69
2020-06-22,64.195
2020-06-23,64.7
2020-06-24,63.275
2020-06-25,63.36
2020-06-26,61.875
2020-06-29,63.05
2020-06-30,63.855
2020-07-01,64.5
2020-07-02,64.755
2020-07-06,66.29
2020-07-07,65.25
2020-07-08,65.945
2020-07-09,65.87
2020-07-10,66.655
2020-07-13,65.81
2020-07-14,66.465
2020-07-15,67.415
2020-07-16,67.235
2020-07-17,66.92
2020-07-20,67.99
2020-07-21,68.095
2020-07-22,68.68
2020-07-23,67.65
2020-07-24,67.77
2020-07-27,68.19
2020-07-28,67.515
2020-07-29,68.2
2020-07-30,68.145
2020-07-31,68.5
2020-08-03,68.355
2020-08-04,68.905
2020-08-05,69.745
2020-08-06,70.085
2020-08-07,70.19
2020-08-10,71.03
2020-08-11,70.89
2020-08-12,71.83
2020-08-13,71.8
2020-08-14,71.795
2020-08-17,72.72
2020-08-18,73.17
2020-08-19,72.825
2020-08-20,72.715
2020-08-21,73.09
2020-08-24,74.2
2020-08-25,74.445
2020-08-26,75.18
2020-08-27,74.775
2020-08-28,75.265
2020-08-31,75.045
2020-09-01,75.83
2020-09-02,76.88
2020-09-03,74.44
2020-09-04,73.58
2020-09-08,72.615
2020-09-09,73.985
2020-09-10,72.925
2020-09-11,73.035
2020-09-14,73.81
2020-09-15,74.415
2020-09-16,74
2020-09-17,72.96
2020-09-18,71.945
2020-09-21,70.755
2020-09-22,72.25
2020-09-23,71.065
2020-09-24,71.035
2020-09-25,71.96
2020-09-28,73.465
2020-09-29,72.895
2020-09-30,73.49
2020-10-01,74.45
2020-10-02,74.135
2020-10-05,75.115
2020-10-06,73.725
2020-10-07,75.41
2020-10-08,75.905
2020-10-09,76.695
2020-10-12,77.715
2020-10-13,77.7
2020-10-14,76.84
2020-10-15,77.125
2020-10-16,76.425
2020-10-19,75.485
2020-10-20,76.09
2020-10-21,75.675
2020-10-22,75.83
2020-10-23,76.495
2020-10-26,75.025
2020-10-27,74.99
2020-10-28,72.62
2020-10-29,73.08
2020-10-30,71.485
2020-11-02,71.995
2020-11-03,73.58
2020-11-04,75.145
2020-11-05,76.61
2020-11-06,76.38
2020-11-09,76.13
2020-11-10,75.86
2020-11-11,76.525
2020-11-12,75.5
2020-11-13,76.725
2020-11-16,77.73
2020-11-17,77.4
2020-11-18,76.87
2020-11-19,77.25
2020-11-20,76.845
2020-11-23,77.69
2020-11-24,78.845
2020-11-25,78.94
2020-11-27,79.11
2020-11-30,78.63
2020-12-01,79.215
2020-12-02,78.72
2020-12-03,78.94
2020-12-04,79.015
2020-12-07,78.835
2020-12-08,78.67
2020-12-09,78.595
2020-12-10,78.525
2020-12-11,78.15
2020-12-14,78.265
2020-12-15,79.32
2020-12-16,79.84
2020-12-17,80.385
2020-12-18,79.995
2020-12-21,78.945
2020-12-22,78.605
2020-12-23,78.775
2020-12-24,78.94
2020-12-28,79.84
2020-12-29,79.865
2020-12-30,80.345
2020-12-31,80.39
2021-01-04,79.71
2021-01-05,80.305
2021-01-06,81.125
2021-01-07,82.69
2021-01-08,84.395
2021-01-11,82.82
2021-01-12,84.085
2021-01-13,84.08
2021-01-14,83.545
2021-01-15,82.9
2021-01-19,83.37
2021-01-20,84.945
2021-01-21,85.34
2021-01-22,85.05
2021-01-25,85.365
2021-01-26,85.31
2021-01-27,82.68
2021-01-28,82.94
2021-01-29,81.005
2021-02-01,83.11
2021-02-02,84.875
2021-02-03,84.4
2021-02-04,85.3
2021-02-05,86.115
2021-02-08,86.605
2021-02-09,86.125
2021-02-10,85.275
2021-02-11,85.04
2021-02-12,85.16
2021-02-16,84.79
2021-02-17,85.28
2021-02-18,85.305
2021-02-19,84.81
2021-02-22,83.02
2021-02-23,82.475
2021-02-24,83.34
2021-02-25,80.24
2021-02-26,80.575
2021-03-01,82.465
2021-03-02,81.515
2021-03-03,79.6
2021-03-04,77.915
2021-03-05,78.41
2021-03-08,78.505
2021-03-09,81.47
2021-03-10,81.885
2021-03-11,83.14
2021-03-12,83.385
2021-03-15,84.505
2021-03-16,83.63
2021-03-17,84.805
2021-03-18,82.73
2021-03-19,83.225
2021-03-22,83.64
2021-03-23,82.855
2021-03-24,81.63
2021-03-25,82.345
2021-03-26,83.03
2021-03-29,82.575
2021-03-30,83.385
2021-03-31,84.035
2021-04-01,84.71
2021-04-05,86.635
2021-04-06,87.01
2021-04-07,86.75
2021-04-08,87.16
2021-04-09,87.99
2021-04-12,88.555
2021-04-13,89.49
2021-04-14,88.61
2021-04-15,89.245
2021-04-16,89.935
2021-04-19,88.925
2021-04-20,87.805
2021-04-21,88.975
2021-04-22,87.99
2021-04-23,88.91
2021-04-26,89.3
2021-04-27,89.195
2021-04-28,89.09
2021-04-29,89.115
2021-04-30,89.46
2021-05-03,89.035
2021-05-04,88.105
2021-05-05,87.83
2021-05-06,88.02
2021-05-07,88.81
2021-05-10,87.23
2021-05-11,86.245
2021-05-12,83.325
2021-05-13,83.915
2021-05-14,85.37
2021-05-17,85.215
2021-05-18,84.55
2021-05-19,83.84
2021-05-20,84.7
2021-05-21,84.275
2021-05-24,85.11
2021-05-25,85.38
2021-05-26,86.195
2021-05-27,86.54
2021-05-28,86.42
2021-06-01,86.255
2021-06-02,85.855
2021-06-03,84.835
2021-06-04,85.515
2021-06-07,85.515
2021-06-08,86.205
2021-06-09,85.73
2021-06-10,86.135
2021-06-11,86.605
2021-06-14,86.63
2021-06-15,86.17
2021-06-16,86.21
2021-06-17,86.535
2021-06-18,86.08
2021-06-21,86.615
2021-06-22,87.43
2021-06-23,88.105
2021-06-24,88.405
2021-06-25,88.965
2021-06-28,88.985
2021-06-29,89.205
2021-06-30,89.275
2021-07-01,89.78
2021-07-02,90.57
2021-07-06,90.675
2021-07-07,90.625
2021-07-08,90.4
2021-07-09,91.245
2021-07-12,91.87
2021-07-13,90.77
2021-07-14,90.605
2021-07-15,90.115
2021-07-16,89.005
2021-07-19,87.985
2021-07-20,89.61
2021-07-21,90.435
2021-07-22,90.825
2021-07-23,91.635
2021-07-26,92.315
2021-07-27,91.38
2021-07-28,91.085
2021-07-29,92.11
2021-07-30,90.215
2021-08-02,90.475
2021-08-03,91.145
2021-08-04,90.26
2021-08-05,91.125
2021-08-06,90.505
2021-08-09,90.38
2021-08-10,90.735
2021-08-11,91
2021-08-12,91.04
2021-08-13,90.78
2021-08-16,90.36
2021-08-17,88.215
2021-08-18,88.53
2021-08-19,87.965
2021-08-20,88.81
2021-08-23,89.955
2021-08-24,90.59
2021-08-25,90.94
2021-08-26,90.1
2021-08-27,90.92
2021-08-30,91.605
2021-08-31,91.825
2021-09-01,91.82
2021-09-02,91.815
2021-09-03,91.76
2021-09-07,92.03
2021-09-08,92.135
2021-09-09,92.015
2021-09-10,91.45
2021-09-13,91.675
2021-09-14,91.37
2021-09-15,91.96
2021-09-16,92.38
2021-09-17,92.055
2021-09-20,89.82
2021-09-21,89.955
2021-09-22,91.18
2021-09-23,92.105
2021-09-24,92.45
2021-09-27,92.945
2021-09-28,91.155
2021-09-29,91.245
2021-09-30,89.725
2021-10-01,90.4
2021-10-04,89.685
2021-10-05,90.045
2021-10-06,90.33
2021-10-07,91.735
2021-10-08,91.315
2021-10-11,90.945
2021-10-12,91.665
2021-10-13,92.115
2021-10-14,93.08
2021-10-15,94.505
2021-10-18,95.66
2021-10-19,95.39
2021-10-20,95.32
2021-10-21,96.72
2021-10-22,96.375
2021-10-25,98.765
2021-10-26,98.78
2021-10-27,99
2021-10-28,100.315
2021-10-29,100.575
2021-11-01,102.42
2021-11-02,101.73
2021-11-03,103.56
2021-11-04,104.955
2021-11-05,105.63
2021-11-08,104.135
2021-11-09,102.21
2021-11-10,101.83
2021-11-11,101.555
2021-11-12,101.895
2021-11-15,101.81
2021-11-16,103.415
2021-11-17,104.075
2021-11-18,105.255
2021-11-19,105.71
2021-11-22,105.445
2021-11-23,104.68
2021-11-24,104.895
2021-11-26,102.035
2021-11-29,103.62
2021-11-30,102.22
2021-12-01,100.375
2021-12-02,101.805
2021-12-03,99.825
2021-12-06,100.965
2021-12-07,103.32
2021-12-08,103.58
2021-12-09,101.785
2021-12-10,102.495
2021-12-13,99.855
2021-12-14,99.275
2021-12-15,100.535
2021-12-16,98.315
2021-12-17,97.645
2021-12-20,95.925
2021-12-21,98.41
2021-12-22,100.205
2021-12-23,101.595
2021-12-27,102.585
2021-12-28,102.63
2021-12-29,102.835
2021-12-30,102.465
2021-12-31,102.22
2022-01-03,105.155
2022-01-04,104.515
2022-01-05,101.695
2022-01-06,101.43
2022-01-07,99.74
2022-01-10,99.13
2022-01-11,100.085
2022-01-12,100.745
2022-01-13,98.72
2022-01-14,98.26
2022-01-18,96.4
2022-01-19,94.66
2022-01-20,92.935
2022-01-21,90.21
2022-01-24,91.295
2022-01-25,89.75
2022-01-26,89.315
2022-01-27,87.15
2022-01-28,89.05
2022-01-31,92.475
2022-02-01,93.035
2022-02-02,92.48
2022-02-03,89.65
2022-02-04,92.2
2022-02-07,92.01
2022-02-08,93.305
2022-02-09,94.54
2022-02-10,92.91
2022-02-11,90.24
2022-02-14,90.755
2022-02-15,92.785
2022-02-16,93.05
2022-02-17,90.56
2022-02-18,90
2022-02-22,87.375
2022-02-23,84.455
2022-02-24,86.385
2022-02-25,88.095
2022-02-28,88.715
2022-03-01,87.37
2022-03-02,89.205
2022-03-03,87.185
2022-03-04,85.8
2022-03-07,81.595
2022-03-08,81.765
2022-03-09,84.395
2022-03-10,84.995
2022-03-11,83.36
2022-03-14,81.97
2022-03-15,84.715
2022-03-16,87.605
2022-03-17,89.065
2022-03-18,90.94
2022-03-21,90.04
2022-03-22,92.275
2022-03-23,91.13
2022-03-24,91.84
2022-03-25,91.68
2022-03-28,94.125
2022-03-29,95.765
2022-03-30,94.31
2022-03-31,92.5
2022-04-01,92.615
2022-04-04,94.695
2022-04-05,92.475
2022-04-06,90.115
2022-04-07,90.575
2022-04-08,89.74
2022-04-11,88.075
2022-04-12,88.27
2022-04-13,90.465
2022-04-14,89.2
2022-04-18,89.47
2022-04-19,92.065
2022-04-20,90.88
2022-04-21,90
2022-04-22,87.91
2022-04-25,88.545
2022-04-26,84.065
2022-04-27,84.075
2022-04-28,85.8
2022-04-29,81.44
2022-05-02,82.63
2022-05-03,82.425
2022-05-04,84.845
2022-05-05,80.09
2022-05-06,79.075
2022-05-09,75.705
2022-05-10,75.48
2022-05-11,72.775
2022-05-12,73.275
2022-05-13,76.16
2022-05-16,74.515
2022-05-17,76.395
2022-05-18,71.4
2022-05-19,71.45
2022-05-20,70.205
2022-05-23,70.73
2022-05-24,68.91
2022-05-25,70.855
2022-05-26,74.33
2022-05-27,76.88
2022-05-31,77.27
2022-06-01,76.465
2022-06-02,78.805
2022-06-03,76.5
2022-06-06,77.265
2022-06-07,77.075
2022-06-08,76.62
2022-06-09,75.235
2022-06-10,72.235
2022-06-13,68.9
2022-06-14,68.845
2022-06-15,70.78
2022-06-16,67.315
2022-06-17,68.05
2022-06-21,69.835
2022-06-22,69.7
2022-06-23,70.795
2022-06-24,73.495
2022-06-27,72.725
2022-06-28,69.82
2022-06-29,69.765
2022-06-30,68.74
2022-07-01,70.005
2022-07-05,71.57
2022-07-06,71.335
2022-07-07,73.175
2022-07-08,73.185
2022-07-11,71.18
2022-07-12,70.75
2022-07-13,71.33
2022-07-14,71.27
2022-07-15,72.42
2022-07-18,72.63
2022-07-19,74.855
2022-07-20,76.085
2022-07-21,77.825
2022-07-22,77.375
2022-07-25,76.71
2022-07-26,74.24
2022-07-27,77.05
2022-07-28,78.375
2022-07-29,81.415
2022-08-01,81.82
2022-08-02,81.26
2022-08-03,83.24
2022-08-04,83.58
2022-08-05,82.155
2022-08-08,82.525
2022-08-09,81.21
2022-08-10,83.5
2022-08-11,83.075
2022-08-12,84.955
2022-08-15,85.54
2022-08-16,86.485
2022-08-17,85.555
2022-08-18,85.53
2022-08-19,83.765
2022-08-22,81.44
2022-08-23,81.67
2022-08-24,82.02
2022-08-25,83
2022-08-26,79.84
2022-08-29,79.415
2022-08-30,78.53
2022-08-31,77.755
2022-09-01,78.465
2022-09-02,77.745
2022-09-06,77.585
2022-09-07,79.965
2022-09-08,80.71
2022-09-09,82.24
2022-09-12,83.3
2022-09-13,79.005
2022-09-14,80.02
2022-09-15,79.61
2022-09-16,78.97
2022-09-19,79.92
2022-09-20,78.565
2022-09-21,76.705
2022-09-22,74.935
2022-09-23,73.21
2022-09-26,73.045
2022-09-27,73.275
2022-09-28,75.255
2022-09-29,72.655
2022-09-30,71.225
2022-10-03,71.295
2022-10-04,73.785
2022-10-05,73.35
2022-10-06,72.83
2022-10-07,70.325
2022-10-10,69.89
2022-10-11,69.32
2022-10-12,69.5
2022-10-13,70.26
2022-10-14,67.635
2022-10-17,70.38
2022-10-18,71.35
2022-10-19,70.55
2022-10-20,69.185
2022-10-21,71.2
2022-10-24,71.495
2022-10-25,73.285
2022-10-26,72.695
2022-10-27,72.415
2022-10-28,72.48
2022-10-31,72.015
2022-11-01,71.285
2022-11-02,68.59
2022-11-03,68.18
2022-11-04,68.75
2022-11-07,68.27
2022-11-08,68.1
2022-11-09,66.02
2022-11-10,70.845
2022-11-11,72.545
2022-11-14,71.395
2022-11-15,72.37
2022-11-16,71.265
2022-11-17,70.4
2022-11-18,70.495
2022-11-21,69.475
2022-11-22,70.26
2022-11-23,71.275
2022-11-25,71.315
2022-11-28,70.875
2022-11-29,70.65
2022-11-30,73.085
2022-12-01,73.075
2022-12-02,72.98
2022-12-05,70.875
2022-12-06,69.77
2022-12-07,69.35
2022-12-08,70.02
2022-12-09,69.715
2022-12-12,69.89
2022-12-13,69.89
2022-12-14,69.37
2022-12-15,68.23
2022-12-16,66.955
2022-12-19,65.7
2022-12-20,64.935
2022-12-21,65.97
2022-12-22,64.275
2022-12-23,64.715
2022-12-27,63.665
2022-12-28,63.13
2022-12-29,64.755
2022-12-30,64.58
2023-01-03,64.195
2023-01-04,65.125
2023-01-05,64.52
2023-01-06,66.035
2023-01-09,66.435
2023-01-10,67.27
2023-01-11,69.085
2023-01-12,69.2
2023-01-13,69.85
2023-01-17,69.9
2023-01-18,68.99
2023-01-19,67.845
2023-01-20,69.49
2023-01-23,70.575
2023-01-24,70.495
2023-01-25,70.855
2023-01-26,72.305
2023-01-27,73.945
2023-01-30,72.685
2023-01-31,74.35
2023-02-01,75.76
2023-02-02,78.08
2023-02-03,75.675
2023-02-06,75.565
2023-02-07,75.74
2023-02-08,75.095
2023-02-09,74.955
2023-02-10,74.075
2023-02-13,75.16
2023-02-14,76.06
2023-02-15,76.95
2023-02-16,75.27
2023-02-17,75.285
2023-02-21,72.77
2023-02-22,73.14
2023-02-23,73.08
2023-02-24,71.93
2023-02-27,72.82
2023-02-28,72.77
2023-03-01,71.855
2023-03-02,71.615
2023-03-03,73.155
2023-03-06,72.62
2023-03-07,71.63
2023-03-08,71.5
2023-03-09,69.795
2023-03-10,69.1
2023-03-13,69.245
2023-03-14,70.42
2023-03-15,70.315
2023-03-16,71.585
2023-03-17,70.67
2023-03-20,70.76
2023-03-21,72.715
2023-03-22,71.095
2023-03-23,71.02
2023-03-24,70.79
2023-03-27,70.935
2023-03-28,70.85
2023-03-29,72.195
2023-03-30,72.825
2023-03-31,74.77
2023-04-03,74.085
2023-04-04,73.965
2023-04-05,72.45
2023-04-06,72.465
2023-04-10,72.785
2023-04-11,72.9
2023-04-12,71.77
2023-04-13,73.355
2023-04-14,73.45
2023-04-17,73.97
2023-04-18,74.09
2023-04-19,74.02
2023-04-20,72.88
2023-04-21,73.685
2023-04-24,73.675
2023-04-25,72.215
2023-04-26,71.845
2023-04-27,73.74
2023-04-28,73.93
2023-05-01,73.2
2023-05-02,73.275
2023-05-03,72.695
2023-05-04,72.135
2023-05-05,73.595
2023-05-08,73.845
2023-05-09,73.825
2023-05-10,74.2
2023-05-11,74.545
2023-05-12,73.915
2023-05-15,74.01
2023-05-16,73.71
2023-05-17,75.245
2023-05-18,76.415
2023-05-19,75.775
2023-05-22,75.54
2023-05-23,74.85
2023-05-24,74.575
2023-05-25,74.24
2023-05-26,75.985
2023-05-30,76.495
2023-05-31,75.805
2023-06-01,76.7
2023-06-02,78.5
2023-06-05,78.735
2023-06-06,79.555
2023-06-07,79.015
2023-06-08,80.185
2023-06-09,80.6
2023-06-12,81.985
2023-06-13,82.835
2023-06-14,82.775
2023-06-15,83.315
2023-06-16,83.19
2023-06-20,83.645
2023-06-21,82.64
2023-06-22,83.695
2023-06-23,82.725
2023-06-26,81.665
2023-06-27,83.42
2023-06-28,83.75
2023-06-29,83.84
2023-06-30,84.905
2023-07-03,85.93
2023-07-05,85.965
2023-07-06,84.58
2023-07-07,84.685
2023-07-10,84.945
2023-07-11,85.655
2023-07-12,86.425
2023-07-13,87.235
2023-07-14,87.46
2023-07-17,87.815
2023-07-18,88.175
2023-07-19,88.485
2023-07-20,85.47
2023-07-21,85.49
2023-07-24,86.05
2023-07-25,85.85
2023-07-26,85.83
2023-07-27,84.94
2023-07-28,86.38
2023-07-31,86.87
2023-08-01,85.885
2023-08-02,84.345
2023-08-03,84.545
2023-08-04,85.775
2023-08-07,86.655
2023-08-08,85.965
2023-08-09,84.945
2023-08-10,85.15
2023-08-11,84.86
2023-08-14,85.12
2023-08-15,83.96
2023-08-16,82.92
2023-08-17,81.515
2023-08-18,81.33
2023-08-21,82.265
2023-08-22,82.385
2023-08-23,83.045
2023-08-24,81.42
2023-08-25,82.33
2023-08-28,82.66
2023-08-29,84.725
2023-08-30,85.09
2023-08-31,85.355
2023-09-01,84.835
2023-09-05,84.895
2023-09-06,84.14
2023-09-07,84.375
2023-09-08,84.375
2023-09-11,86.645
2023-09-12,85.86
2023-09-13,86.54
2023-09-14,87.39
2023-09-15,85.895
2023-09-18,84.81
2023-09-19,84.385
2023-09-20,83.545
2023-09-21,81.265
2023-09-22,80.465
2023-09-25,80.96
2023-09-26,79.485
2023-09-27,79.18
2023-09-28,80.065
2023-09-29,80.49
2023-10-02,80.555
2023-10-03,78.595
2023-10-04,80.145
2023-10-05,79.745
2023-10-06,80.305
2023-10-09,80.39
2023-10-10,81.27
2023-10-11,81.56
2023-10-12,80.67
2023-10-13,79.485
2023-10-16,80.77
2023-10-17,80.96
2023-10-18,79.06
2023-10-19,77.04
2023-10-20,75.845
2023-10-23,75.935
2023-10-24,76.745
2023-10-25,75.195
2023-10-26,74.02
2023-10-27,74.795
2023-10-30,75.48
2023-10-31,76.05
2023-11-01,76.99
2023-11-02,79
2023-11-03,80.11
2023-11-06,80.21
2023-11-07,81.105
2023-11-08,80.89
2023-11-09,79.38
2023-11-10,80.7
2023-11-13,81.045
2023-11-14,83.775
2023-11-15,83.875
2023-11-16,83.015
2023-11-17,83.57
2023-11-20,84
2023-11-21,83.785
2023-11-22,84.04
2023-11-24,84.12
2023-11-27,84.255
2023-11-28,84.74
2023-11-29,84.51
2023-11-30,84.39
2023-12-01,85.545
2023-12-04,85.22
2023-12-05,85.37
2023-12-06,85.495
2023-12-07,86.2
2023-12-08,86.595
2023-12-11,86.825
2023-12-12,87.095
2023-12-13,88.235
2023-12-14,89.42
2023-12-15,89.605
2023-12-18,90
2023-12-19,90.705
2023-12-20,89.05
2023-12-21,90.405
2023-12-22,89.74
2023-12-26,90.12
2023-12-27,90.43
2023-12-28,89.96
2023-12-29,89.405
2024-01-02,88.575
2024-01-03,86.785
2024-01-04,86.175
2024-01-05,86.31
2024-01-08,87.78
2024-01-09,87.455
2024-01-10,88.155
2024-01-11,88.04
2024-01-12,86.98
2024-01-16,86.88
2024-01-17,86.12
2024-01-18,86.61
2024-01-19,87.445
2024-01-22,87.06
2024-01-23,86.85
2024-01-24,86.52
2024-01-25,85.45
2024-01-26,85.84
2024-01-29,87.095
2024-01-30,87.045
2024-01-31,85.46
2024-02-01,87.105
2024-02-02,88.66
2024-02-05,87.41
2024-02-06,87.94
2024-02-07,88.925
2024-02-08,89.315
2024-02-09,89.95
2024-02-12,89.875
2024-02-13,88.085
2024-02-14,89.015
2024-02-15,90.045
2024-02-16,89.51
2024-02-20,88.665
2024-02-21,89.32
2024-02-22,91.055
2024-02-23,90.645
2024-02-26,90.925
2024-02-27,91.225
2024-02-28,91.585
2024-02-29,92.205
2024-03-01,92.51
2024-03-04,91.26
2024-03-05,90.125
2024-03-06,89.805
2024-03-07,90.49
2024-03-08,90.155
2024-03-11,89.91
2024-03-12,90.685
2024-03-13,90.495
2024-03-14,89.92
2024-03-15,89.025
2024-03-18,89.51
2024-03-19,90.285
2024-03-20,91.63
2024-03-21,92.165
2024-03-22,91.36
2024-03-25,91.06
2024-03-26,91.175
2024-03-27,92.23
2024-03-28,91.945
2024-04-01,91.26
2024-04-02,89.915
2024-04-03,89.98
2024-04-04,88.925
2024-04-05,89.42
2024-04-08,90.27
2024-04-09,90.695
2024-04-10,89.295
2024-04-11,90.015
2024-04-12,88.555
2024-04-15,87.08
2024-04-16,86.585
2024-04-17,86.165
2024-04-18,85.63
2024-04-19,84.88
2024-04-22,85.255
2024-04-23,86.27
2024-04-24,87.095
2024-04-25,87.17
2024-04-26,87.955
2024-04-29,90
2024-04-30,87.81
2024-05-01,87.26
2024-05-02,88.36
2024-05-03,88.955
2024-05-06,89.905
2024-05-07,89.26
2024-05-08,88.925
2024-05-09,89.53
2024-05-10,89.05
2024-05-13,88.935
2024-05-14,89.34
2024-05-15,89.475
2024-05-16,88.895
2024-05-17,89.35
2024-05-20,88.685
2024-05-21,89.255
2024-05-22,88.325
2024-05-23,86.895
2024-05-24,87.77
2024-05-28,87.555
2024-05-29,86.98
2024-05-30,87.495
2024-05-31,87.985
2024-06-03,87.945
2024-06-04,88.035
2024-06-05,88.55
2024-06-06,89.195
2024-06-07,88.83
2024-06-10,89.115
2024-06-11,88.88
2024-06-12,89.805
2024-06-13,89.875
2024-06-14,89.165
2024-06-17,90.73
2024-06-18,90.425
2024-06-20,90.54
2024-06-21,91.305
2024-06-24,90.72
2024-06-25,90.355
2024-06-26,91.665
2024-06-27,92.225
2024-06-28,91.2
2024-07-01,91.51
2024-07-02,93.29
2024-07-03,93.885
2024-07-05,94.65
2024-07-08,94.695
2024-07-09,95.01
2024-07-10,95.725
2024-07-11,94.51
2024-07-12,95.745
2024-07-15,95.635
2024-07-16,97.35
2024-07-17,95.725
2024-07-18,94.75
2024-07-19,93.905
2024-07-22,94.94
2024-07-23,94.515
2024-07-24,90.65
2024-07-25,90.295
2024-07-26,91.305
2024-07-29,92.83
2024-07-30,92.315
2024-07-31,93.745
2024-08-01,91.445
2024-08-02,88.08
2024-08-05,85.59
2024-08-06,86.535
2024-08-07,85.025
2024-08-08,86.88
2024-08-09,87.17
2024-08-12,86.825
2024-08-13,89
2024-08-14,88.525
2024-08-15,91.35
2024-08-16,91.565
2024-08-19,92.69
2024-08-20,92.605
2024-08-21,93.775
2024-08-22,92.155
2024-08-23,93.935
2024-08-26,93.205
2024-08-27,92.96
2024-08-28,92.06
2024-08-29,92.17
2024-08-30,93.56
2024-09-03,92.275
2024-09-04,92.515
2024-09-05,93.565
2024-09-06,91.2
2024-09-09,92.53
2024-09-10,93.59
2024-09-11,94.525
2024-09-12,95.59
2024-09-13,96.24
2024-09-16,96.075
2024-09-17,96.565
2024-09-18,96.375
2024-09-19,98.57
2024-09-20,98.345
2024-09-23,99.335
2024-09-24,100.205
2024-09-25,99.845
2024-09-26,100.27
2024-09-27,100.42
2024-09-30,100.185
2024-10-01,99.78
2024-10-02,98.935
2024-10-03,97.79
2024-10-04,99.085
2024-10-07,97.545
2024-10-08,98.495
2024-10-09,99.2
2024-10-10,98.71
2024-10-11,98.29
2024-10-14,98.72
2024-10-15,98.935
2024-10-16,99.455
2024-10-17,99.365
2024-10-18,99.755
2024-10-21,98.98
2024-10-22,98.58
2024-10-23,97.03
2024-10-24,100.09
2024-10-25,100.405
2024-10-28,100.64
2024-10-29,100.115
2024-10-30,99.975
2024-10-31,98.445
2024-11-01,100.045
2024-11-04,99.7
2024-11-05,101.465
2024-11-06,104.71
2024-11-07,106.055
2024-11-08,107.56
2024-11-11,109.73
2024-11-12,108.265
2024-11-13,109.19
2024-11-14,107.64
2024-11-15,106.72
2024-11-18,107.705
2024-11-19,107.785
2024-11-20,107.31
2024-11-21,107.5
2024-11-22,109.05
2024-11-25,110.165
2024-11-26,110.565
2024-11-27,110.02
2024-11-29,111.15
2024-12-02,112.12
2024-12-03,112.035
2024-12-04,113.075
2024-12-05,114
2024-12-06,116.4
2024-12-09,116.03
2024-12-10,116.22
2024-12-11,118.26
2024-12-12,117.28
2024-12-13,117.745
2024-12-16,119.34
2024-12-17,119.715
2024-12-18,114.32
2024-12-19,114.165
2024-12-20,114.455
2024-12-23,114.585
2024-12-24,117.235
2024-12-26,116.8
2024-12-27,114.87
2024-12-30,113.025
2024-12-31,112.175
2025-01-02,110.7
2025-01-03,112.94
2025-01-06,113.385
2025-01-07,111.19
2025-01-08,111.505
2025-01-10,110.41
2025-01-13,111.035
2025-01-14,110.82
2025-01-15,113.64
2025-01-16,113.025
2025-01-17,114.61
2025-01-21,115.45
2025-01-22,115.015
2025-01-23,115.71
2025-01-24,115.005
2025-01-27,115.66
2025-01-28,115.8
2025-01-29,115.47
2025-01-30,116.6
2025-01-31,116.085
2025-02-03,114.55
2025-02-04,115.9
2025-02-05,114.585
2025-02-06,115.04
2025-02-07,112.79
2025-02-10,113.175
2025-02-11,111.89
2025-02-12,111.87
2025-02-13,113.55
2025-02-14,113.5
2025-02-18,113.185
2025-02-19,113.12
2025-02-20,112.145
2025-02-21,109.195
2025-02-24,108.785
2025-02-25,108.215
2025-02-26,107.77
2025-02-27,106.215
2025-02-28,107.98
2025-03-03,105.99
2025-03-04,104.12
2025-03-05,105.705
2025-03-06,103.025
2025-03-07,102.835
2025-03-10,99.165
2025-03-11,98.195
2025-03-12,98.765
2025-03-13,96.3
2025-03-14,98.35
2025-03-17,98.505
2025-03-18,96.75
2025-03-19,98.605
2025-03-20,98.37
2025-03-21,98.725
2025-03-24,102.145
2025-03-25,102.96
2025-03-26,101.615
2025-03-27,101.68
2025-03-28,98.52
2025-03-31,98.73
2025-04-01,99.76
2025-04-02,101.655
2025-04-03,95.515
2025-04-04,91.395
2025-04-07,90.315
2025-04-08,88.17
2025-04-09,97.77
2025-04-10,93.95
2025-04-11,94.86
2025-04-14,95.135
2025-04-15,94.45
2025-04-16,92.12
2025-04-17,92.7
2025-04-21,90.225
2025-04-22,93.08
2025-04-23,95.16
2025-04-24,97.055
2025-04-25,98.8
2025-04-28,98.835
2025-04-29,99.535
2025-04-30,98.63
2025-05-01,99.175
2025-05-02,100.715
2025-05-05,99.645
2025-05-06,98.775
2025-05-07,99.545
2025-05-08,100.72
2025-05-09,101.205
2025-05-12,106.235
2025-05-13,107.64
2025-05-14,108.055
2025-05-15,107.815
2025-05-16,108.835
2025-05-19,108.58
2025-05-20,108.015
2025-05-21,105.825
2025-05-22,106.28
2025-05-23,105.325
2025-05-27,108.435
2025-05-28,107.44
2025-05-29,107.485
2025-05-30,106.9
2025-06-02,107.15
2025-06-03,107.72
2025-06-04,107.435
2025-06-05,104.725
2025-06-06,106.085
2025-06-09,106.935
2025-06-10,108.215
2025-06-11,107.36
2025-06-12,106.855
2025-06-13,105.87
2025-06-16,107.01
2025-06-17,105.165
2025-06-18,105.215
2025-06-20,105.34
2025-06-23,107.2
2025-06-24,107.795
2025-06-25,106.525
2025-06-26,107.505
2025-06-27,109.295
2025-06-30,108.665
2025-07-01,109.13
2025-07-02,110.005
2025-07-03,110.605
2025-07-07,109.2
2025-07-08,108.83
2025-07-09,109.475
2025-07-10,110.685
2025-07-11,110.715
2025-07-14,111.125
2025-07-15,109.535
2025-07-16,109.735
2025-07-17,110.11
2025-07-18,111.085
2025-07-21,111.61
2025-07-22,112.74
2025-07-23,113.275
2025-07-24,111.4
2025-07-25,112.435
2025-07-28,113.09
2025-07-29,112.31
2025-07-30,111.6
2025-07-31,110.715
2025-08-01,108.045
2025-08-04,109.315
2025-08-05,109.455
2025-08-06,111.73
2025-08-07,111.695
2025-08-08,111.89
2025-08-11,112.18
2025-08-12,113.37
2025-08-13,114.925
2025-08-14,114.795
2025-08-15,114.52
2025-08-18,114.98
2025-08-19,114.925
2025-08-20,113.79
2025-08-21,113.115
2025-08-22,116.55
2025-08-25,116.315
2025-08-26,116.85
2025-08-27,116.875
2025-08-28,117.075
2025-08-29,115.87
2025-09-02,115.005
2025-09-03,115.47
2025-09-04,117.58
2025-09-05,117.555
2025-09-08,118.01
2025-09-09,117.845
2025-09-10,116.435
2025-09-11,118.7
2025-09-12,119.315
2025-09-15,120.35
2025-09-16,121.09
2025-09-17,120.785
2025-09-18,120.24
2025-09-19,120.695
2025-09-22,120.09
2025-09-23,118.96
2025-09-24,119.8
2025-09-25,118.11
2025-09-26,119.855
2025-09-29,120.38
2025-09-30,119.82
2025-10-01,120.57
2025-10-02,119.7
2025-10-03,118.93
2025-10-06,119.95
2025-10-07,117.85
2025-10-08,118.2
2025-10-09,117.61
2025-10-10,114.375
2025-10-13,116.93
2025-10-14,117.175
2025-10-15,117.345
2025-10-16,116.21
2025-10-17,117.21
2025-10-20,118.14
2025-10-21,119.585
2025-10-22,118.65
2025-10-23,119.185
2025-10-24,118.83
2025-10-27,120.54
2025-10-28,120.57
2025-10-29,119.575
2025-10-30,116.875
2025-10-31,119.965
2025-11-03,121.09
2025-11-04,119.08
2025-11-05,120.53
2025-11-06,117.745
2025-11-07,117.93
2025-11-10,119.48
2025-11-11,119.775
2025-11-12,118.97
2025-11-13,116
2025-11-14,115.445
2025-11-17,114.36
2025-11-18,112.25
2025-11-19,112.255
2025-11-20,110.58
2025-11-21,112.75
2025-11-24,114.255
2025-11-25,116.7
2025-11-26,117.5
2025-11-28,118.23
2025-12-01,118.3
2025-12-02,118.22
2025-12-03,119.495
2025-12-04,119.07
2025-12-05,119.73
2025-12-08,117.99
2025-12-09,117.98
2025-12-10,119.71
2025-12-11,120.18
2025-12-12,120.7
2025-12-15,121.73
2025-12-16,121.93
2025-12-17,120.52
2025-12-18,122.34
2025-12-19,121.85
2025-12-22,122.34
2025-12-23,122.17
2025-12-24,122.59
2025-12-26,122.05
2025-12-29,120.85
2025-12-30,120.36
2025-12-31,119.41
2026-01-02,118.35
2026-01-05,120.3
2026-01-06,121.07
2026-01-07,120.9
2026-01-08,122.92
2026-01-09,124.41
2026-01-12,124.52
2026-01-13,124.21
2026-01-14,122.25
2026-01-15,122.7
2026-01-16,122.3
2026-01-20,119.12
2026-01-21,121.4
2026-01-22,122.62
2026-01-23,123.13
2026-01-26,122.32
2026-01-27,122.69
2026-01-28,121.77
2026-01-29,121.19
2026-01-30,121.17
2026-02-02,121.97
2026-02-03,120.99
2026-02-04,120.1
2026-02-05,117.51
2026-02-06,117.99
2026-02-09,117.55
2026-02-10,118.33
2026-02-11,117.76
2026-02-12,116.13
2026-02-13,116.18
2026-02-17,116.04
2026-02-18,117.02
2026-02-19,116.24
2026-02-20,117.45
2026-02-23,114.99
2026-02-24,116.74
2026-02-25,117.09
2026-02-26,117.05
2026-02-27,116.86
2026-03-02,115.42
2026-03-03,114.36
2026-03-04,116.39
2026-03-05,116.55
2026-03-06,114.44
2026-03-09,114.59
2026-03-10,114.44
2026-03-11,114.14
2026-03-12,111.52
2026-03-13,110.86
2026-03-16,112.2
2026-03-17,113.18
2026-03-18,110.57
2026-03-19,109.7
2026-03-20,107.74
2026-03-23,110.12
2026-03-24,109.68
2026-03-25,110.73
2026-03-26,108.83
2026-03-27,105.68
2026-03-30,105.66
2026-03-31,108.98
2026-04-01,109.8
2026-04-02,108.15
2026-04-06,109.04
2026-04-07,107.77
2026-04-08,110.82
2026-04-09,112.74
2026-04-10,112.89
2026-04-13,113.92
2026-04-14,116.44
2026-04-15,118.18
2026-04-16,117.63
2026-04-17,120.41
2026-04-20,119.87
2026-04-21,118.97
2026-04-22,118.93
2026-04-23,117.74
2026-04-24,118.69
2026-04-27,117.84
2026-04-28,117.01
2026-04-29,116.84
2026-04-30,118.35
2026-05-01,118.63
2026-05-04,117.72
2026-05-05,118.07
2026-05-06,119.87
2026-05-07,119.88
2026-05-08,120.2
2026-05-11,119.37
2026-05-12,118.29
2026-05-13,118.72
2026-05-14,118.67
2026-05-15,116.53
2026-05-18,116.32
2026-05-19,115.03
2026-05-20,117.94
2026-05-21,118.7
2026-05-22,119.18
2026-05-26,119.45
2026-05-27,121.55
2026-05-28,122.06
2026-05-29,120.87
2026-06-01,118.19
2026-06-02,117.59
2026-06-03,116.73
2026-06-04,117.26
2026-06-05,114.86
2026-06-08,115.39
2026-06-09,115.87
2026-06-10,113.49
2026-06-11,116.3
2026-06-12,116.6
2026-06-15,118.57
2026-06-16,118.46
2026-06-17,115.49
2026-06-18,117.16
2026-06-22,114.94
2026-06-23,113.76
2026-06-24,115.07
2026-06-25,113.35
2026-06-26,114.37
2026-06-29,117.12
2026-06-30,117.28
2026-07-01,118.09
2026-07-02,117.12
2026-07-06,118.01
2026-07-07,117.39
2026-07-08,115.3
2026-07-10,117.24
2026-07-13,116.04
2026-07-14,115.9
2026-07-15,117
2026-07-16,117.34
2026-07-17,115.44
2026-07-20,114.61
2026-07-21,114.87
2026-07-22,114.02
2026-07-23,108.76
2026-07-24,109.41
2026-07-27,110.84
2026-07-28,112.48
2026-07-29,111.61
2026-07-30,112.39
2026-07-31,116.09
2026-08-03,118.21
2026-08-04,118.29
2026-08-05,118.64
