Date,Value
2000-09-01,93.475
2000-09-05,93.475
2000-09-06,93.475
2000-09-07,93.475
2000-09-08,93.475
2000-09-11,93.475
2000-09-12,93.475
2000-09-13,93.475
2000-09-14,93.475
2000-09-15,93.475
2000-09-18,93.475
2000-09-19,93.48
2000-09-20,93.48
2000-09-21,93.485
2000-09-22,93.48
2000-09-25,93.48
2000-09-26,93.48
2000-09-27,93.48
2000-09-28,93.48
2000-09-29,93.48
2000-10-02,93.505
2000-10-03,93.505
2000-10-04,93.505
2000-10-05,93.505
2000-10-06,93.5
2000-10-09,93.505
2000-10-10,93.505
2000-10-11,93.505
2000-10-12,93.5
2000-10-16,93.5
2000-10-17,93.5
2000-10-18,93.5
2000-10-19,93.5
2000-10-20,93.5
2000-10-23,93.5
2000-10-24,93.5
2000-10-25,93.495
2000-10-26,93.495
2000-10-27,93.495
2000-10-30,93.495
2000-11-01,93.49
2000-11-02,93.49
2000-11-03,93.49
2000-11-06,93.49
2000-11-07,93.49
2000-11-08,93.485
2000-11-09,93.485
2000-11-13,93.485
2000-11-14,93.485
2000-11-15,93.485
2000-11-16,93.485
2000-11-17,93.48
2000-11-20,93.48
2000-11-21,93.48
2000-11-22,93.48
2000-11-24,93.48
2000-11-27,93.48
2000-11-28,93.48
2000-11-30,93.485
2000-12-01,93.53
2000-12-04,93.53
2000-12-05,93.53
2000-12-06,93.53
2000-12-07,93.54
2000-12-08,93.54
2000-12-11,93.54
2000-12-12,93.53
2000-12-13,93.53
2000-12-14,93.53
2000-12-15,93.54
2000-12-18,93.545
2000-12-19,93.53
2000-12-20,93.52
2000-12-21,93.53
2000-12-22,93.53
2000-12-26,93.5
2000-12-28,93.48
2000-12-29,93.5
2001-01-02,93.55
2001-01-03,93.635
2001-01-04,93.99
2001-01-05,94.03
2001-01-08,94.05
2001-01-09,94.05
2001-01-10,94.055
2001-01-11,94.045
2001-01-12,94.05
2001-01-16,94.05
2001-01-17,94.03
2001-01-18,94.03
2001-01-19,94.06
2001-01-22,94.015
2001-01-23,94.04
2001-01-24,94.015
2001-01-25,94.03
2001-01-26,94.025
2001-01-29,94.02
2001-01-30,94.02
2001-02-01,94.54
2001-02-02,94.53
2001-02-05,94.53
2001-02-06,94.52
2001-02-07,94.525
2001-02-08,94.52
2001-02-09,94.53
2001-02-12,94.53
2001-02-13,94.525
2001-02-14,94.52
2001-02-15,94.52
2001-02-16,94.52
2001-02-20,94.515
2001-02-21,94.51
2001-02-22,94.515
2001-02-23,94.52
2001-02-26,94.52
2001-02-27,94.52
2001-02-28,94.515
2001-03-01,94.735
2001-03-02,94.71
2001-03-06,94.705
2001-03-07,94.695
2001-03-08,94.695
2001-03-09,94.7
2001-03-12,94.7
2001-03-13,94.71
2001-03-14,94.74
2001-03-15,94.74
2001-03-16,94.745
2001-03-19,94.735
2001-03-20,94.715
2001-03-21,94.715
2001-03-22,94.715
2001-03-23,94.71
2001-03-26,94.71
2001-03-27,94.7
2001-03-28,94.7
2001-03-29,94.695
2001-04-02,95.075
2001-04-04,95.14
2001-04-05,95.1
2001-04-06,95.09
2001-04-09,95.1
2001-04-10,95.035
2001-04-11,95.025
2001-04-12,95.005
2001-04-16,95.025
2001-04-17,95.015
2001-04-18,95.175
2001-04-19,95.185
2001-04-20,95.19
2001-04-23,95.19
2001-04-24,95.205
2001-04-25,95.215
2001-04-26,95.215
2001-04-27,95.21
2001-04-30,95.2
2001-05-01,95.66
2001-05-02,95.69
2001-05-03,95.695
2001-05-04,95.75
2001-05-07,95.745
2001-05-08,95.755
2001-05-09,95.76
2001-05-10,95.76
2001-05-11,95.73
2001-05-14,95.74
2001-05-15,95.78
2001-05-16,95.785
2001-05-17,95.78
2001-05-18,95.785
2001-05-21,95.785
2001-05-22,95.785
2001-05-23,95.79
2001-05-24,95.79
2001-05-25,95.795
2001-05-29,95.795
2001-05-30,95.79
2001-05-31,95.79
2001-06-01,96.025
2001-06-04,96.02
2001-06-05,96.01
2001-06-06,96.015
2001-06-07,96.015
2001-06-08,96.015
2001-06-11,96.015
2001-06-12,96.025
2001-06-13,96.025
2001-06-14,96.015
2001-06-15,96.02
2001-06-18,96.02
2001-06-19,96.03
2001-06-20,96.035
2001-06-21,96.375
2001-06-22,96.36
2001-06-25,96.38
2001-06-26,96.39
2001-06-27,96.265
2001-06-28,96.26
2001-06-29,96.25
2001-07-02,96.25
2001-07-03,96.245
2001-07-05,96.245
2001-07-06,96.25
2001-07-09,96.25
2001-07-10,96.26
2001-07-11,96.265
2001-07-12,96.27
2001-07-13,96.27
2001-07-16,96.265
2001-07-17,96.27
2001-07-18,96.265
2001-07-19,96.265
2001-07-20,96.265
2001-07-23,96.26
2001-07-24,96.255
2001-07-25,96.25
2001-07-26,96.235
2001-07-27,96.235
2001-07-30,96.23
2001-07-31,96.235
2001-08-01,96.365
2001-08-02,96.355
2001-08-03,96.345
2001-08-06,96.345
2001-08-07,96.345
2001-08-08,96.345
2001-08-09,96.355
2001-08-10,96.36
2001-08-13,96.36
2001-08-14,96.36
2001-08-15,96.365
2001-08-16,96.355
2001-08-17,96.355
2001-08-20,96.365
2001-08-21,96.365
2001-08-22,96.355
2001-08-23,96.355
2001-08-24,96.355
2001-08-27,96.355
2001-08-28,96.355
2001-08-29,96.355
2001-08-30,96.355
2001-08-31,96.35
2001-09-04,96.5
2001-09-05,96.49
2001-09-06,96.485
2001-09-07,96.51
2001-09-10,96.51
2001-09-11,96.52
2001-09-12,96.575
2001-09-14,96.65
2001-09-17,96.695
2001-09-18,96.855
2001-09-19,97.18
2001-09-20,97.195
2001-09-21,97.11
2001-09-24,96.96
2001-09-25,96.89
2001-09-27,96.895
2001-09-28,96.895
2001-10-01,97.43
2001-10-02,97.5
2001-10-03,97.515
2001-10-04,97.54
2001-10-05,97.54
2001-10-09,97.53
2001-10-10,97.525
2001-10-11,97.52
2001-10-12,97.52
2001-10-15,97.52
2001-10-16,97.535
2001-10-17,97.535
2001-10-18,97.535
2001-10-19,97.535
2001-10-22,97.535
2001-10-23,97.53
2001-10-24,97.53
2001-10-25,97.53
2001-10-26,97.525
2001-10-29,97.525
2001-10-30,97.52
2001-10-31,97.52
2001-11-01,97.79
2001-11-02,97.815
2001-11-05,97.835
2001-11-06,97.83
2001-11-07,97.915
2001-11-08,97.915
2001-11-09,97.915
2001-11-13,97.915
2001-11-14,97.91
2001-11-15,97.895
2001-11-16,97.88
2001-11-19,97.875
2001-11-20,97.875
2001-11-21,97.885
2001-11-23,97.895
2001-11-26,97.895
2001-11-27,97.9
2001-11-28,97.905
2001-11-29,97.905
2001-11-30,97.905
2001-12-04,98.155
2001-12-05,98.16
2001-12-06,98.11
2001-12-07,98.135
2001-12-10,98.195
2001-12-11,98.2
2001-12-12,98.195
2001-12-13,98.195
2001-12-14,98.195
2001-12-17,98.175
2001-12-18,98.175
2001-12-19,98.175
2001-12-20,98.175
2001-12-21,98.18
2001-12-24,98.18
2001-12-26,98.16
2001-12-27,98.175
2001-12-28,98.17
2001-12-31,98.17
2002-01-02,98.245
2002-01-03,98.245
2002-01-04,98.255
2002-01-07,98.255
2002-01-08,98.265
2002-01-09,98.275
2002-01-10,98.27
2002-01-11,98.275
2002-01-14,98.275
2002-01-15,98.28
2002-01-16,98.28
2002-01-17,98.285
2002-01-18,98.3
2002-01-22,98.285
2002-01-23,98.285
2002-01-24,98.285
2002-01-25,98.29
2002-01-28,98.28
2002-01-29,98.275
2002-01-30,98.27
2002-01-31,98.27
2002-02-01,98.25
2002-02-04,98.25
2002-02-05,98.25
2002-02-06,98.25
2002-02-07,98.25
2002-02-08,98.25
2002-02-11,98.25
2002-02-12,98.255
2002-02-13,98.25
2002-02-14,98.25
2002-02-15,98.245
2002-02-19,98.25
2002-02-20,98.255
2002-02-21,98.25
2002-02-22,98.25
2002-02-25,98.26
2002-02-26,98.26
2002-02-27,98.255
2002-03-01,98.23
2002-03-04,98.215
2002-03-05,98.23
2002-03-06,98.235
2002-03-07,98.23
2002-03-08,98.22
2002-03-11,98.225
2002-03-12,98.225
2002-03-13,98.225
2002-03-14,98.23
2002-03-15,98.225
2002-03-18,98.23
2002-03-19,98.23
2002-03-20,98.235
2002-03-21,98.235
2002-03-22,98.235
2002-03-25,98.24
2002-03-26,98.245
2002-03-27,98.245
2002-03-28,98.25
2002-04-01,98.25
2002-04-02,98.245
2002-04-03,98.245
2002-04-04,98.245
2002-04-05,98.245
2002-04-08,98.245
2002-04-09,98.245
2002-04-10,98.245
2002-04-11,98.245
2002-04-12,98.245
2002-04-15,98.245
2002-04-16,98.245
2002-04-17,98.245
2002-04-18,98.245
2002-04-19,98.25
2002-04-22,98.255
2002-04-23,98.255
2002-04-24,98.25
2002-04-25,98.25
2002-04-26,98.25
2002-04-29,98.245
2002-04-30,98.25
2002-05-01,98.24
2002-05-02,98.24
2002-05-03,98.24
2002-05-06,98.245
2002-05-07,98.25
2002-05-08,98.25
2002-05-09,98.245
2002-05-10,98.25
2002-05-13,98.25
2002-05-14,98.245
2002-05-15,98.25
2002-05-16,98.245
2002-05-17,98.25
2002-05-20,98.25
2002-05-21,98.25
2002-05-22,98.255
2002-05-23,98.255
2002-05-24,98.255
2002-05-28,98.25
2002-05-29,98.25
2002-05-30,98.25
2002-06-03,98.235
2002-06-04,98.235
2002-06-05,98.235
2002-06-06,98.235
2002-06-07,98.24
2002-06-10,98.235
2002-06-11,98.24
2002-06-12,98.24
2002-06-13,98.24
2002-06-14,98.235
2002-06-17,98.235
2002-06-18,98.235
2002-06-20,98.24
2002-06-21,98.24
2002-06-24,98.24
2002-06-25,98.235
2002-06-26,98.245
2002-06-27,98.24
2002-06-28,98.24
2002-07-01,98.255
2002-07-02,98.255
2002-07-03,98.26
2002-07-05,98.255
2002-07-08,98.255
2002-07-09,98.25
2002-07-10,98.26
2002-07-11,98.26
2002-07-12,98.265
2002-07-15,98.265
2002-07-16,98.265
2002-07-17,98.26
2002-07-18,98.26
2002-07-19,98.26
2002-07-22,98.26
2002-07-23,98.265
2002-07-24,98.27
2002-07-25,98.265
2002-07-26,98.265
2002-07-29,98.265
2002-07-30,98.265
2002-07-31,98.27
2002-08-01,98.285
2002-08-02,98.285
2002-08-05,98.31
2002-08-06,98.29
2002-08-07,98.305
2002-08-08,98.295
2002-08-09,98.29
2002-08-12,98.29
2002-08-13,98.275
2002-08-14,98.27
2002-08-15,98.265
2002-08-16,98.265
2002-08-19,98.265
2002-08-20,98.265
2002-08-21,98.265
2002-08-22,98.27
2002-08-23,98.27
2002-08-26,98.27
2002-08-27,98.265
2002-08-28,98.265
2002-08-29,98.255
2002-08-30,98.255
2002-09-03,98.27
2002-09-04,98.275
2002-09-05,98.275
2002-09-06,98.275
2002-09-09,98.26
2002-09-10,98.265
2002-09-11,98.265
2002-09-12,98.26
2002-09-13,98.255
2002-09-16,98.255
2002-09-17,98.255
2002-09-18,98.255
2002-09-19,98.265
2002-09-20,98.265
2002-09-23,98.265
2002-09-24,98.26
2002-09-25,98.25
2002-09-26,98.255
2002-09-27,98.25
2002-09-30,98.25
2002-10-01,98.31
2002-10-02,98.31
2002-10-03,98.305
2002-10-04,98.295
2002-10-07,98.29
2002-10-08,98.275
2002-10-09,98.27
2002-10-10,98.275
2002-10-11,98.27
2002-10-15,98.255
2002-10-16,98.26
2002-10-17,98.26
2002-10-18,98.255
2002-10-21,98.255
2002-10-22,98.26
2002-10-23,98.26
2002-10-25,98.26
2002-10-28,98.25
2002-10-29,98.245
2002-10-30,98.245
2002-10-31,98.245
2002-11-01,98.46
2002-11-04,98.465
2002-11-05,98.48
2002-11-06,98.65
2002-11-07,98.64
2002-11-08,98.645
2002-11-12,98.655
2002-11-13,98.65
2002-11-14,98.665
2002-11-15,98.66
2002-11-18,98.66
2002-11-19,98.66
2002-11-20,98.66
2002-11-21,98.66
2002-11-22,98.66
2002-11-25,98.655
2002-11-26,98.655
2002-11-27,98.66
2002-11-29,98.66
2002-12-02,98.76
2002-12-03,98.77
2002-12-04,98.765
2002-12-05,98.765
2002-12-06,98.77
2002-12-09,98.765
2002-12-10,98.77
2002-12-11,98.77
2002-12-12,98.77
2002-12-13,98.77
2002-12-16,98.77
2002-12-17,98.77
2002-12-18,98.76
2002-12-19,98.76
2002-12-20,98.755
2002-12-23,98.755
2002-12-24,98.755
2002-12-26,98.76
2002-12-27,98.76
2002-12-30,98.76
2002-12-31,98.76
2003-01-02,98.76
2003-01-03,98.755
2003-01-06,98.76
2003-01-07,98.76
2003-01-08,98.76
2003-01-09,98.76
2003-01-10,98.765
2003-01-13,98.765
2003-01-14,98.76
2003-01-15,98.76
2003-01-16,98.765
2003-01-17,98.765
2003-01-21,98.765
2003-01-22,98.765
2003-01-24,98.77
2003-01-27,98.765
2003-01-28,98.765
2003-01-29,98.765
2003-01-31,98.765
2003-02-04,98.77
2003-02-05,98.77
2003-02-06,98.765
2003-02-07,98.77
2003-02-10,98.77
2003-02-11,98.765
2003-02-12,98.765
2003-02-13,98.765
2003-02-14,98.765
2003-02-18,98.755
2003-02-19,98.755
2003-02-20,98.745
2003-02-21,98.745
2003-02-25,98.745
2003-02-26,98.745
2003-02-27,98.74
2003-02-28,98.74
2003-03-03,98.765
2003-03-04,98.765
2003-03-05,98.765
2003-03-06,98.77
2003-03-07,98.775
2003-03-10,98.805
2003-03-11,98.795
2003-03-12,98.785
2003-03-13,98.78
2003-03-14,98.77
2003-03-17,98.77
2003-03-18,98.755
2003-03-20,98.755
2003-03-21,98.755
2003-03-24,98.755
2003-03-25,98.755
2003-03-26,98.75
2003-03-27,98.75
2003-03-28,98.745
2003-03-31,98.75
2003-04-01,98.81
2003-04-02,98.79
2003-04-03,98.785
2003-04-04,98.79
2003-04-07,98.775
2003-04-08,98.775
2003-04-09,98.78
2003-04-10,98.77
2003-04-11,98.755
2003-04-14,98.755
2003-04-15,98.76
2003-04-17,98.76
2003-04-21,98.755
2003-04-22,98.75
2003-04-23,98.75
2003-04-24,98.75
2003-04-25,98.75
2003-04-28,98.745
2003-04-29,98.745
2003-04-30,98.74
2003-05-01,98.825
2003-05-02,98.79
2003-05-05,98.79
2003-05-06,98.76
2003-05-07,98.755
2003-05-08,98.755
2003-05-09,98.75
2003-05-12,98.755
2003-05-13,98.75
2003-05-14,98.75
2003-05-15,98.75
2003-05-16,98.76
2003-05-19,98.75
2003-05-20,98.75
2003-05-21,98.745
2003-05-22,98.745
2003-05-23,98.745
2003-05-27,98.745
2003-05-28,98.74
2003-05-29,98.74
2003-05-30,98.74
2003-06-02,98.775
2003-06-03,98.795
2003-06-04,98.79
2003-06-05,98.8
2003-06-06,98.81
2003-06-09,98.805
2003-06-10,98.815
2003-06-11,98.81
2003-06-12,98.81
2003-06-13,98.825
2003-06-16,98.82
2003-06-17,98.815
2003-06-18,98.8
2003-06-19,98.825
2003-06-20,98.82
2003-06-23,98.82
2003-06-24,98.82
2003-06-25,98.795
2003-06-26,98.79
2003-06-27,98.79
2003-06-30,98.785
2003-07-01,99
2003-07-02,99.005
2003-07-03,99.005
2003-07-07,99.005
2003-07-08,99.005
2003-07-09,99.005
2003-07-10,99.005
2003-07-11,99.005
2003-07-14,99.005
2003-07-15,99.005
2003-07-16,99.005
2003-07-18,99
2003-07-22,99
2003-07-23,99
2003-07-24,99
2003-07-25,98.995
2003-07-28,98.995
2003-07-29,98.995
2003-07-30,98.99
2003-07-31,98.99
2003-08-01,98.985
2003-08-04,98.995
2003-08-05,98.995
2003-08-06,99
2003-08-07,99
2003-08-08,99
2003-08-11,99
2003-08-12,99.005
2003-08-13,99
2003-08-14,98.995
2003-08-15,98.995
2003-08-18,98.98
2003-08-19,98.98
2003-08-20,98.98
2003-08-21,98.98
2003-08-22,98.97
2003-08-25,98.97
2003-08-26,98.97
2003-08-28,98.97
2003-08-29,98.97
2003-09-02,98.98
2003-09-03,98.985
2003-09-04,98.99
2003-09-05,98.99
2003-09-08,98.99
2003-09-10,98.995
2003-09-11,98.995
2003-09-12,98.99
2003-09-15,98.995
2003-09-16,98.995
2003-09-17,98.995
2003-09-18,98.995
2003-09-19,98.995
2003-09-22,98.995
2003-09-23,98.995
2003-09-24,98.995
2003-09-25,98.99
2003-09-26,98.995
2003-09-29,98.99
2003-09-30,98.99
2003-10-01,99
2003-10-02,99
2003-10-03,98.995
2003-10-06,98.995
2003-10-07,99
2003-10-08,99
2003-10-09,99
2003-10-10,99
2003-10-14,98.995
2003-10-15,98.995
2003-10-16,98.99
2003-10-17,98.99
2003-10-20,98.99
2003-10-21,98.99
2003-10-22,98.99
2003-10-24,98.985
2003-10-27,98.99
2003-10-28,98.985
2003-10-29,98.985
2003-10-31,98.99
2003-11-03,98.99
2003-11-04,98.99
2003-11-05,98.99
2003-11-06,98.99
2003-11-07,98.99
2003-11-10,98.99
2003-11-12,98.99
2003-11-13,98.99
2003-11-14,98.995
2003-11-17,98.995
2003-11-18,98.995
2003-11-19,98.995
2003-11-20,98.995
2003-11-21,98.995
2003-11-24,98.995
2003-11-25,98.995
2003-11-26,98.995
2003-11-28,98.995
2003-12-01,98.99
2003-12-02,98.99
2003-12-03,98.99
2003-12-04,98.99
2003-12-05,98.99
2003-12-08,98.995
2003-12-09,98.995
2003-12-10,98.995
2003-12-11,98.995
2003-12-12,98.995
2003-12-15,98.995
2003-12-16,98.995
2003-12-17,98.995
2003-12-18,98.995
2003-12-19,99
2003-12-22,99
2003-12-23,99.005
2003-12-24,99.005
2003-12-26,99.01
2003-12-29,99.01
2003-12-30,99.01
2003-12-31,99.015
2004-01-02,98.995
2004-01-05,98.995
2004-01-06,98.995
2004-01-07,99
2004-01-08,99.005
2004-01-09,99.005
2004-01-12,99.005
2004-01-13,99.005
2004-01-14,99.005
2004-01-15,99.005
2004-01-16,99.005
2004-01-20,99.005
2004-01-21,99.005
2004-01-22,99.005
2004-01-23,99.005
2004-01-26,99.005
2004-01-27,99.005
2004-01-28,99.005
2004-01-29,99.005
2004-01-30,99.005
2004-02-02,99
2004-02-03,99
2004-02-04,99
2004-02-05,99
2004-02-06,99
2004-02-09,99
2004-02-10,99
2004-02-11,99
2004-02-12,99
2004-02-13,99
2004-02-17,99
2004-02-18,99
2004-02-19,99
2004-02-20,99
2004-02-23,99
2004-02-24,99
2004-02-25,99
2004-02-26,98.995
2004-02-27,98.995
2004-03-01,98.995
2004-03-02,98.995
2004-03-03,98.995
2004-03-04,98.995
2004-03-05,98.995
2004-03-08,98.995
2004-03-09,98.995
2004-03-10,98.995
2004-03-11,98.995
2004-03-12,98.995
2004-03-15,98.995
2004-03-16,98.995
2004-03-17,98.995
2004-03-18,98.995
2004-03-19,98.995
2004-03-22,98.995
2004-03-23,98.995
2004-03-24,98.995
2004-03-25,98.995
2004-03-26,98.995
2004-03-29,98.995
2004-03-30,98.995
2004-03-31,98.995
2004-04-01,99
2004-04-02,98.995
2004-04-05,98.995
2004-04-06,98.995
2004-04-07,98.995
2004-04-08,98.995
2004-04-12,98.995
2004-04-13,98.995
2004-04-14,98.995
2004-04-15,98.995
2004-04-16,98.995
2004-04-19,98.995
2004-04-20,98.995
2004-04-21,98.995
2004-04-22,98.995
2004-04-23,98.995
2004-04-26,98.995
2004-04-27,98.995
2004-04-28,98.995
2004-04-29,98.995
2004-04-30,98.995
2004-05-03,98.98
2004-05-04,98.985
2004-05-05,98.99
2004-05-06,98.99
2004-05-07,98.99
2004-05-10,98.99
2004-05-11,98.99
2004-05-12,98.99
2004-05-13,98.99
2004-05-14,98.99
2004-05-17,98.99
2004-05-18,98.99
2004-05-19,98.99
2004-05-20,98.99
2004-05-21,98.99
2004-05-24,98.99
2004-05-25,98.99
2004-05-26,98.99
2004-05-27,98.99
2004-05-28,98.99
2004-06-01,98.98
2004-06-02,98.98
2004-06-03,98.98
2004-06-04,98.98
2004-06-07,98.98
2004-06-08,98.98
2004-06-09,98.985
2004-06-10,98.985
2004-06-11,98.985
2004-06-14,98.985
2004-06-15,98.985
2004-06-16,98.985
2004-06-17,98.985
2004-06-18,98.985
2004-06-21,98.985
2004-06-22,98.985
2004-06-23,98.985
2004-06-24,98.985
2004-06-25,98.985
2004-06-28,98.985
2004-06-29,98.98
2004-06-30,98.975
2004-07-01,98.74
2004-07-02,98.74
2004-07-06,98.74
2004-07-07,98.74
2004-07-08,98.74
2004-07-09,98.74
2004-07-12,98.74
2004-07-13,98.74
2004-07-14,98.74
2004-07-15,98.74
2004-07-16,98.74
2004-07-19,98.74
2004-07-20,98.74
2004-07-21,98.74
2004-07-22,98.74
2004-07-23,98.74
2004-07-26,98.74
2004-07-27,98.74
2004-07-28,98.74
2004-07-29,98.74
2004-07-30,98.74
2004-08-02,98.575
2004-08-03,98.575
2004-08-04,98.575
2004-08-05,98.575
2004-08-06,98.58
2004-08-09,98.58
2004-08-10,98.565
2004-08-11,98.565
2004-08-12,98.565
2004-08-13,98.565
2004-08-16,98.565
2004-08-17,98.565
2004-08-18,98.58
2004-08-19,98.58
2004-08-20,98.58
2004-08-23,98.58
2004-08-24,98.58
2004-08-25,98.58
2004-08-26,98.58
2004-08-27,98.575
2004-08-30,98.575
2004-08-31,98.575
2004-09-01,98.435
2004-09-02,98.435
2004-09-03,98.425
2004-09-07,98.42
2004-09-08,98.42
2004-09-09,98.42
2004-09-10,98.42
2004-09-13,98.42
2004-09-14,98.42
2004-09-15,98.42
2004-09-16,98.42
2004-09-17,98.415
2004-09-20,98.415
2004-09-21,98.41
2004-09-22,98.41
2004-09-23,98.405
2004-09-24,98.405
2004-09-27,98.405
2004-09-28,98.4
2004-09-29,98.4
2004-09-30,98.4
2004-10-01,98.25
2004-10-04,98.245
2004-10-05,98.245
2004-10-06,98.245
2004-10-07,98.245
2004-10-08,98.245
2004-10-11,98.245
2004-10-12,98.245
2004-10-13,98.245
2004-10-14,98.245
2004-10-15,98.245
2004-10-18,98.24
2004-10-19,98.24
2004-10-20,98.24
2004-10-21,98.24
2004-10-22,98.24
2004-10-25,98.24
2004-10-26,98.24
2004-10-27,98.24
2004-10-28,98.24
2004-10-29,98.24
2004-11-01,98.09
2004-11-02,98.09
2004-11-03,98.085
2004-11-04,98.085
2004-11-05,98.08
2004-11-08,98.075
2004-11-09,98.075
2004-11-10,98.075
2004-11-11,98.075
2004-11-12,98.075
2004-11-15,98.075
2004-11-16,98.075
2004-11-17,98.075
2004-11-18,98.075
2004-11-19,98.075
2004-11-22,98.075
2004-11-23,98.075
2004-11-24,98.075
2004-11-26,98.075
2004-11-29,98.07
2004-11-30,98.07
2004-12-01,97.865
2004-12-02,97.865
2004-12-03,97.865
2004-12-06,97.865
2004-12-07,97.86
2004-12-08,97.86
2004-12-09,97.86
2004-12-10,97.86
2004-12-13,97.855
2004-12-14,97.855
2004-12-15,97.85
2004-12-16,97.85
2004-12-17,97.85
2004-12-20,97.85
2004-12-21,97.85
2004-12-22,97.85
2004-12-23,97.85
2004-12-27,97.845
2004-12-28,97.845
2004-12-29,97.845
2004-12-30,97.845
2004-12-31,97.84
2005-01-03,97.755
2005-01-04,97.755
2005-01-05,97.755
2005-01-06,97.755
2005-01-07,97.755
2005-01-10,97.755
2005-01-11,97.755
2005-01-12,97.755
2005-01-13,97.755
2005-01-14,97.755
2005-01-18,97.755
2005-01-19,97.755
2005-01-20,97.755
2005-01-21,97.755
2005-01-24,97.755
2005-01-25,97.755
2005-01-26,97.75
2005-01-27,97.75
2005-01-28,97.735
2005-01-31,97.725
2005-02-01,97.5
2005-02-02,97.5
2005-02-03,97.505
2005-02-04,97.505
2005-02-07,97.505
2005-02-08,97.505
2005-02-09,97.505
2005-02-10,97.505
2005-02-11,97.505
2005-02-14,97.505
2005-02-15,97.505
2005-02-16,97.505
2005-02-17,97.505
2005-02-18,97.505
2005-02-22,97.505
2005-02-23,97.505
2005-02-24,97.5
2005-02-25,97.5
2005-02-28,97.5
2005-03-01,97.4
2005-03-02,97.405
2005-03-03,97.405
2005-03-04,97.405
2005-03-07,97.405
2005-03-08,97.405
2005-03-09,97.405
2005-03-10,97.405
2005-03-11,97.405
2005-03-14,97.4
2005-03-15,97.4
2005-03-16,97.4
2005-03-17,97.395
2005-03-18,97.39
2005-03-21,97.385
2005-03-22,97.385
2005-03-23,97.385
2005-03-24,97.385
2005-03-28,97.375
2005-03-29,97.375
2005-03-30,97.375
2005-03-31,97.375
2005-04-01,97.23
2005-04-04,97.225
2005-04-05,97.225
2005-04-06,97.225
2005-04-07,97.225
2005-04-08,97.225
2005-04-11,97.22
2005-04-12,97.22
2005-04-13,97.22
2005-04-14,97.22
2005-04-15,97.22
2005-04-18,97.22
2005-04-19,97.22
2005-04-20,97.22
2005-04-21,97.22
2005-04-22,97.22
2005-04-25,97.22
2005-04-26,97.22
2005-04-27,97.22
2005-04-28,97.22
2005-04-29,97.22
2005-05-02,97
2005-05-03,97
2005-05-04,97
2005-05-05,97
2005-05-06,97
2005-05-09,97
2005-05-10,97
2005-05-11,97
2005-05-12,97
2005-05-13,97
2005-05-16,97
2005-05-17,97
2005-05-18,97
2005-05-19,97
2005-05-20,97
2005-05-23,97
2005-05-24,97
2005-05-25,97
2005-05-26,97
2005-05-27,97
2005-05-31,97
2005-06-01,96.965
2005-06-02,96.965
2005-06-03,96.965
2005-06-06,96.965
2005-06-07,96.965
2005-06-08,96.965
2005-06-09,96.965
2005-06-10,96.965
2005-06-13,96.965
2005-06-14,96.965
2005-06-15,96.965
2005-06-16,96.965
2005-06-17,96.965
2005-06-20,96.965
2005-06-21,96.965
2005-06-22,96.965
2005-06-23,96.965
2005-06-24,96.965
2005-06-27,96.965
2005-06-28,96.965
2005-06-29,96.965
2005-06-30,96.965
2005-07-01,96.74
2005-07-05,96.735
2005-07-06,96.735
2005-07-07,96.74
2005-07-08,96.74
2005-07-11,96.74
2005-07-12,96.74
2005-07-13,96.74
2005-07-14,96.74
2005-07-15,96.74
2005-07-18,96.74
2005-07-19,96.74
2005-07-20,96.745
2005-07-21,96.745
2005-07-22,96.745
2005-07-25,96.745
2005-07-26,96.74
2005-07-27,96.74
2005-07-28,96.74
2005-07-29,96.74
2005-08-01,96.545
2005-08-02,96.545
2005-08-03,96.545
2005-08-04,96.545
2005-08-05,96.54
2005-08-08,96.535
2005-08-09,96.535
2005-08-10,96.535
2005-08-11,96.535
2005-08-12,96.53
2005-08-15,96.53
2005-08-16,96.53
2005-08-17,96.525
2005-08-18,96.52
2005-08-19,96.52
2005-08-22,96.52
2005-08-23,96.515
2005-08-24,96.515
2005-08-25,96.515
2005-08-26,96.51
2005-08-29,96.505
2005-08-30,96.505
2005-08-31,96.505
2005-09-01,96.435
2005-09-02,96.425
2005-09-06,96.43
2005-09-07,96.415
2005-09-08,96.415
2005-09-09,96.415
2005-09-12,96.405
2005-09-13,96.405
2005-09-14,96.405
2005-09-15,96.405
2005-09-16,96.395
2005-09-19,96.395
2005-09-20,96.39
2005-09-21,96.39
2005-09-22,96.39
2005-09-23,96.39
2005-09-26,96.385
2005-09-27,96.38
2005-09-28,96.38
2005-09-29,96.38
2005-09-30,96.38
2005-10-03,96.22
2005-10-04,96.215
2005-10-05,96.215
2005-10-06,96.215
2005-10-07,96.215
2005-10-10,96.215
2005-10-11,96.215
2005-10-12,96.215
2005-10-13,96.215
2005-10-14,96.215
2005-10-17,96.22
2005-10-18,96.22
2005-10-19,96.22
2005-10-20,96.22
2005-10-21,96.225
2005-10-24,96.225
2005-10-25,96.225
2005-10-26,96.225
2005-10-27,96.225
2005-10-28,96.225
2005-10-31,96.225
2005-11-01,95.995
2005-11-02,95.995
2005-11-03,95.995
2005-11-04,95.995
2005-11-07,95.995
2005-11-08,95.995
2005-11-09,95.995
2005-11-10,95.995
2005-11-11,95.995
2005-11-14,95.995
2005-11-15,95.995
2005-11-16,96
2005-11-17,96
2005-11-18,96
2005-11-21,96
2005-11-22,96
2005-11-23,96
2005-11-24,96
2005-11-25,96
2005-11-28,96
2005-11-29,96
2005-11-30,96
2005-12-01,95.84
2005-12-02,95.84
2005-12-05,95.84
2005-12-06,95.84
2005-12-07,95.84
2005-12-08,95.84
2005-12-09,95.84
2005-12-12,95.84
2005-12-13,95.84
2005-12-14,95.84
2005-12-15,95.84
2005-12-16,95.84
2005-12-19,95.84
2005-12-20,95.84
2005-12-21,95.835
2005-12-22,95.835
2005-12-23,95.835
2005-12-27,95.84
2005-12-28,95.84
2005-12-29,95.845
2005-12-30,95.85
2006-01-03,95.735
2006-01-04,95.735
2006-01-05,95.735
2006-01-06,95.735
2006-01-09,95.735
2006-01-10,95.735
2006-01-11,95.735
2006-01-12,95.735
2006-01-13,95.735
2006-01-17,95.735
2006-01-18,95.735
2006-01-19,95.73
2006-01-20,95.73
2006-01-23,95.73
2006-01-24,95.73
2006-01-25,95.73
2006-01-26,95.72
2006-01-27,95.72
2006-01-30,95.72
2006-01-31,95.72
2006-02-01,95.5
2006-02-02,95.5
2006-02-03,95.5
2006-02-06,95.5
2006-02-07,95.5
2006-02-08,95.5
2006-02-09,95.5
2006-02-10,95.5
2006-02-13,95.5
2006-02-14,95.5
2006-02-15,95.5
2006-02-16,95.5
2006-02-17,95.5
2006-02-21,95.5
2006-02-22,95.5
2006-02-23,95.5
2006-02-24,95.505
2006-02-27,95.505
2006-02-28,95.505
2006-03-01,95.45
2006-03-02,95.45
2006-03-03,95.45
2006-03-06,95.445
2006-03-07,95.445
2006-03-08,95.445
2006-03-09,95.44
2006-03-10,95.44
2006-03-13,95.435
2006-03-14,95.435
2006-03-15,95.435
2006-03-16,95.435
2006-03-17,95.435
2006-03-20,95.425
2006-03-21,95.42
2006-03-22,95.42
2006-03-23,95.42
2006-03-24,95.42
2006-03-27,95.415
2006-03-28,95.415
2006-03-29,95.415
2006-03-30,95.415
2006-03-31,95.415
2006-04-03,95.225
2006-04-04,95.225
2006-04-05,95.225
2006-04-06,95.225
2006-04-07,95.225
2006-04-10,95.225
2006-04-11,95.225
2006-04-12,95.225
2006-04-13,95.22
2006-04-17,95.215
2006-04-18,95.215
2006-04-19,95.215
2006-04-20,95.215
2006-04-21,95.215
2006-04-24,95.215
2006-04-25,95.215
2006-04-26,95.215
2006-04-27,95.215
2006-04-28,95.21
2006-05-01,95.04
2006-05-02,95.04
2006-05-03,95.035
2006-05-04,95.035
2006-05-05,95.035
2006-05-08,95.04
2006-05-09,95.04
2006-05-10,95.045
2006-05-11,95.045
2006-05-12,95.045
2006-05-15,95.045
2006-05-16,95.045
2006-05-17,95.045
2006-05-18,95.045
2006-05-19,95.05
2006-05-22,95.05
2006-05-23,95.05
2006-05-24,95.05
2006-05-25,95.05
2006-05-26,95.05
2006-05-30,95.055
2006-05-31,95.055
2006-06-01,94.97
2006-06-02,94.97
2006-06-05,94.97
2006-06-06,94.97
2006-06-07,94.965
2006-06-08,94.965
2006-06-09,94.965
2006-06-12,94.965
2006-06-13,94.96
2006-06-14,94.96
2006-06-15,94.96
2006-06-16,94.96
2006-06-19,94.96
2006-06-20,94.96
2006-06-21,94.965
2006-06-22,94.965
2006-06-23,94.975
2006-06-26,94.98
2006-06-27,94.98
2006-06-28,94.99
2006-06-29,94.995
2006-06-30,94.995
2006-07-03,94.755
2006-07-05,94.76
2006-07-06,94.76
2006-07-07,94.76
2006-07-10,94.76
2006-07-11,94.765
2006-07-12,94.765
2006-07-13,94.765
2006-07-14,94.765
2006-07-17,94.765
2006-07-18,94.765
2006-07-19,94.765
2006-07-20,94.765
2006-07-21,94.765
2006-07-24,94.765
2006-07-25,94.765
2006-07-26,94.765
2006-07-27,94.765
2006-07-28,94.765
2006-07-31,94.765
2006-08-01,94.68
2006-08-02,94.68
2006-08-03,94.67
2006-08-04,94.71
2006-08-07,94.71
2006-08-08,94.74
2006-08-09,94.745
2006-08-10,94.745
2006-08-11,94.745
2006-08-14,94.745
2006-08-15,94.745
2006-08-16,94.745
2006-08-17,94.75
2006-08-18,94.755
2006-08-21,94.755
2006-08-22,94.755
2006-08-23,94.755
2006-08-24,94.755
2006-08-25,94.755
2006-08-28,94.755
2006-08-29,94.755
2006-08-30,94.755
2006-08-31,94.755
2006-09-01,94.74
2006-09-05,94.74
2006-09-06,94.74
2006-09-07,94.74
2006-09-08,94.745
2006-09-11,94.745
2006-09-12,94.745
2006-09-13,94.745
2006-09-14,94.745
2006-09-15,94.745
2006-09-18,94.745
2006-09-19,94.75
2006-09-20,94.75
2006-09-21,94.755
2006-09-22,94.755
2006-09-25,94.755
2006-09-26,94.75
2006-09-27,94.75
2006-09-28,94.75
2006-09-29,94.75
2006-10-02,94.75
2006-10-03,94.75
2006-10-04,94.75
2006-10-05,94.75
2006-10-06,94.75
2006-10-09,94.75
2006-10-10,94.75
2006-10-11,94.75
2006-10-12,94.75
2006-10-13,94.75
2006-10-16,94.75
2006-10-17,94.75
2006-10-18,94.75
2006-10-19,94.75
2006-10-20,94.75
2006-10-23,94.75
2006-10-24,94.75
2006-10-25,94.75
2006-10-26,94.75
2006-10-27,94.75
2006-10-30,94.755
2006-10-31,94.755
2006-11-01,94.755
2006-11-02,94.755
2006-11-03,94.755
2006-11-06,94.755
2006-11-07,94.755
2006-11-08,94.755
2006-11-09,94.755
2006-11-10,94.755
2006-11-13,94.755
2006-11-14,94.755
2006-11-15,94.755
2006-11-16,94.755
2006-11-17,94.755
2006-11-20,94.755
2006-11-21,94.755
2006-11-22,94.755
2006-11-23,94.755
2006-11-24,94.755
2006-11-27,94.755
2006-11-28,94.755
2006-11-29,94.755
2006-11-30,94.755
2006-12-01,94.765
2006-12-04,94.765
2006-12-05,94.765
2006-12-06,94.765
2006-12-07,94.765
2006-12-08,94.765
2006-12-11,94.765
2006-12-12,94.765
2006-12-13,94.765
2006-12-14,94.765
2006-12-15,94.765
2006-12-18,94.765
2006-12-19,94.765
2006-12-20,94.765
2006-12-21,94.765
2006-12-22,94.765
2006-12-26,94.765
2006-12-27,94.765
2006-12-28,94.765
2006-12-29,94.765
2007-01-02,94.755
2007-01-03,94.755
2007-01-04,94.755
2007-01-05,94.755
2007-01-08,94.755
2007-01-09,94.755
2007-01-10,94.755
2007-01-11,94.755
2007-01-12,94.755
2007-01-16,94.755
2007-01-17,94.755
2007-01-18,94.755
2007-01-19,94.755
2007-01-22,94.755
2007-01-23,94.755
2007-01-24,94.755
2007-01-25,94.755
2007-01-26,94.755
2007-01-29,94.755
2007-01-30,94.755
2007-01-31,94.755
2007-02-01,94.755
2007-02-02,94.755
2007-02-05,94.755
2007-02-06,94.755
2007-02-07,94.755
2007-02-08,94.755
2007-02-09,94.755
2007-02-12,94.755
2007-02-13,94.755
2007-02-14,94.755
2007-02-15,94.755
2007-02-16,94.755
2007-02-20,94.75
2007-02-21,94.75
2007-02-22,94.75
2007-02-23,94.75
2007-02-26,94.75
2007-02-27,94.75
2007-02-28,94.75
2007-03-01,94.755
2007-03-02,94.755
2007-03-05,94.755
2007-03-06,94.755
2007-03-07,94.755
2007-03-08,94.755
2007-03-09,94.75
2007-03-12,94.75
2007-03-13,94.75
2007-03-14,94.75
2007-03-15,94.75
2007-03-16,94.75
2007-03-19,94.75
2007-03-20,94.75
2007-03-21,94.75
2007-03-22,94.745
2007-03-23,94.745
2007-03-26,94.745
2007-03-27,94.745
2007-03-28,94.745
2007-03-29,94.745
2007-03-30,94.745
2007-04-02,94.75
2007-04-03,94.75
2007-04-04,94.75
2007-04-05,94.75
2007-04-09,94.75
2007-04-10,94.75
2007-04-11,94.75
2007-04-12,94.75
2007-04-13,94.75
2007-04-16,94.75
2007-04-17,94.75
2007-04-18,94.75
2007-04-19,94.75
2007-04-20,94.75
2007-04-23,94.75
2007-04-24,94.75
2007-04-25,94.75
2007-04-26,94.75
2007-04-27,94.75
2007-04-30,94.75
2007-05-01,94.755
2007-05-02,94.755
2007-05-03,94.755
2007-05-04,94.755
2007-05-07,94.755
2007-05-08,94.755
2007-05-09,94.755
2007-05-10,94.755
2007-05-11,94.755
2007-05-14,94.755
2007-05-15,94.755
2007-05-16,94.755
2007-05-17,94.755
2007-05-18,94.755
2007-05-21,94.755
2007-05-22,94.755
2007-05-23,94.755
2007-05-24,94.755
2007-05-25,94.755
2007-05-29,94.75
2007-05-30,94.75
2007-05-31,94.75
2007-06-01,94.75
2007-06-04,94.75
2007-06-05,94.75
2007-06-06,94.75
2007-06-07,94.75
2007-06-08,94.75
2007-06-11,94.75
2007-06-12,94.75
2007-06-13,94.75
2007-06-14,94.75
2007-06-15,94.75
2007-06-18,94.75
2007-06-19,94.75
2007-06-20,94.75
2007-06-21,94.75
2007-06-22,94.75
2007-06-25,94.75
2007-06-26,94.75
2007-06-27,94.75
2007-06-28,94.75
2007-06-29,94.75
2007-07-02,94.755
2007-07-03,94.755
2007-07-05,94.755
2007-07-06,94.755
2007-07-09,94.75
2007-07-10,94.75
2007-07-11,94.75
2007-07-12,94.75
2007-07-13,94.75
2007-07-16,94.75
2007-07-17,94.75
2007-07-18,94.75
2007-07-19,94.75
2007-07-20,94.75
2007-07-23,94.75
2007-07-24,94.75
2007-07-25,94.75
2007-07-26,94.75
2007-07-27,94.745
2007-07-30,94.745
2007-07-31,94.745
2007-08-01,94.765
2007-08-02,94.765
2007-08-03,94.775
2007-08-06,94.775
2007-08-07,94.755
2007-08-08,94.755
2007-08-09,94.795
2007-08-10,94.795
2007-08-13,94.86
2007-08-14,94.955
2007-08-15,95.03
2007-08-16,95.04
2007-08-17,94.97
2007-08-20,94.99
2007-08-21,95.005
2007-08-22,95.01
2007-08-23,95.03
2007-08-24,95.01
2007-08-27,94.97
2007-08-28,94.965
2007-08-29,94.965
2007-08-30,94.98
2007-08-31,94.98
2007-09-04,95.04
2007-09-05,95.045
2007-09-06,95.01
2007-09-07,95.06
2007-09-10,95.095
2007-09-11,95.085
2007-09-12,95.08
2007-09-13,95.055
2007-09-14,95.03
2007-09-17,95.01
2007-09-18,95.07
2007-09-19,95.07
2007-09-20,95.07
2007-09-21,95.07
2007-09-24,95.065
2007-09-25,95.06
2007-09-26,95.055
2007-09-27,95.05
2007-09-28,95.025
2007-10-01,95.28
2007-10-02,95.27
2007-10-03,95.265
2007-10-04,95.27
2007-10-05,95.265
2007-10-08,95.265
2007-10-09,95.26
2007-10-10,95.255
2007-10-11,95.255
2007-10-12,95.255
2007-10-15,95.255
2007-10-16,95.255
2007-10-17,95.26
2007-10-18,95.26
2007-10-19,95.265
2007-10-22,95.265
2007-10-23,95.265
2007-10-24,95.27
2007-10-25,95.27
2007-10-26,95.26
2007-10-29,95.255
2007-10-30,95.25
2007-10-31,95.25
2007-11-01,95.515
2007-11-02,95.525
2007-11-05,95.55
2007-11-06,95.56
2007-11-07,95.57
2007-11-08,95.58
2007-11-09,95.575
2007-11-12,95.575
2007-11-13,95.555
2007-11-14,95.55
2007-11-15,95.56
2007-11-16,95.565
2007-11-19,95.565
2007-11-20,95.555
2007-11-21,95.555
2007-11-23,95.535
2007-11-26,95.525
2007-11-27,95.525
2007-11-28,95.525
2007-11-29,95.525
2007-11-30,95.52
2007-12-03,95.78
2007-12-04,95.78
2007-12-05,95.755
2007-12-06,95.75
2007-12-07,95.735
2007-12-10,95.745
2007-12-11,95.74
2007-12-12,95.735
2007-12-13,95.73
2007-12-14,95.72
2007-12-17,95.72
2007-12-18,95.725
2007-12-19,95.735
2007-12-20,95.76
2007-12-21,95.745
2007-12-24,95.735
2007-12-26,95.74
2007-12-27,95.74
2007-12-28,95.74
2007-12-31,95.755
2008-01-02,95.84
2008-01-03,95.84
2008-01-04,95.855
2008-01-07,95.86
2008-01-08,95.86
2008-01-09,95.86
2008-01-10,95.86
2008-01-11,95.9
2008-01-14,95.895
2008-01-15,95.87
2008-01-16,95.865
2008-01-17,95.865
2008-01-18,95.875
2008-01-22,96.09
2008-01-23,96.095
2008-01-24,96.095
2008-01-25,96.09
2008-01-28,96.07
2008-01-29,96.07
2008-01-30,96.07
2008-01-31,96.065
2008-02-01,97.05
2008-02-04,97.04
2008-02-05,97.09
2008-02-06,97.11
2008-02-07,97.085
2008-02-08,97.085
2008-02-11,97.055
2008-02-12,97.05
2008-02-13,97.05
2008-02-14,97.045
2008-02-15,97.04
2008-02-19,97.025
2008-02-20,97.025
2008-02-21,97.025
2008-02-22,97.015
2008-02-25,97.02
2008-02-26,97.02
2008-02-27,97.02
2008-02-28,97.02
2008-03-03,97.34
2008-03-04,97.325
2008-03-05,97.305
2008-03-06,97.33
2008-03-07,97.38
2008-03-10,97.365
2008-03-11,97.275
2008-03-12,97.29
2008-03-13,97.31
2008-03-14,97.415
2008-03-17,97.465
2008-03-18,97.395
2008-03-19,97.405
2008-03-20,97.405
2008-03-24,97.41
2008-03-25,97.41
2008-03-26,97.395
2008-03-27,97.395
2008-03-28,97.385
2008-03-31,97.395
2008-04-01,97.805
2008-04-02,97.8
2008-04-03,97.8
2008-04-04,97.805
2008-04-07,97.795
2008-04-08,97.795
2008-04-09,97.795
2008-04-10,97.795
2008-04-11,97.79
2008-04-14,97.775
2008-04-15,97.775
2008-04-16,97.775
2008-04-17,97.77
2008-04-18,97.755
2008-04-21,97.75
2008-04-22,97.75
2008-04-23,97.755
2008-04-24,97.75
2008-04-25,97.745
2008-04-28,97.74
2008-04-29,97.74
2008-04-30,97.73
2008-05-01,98.005
2008-05-02,98.005
2008-05-05,98.005
2008-05-06,98.01
2008-05-07,98.01
2008-05-08,98.01
2008-05-09,98.01
2008-05-12,98.01
2008-05-13,98.02
2008-05-14,98.02
2008-05-15,98.02
2008-05-16,98.02
2008-05-19,98.025
2008-05-20,98.03
2008-05-21,98.03
2008-05-22,98.025
2008-05-23,98.025
2008-05-27,98.025
2008-05-28,98.02
2008-05-29,98.02
2008-05-30,98.02
2008-06-02,97.995
2008-06-03,97.995
2008-06-04,97.995
2008-06-05,97.995
2008-06-06,97.995
2008-06-09,97.995
2008-06-10,97.99
2008-06-11,97.99
2008-06-12,97.99
2008-06-13,97.985
2008-06-16,97.975
2008-06-17,97.98
2008-06-18,97.98
2008-06-19,97.99
2008-06-20,97.99
2008-06-23,97.99
2008-06-24,97.995
2008-06-25,98
2008-06-26,98
2008-06-27,98
2008-06-30,98.005
2008-07-01,97.99
2008-07-02,97.99
2008-07-03,97.99
2008-07-07,97.995
2008-07-08,97.995
2008-07-09,98
2008-07-10,98
2008-07-11,98
2008-07-14,98.005
2008-07-15,98.005
2008-07-16,98.005
2008-07-17,98.005
2008-07-18,98.005
2008-07-21,98.005
2008-07-22,98.005
2008-07-23,98.005
2008-07-24,98.005
2008-07-25,98
2008-07-28,97.99
2008-07-29,97.99
2008-07-30,97.99
2008-07-31,97.99
2008-08-01,97.985
2008-08-04,97.985
2008-08-05,97.99
2008-08-06,97.9925
2008-08-07,97.9925
2008-08-08,97.9925
2008-08-11,97.9925
2008-08-12,97.9925
2008-08-13,97.9925
2008-08-14,97.9925
2008-08-15,97.99
2008-08-18,97.99
2008-08-19,97.995
2008-08-20,97.995
2008-08-21,97.995
2008-08-22,97.9925
2008-08-25,97.9875
2008-08-26,97.99
2008-08-27,97.99
2008-08-28,97.99
2008-08-29,97.99
2008-09-02,97.985
2008-09-03,97.9875
2008-09-04,97.99
2008-09-05,97.9925
2008-09-08,98
2008-09-09,98.005
2008-09-10,98.01
2008-09-11,98.0175
2008-09-12,98.0175
2008-09-15,98.08
2008-09-16,98.0525
2008-09-17,98.11
2008-09-18,98.055
2008-09-19,97.995
2008-09-22,98.0225
2008-09-23,98.065
2008-09-24,98.0975
2008-09-25,98.115
2008-09-26,98.19
2008-09-29,98.1925
2008-09-30,98.1925
2008-10-01,98.265
2008-10-02,98.445
2008-10-03,98.59
2008-10-06,98.6225
2008-10-07,98.395
2008-10-08,98.5
2008-10-09,98.535
2008-10-10,98.675
2008-10-13,98.705
2008-10-14,98.71
2008-10-15,98.7675
2008-10-16,98.7875
2008-10-17,98.8025
2008-10-20,98.8675
2008-10-21,98.925
2008-10-22,98.9
2008-10-23,98.9075
2008-10-24,98.9525
2008-10-27,98.9625
2008-10-28,98.965
2008-10-29,98.9925
2008-10-30,99.0175
2008-10-31,99.0275
2008-11-03,99.415
2008-11-04,99.49
2008-11-05,99.4575
2008-11-06,99.525
2008-11-07,99.57
2008-11-10,99.61
2008-11-11,99.6525
2008-11-12,99.6175
2008-11-13,99.5775
2008-11-14,99.62
2008-11-17,99.6275
2008-11-18,99.6325
2008-11-19,99.6225
2008-11-20,99.5975
2008-11-21,99.585
2008-11-24,99.545
2008-11-25,99.5625
2008-11-26,99.5775
2008-11-28,99.6025
2008-12-01,99.5925
2008-12-02,99.595
2008-12-03,99.6475
2008-12-04,99.68
2008-12-05,99.7275
2008-12-08,99.7575
2008-12-09,99.7875
2008-12-10,99.79
2008-12-11,99.8
2008-12-12,99.795
2008-12-15,99.775
2008-12-16,99.8325
2008-12-17,99.8175
2008-12-18,99.825
2008-12-19,99.8275
2008-12-22,99.8275
2008-12-23,99.83
2008-12-24,99.8325
2008-12-26,99.835
2008-12-29,99.8425
2008-12-30,99.845
2008-12-31,99.845
2009-01-02,99.83
2009-01-05,99.8375
2009-01-06,99.8525
2009-01-07,99.86
2009-01-08,99.8625
2009-01-09,99.87
2009-01-12,99.8725
2009-01-13,99.8775
2009-01-14,99.875
2009-01-15,99.8575
2009-01-16,99.855
2009-01-20,99.8475
2009-01-21,99.84
2009-01-22,99.8275
2009-01-23,99.8325
2009-01-26,99.8425
2009-01-27,99.8425
2009-01-28,99.8425
2009-01-29,99.8425
2009-01-30,99.8425
2009-02-02,99.765
2009-02-03,99.7725
2009-02-04,99.7625
2009-02-05,99.76
2009-02-06,99.76
2009-02-09,99.755
2009-02-10,99.7575
2009-02-11,99.7575
2009-02-12,99.7675
2009-02-13,99.765
2009-02-17,99.765
2009-02-18,99.7675
2009-02-19,99.77
2009-02-20,99.7775
2009-02-23,99.7775
2009-02-24,99.7775
2009-02-25,99.7775
2009-02-26,99.7775
2009-02-27,99.7775
2009-03-02,99.765
2009-03-03,99.7675
2009-03-04,99.7725
2009-03-05,99.7725
2009-03-06,99.7725
2009-03-09,99.7675
2009-03-10,99.77
2009-03-11,99.775
2009-03-12,99.7825
2009-03-13,99.7975
2009-03-16,99.8
2009-03-17,99.795
2009-03-18,99.7975
2009-03-19,99.8
2009-03-20,99.8025
2009-03-23,99.8025
2009-03-24,99.8025
2009-03-25,99.8025
2009-03-26,99.805
2009-03-27,99.8125
2009-03-30,99.8175
2009-03-31,99.8175
2009-04-01,99.8
2009-04-02,99.81
2009-04-03,99.81
2009-04-06,99.8225
2009-04-07,99.83
2009-04-08,99.83
2009-04-09,99.8325
2009-04-13,99.8325
2009-04-14,99.8375
2009-04-15,99.8375
2009-04-16,99.8375
2009-04-17,99.8375
2009-04-20,99.845
2009-04-21,99.8475
2009-04-22,99.8475
2009-04-23,99.845
2009-04-24,99.845
2009-04-27,99.85
2009-04-28,99.85
2009-04-29,99.85
2009-04-30,99.85
2009-05-01,99.79
2009-05-04,99.79
2009-05-05,99.7975
2009-05-06,99.8
2009-05-07,99.8
2009-05-08,99.805
2009-05-11,99.81
2009-05-12,99.815
2009-05-13,99.815
2009-05-14,99.815
2009-05-15,99.815
2009-05-18,99.815
2009-05-19,99.815
2009-05-20,99.8175
2009-05-21,99.8175
2009-05-22,99.8175
2009-05-26,99.8175
2009-05-27,99.8175
2009-05-28,99.82
2009-05-29,99.82
2009-06-01,99.8125
2009-06-02,99.8075
2009-06-03,99.8025
2009-06-04,99.79
2009-06-05,99.79
2009-06-08,99.78
2009-06-09,99.7875
2009-06-10,99.7925
2009-06-11,99.8
2009-06-12,99.8075
2009-06-15,99.8075
2009-06-16,99.8025
2009-06-17,99.795
2009-06-18,99.7825
2009-06-19,99.78
2009-06-22,99.78
2009-06-23,99.78
2009-06-24,99.785
2009-06-25,99.795
2009-06-26,99.795
2009-06-29,99.795
2009-06-30,99.795
2009-07-01,99.79
2009-07-02,99.795
2009-07-06,99.815
2009-07-07,99.815
2009-07-08,99.815
2009-07-09,99.8175
2009-07-10,99.8225
2009-07-13,99.825
2009-07-14,99.8275
2009-07-15,99.8275
2009-07-16,99.8325
2009-07-17,99.835
2009-07-20,99.8375
2009-07-21,99.84
2009-07-22,99.84
2009-07-23,99.84
2009-07-24,99.84
2009-07-27,99.84
2009-07-28,99.84
2009-07-29,99.8425
2009-07-30,99.8425
2009-07-31,99.8425
2009-08-03,99.815
2009-08-04,99.8175
2009-08-05,99.82
2009-08-06,99.82
2009-08-07,99.8225
2009-08-10,99.825
2009-08-11,99.8275
2009-08-12,99.8325
2009-08-13,99.835
2009-08-14,99.8375
2009-08-17,99.8375
2009-08-18,99.8375
2009-08-19,99.835
2009-08-20,99.835
2009-08-21,99.8325
2009-08-24,99.8325
2009-08-25,99.8325
2009-08-26,99.835
2009-08-27,99.835
2009-08-28,99.8375
2009-08-31,99.8375
2009-09-01,99.83
2009-09-02,99.835
2009-09-03,99.835
2009-09-04,99.84
2009-09-08,99.8425
2009-09-09,99.845
2009-09-10,99.845
2009-09-11,99.845
2009-09-14,99.845
2009-09-15,99.84
2009-09-16,99.84
2009-09-17,99.84
2009-09-18,99.84
2009-09-21,99.84
2009-09-22,99.8425
2009-09-23,99.8425
2009-09-24,99.8425
2009-09-25,99.845
2009-09-28,99.85
2009-09-29,99.85
2009-09-30,99.85
2009-10-01,99.86
2009-10-02,99.86
2009-10-05,99.8625
2009-10-06,99.8625
2009-10-07,99.865
2009-10-08,99.8675
2009-10-09,99.8675
2009-10-12,99.8675
2009-10-13,99.8675
2009-10-14,99.8675
2009-10-15,99.87
2009-10-16,99.87
2009-10-19,99.87
2009-10-20,99.8725
2009-10-21,99.875
2009-10-22,99.8775
2009-10-23,99.8775
2009-10-26,99.8775
2009-10-27,99.88
2009-10-28,99.88
2009-10-29,99.88
2009-10-30,99.88
2009-11-02,99.865
2009-11-03,99.865
2009-11-04,99.865
2009-11-05,99.865
2009-11-06,99.865
2009-11-09,99.8675
2009-11-10,99.8675
2009-11-11,99.8675
2009-11-12,99.8675
2009-11-13,99.87
2009-11-16,99.8725
2009-11-17,99.875
2009-11-18,99.875
2009-11-19,99.88
2009-11-20,99.88
2009-11-23,99.88
2009-11-24,99.88
2009-11-25,99.88
2009-11-27,99.88
2009-11-30,99.88
2009-12-01,99.87
2009-12-02,99.87
2009-12-03,99.87
2009-12-04,99.87
2009-12-07,99.87
2009-12-08,99.8725
2009-12-09,99.8725
2009-12-10,99.8725
2009-12-11,99.8725
2009-12-14,99.87
2009-12-15,99.865
2009-12-16,99.87
2009-12-17,99.87
2009-12-18,99.87
2009-12-21,99.87
2009-12-22,99.8725
2009-12-23,99.875
2009-12-24,99.875
2009-12-28,99.8775
2009-12-29,99.8775
2009-12-30,99.8775
2009-12-31,99.88
2010-01-04,99.875
2010-01-05,99.875
2010-01-06,99.8775
2010-01-07,99.8775
2010-01-08,99.885
2010-01-11,99.885
2010-01-12,99.885
2010-01-13,99.885
2010-01-14,99.8875
2010-01-15,99.8875
2010-01-19,99.8875
2010-01-20,99.8875
2010-01-21,99.8875
2010-01-22,99.885
2010-01-25,99.885
2010-01-26,99.885
2010-01-27,99.8875
2010-01-28,99.8875
2010-01-29,99.8875
2010-02-01,99.8675
2010-02-02,99.8675
2010-02-03,99.865
2010-02-04,99.865
2010-02-05,99.865
2010-02-08,99.865
2010-02-09,99.865
2010-02-10,99.8675
2010-02-11,99.8675
2010-02-12,99.87
2010-02-16,99.87
2010-02-17,99.87
2010-02-18,99.87
2010-02-19,99.8725
2010-02-22,99.8725
2010-02-23,99.8725
2010-02-24,99.8725
2010-02-25,99.8725
2010-02-26,99.8725
2010-03-01,99.86
2010-03-02,99.86
2010-03-03,99.8575
2010-03-04,99.845
2010-03-05,99.835
2010-03-08,99.8375
2010-03-09,99.8425
2010-03-10,99.845
2010-03-11,99.8425
2010-03-12,99.835
2010-03-15,99.8275
2010-03-16,99.8275
2010-03-17,99.8275
2010-03-18,99.825
2010-03-19,99.825
2010-03-22,99.8275
2010-03-23,99.83
2010-03-24,99.83
2010-03-25,99.83
2010-03-26,99.83
2010-03-29,99.83
2010-03-30,99.8325
2010-03-31,99.8325
2010-04-01,99.81
2010-04-05,99.8025
2010-04-06,99.8
2010-04-07,99.8
2010-04-08,99.8
2010-04-09,99.8
2010-04-12,99.8025
2010-04-13,99.8025
2010-04-14,99.8025
2010-04-15,99.8025
2010-04-16,99.8025
2010-04-19,99.8
2010-04-20,99.8
2010-04-21,99.8
2010-04-22,99.8
2010-04-23,99.8
2010-04-26,99.8
2010-04-27,99.8
2010-04-28,99.8
2010-04-29,99.8
2010-04-30,99.8
2010-05-03,99.7875
2010-05-04,99.785
2010-05-05,99.7825
2010-05-06,99.78
2010-05-07,99.7725
2010-05-10,99.7875
2010-05-11,99.7875
2010-05-12,99.79
2010-05-13,99.79
2010-05-14,99.79
2010-05-17,99.7925
2010-05-18,99.7925
2010-05-19,99.7925
2010-05-20,99.7925
2010-05-21,99.7925
2010-05-24,99.7925
2010-05-25,99.7925
2010-05-26,99.7925
2010-05-27,99.795
2010-05-28,99.795
2010-06-01,99.78
2010-06-02,99.785
2010-06-03,99.785
2010-06-04,99.7925
2010-06-07,99.7925
2010-06-08,99.7975
2010-06-09,99.8025
2010-06-10,99.81
2010-06-11,99.81
2010-06-14,99.81
2010-06-15,99.81
2010-06-16,99.81
2010-06-17,99.81
2010-06-18,99.81
2010-06-21,99.8125
2010-06-22,99.815
2010-06-23,99.815
2010-06-24,99.8175
2010-06-25,99.82
2010-06-28,99.82
2010-06-29,99.82
2010-06-30,99.8225
2010-07-01,99.805
2010-07-02,99.81
2010-07-06,99.8125
2010-07-07,99.815
2010-07-08,99.815
2010-07-09,99.8175
2010-07-12,99.8175
2010-07-13,99.8175
2010-07-14,99.8175
2010-07-15,99.82
2010-07-16,99.82
2010-07-19,99.82
2010-07-20,99.8175
2010-07-21,99.8175
2010-07-22,99.8175
2010-07-23,99.8175
2010-07-26,99.8175
2010-07-27,99.8175
2010-07-28,99.8175
2010-07-29,99.8175
2010-07-30,99.8175
2010-08-02,99.8125
2010-08-03,99.8175
2010-08-04,99.8175
2010-08-05,99.82
2010-08-06,99.82
2010-08-09,99.82
2010-08-10,99.82
2010-08-11,99.82
2010-08-12,99.82
2010-08-13,99.82
2010-08-16,99.8175
2010-08-17,99.815
2010-08-18,99.815
2010-08-19,99.8175
2010-08-20,99.815
2010-08-23,99.8125
2010-08-24,99.8125
2010-08-25,99.8125
2010-08-26,99.8125
2010-08-27,99.8125
2010-08-30,99.8125
2010-08-31,99.8125
2010-09-01,99.815
2010-09-02,99.815
2010-09-03,99.815
2010-09-07,99.815
2010-09-08,99.815
2010-09-09,99.8125
2010-09-10,99.8125
2010-09-13,99.815
2010-09-14,99.815
2010-09-15,99.815
2010-09-16,99.815
2010-09-17,99.807
2010-09-20,99.8075
2010-09-21,99.8075
2010-09-22,99.8075
2010-09-23,99.8075
2010-09-24,99.805
2010-09-27,99.805
2010-09-28,99.805
2010-09-29,99.805
2010-09-30,99.805
2010-10-01,99.805
2010-10-04,99.805
2010-10-05,99.805
2010-10-06,99.8025
2010-10-07,99.8025
2010-10-08,99.8075
2010-10-11,99.8075
2010-10-12,99.8075
2010-10-13,99.8075
2010-10-14,99.8075
2010-10-15,99.8075
2010-10-18,99.8075
2010-10-19,99.8075
2010-10-20,99.8075
2010-10-21,99.8075
2010-10-22,99.8075
2010-10-25,99.8075
2010-10-26,99.8075
2010-10-27,99.81
2010-10-28,99.81
2010-10-29,99.81
2010-11-01,99.815
2010-11-02,99.815
2010-11-03,99.8125
2010-11-04,99.8125
2010-11-05,99.8075
2010-11-08,99.8075
2010-11-09,99.81
2010-11-10,99.8125
2010-11-11,99.8125
2010-11-12,99.8125
2010-11-15,99.8125
2010-11-16,99.8125
2010-11-17,99.81
2010-11-18,99.81
2010-11-19,99.8075
2010-11-22,99.8075
2010-11-23,99.8075
2010-11-24,99.8075
2010-11-26,99.8075
2010-11-29,99.8075
2010-11-30,99.8075
2010-12-01,99.81
2010-12-02,99.805
2010-12-03,99.81
2010-12-06,99.8175
2010-12-07,99.8175
2010-12-08,99.82
2010-12-09,99.8225
2010-12-10,99.825
2010-12-13,99.825
2010-12-14,99.825
2010-12-15,99.8225
2010-12-16,99.8225
2010-12-17,99.8225
2010-12-20,99.8225
2010-12-21,99.82
2010-12-22,99.82
2010-12-23,99.82
2010-12-27,99.82
2010-12-28,99.82
2010-12-29,99.82
2010-12-30,99.8175
2010-12-31,99.8175
2011-01-03,99.82
2011-01-04,99.8225
2011-01-05,99.8225
2011-01-06,99.8225
2011-01-07,99.8225
2011-01-10,99.8225
2011-01-11,99.825
2011-01-12,99.8275
2011-01-13,99.8275
2011-01-14,99.83
2011-01-18,99.83
2011-01-19,99.83
2011-01-20,99.83
2011-01-21,99.83
2011-01-24,99.83
2011-01-25,99.83
2011-01-26,99.83
2011-01-27,99.83
2011-01-28,99.83
2011-01-31,99.83
2011-02-01,99.835
2011-02-02,99.835
2011-02-03,99.835
2011-02-04,99.835
2011-02-07,99.8325
2011-02-08,99.8325
2011-02-09,99.8325
2011-02-10,99.835
2011-02-11,99.835
2011-02-14,99.8375
2011-02-15,99.8375
2011-02-16,99.8375
2011-02-17,99.84
2011-02-18,99.84
2011-02-22,99.84
2011-02-23,99.84
2011-02-24,99.8425
2011-02-25,99.8425
2011-02-28,99.8425
2011-03-01,99.85
2011-03-02,99.85
2011-03-03,99.85
2011-03-04,99.85
2011-03-07,99.85
2011-03-08,99.855
2011-03-09,99.855
2011-03-10,99.8575
2011-03-11,99.8575
2011-03-14,99.8575
2011-03-15,99.8575
2011-03-16,99.8575
2011-03-17,99.8575
2011-03-18,99.8575
2011-03-21,99.8575
2011-03-22,99.8575
2011-03-23,99.8575
2011-03-24,99.8575
2011-03-25,99.8575
2011-03-28,99.86
2011-03-29,99.86
2011-03-30,99.86
2011-03-31,99.86
2011-04-01,99.88
2011-04-04,99.89
2011-04-05,99.89
2011-04-06,99.8925
2011-04-07,99.8925
2011-04-08,99.895
2011-04-11,99.8975
2011-04-12,99.9
2011-04-13,99.9025
2011-04-14,99.9
2011-04-15,99.9
2011-04-18,99.9
2011-04-19,99.9
2011-04-20,99.9
2011-04-21,99.9
2011-04-25,99.9
2011-04-26,99.9
2011-04-27,99.9
2011-04-28,99.9
2011-04-29,99.9
2011-05-02,99.9
2011-05-03,99.9025
2011-05-04,99.905
2011-05-05,99.905
2011-05-06,99.905
2011-05-09,99.905
2011-05-10,99.905
2011-05-11,99.905
2011-05-12,99.9075
2011-05-13,99.9075
2011-05-16,99.9075
2011-05-17,99.9075
2011-05-18,99.9075
2011-05-19,99.9075
2011-05-20,99.9075
2011-05-23,99.9075
2011-05-24,99.9075
2011-05-25,99.9075
2011-05-26,99.9075
2011-05-27,99.9075
2011-05-31,99.9075
2011-06-01,99.9
2011-06-02,99.9
2011-06-03,99.9
2011-06-06,99.8975
2011-06-07,99.8975
2011-06-08,99.8975
2011-06-09,99.9
2011-06-10,99.9
2011-06-13,99.9
2011-06-14,99.9
2011-06-15,99.8975
2011-06-16,99.8975
2011-06-17,99.8975
2011-06-20,99.8975
2011-06-21,99.9
2011-06-22,99.9025
2011-06-23,99.9025
2011-06-24,99.9025
2011-06-27,99.905
2011-06-28,99.905
2011-06-29,99.905
2011-06-30,99.9075
2011-07-01,99.905
2011-07-05,99.9075
2011-07-06,99.91
2011-07-07,99.915
2011-07-08,99.9175
2011-07-11,99.92
2011-07-12,99.92
2011-07-13,99.9225
2011-07-14,99.9275
2011-07-15,99.9275
2011-07-18,99.93
2011-07-19,99.93
2011-07-20,99.93
2011-07-21,99.93
2011-07-22,99.9325
2011-07-25,99.9325
2011-07-26,99.9325
2011-07-27,99.9325
2011-07-28,99.9325
2011-07-29,99.93
2011-08-01,99.8775
2011-08-02,99.8875
2011-08-03,99.8975
2011-08-04,99.9175
2011-08-05,99.9175
2011-08-08,99.9125
2011-08-09,99.9125
2011-08-10,99.91
2011-08-11,99.9
2011-08-12,99.895
2011-08-15,99.895
2011-08-16,99.895
2011-08-17,99.9
2011-08-18,99.9025
2011-08-19,99.9025
2011-08-22,99.9025
2011-08-23,99.9025
2011-08-24,99.9025
2011-08-25,99.9025
2011-08-26,99.9025
2011-08-29,99.9025
2011-08-30,99.9025
2011-08-31,99.9025
2011-09-01,99.91
2011-09-02,99.91
2011-09-06,99.91
2011-09-07,99.91
2011-09-08,99.9125
2011-09-09,99.9125
2011-09-12,99.9125
2011-09-13,99.9125
2011-09-14,99.915
2011-09-15,99.915
2011-09-16,99.9175
2011-09-19,99.9175
2011-09-20,99.9175
2011-09-21,99.915
2011-09-22,99.9125
2011-09-23,99.9125
2011-09-26,99.9125
2011-09-27,99.9125
2011-09-28,99.915
2011-09-29,99.915
2011-09-30,99.915
2011-10-03,99.91
2011-10-04,99.91
2011-10-05,99.915
2011-10-06,99.9175
2011-10-07,99.9175
2011-10-10,99.92
2011-10-11,99.9225
2011-10-12,99.9225
2011-10-13,99.9225
2011-10-14,99.9225
2011-10-17,99.9225
2011-10-18,99.925
2011-10-19,99.925
2011-10-20,99.925
2011-10-21,99.925
2011-10-24,99.9275
2011-10-25,99.9275
2011-10-26,99.9275
2011-10-27,99.9275
2011-10-28,99.9275
2011-10-31,99.9275
2011-11-01,99.92
2011-11-02,99.92
2011-11-03,99.92
2011-11-04,99.92
2011-11-07,99.9175
2011-11-08,99.9175
2011-11-09,99.9175
2011-11-10,99.9175
2011-11-11,99.9175
2011-11-14,99.9175
2011-11-15,99.9175
2011-11-16,99.915
2011-11-17,99.915
2011-11-18,99.915
2011-11-21,99.915
2011-11-22,99.915
2011-11-23,99.915
2011-11-25,99.915
2011-11-28,99.9175
2011-11-29,99.9175
2011-11-30,99.9175
2011-12-01,99.91
2011-12-02,99.91
2011-12-05,99.9125
2011-12-06,99.915
2011-12-07,99.915
2011-12-08,99.9175
2011-12-09,99.92
2011-12-12,99.92
2011-12-13,99.9225
2011-12-14,99.9225
2011-12-15,99.9225
2011-12-16,99.925
2011-12-19,99.925
2011-12-20,99.925
2011-12-21,99.9275
2011-12-22,99.9275
2011-12-23,99.9275
2011-12-27,99.9275
2011-12-28,99.9275
2011-12-29,99.9275
2011-12-30,99.9275
2012-01-03,99.9225
2012-01-04,99.925
2012-01-05,99.925
2012-01-06,99.9275
2012-01-09,99.9275
2012-01-10,99.9275
2012-01-11,99.925
2012-01-12,99.925
2012-01-13,99.925
2012-01-17,99.9225
2012-01-18,99.92
2012-01-19,99.92
2012-01-20,99.9175
2012-01-23,99.9175
2012-01-24,99.9175
2012-01-25,99.9175
2012-01-26,99.9175
2012-01-27,99.9175
2012-01-30,99.9175
2012-01-31,99.9175
2012-02-01,99.9
2012-02-02,99.895
2012-02-03,99.895
2012-02-06,99.89
2012-02-07,99.89
2012-02-08,99.89
2012-02-09,99.885
2012-02-10,99.8825
2012-02-13,99.88
2012-02-14,99.88
2012-02-15,99.8825
2012-02-16,99.8825
2012-02-17,99.89
2012-02-21,99.8925
2012-02-22,99.8925
2012-02-23,99.895
2012-02-24,99.895
2012-02-27,99.895
2012-02-28,99.895
2012-02-29,99.895
2012-03-01,99.885
2012-03-02,99.89
2012-03-05,99.89
2012-03-06,99.89
2012-03-07,99.89
2012-03-08,99.8875
2012-03-09,99.885
2012-03-12,99.885
2012-03-13,99.8825
2012-03-14,99.88
2012-03-15,99.8775
2012-03-16,99.8775
2012-03-19,99.8725
2012-03-20,99.8675
2012-03-21,99.8675
2012-03-22,99.87
2012-03-23,99.87
2012-03-26,99.87
2012-03-27,99.87
2012-03-28,99.87
2012-03-29,99.87
2012-03-30,99.8725
2012-04-02,99.8725
2012-04-03,99.8675
2012-04-04,99.8625
2012-04-05,99.86
2012-04-09,99.8625
2012-04-10,99.86
2012-04-11,99.86
2012-04-12,99.86
2012-04-13,99.86
2012-04-16,99.8575
2012-04-17,99.8575
2012-04-18,99.8575
2012-04-19,99.8575
2012-04-20,99.8625
2012-04-23,99.8625
2012-04-24,99.8625
2012-04-25,99.8625
2012-04-26,99.8625
2012-04-27,99.8625
2012-04-30,99.8625
2012-05-01,99.8625
2012-05-02,99.8625
2012-05-03,99.8575
2012-05-04,99.8575
2012-05-07,99.8575
2012-05-08,99.8525
2012-05-09,99.85
2012-05-10,99.8475
2012-05-11,99.845
2012-05-14,99.8425
2012-05-15,99.8425
2012-05-16,99.8425
2012-05-17,99.84
2012-05-18,99.84
2012-05-21,99.84
2012-05-22,99.84
2012-05-23,99.8425
2012-05-24,99.8425
2012-05-25,99.8425
2012-05-29,99.8425
2012-05-30,99.8425
2012-05-31,99.8425
2012-06-01,99.845
2012-06-04,99.8425
2012-06-05,99.8425
2012-06-06,99.8425
2012-06-07,99.8425
2012-06-08,99.8425
2012-06-11,99.835
2012-06-12,99.8325
2012-06-13,99.8325
2012-06-14,99.8325
2012-06-15,99.835
2012-06-18,99.8375
2012-06-19,99.835
2012-06-20,99.835
2012-06-21,99.8325
2012-06-22,99.8325
2012-06-25,99.8325
2012-06-26,99.8325
2012-06-27,99.8325
2012-06-28,99.835
2012-06-29,99.835
2012-07-02,99.8275
2012-07-03,99.8275
2012-07-05,99.83
2012-07-06,99.835
2012-07-09,99.835
2012-07-10,99.835
2012-07-11,99.835
2012-07-12,99.835
2012-07-13,99.835
2012-07-16,99.8325
2012-07-17,99.8325
2012-07-18,99.8325
2012-07-19,99.835
2012-07-20,99.84
2012-07-23,99.8425
2012-07-24,99.84
2012-07-25,99.84
2012-07-26,99.84
2012-07-27,99.84
2012-07-30,99.84
2012-07-31,99.8425
2012-08-01,99.855
2012-08-02,99.855
2012-08-03,99.855
2012-08-06,99.855
2012-08-07,99.855
2012-08-08,99.855
2012-08-09,99.855
2012-08-10,99.855
2012-08-13,99.855
2012-08-14,99.8575
2012-08-15,99.86
2012-08-16,99.8625
2012-08-17,99.8625
2012-08-20,99.8625
2012-08-21,99.8625
2012-08-22,99.8625
2012-08-23,99.8625
2012-08-24,99.865
2012-08-27,99.865
2012-08-28,99.865
2012-08-29,99.865
2012-08-30,99.865
2012-08-31,99.865
2012-09-04,99.87
2012-09-05,99.865
2012-09-06,99.86
2012-09-07,99.855
2012-09-10,99.86
2012-09-11,99.8625
2012-09-12,99.8625
2012-09-13,99.8575
2012-09-14,99.855
2012-09-17,99.855
2012-09-18,99.855
2012-09-19,99.8525
2012-09-20,99.8525
2012-09-21,99.8525
2012-09-24,99.8525
2012-09-25,99.8525
2012-09-26,99.8525
2012-09-27,99.8525
2012-09-28,99.855
2012-10-01,99.8525
2012-10-02,99.855
2012-10-03,99.8525
2012-10-04,99.85
2012-10-05,99.85
2012-10-08,99.85
2012-10-09,99.85
2012-10-10,99.85
2012-10-11,99.85
2012-10-12,99.85
2012-10-15,99.845
2012-10-16,99.845
2012-10-17,99.845
2012-10-18,99.845
2012-10-19,99.845
2012-10-22,99.845
2012-10-23,99.845
2012-10-24,99.845
2012-10-25,99.8425
2012-10-26,99.8425
2012-10-31,99.84
2012-11-01,99.84
2012-11-02,99.84
2012-11-05,99.8375
2012-11-06,99.8375
2012-11-07,99.835
2012-11-08,99.8375
2012-11-09,99.8375
2012-11-12,99.8375
2012-11-13,99.8375
2012-11-14,99.8375
2012-11-15,99.8375
2012-11-16,99.8375
2012-11-19,99.8375
2012-11-20,99.8375
2012-11-21,99.8375
2012-11-23,99.8375
2012-11-26,99.8375
2012-11-27,99.8375
2012-11-28,99.8375
2012-11-29,99.8375
2012-11-30,99.8375
2012-12-03,99.845
2012-12-04,99.845
2012-12-05,99.8425
2012-12-06,99.8425
2012-12-07,99.8425
2012-12-10,99.8425
2012-12-11,99.8425
2012-12-12,99.8425
2012-12-13,99.8425
2012-12-14,99.8425
2012-12-17,99.84
2012-12-18,99.8375
2012-12-19,99.835
2012-12-20,99.8325
2012-12-21,99.8325
2012-12-24,99.8325
2012-12-26,99.8325
2012-12-27,99.8325
2012-12-28,99.835
2012-12-31,99.835
2013-01-02,99.835
2013-01-03,99.84
2013-01-04,99.84
2013-01-07,99.8425
2013-01-08,99.8425
2013-01-09,99.8475
2013-01-10,99.8525
2013-01-11,99.8525
2013-01-14,99.8525
2013-01-15,99.8525
2013-01-16,99.8525
2013-01-17,99.8525
2013-01-18,99.855
2013-01-22,99.8575
2013-01-23,99.8575
2013-01-24,99.8575
2013-01-25,99.855
2013-01-28,99.855
2013-01-29,99.855
2013-01-30,99.855
2013-01-31,99.8575
2013-02-01,99.865
2013-02-04,99.865
2013-02-05,99.8675
2013-02-06,99.8675
2013-02-07,99.8625
2013-02-08,99.8625
2013-02-11,99.8625
2013-02-12,99.86
2013-02-13,99.86
2013-02-14,99.86
2013-02-15,99.8575
2013-02-19,99.8575
2013-02-20,99.855
2013-02-21,99.855
2013-02-22,99.855
2013-02-25,99.855
2013-02-26,99.855
2013-02-27,99.855
2013-02-28,99.855
2013-03-01,99.855
2013-03-04,99.855
2013-03-05,99.8525
2013-03-06,99.8525
2013-03-07,99.8525
2013-03-08,99.8525
2013-03-11,99.8525
2013-03-12,99.8525
2013-03-13,99.8525
2013-03-14,99.8525
2013-03-15,99.8525
2013-03-18,99.85
2013-03-19,99.85
2013-03-20,99.85
2013-03-21,99.85
2013-03-22,99.85
2013-03-25,99.85
2013-03-26,99.85
2013-03-27,99.8525
2013-03-28,99.8525
2013-04-01,99.855
2013-04-02,99.855
2013-04-03,99.855
2013-04-04,99.8575
2013-04-05,99.8575
2013-04-08,99.8575
2013-04-09,99.8575
2013-04-10,99.8575
2013-04-11,99.8575
2013-04-12,99.8575
2013-04-15,99.8575
2013-04-16,99.8575
2013-04-17,99.855
2013-04-18,99.855
2013-04-19,99.8525
2013-04-22,99.8525
2013-04-23,99.8525
2013-04-24,99.8525
2013-04-25,99.8525
2013-04-26,99.8525
2013-04-29,99.8525
2013-04-30,99.8525
2013-05-01,99.875
2013-05-02,99.875
2013-05-03,99.87
2013-05-06,99.87
2013-05-07,99.87
2013-05-08,99.87
2013-05-09,99.87
2013-05-10,99.87
2013-05-13,99.87
2013-05-14,99.8725
2013-05-15,99.875
2013-05-16,99.8775
2013-05-17,99.8775
2013-05-20,99.88
2013-05-21,99.885
2013-05-22,99.885
2013-05-23,99.885
2013-05-24,99.8875
2013-05-28,99.8875
2013-05-29,99.89
2013-05-30,99.89
2013-05-31,99.89
2013-06-03,99.8975
2013-06-04,99.8975
2013-06-05,99.8975
2013-06-06,99.8975
2013-06-07,99.9025
2013-06-10,99.905
2013-06-11,99.905
2013-06-12,99.905
2013-06-13,99.9075
2013-06-14,99.9075
2013-06-17,99.9075
2013-06-18,99.9075
2013-06-19,99.9025
2013-06-20,99.9025
2013-06-21,99.9025
2013-06-24,99.9025
2013-06-25,99.9025
2013-06-26,99.9025
2013-06-27,99.9025
2013-06-28,99.905
2013-07-01,99.895
2013-07-02,99.9
2013-07-03,99.9
2013-07-05,99.9
2013-07-08,99.9
2013-07-09,99.9
2013-07-10,99.9
2013-07-11,99.9
2013-07-12,99.9
2013-07-15,99.9025
2013-07-16,99.9025
2013-07-17,99.9025
2013-07-18,99.9025
2013-07-19,99.9025
2013-07-22,99.905
2013-07-23,99.905
2013-07-24,99.905
2013-07-25,99.905
2013-07-26,99.905
2013-07-29,99.905
2013-07-30,99.905
2013-07-31,99.905
2013-08-01,99.9
2013-08-02,99.905
2013-08-05,99.905
2013-08-06,99.905
2013-08-07,99.905
2013-08-08,99.9075
2013-08-09,99.9075
2013-08-12,99.91
2013-08-13,99.91
2013-08-14,99.91
2013-08-15,99.91
2013-08-16,99.91
2013-08-19,99.91
2013-08-20,99.9125
2013-08-21,99.9125
2013-08-22,99.9125
2013-08-23,99.9125
2013-08-26,99.9125
2013-08-27,99.9125
2013-08-28,99.915
2013-08-29,99.915
2013-08-30,99.915
2013-09-03,99.915
2013-09-04,99.915
2013-09-05,99.915
2013-09-06,99.9175
2013-09-09,99.9175
2013-09-10,99.9175
2013-09-11,99.9175
2013-09-12,99.9175
2013-09-13,99.9175
2013-09-16,99.9175
2013-09-17,99.9175
2013-09-18,99.9175
2013-09-19,99.9175
2013-09-20,99.9175
2013-09-23,99.9175
2013-09-24,99.9175
2013-09-25,99.9175
2013-09-26,99.9175
2013-09-27,99.9175
2013-09-30,99.92
2013-10-01,99.905
2013-10-02,99.91
2013-10-03,99.91
2013-10-04,99.905
2013-10-07,99.9025
2013-10-08,99.8925
2013-10-09,99.8925
2013-10-10,99.9025
2013-10-11,99.905
2013-10-14,99.8975
2013-10-15,99.9
2013-10-16,99.9075
2013-10-17,99.9075
2013-10-18,99.9075
2013-10-21,99.9075
2013-10-22,99.91
2013-10-23,99.91
2013-10-24,99.91
2013-10-25,99.91
2013-10-28,99.91
2013-10-29,99.91
2013-10-30,99.91
2013-10-31,99.9125
2013-11-01,99.915
2013-11-04,99.915
2013-11-05,99.915
2013-11-06,99.915
2013-11-07,99.9175
2013-11-08,99.9175
2013-11-11,99.9175
2013-11-12,99.9175
2013-11-13,99.9175
2013-11-14,99.9175
2013-11-15,99.9175
2013-11-18,99.9175
2013-11-19,99.9175
2013-11-20,99.9175
2013-11-21,99.9175
2013-11-22,99.9175
2013-11-25,99.9175
2013-11-26,99.915
2013-11-27,99.915
2013-11-29,99.915
2013-12-02,99.915
2013-12-03,99.9125
2013-12-04,99.9125
2013-12-05,99.9125
2013-12-06,99.9125
2013-12-09,99.9125
2013-12-10,99.9125
2013-12-11,99.9125
2013-12-12,99.915
2013-12-13,99.915
2013-12-16,99.915
2013-12-17,99.915
2013-12-18,99.9125
2013-12-19,99.9125
2013-12-20,99.9125
2013-12-23,99.9125
2013-12-24,99.9125
2013-12-26,99.9125
2013-12-27,99.915
2013-12-30,99.915
2013-12-31,99.915
2014-01-02,99.91
2014-01-03,99.91
2014-01-06,99.915
2014-01-07,99.915
2014-01-08,99.9175
2014-01-09,99.92
2014-01-10,99.92
2014-01-13,99.9225
2014-01-14,99.9225
2014-01-15,99.925
2014-01-16,99.925
2014-01-17,99.925
2014-01-21,99.925
2014-01-22,99.925
2014-01-23,99.925
2014-01-24,99.9275
2014-01-27,99.9275
2014-01-28,99.9275
2014-01-29,99.9275
2014-01-30,99.9275
2014-01-31,99.9275
2014-02-03,99.9225
2014-02-04,99.9225
2014-02-05,99.9225
2014-02-06,99.9225
2014-02-07,99.925
2014-02-10,99.925
2014-02-11,99.9275
2014-02-12,99.93
2014-02-13,99.93
2014-02-14,99.9325
2014-02-18,99.9325
2014-02-19,99.9325
2014-02-20,99.9325
2014-02-21,99.9325
2014-02-24,99.9325
2014-02-25,99.9325
2014-02-26,99.9325
2014-02-27,99.9325
2014-02-28,99.9325
2014-03-03,99.925
2014-03-04,99.925
2014-03-05,99.925
2014-03-06,99.925
2014-03-07,99.925
2014-03-10,99.925
2014-03-11,99.925
2014-03-12,99.9225
2014-03-13,99.9225
2014-03-14,99.9225
2014-03-17,99.9225
2014-03-18,99.9225
2014-03-19,99.9225
2014-03-20,99.9225
2014-03-21,99.9225
2014-03-24,99.9225
2014-03-25,99.9225
2014-03-26,99.92
2014-03-27,99.92
2014-03-28,99.92
2014-03-31,99.92
2014-04-01,99.92
2014-04-02,99.92
2014-04-03,99.92
2014-04-04,99.92
2014-04-07,99.92
2014-04-08,99.92
2014-04-09,99.92
2014-04-10,99.92
2014-04-11,99.92
2014-04-14,99.92
2014-04-15,99.9175
2014-04-16,99.9175
2014-04-17,99.9175
2014-04-21,99.915
2014-04-22,99.915
2014-04-23,99.9125
2014-04-24,99.9125
2014-04-25,99.9125
2014-04-28,99.9125
2014-04-29,99.9125
2014-04-30,99.9125
2014-05-01,99.91
2014-05-02,99.91
2014-05-05,99.91
2014-05-06,99.9125
2014-05-07,99.9125
2014-05-08,99.9125
2014-05-09,99.9125
2014-05-12,99.9125
2014-05-13,99.9125
2014-05-14,99.9125
2014-05-15,99.9125
2014-05-16,99.9125
2014-05-19,99.9125
2014-05-20,99.9125
2014-05-21,99.9125
2014-05-22,99.9125
2014-05-23,99.9125
2014-05-27,99.9125
2014-05-28,99.9125
2014-05-29,99.9125
2014-05-30,99.9125
2014-06-02,99.91
2014-06-03,99.91
2014-06-04,99.9075
2014-06-05,99.9075
2014-06-06,99.9075
2014-06-09,99.9075
2014-06-10,99.9075
2014-06-11,99.9075
2014-06-12,99.9075
2014-06-13,99.9075
2014-06-16,99.905
2014-06-17,99.905
2014-06-18,99.905
2014-06-19,99.905
2014-06-20,99.905
2014-06-23,99.905
2014-06-24,99.905
2014-06-25,99.905
2014-06-26,99.905
2014-06-27,99.905
2014-06-30,99.905
2014-07-01,99.9
2014-07-02,99.9
2014-07-03,99.9
2014-07-07,99.9025
2014-07-08,99.9025
2014-07-09,99.9025
2014-07-10,99.905
2014-07-11,99.9075
2014-07-14,99.9075
2014-07-15,99.9075
2014-07-16,99.9075
2014-07-17,99.9075
2014-07-18,99.9075
2014-07-21,99.9075
2014-07-22,99.9075
2014-07-23,99.9075
2014-07-24,99.9075
2014-07-25,99.9075
2014-07-28,99.9075
2014-07-29,99.9075
2014-07-30,99.9075
2014-07-31,99.9075
2014-08-01,99.905
2014-08-04,99.9075
2014-08-05,99.9075
2014-08-06,99.9075
2014-08-07,99.9075
2014-08-08,99.91
2014-08-11,99.91
2014-08-12,99.91
2014-08-13,99.91
2014-08-14,99.91
2014-08-15,99.91
2014-08-18,99.91
2014-08-19,99.91
2014-08-20,99.91
2014-08-21,99.91
2014-08-22,99.91
2014-08-25,99.91
2014-08-26,99.91
2014-08-27,99.91
2014-08-28,99.91
2014-08-29,99.91
2014-09-02,99.91
2014-09-03,99.91
2014-09-04,99.91
2014-09-05,99.91
2014-09-08,99.91
2014-09-09,99.91
2014-09-10,99.91
2014-09-11,99.91
2014-09-12,99.91
2014-09-15,99.91
2014-09-16,99.91
2014-09-17,99.91
2014-09-18,99.91
2014-09-19,99.91
2014-09-22,99.9125
2014-09-23,99.9125
2014-09-24,99.9125
2014-09-25,99.9125
2014-09-26,99.9125
2014-09-29,99.9125
2014-09-30,99.9125
2014-10-01,99.915
2014-10-02,99.915
2014-10-03,99.915
2014-10-06,99.9125
2014-10-07,99.9125
2014-10-08,99.9125
2014-10-09,99.9125
2014-10-10,99.9125
2014-10-13,99.9125
2014-10-14,99.9125
2014-10-15,99.9125
2014-10-16,99.9125
2014-10-17,99.9125
2014-10-20,99.9125
2014-10-21,99.9125
2014-10-22,99.9125
2014-10-23,99.9125
2014-10-24,99.9125
2014-10-27,99.9125
2014-10-28,99.9125
2014-10-29,99.9125
2014-10-30,99.9125
2014-10-31,99.9125
2014-11-03,99.91
2014-11-04,99.91
2014-11-05,99.9075
2014-11-06,99.9075
2014-11-07,99.9075
2014-11-10,99.9075
2014-11-11,99.9075
2014-11-12,99.9075
2014-11-13,99.9075
2014-11-14,99.9075
2014-11-17,99.9075
2014-11-18,99.9075
2014-11-19,99.905
2014-11-20,99.905
2014-11-21,99.905
2014-11-24,99.905
2014-11-25,99.905
2014-11-26,99.905
2014-11-28,99.905
2014-12-01,99.89
2014-12-02,99.8875
2014-12-03,99.8875
2014-12-04,99.8875
2014-12-05,99.8875
2014-12-08,99.8875
2014-12-09,99.89
2014-12-10,99.89
2014-12-11,99.89
2014-12-12,99.89
2014-12-15,99.89
2014-12-16,99.89
2014-12-17,99.885
2014-12-18,99.88
2014-12-19,99.88
2014-12-22,99.88
2014-12-23,99.8775
2014-12-24,99.8775
2014-12-26,99.8775
2014-12-29,99.8775
2014-12-30,99.8775
2014-12-31,99.8775
2015-01-02,99.885
2015-01-05,99.8875
2015-01-06,99.8875
2015-01-07,99.8875
2015-01-08,99.8875
2015-01-09,99.885
2015-01-12,99.885
2015-01-13,99.8825
2015-01-14,99.8825
2015-01-15,99.8825
2015-01-16,99.8825
2015-01-20,99.88
2015-01-21,99.88
2015-01-22,99.88
2015-01-23,99.88
2015-01-26,99.88
2015-01-27,99.88
2015-01-28,99.88
2015-01-29,99.88
2015-01-30,99.8825
2015-02-02,99.875
2015-02-03,99.875
2015-02-04,99.875
2015-02-05,99.8775
2015-02-06,99.8775
2015-02-09,99.88
2015-02-10,99.88
2015-02-11,99.88
2015-02-12,99.88
2015-02-13,99.88
2015-02-17,99.88
2015-02-18,99.88
2015-02-19,99.88
2015-02-20,99.8825
2015-02-23,99.8825
2015-02-24,99.885
2015-02-25,99.885
2015-02-26,99.885
2015-02-27,99.8875
2015-03-02,99.8825
2015-03-03,99.8825
2015-03-04,99.8825
2015-03-05,99.8825
2015-03-06,99.8825
2015-03-09,99.8825
2015-03-10,99.88
2015-03-11,99.88
2015-03-12,99.88
2015-03-13,99.88
2015-03-16,99.88
2015-03-17,99.88
2015-03-18,99.8825
2015-03-19,99.8825
2015-03-20,99.8825
2015-03-23,99.885
2015-03-24,99.885
2015-03-25,99.885
2015-03-26,99.885
2015-03-27,99.885
2015-03-30,99.885
2015-03-31,99.885
2015-04-01,99.875
2015-04-02,99.875
2015-04-06,99.8775
2015-04-07,99.8775
2015-04-08,99.8775
2015-04-09,99.8775
2015-04-10,99.8775
2015-04-13,99.88
2015-04-14,99.88
2015-04-15,99.8775
2015-04-16,99.8775
2015-04-17,99.8775
2015-04-20,99.8775
2015-04-21,99.8775
2015-04-22,99.8775
2015-04-23,99.8775
2015-04-24,99.8775
2015-04-27,99.8775
2015-04-28,99.8775
2015-04-29,99.8775
2015-04-30,99.8775
2015-05-01,99.87
2015-05-04,99.87
2015-05-05,99.87
2015-05-06,99.8725
2015-05-07,99.8725
2015-05-08,99.8725
2015-05-11,99.8725
2015-05-12,99.8725
2015-05-13,99.8725
2015-05-14,99.8725
2015-05-15,99.8725
2015-05-18,99.8725
2015-05-19,99.8725
2015-05-20,99.8725
2015-05-21,99.8725
2015-05-22,99.875
2015-05-26,99.875
2015-05-27,99.875
2015-05-28,99.875
2015-05-29,99.875
2015-06-01,99.87
2015-06-02,99.87
2015-06-03,99.87
2015-06-04,99.87
2015-06-05,99.87
2015-06-08,99.87
2015-06-09,99.87
2015-06-10,99.87
2015-06-11,99.87
2015-06-12,99.87
2015-06-15,99.87
2015-06-16,99.87
2015-06-17,99.87
2015-06-18,99.8675
2015-06-19,99.8675
2015-06-22,99.8675
2015-06-23,99.8675
2015-06-24,99.87
2015-06-25,99.87
2015-06-26,99.87
2015-06-29,99.87
2015-06-30,99.87
2015-07-01,99.865
2015-07-02,99.865
2015-07-06,99.865
2015-07-07,99.8675
2015-07-08,99.8675
2015-07-09,99.8675
2015-07-10,99.8675
2015-07-13,99.87
2015-07-14,99.87
2015-07-15,99.87
2015-07-16,99.87
2015-07-17,99.87
2015-07-20,99.87
2015-07-21,99.87
2015-07-22,99.87
2015-07-23,99.87
2015-07-24,99.87
2015-07-27,99.87
2015-07-28,99.87
2015-07-29,99.87
2015-07-30,99.87
2015-07-31,99.87
2015-08-03,99.865
2015-08-04,99.865
2015-08-05,99.865
2015-08-06,99.865
2015-08-07,99.865
2015-08-10,99.865
2015-08-11,99.865
2015-08-12,99.865
2015-08-13,99.865
2015-08-14,99.8625
2015-08-17,99.8625
2015-08-18,99.8625
2015-08-19,99.8625
2015-08-20,99.8625
2015-08-21,99.8625
2015-08-24,99.8625
2015-08-25,99.8625
2015-08-26,99.8625
2015-08-27,99.8625
2015-08-28,99.8625
2015-08-31,99.8625
2015-09-01,99.83
2015-09-02,99.83
2015-09-03,99.83
2015-09-04,99.83
2015-09-08,99.835
2015-09-09,99.835
2015-09-10,99.835
2015-09-11,99.835
2015-09-14,99.835
2015-09-15,99.8325
2015-09-16,99.835
2015-09-17,99.86
2015-09-18,99.8625
2015-09-21,99.8625
2015-09-22,99.8625
2015-09-23,99.8625
2015-09-24,99.8625
2015-09-25,99.8625
2015-09-28,99.8625
2015-09-29,99.8625
2015-09-30,99.8625
2015-10-01,99.86
2015-10-02,99.86
2015-10-05,99.8625
2015-10-06,99.865
2015-10-07,99.865
2015-10-08,99.865
2015-10-09,99.8675
2015-10-12,99.8675
2015-10-13,99.8675
2015-10-14,99.87
2015-10-15,99.87
2015-10-16,99.87
2015-10-19,99.87
2015-10-20,99.87
2015-10-21,99.87
2015-10-22,99.8725
2015-10-23,99.8725
2015-10-26,99.8725
2015-10-27,99.875
2015-10-28,99.875
2015-10-29,99.875
2015-10-30,99.875
2015-11-02,99.87
2015-11-03,99.87
2015-11-04,99.87
2015-11-05,99.8725
2015-11-06,99.8725
2015-11-09,99.875
2015-11-10,99.875
2015-11-11,99.8775
2015-11-12,99.8775
2015-11-13,99.8775
2015-11-16,99.8775
2015-11-17,99.8775
2015-11-18,99.8775
2015-11-19,99.8775
2015-11-20,99.8775
2015-11-23,99.88
2015-11-24,99.88
2015-11-25,99.88
2015-11-27,99.88
2015-11-30,99.88
2015-12-01,99.785
2015-12-02,99.785
2015-12-03,99.78
2015-12-04,99.78
2015-12-07,99.7775
2015-12-08,99.775
2015-12-09,99.7725
2015-12-10,99.7725
2015-12-11,99.7775
2015-12-14,99.7775
2015-12-15,99.7775
2015-12-16,99.7675
2015-12-17,99.7625
2015-12-18,99.7575
2015-12-21,99.7575
2015-12-22,99.7575
2015-12-23,99.7575
2015-12-24,99.7575
2015-12-28,99.7575
2015-12-29,99.7575
2015-12-30,99.7575
2015-12-31,99.76
2016-01-04,99.665
2016-01-05,99.665
2016-01-06,99.665
2016-01-07,99.665
2016-01-08,99.665
2016-01-11,99.665
2016-01-12,99.665
2016-01-13,99.665
2016-01-14,99.665
2016-01-15,99.665
2016-01-19,99.665
2016-01-20,99.665
2016-01-21,99.6625
2016-01-22,99.6625
2016-01-25,99.66
2016-01-26,99.66
2016-01-27,99.66
2016-01-28,99.66
2016-01-29,99.6575
2016-02-01,99.6275
2016-02-02,99.6275
2016-02-03,99.6275
2016-02-04,99.6275
2016-02-05,99.6275
2016-02-08,99.6275
2016-02-09,99.6275
2016-02-10,99.6275
2016-02-11,99.6275
2016-02-12,99.625
2016-02-16,99.625
2016-02-17,99.625
2016-02-18,99.625
2016-02-19,99.625
2016-02-22,99.625
2016-02-23,99.625
2016-02-24,99.625
2016-02-25,99.625
2016-02-26,99.625
2016-02-29,99.625
2016-03-01,99.6175
2016-03-02,99.62
2016-03-03,99.6225
2016-03-04,99.6225
2016-03-07,99.6225
2016-03-08,99.6275
2016-03-09,99.6275
2016-03-10,99.6275
2016-03-11,99.63
2016-03-14,99.63
2016-03-15,99.6325
2016-03-16,99.6375
2016-03-17,99.6375
2016-03-18,99.6375
2016-03-21,99.6375
2016-03-22,99.6375
2016-03-23,99.6375
2016-03-24,99.6375
2016-03-28,99.6375
2016-03-29,99.6375
2016-03-30,99.6375
2016-03-31,99.6375
2016-04-01,99.635
2016-04-04,99.6375
2016-04-05,99.6375
2016-04-06,99.6375
2016-04-07,99.6375
2016-04-08,99.64
2016-04-11,99.64
2016-04-12,99.64
2016-04-13,99.64
2016-04-14,99.6375
2016-04-15,99.6375
2016-04-18,99.6375
2016-04-19,99.6375
2016-04-20,99.6375
2016-04-21,99.6375
2016-04-22,99.6375
2016-04-25,99.6375
2016-04-26,99.6375
2016-04-27,99.6375
2016-04-28,99.6375
2016-04-29,99.6375
2016-05-02,99.635
2016-05-03,99.64
2016-05-04,99.6375
2016-05-05,99.6375
2016-05-06,99.6375
2016-05-09,99.635
2016-05-10,99.635
2016-05-11,99.635
2016-05-12,99.635
2016-05-13,99.635
2016-05-16,99.635
2016-05-17,99.6375
2016-05-18,99.6375
2016-05-19,99.6375
2016-05-20,99.635
2016-05-23,99.635
2016-05-24,99.635
2016-05-25,99.6325
2016-05-26,99.6325
2016-05-27,99.6325
2016-05-31,99.6325
2016-06-01,99.6075
2016-06-02,99.6075
2016-06-03,99.6275
2016-06-06,99.63
2016-06-07,99.63
2016-06-08,99.63
2016-06-09,99.63
2016-06-10,99.6325
2016-06-13,99.6325
2016-06-14,99.6325
2016-06-15,99.6325
2016-06-16,99.63
2016-06-17,99.63
2016-06-20,99.6275
2016-06-21,99.6275
2016-06-22,99.6275
2016-06-23,99.6275
2016-06-24,99.6225
2016-06-27,99.6225
2016-06-28,99.6225
2016-06-29,99.6225
2016-06-30,99.6225
2016-07-01,99.62
2016-07-05,99.6175
2016-07-06,99.615
2016-07-07,99.6125
2016-07-08,99.6125
2016-07-11,99.6125
2016-07-12,99.6125
2016-07-13,99.61
2016-07-14,99.61
2016-07-15,99.6075
2016-07-18,99.6075
2016-07-19,99.6075
2016-07-20,99.6075
2016-07-21,99.6075
2016-07-22,99.6075
2016-07-25,99.6075
2016-07-26,99.605
2016-07-27,99.605
2016-07-28,99.605
2016-07-29,99.6075
2016-08-01,99.6075
2016-08-02,99.6
2016-08-03,99.6
2016-08-04,99.6025
2016-08-05,99.6025
2016-08-08,99.6
2016-08-09,99.6025
2016-08-10,99.6025
2016-08-11,99.6
2016-08-12,99.6025
2016-08-15,99.6025
2016-08-16,99.6025
2016-08-17,99.6025
2016-08-18,99.6025
2016-08-19,99.6
2016-08-22,99.6025
2016-08-23,99.6025
2016-08-24,99.6025
2016-08-25,99.6025
2016-08-26,99.6025
2016-08-29,99.6025
2016-08-30,99.6025
2016-08-31,99.6025
2016-09-01,99.5825
2016-09-02,99.585
2016-09-06,99.59
2016-09-07,99.59
2016-09-08,99.5875
2016-09-09,99.5825
2016-09-12,99.59
2016-09-13,99.59
2016-09-14,99.59
2016-09-15,99.5925
2016-09-16,99.5925
2016-09-19,99.5925
2016-09-20,99.59
2016-09-21,99.6025
2016-09-22,99.6025
2016-09-23,99.6025
2016-09-26,99.6025
2016-09-27,99.6025
2016-09-28,99.6025
2016-09-29,99.6025
2016-09-30,99.6025
2016-10-03,99.61
2016-10-04,99.61
2016-10-05,99.6075
2016-10-06,99.605
2016-10-07,99.605
2016-10-11,99.605
2016-10-12,99.605
2016-10-13,99.605
2016-10-14,99.605
2016-10-17,99.605
2016-10-18,99.605
2016-10-19,99.605
2016-10-20,99.605
2016-10-21,99.605
2016-10-24,99.605
2016-10-25,99.605
2016-10-26,99.605
2016-10-27,99.605
2016-10-28,99.605
2016-10-31,99.605
2016-11-01,99.5875
2016-11-02,99.5925
2016-11-03,99.5925
2016-11-04,99.5925
2016-11-07,99.5925
2016-11-08,99.5925
2016-11-09,99.5925
2016-11-10,99.5925
2016-11-14,99.5925
2016-11-15,99.5925
2016-11-16,99.5925
2016-11-17,99.5925
2016-11-18,99.5925
2016-11-21,99.5925
2016-11-22,99.5925
2016-11-23,99.5925
2016-11-25,99.5925
2016-11-28,99.5925
2016-11-29,99.5925
2016-11-30,99.5925
2016-12-01,99.47
2016-12-02,99.47
2016-12-05,99.4675
2016-12-06,99.4675
2016-12-07,99.4675
2016-12-08,99.4675
2016-12-09,99.4675
2016-12-12,99.4675
2016-12-13,99.465
2016-12-14,99.465
2016-12-15,99.465
2016-12-16,99.465
2016-12-19,99.465
2016-12-20,99.465
2016-12-21,99.465
2016-12-22,99.465
2016-12-23,99.465
2016-12-27,99.465
2016-12-28,99.465
2016-12-29,99.465
2016-12-30,99.465
2017-01-03,99.3525
2017-01-04,99.3525
2017-01-05,99.3525
2017-01-06,99.3525
2017-01-09,99.3525
2017-01-10,99.3525
2017-01-11,99.3525
2017-01-12,99.3525
2017-01-13,99.3525
2017-01-17,99.3525
2017-01-18,99.3525
2017-01-19,99.3525
2017-01-20,99.3525
2017-01-23,99.3525
2017-01-24,99.3525
2017-01-25,99.35
2017-01-26,99.35
2017-01-27,99.35
2017-01-30,99.35
2017-01-31,99.35
2017-02-01,99.3425
2017-02-02,99.3425
2017-02-03,99.3425
2017-02-06,99.3425
2017-02-07,99.3425
2017-02-08,99.3425
2017-02-09,99.3425
2017-02-10,99.3425
2017-02-13,99.3425
2017-02-14,99.3425
2017-02-15,99.3425
2017-02-16,99.3425
2017-02-17,99.3425
2017-02-21,99.3425
2017-02-22,99.3425
2017-02-23,99.3425
2017-02-24,99.3425
2017-02-27,99.3425
2017-02-28,99.3425
2017-03-01,99.25
2017-03-02,99.2375
2017-03-03,99.23
2017-03-06,99.23
2017-03-07,99.2275
2017-03-08,99.225
2017-03-09,99.225
2017-03-10,99.22
2017-03-13,99.22
2017-03-14,99.2175
2017-03-15,99.215
2017-03-16,99.215
2017-03-17,99.215
2017-03-20,99.215
2017-03-21,99.215
2017-03-22,99.215
2017-03-23,99.215
2017-03-24,99.215
2017-03-27,99.215
2017-03-28,99.215
2017-03-29,99.215
2017-03-30,99.215
2017-03-31,99.215
2017-04-03,99.1075
2017-04-04,99.1075
2017-04-05,99.1075
2017-04-06,99.1075
2017-04-07,99.1075
2017-04-10,99.1075
2017-04-11,99.1075
2017-04-12,99.1075
2017-04-13,99.1075
2017-04-17,99.1075
2017-04-18,99.1075
2017-04-19,99.1075
2017-04-20,99.1075
2017-04-21,99.1075
2017-04-24,99.1075
2017-04-25,99.1075
2017-04-26,99.105
2017-04-27,99.105
2017-04-28,99.105
2017-05-01,99.095
2017-05-02,99.095
2017-05-03,99.095
2017-05-04,99.095
2017-05-05,99.095
2017-05-08,99.095
2017-05-09,99.095
2017-05-10,99.095
2017-05-11,99.095
2017-05-12,99.095
2017-05-15,99.095
2017-05-16,99.095
2017-05-17,99.095
2017-05-18,99.095
2017-05-19,99.095
2017-05-22,99.095
2017-05-23,99.095
2017-05-24,99.095
2017-05-25,99.095
2017-05-26,99.095
2017-05-30,99.095
2017-05-31,99.095
2017-06-01,98.9725
2017-06-02,98.97
2017-06-05,98.97
2017-06-06,98.97
2017-06-07,98.9675
2017-06-08,98.9675
2017-06-09,98.9675
2017-06-12,98.9675
2017-06-13,98.9675
2017-06-14,98.9625
2017-06-15,98.96
2017-06-16,98.96
2017-06-19,98.96
2017-06-20,98.96
2017-06-21,98.96
2017-06-22,98.96
2017-06-23,98.96
2017-06-26,98.96
2017-06-27,98.96
2017-06-28,98.96
2017-06-29,98.96
2017-06-30,98.96
2017-07-03,98.85
2017-07-05,98.85
2017-07-06,98.85
2017-07-07,98.85
2017-07-10,98.85
2017-07-11,98.85
2017-07-12,98.85
2017-07-13,98.85
2017-07-14,98.85
2017-07-17,98.85
2017-07-18,98.85
2017-07-19,98.85
2017-07-20,98.85
2017-07-21,98.85
2017-07-24,98.85
2017-07-25,98.85
2017-07-26,98.85
2017-07-27,98.85
2017-07-28,98.85
2017-07-31,98.85
2017-08-01,98.845
2017-08-02,98.845
2017-08-03,98.845
2017-08-04,98.845
2017-08-07,98.845
2017-08-08,98.845
2017-08-09,98.845
2017-08-10,98.845
2017-08-11,98.845
2017-08-14,98.845
2017-08-15,98.845
2017-08-16,98.845
2017-08-17,98.845
2017-08-18,98.845
2017-08-21,98.845
2017-08-22,98.845
2017-08-23,98.845
2017-08-24,98.845
2017-08-25,98.845
2017-08-28,98.845
2017-08-29,98.845
2017-08-30,98.845
2017-08-31,98.845
2017-09-01,98.845
2017-09-05,98.845
2017-09-06,98.845
2017-09-07,98.845
2017-09-08,98.845
2017-09-11,98.845
2017-09-12,98.845
2017-09-13,98.845
2017-09-14,98.845
2017-09-15,98.845
2017-09-18,98.845
2017-09-19,98.845
2017-09-20,98.845
2017-09-21,98.845
2017-09-22,98.845
2017-09-25,98.845
2017-09-26,98.845
2017-09-27,98.845
2017-09-28,98.845
2017-09-29,98.845
2017-10-02,98.845
2017-10-03,98.845
2017-10-04,98.845
2017-10-05,98.845
2017-10-06,98.845
2017-10-09,98.845
2017-10-10,98.845
2017-10-11,98.845
2017-10-12,98.845
2017-10-13,98.845
2017-10-16,98.845
2017-10-17,98.845
2017-10-18,98.845
2017-10-19,98.845
2017-10-20,98.845
2017-10-23,98.845
2017-10-24,98.845
2017-10-25,98.845
2017-10-26,98.845
2017-10-27,98.845
2017-10-30,98.845
2017-10-31,98.845
2017-11-01,98.8425
2017-11-02,98.8425
2017-11-03,98.8425
2017-11-06,98.8425
2017-11-07,98.8425
2017-11-08,98.8425
2017-11-09,98.8425
2017-11-10,98.8425
2017-11-13,98.8425
2017-11-14,98.8425
2017-11-15,98.8425
2017-11-16,98.8425
2017-11-17,98.8425
2017-11-20,98.8425
2017-11-21,98.8425
2017-11-22,98.8425
2017-11-24,98.8425
2017-11-27,98.8425
2017-11-28,98.8425
2017-11-29,98.8425
2017-11-30,98.8425
2017-12-01,98.71
2017-12-04,98.71
2017-12-05,98.7075
2017-12-06,98.7075
2017-12-07,98.7075
2017-12-08,98.7075
2017-12-11,98.7075
2017-12-12,98.7075
2017-12-13,98.705
2017-12-14,98.7
2017-12-15,98.705
2017-12-18,98.7025
2017-12-19,98.7025
2017-12-20,98.7025
2017-12-21,98.7025
2017-12-22,98.7025
2017-12-26,98.7025
2017-12-27,98.7025
2017-12-28,98.7
2017-12-29,98.7
2018-01-02,98.59
2018-01-03,98.59
2018-01-04,98.5875
2018-01-05,98.5875
2018-01-08,98.5875
2018-01-09,98.5875
2018-01-10,98.5875
2018-01-11,98.5875
2018-01-12,98.5875
2018-01-16,98.5875
2018-01-17,98.5875
2018-01-18,98.5875
2018-01-19,98.5875
2018-01-22,98.5875
2018-01-23,98.5875
2018-01-24,98.5875
2018-01-25,98.5875
2018-01-26,98.5875
2018-01-29,98.5875
2018-01-30,98.5875
2018-01-31,98.5875
2018-02-01,98.58
2018-02-02,98.5825
2018-02-05,98.5825
2018-02-06,98.5825
2018-02-07,98.5825
2018-02-08,98.5825
2018-02-09,98.5825
2018-02-12,98.5825
2018-02-13,98.5825
2018-02-14,98.58
2018-02-15,98.5825
2018-02-16,98.5825
2018-02-20,98.5825
2018-02-21,98.5825
2018-02-22,98.5825
2018-02-23,98.58
2018-02-26,98.5825
2018-02-27,98.5825
2018-02-28,98.5825
2018-03-01,98.5075
2018-03-02,98.5075
2018-03-05,98.505
2018-03-06,98.505
2018-03-07,98.505
2018-03-08,98.505
2018-03-09,98.5025
2018-03-12,98.505
2018-03-13,98.505
2018-03-14,98.505
2018-03-15,98.5025
2018-03-16,98.5
2018-03-19,98.5
2018-03-20,98.5
2018-03-21,98.4975
2018-03-22,98.4975
2018-03-23,98.4975
2018-03-26,98.4975
2018-03-27,98.4975
2018-03-28,98.4975
2018-03-29,98.4975
2018-04-02,98.325
2018-04-03,98.32
2018-04-04,98.3175
2018-04-05,98.3175
2018-04-06,98.3175
2018-04-09,98.3175
2018-04-10,98.315
2018-04-11,98.315
2018-04-12,98.315
2018-04-13,98.315
2018-04-16,98.315
2018-04-17,98.315
2018-04-18,98.3125
2018-04-19,98.3125
2018-04-20,98.3125
2018-04-23,98.31
2018-04-24,98.31
2018-04-25,98.31
2018-04-26,98.31
2018-04-27,98.31
2018-04-30,98.3075
2018-05-01,98.295
2018-05-02,98.295
2018-05-03,98.2975
2018-05-04,98.2975
2018-05-07,98.2975
2018-05-08,98.295
2018-05-09,98.295
2018-05-10,98.2975
2018-05-11,98.3
2018-05-14,98.3
2018-05-15,98.2975
2018-05-16,98.2975
2018-05-17,98.2975
2018-05-18,98.3
2018-05-21,98.2975
2018-05-22,98.2975
2018-05-23,98.3
2018-05-24,98.3
2018-05-25,98.3
2018-05-29,98.3
2018-05-30,98.3
2018-05-31,98.3
2018-06-01,98.1775
2018-06-04,98.1725
2018-06-05,98.175
2018-06-06,98.1775
2018-06-07,98.1775
2018-06-08,98.18
2018-06-11,98.1775
2018-06-12,98.1775
2018-06-13,98.18
2018-06-14,98.18
2018-06-15,98.1825
2018-06-18,98.1825
2018-06-19,98.1825
2018-06-20,98.1775
2018-06-21,98.175
2018-06-22,98.175
2018-06-25,98.1775
2018-06-26,98.1775
2018-06-27,98.1775
2018-06-28,98.1775
2018-06-29,98.18
2018-07-02,98.08
2018-07-03,98.0825
2018-07-05,98.0825
2018-07-06,98.085
2018-07-09,98.09
2018-07-10,98.0875
2018-07-11,98.0875
2018-07-12,98.0875
2018-07-13,98.09
2018-07-16,98.085
2018-07-17,98.085
2018-07-18,98.085
2018-07-19,98.085
2018-07-20,98.09
2018-07-23,98.0875
2018-07-24,98.0875
2018-07-25,98.0875
2018-07-26,98.0875
2018-07-27,98.0875
2018-07-30,98.0875
2018-07-31,98.0875
2018-08-01,98.0825
2018-08-02,98.085
2018-08-03,98.085
2018-08-06,98.0875
2018-08-07,98.0875
2018-08-08,98.0875
2018-08-09,98.0875
2018-08-10,98.0875
2018-08-13,98.0875
2018-08-14,98.0875
2018-08-15,98.0875
2018-08-16,98.085
2018-08-17,98.085
2018-08-20,98.085
2018-08-21,98.085
2018-08-22,98.085
2018-08-23,98.085
2018-08-24,98.0825
2018-08-27,98.0825
2018-08-28,98.0825
2018-08-29,98.0825
2018-08-30,98.085
2018-08-31,98.085
2018-09-04,98.0525
2018-09-05,98.0475
2018-09-06,98.0475
2018-09-07,98.05
2018-09-10,98.05
2018-09-11,98.05
2018-09-12,98.0475
2018-09-13,98.0475
2018-09-14,98.0475
2018-09-17,98.0475
2018-09-18,98.045
2018-09-19,98.045
2018-09-20,98.0475
2018-09-21,98.0475
2018-09-24,98.0475
2018-09-25,98.045
2018-09-26,98.045
2018-09-27,98.0425
2018-09-28,98.045
2018-10-01,97.8175
2018-10-02,97.8125
2018-10-03,97.815
2018-10-04,97.815
2018-10-05,97.8125
2018-10-08,97.815
2018-10-09,97.815
2018-10-10,97.815
2018-10-11,97.815
2018-10-12,97.815
2018-10-15,97.815
2018-10-16,97.8175
2018-10-17,97.815
2018-10-18,97.8125
2018-10-19,97.8125
2018-10-22,97.8125
2018-10-23,97.815
2018-10-24,97.81
2018-10-25,97.81
2018-10-26,97.81
2018-10-29,97.81
2018-10-30,97.81
2018-10-31,97.8125
2018-11-01,97.7975
2018-11-02,97.7975
2018-11-05,97.8
2018-11-06,97.7975
2018-11-07,97.7975
2018-11-08,97.795
2018-11-09,97.795
2018-11-12,97.795
2018-11-13,97.8
2018-11-14,97.8
2018-11-15,97.8
2018-11-16,97.8
2018-11-19,97.805
2018-11-20,97.8
2018-11-21,97.8
2018-11-23,97.8
2018-11-26,97.8
2018-11-27,97.8
2018-11-28,97.8
2018-11-29,97.8
2018-11-30,97.8025
2018-12-03,97.7225
2018-12-04,97.725
2018-12-06,97.7275
2018-12-07,97.73
2018-12-10,97.7325
2018-12-11,97.73
2018-12-12,97.7275
2018-12-13,97.73
2018-12-14,97.73
2018-12-17,97.735
2018-12-18,97.735
2018-12-19,97.7225
2018-12-20,97.7225
2018-12-21,97.7225
2018-12-24,97.7225
2018-12-26,97.7225
2018-12-27,97.7225
2018-12-28,97.725
2018-12-31,97.725
2019-01-02,97.6
2019-01-03,97.6
2019-01-04,97.6
2019-01-07,97.5975
2019-01-08,97.6
2019-01-09,97.5975
2019-01-10,97.5975
2019-01-11,97.5975
2019-01-14,97.6
2019-01-15,97.5975
2019-01-16,97.5975
2019-01-17,97.5975
2019-01-18,97.5975
2019-01-22,97.5975
2019-01-23,97.5975
2019-01-24,97.5975
2019-01-25,97.5975
2019-01-28,97.5975
2019-01-29,97.5975
2019-01-30,97.5975
2019-01-31,97.6
2019-02-01,97.6
2019-02-04,97.6
2019-02-05,97.6
2019-02-06,97.5975
2019-02-07,97.6
2019-02-08,97.6025
2019-02-11,97.6
2019-02-12,97.6
2019-02-13,97.6
2019-02-14,97.6
2019-02-15,97.6025
2019-02-19,97.6
2019-02-20,97.6
2019-02-21,97.5975
2019-02-22,97.6
2019-02-25,97.6
2019-02-26,97.5975
2019-02-27,97.5975
2019-02-28,97.5975
2019-03-01,97.5975
2019-03-04,97.595
2019-03-05,97.5975
2019-03-06,97.5975
2019-03-07,97.5975
2019-03-08,97.5975
2019-03-11,97.5975
2019-03-12,97.6
2019-03-13,97.6
2019-03-14,97.6
2019-03-15,97.5975
2019-03-18,97.5975
2019-03-19,97.6
2019-03-20,97.595
2019-03-21,97.595
2019-03-22,97.595
2019-03-25,97.595
2019-03-26,97.595
2019-03-27,97.595
2019-03-28,97.595
2019-03-29,97.595
2019-04-01,97.5925
2019-04-02,97.5925
2019-04-03,97.59
2019-04-04,97.59
2019-04-05,97.59
2019-04-08,97.5925
2019-04-09,97.5925
2019-04-10,97.59
2019-04-11,97.59
2019-04-12,97.59
2019-04-15,97.59
2019-04-16,97.59
2019-04-17,97.585
2019-04-18,97.585
2019-04-22,97.5775
2019-04-23,97.5775
2019-04-24,97.5775
2019-04-25,97.575
2019-04-26,97.575
2019-04-29,97.575
2019-04-30,97.575
2019-05-01,97.6025
2019-05-02,97.595
2019-05-03,97.6
2019-05-06,97.605
2019-05-07,97.605
2019-05-08,97.605
2019-05-09,97.6125
2019-05-10,97.6175
2019-05-13,97.6175
2019-05-14,97.6175
2019-05-15,97.61
2019-05-16,97.6075
2019-05-17,97.61
2019-05-20,97.61
2019-05-21,97.6075
2019-05-22,97.6075
2019-05-23,97.61
2019-05-24,97.61
2019-05-28,97.6125
2019-05-29,97.6075
2019-05-30,97.6075
2019-05-31,97.61
2019-06-03,97.63
2019-06-04,97.635
2019-06-05,97.6325
2019-06-06,97.63
2019-06-07,97.6425
2019-06-10,97.6375
2019-06-11,97.635
2019-06-12,97.635
2019-06-13,97.6425
2019-06-14,97.64
2019-06-17,97.64
2019-06-18,97.6425
2019-06-19,97.6275
2019-06-20,97.625
2019-06-21,97.6225
2019-06-24,97.62
2019-06-25,97.6175
2019-06-26,97.6175
2019-06-27,97.62
2019-06-28,97.6225
2019-07-01,97.63
2019-07-02,97.6225
2019-07-03,97.6175
2019-07-05,97.61
2019-07-08,97.6125
2019-07-09,97.605
2019-07-10,97.6075
2019-07-11,97.605
2019-07-12,97.6075
2019-07-15,97.6075
2019-07-16,97.6025
2019-07-17,97.6
2019-07-18,97.5975
2019-07-19,97.6
2019-07-22,97.6
2019-07-23,97.5975
2019-07-24,97.5975
2019-07-25,97.5975
2019-07-26,97.5975
2019-07-29,97.595
2019-07-30,97.595
2019-07-31,97.595
2019-08-01,97.8475
2019-08-02,97.85
2019-08-05,97.875
2019-08-06,97.865
2019-08-07,97.8725
2019-08-08,97.8725
2019-08-09,97.87
2019-08-12,97.87
2019-08-13,97.8675
2019-08-14,97.875
2019-08-15,97.8825
2019-08-16,97.8725
2019-08-19,97.8675
2019-08-20,97.87
2019-08-21,97.87
2019-08-22,97.8725
2019-08-23,97.8725
2019-08-26,97.8725
2019-08-27,97.8725
2019-08-28,97.8725
2019-08-29,97.8725
2019-08-30,97.8725
2019-09-03,97.985
2019-09-04,97.9925
2019-09-05,97.975
2019-09-06,97.97
2019-09-09,97.975
2019-09-10,97.9725
2019-09-11,97.9675
2019-09-12,97.9675
2019-09-13,97.9575
2019-09-16,97.94
2019-09-17,97.925
2019-09-18,97.9375
2019-09-19,97.945
2019-09-20,97.955
2019-09-23,97.95
2019-09-24,97.945
2019-09-25,97.945
2019-09-26,97.9475
2019-09-27,97.9575
2019-09-30,97.9575
2019-10-01,98.15
2019-10-02,98.145
2019-10-03,98.1525
2019-10-04,98.1625
2019-10-07,98.165
2019-10-08,98.165
2019-10-09,98.1675
2019-10-10,98.1675
2019-10-11,98.1775
2019-10-14,98.175
2019-10-15,98.1675
2019-10-16,98.165
2019-10-17,98.1625
2019-10-18,98.1675
2019-10-21,98.165
2019-10-22,98.16
2019-10-23,98.16
2019-10-24,98.1625
2019-10-25,98.165
2019-10-28,98.165
2019-10-29,98.1675
2019-10-30,98.17
2019-10-31,98.1675
2019-11-01,98.415
2019-11-04,98.42
2019-11-05,98.4225
2019-11-06,98.425
2019-11-07,98.4275
2019-11-08,98.4325
2019-11-11,98.4325
2019-11-12,98.4325
2019-11-13,98.435
2019-11-14,98.4375
2019-11-15,98.44
2019-11-18,98.44
2019-11-19,98.44
2019-11-20,98.4425
2019-11-21,98.4425
2019-11-22,98.4425
2019-11-25,98.445
2019-11-26,98.445
2019-11-27,98.445
2019-11-29,98.445
2019-12-02,98.4325
2019-12-03,98.4375
2019-12-04,98.44
2019-12-05,98.445
2019-12-06,98.4425
2019-12-09,98.4425
2019-12-10,98.44
2019-12-11,98.44
2019-12-12,98.4425
2019-12-13,98.4475
2019-12-16,98.445
2019-12-17,98.445
2019-12-18,98.4425
2019-12-19,98.4425
2019-12-20,98.4475
2019-12-23,98.445
2019-12-24,98.4475
2019-12-26,98.445
2019-12-27,98.445
2019-12-30,98.4475
2019-12-31,98.4475
2020-01-02,98.45
2020-01-03,98.4475
2020-01-06,98.4475
2020-01-07,98.4475
2020-01-08,98.4475
2020-01-09,98.45
2020-01-10,98.4475
2020-01-13,98.45
2020-01-14,98.45
2020-01-15,98.4525
2020-01-16,98.4525
2020-01-17,98.4525
2020-01-21,98.455
2020-01-22,98.45
2020-01-23,98.45
2020-01-24,98.45
2020-01-27,98.45
2020-01-28,98.45
2020-01-29,98.4475
2020-01-30,98.45
2020-01-31,98.45
2020-02-03,98.4125
2020-02-04,98.41
2020-02-05,98.4075
2020-02-06,98.41
2020-02-07,98.4125
2020-02-10,98.415
2020-02-11,98.415
2020-02-12,98.4175
2020-02-13,98.415
2020-02-14,98.4175
2020-02-18,98.4175
2020-02-19,98.4175
2020-02-20,98.415
2020-02-21,98.4175
2020-02-24,98.4175
2020-02-25,98.4175
2020-02-26,98.415
2020-02-27,98.415
2020-02-28,98.415
2020-03-02,98.715
2020-03-03,98.985
2020-03-04,98.9725
2020-03-05,99.035
2020-03-06,99.1225
2020-03-09,99.25
2020-03-10,99.1675
2020-03-11,99.26
2020-03-12,99.29
2020-03-13,99.28
2020-03-16,99.345
2020-03-17,99.3275
2020-03-18,99.305
2020-03-19,99.3025
2020-03-20,99.325
2020-03-23,99.3375
2020-03-24,99.34
2020-03-25,99.3425
2020-03-26,99.345
2020-03-27,99.3475
2020-03-30,99.3475
2020-03-31,99.3475
2020-04-01,99.93
2020-04-02,99.93
2020-04-03,99.9425
2020-04-06,99.9425
2020-04-07,99.945
2020-04-08,99.9425
2020-04-09,99.945
2020-04-13,99.9425
2020-04-14,99.9425
2020-04-15,99.9425
2020-04-16,99.945
2020-04-17,99.945
2020-04-20,99.9475
2020-04-21,99.95
2020-04-22,99.95
2020-04-23,99.9475
2020-04-24,99.9525
2020-04-27,99.9475
2020-04-28,99.9475
2020-04-29,99.9525
2020-04-30,99.95
2020-05-01,99.9525
2020-05-04,99.9525
2020-05-05,99.9525
2020-05-06,99.95
2020-05-07,99.9475
2020-05-08,99.9475
2020-05-11,99.95
2020-05-12,99.9475
2020-05-13,99.9475
2020-05-14,99.9475
2020-05-15,99.95
2020-05-18,99.9475
2020-05-19,99.95
2020-05-20,99.9475
2020-05-21,99.95
2020-05-22,99.95
2020-05-26,99.9475
2020-05-27,99.9475
2020-05-28,99.9475
2020-05-29,99.95
2020-06-01,99.945
2020-06-02,99.945
2020-06-03,99.9425
2020-06-04,99.935
2020-06-05,99.9325
2020-06-08,99.9275
2020-06-09,99.9225
2020-06-10,99.925
2020-06-11,99.925
2020-06-12,99.9175
2020-06-15,99.915
2020-06-16,99.915
2020-06-17,99.9175
2020-06-18,99.9175
2020-06-19,99.9175
2020-06-22,99.9175
2020-06-23,99.92
2020-06-24,99.92
2020-06-25,99.92
2020-06-26,99.92
2020-06-29,99.92
2020-06-30,99.92
2020-07-01,99.925
2020-07-02,99.9175
2020-07-06,99.915
2020-07-07,99.9125
2020-07-08,99.915
2020-07-09,99.915
2020-07-10,99.9125
2020-07-13,99.91
2020-07-14,99.91
2020-07-15,99.91
2020-07-16,99.91
2020-07-17,99.91
2020-07-20,99.9075
2020-07-21,99.9075
2020-07-22,99.9075
2020-07-23,99.9075
2020-07-24,99.9075
2020-07-27,99.91
2020-07-28,99.9075
2020-07-29,99.9075
2020-07-30,99.9075
2020-07-31,99.905
2020-08-03,99.915
2020-08-04,99.9125
2020-08-05,99.9125
2020-08-06,99.9125
2020-08-07,99.91
2020-08-10,99.905
2020-08-11,99.905
2020-08-12,99.905
2020-08-13,99.9075
2020-08-14,99.9025
2020-08-17,99.9025
2020-08-18,99.9025
2020-08-19,99.905
2020-08-20,99.905
2020-08-21,99.9075
2020-08-24,99.9075
2020-08-25,99.905
2020-08-26,99.9025
2020-08-27,99.905
2020-08-28,99.905
2020-08-31,99.905
2020-09-01,99.92
2020-09-02,99.9175
2020-09-03,99.92
2020-09-04,99.9125
2020-09-08,99.91
2020-09-09,99.9125
2020-09-10,99.91
2020-09-11,99.91
2020-09-14,99.91
2020-09-15,99.9075
2020-09-16,99.9075
2020-09-17,99.9075
2020-09-18,99.9075
2020-09-21,99.91
2020-09-22,99.91
2020-09-23,99.9125
2020-09-24,99.9125
2020-09-25,99.9125
2020-09-28,99.91
2020-09-29,99.9075
2020-09-30,99.91
2020-10-01,99.915
2020-10-02,99.9175
2020-10-05,99.9175
2020-10-06,99.915
2020-10-07,99.915
2020-10-08,99.9125
2020-10-09,99.9125
2020-10-12,99.91
2020-10-13,99.91
2020-10-14,99.9125
2020-10-15,99.91
2020-10-16,99.91
2020-10-19,99.91
2020-10-20,99.91
2020-10-21,99.91
2020-10-22,99.91
2020-10-23,99.91
2020-10-26,99.91
2020-10-27,99.91
2020-10-28,99.91
2020-10-29,99.91
2020-10-30,99.91
2020-11-02,99.9125
2020-11-03,99.915
2020-11-04,99.91
2020-11-05,99.91
2020-11-06,99.91
2020-11-09,99.9125
2020-11-10,99.91
2020-11-11,99.91
2020-11-12,99.91
2020-11-13,99.91
2020-11-16,99.9125
2020-11-17,99.91
2020-11-18,99.91
2020-11-19,99.9125
2020-11-20,99.91
2020-11-23,99.91
2020-11-24,99.9125
2020-11-25,99.9125
2020-11-27,99.9125
2020-11-30,99.9125
2020-12-01,99.915
2020-12-02,99.9125
2020-12-03,99.9125
2020-12-04,99.9125
2020-12-07,99.9125
2020-12-08,99.91
2020-12-09,99.91
2020-12-10,99.91
2020-12-11,99.9125
2020-12-14,99.91
2020-12-15,99.91
2020-12-16,99.9125
2020-12-17,99.9075
2020-12-18,99.9075
2020-12-21,99.9075
2020-12-22,99.91
2020-12-23,99.91
2020-12-24,99.9125
2020-12-28,99.9075
2020-12-29,99.9075
2020-12-30,99.9075
2020-12-31,99.9125
2021-01-04,99.915
2021-01-05,99.9125
2021-01-06,99.9125
2021-01-07,99.9125
2021-01-08,99.9125
2021-01-11,99.91
2021-01-12,99.91
2021-01-13,99.91
2021-01-14,99.91
2021-01-15,99.91
2021-01-19,99.91
2021-01-20,99.91
2021-01-21,99.91
2021-01-22,99.91
2021-01-25,99.91
2021-01-26,99.9125
2021-01-27,99.9125
2021-01-28,99.9125
2021-01-29,99.9125
2021-02-01,99.9325
2021-02-02,99.9325
2021-02-03,99.9325
2021-02-04,99.935
2021-02-05,99.935
2021-02-08,99.935
2021-02-09,99.93
2021-02-10,99.93
2021-02-11,99.925
2021-02-12,99.9275
2021-02-16,99.9275
2021-02-17,99.9275
2021-02-18,99.925
2021-02-19,99.9275
2021-02-22,99.925
2021-02-23,99.925
2021-02-24,99.925
2021-02-25,99.925
2021-02-26,99.9225
2021-03-01,99.93
2021-03-02,99.93
2021-03-03,99.93
2021-03-04,99.93
2021-03-05,99.935
2021-03-08,99.93
2021-03-09,99.93
2021-03-10,99.9325
2021-03-11,99.93
2021-03-12,99.93
2021-03-15,99.93
2021-03-16,99.9275
2021-03-17,99.93
2021-03-18,99.93
2021-03-19,99.9325
2021-03-22,99.9325
2021-03-23,99.93
2021-03-24,99.9325
2021-03-25,99.93
2021-03-26,99.93
2021-03-29,99.93
2021-03-30,99.93
2021-03-31,99.93
2021-04-01,99.9375
2021-04-05,99.935
2021-04-06,99.9325
2021-04-07,99.935
2021-04-08,99.9325
2021-04-09,99.9325
2021-04-12,99.93
2021-04-13,99.93
2021-04-14,99.93
2021-04-15,99.9325
2021-04-16,99.93
2021-04-19,99.9325
2021-04-20,99.93
2021-04-21,99.93
2021-04-22,99.93
2021-04-23,99.93
2021-04-26,99.93
2021-04-27,99.9275
2021-04-28,99.93
2021-04-29,99.93
2021-04-30,99.93
2021-05-03,99.925
2021-05-04,99.9325
2021-05-05,99.93
2021-05-06,99.935
2021-05-07,99.9375
2021-05-10,99.9375
2021-05-11,99.9375
2021-05-12,99.9375
2021-05-13,99.9375
2021-05-14,99.9375
2021-05-17,99.94
2021-05-18,99.94
2021-05-19,99.9425
2021-05-20,99.94
2021-05-21,99.94
2021-05-24,99.94
2021-05-25,99.9425
2021-05-26,99.94
2021-05-27,99.94
2021-05-28,99.94
2021-06-01,99.93
2021-06-02,99.93
2021-06-03,99.9325
2021-06-04,99.9325
2021-06-07,99.935
2021-06-08,99.935
2021-06-09,99.9375
2021-06-10,99.935
2021-06-11,99.935
2021-06-14,99.93
2021-06-15,99.93
2021-06-16,99.9175
2021-06-17,99.9225
2021-06-18,99.92
2021-06-21,99.92
2021-06-22,99.9225
2021-06-23,99.9225
2021-06-24,99.92
2021-06-25,99.92
2021-06-28,99.92
2021-06-29,99.9225
2021-06-30,99.92
2021-07-01,99.9025
2021-07-02,99.9025
2021-07-06,99.905
2021-07-07,99.905
2021-07-08,99.9025
2021-07-09,99.9025
2021-07-12,99.9025
2021-07-13,99.905
2021-07-14,99.9025
2021-07-15,99.9025
2021-07-16,99.9025
2021-07-19,99.9025
2021-07-20,99.9
2021-07-21,99.9
2021-07-22,99.9
2021-07-23,99.9
2021-07-26,99.9025
2021-07-27,99.9
2021-07-28,99.9
2021-07-29,99.9
2021-07-30,99.9
2021-08-02,99.9075
2021-08-03,99.905
2021-08-04,99.905
2021-08-05,99.9025
2021-08-06,99.9025
2021-08-09,99.9025
2021-08-10,99.9025
2021-08-11,99.9025
2021-08-12,99.9025
2021-08-13,99.9025
2021-08-16,99.9025
2021-08-17,99.905
2021-08-18,99.9025
2021-08-19,99.905
2021-08-20,99.905
2021-08-23,99.905
2021-08-24,99.905
2021-08-25,99.905
2021-08-26,99.905
2021-08-27,99.905
2021-08-30,99.9075
2021-08-31,99.9075
2021-09-01,99.92
2021-09-02,99.92
2021-09-03,99.925
2021-09-07,99.925
2021-09-08,99.925
2021-09-09,99.925
2021-09-10,99.92
2021-09-13,99.92
2021-09-14,99.9225
2021-09-15,99.9225
2021-09-16,99.9225
2021-09-17,99.92
2021-09-20,99.92
2021-09-21,99.92
2021-09-22,99.92
2021-09-23,99.92
2021-09-24,99.92
2021-09-27,99.92
2021-09-28,99.92
2021-09-29,99.92
2021-09-30,99.92
2021-10-01,99.92
2021-10-04,99.9225
2021-10-05,99.92
2021-10-06,99.92
2021-10-07,99.925
2021-10-08,99.9225
2021-10-11,99.92
2021-10-12,99.92
2021-10-13,99.92
2021-10-14,99.9225
2021-10-15,99.9225
2021-10-18,99.92
2021-10-19,99.9225
2021-10-20,99.9225
2021-10-21,99.92
2021-10-22,99.92
2021-10-25,99.92
2021-10-26,99.92
2021-10-27,99.9225
2021-10-28,99.92
2021-10-29,99.92
2021-11-01,99.925
2021-11-02,99.925
2021-11-03,99.92
2021-11-04,99.9225
2021-11-05,99.9225
2021-11-08,99.92
2021-11-09,99.92
2021-11-10,99.92
2021-11-11,99.92
2021-11-12,99.92
2021-11-15,99.92
2021-11-16,99.9225
2021-11-17,99.92
2021-11-18,99.92
2021-11-19,99.92
2021-11-22,99.92
2021-11-23,99.9175
2021-11-24,99.92
2021-11-26,99.92
2021-11-29,99.92
2021-11-30,99.92
2021-12-01,99.9175
2021-12-02,99.92
2021-12-03,99.92
2021-12-06,99.92
2021-12-07,99.9225
2021-12-08,99.9175
2021-12-09,99.92
2021-12-10,99.9175
2021-12-13,99.92
2021-12-14,99.915
2021-12-15,99.9175
2021-12-16,99.9175
2021-12-17,99.9175
2021-12-20,99.92
2021-12-21,99.92
2021-12-22,99.92
2021-12-23,99.9225
2021-12-27,99.9225
2021-12-28,99.92
2021-12-29,99.92
2021-12-30,99.92
2021-12-31,99.92
2022-01-03,99.9175
2022-01-04,99.9175
2022-01-05,99.9175
2022-01-06,99.9175
2022-01-07,99.9175
2022-01-10,99.915
2022-01-11,99.9175
2022-01-12,99.9175
2022-01-13,99.9175
2022-01-14,99.9175
2022-01-18,99.9175
2022-01-19,99.9175
2022-01-20,99.9175
2022-01-21,99.92
2022-01-24,99.9175
2022-01-25,99.9175
2022-01-26,99.92
2022-01-27,99.92
2022-01-28,99.92
2022-01-31,99.92
2022-02-01,99.9175
2022-02-02,99.92
2022-02-03,99.9175
2022-02-04,99.9075
2022-02-07,99.9125
2022-02-08,99.9125
2022-02-09,99.915
2022-02-10,99.875
2022-02-11,99.8975
2022-02-14,99.9125
2022-02-15,99.915
2022-02-16,99.9175
2022-02-17,99.92
2022-02-18,99.9175
2022-02-22,99.9175
2022-02-23,99.9175
2022-02-24,99.92
2022-02-25,99.92
2022-02-28,99.9175
2022-03-01,99.7925
2022-03-02,99.79
2022-03-03,99.79
2022-03-04,99.795
2022-03-07,99.795
2022-03-08,99.795
2022-03-09,99.785
2022-03-10,99.795
2022-03-11,99.795
2022-03-14,99.785
2022-03-15,99.785
2022-03-16,99.7975
2022-03-17,99.8
2022-03-18,99.7975
2022-03-21,99.7975
2022-03-22,99.7975
2022-03-23,99.7975
2022-03-24,99.7975
2022-03-25,99.8
2022-03-28,99.7975
2022-03-29,99.7975
2022-03-30,99.7975
2022-03-31,99.7975
2022-04-01,99.6575
2022-04-04,99.655
2022-04-05,99.6575
2022-04-06,99.655
2022-04-07,99.6575
2022-04-08,99.655
2022-04-11,99.655
2022-04-12,99.6675
2022-04-13,99.67
2022-04-14,99.67
2022-04-18,99.6675
2022-04-19,99.6675
2022-04-20,99.6675
2022-04-21,99.6675
2022-04-22,99.6675
2022-04-25,99.6675
2022-04-26,99.67
2022-04-27,99.67
2022-04-28,99.67
2022-04-29,99.67
2022-05-02,99.22
2022-05-03,99.2175
2022-05-04,99.23
2022-05-05,99.23
2022-05-06,99.2325
2022-05-09,99.23
2022-05-10,99.2325
2022-05-11,99.235
2022-05-12,99.235
2022-05-13,99.235
2022-05-16,99.235
2022-05-17,99.2325
2022-05-18,99.235
2022-05-19,99.2325
2022-05-20,99.235
2022-05-23,99.2325
2022-05-24,99.2325
2022-05-25,99.235
2022-05-26,99.2325
2022-05-27,99.2325
2022-05-31,99.235
2022-06-01,98.9175
2022-06-02,98.915
2022-06-03,98.915
2022-06-06,98.9125
2022-06-07,98.9125
2022-06-08,98.9125
2022-06-09,98.91
2022-06-10,98.8975
2022-06-13,98.8925
2022-06-14,98.81
2022-06-15,98.7925
2022-06-16,98.7925
2022-06-17,98.7925
2022-06-21,98.7925
2022-06-22,98.7925
2022-06-23,98.7925
2022-06-24,98.795
2022-06-27,98.7925
2022-06-28,98.7925
2022-06-29,98.7925
2022-06-30,98.795
2022-07-01,98.325
2022-07-05,98.325
2022-07-06,98.325
2022-07-07,98.3225
2022-07-08,98.32
2022-07-11,98.32
2022-07-12,98.32
2022-07-13,98.2975
2022-07-14,98.3075
2022-07-15,98.315
2022-07-18,98.315
2022-07-19,98.315
2022-07-20,98.315
2022-07-21,98.3175
2022-07-22,98.32
2022-07-25,98.32
2022-07-26,98.3175
2022-07-27,98.3225
2022-07-28,98.325
2022-07-29,98.325
2022-08-01,97.6675
2022-08-02,97.6675
2022-08-03,97.6675
2022-08-04,97.665
2022-08-05,97.655
2022-08-08,97.655
2022-08-09,97.655
2022-08-10,97.665
2022-08-11,97.6675
2022-08-12,97.6675
2022-08-15,97.6675
2022-08-16,97.6675
2022-08-17,97.67
2022-08-18,97.6675
2022-08-19,97.6675
2022-08-22,97.6675
2022-08-23,97.6675
2022-08-24,97.6675
2022-08-25,97.67
2022-08-26,97.6675
2022-08-29,97.6675
2022-08-30,97.6675
2022-08-31,97.6675
2022-09-01,97.46
2022-09-02,97.4725
2022-09-06,97.46
2022-09-07,97.46
2022-09-08,97.4525
2022-09-09,97.45
2022-09-12,97.4475
2022-09-13,97.42
2022-09-14,97.4275
2022-09-15,97.4275
2022-09-16,97.4325
2022-09-19,97.4325
2022-09-20,97.4325
2022-09-21,97.445
2022-09-22,97.4425
2022-09-23,97.4425
2022-09-26,97.4425
2022-09-27,97.4425
2022-09-28,97.4425
2022-09-29,97.4425
2022-09-30,97.4425
2022-10-03,96.9175
2022-10-04,96.9175
2022-10-05,96.9175
2022-10-06,96.9175
2022-10-07,96.92
2022-10-10,96.9175
2022-10-11,96.9175
2022-10-12,96.9175
2022-10-13,96.9175
2022-10-14,96.9175
2022-10-17,96.9175
2022-10-18,96.9175
2022-10-19,96.92
2022-10-20,96.9175
2022-10-21,96.9175
2022-10-24,96.9175
2022-10-25,96.9175
2022-10-26,96.9175
2022-10-27,96.9175
2022-10-28,96.9175
2022-10-31,96.92
2022-11-01,96.215
2022-11-02,96.2175
2022-11-03,96.215
2022-11-04,96.215
2022-11-07,96.215
2022-11-08,96.2175
2022-11-09,96.215
2022-11-10,96.22
2022-11-11,96.2175
2022-11-14,96.22
2022-11-15,96.2175
2022-11-16,96.2175
2022-11-17,96.2175
2022-11-18,96.2175
2022-11-21,96.2175
2022-11-22,96.2175
2022-11-23,96.2175
2022-11-25,96.2175
2022-11-28,96.22
2022-11-29,96.22
2022-11-30,96.2175
2022-12-01,95.8775
2022-12-02,95.8825
2022-12-05,95.88
2022-12-06,95.8825
2022-12-07,95.8825
2022-12-08,95.885
2022-12-09,95.8825
2022-12-12,95.8825
2022-12-13,95.8925
2022-12-14,95.8925
2022-12-15,95.8925
2022-12-16,95.895
2022-12-19,95.895
2022-12-20,95.8975
2022-12-21,95.895
2022-12-22,95.895
2022-12-23,95.895
2022-12-27,95.895
2022-12-28,95.895
2022-12-29,95.8975
2022-12-30,95.8975
2023-01-03,95.6675
2023-01-04,95.6675
2023-01-05,95.6675
2023-01-06,95.6675
2023-01-09,95.6675
2023-01-10,95.6675
2023-01-11,95.6675
2023-01-12,95.6675
2023-01-13,95.6675
2023-01-17,95.6675
2023-01-18,95.6675
2023-01-19,95.67
2023-01-20,95.6675
2023-01-23,95.67
2023-01-24,95.67
2023-01-25,95.6675
2023-01-26,95.67
2023-01-27,95.67
2023-01-30,95.67
2023-01-31,95.6675
2023-02-01,95.4275
2023-02-02,95.4275
2023-02-03,95.4275
2023-02-06,95.425
2023-02-07,95.43
2023-02-08,95.43
2023-02-09,95.4275
2023-02-10,95.43
2023-02-13,95.43
2023-02-14,95.4275
2023-02-15,95.4275
2023-02-16,95.4275
2023-02-17,95.4275
2023-02-21,95.4275
2023-02-22,95.4275
2023-02-23,95.4275
2023-02-24,95.43
2023-02-27,95.4275
2023-02-28,95.4275
2023-03-01,95.335
2023-03-02,95.3325
2023-03-03,95.3325
2023-03-06,95.3325
2023-03-07,95.3075
2023-03-08,95.2975
2023-03-09,95.305
2023-03-10,95.3375
2023-03-13,95.395
2023-03-14,95.3625
2023-03-15,95.3825
2023-03-16,95.365
2023-03-17,95.375
2023-03-20,95.37
2023-03-21,95.365
2023-03-22,95.3525
2023-03-23,95.3525
2023-03-24,95.3525
2023-03-27,95.35
2023-03-28,95.35
2023-03-29,95.35
2023-03-30,95.35
2023-03-31,95.35
2023-04-03,95.185
2023-04-04,95.1825
2023-04-05,95.185
2023-04-06,95.18
2023-04-10,95.1725
2023-04-11,95.1725
2023-04-12,95.1725
2023-04-13,95.1725
2023-04-14,95.17
2023-04-17,95.17
2023-04-18,95.17
2023-04-19,95.17
2023-04-20,95.17
2023-04-21,95.17
2023-04-24,95.17
2023-04-25,95.17
2023-04-26,95.1725
2023-04-27,95.17
2023-04-28,95.17
2023-05-01,94.9575
2023-05-02,94.9775
2023-05-03,94.9525
2023-05-04,94.9625
2023-05-05,94.955
2023-05-08,94.9525
2023-05-09,94.95
2023-05-10,94.9525
2023-05-11,94.9475
2023-05-12,94.9475
2023-05-15,94.9475
2023-05-16,94.945
2023-05-17,94.945
2023-05-18,94.945
2023-05-19,94.9425
2023-05-22,94.9425
2023-05-23,94.9425
2023-05-24,94.9425
2023-05-25,94.945
2023-05-26,94.9425
2023-05-30,94.9425
2023-05-31,94.945
2023-06-01,94.8825
2023-06-02,94.875
2023-06-05,94.8825
2023-06-06,94.89
2023-06-07,94.885
2023-06-08,94.885
2023-06-09,94.88
2023-06-12,94.885
2023-06-13,94.9075
2023-06-14,94.9175
2023-06-15,94.9175
2023-06-16,94.92
2023-06-20,94.92
2023-06-21,94.92
2023-06-22,94.92
2023-06-23,94.9225
2023-06-26,94.9225
2023-06-27,94.925
2023-06-28,94.925
2023-06-29,94.9225
2023-06-30,94.925
2023-07-03,94.89
2023-07-05,94.8925
2023-07-06,94.89
2023-07-07,94.8875
2023-07-10,94.8875
2023-07-11,94.8875
2023-07-12,94.89
2023-07-13,94.8875
2023-07-14,94.885
2023-07-17,94.8825
2023-07-18,94.8825
2023-07-19,94.8825
2023-07-20,94.885
2023-07-21,94.885
2023-07-24,94.8825
2023-07-25,94.88
2023-07-26,94.88
2023-07-27,94.88
2023-07-28,94.88
2023-07-31,94.88
2023-08-01,94.67
2023-08-02,94.67
2023-08-03,94.67
2023-08-04,94.6725
2023-08-07,94.6725
2023-08-08,94.67
2023-08-09,94.67
2023-08-10,94.6725
2023-08-11,94.67
2023-08-14,94.67
2023-08-15,94.67
2023-08-16,94.67
2023-08-17,94.67
2023-08-18,94.6725
2023-08-21,94.67
2023-08-22,94.67
2023-08-23,94.67
2023-08-24,94.6725
2023-08-25,94.67
2023-08-28,94.67
2023-08-29,94.67
2023-08-30,94.67
2023-08-31,94.67
2023-09-01,94.665
2023-09-05,94.6625
2023-09-06,94.6625
2023-09-07,94.6625
2023-09-08,94.6625
2023-09-11,94.6625
2023-09-12,94.6625
2023-09-13,94.665
2023-09-14,94.665
2023-09-15,94.6675
2023-09-18,94.6675
2023-09-19,94.6675
2023-09-20,94.6725
2023-09-21,94.67
2023-09-22,94.67
2023-09-25,94.67
2023-09-26,94.67
2023-09-27,94.67
2023-09-28,94.67
2023-09-29,94.67
2023-10-02,94.6725
2023-10-03,94.67
2023-10-04,94.6725
2023-10-05,94.67
2023-10-06,94.67
2023-10-09,94.67
2023-10-10,94.6725
2023-10-11,94.67
2023-10-12,94.6725
2023-10-13,94.67
2023-10-16,94.67
2023-10-17,94.6725
2023-10-18,94.67
2023-10-19,94.67
2023-10-20,94.67
2023-10-23,94.67
2023-10-24,94.67
2023-10-25,94.67
2023-10-26,94.67
2023-10-27,94.67
2023-10-30,94.67
2023-10-31,94.6725
2023-11-01,94.6725
2023-11-02,94.67
2023-11-03,94.67
2023-11-06,94.6725
2023-11-07,94.67
2023-11-08,94.6725
2023-11-09,94.67
2023-11-10,94.67
2023-11-13,94.67
2023-11-14,94.67
2023-11-15,94.6725
2023-11-16,94.67
2023-11-17,94.6725
2023-11-20,94.67
2023-11-21,94.67
2023-11-22,94.67
2023-11-23,94.67
2023-11-24,94.6725
2023-11-27,94.67
2023-11-28,94.67
2023-11-29,94.67
2023-11-30,94.67
2023-12-01,94.67
2023-12-04,94.67
2023-12-05,94.6675
2023-12-06,94.67
2023-12-07,94.6675
2023-12-08,94.6675
2023-12-11,94.67
2023-12-12,94.6675
2023-12-13,94.67
2023-12-14,94.67
2023-12-15,94.67
2023-12-18,94.67
2023-12-19,94.6675
2023-12-20,94.6675
2023-12-21,94.67
2023-12-22,94.6725
2023-12-26,94.67
2023-12-27,94.67
2023-12-28,94.67
2023-12-29,94.67
2024-01-02,94.67
2024-01-03,94.6725
2024-01-04,94.67
2024-01-05,94.67
2024-01-08,94.6725
2024-01-09,94.6725
2024-01-10,94.67
2024-01-11,94.67
2024-01-12,94.6725
2024-01-16,94.6725
2024-01-17,94.6725
2024-01-18,94.6725
2024-01-19,94.67
2024-01-22,94.67
2024-01-23,94.67
2024-01-24,94.67
2024-01-25,94.67
2024-01-26,94.6725
2024-01-29,94.67
2024-01-30,94.67
2024-01-31,94.67
2024-02-01,94.68
2024-02-02,94.68
2024-02-05,94.6775
2024-02-06,94.6775
2024-02-07,94.6775
2024-02-08,94.6775
2024-02-09,94.675
2024-02-12,94.675
2024-02-13,94.6725
2024-02-14,94.67
2024-02-15,94.67
2024-02-16,94.67
2024-02-20,94.67
2024-02-21,94.67
2024-02-22,94.67
2024-02-23,94.6725
2024-02-26,94.67
2024-02-27,94.67
2024-02-28,94.67
2024-02-29,94.67
2024-03-01,94.6725
2024-03-04,94.6725
2024-03-05,94.6725
2024-03-06,94.675
2024-03-07,94.6725
2024-03-08,94.675
2024-03-11,94.6725
2024-03-12,94.67
2024-03-13,94.67
2024-03-14,94.67
2024-03-15,94.67
2024-03-18,94.67
2024-03-19,94.67
2024-03-20,94.67
2024-03-21,94.67
2024-03-22,94.6725
2024-03-25,94.67
2024-03-26,94.67
2024-03-27,94.6675
2024-03-28,94.6675
2024-04-01,94.67
2024-04-02,94.6725
2024-04-03,94.67
2024-04-04,94.675
2024-04-05,94.6725
2024-04-08,94.6725
2024-04-09,94.67
2024-04-10,94.67
2024-04-11,94.67
2024-04-12,94.6725
2024-04-15,94.6725
2024-04-16,94.6725
2024-04-17,94.67
2024-04-18,94.67
2024-04-19,94.67
2024-04-22,94.67
2024-04-23,94.67
2024-04-24,94.67
2024-04-25,94.6725
2024-04-26,94.67
2024-04-29,94.67
2024-04-30,94.67
2024-05-01,94.6725
2024-05-02,94.6725
2024-05-03,94.6725
2024-05-06,94.6725
2024-05-07,94.67
2024-05-08,94.67
2024-05-09,94.67
2024-05-10,94.67
2024-05-13,94.6725
2024-05-14,94.67
2024-05-15,94.6725
2024-05-16,94.6725
2024-05-17,94.6725
2024-05-20,94.6725
2024-05-21,94.67
2024-05-22,94.67
2024-05-23,94.6725
2024-05-24,94.67
2024-05-28,94.67
2024-05-29,94.67
2024-05-30,94.67
2024-05-31,94.67
2024-06-03,94.6725
2024-06-04,94.6725
2024-06-05,94.6725
2024-06-06,94.675
2024-06-07,94.6725
2024-06-10,94.67
2024-06-11,94.67
2024-06-12,94.67
2024-06-13,94.67
2024-06-14,94.67
2024-06-17,94.6725
2024-06-18,94.67
2024-06-20,94.67
2024-06-21,94.6675
2024-06-24,94.67
2024-06-25,94.67
2024-06-26,94.6675
2024-06-27,94.6675
2024-06-28,94.6675
2024-07-01,94.6725
2024-07-02,94.67
2024-07-03,94.67
2024-07-05,94.6725
2024-07-08,94.67
2024-07-09,94.67
2024-07-10,94.6725
2024-07-11,94.67
2024-07-12,94.67
2024-07-15,94.67
2024-07-16,94.67
2024-07-17,94.67
2024-07-18,94.67
2024-07-19,94.67
2024-07-22,94.67
2024-07-23,94.67
2024-07-24,94.67
2024-07-25,94.67
2024-07-26,94.67
2024-07-29,94.67
2024-07-30,94.67
2024-07-31,94.67
2024-08-01,94.685
2024-08-02,94.7
2024-08-05,94.7075
2024-08-06,94.69
2024-08-07,94.6875
2024-08-08,94.6825
2024-08-09,94.6775
2024-08-12,94.68
2024-08-13,94.6775
2024-08-14,94.675
2024-08-15,94.6725
2024-08-16,94.6725
2024-08-19,94.67
2024-08-20,94.6725
2024-08-21,94.67
2024-08-22,94.67
2024-08-23,94.67
2024-08-26,94.67
2024-08-27,94.67
2024-08-28,94.67
2024-08-29,94.67
2024-08-30,94.67
2024-09-03,94.8075
2024-09-04,94.815
2024-09-05,94.81
2024-09-06,94.7975
2024-09-09,94.7975
2024-09-10,94.8
2024-09-11,94.78
2024-09-12,94.7925
2024-09-13,94.8125
2024-09-16,94.8275
2024-09-17,94.8275
2024-09-18,94.87
2024-09-19,94.87
2024-09-20,94.87
2024-09-23,94.87
2024-09-24,94.8725
2024-09-25,94.87
2024-09-26,94.87
2024-09-27,94.87
2024-09-30,94.87
2024-10-01,95.1775
2024-10-02,95.18
2024-10-03,95.1775
2024-10-04,95.1775
2024-10-07,95.175
2024-10-08,95.175
2024-10-09,95.1725
2024-10-10,95.1725
2024-10-11,95.1725
2024-10-14,95.17
2024-10-15,95.17
2024-10-16,95.17
2024-10-17,95.17
2024-10-18,95.17
2024-10-21,95.17
2024-10-22,95.17
2024-10-23,95.17
2024-10-24,95.1725
2024-10-25,95.17
2024-10-28,95.17
2024-10-29,95.17
2024-10-30,95.1725
2024-10-31,95.17
2024-11-01,95.3575
2024-11-04,95.3575
2024-11-05,95.3575
2024-11-06,95.3575
2024-11-07,95.365
2024-11-08,95.365
2024-11-11,95.36
2024-11-12,95.36
2024-11-13,95.3625
2024-11-14,95.3625
2024-11-15,95.3625
2024-11-18,95.3625
2024-11-19,95.36
2024-11-20,95.36
2024-11-21,95.36
2024-11-22,95.36
2024-11-25,95.36
2024-11-26,95.36
2024-11-27,95.3625
2024-11-29,95.36
2024-12-02,95.4825
2024-12-03,95.495
2024-12-04,95.4975
2024-12-05,95.4975
2024-12-06,95.51
2024-12-09,95.5075
2024-12-10,95.5075
2024-12-11,95.52
2024-12-12,95.52
2024-12-13,95.5175
2024-12-16,95.52
2024-12-17,95.52
2024-12-18,95.5275
2024-12-19,95.525
2024-12-20,95.525
2024-12-23,95.525
2024-12-24,95.5225
2024-12-26,95.5225
2024-12-27,95.5225
2024-12-30,95.525
2024-12-31,95.525
2025-01-02,95.6725
2025-01-03,95.67
2025-01-06,95.67
2025-01-07,95.67
2025-01-08,95.6725
2025-01-09,95.67
2025-01-10,95.6725
2025-01-13,95.67
2025-01-14,95.67
2025-01-15,95.67
2025-01-16,95.67
2025-01-17,95.67
2025-01-21,95.67
2025-01-22,95.6725
2025-01-23,95.6725
2025-01-24,95.67
2025-01-27,95.67
2025-01-28,95.67
2025-01-29,95.6725
2025-01-30,95.67
2025-01-31,95.6725
2025-02-03,95.675
2025-02-04,95.675
2025-02-05,95.6725
2025-02-06,95.67
2025-02-07,95.67
2025-02-10,95.67
2025-02-11,95.6725
2025-02-12,95.6725
2025-02-13,95.67
2025-02-14,95.6725
2025-02-18,95.6725
2025-02-19,95.6725
2025-02-20,95.6725
2025-02-21,95.67
2025-02-24,95.67
2025-02-25,95.67
2025-02-26,95.67
2025-02-27,95.67
2025-02-28,95.67
2025-03-03,95.6775
2025-03-04,95.675
2025-03-05,95.6725
2025-03-06,95.68
2025-03-07,95.67
2025-03-10,95.6725
2025-03-11,95.6725
2025-03-12,95.67
2025-03-13,95.67
2025-03-14,95.67
2025-03-17,95.6725
2025-03-18,95.67
2025-03-19,95.67
2025-03-20,95.6725
2025-03-21,95.6725
2025-03-24,95.6725
2025-03-25,95.6675
2025-03-26,95.6725
2025-03-27,95.67
2025-03-28,95.67
2025-03-31,95.6675
2025-04-01,95.6725
2025-04-02,95.67
2025-04-03,95.6775
2025-04-04,95.685
2025-04-07,95.695
2025-04-08,95.705
2025-04-09,95.6775
2025-04-10,95.6875
2025-04-11,95.68
2025-04-14,95.675
2025-04-15,95.6725
2025-04-16,95.6725
2025-04-17,95.67
2025-04-21,95.67
2025-04-22,95.67
2025-04-23,95.67
2025-04-24,95.67
2025-04-25,95.67
2025-04-28,95.67
2025-04-29,95.67
2025-04-30,95.67
2025-05-01,95.685
2025-05-02,95.675
2025-05-05,95.6725
2025-05-06,95.6725
2025-05-07,95.67
2025-05-08,95.67
2025-05-09,95.67
2025-05-12,95.6725
2025-05-13,95.6725
2025-05-14,95.6725
2025-05-15,95.6725
2025-05-16,95.67
2025-05-19,95.67
2025-05-20,95.67
2025-05-21,95.67
2025-05-22,95.67
2025-05-23,95.67
2025-05-27,95.67
2025-05-28,95.67
2025-05-29,95.67
2025-05-30,95.67
2025-06-02,95.675
2025-06-03,95.675
2025-06-04,95.6725
2025-06-05,95.6725
2025-06-06,95.67
2025-06-09,95.67
2025-06-10,95.67
2025-06-11,95.67
2025-06-12,95.67
2025-06-13,95.6725
2025-06-16,95.67
2025-06-17,95.67
2025-06-18,95.67
2025-06-20,95.67
2025-06-23,95.67
2025-06-24,95.67
2025-06-25,95.67
2025-06-26,95.67
2025-06-27,95.67
2025-06-30,95.67
2025-07-01,95.67
2025-07-02,95.6725
2025-07-03,95.67
2025-07-04,95.67
2025-07-07,95.67
2025-07-08,95.67
2025-07-09,95.67
2025-07-10,95.6725
2025-07-11,95.6725
2025-07-14,95.67
2025-07-15,95.67
2025-07-16,95.67
2025-07-17,95.67
2025-07-18,95.67
2025-07-21,95.67
2025-07-22,95.67
2025-07-23,95.67
2025-07-24,95.67
2025-07-25,95.67
2025-07-28,95.67
2025-07-29,95.6725
2025-07-30,95.6675
2025-07-31,95.67
2025-08-01,95.6775
2025-08-04,95.6775
2025-08-05,95.6725
2025-08-06,95.6725
2025-08-07,95.675
2025-08-08,95.6725
2025-08-11,95.67
2025-08-12,95.67
2025-08-13,95.67
2025-08-14,95.67
2025-08-15,95.6725
2025-08-18,95.67
2025-08-19,95.67
2025-08-20,95.67
2025-08-21,95.67
2025-08-22,95.67
2025-08-25,95.6675
2025-08-26,95.6725
2025-08-27,95.67
2025-08-28,95.67
2025-08-29,95.67
2025-09-02,95.77
2025-09-03,95.775
2025-09-04,95.7725
2025-09-05,95.7875
2025-09-08,95.785
2025-09-09,95.785
2025-09-10,95.785
2025-09-11,95.785
2025-09-12,95.785
2025-09-15,95.7825
2025-09-16,95.78
2025-09-17,95.7775
2025-09-18,95.775
2025-09-19,95.7775
2025-09-22,95.7775
2025-09-23,95.775
2025-09-24,95.775
2025-09-25,95.775
2025-09-26,95.7725
2025-09-29,95.775
2025-09-30,95.775
2025-10-01,95.9225
2025-10-02,95.92
2025-10-03,95.92
2025-10-06,95.92
2025-10-07,95.9225
2025-10-08,95.92
2025-10-09,95.915
2025-10-10,95.915
2025-10-13,95.915
2025-10-14,95.9175
2025-10-15,95.9075
2025-10-16,95.9125
2025-10-17,95.9125
2025-10-20,95.9125
2025-10-21,95.91
2025-10-22,95.9125
2025-10-23,95.91
2025-10-24,95.91
2025-10-27,95.9125
2025-10-28,95.915
2025-10-29,95.91
2025-10-30,95.91
2025-10-31,95.9125
2025-11-03,96.12
2025-11-04,96.125
2025-11-05,96.1225
2025-11-06,96.1275
2025-11-07,96.1275
2025-11-10,96.125
2025-11-11,96.1225
2025-11-12,96.1225
2025-11-13,96.125
2025-11-14,96.125
2025-11-17,96.12
2025-11-18,96.12
2025-11-19,96.1225
2025-11-20,96.12
2025-11-21,96.12
2025-11-24,96.1225
2025-11-25,96.125
2025-11-26,96.125
2025-11-28,96.1225
2025-12-01,96.26
2025-12-02,96.265
2025-12-03,96.27
2025-12-04,96.2675
2025-12-05,96.2625
2025-12-08,96.2675
2025-12-09,96.27
2025-12-10,96.2775
2025-12-11,96.2775
2025-12-12,96.2775
2025-12-15,96.2775
2025-12-16,96.275
2025-12-17,96.275
2025-12-18,96.2775
2025-12-19,96.275
2025-12-22,96.275
2025-12-23,96.2775
2025-12-24,96.2775
2025-12-26,96.2775
2025-12-29,96.2775
2025-12-30,96.2775
2025-12-31,96.2775
2026-01-02,96.3675
2026-01-05,96.3675
2026-01-06,96.36
2026-01-07,96.3625
2026-01-08,96.36
2026-01-09,96.36
2026-01-12,96.36
2026-01-13,96.36
2026-01-14,96.36
2026-01-15,96.36
2026-01-16,96.36
2026-01-20,96.3625
2026-01-21,96.36
2026-01-22,96.36
2026-01-23,96.36
2026-01-26,96.36
2026-01-27,96.36
2026-01-28,96.3625
2026-01-29,96.36
2026-01-30,96.36
2026-02-02,96.3625
2026-02-03,96.365
2026-02-04,96.36
2026-02-05,96.365
2026-02-06,96.3625
2026-02-09,96.36
2026-02-10,96.3625
2026-02-11,96.3625
2026-02-12,96.3625
2026-02-13,96.36
2026-02-17,96.36
2026-02-18,96.3625
2026-02-19,96.36
2026-02-20,96.36
2026-02-23,96.36
2026-02-24,96.3625
2026-02-25,96.36
2026-02-26,96.3625
2026-02-27,96.36
2026-03-02,96.365
2026-03-03,96.365
2026-03-04,96.36
2026-03-05,96.3625
2026-03-06,96.3625
2026-03-09,96.36
2026-03-10,96.3625
2026-03-11,96.36
2026-03-12,96.36
2026-03-13,96.3625
2026-03-16,96.3625
2026-03-17,96.3575
2026-03-18,96.36
2026-03-19,96.3575
2026-03-20,96.36
2026-03-23,96.36
2026-03-24,96.3575
2026-03-25,96.3575
2026-03-26,96.36
2026-03-27,96.36
2026-03-30,96.36
2026-03-31,96.3575
2026-04-01,96.3575
2026-04-02,96.36
2026-04-06,96.3575
2026-04-07,96.36
2026-04-08,96.3575
2026-04-09,96.36
2026-04-10,96.36
2026-04-13,96.3575
2026-04-14,96.3575
2026-04-15,96.3575
2026-04-16,96.36
2026-04-17,96.3575
2026-04-20,96.36
2026-04-21,96.36
2026-04-22,96.36
2026-04-23,96.3575
2026-04-24,96.3575
2026-04-27,96.36
2026-04-28,96.3575
2026-04-29,96.3575
2026-04-30,96.36
2026-05-01,96.3575
2026-05-04,96.36
2026-05-05,96.36
2026-05-06,96.36
2026-05-07,96.365
2026-05-08,96.3675
2026-05-11,96.3675
2026-05-12,96.365
2026-05-13,96.3675
2026-05-14,96.37
2026-05-15,96.3725
2026-05-18,96.3725
2026-05-19,96.37
2026-05-20,96.37
2026-05-21,96.3725
2026-05-22,96.3725
2026-05-26,96.37
2026-05-27,96.3725
2026-05-28,96.3725
2026-05-29,96.37
2026-06-01,96.375
2026-06-02,96.3775
2026-06-03,96.38
2026-06-04,96.3825
2026-06-05,96.3775
2026-06-08,96.38
2026-06-09,96.3775
2026-06-10,96.38
2026-06-11,96.38
2026-06-12,96.38
2026-06-15,96.3775
2026-06-16,96.3775
2026-06-17,96.3725
2026-06-18,96.375
2026-06-22,96.3725
2026-06-23,96.3725
2026-06-24,96.3725
2026-06-25,96.375
2026-06-26,96.3725
2026-06-29,96.3725
2026-06-30,96.375
2026-07-01,96.3675
2026-07-02,96.3675
2026-07-06,96.365
2026-07-07,96.3675
2026-07-08,96.3675
2026-07-09,96.3725
2026-07-10,96.37
2026-07-13,96.3675
2026-07-14,96.3725
2026-07-15,96.37
2026-07-16,96.3725
2026-07-17,96.37
2026-07-20,96.3725
2026-07-21,96.37
2026-07-22,96.365
2026-07-23,96.365
2026-07-24,96.3675
2026-07-27,96.365
2026-07-28,96.3675
2026-07-29,96.37
2026-07-30,96.37
2026-07-31,96.3725
2026-08-03,96.365
2026-08-04,96.3675
2026-08-05,96.3675
2026-08-06,96.365
2026-08-07,96.3675
2026-08-10,96.25
