date,adj_close,split_adj_close
2002-01-02,33.798095703125,40.11000061035156
2002-01-03,34.9693489074707,41.5
2002-01-04,35.11259841918945,41.66999816894531
2002-01-07,34.72499465942383,41.209999084472656
2002-01-08,34.960933685302734,41.4900016784668
2002-01-09,34.640716552734375,41.11000061035156
2002-01-10,34.86823272705078,41.380001068115234
2002-01-11,34.4216423034668,40.849998474121094
2002-01-14,33.67170715332031,39.959999084472656
2002-01-15,33.99190139770508,40.34000015258789
2002-01-16,32.67738723754883,38.779998779296875
2002-01-17,33.410491943359375,39.650001525878906
2002-01-18,32.51728820800781,38.59000015258789
2002-01-22,31.51453971862793,37.400001525878906
2002-01-23,32.38246536254883,38.43000030517578
2002-01-24,32.812217712402344,38.939998626708984
2002-01-25,32.71952438354492,38.83000183105469
2002-01-28,32.90489959716797,39.04999923706055
2002-01-29,32.003257751464844,37.97999954223633
2002-01-30,32.247650146484375,38.27000045776367
2002-01-31,32.44987487792969,38.5099983215332
2002-02-01,32.13811111450195,38.13999938964844
2002-02-04,31.11009979248047,36.91999816894531
2002-02-05,30.59608268737793,36.310001373291016
2002-02-06,30.385414123535156,36.060001373291016
2002-02-07,29.65232276916504,35.189998626708984
2002-02-08,30.478105545043945,36.16999816894531
2002-02-11,30.865726470947266,36.630001068115234
2002-02-12,30.6129093170166,36.33000183105469
2002-02-13,31.135372161865234,36.95000076293945
2002-02-14,31.076358795166016,36.880001068115234
2002-02-15,30.14948081970215,35.779998779296875
2002-02-19,29.222583770751953,34.68000030517578
2002-02-20,29.61863136291504,35.150001525878906
2002-02-21,28.21141815185547,33.47999954223633
2002-02-22,28.35466957092285,33.650001525878906
2002-02-25,29.50065040588379,35.0099983215332
2002-02-26,29.391109466552734,34.880001068115234
2002-02-27,28.986652374267578,34.400001525878906
2002-02-28,28.464218139648438,33.779998779296875
2002-03-01,30.115774154663086,35.7400016784668
2002-03-04,31.30389976501465,37.150001525878906
2002-03-05,31.53140640258789,37.41999816894531
2002-03-06,31.683086395263672,37.599998474121094
2002-03-07,31.75048065185547,37.68000030517578
2002-03-08,32.58468246459961,38.66999816894531
2002-03-11,32.46673583984375,38.529998779296875
2002-03-12,32.0201301574707,38.0
2002-03-13,31.244905471801758,37.08000183105469
2002-03-14,31.059524536132812,36.86000061035156
2002-03-15,31.371294021606445,37.22999954223633
2002-03-18,31.54825782775879,37.439998626708984
2002-03-19,31.49770736694336,37.380001068115234
2002-03-20,30.385414123535156,36.060001373291016
2002-03-21,31.194358825683594,37.02000045776367
2002-03-22,30.907861709594727,36.68000030517578
2002-03-25,29.964096069335938,35.560001373291016
2002-03-26,30.242183685302734,35.88999938964844
2002-03-27,30.0062313079834,35.61000061035156
2002-03-28,30.385414123535156,36.060001373291016
2002-04-01,30.966848373413086,36.75
2002-04-02,29.56806755065918,35.09000015258789
2002-04-03,29.517507553100586,35.029998779296875
2002-04-04,29.290006637573242,34.7599983215332
2002-04-05,28.961362838745117,34.369998931884766
2002-04-08,29.323701858520508,34.79999923706055
2002-04-09,28.304107666015625,33.59000015258789
2002-04-10,28.51476287841797,33.84000015258789
2002-04-11,27.806964874267578,33.0
2002-04-12,28.245132446289062,33.52000045776367
2002-04-15,28.472644805908203,33.790000915527344
2002-04-16,29.6607608795166,35.20000076293945
2002-04-17,29.50907325744629,35.02000045776367
2002-04-18,28.944509506225586,34.349998474121094
2002-04-19,29.037202835083008,34.459999084472656
2002-04-22,28.304107666015625,33.59000015258789
2002-04-23,27.815383911132812,33.0099983215332
2002-04-24,27.385635375976562,32.5
2002-04-25,27.318239212036133,32.41999816894531
2002-04-26,26.155393600463867,31.040000915527344
2002-04-29,26.222810745239258,31.1200008392334
2002-04-30,26.73681640625,31.729999542236328
2002-05-01,26.59356117248535,31.559999465942383
2002-05-02,25.708797454833984,30.510000228881836
2002-05-03,25.059967041015625,29.739999771118164
2002-05-06,24.4111328125,28.969999313354492
2002-05-07,24.183631896972656,28.700000762939453
2002-05-08,26.77051544189453,31.770000457763672
2002-05-09,26.079557418823242,30.950000762939453
2002-05-10,24.90828514099121,29.559999465942383
2002-05-13,25.919458389282227,30.760000228881836
2002-05-14,27.444623947143555,32.56999969482422
2002-05-15,27.6468563079834,32.810001373291016
2002-05-16,27.688989639282227,32.86000061035156
2002-05-17,27.747966766357422,32.93000030517578
2002-05-20,27.14127540588379,32.209999084472656
2002-05-21,26.399755477905273,31.329999923706055
2002-05-22,26.458740234375,31.399999618530273
2002-05-23,26.989599227905273,32.029998779296875
2002-05-24,26.323923110961914,31.239999771118164
2002-05-28,26.205949783325195,31.100000381469727
2002-05-29,25.514989852905273,30.280000686645508
2002-05-30,25.734060287475586,30.540000915527344
2002-05-31,25.312759399414062,30.040000915527344
2002-06-03,24.419572830200195,28.979999542236328
2002-06-04,24.73977279663086,29.360000610351562
2002-06-05,24.992570877075195,29.65999984741211
2002-06-06,24.33530044555664,28.8799991607666
2002-06-07,23.846576690673828,28.299999237060547
2002-06-10,23.804439544677734,28.25
2002-06-11,23.138757705688477,27.459999084472656
2002-06-12,23.47580909729004,27.860000610351562
2002-06-13,23.324142456054688,27.68000030517578
2002-06-14,23.273578643798828,27.6200008392334
2002-06-17,24.065658569335938,28.559999465942383
2002-06-18,24.45327377319336,29.020000457763672
2002-06-19,23.03765106201172,27.34000015258789
2002-06-20,22.29611587524414,26.459999084472656
2002-06-21,21.756832122802734,25.81999969482422
2002-06-24,22.186582565307617,26.329999923706055
2002-06-25,21.453489303588867,25.459999084472656
2002-06-26,21.61359214782715,25.649999618530273
2002-06-27,22.085464477539062,26.209999084472656
2002-06-28,21.992774963378906,26.100000381469727
2002-07-01,20.939477920532227,24.850000381469727
2002-07-02,20.181114196777344,23.950000762939453
2002-07-03,20.855215072631836,24.75
2002-07-05,22.19502067565918,26.34000015258789
2002-07-08,21.38608741760254,25.3799991607666
2002-07-09,20.779380798339844,24.65999984741211
2002-07-10,20.13898277282715,23.899999618530273
2002-07-11,20.897342681884766,24.799999237060547
2002-07-12,20.897342681884766,24.799999237060547
2002-07-15,21.546175003051758,25.56999969482422
2002-07-16,21.225982666015625,25.190000534057617
2002-07-17,21.61359214782715,25.649999618530273
2002-07-18,20.838361740112305,24.729999542236328
2002-07-19,20.214815139770508,23.989999771118164
2002-07-22,19.717662811279297,23.399999618530273
2002-07-23,18.875019073486328,22.399999618530273
2002-07-24,19.90303611755371,23.6200008392334
2002-07-25,18.748638153076172,22.25
2002-07-26,19.102527618408203,22.670000076293945
2002-07-29,20.07999038696289,23.829999923706055
2002-07-30,20.484453201293945,24.309999465942383
2002-07-31,20.09684944152832,23.850000381469727
2002-08-01,19.15309715270996,22.729999542236328
2002-08-02,18.748638153076172,22.25
2002-08-05,18.06609535217285,21.440000534057617
2002-08-06,18.95928955078125,22.5
2002-08-07,19.212081909179688,22.799999237060547
2002-08-08,19.86090660095215,23.56999969482422
2002-08-09,19.65868377685547,23.329999923706055
2002-08-12,19.717662811279297,23.399999618530273
2002-08-13,19.04355239868164,22.600000381469727
2002-08-14,20.25694465637207,24.040000915527344
2002-08-15,20.669837951660156,24.530000686645508
2002-08-16,20.813087463378906,24.700000762939453
2002-08-19,21.318660736083984,25.299999237060547
2002-08-20,21.225982666015625,25.190000534057617
2002-08-21,21.697858810424805,25.75
2002-08-22,22.043325424194336,26.15999984741211
2002-08-23,21.19226837158203,25.149999618530273
2002-08-26,21.27654266357422,25.25
2002-08-27,20.535015106201172,24.3700008392334
2002-08-28,19.78507423400879,23.479999542236328
2002-08-29,20.046289443969727,23.790000915527344
2002-08-30,19.793498992919922,23.489999771118164
2002-09-03,19.07725715637207,22.639999389648438
2002-09-04,19.15309715270996,22.729999542236328
2002-09-05,18.68122100830078,22.170000076293945
2002-09-06,19.25421142578125,22.850000381469727
2002-09-09,19.448020935058594,23.079999923706055
2002-09-10,19.92831039428711,23.649999618530273
2002-09-11,19.759784698486328,23.450000762939453
2002-09-12,19.220502853393555,22.809999465942383
2002-09-13,19.372177124023438,22.989999771118164
2002-09-16,19.09410285949707,22.65999984741211
2002-09-17,18.689647674560547,22.18000030517578
2002-09-18,18.478992462158203,21.93000030517578
2002-09-19,18.184072494506836,21.579999923706055
2002-09-20,18.259897232055664,21.670000076293945
2002-09-23,17.712188720703125,21.020000457763672
2002-09-24,17.720624923706055,21.030000686645508
2002-09-25,18.42842674255371,21.8700008392334
2002-09-26,18.200916290283203,21.600000381469727
2002-09-27,17.95655059814453,21.309999465942383
2002-09-30,17.459392547607422,20.719999313354492
2002-10-01,18.521121978759766,21.979999542236328
2002-10-02,17.90599250793457,21.25
2002-10-03,17.47625732421875,20.739999771118164
2002-10-04,17.147624969482422,20.350000381469727
2002-10-07,16.987525939941406,20.15999984741211
2002-10-08,17.021228790283203,20.200000762939453
2002-10-09,16.90325927734375,20.059999465942383
2002-10-10,17.762744903564453,21.079999923706055
2002-10-11,18.72334861755371,22.219999313354492
2002-10-14,18.94243621826172,22.479999542236328
2002-10-15,19.85248374938965,23.559999465942383
2002-10-16,19.195226669311523,22.780000686645508
2002-10-17,19.844064712524414,23.549999237060547
2002-10-18,20.063146591186523,23.809999465942383
2002-10-21,20.467605590820312,24.290000915527344
2002-10-22,20.341218948364258,24.139999389648438
2002-10-23,20.72881507873535,24.600000381469727
2002-10-24,20.206398010253906,23.979999542236328
2002-10-25,20.813087463378906,24.700000762939453
2002-10-28,20.636133193969727,24.489999771118164
2002-10-29,20.15583038330078,23.920000076293945
2002-10-30,20.69511604309082,24.559999465942383
2002-10-31,20.686689376831055,24.549999237060547
2002-11-01,21.27654266357422,25.25
2002-11-04,21.82424545288086,25.899999618530273
2002-11-05,21.992774963378906,26.100000381469727
2002-11-06,22.304555892944336,26.469999313354492
2002-11-07,21.520902633666992,25.540000915527344
2002-11-08,21.124860763549805,25.06999969482422
2002-11-11,20.484453201293945,24.309999465942383
2002-11-12,21.00688934326172,24.93000030517578
2002-11-13,21.25968360900879,25.229999542236328
2002-11-14,21.992774963378906,26.100000381469727
2002-11-15,22.27927589416504,26.440000534057617
2002-11-18,21.950645446777344,26.049999237060547
2002-11-19,21.61359214782715,25.649999618530273
2002-11-20,22.53206443786621,26.739999771118164
2002-11-21,23.366273880004883,27.729999542236328
2002-11-22,23.357852935791016,27.719999313354492
2002-11-25,23.585351943969727,27.989999771118164
2002-11-26,22.79327392578125,27.049999237060547
2002-11-27,23.517942428588867,27.90999984741211
2002-11-29,23.357852935791016,27.719999313354492
2002-12-02,23.593780517578125,28.0
2002-12-03,22.894384384155273,27.170000076293945
2002-12-04,22.388816833496094,26.56999969482422
2002-12-05,22.07704734802246,26.200000762939453
2002-12-06,22.304555892944336,26.469999313354492
2002-12-09,21.251253128051758,25.219999313354492
2002-12-10,21.571456909179688,25.600000381469727
2002-12-11,21.672574996948242,25.719999313354492
2002-12-12,21.790542602539062,25.860000610351562
2002-12-13,21.09958267211914,25.040000915527344
2002-12-16,21.782115936279297,25.850000381469727
2002-12-17,21.84952735900879,25.93000030517578
2002-12-18,21.38608741760254,25.3799991607666
2002-12-19,21.116436004638672,25.059999465942383
2002-12-20,21.335533142089844,25.31999969482422
2002-12-23,21.630441665649414,25.670000076293945
2002-12-24,21.360795974731445,25.350000381469727
2002-12-26,21.30181121826172,25.280000686645508
2002-12-27,20.914203643798828,24.81999969482422
2002-12-30,20.754104614257812,24.6299991607666
2002-12-31,20.535015106201172,24.3700008392334
2003-01-02,21.402923583984375,25.399999618530273
2003-01-03,21.63886833190918,25.68000030517578
2003-01-06,22.178152084350586,26.31999969482422
2003-01-07,22.45622444152832,26.649999618530273
2003-01-08,21.82424545288086,25.899999618530273
2003-01-09,22.498369216918945,26.700000762939453
2003-01-10,22.83540916442871,27.100000381469727
2003-01-13,22.700586318969727,26.940000534057617
2003-01-14,22.818557739257812,27.079999923706055
2003-01-15,22.53206443786621,26.739999771118164
2003-01-16,22.27927589416504,26.440000534057617
2003-01-17,21.327091217041016,25.309999465942383
2003-01-21,21.09115982055664,25.030000686645508
2003-01-22,21.00688934326172,24.93000030517578
2003-01-23,21.495624542236328,25.510000228881836
2003-01-24,20.914203643798828,24.81999969482422
2003-01-27,20.669837951660156,24.530000686645508
2003-01-28,20.880502700805664,24.780000686645508
2003-01-29,21.19226837158203,25.149999618530273
2003-01-30,20.644559860229492,24.5
2003-01-31,20.59400749206543,24.440000534057617
2003-02-03,20.636133193969727,24.489999771118164
2003-02-04,20.383338928222656,24.190000534057617
2003-02-05,20.2906494140625,24.079999923706055
2003-02-06,20.400192260742188,24.209999084472656
2003-02-07,20.063146591186523,23.809999465942383
2003-02-10,20.240093231201172,24.020000457763672
2003-02-11,20.349647521972656,24.149999618530273
2003-02-12,20.07156753540039,23.81999969482422
2003-02-13,20.17268180847168,23.940000534057617
2003-02-14,20.636133193969727,24.489999771118164
2003-02-18,21.27654266357422,25.25
2003-02-19,21.133289337158203,25.079999923706055
2003-02-20,21.04901885986328,24.979999542236328
2003-02-21,21.209129333496094,25.170000076293945
2003-02-24,20.846786499023438,24.739999771118164
2003-02-25,20.872072219848633,24.770000457763672
2003-02-26,20.408620834350586,24.219999313354492
2003-02-27,20.872072219848633,24.770000457763672
2003-02-28,21.20070457458496,25.15999984741211
2003-03-03,20.77095603942871,24.649999618530273
2003-03-04,20.644559860229492,24.5
2003-03-05,20.686689376831055,24.549999237060547
2003-03-06,20.636133193969727,24.489999771118164
2003-03-07,20.678264617919922,24.540000915527344
2003-03-10,20.231679916381836,24.010000228881836
2003-03-11,20.054716110229492,23.799999237060547
2003-03-12,20.41705322265625,24.229999542236328
2003-03-13,21.588314056396484,25.6200008392334
2003-03-14,21.672574996948242,25.719999313354492
2003-03-17,22.414091110229492,26.600000381469727
2003-03-18,22.692161560058594,26.93000030517578
2003-03-19,22.498369216918945,26.700000762939453
2003-03-20,22.582624435424805,26.799999237060547
2003-03-21,22.894384384155273,27.170000076293945
2003-03-24,21.942214965820312,26.040000915527344
2003-03-25,22.25399398803711,26.40999984741211
2003-03-26,22.38039207458496,26.559999465942383
2003-03-27,22.220291137695312,26.3700008392334
2003-03-28,21.975914001464844,26.079999923706055
2003-03-31,21.27654266357422,25.25
2003-04-01,21.445072174072266,25.450000762939453
2003-04-02,22.034915924072266,26.149999618530273
2003-04-03,22.312978744506836,26.479999542236328
2003-04-04,21.950645446777344,26.049999237060547
2003-04-07,21.984352111816406,26.09000015258789
2003-04-08,21.95906639099121,26.059999465942383
2003-04-09,21.453489303588867,25.459999084472656
2003-04-10,21.714696884155273,25.770000457763672
2003-04-11,21.495624542236328,25.510000228881836
2003-04-14,21.933792114257812,26.030000686645508
2003-04-15,22.144447326660156,26.280000686645508
2003-04-16,22.09388542175293,26.219999313354492
2003-04-17,22.59947967529297,26.81999969482422
2003-04-21,22.683732986450195,26.920000076293945
2003-04-22,23.11347007751465,27.43000030517578
2003-04-23,23.282012939453125,27.6299991607666
2003-04-24,23.15561294555664,27.479999542236328
2003-04-25,22.709026336669922,26.950000762939453
2003-04-28,23.15561294555664,27.479999542236328
2003-04-29,23.366273880004883,27.729999542236328
2003-04-30,23.13033676147461,27.450000762939453
2003-05-01,23.332561492919922,27.690000534057617
2003-05-02,23.829734802246094,28.280000686645508
2003-05-05,23.804439544677734,28.25
2003-05-06,24.1077938079834,28.610000610351562
2003-05-07,23.83814811706543,28.290000915527344
2003-05-08,23.399978637695312,27.770000457763672
2003-05-09,23.939268112182617,28.40999984741211
2003-05-12,24.301593780517578,28.84000015258789
2003-05-13,24.149919509887695,28.65999984741211
2003-05-14,24.099365234375,28.600000381469727
2003-05-15,24.36900520324707,28.920000076293945
2003-05-16,24.183631896972656,28.700000762939453
2003-05-19,23.332561492919922,27.690000534057617
2003-05-20,23.399978637695312,27.770000457763672
2003-05-21,23.332561492919922,27.690000534057617
2003-05-22,23.669614791870117,28.09000015258789
2003-05-23,23.678050994873047,28.100000381469727
2003-05-27,24.520679473876953,29.100000381469727
2003-05-28,24.596525192260742,29.190000534057617
2003-05-29,24.697635650634766,29.309999465942383
2003-05-30,25.102096557617188,29.790000915527344
2003-06-02,24.925148010253906,29.579999923706055
2003-06-03,25.16107749938965,29.860000610351562
2003-06-04,25.63296127319336,30.420000076293945
2003-06-05,25.818344116210938,30.639999389648438
2003-06-06,25.388593673706055,30.1299991607666
2003-06-09,25.051538467407227,29.729999542236328
2003-06-10,25.43071746826172,30.18000030517578
2003-06-11,25.71721839904785,30.520000457763672
2003-06-12,25.82676124572754,30.649999618530273
2003-06-13,25.2453556060791,29.959999084472656
2003-06-16,26.020570755004883,30.8799991607666
2003-06-17,25.919458389282227,30.760000228881836
2003-06-18,26.054283142089844,30.920000076293945
2003-06-19,25.63296127319336,30.420000076293945
2003-06-20,25.599258422851562,30.3799991607666
2003-06-23,25.20322608947754,29.90999984741211
2003-06-24,25.00941276550293,29.68000030517578
2003-06-25,24.874582290649414,29.520000457763672
2003-06-26,25.464439392089844,30.219999313354492
2003-06-27,25.135805130004883,29.829999923706055
2003-06-30,25.23691177368164,29.950000762939453
2003-07-01,25.573972702026367,30.350000381469727
2003-07-02,26.09640884399414,30.969999313354492
2003-07-03,25.767776489257812,30.579999923706055
2003-07-07,26.87162971496582,31.889999389648438
2003-07-08,27.20026206970215,32.279998779296875
2003-07-09,27.132841110229492,32.20000076293945
2003-07-10,26.62726402282715,31.600000381469727
2003-07-11,26.82950210571289,31.84000015258789
2003-07-14,27.149709701538086,32.220001220703125
2003-07-15,27.18340492248535,32.2599983215332
2003-07-16,27.09914207458496,32.15999984741211
2003-07-17,26.273359298706055,31.18000030517578
2003-07-18,26.357627868652344,31.280000686645508
2003-07-21,26.020570755004883,30.8799991607666
2003-07-22,26.408184051513672,31.34000015258789
2003-07-23,26.62726402282715,31.600000381469727
2003-07-24,26.273359298706055,31.18000030517578
2003-07-25,26.795795440673828,31.799999237060547
2003-07-28,26.87162971496582,31.889999389648438
2003-07-29,26.669397354125977,31.649999618530273
2003-07-30,26.4755916595459,31.420000076293945
2003-07-31,26.795795440673828,31.799999237060547
2003-08-01,26.509302139282227,31.459999084472656
2003-08-04,26.50086784362793,31.450000762939453
2003-08-05,25.456012725830078,30.209999084472656
2003-08-06,25.439151763916016,30.190000534057617
2003-08-07,25.54026222229004,30.309999465942383
2003-08-08,25.338035583496094,30.06999969482422
2003-08-11,25.616104125976562,30.399999618530273
2003-08-12,26.00372314453125,30.860000610351562
2003-08-13,26.012149810791016,30.8700008392334
2003-08-14,26.037424087524414,30.899999618530273
2003-08-15,26.26494026184082,31.170000076293945
2003-08-18,26.93904685974121,31.969999313354492
2003-08-19,27.27609634399414,32.369998931884766
2003-08-20,27.208690643310547,32.290000915527344
2003-08-21,27.50360679626465,32.63999938964844
2003-08-22,27.335071563720703,32.439998626708984
2003-08-25,27.39406967163086,32.5099983215332
2003-08-26,27.419343948364258,32.540000915527344
2003-08-27,27.638427734375,32.79999923706055
2003-08-28,27.882793426513672,33.09000015258789
2003-08-29,28.135581970214844,33.38999938964844
2003-09-02,28.540054321289062,33.869998931884766
2003-09-03,28.523195266723633,33.849998474121094
2003-09-04,28.784435272216797,34.15999984741211
2003-09-05,28.599027633666992,33.939998626708984
2003-09-08,29.07090187072754,34.5
2003-09-09,28.725425720214844,34.09000015258789
2003-09-10,28.034475326538086,33.27000045776367
2003-09-11,28.346240997314453,33.63999938964844
2003-09-12,28.4979190826416,33.81999969482422
2003-09-15,28.219858169555664,33.4900016784668
2003-09-16,28.986652374267578,34.400001525878906
2003-09-17,28.868675231933594,34.2599983215332
2003-09-18,29.306842803955078,34.779998779296875
2003-09-19,29.138324737548828,34.58000183105469
2003-09-22,28.582185745239258,33.91999816894531
2003-09-23,29.087757110595703,34.52000045776367
2003-09-24,27.99233627319336,33.220001220703125
2003-09-25,27.6300048828125,32.790000915527344
2003-09-26,27.453044891357422,32.58000183105469
2003-09-29,27.924924850463867,33.13999938964844
2003-09-30,27.318239212036133,32.41999816894531
2003-10-01,27.933353424072266,33.150001525878906
2003-10-02,28.026044845581055,33.2599983215332
2003-10-03,28.809688568115234,34.189998626708984
2003-10-06,29.020343780517578,34.439998626708984
2003-10-07,29.19730567932129,34.650001525878906
2003-10-08,29.011926651000977,34.43000030517578
2003-10-09,29.23101043701172,34.689998626708984
2003-10-10,29.50065040588379,35.0099983215332
2003-10-13,29.694461822509766,35.2400016784668
2003-10-14,29.770292282104492,35.33000183105469
2003-10-15,29.643911361694336,35.18000030517578
2003-10-16,29.87983512878418,35.459999084472656
2003-10-17,29.16360092163086,34.61000061035156
2003-10-20,29.525920867919922,35.040000915527344
2003-10-21,29.702896118164062,35.25
2003-10-22,29.129899978637695,34.56999969482422
2003-10-23,28.792842864990234,34.16999816894531
2003-10-24,28.818119049072266,34.20000076293945
2003-10-27,28.8265438079834,34.209999084472656
2003-10-28,29.79558753967285,35.36000061035156
2003-10-29,29.76186752319336,35.31999969482422
2003-10-30,29.820850372314453,35.38999938964844
2003-10-31,29.643911361694336,35.18000030517578
2003-11-03,30.132631301879883,35.7599983215332
2003-11-04,29.93040657043457,35.52000045776367
2003-11-05,30.20003890991211,35.84000015258789
2003-11-06,30.2843017578125,35.939998626708984
2003-11-07,30.023094177246094,35.630001068115234
2003-11-10,29.65232276916504,35.189998626708984
2003-11-11,29.542781829833984,35.060001373291016
2003-11-12,30.174776077270508,35.810001373291016
2003-11-13,30.141050338745117,35.77000045776367
2003-11-14,29.525920867919922,35.040000915527344
2003-11-17,29.222583770751953,34.68000030517578
2003-11-18,28.548492431640625,33.880001068115234
2003-11-19,28.8265438079834,34.209999084472656
2003-11-20,28.548492431640625,33.880001068115234
2003-11-21,28.843399047851562,34.22999954223633
2003-11-24,29.643911361694336,35.18000030517578
2003-11-25,29.643911361694336,35.18000030517578
2003-11-26,29.778730392456055,35.34000015258789
2003-11-28,29.81243133544922,35.380001068115234
2003-12-01,30.25058364868164,35.900001525878906
2003-12-02,30.082067489624023,35.70000076293945
2003-12-03,29.702896118164062,35.25
2003-12-04,30.023094177246094,35.630001068115234
2003-12-05,29.525920867919922,35.040000915527344
2003-12-08,29.694461822509766,35.2400016784668
2003-12-09,29.011926651000977,34.43000030517578
2003-12-10,29.12147331237793,34.560001373291016
2003-12-11,29.745018005371094,35.29999923706055
2003-12-12,29.694461822509766,35.2400016784668
2003-12-15,29.306842803955078,34.779998779296875
2003-12-16,29.365821838378906,34.849998474121094
2003-12-17,29.416397094726562,34.90999984741211
2003-12-18,29.964096069335938,35.560001373291016
2003-12-19,29.87983512878418,35.459999084472656
2003-12-22,29.972517013549805,35.56999969482422
2003-12-23,30.20003890991211,35.84000015258789
2003-12-24,30.262407302856445,35.900001525878906
2003-12-26,30.22026824951172,35.849998474121094
2003-12-29,30.717622756958008,36.439998626708984
2003-12-30,30.818777084350586,36.560001373291016
2003-12-31,30.734481811523438,36.459999084472656
2004-01-02,30.650192260742188,36.36000061035156
2004-01-05,31.26555633544922,37.09000015258789
2004-01-06,31.476274490356445,37.34000015258789
2004-01-07,31.76288604736328,37.68000030517578
2004-01-08,32.01578140258789,37.97999954223633
2004-01-09,31.8050594329834,37.72999954223633
2004-01-12,32.310821533203125,38.33000183105469
2004-01-13,31.99050521850586,37.95000076293945
2004-01-14,32.100093841552734,38.08000183105469
2004-01-15,32.184383392333984,38.18000030517578
2004-01-16,32.51315689086914,38.56999969482422
2004-01-20,32.48785400390625,38.540000915527344
2004-01-21,32.35297393798828,38.380001068115234
2004-01-22,32.159080505371094,38.150001525878906
2004-01-23,32.041072845458984,38.0099983215332
2004-01-26,32.53000259399414,38.59000015258789
2004-01-27,31.813467025756836,37.7400016784668
2004-01-28,31.27398681640625,37.099998474121094
2004-01-29,31.39198112487793,37.2400016784668
2004-01-30,31.248672485351562,37.06999969482422
2004-02-02,31.16440200805664,36.970001220703125
2004-02-03,31.130680084228516,36.93000030517578
2004-02-04,30.624876022338867,36.33000183105469
2004-02-05,30.742923736572266,36.470001220703125
2004-02-06,31.299274444580078,37.130001068115234
2004-02-09,31.29083824157715,37.119998931884766
2004-02-10,31.341411590576172,37.18000030517578
2004-02-11,31.678606033325195,37.58000183105469
2004-02-12,31.400428771972656,37.25
2004-02-13,31.139116287231445,36.939998626708984
2004-02-17,31.56058692932129,37.439998626708984
2004-02-18,31.653301239013672,37.54999923706055
2004-02-19,31.17282485961914,36.97999954223633
2004-02-20,31.07166290283203,36.86000061035156
2004-02-23,30.72604751586914,36.45000076293945
2004-02-24,30.650192260742188,36.36000061035156
2004-02-25,30.835630416870117,36.58000183105469
2004-02-26,30.911497116088867,36.66999816894531
2004-02-27,30.82720375061035,36.56999969482422
2004-03-01,31.23181915283203,37.04999923706055
2004-03-02,30.86936378479004,36.619998931884766
2004-03-03,30.700763702392578,36.41999816894531
2004-03-04,30.987363815307617,36.7599983215332
2004-03-05,30.87778091430664,36.630001068115234
2004-03-08,30.152830123901367,35.77000045776367
2004-03-09,30.06011199951172,35.65999984741211
2004-03-10,29.66391372680664,35.189998626708984
2004-03-11,29.394166946411133,34.869998931884766
2004-03-12,29.93366813659668,35.5099983215332
2004-03-15,29.411027908325195,34.88999938964844
2004-03-16,29.461606979370117,34.95000076293945
2004-03-17,29.925243377685547,35.5
2004-03-18,29.790367126464844,35.34000015258789
2004-03-19,29.29300880432129,34.75
2004-03-22,28.922100067138672,34.310001373291016
2004-03-23,28.686084747314453,34.029998779296875
2004-03-24,29.014835357666016,34.41999816894531
2004-03-25,29.790367126464844,35.34000015258789
2004-03-26,29.689197540283203,35.220001220703125
2004-03-29,30.169702529907227,35.790000915527344
2004-03-30,30.27084732055664,35.90999984741211
2004-03-31,30.211843490600586,35.84000015258789
2004-04-01,30.481592178344727,36.15999984741211
2004-04-02,31.27398681640625,37.099998474121094
2004-04-05,31.56900978088379,37.45000076293945
2004-04-06,31.17282485961914,36.97999954223633
2004-04-07,31.139116287231445,36.939998626708984
2004-04-08,31.139116287231445,36.939998626708984
2004-04-12,31.33297348022461,37.16999816894531
2004-04-13,30.87778091430664,36.630001068115234
2004-04-14,31.029529571533203,36.810001373291016
2004-04-15,30.473167419433594,36.150001525878906
2004-04-16,30.422574996948242,36.09000015258789
2004-04-19,30.793485641479492,36.529998779296875
2004-04-20,30.076969146728516,35.68000030517578
2004-04-21,30.338289260864258,35.9900016784668
2004-04-22,31.122255325317383,36.91999816894531
2004-04-23,31.36670684814453,37.209999084472656
2004-04-26,31.139116287231445,36.939998626708984
2004-04-27,31.080102920532227,36.869998931884766
2004-04-28,30.51531410217285,36.20000076293945
2004-04-29,30.043254852294922,35.63999938964844
2004-04-30,29.30986785888672,34.77000045776367
2004-05-03,29.588048934936523,35.099998474121094
2004-05-04,29.714502334594727,35.25
2004-05-05,29.950523376464844,35.529998779296875
2004-05-06,29.72293472290039,35.2599983215332
2004-05-07,29.478452682495117,34.970001220703125
2004-05-10,29.225584030151367,34.66999816894531
2004-05-11,29.66391372680664,35.189998626708984
2004-05-12,29.72293472290039,35.2599983215332
2004-05-13,29.512184143066406,35.0099983215332
2004-05-14,29.29300880432129,34.75
2004-05-17,29.014835357666016,34.41999816894531
2004-05-18,29.276153564453125,34.72999954223633
2004-05-19,29.242431640625,34.689998626708984
2004-05-20,29.377302169799805,34.849998474121094
2004-05-21,29.520606994628906,35.02000045776367
2004-05-24,29.72293472290039,35.2599983215332
2004-05-25,30.31301498413086,35.959999084472656
2004-05-26,30.50689125061035,36.189998626708984
2004-05-27,30.700763702392578,36.41999816894531
2004-05-28,30.81035041809082,36.54999923706055
2004-06-01,30.7681884765625,36.5
2004-06-02,30.700763702392578,36.41999816894531
2004-06-03,30.329856872558594,35.97999954223633
2004-06-04,30.50689125061035,36.189998626708984
2004-06-07,31.23181915283203,37.04999923706055
2004-06-08,31.27398681640625,37.099998474121094
2004-06-09,30.835630416870117,36.58000183105469
2004-06-10,31.0548152923584,36.84000015258789
2004-06-14,30.61646270751953,36.31999969482422
2004-06-15,31.01266098022461,36.790000915527344
2004-06-16,30.962066650390625,36.72999954223633
2004-06-17,30.67547607421875,36.38999938964844
2004-06-18,30.717622756958008,36.439998626708984
2004-06-21,30.473167419433594,36.150001525878906
2004-06-22,30.919933319091797,36.68000030517578
2004-06-23,31.29083824157715,37.119998931884766
2004-06-24,31.23181915283203,37.04999923706055
2004-06-25,31.467872619628906,37.33000183105469
2004-06-28,31.20654296875,37.02000045776367
2004-06-29,31.5015869140625,37.369998931884766
2004-06-30,31.813467025756836,37.7400016784668
2004-07-01,31.223400115966797,37.040000915527344
2004-07-02,31.037952423095703,36.81999969482422
2004-07-06,30.37200927734375,36.029998779296875
2004-07-07,30.431011199951172,36.099998474121094
2004-07-08,30.093830108642578,35.70000076293945
2004-07-09,30.135976791381836,35.75
2004-07-12,30.009525299072266,35.599998474121094
2004-07-13,29.96738052368164,35.54999923706055
2004-07-14,29.66391372680664,35.189998626708984
2004-07-15,29.56275749206543,35.06999969482422
2004-07-16,29.225584030151367,34.66999816894531
2004-07-19,29.166568756103516,34.599998474121094
2004-07-20,29.866226196289062,35.43000030517578
2004-07-21,28.997976303100586,34.400001525878906
2004-07-22,29.394166946411133,34.869998931884766
2004-07-23,28.83780860900879,34.209999084472656
2004-07-26,28.711360931396484,34.060001373291016
2004-07-27,29.107553482055664,34.529998779296875
2004-07-28,28.981117248535156,34.380001068115234
2004-07-29,29.318300247192383,34.779998779296875
2004-07-30,29.411027908325195,34.88999938964844
2004-08-02,29.47002601623535,34.959999084472656
2004-08-03,28.85466766357422,34.22999954223633
2004-08-04,28.863109588623047,34.2400016784668
2004-08-05,28.323598861694336,33.599998474121094
2004-08-06,27.58180809020996,32.720001220703125
2004-08-09,27.649229049682617,32.79999923706055
2004-08-10,27.994855880737305,33.209999084472656
2004-08-11,27.75038719177246,32.91999816894531
2004-08-12,27.371051788330078,32.470001220703125
2004-08-13,27.413198471069336,32.52000045776367
2004-08-16,27.725093841552734,32.88999938964844
2004-08-17,28.036996841430664,33.2599983215332
2004-08-18,28.534345626831055,33.849998474121094
2004-08-19,28.382606506347656,33.66999816894531
2004-08-20,28.669218063354492,34.0099983215332
2004-08-23,28.736658096313477,34.09000015258789
2004-08-24,28.72822380065918,34.08000183105469
2004-08-25,29.124420166015625,34.54999923706055
2004-08-26,28.997976303100586,34.400001525878906
2004-08-27,29.132863998413086,34.560001373291016
2004-08-30,28.6439266204834,33.97999954223633
2004-08-31,28.677650451660156,34.02000045776367
2004-09-01,28.888391494750977,34.27000045776367
2004-09-02,29.318300247192383,34.779998779296875
2004-09-03,28.778806686401367,34.13999938964844
2004-09-07,29.023263931274414,34.43000030517578
2004-09-08,28.913681030273438,34.29999923706055
2004-09-09,29.158140182495117,34.59000015258789
2004-09-10,29.604907989501953,35.119998931884766
2004-09-13,29.992687225341797,35.58000183105469
2004-09-14,30.034826278686523,35.630001068115234
2004-09-15,29.714502334594727,35.25
2004-09-16,29.773500442504883,35.31999969482422
2004-09-17,29.866226196289062,35.43000030517578
2004-09-20,29.866226196289062,35.43000030517578
2004-09-21,29.984233856201172,35.56999969482422
2004-09-22,29.461606979370117,34.95000076293945
2004-09-23,29.436309814453125,34.91999816894531
2004-09-24,29.335161209106445,34.79999923706055
2004-09-27,29.082263946533203,34.5
2004-09-28,29.14128303527832,34.56999969482422
2004-09-29,29.57119369506836,35.08000183105469
2004-09-30,29.621768951416016,35.13999938964844
2004-10-01,30.431011199951172,36.099998474121094
2004-10-04,30.608043670654297,36.310001373291016
2004-10-05,30.650192260742188,36.36000061035156
2004-10-06,30.89466094970703,36.650001525878906
2004-10-07,30.549022674560547,36.2400016784668
2004-10-08,29.992687225341797,35.58000183105469
2004-10-11,30.135976791381836,35.75
2004-10-12,30.085407257080078,35.689998626708984
2004-10-13,30.017961502075195,35.61000061035156
2004-10-14,29.883092880249023,35.45000076293945
2004-10-15,30.034826278686523,35.630001068115234
2004-10-18,30.464731216430664,36.13999938964844
2004-10-19,30.245569229125977,35.880001068115234
2004-10-20,30.388866424560547,36.04999923706055
2004-10-21,30.852506637573242,36.599998474121094
2004-10-22,30.17811393737793,35.79999923706055
2004-10-25,30.034826278686523,35.630001068115234
2004-10-26,30.19499397277832,35.81999969482422
2004-10-27,30.962066650390625,36.72999954223633
2004-10-28,31.155975341796875,36.959999084472656
2004-10-29,31.105392456054688,36.900001525878906
2004-11-01,31.223400115966797,37.040000915527344
2004-11-02,31.324541091918945,37.15999984741211
2004-11-03,31.535297393798828,37.40999984741211
2004-11-04,31.712308883666992,37.619998931884766
2004-11-05,31.998920440673828,37.959999084472656
2004-11-08,32.03264617919922,38.0
2004-11-09,31.965206146240234,37.91999816894531
2004-11-10,31.855613708496094,37.790000915527344
2004-11-11,32.2771110534668,38.290000915527344
2004-11-12,32.589012145996094,38.65999984741211
2004-11-15,32.73231887817383,38.83000183105469
2004-11-16,32.53000259399414,38.59000015258789
2004-11-17,32.96834182739258,39.11000061035156
2004-11-18,33.120059967041016,39.290000915527344
2004-11-19,32.60585403442383,38.68000030517578
2004-11-22,32.91775894165039,39.04999923706055
2004-11-23,32.86717224121094,38.9900016784668
2004-11-24,33.15377426147461,39.33000183105469
2004-11-26,33.05263900756836,39.209999084472656
2004-11-29,33.04419708251953,39.20000076293945
2004-11-30,32.97675704956055,39.119998931884766
2004-12-01,33.6511344909668,39.91999816894531
2004-12-02,33.777584075927734,40.06999969482422
2004-12-03,33.82818603515625,40.130001068115234
2004-12-06,33.94617462158203,40.27000045776367
2004-12-07,33.36453628540039,39.58000183105469
2004-12-08,33.558414459228516,39.810001373291016
2004-12-09,33.7607307434082,40.04999923706055
2004-12-10,33.65956497192383,39.93000030517578
2004-12-13,33.95460891723633,40.279998779296875
2004-12-14,34.123191833496094,40.47999954223633
2004-12-15,33.99677658081055,40.33000183105469
2004-12-16,33.676429748535156,39.95000076293945
2004-12-17,33.59046936035156,39.470001220703125
2004-12-20,33.360687255859375,39.20000076293945
2004-12-21,33.76918411254883,39.68000030517578
2004-12-22,33.81173324584961,39.72999954223633
2004-12-23,33.83727264404297,39.7599983215332
2004-12-27,33.69260787963867,39.59000015258789
2004-12-28,34.015995025634766,39.970001220703125
2004-12-29,34.05854034423828,40.02000045776367
2004-12-30,34.03300476074219,39.9900016784668
2004-12-31,33.97344207763672,39.91999816894531
2005-01-03,33.61600112915039,39.5
2005-01-04,33.00325393676758,38.779998779296875
2005-01-05,32.79899597167969,38.540000915527344
2005-01-06,32.63731002807617,38.349998474121094
2005-01-07,32.80752182006836,38.54999923706055
2005-01-10,32.790489196777344,38.529998779296875
2005-01-11,32.560733795166016,38.2599983215332
2005-01-12,32.833030700683594,38.58000183105469
2005-01-13,32.39900588989258,38.06999969482422
2005-01-14,32.705387115478516,38.43000030517578
2005-01-18,32.95219039916992,38.720001220703125
2005-01-19,32.40753936767578,38.08000183105469
2005-01-20,31.786270141601562,37.349998474121094
2005-01-21,31.53095054626465,37.04999923706055
2005-01-24,31.088415145874023,36.529998779296875
2005-01-25,31.241600036621094,36.709999084472656
2005-01-26,31.616069793701172,37.150001525878906
2005-01-27,31.573497772216797,37.099998474121094
2005-01-28,31.420316696166992,36.91999816894531
2005-01-31,31.828813552856445,37.400001525878906
2005-02-01,31.930946350097656,37.52000045776367
2005-02-02,31.98200798034668,37.58000183105469
2005-02-03,31.616069793701172,37.150001525878906
2005-02-04,32.12669372558594,37.75
2005-02-07,32.0586051940918,37.66999816894531
2005-02-08,32.118194580078125,37.7400016784668
2005-02-09,31.582027435302734,37.11000061035156
2005-02-10,31.616069793701172,37.150001525878906
2005-02-11,32.084110260009766,37.70000076293945
2005-02-14,32.228816986083984,37.869998931884766
2005-02-15,32.44157028198242,38.119998931884766
2005-02-16,32.322425842285156,37.97999954223633
2005-02-17,31.888404846191406,37.470001220703125
2005-02-18,31.786270141601562,37.349998474121094
2005-02-22,31.39480209350586,36.88999938964844
2005-02-23,31.437334060668945,36.939998626708984
2005-02-24,31.837345123291016,37.40999984741211
2005-02-25,32.01603698730469,37.619998931884766
2005-02-28,31.67563819885254,37.220001220703125
2005-03-01,32.02456283569336,37.630001068115234
2005-03-02,32.00754165649414,37.61000061035156
2005-03-03,31.74371337890625,37.29999923706055
2005-03-04,31.930946350097656,37.52000045776367
2005-03-07,32.39052200317383,38.060001373291016
2005-03-08,32.06710433959961,37.68000030517578
2005-03-09,31.9735050201416,37.56999969482422
2005-03-10,31.930946350097656,37.52000045776367
2005-03-11,31.633113861083984,37.16999816894531
2005-03-14,31.777769088745117,37.34000015258789
2005-03-15,31.52246856689453,37.040000915527344
2005-03-16,31.16501808166504,36.619998931884766
2005-03-17,31.241600036621094,36.709999084472656
2005-03-18,31.071393966674805,36.5099983215332
2005-03-21,31.130966186523438,36.58000183105469
2005-03-22,30.748018264770508,36.130001068115234
2005-03-23,30.858644485473633,36.2599983215332
2005-03-24,30.867149353027344,36.27000045776367
2005-03-28,30.926729202270508,36.34000015258789
2005-03-29,30.679916381835938,36.04999923706055
2005-03-30,31.258621215820312,36.72999954223633
2005-03-31,31.12247085571289,36.56999969482422
2005-04-01,30.80758285522461,36.20000076293945
2005-04-04,31.028837203979492,36.459999084472656
2005-04-05,31.113950729370117,36.560001373291016
2005-04-06,31.062891006469727,36.5
2005-04-07,31.437334060668945,36.939998626708984
2005-04-08,31.182039260864258,36.63999938964844
2005-04-11,31.045879364013672,36.47999954223633
2005-04-12,31.199071884155273,36.65999984741211
2005-04-13,30.68843650817871,36.060001373291016
2005-04-14,30.254405975341797,35.54999923706055
2005-04-15,29.565053939819336,34.7400016784668
2005-04-18,29.573566436767578,34.75
2005-04-19,29.777822494506836,34.9900016784668
2005-04-20,29.531005859375,34.70000076293945
2005-04-21,30.313961029052734,35.619998931884766
2005-04-22,29.86292839050293,35.09000015258789
2005-04-25,30.109739303588867,35.380001068115234
2005-04-26,29.828886032104492,35.04999923706055
2005-04-27,29.871435165405273,35.099998474121094
2005-04-28,29.573566436767578,34.75
2005-04-29,29.76930809020996,34.97999954223633
2005-05-02,29.888456344604492,35.119998931884766
2005-05-03,30.0416259765625,35.29999923706055
2005-05-04,30.40758514404297,35.72999954223633
2005-05-05,30.4331111907959,35.7599983215332
2005-05-06,30.518230438232422,35.86000061035156
2005-05-09,30.662914276123047,36.029998779296875
2005-05-10,30.441631317138672,35.77000045776367
2005-05-11,30.59482192993164,35.95000076293945
2005-05-12,30.509708404541016,35.849998474121094
2005-05-13,30.84161376953125,36.2400016784668
2005-05-16,31.045879364013672,36.47999954223633
2005-05-17,31.23309898376465,36.70000076293945
2005-05-18,31.65861701965332,37.20000076293945
2005-05-19,31.92245101928711,37.5099983215332
2005-05-20,32.050113677978516,37.65999984741211
2005-05-23,32.2117919921875,37.849998474121094
2005-05-24,32.313934326171875,37.970001220703125
2005-05-25,32.17775344848633,37.810001373291016
2005-05-26,32.50115203857422,38.189998626708984
2005-05-27,32.518165588378906,38.209999084472656
2005-05-31,32.40753936767578,38.08000183105469
2005-06-01,32.67135238647461,38.38999938964844
2005-06-02,32.901126861572266,38.65999984741211
2005-06-03,32.424537658691406,38.099998474121094
2005-06-06,32.43307113647461,38.11000061035156
2005-06-07,32.16072463989258,37.790000915527344
2005-06-08,32.09264373779297,37.709999084472656
2005-06-09,32.29690933227539,37.95000076293945
2005-06-10,31.95646858215332,37.54999923706055
2005-06-13,32.10966873168945,37.72999954223633
2005-06-14,31.98200798034668,37.58000183105469
2005-06-15,32.084110260009766,37.70000076293945
2005-06-16,32.25434875488281,37.900001525878906
2005-06-17,32.258609771728516,37.869998931884766
2005-06-20,32.258609771728516,37.869998931884766
2005-06-21,32.241573333740234,37.849998474121094
2005-06-22,32.20749282836914,37.810001373291016
2005-06-23,31.849716186523438,37.38999938964844
2005-06-24,31.491962432861328,36.970001220703125
2005-06-27,31.347143173217773,36.79999923706055
2005-06-28,31.645299911499023,37.150001525878906
2005-06-29,31.577150344848633,37.06999969482422
2005-06-30,31.330106735229492,36.779998779296875
2005-07-01,31.287511825561523,36.72999954223633
2005-07-05,31.61121368408203,37.11000061035156
2005-07-06,31.457866668701172,36.93000030517578
2005-07-07,31.568634033203125,37.060001373291016
2005-07-08,32.17341995239258,37.77000045776367
2005-07-11,32.471553802490234,38.119998931884766
2005-07-12,32.624881744384766,38.29999923706055
2005-07-13,32.70154571533203,38.38999938964844
2005-07-14,33.02525329589844,38.77000045776367
2005-07-15,33.12745666503906,38.88999938964844
2005-07-18,32.99116516113281,38.72999954223633
2005-07-19,33.37447738647461,39.18000030517578
2005-07-20,33.61302185058594,39.459999084472656
2005-07-21,33.621517181396484,39.470001220703125
2005-07-22,33.578914642333984,39.41999816894531
2005-07-25,33.4511604309082,39.27000045776367
2005-07-26,33.578914642333984,39.41999816894531
2005-07-27,33.8344841003418,39.720001220703125
2005-07-28,33.996315002441406,39.90999984741211
2005-07-29,33.7151985168457,39.58000183105469
2005-08-01,33.77486038208008,39.650001525878906
2005-08-02,34.14113998413086,40.08000183105469
2005-08-03,34.12410354614258,40.060001373291016
2005-08-04,33.79188537597656,39.66999816894531
2005-08-05,33.63003158569336,39.47999954223633
2005-08-08,33.38301467895508,39.189998626708984
2005-08-09,33.60448455810547,39.45000076293945
2005-08-10,33.314876556396484,39.11000061035156
2005-08-11,33.58743667602539,39.43000030517578
2005-08-12,33.40004348754883,39.209999084472656
2005-08-15,33.60448455810547,39.45000076293945
2005-08-16,33.059329986572266,38.810001373291016
2005-08-17,33.25522232055664,39.040000915527344
2005-08-18,33.0848503112793,38.84000015258789
2005-08-19,33.06782913208008,38.81999969482422
2005-08-22,33.0848503112793,38.84000015258789
2005-08-23,32.99116516113281,38.72999954223633
2005-08-24,32.79526138305664,38.5
2005-08-25,32.87188720703125,38.59000015258789
2005-08-26,32.761192321777344,38.459999084472656
2005-08-29,33.0167350769043,38.7599983215332
2005-08-30,32.897464752197266,38.619998931884766
2005-08-31,33.20412826538086,38.97999954223633
2005-09-01,33.15302276611328,38.91999816894531
2005-09-02,33.02525329589844,38.77000045776367
2005-09-06,33.51078414916992,39.34000015258789
2005-09-07,33.570411682128906,39.40999984741211
2005-09-08,33.561912536621094,39.400001525878906
2005-09-09,33.74928665161133,39.619998931884766
2005-09-12,33.842994689941406,39.72999954223633
2005-09-13,33.75782012939453,39.630001068115234
2005-09-14,33.37447738647461,39.18000030517578
2005-09-15,33.35746765136719,39.15999984741211
2005-09-16,33.561912536621094,39.400001525878906
2005-09-19,33.29782485961914,39.09000015258789
2005-09-20,33.16153335571289,38.93000030517578
2005-09-21,32.79526138305664,38.5
2005-09-22,32.91450119018555,38.63999938964844
2005-09-23,33.008201599121094,38.75
2005-09-26,33.0167350769043,38.7599983215332
2005-09-27,32.9400634765625,38.66999816894531
2005-09-28,32.94858169555664,38.68000030517578
2005-09-29,33.391517639160156,39.20000076293945
2005-09-30,33.61302185058594,39.459999084472656
2005-10-03,33.698204040527344,39.560001373291016
2005-10-04,33.47671890258789,39.29999923706055
2005-10-05,33.0167350769043,38.7599983215332
2005-10-06,32.58228302001953,38.25
2005-10-07,32.65895462036133,38.34000015258789
2005-10-10,32.4800910949707,38.130001068115234
2005-10-11,32.3182258605957,37.939998626708984
2005-10-12,31.934907913208008,37.4900016784668
2005-10-13,32.18193435668945,37.779998779296875
2005-10-14,32.42045593261719,38.060001373291016
2005-10-17,32.522674560546875,38.18000030517578
2005-10-18,32.29267883300781,37.90999984741211
2005-10-19,32.9400634765625,38.66999816894531
2005-10-20,32.633426666259766,38.310001373291016
2005-10-21,32.83783721923828,38.54999923706055
2005-10-24,33.35746765136719,39.15999984741211
2005-10-25,33.22968292236328,39.0099983215332
2005-10-26,33.059329986572266,38.810001373291016
2005-10-27,32.3949089050293,38.029998779296875
2005-10-28,32.64192199707031,38.31999969482422
2005-10-31,33.110443115234375,38.869998931884766
2005-11-01,33.0848503112793,38.84000015258789
2005-11-02,33.5192985534668,39.349998474121094
2005-11-03,34.02187728881836,39.939998626708984
2005-11-04,34.14113998413086,40.08000183105469
2005-11-07,34.18372344970703,40.130001068115234
2005-11-08,34.1922492980957,40.13999938964844
2005-11-09,34.20927810668945,40.15999984741211
2005-11-10,34.584075927734375,40.599998474121094
2005-11-11,34.67778015136719,40.709999084472656
2005-11-14,34.67778015136719,40.709999084472656
2005-11-15,34.51594543457031,40.52000045776367
2005-11-16,34.72890090942383,40.77000045776367
2005-11-17,35.188880920410156,41.310001373291016
2005-11-18,35.30815124511719,41.45000076293945
2005-11-21,35.39331817626953,41.54999923706055
2005-11-22,35.52109146118164,41.70000076293945
2005-11-23,35.60626983642578,41.79999923706055
2005-11-25,35.68294906616211,41.88999938964844
2005-11-28,35.38479232788086,41.540000915527344
2005-11-29,35.21444320678711,41.34000015258789
2005-11-30,35.12925338745117,41.2400016784668
2005-12-01,35.785160064697266,42.0099983215332
2005-12-02,35.87035369873047,42.11000061035156
2005-12-05,35.60626983642578,41.79999923706055
2005-12-06,35.725528717041016,41.939998626708984
2005-12-07,35.65738296508789,41.86000061035156
2005-12-08,35.40182876586914,41.560001373291016
2005-12-09,35.538124084472656,41.720001220703125
2005-12-12,35.6658935546875,41.869998931884766
2005-12-13,35.81071472167969,42.040000915527344
2005-12-14,35.691463470458984,41.900001525878906
2005-12-15,35.751075744628906,41.970001220703125
2005-12-16,35.50431823730469,41.58000183105469
2005-12-19,34.94074630737305,40.91999816894531
2005-12-20,34.96638488769531,40.95000076293945
2005-12-21,35.12007141113281,41.130001068115234
2005-12-22,35.350616455078125,41.400001525878906
2005-12-23,35.350616455078125,41.400001525878906
2005-12-27,35.04320526123047,41.040000915527344
2005-12-28,35.000518798828125,40.9900016784668
2005-12-29,34.76997375488281,40.720001220703125
2005-12-30,34.505271911621094,40.40999984741211
2006-01-03,35.27376174926758,41.310001373291016
2006-01-04,35.64093780517578,41.7400016784668
2006-01-05,35.79462814331055,41.91999816894531
2006-01-06,36.443572998046875,42.68000030517578
2006-01-09,36.5887565612793,42.849998474121094
2006-01-10,36.614341735839844,42.880001068115234
2006-01-11,36.89613723754883,43.209999084472656
2006-01-12,36.716819763183594,43.0
2006-01-13,36.69972610473633,42.97999954223633
2006-01-17,36.46065139770508,42.70000076293945
2006-01-18,36.042240142822266,42.209999084472656
2006-01-19,36.30696487426758,42.52000045776367
2006-01-20,35.222537994384766,41.25
2006-01-23,35.23107147216797,41.2599983215332
2006-01-24,35.3847770690918,41.439998626708984
2006-01-25,35.23107147216797,41.2599983215332
2006-01-26,35.478694915771484,41.54999923706055
2006-01-27,35.956878662109375,42.11000061035156
2006-01-30,36.02517318725586,42.189998626708984
2006-01-31,35.86292266845703,42.0
2006-02-01,35.991031646728516,42.150001525878906
2006-02-02,35.376220703125,41.43000030517578
2006-02-03,34.94074630737305,40.91999816894531
2006-02-06,34.84681701660156,40.810001373291016
2006-02-07,34.693119049072266,40.630001068115234
2006-02-08,35.09443283081055,41.099998474121094
2006-02-09,34.76142501831055,40.709999084472656
2006-02-10,34.974910736083984,40.959999084472656
2006-02-13,34.57360076904297,40.4900016784668
2006-02-14,34.92367172241211,40.900001525878906
2006-02-15,35.14567565917969,41.15999984741211
2006-02-16,35.47014236450195,41.540000915527344
2006-02-17,35.188385009765625,41.209999084472656
2006-02-21,34.795589447021484,40.75
2006-02-22,35.23107147216797,41.2599983215332
2006-02-23,35.137142181396484,41.150001525878906
2006-02-24,35.23107147216797,41.2599983215332
2006-02-27,35.623844146728516,41.720001220703125
2006-02-28,35.09443283081055,41.099998474121094
2006-03-01,35.5726318359375,41.65999984741211
2006-03-02,35.59825134277344,41.689998626708984
2006-03-03,35.393306732177734,41.45000076293945
2006-03-06,35.08591842651367,41.09000015258789
2006-03-07,34.8809814453125,40.849998474121094
2006-03-08,34.8980598449707,40.869998931884766
2006-03-09,34.59920883178711,40.52000045776367
2006-03-10,34.633358001708984,40.560001373291016
2006-03-13,34.7358283996582,40.68000030517578
2006-03-14,35.324989318847656,41.369998931884766
2006-03-15,35.623844146728516,41.720001220703125
2006-03-16,35.324989318847656,41.369998931884766
2006-03-17,35.41814422607422,41.45000076293945
2006-03-20,35.50359344482422,41.54999923706055
2006-03-21,35.12760925292969,41.11000061035156
2006-03-22,35.21306228637695,41.209999084472656
2006-03-23,35.11053466796875,41.09000015258789
2006-03-24,35.28995895385742,41.29999923706055
2006-03-27,35.29851150512695,41.310001373291016
2006-03-28,35.15325927734375,41.13999938964844
2006-03-29,35.819740295410156,41.91999816894531
2006-03-30,35.93082809448242,42.04999923706055
2006-03-31,35.82828903198242,41.93000030517578
2006-04-03,35.87101745605469,41.97999954223633
2006-04-04,36.06752395629883,42.209999084472656
2006-04-05,36.409332275390625,42.61000061035156
2006-04-06,36.511871337890625,42.72999954223633
2006-04-07,36.16154479980469,42.31999969482422
2006-04-10,36.11028289794922,42.2599983215332
2006-04-11,35.819740295410156,41.91999816894531
2006-04-12,35.82828903198242,41.93000030517578
2006-04-13,35.97352981567383,42.099998474121094
2006-04-17,35.59757614135742,41.65999984741211
2006-04-18,36.28115463256836,42.459999084472656
2006-04-19,36.44353103637695,42.650001525878906
2006-04-20,36.31535339355469,42.5
2006-04-21,35.88807678222656,42.0
2006-04-24,35.85393142700195,41.959999084472656
2006-04-25,35.77702331542969,41.869998931884766
2006-04-26,35.768470764160156,41.86000061035156
2006-04-27,36.11028289794922,42.2599983215332
2006-04-28,35.75994110107422,41.849998474121094
2006-05-01,35.40959930419922,41.439998626708984
2006-05-02,35.50359344482422,41.54999923706055
2006-05-03,35.45230484008789,41.4900016784668
2006-05-04,35.74284362792969,41.83000183105469
2006-05-05,36.02482986450195,42.15999984741211
2006-05-08,36.058998107910156,42.20000076293945
2006-05-09,35.92228317260742,42.040000915527344
2006-05-10,35.60612106323242,41.66999816894531
2006-05-11,34.811458587646484,40.7400016784668
2006-05-12,34.341495513916016,40.189998626708984
2006-05-15,34.315853118896484,40.15999984741211
2006-05-16,34.05951690673828,39.86000061035156
2006-05-17,33.59809494018555,39.31999969482422
2006-05-18,33.367393493652344,39.04999923706055
2006-05-19,33.62373733520508,39.349998474121094
2006-05-22,33.299015045166016,38.970001220703125
2006-05-23,32.974308013916016,38.59000015258789
2006-05-24,33.196510314941406,38.849998474121094
2006-05-25,33.63227462768555,39.36000061035156
2006-05-26,33.743350982666016,39.4900016784668
2006-05-30,33.017059326171875,38.63999938964844
2006-05-31,33.17086410522461,38.81999969482422
2006-06-01,33.95697784423828,39.7400016784668
2006-06-02,33.87152862548828,39.63999938964844
2006-06-05,33.136688232421875,38.779998779296875
2006-06-06,33.11104965209961,38.75
2006-06-07,32.86326217651367,38.459999084472656
2006-06-08,32.81198501586914,38.400001525878906
2006-06-09,32.59833526611328,38.150001525878906
2006-06-12,31.95748519897461,37.400001525878906
2006-06-13,31.829328536987305,37.25
2006-06-14,32.154022216796875,37.630001068115234
2006-06-15,33.02558517456055,38.650001525878906
2006-06-16,32.78274154663086,38.34000015258789
2006-06-19,32.5177001953125,38.029998779296875
2006-06-20,32.560455322265625,38.08000183105469
2006-06-21,33.073482513427734,38.68000030517578
2006-06-22,32.654518127441406,38.189998626708984
2006-06-23,32.620296478271484,38.150001525878906
2006-06-26,32.70581817626953,38.25
2006-06-27,32.090179443359375,37.529998779296875
2006-06-28,32.32959747314453,37.810001373291016
2006-06-29,33.312904357910156,38.959999084472656
2006-06-30,33.15043640136719,38.77000045776367
2006-07-03,33.34710693359375,39.0
2006-07-05,32.620296478271484,38.150001525878906
2006-07-06,32.58611297607422,38.11000061035156
2006-07-07,32.22697830200195,37.689998626708984
2006-07-10,31.944801330566406,37.36000061035156
2006-07-11,32.18422317504883,37.63999938964844
2006-07-12,31.577119827270508,36.93000030517578
2006-07-13,31.046993255615234,36.310001373291016
2006-07-14,30.730621337890625,35.939998626708984
2006-07-17,30.807598114013672,36.029998779296875
2006-07-18,30.910205841064453,36.150001525878906
2006-07-19,31.312074661254883,36.619998931884766
2006-07-20,30.850351333618164,36.08000183105469
2006-07-21,30.525421142578125,35.70000076293945
2006-07-24,31.132522583007812,36.40999984741211
2006-07-25,31.312074661254883,36.619998931884766
2006-07-26,31.28643035888672,36.59000015258789
2006-07-27,31.081209182739258,36.349998474121094
2006-07-28,31.731040954589844,37.11000061035156
2006-07-31,31.72248077392578,37.099998474121094
2006-08-01,31.192358016967773,36.47999954223633
2006-08-02,31.54292106628418,36.88999938964844
2006-08-03,31.739585876464844,37.119998931884766
2006-08-04,31.594240188598633,36.95000076293945
2006-08-07,31.389019012451172,36.709999084472656
2006-08-08,31.192358016967773,36.47999954223633
2006-08-09,31.2351016998291,36.529998779296875
2006-08-10,31.457426071166992,36.790000915527344
2006-08-11,31.2351016998291,36.529998779296875
2006-08-14,31.440326690673828,36.77000045776367
2006-08-15,32.23552322387695,37.70000076293945
2006-08-16,32.99650192260742,38.59000015258789
2006-08-17,33.11623001098633,38.72999954223633
2006-08-18,33.167537689208984,38.790000915527344
2006-08-21,32.851158142089844,38.41999816894531
2006-08-22,32.859710693359375,38.43000030517578
2006-08-23,32.61176300048828,38.13999938964844
2006-08-24,32.70581817626953,38.25
2006-08-25,32.765647888183594,38.31999969482422
2006-08-28,33.01362228393555,38.61000061035156
2006-08-29,33.11623001098633,38.72999954223633
2006-08-30,33.2701301574707,38.90999984741211
2006-08-31,33.235923767089844,38.869998931884766
2006-09-01,33.415504455566406,39.08000183105469
2006-09-05,33.740421295166016,39.459999084472656
2006-09-06,33.0649299621582,38.66999816894531
2006-09-07,32.911006927490234,38.4900016784668
2006-09-08,33.107688903808594,38.720001220703125
2006-09-11,33.312904357910156,38.959999084472656
2006-09-12,33.928531646728516,39.68000030517578
2006-09-13,34.159400939941406,39.95000076293945
2006-09-14,34.193599700927734,39.9900016784668
2006-09-15,34.31593704223633,40.11000061035156
2006-09-18,34.324493408203125,40.119998931884766
2006-09-19,34.093505859375,39.849998474121094
2006-09-20,34.58970642089844,40.43000030517578
2006-09-21,34.37582015991211,40.18000030517578
2006-09-22,34.1106071472168,39.869998931884766
2006-09-25,34.70950698852539,40.56999969482422
2006-09-26,34.880592346191406,40.77000045776367
2006-09-27,34.837825775146484,40.720001220703125
2006-09-28,34.93192672729492,40.83000183105469
2006-09-29,34.777931213378906,40.650001525878906
2006-10-02,34.34159851074219,40.13999938964844
2006-10-03,34.4870491027832,40.310001373291016
2006-10-04,35.33403015136719,41.29999923706055
2006-10-05,35.50514602661133,41.5
2006-10-06,35.42814254760742,41.40999984741211
2006-10-09,35.54792022705078,41.54999923706055
2006-10-10,35.60780715942383,41.619998931884766
2006-10-11,35.53936767578125,41.540000915527344
2006-10-12,36.104034423828125,42.20000076293945
2006-10-13,36.30081558227539,42.43000030517578
2006-10-16,36.33502197265625,42.470001220703125
2006-10-17,35.93290710449219,42.0
2006-10-18,35.76181411743164,41.79999923706055
2006-10-19,35.84737014770508,41.900001525878906
2006-10-20,35.93290710449219,42.0
2006-10-23,36.30081558227539,42.43000030517578
2006-10-24,36.052703857421875,42.13999938964844
2006-10-25,36.30081558227539,42.43000030517578
2006-10-26,36.634464263916016,42.81999969482422
2006-10-27,36.11257553100586,42.209999084472656
2006-10-30,36.34357833862305,42.47999954223633
2006-10-31,36.42914962768555,42.58000183105469
2006-11-01,35.93290710449219,42.0
2006-11-02,35.96715545654297,42.040000915527344
2006-11-03,35.8730354309082,41.93000030517578
2006-11-06,36.39490509033203,42.540000915527344
2006-11-07,36.64302062988281,42.83000183105469
2006-11-08,36.81413269042969,43.029998779296875
2006-11-09,36.64302062988281,42.83000183105469
2006-11-10,36.81413269042969,43.029998779296875
2006-11-13,37.19056701660156,43.470001220703125
2006-11-14,37.584136962890625,43.93000030517578
2006-11-15,37.738128662109375,44.11000061035156
2006-11-16,37.90065383911133,44.29999923706055
2006-11-17,37.90065383911133,44.29999923706055
2006-11-20,37.977684020996094,44.38999938964844
2006-11-21,38.02901840209961,44.45000076293945
2006-11-22,38.26856231689453,44.72999954223633
2006-11-24,38.200138092041016,44.650001525878906
2006-11-27,37.33599853515625,43.63999938964844
2006-11-28,37.447227478027344,43.77000045776367
2006-11-29,37.70388412475586,44.06999969482422
2006-11-30,37.67824172973633,44.040000915527344
2006-12-01,37.3531379699707,43.65999984741211
2006-12-04,37.866455078125,44.2599983215332
2006-12-05,38.003353118896484,44.41999816894531
2006-12-06,37.866455078125,44.2599983215332
2006-12-07,37.387359619140625,43.70000076293945
2006-12-08,37.55845642089844,43.900001525878906
2006-12-11,37.69535827636719,44.060001373291016
2006-12-12,37.47289276123047,43.79999923706055
2006-12-13,37.541358947753906,43.880001068115234
2006-12-14,37.96056365966797,44.369998931884766
2006-12-15,38.0582160949707,44.43000030517578
2006-12-18,37.68132400512695,43.9900016784668
2006-12-19,37.56139373779297,43.849998474121094
2006-12-20,37.42433547973633,43.689998626708984
2006-12-21,37.1588134765625,43.380001068115234
2006-12-22,36.77333068847656,42.93000030517578
2006-12-26,36.92751693725586,43.11000061035156
2006-12-27,37.115970611572266,43.33000183105469
2006-12-28,36.93608474731445,43.119998931884766
2006-12-29,36.9703483581543,43.15999984741211
2007-01-03,37.03889465332031,43.2400016784668
2007-01-04,37.741294860839844,44.060001373291016
2007-01-05,37.56139373779297,43.849998474121094
2007-01-08,37.587093353271484,43.880001068115234
2007-01-09,37.77555847167969,44.099998474121094
2007-01-10,38.22096252441406,44.619998931884766
2007-01-11,38.615013122558594,45.08000183105469
2007-01-12,38.8120231628418,45.310001373291016
2007-01-16,38.78632736206055,45.279998779296875
2007-01-17,38.46936798095703,44.90999984741211
2007-01-18,37.758399963378906,44.08000183105469
2007-01-19,37.83549880981445,44.16999816894531
2007-01-22,37.42433547973633,43.689998626708984
2007-01-23,37.33012771606445,43.58000183105469
2007-01-24,37.946842193603516,44.29999923706055
2007-01-25,37.458621978759766,43.72999954223633
2007-01-26,37.321556091308594,43.56999969482422
2007-01-29,37.35581970214844,43.61000061035156
2007-01-30,37.372947692871094,43.630001068115234
2007-01-31,37.74982452392578,44.06999969482422
2007-02-01,37.68989562988281,44.0
2007-02-02,37.826942443847656,44.15999984741211
2007-02-05,37.79267883300781,44.119998931884766
2007-02-06,37.741294860839844,44.060001373291016
2007-02-07,38.08390426635742,44.459999084472656
2007-02-08,38.07535934448242,44.45000076293945
2007-02-09,37.587093353271484,43.880001068115234
2007-02-12,37.44145202636719,43.709999084472656
2007-02-13,37.56998062133789,43.86000061035156
2007-02-14,38.20384979248047,44.599998474121094
2007-02-15,38.426551818847656,44.86000061035156
2007-02-16,38.29806137084961,44.709999084472656
2007-02-20,38.58930969238281,45.04999923706055
2007-02-21,38.7092170715332,45.189998626708984
2007-02-22,38.90623474121094,45.41999816894531
2007-02-23,38.76917266845703,45.2599983215332
2007-02-26,38.580745697021484,45.040000915527344
2007-02-27,36.99605178833008,43.189998626708984
2007-02-28,37.115970611572266,43.33000183105469
2007-03-01,36.94465637207031,43.130001068115234
2007-03-02,36.38785934448242,42.47999954223633
2007-03-05,36.10520935058594,42.150001525878906
2007-03-06,36.704803466796875,42.849998474121094
2007-03-07,36.55918884277344,42.68000030517578
2007-03-08,36.807613372802734,42.970001220703125
2007-03-09,36.77333068847656,42.93000030517578
2007-03-12,37.01319122314453,43.209999084472656
2007-03-13,36.29365158081055,42.369998931884766
2007-03-14,36.82473373413086,42.9900016784668
2007-03-15,36.73905944824219,42.88999938964844
2007-03-16,36.71078872680664,42.83000183105469
2007-03-19,37.08791732788086,43.27000045776367
2007-03-20,37.3536491394043,43.58000183105469
2007-03-21,38.07361602783203,44.41999816894531
2007-03-22,37.936492919921875,44.2599983215332
2007-03-23,37.81649398803711,44.119998931884766
2007-03-26,37.97075653076172,44.29999923706055
2007-03-27,37.70505142211914,43.9900016784668
2007-03-28,37.30221176147461,43.52000045776367
2007-03-29,37.34507751464844,43.56999969482422
2007-03-30,37.31078338623047,43.529998779296875
2007-04-02,37.3621940612793,43.59000015258789
2007-04-03,37.85076141357422,44.15999984741211
2007-04-04,38.00505065917969,44.34000015258789
2007-04-05,38.193626403808594,44.560001373291016
2007-04-09,38.099334716796875,44.45000076293945
2007-04-10,38.29647445678711,44.68000030517578
2007-04-11,37.893611907958984,44.209999084472656
2007-04-12,38.193626403808594,44.560001373291016
2007-04-13,38.2707633972168,44.650001525878906
2007-04-16,38.6221923828125,45.060001373291016
2007-04-17,38.70790100097656,45.15999984741211
2007-04-18,38.57929611206055,45.0099983215332
2007-04-19,38.69933319091797,45.150001525878906
2007-04-20,38.91362762451172,45.400001525878906
2007-04-23,38.97361373901367,45.470001220703125
2007-04-24,39.170745849609375,45.70000076293945
2007-04-25,39.693599700927734,46.310001373291016
2007-04-26,39.899295806884766,46.54999923706055
2007-04-27,39.91645431518555,46.56999969482422
2007-04-30,39.393592834472656,45.959999084472656
2007-05-01,39.359310150146484,45.91999816894531
2007-05-02,39.787864685058594,46.41999816894531
2007-05-03,39.9336051940918,46.59000015258789
2007-05-04,39.96788024902344,46.630001068115234
2007-05-07,39.96788024902344,46.630001068115234
2007-05-08,40.0535888671875,46.72999954223633
2007-05-09,40.139312744140625,46.83000183105469
2007-05-10,39.590736389160156,46.189998626708984
2007-05-11,40.09645080566406,46.779998779296875
2007-05-14,39.822166442871094,46.459999084472656
2007-05-15,39.51359558105469,46.099998474121094
2007-05-16,39.899295806884766,46.54999923706055
2007-05-17,39.71074295043945,46.33000183105469
2007-05-18,40.03644943237305,46.709999084472656
2007-05-21,40.29358673095703,47.0099983215332
2007-05-22,40.32786178588867,47.04999923706055
2007-05-23,40.139312744140625,46.83000183105469
2007-05-24,39.56501388549805,46.15999984741211
2007-05-25,39.813594818115234,46.45000076293945
2007-05-29,40.12214660644531,46.810001373291016
2007-05-30,40.447853088378906,47.189998626708984
2007-05-31,40.636444091796875,47.40999984741211
2007-06-01,40.662147521972656,47.439998626708984
2007-06-04,40.78215026855469,47.58000183105469
2007-06-05,40.78215026855469,47.58000183105469
2007-06-06,40.34501266479492,47.06999969482422
2007-06-07,39.71930694580078,46.34000015258789
2007-06-08,40.20785903930664,46.90999984741211
2007-06-11,40.13072204589844,46.81999969482422
2007-06-12,39.890743255615234,46.540000915527344
2007-06-13,40.32786178588867,47.04999923706055
2007-06-14,40.59357833862305,47.36000061035156
2007-06-15,40.968414306640625,47.7599983215332
2007-06-18,40.97702407836914,47.77000045776367
2007-06-19,40.968414306640625,47.7599983215332
2007-06-20,40.582420349121094,47.310001373291016
2007-06-21,40.95126724243164,47.7400016784668
2007-06-22,40.56527328491211,47.290000915527344
2007-06-25,40.393707275390625,47.09000015258789
2007-06-26,40.162113189697266,46.81999969482422
2007-06-27,40.779727935791016,47.540000915527344
2007-06-28,40.7625732421875,47.52000045776367
2007-06-29,40.83120346069336,47.599998474121094
2007-07-02,41.20003128051758,48.029998779296875
2007-07-03,41.44023132324219,48.310001373291016
2007-07-05,41.74045944213867,48.65999984741211
2007-07-06,41.912010192871094,48.86000061035156
2007-07-09,41.93773651123047,48.88999938964844
2007-07-10,41.58605194091797,48.47999954223633
2007-07-11,41.86912536621094,48.810001373291016
2007-07-12,42.5124626159668,49.560001373291016
2007-07-13,42.80412673950195,49.900001525878906
2007-07-16,42.76122283935547,49.849998474121094
2007-07-17,43.087196350097656,50.22999954223633
2007-07-18,43.03571701049805,50.16999816894531
2007-07-19,43.164398193359375,50.31999969482422
2007-07-20,42.932796478271484,50.04999923706055
2007-07-23,42.94994354248047,50.06999969482422
2007-07-24,42.31517028808594,49.33000183105469
2007-07-25,42.3752326965332,49.400001525878906
2007-07-26,42.01494216918945,48.97999954223633
2007-07-27,41.16572952270508,47.9900016784668
2007-07-30,41.64609909057617,48.54999923706055
2007-07-31,40.771114349365234,47.529998779296875
2007-08-01,41.08852005004883,47.900001525878906
2007-08-02,41.46596145629883,48.34000015258789
2007-08-03,40.67677307128906,47.41999816894531
2007-08-06,41.14856719970703,47.970001220703125
2007-08-07,41.44023132324219,48.310001373291016
2007-08-08,41.89485168457031,48.84000015258789
2007-08-09,40.925537109375,47.709999084472656
2007-08-10,40.556671142578125,47.279998779296875
2007-08-13,40.83120346069336,47.599998474121094
2007-08-14,40.136383056640625,46.790000915527344
2007-08-15,39.372947692871094,45.900001525878906
2007-08-16,38.9869384765625,45.45000076293945
2007-08-17,39.72462844848633,46.310001373291016
2007-08-20,39.91334915161133,46.529998779296875
2007-08-21,40.33366775512695,47.02000045776367
2007-08-22,40.882652282714844,47.65999984741211
2007-08-23,40.771114349365234,47.529998779296875
2007-08-24,41.34587097167969,48.20000076293945
2007-08-27,41.071388244628906,47.880001068115234
2007-08-28,40.093475341796875,46.7400016784668
2007-08-29,41.2429313659668,48.08000183105469
2007-08-30,41.45738220214844,48.33000183105469
2007-08-31,41.92057800292969,48.869998931884766
2007-09-04,42.61541748046875,49.68000030517578
2007-09-05,42.186492919921875,49.18000030517578
2007-09-06,42.1522102355957,49.13999938964844
2007-09-07,41.37158966064453,48.22999954223633
2007-09-10,41.34587097167969,48.20000076293945
2007-09-11,41.97205352783203,48.93000030517578
2007-09-12,41.98063278198242,48.939998626708984
2007-09-13,42.186492919921875,49.18000030517578
2007-09-14,42.220829010009766,49.220001220703125
2007-09-17,41.86912536621094,48.810001373291016
2007-09-18,42.92420959472656,50.040000915527344
2007-09-19,43.03571701049805,50.16999816894531
2007-09-20,42.91563034057617,50.029998779296875
2007-09-21,43.22117233276367,50.36000061035156
2007-09-24,43.41857147216797,50.59000015258789
2007-09-25,43.830535888671875,51.06999969482422
2007-09-26,44.045074462890625,51.31999969482422
2007-09-27,44.26823043823242,51.58000183105469
2007-09-28,44.1223258972168,51.40999984741211
2007-10-01,44.628684997558594,52.0
2007-10-02,44.637264251708984,52.0099983215332
2007-10-03,44.328311920166016,51.650001525878906
2007-10-04,44.431297302246094,51.77000045776367
2007-10-05,45.33244705200195,52.81999969482422
2007-10-08,45.61568069458008,53.150001525878906
2007-10-09,45.81305694580078,53.380001068115234
2007-10-10,45.92463302612305,53.5099983215332
2007-10-11,45.19512176513672,52.65999984741211
2007-10-12,45.94181442260742,53.529998779296875
2007-10-15,45.58991622924805,53.119998931884766
2007-10-16,45.375362396240234,52.869998931884766
2007-10-17,45.958961486816406,53.54999923706055
2007-10-18,46.156368255615234,53.779998779296875
2007-10-19,45.00629806518555,52.439998626708984
2007-10-22,45.5470085144043,53.06999969482422
2007-10-23,46.49965286254883,54.18000030517578
2007-10-24,46.147796630859375,53.77000045776367
2007-10-25,45.52984619140625,53.04999923706055
2007-10-26,46.28511047363281,53.93000030517578
2007-10-29,46.47393035888672,54.150001525878906
2007-10-30,46.56831359863281,54.2599983215332
2007-10-31,47.22917175292969,55.029998779296875
2007-11-01,46.345191955566406,54.0
2007-11-02,46.70563888549805,54.41999816894531
2007-11-05,46.405250549316406,54.06999969482422
2007-11-06,46.928794860839844,54.68000030517578
2007-11-07,45.787330627441406,53.349998474121094
2007-11-08,44.39696502685547,51.72999954223633
2007-11-09,42.912208557128906,50.0
2007-11-12,41.82221984863281,48.72999954223633
2007-11-13,43.547306060791016,50.7400016784668
2007-11-14,42.98945999145508,50.09000015258789
2007-11-15,42.75770568847656,49.81999969482422
2007-11-16,43.152496337890625,50.279998779296875
2007-11-19,42.65473175048828,49.70000076293945
2007-11-20,42.82638168334961,49.900001525878906
2007-11-21,42.32001495361328,49.310001373291016
2007-11-23,42.77486801147461,49.84000015258789
2007-11-26,42.03678512573242,48.97999954223633
2007-11-27,42.87788009643555,49.959999084472656
2007-11-28,44.182403564453125,51.47999954223633
2007-11-29,44.3712043762207,51.70000076293945
2007-11-30,44.036502838134766,51.310001373291016
2007-12-03,43.66746139526367,50.880001068115234
2007-12-04,43.487220764160156,50.66999816894531
2007-12-05,44.26823043823242,51.58000183105469
2007-12-06,44.90332794189453,52.31999969482422
2007-12-07,44.91191101074219,52.33000183105469
2007-12-10,45.09214782714844,52.540000915527344
2007-12-11,44.045074462890625,51.31999969482422
2007-12-12,44.43986892700195,51.779998779296875
2007-12-13,44.19956970214844,51.5
2007-12-14,43.744693756103516,50.970001220703125
2007-12-17,42.68047332763672,49.72999954223633
2007-12-18,42.81779861450195,49.88999938964844
2007-12-19,42.809207916259766,49.880001068115234
2007-12-20,43.68461608886719,50.900001525878906
2007-12-21,44.54633331298828,51.849998474121094
2007-12-24,44.88140106201172,52.2400016784668
2007-12-26,45.104774475097656,52.5
2007-12-27,44.563514709472656,51.869998931884766
2007-12-28,44.52055740356445,51.81999969482422
2007-12-31,44.00509262084961,51.220001220703125
2008-01-02,43.309173583984375,50.40999984741211
2008-01-03,43.48960494995117,50.619998931884766
2008-01-04,41.58230209350586,48.400001525878906
2008-01-07,41.38472366333008,48.16999816894531
2008-01-08,40.31079864501953,46.91999816894531
2008-01-09,41.1699333190918,47.91999816894531
2008-01-10,41.23006057739258,47.9900016784668
2008-01-11,40.422481536865234,47.04999923706055
2008-01-14,41.12697982788086,47.869998931884766
2008-01-15,39.9929084777832,46.54999923706055
2008-01-16,39.563331604003906,46.04999923706055
2008-01-17,39.01346969604492,45.40999984741211
2008-01-18,38.961936950683594,45.349998474121094
2008-01-22,37.95675277709961,44.18000030517578
2008-01-23,37.81069564819336,44.0099983215332
2008-01-24,38.58391189575195,44.90999984741211
2008-01-25,37.79351043701172,43.9900016784668
2008-01-28,38.085609436035156,44.33000183105469
2008-01-29,38.154354095458984,44.40999984741211
2008-01-30,38.1199836730957,44.369998931884766
2008-01-31,38.77291488647461,45.130001068115234
2008-02-01,39.168121337890625,45.59000015258789
2008-02-04,38.6182861328125,44.95000076293945
2008-02-05,37.51858139038086,43.66999816894531
2008-02-06,36.779727935791016,42.810001373291016
2008-02-07,37.037452697753906,43.11000061035156
2008-02-08,37.458431243896484,43.599998474121094
2008-02-11,37.862239837646484,44.06999969482422
2008-02-12,37.64745330810547,43.81999969482422
2008-02-13,38.472232818603516,44.779998779296875
2008-02-14,37.77631759643555,43.970001220703125
2008-02-15,37.64745330810547,43.81999969482422
2008-02-19,37.5787239074707,43.7400016784668
2008-02-20,37.75054931640625,43.939998626708984
2008-02-21,37.38972091674805,43.52000045776367
2008-02-22,37.52718734741211,43.68000030517578
2008-02-25,37.716190338134766,43.900001525878906
2008-02-26,37.862239837646484,44.06999969482422
2008-02-27,38.05126190185547,44.290000915527344
2008-02-28,37.90519714355469,44.119998931884766
2008-02-29,36.90001678466797,42.95000076293945
2008-03-03,36.65943145751953,42.66999816894531
2008-03-04,36.86565017700195,42.90999984741211
2008-03-05,37.04606628417969,43.119998931884766
2008-03-06,36.22987747192383,42.16999816894531
2008-03-07,36.14397430419922,42.06999969482422
2008-03-10,35.44806671142578,41.2599983215332
2008-03-11,36.796905517578125,42.83000183105469
2008-03-12,36.693809509277344,42.709999084472656
2008-03-13,36.977325439453125,43.040000915527344
2008-03-14,36.298606872558594,42.25
2008-03-17,35.63707733154297,41.47999954223633
2008-03-18,37.22648239135742,43.33000183105469
2008-03-19,36.307193756103516,42.2599983215332
2008-03-20,37.04920959472656,43.09000015258789
2008-03-24,38.3303337097168,44.58000183105469
2008-03-25,38.5452995300293,44.83000183105469
2008-03-26,38.43349838256836,44.70000076293945
2008-03-27,37.58229446411133,43.709999084472656
2008-03-28,37.39312744140625,43.4900016784668
2008-03-31,37.59088897705078,43.720001220703125
2008-04-01,39.198726654052734,45.59000015258789
2008-04-02,39.112754821777344,45.4900016784668
2008-04-03,39.198726654052734,45.59000015258789
2008-04-04,39.430870056152344,45.86000061035156
2008-04-07,39.344913482666016,45.7599983215332
2008-04-08,39.04396057128906,45.40999984741211
2008-04-09,38.60546875,44.900001525878906
2008-04-10,39.155757904052734,45.540000915527344
2008-04-11,38.0723991394043,44.279998779296875
2008-04-14,37.90041732788086,44.08000183105469
2008-04-15,37.95201873779297,44.13999938964844
2008-04-16,39.009578704833984,45.369998931884766
2008-04-17,38.92361068725586,45.27000045776367
2008-04-18,40.16172409057617,46.709999084472656
2008-04-21,40.44546890258789,47.040000915527344
2008-04-22,39.84359359741211,46.34000015258789
2008-04-23,40.28208923339844,46.849998474121094
2008-04-24,40.64323043823242,47.27000045776367
2008-04-25,40.54004669189453,47.150001525878906
2008-04-28,40.6174201965332,47.2400016784668
2008-04-29,40.92696762084961,47.599998474121094
2008-04-30,40.59163284301758,47.209999084472656
2008-05-01,41.87274932861328,48.70000076293945
2008-05-02,41.93293380737305,48.77000045776367
2008-05-05,41.81254959106445,48.630001068115234
2008-05-06,42.07051467895508,48.93000030517578
2008-05-07,41.30527877807617,48.040000915527344
2008-05-08,41.61479568481445,48.400001525878906
2008-05-09,41.451438903808594,48.209999084472656
2008-05-12,42.20806884765625,49.09000015258789
2008-05-13,42.319847106933594,49.220001220703125
2008-05-14,42.22527313232422,49.11000061035156
2008-05-15,42.96472930908203,49.970001220703125
2008-05-16,42.999088287353516,50.0099983215332
2008-05-19,42.689579010009766,49.650001525878906
2008-05-20,42.36283493041992,49.27000045776367
2008-05-21,41.42565155029297,48.18000030517578
2008-05-22,41.57182312011719,48.349998474121094
2008-05-23,41.44284439086914,48.20000076293945
2008-05-27,42.17367935180664,49.04999923706055
2008-05-28,42.345638275146484,49.25
2008-05-29,42.72395324707031,49.689998626708984
2008-05-30,42.999088287353516,50.0099983215332
2008-06-02,42.4746208190918,49.400001525878906
2008-06-03,42.24245834350586,49.130001068115234
2008-06-04,42.78414535522461,49.7599983215332
2008-06-05,43.46341323852539,50.54999923706055
2008-06-06,42.156494140625,49.029998779296875
2008-06-09,41.93293380737305,48.77000045776367
2008-06-10,41.73517608642578,48.540000915527344
2008-06-11,40.72919845581055,47.369998931884766
2008-06-12,40.77219772338867,47.41999816894531
2008-06-13,41.58901596069336,48.369998931884766
2008-06-16,41.95873260498047,48.79999923706055
2008-06-17,41.73517608642578,48.540000915527344
2008-06-18,41.28807067871094,48.02000045776367
2008-06-19,41.93293380737305,48.77000045776367
2008-06-20,40.80064010620117,47.41999816894531
2008-06-23,40.48229217529297,47.04999923706055
2008-06-24,40.27577209472656,46.810001373291016
2008-06-25,40.9296875,47.56999969482422
2008-06-26,39.2776985168457,45.650001525878906
2008-06-27,39.2776985168457,45.650001525878906
2008-06-30,38.86471176147461,45.16999816894531
2008-07-01,39.41539001464844,45.810001373291016
2008-07-02,38.46893310546875,44.709999084472656
2008-07-03,38.40008544921875,44.630001068115234
2008-07-07,38.63239288330078,44.900001525878906
2008-07-08,39.55305099487305,45.970001220703125
2008-07-09,38.50336837768555,44.75
2008-07-10,38.95936584472656,45.279998779296875
2008-07-11,38.339874267578125,44.560001373291016
2008-07-14,38.05593490600586,44.22999954223633
2008-07-15,38.06452178955078,44.2400016784668
2008-07-16,39.010986328125,45.34000015258789
2008-07-17,39.26911926269531,45.63999938964844
2008-07-18,38.365665435791016,44.59000015258789
2008-07-21,38.5291633605957,44.779998779296875
2008-07-22,38.5291633605957,44.779998779296875
2008-07-23,39.03679656982422,45.369998931884766
2008-07-24,38.45171356201172,44.689998626708984
2008-07-25,38.95076370239258,45.27000045776367
2008-07-28,38.21940231323242,44.41999816894531
2008-07-29,39.010986328125,45.34000015258789
2008-07-30,39.208885192871094,45.56999969482422
2008-07-31,39.114227294921875,45.459999084472656
2008-08-01,38.615196228027344,44.880001068115234
2008-08-04,38.2280158996582,44.43000030517578
2008-08-05,39.51862716674805,45.93000030517578
2008-08-06,40.12092208862305,46.630001068115234
2008-08-07,39.8111686706543,46.27000045776367
2008-08-08,40.714603424072266,47.31999969482422
2008-08-11,41.084590911865234,47.75
2008-08-12,41.127586364746094,47.79999923706055
2008-08-13,41.041542053222656,47.70000076293945
2008-08-14,41.51477813720703,48.25
2008-08-15,41.43733596801758,48.15999984741211
2008-08-18,40.95551681518555,47.599998474121094
2008-08-19,40.44786834716797,47.0099983215332
2008-08-20,40.51671600341797,47.09000015258789
2008-08-21,40.32742691040039,46.869998931884766
2008-08-22,40.86085510253906,47.4900016784668
2008-08-25,40.000457763671875,46.4900016784668
2008-08-26,39.948829650878906,46.43000030517578
2008-08-27,40.206947326660156,46.72999954223633
2008-08-28,40.53392028808594,47.11000061035156
2008-08-29,39.68211364746094,46.119998931884766
2008-09-02,39.1916618347168,45.54999923706055
2008-09-03,38.821693420410156,45.119998931884766
2008-09-04,37.56550598144531,43.65999984741211
2008-09-05,37.384803771972656,43.45000076293945
2008-09-08,37.31597900390625,43.369998931884766
2008-09-09,36.524391174316406,42.45000076293945
2008-09-10,36.82554244995117,42.79999923706055
2008-09-11,37.513851165771484,43.599998474121094
2008-09-12,37.367591857910156,43.43000030517578
2008-09-15,36.20604705810547,42.08000183105469
2008-09-16,36.48998260498047,42.40999984741211
2008-09-17,34.597076416015625,40.209999084472656
2008-09-18,35.76722717285156,41.56999969482422
2008-09-19,36.93648147583008,42.900001525878906
2008-09-22,35.197265625,40.880001068115234
2008-09-23,34.93036651611328,40.56999969482422
2008-09-24,35.17144012451172,40.849998474121094
2008-09-25,35.7310791015625,41.5
2008-09-26,35.369476318359375,41.08000183105469
2008-09-29,32.562625885009766,37.81999969482422
2008-09-30,33.50111770629883,38.90999984741211
2008-10-01,33.14810562133789,38.5
2008-10-02,31.64137840270996,36.75
2008-10-03,31.150615692138672,36.18000030517578
2008-10-06,30.014083862304688,34.86000061035156
2008-10-07,28.111324310302734,32.650001525878906
2008-10-08,27.887453079223633,32.38999938964844
2008-10-09,27.138397216796875,31.520000457763672
2008-10-10,26.966196060180664,31.31999969482422
2008-10-13,30.246583938598633,35.130001068115234
2008-10-14,28.937870025634766,33.61000061035156
2008-10-15,26.34629249572754,30.600000381469727
2008-10-16,27.775529861450195,32.2599983215332
2008-10-17,27.80997657775879,32.29999923706055
2008-10-20,28.58486557006836,33.20000076293945
2008-10-21,27.103965759277344,31.479999542236328
2008-10-22,26.354900360107422,30.610000610351562
2008-10-23,26.251583099365234,30.489999771118164
2008-10-24,25.407814025878906,29.510000228881836
2008-10-27,24.70179557800293,28.690000534057617
2008-10-28,27.431133270263672,31.860000610351562
2008-10-29,27.36226463317871,31.780000686645508
2008-10-30,28.274906158447266,32.84000015258789
2008-10-31,28.317962646484375,32.88999938964844
2008-11-03,28.25769805908203,32.81999969482422
2008-11-04,29.058399200439453,33.75
2008-11-05,27.543067932128906,31.989999771118164
2008-11-06,26.31184959411621,30.559999465942383
2008-11-07,26.85426902770996,31.190000534057617
2008-11-10,26.49265480041504,30.770000457763672
2008-11-11,25.915800094604492,30.100000381469727
2008-11-12,24.71901512145996,28.709999084472656
2008-11-13,26.22573471069336,30.459999084472656
2008-11-14,24.951492309570312,28.979999542236328
2008-11-17,24.426280975341797,28.3700008392334
2008-11-18,24.400447845458984,28.34000015258789
2008-11-19,23.126190185546875,26.860000610351562
2008-11-20,22.00690460205078,25.559999465942383
2008-11-21,22.96259307861328,26.670000076293945
2008-11-24,24.366008758544922,28.299999237060547
2008-11-25,24.25408363342285,28.170000076293945
2008-11-26,25.270057678222656,29.350000381469727
2008-11-28,25.072025299072266,29.1200008392334
2008-12-01,23.186464309692383,26.93000030517578
2008-12-02,23.961349487304688,27.829999923706055
2008-12-03,24.641529083251953,28.6200008392334
2008-12-04,23.944128036499023,27.809999465942383
2008-12-05,24.91704750061035,28.940000534057617
2008-12-08,25.898569107055664,30.079999923706055
2008-12-09,25.838302612304688,30.010000228881836
2008-12-10,25.752201080322266,29.90999984741211
2008-12-11,25.046201705932617,29.09000015258789
2008-12-12,25.554180145263672,29.68000030517578
2008-12-15,25.106454849243164,29.15999984741211
2008-12-16,26.31184959411621,30.559999465942383
2008-12-17,25.9932804107666,30.190000534057617
2008-12-18,25.536964416503906,29.65999984741211
2008-12-19,25.74648666381836,29.860000610351562
2008-12-22,25.186031341552734,29.209999084472656
2008-12-23,25.056690216064453,29.059999465942383
2008-12-24,25.12567138671875,29.139999389648438
2008-12-26,25.117046356201172,29.1299991607666
2008-12-29,24.910112380981445,28.889999389648438
2008-12-30,25.42745018005371,29.489999771118164
2008-12-31,25.643016815185547,29.739999771118164
2009-01-02,26.75530242919922,31.030000686645508
2009-01-05,26.746685028076172,31.020000457763672
2009-01-06,27.01397132873535,31.329999923706055
2009-01-07,26.246583938598633,30.440000534057617
2009-01-08,26.522497177124023,30.760000228881836
2009-01-09,25.92755699157715,30.06999969482422
2009-01-12,25.453319549560547,29.520000457763672
2009-01-13,25.46193504333496,29.530000686645508
2009-01-14,24.685928344726562,28.6299991607666
2009-01-15,25.0911865234375,29.100000381469727
2009-01-16,25.367097854614258,29.420000076293945
2009-01-20,24.10822296142578,27.959999084472656
2009-01-21,25.134302139282227,29.149999618530273
2009-01-22,24.798011779785156,28.760000228881836
2009-01-23,24.918725967407227,28.899999618530273
2009-01-26,25.09980010986328,29.110000610351562
2009-01-27,25.280874252319336,29.31999969482422
2009-01-28,26.16897964477539,30.350000381469727
2009-01-29,25.505056381225586,29.579999923706055
2009-01-30,25.056690216064453,29.059999465942383
2009-02-02,25.358469009399414,29.40999984741211
2009-02-03,25.75510025024414,29.8700008392334
2009-02-04,25.78959083557129,29.90999984741211
2009-02-05,26.358675003051758,30.56999969482422
2009-02-06,27.048465728759766,31.3700008392334
2009-02-09,27.160554885864258,31.5
2009-02-10,26.16036605834961,30.34000015258789
2009-02-11,26.03964614868164,30.200000762939453
2009-02-12,26.358675003051758,30.56999969482422
2009-02-13,26.237958908081055,30.43000030517578
2009-02-17,25.194650650024414,29.219999313354492
2009-02-18,25.21189308166504,29.239999771118164
2009-02-19,24.823890686035156,28.790000915527344
2009-02-20,24.892868041992188,28.8700008392334
2009-02-23,24.02199935913086,27.860000610351562
2009-02-24,24.815261840820312,28.780000686645508
2009-02-25,24.651437759399414,28.59000015258789
2009-02-26,23.961647033691406,27.790000915527344
2009-02-27,23.737457275390625,27.530000686645508
2009-03-02,22.97007179260254,26.639999389648438
2009-03-03,22.952823638916016,26.6200008392334
2009-03-04,23.565017700195312,27.329999923706055
2009-03-05,22.85797119140625,26.510000228881836
2009-03-06,22.676904678344727,26.299999237060547
2009-03-09,22.19405174255371,25.739999771118164
2009-03-10,23.565017700195312,27.329999923706055
2009-03-11,23.927162170410156,27.75
2009-03-12,24.72041130065918,28.670000076293945
2009-03-13,24.780773162841797,28.739999771118164
2009-03-16,24.366891860961914,28.260000228881836
2009-03-17,25.28949737548828,29.329999923706055
2009-03-18,25.60852813720703,29.700000762939453
2009-03-19,25.591283798217773,29.68000030517578
2009-03-20,25.201757431030273,29.18000030517578
2009-03-23,26.687271118164062,30.899999618530273
2009-03-24,26.194976806640625,30.329999923706055
2009-03-25,26.315895080566406,30.469999313354492
2009-03-26,27.127737045288086,31.40999984741211
2009-03-27,26.618179321289062,30.81999969482422
2009-03-30,25.961790084838867,30.059999465942383
2009-03-31,26.186342239379883,30.31999969482422
2009-04-01,26.57499122619629,30.770000457763672
2009-04-02,27.430023193359375,31.760000228881836
2009-04-03,27.939586639404297,32.349998474121094
2009-04-06,27.87049674987793,32.27000045776367
2009-04-07,27.13637351989746,31.420000076293945
2009-04-08,27.594118118286133,31.950000762939453
2009-04-09,28.44914436340332,32.939998626708984
2009-04-13,28.405973434448242,32.88999938964844
2009-04-14,28.06050682067871,32.4900016784668
2009-04-15,27.98277473449707,32.400001525878906
2009-04-16,28.708250045776367,33.2400016784668
2009-04-17,28.76869773864746,33.310001373291016
2009-04-20,27.844581604003906,32.2400016784668
2009-04-21,28.233230590820312,32.689998626708984
2009-04-22,28.319604873657227,32.790000915527344
2009-04-23,28.595972061157227,33.11000061035156
2009-04-24,29.09689712524414,33.689998626708984
2009-04-27,29.131439208984375,33.72999954223633
2009-04-28,28.915536880493164,33.47999954223633
2009-04-29,29.31281280517578,33.939998626708984
2009-04-30,29.606462478637695,34.279998779296875
2009-05-01,29.684192657470703,34.369998931884766
2009-05-04,30.271486282348633,35.04999923706055
2009-05-05,30.245573043823242,35.02000045776367
2009-05-06,30.254207611083984,35.029998779296875
2009-05-07,29.545997619628906,34.209999084472656
2009-05-08,29.563268661499023,34.22999954223633
2009-05-11,29.666908264160156,34.349998474121094
2009-05-12,29.304168701171875,33.93000030517578
2009-05-13,28.518247604370117,33.02000045776367
2009-05-14,28.837800979614258,33.38999938964844
2009-05-15,28.820528030395508,33.369998931884766
2009-05-18,29.5719051361084,34.2400016784668
2009-05-19,29.710094451904297,34.400001525878906
2009-05-20,29.606462478637695,34.279998779296875
2009-05-21,29.062349319458008,33.650001525878906
2009-05-22,28.96735382080078,33.540000915527344
2009-05-26,30.046924591064453,34.790000915527344
2009-05-27,29.839643478393555,34.54999923706055
2009-05-28,30.185117721557617,34.95000076293945
2009-05-29,30.556499481201172,35.380001068115234
2009-06-01,31.428794860839844,36.38999938964844
2009-06-02,31.47197151184082,36.439998626708984
2009-06-03,31.3769588470459,36.33000183105469
2009-06-04,31.731063842773438,36.7400016784668
2009-06-05,31.765615463256836,36.779998779296875
2009-06-08,31.670625686645508,36.66999816894531
2009-06-09,31.912466049194336,36.95000076293945
2009-06-10,31.800172805786133,36.81999969482422
2009-06-11,31.800172805786133,36.81999969482422
2009-06-12,31.65333366394043,36.650001525878906
2009-06-15,31.0056095123291,35.900001525878906
2009-06-16,30.703311920166016,35.54999923706055
2009-06-17,30.996971130371094,35.88999938964844
2009-06-18,30.93650245666504,35.81999969482422
2009-06-19,31.26856803894043,36.15999984741211
2009-06-22,30.33466339111328,35.08000183105469
2009-06-23,30.26548194885254,35.0
2009-06-24,30.775663375854492,35.59000015258789
2009-06-25,31.380966186523438,36.290000915527344
2009-06-26,31.45014190673828,36.369998931884766
2009-06-29,31.519344329833984,36.45000076293945
2009-06-30,31.45880126953125,36.380001068115234
2009-07-01,31.476083755493164,36.400001525878906
2009-07-02,30.78430938720703,35.599998474121094
2009-07-06,30.62001609802246,35.40999984741211
2009-07-07,29.859050750732422,34.529998779296875
2009-07-08,30.014707565307617,34.709999084472656
2009-07-09,30.066572189331055,34.77000045776367
2009-07-10,30.196298599243164,34.91999816894531
2009-07-13,30.775663375854492,35.59000015258789
2009-07-14,30.88808822631836,35.720001220703125
2009-07-15,31.92576026916504,36.91999816894531
2009-07-16,32.306243896484375,37.36000061035156
2009-07-17,32.47917938232422,37.560001373291016
2009-07-20,32.79048538208008,37.91999816894531
2009-07-21,33.01532745361328,38.18000030517578
2009-07-22,33.29202651977539,38.5
2009-07-23,34.02704620361328,39.349998474121094
2009-07-24,33.76763916015625,39.04999923706055
2009-07-27,34.02704620361328,39.349998474121094
2009-07-28,33.79357147216797,39.08000183105469
2009-07-29,34.01837921142578,39.34000015258789
2009-07-30,34.217281341552734,39.56999969482422
2009-07-31,34.113521575927734,39.45000076293945
2009-08-03,34.62371063232422,40.040000915527344
2009-08-04,34.62371063232422,40.040000915527344
2009-08-05,34.355648040771484,39.72999954223633
2009-08-06,34.05299758911133,39.380001068115234
2009-08-07,34.48535919189453,39.880001068115234
2009-08-10,34.243228912353516,39.599998474121094
2009-08-11,33.949222564697266,39.2599983215332
2009-08-12,34.4766960144043,39.869998931884766
2009-08-13,34.66693878173828,40.09000015258789
2009-08-14,34.269168853759766,39.630001068115234
2009-08-17,33.27473068237305,38.47999954223633
2009-08-18,33.75032043457031,39.029998779296875
2009-08-19,33.983802795410156,39.29999923706055
2009-08-20,34.38158416748047,39.7599983215332
2009-08-21,34.839881896972656,40.290000915527344
2009-08-24,34.805301666259766,40.25
2009-08-25,34.90904998779297,40.369998931884766
2009-08-26,34.84854507446289,40.29999923706055
2009-08-27,34.93500518798828,40.400001525878906
2009-08-28,34.96957778930664,40.439998626708984
2009-08-31,34.615047454833984,40.029998779296875
2009-09-01,33.96651077270508,39.279998779296875
2009-09-02,33.94056701660156,39.25
2009-09-03,34.165401458740234,39.5099983215332
2009-09-04,34.900428771972656,40.36000061035156
2009-09-08,35.22902297973633,40.7400016784668
2009-09-09,35.531673431396484,41.09000015258789
2009-09-10,35.868919372558594,41.47999954223633
2009-09-11,35.90350341796875,41.52000045776367
2009-09-14,36.0418701171875,41.68000030517578
2009-09-15,36.154273986816406,41.810001373291016
2009-09-16,36.6817626953125,42.41999816894531
2009-09-17,36.67311096191406,42.40999984741211
2009-09-18,36.73457336425781,42.439998626708984
2009-09-21,36.84709548950195,42.56999969482422
2009-09-22,36.91634750366211,42.650001525878906
2009-09-23,36.74323654174805,42.45000076293945
2009-09-24,36.414306640625,42.06999969482422
2009-09-25,36.09405517578125,41.70000076293945
2009-09-28,36.708595275878906,42.40999984741211
2009-09-29,36.54415512084961,42.220001220703125
2009-09-30,36.57011032104492,42.25
2009-10-01,35.488155364990234,41.0
2009-10-02,35.3842887878418,40.880001068115234
2009-10-05,35.669921875,41.209999084472656
2009-10-06,36.30177307128906,41.939998626708984
2009-10-07,36.40565490722656,42.060001373291016
2009-10-08,36.56144714355469,42.2400016784668
2009-10-09,36.76919174194336,42.47999954223633
2009-10-12,36.84709548950195,42.56999969482422
2009-10-13,36.855751037597656,42.58000183105469
2009-10-14,37.357791900634766,43.15999984741211
2009-10-15,37.271209716796875,43.060001373291016
2009-10-16,37.02885818481445,42.779998779296875
2009-10-19,37.40105056762695,43.209999084472656
2009-10-20,37.409690856933594,43.220001220703125
2009-10-21,37.3404655456543,43.13999938964844
2009-10-22,37.48759841918945,43.310001373291016
2009-10-23,37.33180618286133,43.130001068115234
2009-10-26,37.210628509521484,42.9900016784668
2009-10-27,36.64800262451172,42.34000015258789
2009-10-28,35.82572555541992,41.38999938964844
2009-10-29,36.431610107421875,42.09000015258789
2009-10-30,35.45351791381836,40.959999084472656
2009-11-02,35.600685119628906,41.130001068115234
2009-11-03,35.713199615478516,41.2599983215332
2009-11-04,35.7738037109375,41.33000183105469
2009-11-05,36.65666961669922,42.349998474121094
2009-11-06,36.873050689697266,42.599998474121094
2009-11-09,37.660728454589844,43.5099983215332
2009-11-10,37.755943298339844,43.619998931884766
2009-11-11,37.998287200927734,43.900001525878906
2009-11-12,37.78190612792969,43.650001525878906
2009-11-13,38.093509674072266,44.0099983215332
2009-11-16,38.483009338378906,44.459999084472656
2009-11-17,38.60421371459961,44.599998474121094
2009-11-18,38.387794494628906,44.349998474121094
2009-11-19,37.790557861328125,43.65999984741211
2009-11-20,37.60013198852539,43.439998626708984
2009-11-23,38.206024169921875,44.13999938964844
2009-11-24,38.076194763183594,43.9900016784668
2009-11-25,38.24065017700195,44.18000030517578
2009-11-27,37.660728454589844,43.5099983215332
2009-11-30,37.70399475097656,43.560001373291016
2009-12-01,38.093509674072266,44.0099983215332
2009-12-02,38.14543914794922,44.06999969482422
2009-12-03,37.989627838134766,43.88999938964844
2009-12-04,38.188720703125,44.119998931884766
2009-12-07,38.00694274902344,43.90999984741211
2009-12-08,37.77324676513672,43.63999938964844
2009-12-09,38.15409469604492,44.08000183105469
2009-12-10,38.34452438354492,44.29999923706055
2009-12-11,38.19736099243164,44.130001068115234
2009-12-14,38.560909271240234,44.54999923706055
2009-12-15,38.34452438354492,44.29999923706055
2009-12-16,38.39645004272461,44.36000061035156
2009-12-17,37.929039001464844,43.81999969482422
2009-12-18,38.54721450805664,44.459999084472656
2009-12-21,38.9807243347168,44.959999084472656
2009-12-22,39.21481704711914,45.22999954223633
2009-12-23,39.500946044921875,45.560001373291016
2009-12-24,39.865089416503906,45.97999954223633
2009-12-28,40.07316970825195,46.220001220703125
2009-12-29,39.908424377441406,46.029998779296875
2009-12-30,40.02981185913086,46.16999816894531
2009-12-31,39.66566848754883,45.75
2010-01-04,40.2465705871582,46.41999816894531
2010-01-05,40.2465705871582,46.41999816894531
2010-01-06,40.0037841796875,46.13999938964844
2010-01-07,40.02981185913086,46.16999816894531
2010-01-08,40.35928726196289,46.54999923706055
2010-01-11,40.19455337524414,46.36000061035156
2010-01-12,39.691673278808594,45.779998779296875
2010-01-13,40.18587112426758,46.349998474121094
2010-01-14,40.22055435180664,46.38999938964844
2010-01-15,39.75236892700195,45.849998474121094
2010-01-19,40.393959045410156,46.59000015258789
2010-01-20,39.81306457519531,45.91999816894531
2010-01-21,39.44023895263672,45.4900016784668
2010-01-22,38.287132263183594,44.15999984741211
2010-01-25,38.41716766357422,44.310001373291016
2010-01-26,38.451839447021484,44.349998474121094
2010-01-27,38.75531005859375,44.70000076293945
2010-01-28,37.75822830200195,43.54999923706055
2010-01-29,37.09932327270508,42.790000915527344
2010-02-01,37.506805419921875,43.2599983215332
2010-02-02,37.84495162963867,43.650001525878906
2010-02-03,38.05302810668945,43.88999938964844
2010-02-04,36.95192337036133,42.619998931884766
2010-02-05,37.264041900634766,42.97999954223633
2010-02-08,36.99528503417969,42.66999816894531
2010-02-09,37.37675094604492,43.11000061035156
2010-02-10,37.29872512817383,43.02000045776367
2010-02-11,37.86229705810547,43.66999816894531
2010-02-12,37.94032669067383,43.7599983215332
2010-02-16,38.42584228515625,44.31999969482422
2010-02-17,38.64259719848633,44.56999969482422
2010-02-18,38.88535690307617,44.849998474121094
2010-02-19,38.868011474609375,44.83000183105469
2010-02-22,38.78998947143555,44.7400016784668
2010-02-23,38.287132263183594,44.15999984741211
2010-02-24,38.67726516723633,44.61000061035156
2010-02-25,38.668601989746094,44.599998474121094
2010-02-26,38.80732345581055,44.7599983215332
2010-03-01,39.37087631225586,45.40999984741211
2010-03-02,39.49225997924805,45.54999923706055
2010-03-03,39.53562927246094,45.599998474121094
2010-03-04,39.66566848754883,45.75
2010-03-05,40.26390075683594,46.439998626708984
2010-03-08,40.341941833496094,46.529998779296875
2010-03-09,40.56735610961914,46.790000915527344
2010-03-10,40.89682388305664,47.16999816894531
2010-03-11,41.052879333496094,47.349998474121094
2010-03-12,41.06155014038086,47.36000061035156
2010-03-15,40.957523345947266,47.2400016784668
2010-03-16,41.21759033203125,47.540000915527344
2010-03-17,41.330326080322266,47.66999816894531
2010-03-18,41.469051361083984,47.83000183105469
2010-03-19,41.21821594238281,47.4900016784668
2010-03-22,41.591426849365234,47.91999816894531
2010-03-23,41.877845764160156,48.25
2010-03-24,41.67820739746094,48.02000045776367
2010-03-25,41.617462158203125,47.95000076293945
2010-03-26,41.660858154296875,48.0
2010-03-29,41.8604736328125,48.22999954223633
2010-03-30,41.999351501464844,48.38999938964844
2010-03-31,41.79973220825195,48.15999984741211
2010-04-01,41.79973220825195,48.15999984741211
2010-04-05,42.19029235839844,48.61000061035156
2010-04-06,42.31181335449219,48.75
2010-04-07,42.2076530456543,48.630001068115234
2010-04-08,42.30311965942383,48.7400016784668
2010-04-09,42.5548095703125,49.029998779296875
2010-04-12,42.58954620361328,49.06999969482422
2010-04-13,42.80653381347656,49.31999969482422
2010-04-14,43.318603515625,49.90999984741211
2010-04-15,43.509559631347656,50.130001068115234
2010-04-16,42.98879623413086,49.529998779296875
2010-04-19,42.962745666503906,49.5
2010-04-20,43.179744720458984,49.75
2010-04-21,43.42276382446289,50.029998779296875
2010-04-22,43.66577911376953,50.310001373291016
2010-04-23,43.848052978515625,50.52000045776367
2010-04-26,43.752567291259766,50.40999984741211
2010-04-27,42.823883056640625,49.34000015258789
2010-04-28,42.849918365478516,49.369998931884766
2010-04-29,43.596343994140625,50.22999954223633
2010-04-30,42.737091064453125,49.2400016784668
2010-05-03,43.33598327636719,49.93000030517578
2010-05-04,42.034061431884766,48.43000030517578
2010-05-05,41.817081451416016,48.18000030517578
2010-05-06,40.41971969604492,46.56999969482422
2010-05-07,39.412899017333984,45.40999984741211
2010-05-10,41.46123504638672,47.77000045776367
2010-05-11,41.41782760620117,47.720001220703125
2010-05-12,42.198974609375,48.619998931884766
2010-05-13,41.53065872192383,47.849998474121094
2010-05-14,40.732173919677734,46.93000030517578
2010-05-17,40.86236572265625,47.08000183105469
2010-05-18,40.2982063293457,46.43000030517578
2010-05-19,39.97705841064453,46.060001373291016
2010-05-20,38.492881774902344,44.349998474121094
2010-05-21,38.91818618774414,44.84000015258789
2010-05-24,38.761962890625,44.65999984741211
2010-05-25,38.79667663574219,44.70000076293945
2010-05-26,38.362701416015625,44.20000076293945
2010-05-27,39.81215286254883,45.869998931884766
2010-05-28,39.57782745361328,45.599998474121094
2010-06-01,39.213287353515625,45.18000030517578
2010-06-02,40.141971588134766,46.25
2010-06-03,40.52386474609375,46.689998626708984
2010-06-04,39.13518524169922,45.09000015258789
2010-06-07,38.4234619140625,44.27000045776367
2010-06-08,38.354026794433594,44.189998626708984
2010-06-09,38.03289031982422,43.81999969482422
2010-06-10,39.11780548095703,45.06999969482422
2010-06-11,39.491024017333984,45.5
2010-06-14,39.48233413696289,45.4900016784668
2010-06-15,40.541229248046875,46.709999084472656
2010-06-16,40.706119537353516,46.900001525878906
2010-06-17,40.83631896972656,47.04999923706055
2010-06-18,40.8702278137207,47.0
2010-06-21,40.522403717041016,46.599998474121094
2010-06-22,40.209354400634766,46.2400016784668
2010-06-23,40.04414367675781,46.04999923706055
2010-06-24,39.43543243408203,45.349998474121094
2010-06-25,39.44327926635742,45.27000045776367
2010-06-28,39.303871154785156,45.11000061035156
2010-06-29,37.78782653808594,43.369998931884766
2010-06-30,37.2127571105957,42.709999084472656
2010-07-01,37.10822296142578,42.59000015258789
2010-07-02,37.003665924072266,42.470001220703125
2010-07-06,37.11692810058594,42.599998474121094
2010-07-07,38.3018798828125,43.959999084472656
2010-07-08,38.51100158691406,44.20000076293945
2010-07-09,38.87692642211914,44.619998931884766
2010-07-12,38.990211486816406,44.75
2010-07-13,39.49555206298828,45.33000183105469
2010-07-14,39.695953369140625,45.560001373291016
2010-07-15,39.73080062866211,45.599998474121094
2010-07-16,38.632965087890625,44.34000015258789
2010-07-19,38.96406173706055,44.720001220703125
2010-07-20,39.43455505371094,45.2599983215332
2010-07-21,38.89434814453125,44.63999938964844
2010-07-22,39.8789176940918,45.77000045776367
2010-07-23,40.13160705566406,46.060001373291016
2010-07-26,40.46267318725586,46.439998626708984
2010-07-27,40.44524002075195,46.41999816894531
2010-07-28,40.12287902832031,46.04999923706055
2010-07-29,39.82664489746094,45.709999084472656
2010-07-30,39.91375732421875,45.810001373291016
2010-08-02,40.66305923461914,46.66999816894531
2010-08-03,40.48882293701172,46.470001220703125
2010-08-04,40.898319244384766,46.939998626708984
2010-08-05,40.80248260498047,46.83000183105469
2010-08-06,40.74148941040039,46.7599983215332
2010-08-09,41.02029800415039,47.08000183105469
2010-08-10,40.66305923461914,46.66999816894531
2010-08-11,39.5565299987793,45.400001525878906
2010-08-12,39.242862701416016,45.040000915527344
2010-08-13,38.96406173706055,44.720001220703125
2010-08-16,39.03376388549805,44.79999923706055
2010-08-17,39.5303955078125,45.369998931884766
2010-08-18,39.687232971191406,45.54999923706055
2010-08-19,39.086029052734375,44.86000061035156
2010-08-20,39.13832092285156,44.91999816894531
2010-08-23,38.75494384765625,44.47999954223633
2010-08-24,38.03178405761719,43.650001525878906
2010-08-25,38.397708892822266,44.06999969482422
2010-08-26,37.935935974121094,43.540000915527344
2010-08-27,38.397708892822266,44.06999969482422
2010-08-30,37.99693298339844,43.61000061035156
2010-08-31,37.86623764038086,43.459999084472656
2010-09-01,38.9989013671875,44.7599983215332
2010-09-02,39.43455505371094,45.2599983215332
2010-09-03,40.08802795410156,46.0099983215332
2010-09-07,39.81792449951172,45.70000076293945
2010-09-08,40.29713439941406,46.25
2010-09-09,40.45396041870117,46.43000030517578
2010-09-10,40.602081298828125,46.599998474121094
2010-09-13,41.16843032836914,47.25
2010-09-14,41.342674255371094,47.45000076293945
2010-09-15,41.60406494140625,47.75
2010-09-16,41.769615173339844,47.939998626708984
2010-09-17,41.91109085083008,47.9900016784668
2010-09-20,42.64469528198242,48.83000183105469
2010-09-21,42.635948181152344,48.81999969482422
2010-09-22,42.52239990234375,48.689998626708984
2010-09-23,42.50495147705078,48.66999816894531
2010-09-24,43.369544982910156,49.65999984741211
2010-09-27,43.133758544921875,49.38999938964844
2010-09-28,43.116294860839844,49.369998931884766
2010-09-29,43.04642868041992,49.290000915527344
2010-09-30,42.854278564453125,49.06999969482422
2010-10-01,42.801883697509766,49.0099983215332
2010-10-04,42.33903121948242,48.47999954223633
2010-10-05,43.369544982910156,49.65999984741211
2010-10-06,42.99402618408203,49.22999954223633
2010-10-07,43.151214599609375,49.40999984741211
2010-10-08,43.448158264160156,49.75
2010-10-11,43.46561050415039,49.77000045776367
2010-10-12,43.76255798339844,50.11000061035156
2010-10-13,44.1206169128418,50.52000045776367
2010-10-14,44.033287048339844,50.41999816894531
2010-10-15,44.96775436401367,51.4900016784668
2010-10-18,44.80182647705078,51.29999923706055
2010-10-19,44.382625579833984,50.81999969482422
2010-10-20,44.70573806762695,51.189998626708984
2010-10-21,44.7930793762207,51.290000915527344
2010-10-22,45.098731994628906,51.63999938964844
2010-10-25,45.31708526611328,51.88999938964844
2010-10-26,45.43933868408203,52.029998779296875
2010-10-27,45.579078674316406,52.189998626708984
2010-10-28,45.67515563964844,52.29999923706055
2010-10-29,45.570343017578125,52.18000030517578
2010-11-01,45.60527420043945,52.220001220703125
2010-11-02,46.0943489074707,52.779998779296875
2010-11-03,46.30393981933594,53.02000045776367
2010-11-04,46.871612548828125,53.66999816894531
2010-11-05,46.871612548828125,53.66999816894531
2010-11-08,46.9327392578125,53.7400016784668
2010-11-09,46.67947769165039,53.45000076293945
2010-11-10,46.91525650024414,53.720001220703125
2010-11-11,46.61835479736328,53.380001068115234
2010-11-12,45.85855484008789,52.5099983215332
2010-11-15,45.683876037597656,52.310001373291016
2010-11-16,44.93281173706055,51.45000076293945
2010-11-17,45.063819885253906,51.599998474121094
2010-11-18,45.788665771484375,52.43000030517578
2010-11-19,45.8236083984375,52.470001220703125
2010-11-22,46.2078742980957,52.90999984741211
2010-11-23,45.474266052246094,52.06999969482422
2010-11-24,46.391273498535156,53.119998931884766
2010-11-26,46.08560562133789,52.77000045776367
2010-11-29,46.050689697265625,52.72999954223633
2010-11-30,45.49176025390625,52.09000015258789
2010-12-01,46.452423095703125,53.189998626708984
2010-12-02,46.92399215698242,53.72999954223633
2010-12-03,47.0462646484375,53.869998931884766
2010-12-06,47.02880096435547,53.849998474121094
2010-12-07,47.05500411987305,53.880001068115234
2010-12-08,47.22966766357422,54.08000183105469
2010-12-09,47.273345947265625,54.130001068115234
2010-12-10,47.587738037109375,54.4900016784668
2010-12-13,47.421810150146484,54.29999923706055
2010-12-14,47.50912857055664,54.400001525878906
2010-12-15,47.299522399902344,54.15999984741211
2010-12-16,47.66633224487305,54.58000183105469
2010-12-17,47.708335876464844,54.52000045776367
2010-12-20,47.74335861206055,54.560001373291016
2010-12-21,48.032108306884766,54.88999938964844
2010-12-22,48.023372650146484,54.880001068115234
2010-12-23,47.90085983276367,54.7400016784668
2010-12-27,47.92709732055664,54.77000045776367
2010-12-28,47.8395881652832,54.66999816894531
2010-12-29,47.944618225097656,54.790000915527344
2010-12-30,47.830848693847656,54.65999984741211
2010-12-31,47.65583038330078,54.459999084472656
2011-01-03,48.39963912963867,55.310001373291016
2011-01-04,48.36463928222656,55.27000045776367
2011-01-05,48.77591323852539,55.7400016784668
2011-01-06,48.93342208862305,55.91999816894531
2011-01-07,48.88967514038086,55.869998931884766
2011-01-10,49.07344055175781,56.08000183105469
2011-01-11,49.143428802490234,56.15999984741211
2011-01-12,49.49345397949219,56.560001373291016
2011-01-13,49.5109748840332,56.58000183105469
2011-01-14,49.878482818603516,57.0
2011-01-18,50.018497467041016,57.15999984741211
2011-01-19,49.44970703125,56.5099983215332
2011-01-20,49.09968185424805,56.11000061035156
2011-01-21,48.723411560058594,55.68000030517578
2011-01-24,49.39720916748047,56.45000076293945
2011-01-25,49.46720504760742,56.529998779296875
2011-01-26,49.729736328125,56.83000183105469
2011-01-27,50.03599548339844,57.18000030517578
2011-01-28,48.76716232299805,55.72999954223633
2011-01-31,49.00343322753906,56.0
2011-02-01,49.9222297668457,57.04999923706055
2011-02-02,49.84347915649414,56.959999084472656
2011-02-03,49.930999755859375,57.060001373291016
2011-02-04,50.211021423339844,57.380001068115234
2011-02-07,50.44729232788086,57.650001525878906
2011-02-08,50.77983474731445,58.029998779296875
2011-02-09,50.69229507446289,57.93000030517578
2011-02-10,50.77104187011719,58.02000045776367
2011-02-11,51.13856506347656,58.439998626708984
2011-02-14,51.2610969543457,58.58000183105469
2011-02-15,51.19108200073242,58.5
2011-02-16,51.52358627319336,58.880001068115234
2011-02-17,51.506107330322266,58.86000061035156
2011-02-18,51.392330169677734,58.72999954223633
2011-02-22,49.90473937988281,57.029998779296875
2011-02-23,49.49345397949219,56.560001373291016
2011-02-24,49.7559928894043,56.86000061035156
2011-02-25,50.44729232788086,57.650001525878906
2011-02-28,50.552284240722656,57.77000045776367
2011-03-01,49.73848342895508,56.84000015258789
2011-03-02,50.00100326538086,57.13999938964844
2011-03-03,50.98982620239258,58.27000045776367
2011-03-04,50.72730255126953,57.970001220703125
2011-03-07,50.044742584228516,57.189998626708984
2011-03-08,50.24602127075195,57.41999816894531
2011-03-09,49.90473937988281,57.029998779296875
2011-03-10,49.12592697143555,56.13999938964844
2011-03-11,49.43220901489258,56.4900016784668
2011-03-14,49.2572021484375,56.290000915527344
2011-03-15,48.557159423828125,55.4900016784668
2011-03-16,47.384578704833984,54.150001525878906
2011-03-17,47.822086334228516,54.650001525878906
2011-03-18,47.71430206298828,54.45000076293945
2011-03-21,48.634437561035156,55.5
2011-03-22,48.54678726196289,55.400001525878906
2011-03-23,48.818443298339844,55.709999084472656
2011-03-24,49.685977935791016,56.70000076293945
2011-03-25,49.808658599853516,56.84000015258789
2011-03-28,49.5369987487793,56.529998779296875
2011-03-29,50.018978118896484,57.08000183105469
2011-03-30,50.25556182861328,57.349998474121094
2011-03-31,50.3256721496582,57.43000030517578
2011-04-01,50.351959228515625,57.459999084472656
2011-04-04,50.18547439575195,57.27000045776367
2011-04-05,50.05402374267578,57.119998931884766
2011-04-06,50.17670822143555,57.2599983215332
2011-04-07,50.14167022705078,57.220001220703125
2011-04-08,49.905059814453125,56.95000076293945
2011-04-11,49.73856735229492,56.7599983215332
2011-04-12,49.39679718017578,56.369998931884766
2011-04-13,49.81743621826172,56.849998474121094
2011-04-14,49.72980499267578,56.75
2011-04-15,49.64216232299805,56.650001525878906
2011-04-18,49.291648864746094,56.25
2011-04-19,49.59833908081055,56.599998474121094
2011-04-20,50.72001647949219,57.880001068115234
2011-04-21,51.12310028076172,58.34000015258789
2011-04-25,51.25453567504883,58.4900016784668
2011-04-26,51.54372787475586,58.81999969482422
2011-04-27,51.894248962402344,59.220001220703125
2011-04-28,51.81538009643555,59.130001068115234
2011-04-29,51.771568298339844,59.08000183105469
2011-05-02,51.6751708984375,58.970001220703125
2011-05-03,51.429786682128906,58.689998626708984
2011-05-04,51.35093307495117,58.599998474121094
2011-05-05,51.07052230834961,58.279998779296875
2011-05-06,51.23702621459961,58.470001220703125
2011-05-09,51.429786682128906,58.689998626708984
2011-05-10,51.86794662475586,59.189998626708984
2011-05-11,51.49113464355469,58.7599983215332
2011-05-12,51.79785919189453,59.11000061035156
2011-05-13,51.1844482421875,58.40999984741211
2011-05-16,50.299373626708984,57.400001525878906
2011-05-17,50.43958282470703,57.560001373291016
2011-05-18,50.86021423339844,58.040000915527344
2011-05-19,51.009193420410156,58.209999084472656
2011-05-20,50.62360382080078,57.77000045776367
2011-05-23,49.87876510620117,56.91999816894531
2011-05-24,49.572059631347656,56.56999969482422
2011-05-25,49.76485061645508,56.790000915527344
2011-05-26,50.07154846191406,57.13999938964844
2011-05-27,50.3256721496582,57.43000030517578
2011-05-31,51.1406364440918,58.36000061035156
2011-06-01,50.027740478515625,57.09000015258789
2011-06-02,50.13289260864258,57.209999084472656
2011-06-03,49.379268646240234,56.349998474121094
2011-06-06,48.97618103027344,55.88999938964844
2011-06-07,48.888545989990234,55.790000915527344
2011-06-08,48.53803634643555,55.38999938964844
2011-06-09,48.625667572021484,55.4900016784668
2011-06-10,47.88081359863281,54.63999938964844
2011-06-13,47.88081359863281,54.63999938964844
2011-06-14,48.49421691894531,55.34000015258789
2011-06-15,47.57411193847656,54.290000915527344
2011-06-16,47.39009475708008,54.08000183105469
2011-06-17,47.24164581298828,53.790000915527344
2011-06-20,47.48758316040039,54.06999969482422
2011-06-21,48.5063591003418,55.22999954223633
2011-06-22,48.15505599975586,54.83000183105469
2011-06-23,48.60295867919922,55.34000015258789
2011-06-24,47.75984573364258,54.380001068115234
2011-06-27,48.5239143371582,55.25
2011-06-28,49.244102478027344,56.06999969482422
2011-06-29,49.44608688354492,56.29999923706055
2011-06-30,50.10478591918945,57.04999923706055
2011-07-01,50.8600959777832,57.90999984741211
2011-07-05,51.11479187011719,58.20000076293945
2011-07-06,51.28166198730469,58.38999938964844
2011-07-07,51.984256744384766,59.189998626708984
2011-07-08,51.8437385559082,59.029998779296875
2011-07-11,50.90400695800781,57.959999084472656
2011-07-12,50.517574310302734,57.52000045776367
2011-07-13,50.72834777832031,57.7599983215332
2011-07-14,50.13991928100586,57.09000015258789
2011-07-15,50.80739212036133,57.849998474121094
2011-07-18,50.535133361816406,57.540000915527344
2011-07-19,51.68566131591797,58.849998474121094
2011-07-20,51.46609878540039,58.599998474121094
2011-07-21,51.80862045288086,58.9900016784668
2011-07-22,52.344356536865234,59.599998474121094
2011-07-25,52.23896026611328,59.47999954223633
2011-07-26,52.37070846557617,59.630001068115234
2011-07-27,51.0181770324707,58.09000015258789
2011-07-28,51.10600280761719,58.189998626708984
2011-07-29,50.939144134521484,58.0
2011-08-01,50.70201110839844,57.72999954223633
2011-08-02,49.41975021362305,56.27000045776367
2011-08-03,49.89400100708008,56.810001373291016
2011-08-04,47.57538986206055,54.16999816894531
2011-08-05,47.27678298950195,53.83000183105469
2011-08-08,44.43122482299805,50.59000015258789
2011-08-09,46.574188232421875,53.029998779296875
2011-08-10,44.668357849121094,50.86000061035156
2011-08-11,46.63565444946289,53.099998474121094
2011-08-12,47.04844284057617,53.56999969482422
2011-08-15,47.74225997924805,54.36000061035156
2011-08-16,47.338279724121094,53.900001525878906
2011-08-17,47.057228088378906,53.58000183105469
2011-08-18,44.747398376464844,50.95000076293945
2011-08-19,43.93938446044922,50.029998779296875
2011-08-22,44.09747314453125,50.209999084472656
2011-08-23,45.915489196777344,52.279998779296875
2011-08-24,46.27557373046875,52.689998626708984
2011-08-25,45.520259857177734,51.83000183105469
2011-08-26,46.662025451660156,53.130001068115234
2011-08-29,47.96183776855469,54.61000061035156
2011-08-30,48.27799987792969,54.970001220703125
2011-08-31,48.357051849365234,55.060001373291016
2011-09-01,47.91794204711914,54.560001373291016
2011-09-02,46.79375457763672,53.279998779296875
2011-09-06,46.80253219604492,53.290000915527344
2011-09-07,47.988162994384766,54.63999938964844
2011-09-08,47.76862335205078,54.38999938964844
2011-09-09,46.705909729003906,53.18000030517578
2011-09-12,47.303138732910156,53.86000061035156
2011-09-13,47.93547058105469,54.58000183105469
2011-09-14,48.620521545410156,55.36000061035156
2011-09-15,49.34069061279297,56.18000030517578
2011-09-16,49.79296112060547,56.59000015258789
2011-09-19,49.810569763183594,56.61000061035156
2011-09-20,49.590599060058594,56.36000061035156
2011-09-21,48.728302001953125,55.380001068115234
2011-09-22,47.144508361816406,53.58000183105469
2011-09-23,47.64604949951172,54.150001525878906
2011-09-26,48.20036697387695,54.779998779296875
2011-09-27,48.7018928527832,55.349998474121094
2011-09-28,47.980384826660156,54.529998779296875
2011-09-29,47.40847396850586,53.880001068115234
2011-09-30,46.185428619384766,52.4900016784668
2011-10-03,44.997554779052734,51.13999938964844
2011-10-04,45.92145538330078,52.189998626708984
2011-10-05,47.100502014160156,53.529998779296875
2011-10-06,47.89241027832031,54.43000030517578
2011-10-07,47.57564163208008,54.06999969482422
2011-10-10,49.22102355957031,55.939998626708984
2011-10-11,49.5554084777832,56.31999969482422
2011-10-12,49.80174255371094,56.599998474121094
2011-10-13,50.259300231933594,57.119998931884766
2011-10-14,51.191993713378906,58.18000030517578
2011-10-17,50.40009689331055,57.279998779296875
2011-10-18,51.02482223510742,57.9900016784668
2011-10-19,50.039337158203125,56.869998931884766
2011-10-20,49.79296112060547,56.59000015258789
2011-10-21,50.41770553588867,57.29999923706055
2011-10-24,51.46474838256836,58.4900016784668
2011-10-25,50.452884674072266,57.34000015258789
2011-10-26,50.391292572021484,57.27000045776367
2011-10-27,51.7815055847168,58.849998474121094
2011-10-28,51.86071014404297,58.939998626708984
2011-10-31,50.989627838134766,57.95000076293945
2011-11-01,49.660987854003906,56.439998626708984
2011-11-02,50.08333969116211,56.91999816894531
2011-11-03,51.121612548828125,58.099998474121094
2011-11-04,50.85763168334961,57.79999923706055
2011-11-07,51.2183952331543,58.209999084472656
2011-11-08,51.807899475097656,58.880001068115234
2011-11-09,49.98653030395508,56.810001373291016
2011-11-10,49.960140228271484,56.779998779296875
2011-11-11,50.90161895751953,57.849998474121094
2011-11-14,50.584861755371094,57.4900016784668
2011-11-15,51.14799499511719,58.130001068115234
2011-11-16,50.30329132080078,57.16999816894531
2011-11-17,49.12424850463867,55.83000183105469
2011-11-18,48.74589538574219,55.400001525878906
2011-11-21,47.81320571899414,54.34000015258789
2011-11-22,47.971588134765625,54.52000045776367
2011-11-23,46.889339447021484,53.290000915527344
2011-11-25,46.52857971191406,52.880001068115234
2011-11-28,48.1475715637207,54.720001220703125
2011-11-29,47.848419189453125,54.380001068115234
2011-11-30,49.61698913574219,56.38999938964844
2011-12-01,49.960140228271484,56.779998779296875
2011-12-02,49.81935501098633,56.619998931884766
2011-12-05,50.36490249633789,57.2400016784668
2011-12-06,50.224117279052734,57.08000183105469
2011-12-07,50.224117279052734,57.08000183105469
2011-12-08,49.379417419433594,56.119998931884766
2011-12-09,50.171329498291016,57.02000045776367
2011-12-12,49.608177185058594,56.380001068115234
2011-12-13,49.062660217285156,55.7599983215332
2011-12-14,48.297157287597656,54.88999938964844
2011-12-15,48.16517639160156,54.7400016784668
2011-12-16,48.41315460205078,54.86000061035156
2011-12-19,47.936614990234375,54.31999969482422
2011-12-20,49.357421875,55.93000030517578
2011-12-21,48.65141296386719,55.130001068115234
2011-12-22,49.066184997558594,55.599998474121094
2011-12-23,49.48978805541992,56.08000183105469
2011-12-27,49.67438888549805,56.2400016784668
2011-12-28,49.100257873535156,55.59000015258789
2011-12-29,49.453575134277344,55.9900016784668
2011-12-30,49.312255859375,55.83000183105469
2012-01-03,50.25732421875,56.900001525878906
2012-01-04,50.469303131103516,57.13999938964844
2012-01-05,50.88444900512695,57.61000061035156
2012-01-06,51.06109619140625,57.810001373291016
2012-01-09,50.89326477050781,57.619998931884766
2012-01-10,51.26424026489258,58.040000915527344
2012-01-11,51.37024688720703,58.15999984741211
2012-01-12,51.573394775390625,58.38999938964844
2012-01-13,51.38790512084961,58.18000030517578
2012-01-17,51.85603713989258,58.709999084472656
2012-01-18,52.54496765136719,59.4900016784668
2012-01-19,52.87177276611328,59.86000061035156
2012-01-20,52.79228210449219,59.77000045776367
2012-01-23,52.8099479675293,59.790000915527344
2012-01-24,52.71277618408203,59.68000030517578
2012-01-25,53.3752326965332,60.43000030517578
2012-01-26,53.18975067138672,60.220001220703125
2012-01-27,53.348724365234375,60.400001525878906
2012-01-30,53.39289855957031,60.45000076293945
2012-01-31,53.463558197021484,60.529998779296875
2012-02-01,53.89635467529297,61.02000045776367
2012-02-02,54.06417465209961,61.209999084472656
2012-02-03,54.80610275268555,62.04999923706055
2012-02-06,54.7619514465332,62.0
2012-02-07,54.87677001953125,62.130001068115234
2012-02-08,55.168243408203125,62.459999084472656
2012-02-09,55.56572341918945,62.90999984741211
2012-02-10,55.17708206176758,62.470001220703125
2012-02-13,55.689353942871094,63.04999923706055
2012-02-14,55.830692291259766,63.209999084472656
2012-02-15,55.442054748535156,62.77000045776367
2012-02-16,56.20166015625,63.630001068115234
2012-02-17,56.024993896484375,63.43000030517578
2012-02-21,56.183990478515625,63.61000061035156
2012-02-22,55.92784881591797,63.31999969482422
2012-02-23,56.2988166809082,63.7400016784668
2012-02-24,56.49310302734375,63.959999084472656
2012-02-27,56.57260513305664,64.05000305175781
2012-02-28,57.146732330322266,64.69999694824219
2012-02-29,56.890602111816406,64.41000366210938
2012-03-01,57.341041564941406,64.91999816894531
2012-03-02,57.296875,64.87000274658203
2012-03-05,56.70508575439453,64.19999694824219
2012-03-06,56.148658752441406,63.56999969482422
2012-03-07,56.58144760131836,64.05999755859375
2012-03-08,57.190895080566406,64.75
2012-03-09,57.429386138916016,65.0199966430664
2012-03-12,57.455867767333984,65.05000305175781
2012-03-13,58.52462387084961,66.26000213623047
2012-03-14,58.72777557373047,66.48999786376953
2012-03-15,58.89557647705078,66.68000030517578
2012-03-16,58.854007720947266,66.5199966430664
2012-03-19,59.26984405517578,66.98999786376953
2012-03-20,59.37599182128906,67.11000061035156
2012-03-21,59.38483428955078,67.12000274658203
2012-03-22,59.260986328125,66.9800033569336
2012-03-23,59.22560119628906,66.94000244140625
2012-03-26,60.26075744628906,68.11000061035156
2012-03-27,60.3492546081543,68.20999908447266
2012-03-28,60.110355377197266,67.94000244140625
2012-03-29,59.880313873291016,67.68000030517578
2012-03-30,59.76531982421875,67.55000305175781
2012-04-02,60.38462448120117,68.25
2012-04-03,60.3669548034668,68.2300033569336
2012-04-04,59.54410171508789,67.30000305175781
2012-04-05,59.915706634521484,67.72000122070312
2012-04-09,59.46448516845703,67.20999908447266
2012-04-10,58.508941650390625,66.12999725341797
2012-04-11,58.79206085205078,66.44999694824219
2012-04-12,59.46448516845703,67.20999908447266
2012-04-13,58.562042236328125,66.19000244140625
2012-04-16,57.90732192993164,65.44999694824219
2012-04-17,59.08405685424805,66.77999877929688
2012-04-18,58.933616638183594,66.61000061035156
2012-04-19,58.27006149291992,65.86000061035156
2012-04-20,58.110782623291016,65.68000030517578
2012-04-23,57.5799560546875,65.08000183105469
2012-04-24,57.27027130126953,64.7300033569336
2012-04-25,58.79206085205078,66.44999694824219
2012-04-26,59.13712692260742,66.83999633789062
2012-04-27,59.49101257324219,67.23999786376953
2012-04-30,59.06634521484375,66.76000213623047
2012-05-01,59.16368865966797,66.87000274658203
2012-05-02,59.331764221191406,67.05999755859375
2012-05-03,58.70360565185547,66.3499984741211
2012-05-04,57.24373245239258,64.69999694824219
2012-05-07,57.29682159423828,64.76000213623047
2012-05-08,57.084468841552734,64.5199966430664
2012-05-09,56.90754318237305,64.31999969482422
2012-05-10,56.792518615722656,64.19000244140625
2012-05-11,56.78367233276367,64.18000030517578
2012-05-14,56.2528190612793,63.58000183105469
2012-05-15,56.06700134277344,63.369998931884766
2012-05-16,55.686580657958984,62.939998626708984
2012-05-17,54.50986099243164,61.61000061035156
2012-05-18,53.80204391479492,60.810001373291016
2012-05-21,55.30613327026367,62.5099983215332
2012-05-22,55.244205474853516,62.439998626708984
2012-05-23,55.35036849975586,62.560001373291016
2012-05-24,54.98762130737305,62.150001525878906
2012-05-25,54.916847229003906,62.06999969482422
2012-05-29,55.61581039428711,62.86000061035156
2012-05-30,55.146873474121094,62.33000183105469
2012-05-31,54.907989501953125,62.060001373291016
2012-06-01,53.44813537597656,60.40999984741211
2012-06-04,53.85513687133789,60.869998931884766
2012-06-05,54.07632064819336,61.119998931884766
2012-06-06,55.31497573852539,62.52000045776367
2012-06-07,55.093772888183594,62.27000045776367
2012-06-08,55.6246452331543,62.869998931884766
2012-06-11,54.686805725097656,61.810001373291016
2012-06-12,55.35036849975586,62.560001373291016
2012-06-13,54.96991729736328,62.130001068115234
2012-06-14,55.173431396484375,62.36000061035156
2012-06-15,55.858909606933594,62.9900016784668
2012-06-18,56.38210678100586,63.58000183105469
2012-06-19,56.96739196777344,64.23999786376953
2012-06-20,57.01173782348633,64.29000091552734
2012-06-21,55.592872619628906,62.689998626708984
2012-06-22,56.17815399169922,63.349998474121094
2012-06-25,55.09626388549805,62.130001068115234
2012-06-26,55.44211196899414,62.52000045776367
2012-06-27,55.77910614013672,62.900001525878906
2012-06-28,55.15834426879883,62.20000076293945
2012-06-29,56.896446228027344,64.16000366210938
2012-07-02,57.06492233276367,64.3499984741211
2012-07-03,57.54379653930664,64.88999938964844
2012-07-05,57.57926940917969,64.93000030517578
2012-07-06,56.86098098754883,64.12000274658203
2012-07-09,56.754554748535156,64.0
2012-07-10,56.19587707519531,63.369998931884766
2012-07-11,55.88551712036133,63.02000045776367
2012-07-12,55.362308502197266,62.43000030517578
2012-07-13,56.20474624633789,63.380001068115234
2012-07-16,56.04513931274414,63.20000076293945
2012-07-17,56.33777618408203,63.529998779296875
2012-07-18,57.10041046142578,64.38999938964844
2012-07-19,57.73004913330078,65.0999984741211
2012-07-20,56.96739196777344,64.23999786376953
2012-07-23,56.27569580078125,63.459999084472656
2012-07-24,55.83230209350586,62.959999084472656
2012-07-25,55.459842681884766,62.540000915527344
2012-07-26,56.19587707519531,63.369998931884766
2012-07-27,57.52607345581055,64.87000274658203
2012-07-30,57.481719970703125,64.81999969482422
2012-07-31,57.463985443115234,64.80000305175781
2012-08-01,57.29551315307617,64.61000061035156
2012-08-02,57.09153366088867,64.37999725341797
2012-08-03,58.17341232299805,65.5999984741211
2012-08-06,58.61681365966797,66.0999984741211
2012-08-07,59.10456466674805,66.6500015258789
2012-08-08,59.07795715332031,66.62000274658203
2012-08-09,59.25531005859375,66.81999969482422
2012-08-10,59.29079055786133,66.86000061035156
2012-08-13,59.43266677856445,67.0199966430664
2012-08-14,59.45928192138672,67.05000305175781
2012-08-15,59.61003494262695,67.22000122070312
2012-08-16,60.3194465637207,68.0199966430664
2012-08-17,60.585487365722656,68.31999969482422
2012-08-20,60.67417526245117,68.41999816894531
2012-08-21,60.434730529785156,68.1500015258789
2012-08-22,60.68302536010742,68.43000030517578
2012-08-23,60.18645477294922,67.87000274658203
2012-08-24,60.558902740478516,68.29000091552734
2012-08-27,60.65645980834961,68.4000015258789
2012-08-28,60.65645980834961,68.4000015258789
2012-08-29,60.65645980834961,68.4000015258789
2012-08-30,60.04454803466797,67.70999908447266
2012-08-31,60.443607330322266,68.16000366210938
2012-09-04,60.38153076171875,68.08999633789062
2012-09-05,60.3194465637207,68.0199966430664
2012-09-06,61.65850067138672,69.52999877929688
2012-09-07,61.56983947753906,69.43000030517578
2012-09-10,60.780616760253906,68.54000091552734
2012-09-11,60.68302536010742,68.43000030517578
2012-09-12,60.86040496826172,68.62999725341797
2012-09-13,61.685115814208984,69.55999755859375
2012-09-14,62.23490524291992,70.18000030517578
2012-09-17,62.261539459228516,70.20999908447266
2012-09-18,62.314727783203125,70.2699966430664
2012-09-19,62.43001937866211,70.4000015258789
2012-09-20,62.36796951293945,70.33000183105469
2012-09-21,62.38571548461914,70.1500015258789
2012-09-24,62.02110290527344,69.73999786376953
2012-09-25,61.149574279785156,68.76000213623047
2012-09-26,60.65156173706055,68.19999694824219
2012-09-27,61.487548828125,69.13999938964844
2012-09-28,60.980594635009766,68.56999969482422
2012-10-01,60.89168930053711,68.47000122070312
2012-10-02,61.06953048706055,68.66999816894531
2012-10-03,61.46084976196289,69.11000061035156
2012-10-04,61.67427062988281,69.3499984741211
2012-10-05,61.34521484375,68.9800033569336
2012-10-08,60.78496551513672,68.3499984741211
2012-10-09,59.81560134887695,67.26000213623047
2012-10-10,59.51321029663086,66.91999816894531
2012-10-11,59.326480865478516,66.70999908447266
2012-10-12,59.299781799316406,66.68000030517578
2012-10-15,59.73557662963867,67.16999816894531
2012-10-16,60.580406188964844,68.12000274658203
2012-10-17,60.54484939575195,68.08000183105469
2012-10-18,59.84226989746094,67.29000091552734
2012-10-19,58.41045379638672,65.68000030517578
2012-10-22,58.71282958984375,66.0199966430664
2012-10-23,58.15256118774414,65.38999938964844
2012-10-24,57.9480094909668,65.16000366210938
2012-10-25,57.9480094909668,65.16000366210938
2012-10-26,58.11699676513672,65.3499984741211
2012-10-31,57.761260986328125,64.94999694824219
2012-11-01,58.579463958740234,65.87000274658203
2012-11-02,57.95692825317383,65.16999816894531
2012-11-05,58.33930587768555,65.5999984741211
2012-11-06,58.44605255126953,65.72000122070312
2012-11-07,57.06760025024414,64.16999816894531
2012-11-08,56.16939163208008,63.15999984741211
2012-11-09,56.40950393676758,63.43000030517578
2012-11-12,56.400611877441406,63.41999816894531
2012-11-13,56.00932312011719,62.97999954223633
2012-11-14,55.35121536254883,62.2400016784668
2012-11-15,55.164451599121094,62.029998779296875
2012-11-16,55.404571533203125,62.29999923706055
2012-11-19,56.720760345458984,63.779998779296875
2012-11-20,56.7385368347168,63.79999923706055
2012-11-21,56.854164123535156,63.93000030517578
2012-11-23,57.716796875,64.9000015258789
2012-11-26,57.965816497802734,65.18000030517578
2012-11-27,57.7701530456543,64.95999908447266
2012-11-28,58.268165588378906,65.5199966430664
2012-11-29,58.615013122558594,65.91000366210938
2012-11-30,58.51719284057617,65.80000305175781
2012-12-03,58.401573181152344,65.66999816894531
2012-12-04,58.36602020263672,65.62999725341797
2012-12-05,57.716796875,64.9000015258789
2012-12-06,58.090328216552734,65.31999969482422
2012-12-07,57.74348831176758,64.93000030517578
2012-12-10,57.912452697753906,65.12000274658203
2012-12-11,58.66838455200195,65.97000122070312
2012-12-12,58.54386520385742,65.83000183105469
2012-12-13,58.081424713134766,65.30999755859375
2012-12-14,57.53004455566406,64.69000244140625
2012-12-17,58.29485321044922,65.55000305175781
2012-12-18,59.1841926574707,66.55000305175781
2012-12-19,58.92628860473633,66.26000213623047
2012-12-20,58.92628860473633,66.26000213623047
2012-12-21,58.30653381347656,65.19999694824219
2012-12-24,58.1902961730957,65.06999969482422
2012-12-26,57.680545806884766,64.5
2012-12-27,57.591129302978516,64.4000015258789
2012-12-28,57.036678314208984,63.779998779296875
2012-12-31,58.24394226074219,65.12999725341797
2013-01-02,60.0950927734375,67.19999694824219
2013-01-03,59.782108306884766,66.8499984741211
2013-01-04,59.585350036621094,66.62999725341797
2013-01-07,59.603240966796875,66.6500015258789
2013-01-08,59.48698043823242,66.5199966430664
2013-01-09,59.710533142089844,66.7699966430664
2013-01-10,60.06828689575195,67.16999816894531
2013-01-11,60.148738861083984,67.26000213623047
2013-01-14,59.88043975830078,66.95999908447266
2013-01-15,59.585350036621094,66.62999725341797
2013-01-16,59.82679748535156,66.9000015258789
2013-01-17,60.112972259521484,67.22000122070312
2013-01-18,59.97883987426758,67.06999969482422
2013-01-22,60.07719802856445,67.18000030517578
2013-01-23,60.44384002685547,67.58999633789062
2013-01-24,59.612178802490234,66.66000366210938
2013-01-25,59.916236877441406,67.0
2013-01-28,60.05036926269531,67.1500015258789
2013-01-29,60.05933380126953,67.16000366210938
2013-01-30,59.934120178222656,67.0199966430664
2013-01-31,59.799991607666016,66.87000274658203
2013-02-01,60.5064697265625,67.66000366210938
2013-02-04,59.451194763183594,66.4800033569336
2013-02-05,60.32760238647461,67.45999908447266
2013-02-06,60.1308479309082,67.23999786376953
2013-02-07,60.184513092041016,67.30000305175781
2013-02-08,60.801578521728516,67.98999786376953
2013-02-11,60.819454193115234,68.01000213623047
2013-02-12,60.569061279296875,67.7300033569336
2013-02-13,60.783668518066406,67.97000122070312
2013-02-14,60.76579666137695,67.94999694824219
2013-02-15,60.5869255065918,67.75
2013-02-19,61.02513122558594,68.23999786376953
2013-02-20,60.086143493652344,67.19000244140625
2013-02-21,59.44227981567383,66.47000122070312
2013-02-22,60.04145050048828,67.13999938964844
2013-02-25,59.299190521240234,66.30999755859375
2013-02-26,59.52275466918945,66.55999755859375
2013-02-27,60.1308479309082,67.23999786376953
2013-02-28,60.00566101074219,67.0999984741211
2013-03-01,60.25606155395508,67.37999725341797
2013-03-04,60.52436828613281,67.68000030517578
2013-03-05,61.418601989746094,68.68000030517578
2013-03-06,61.26661682128906,68.51000213623047
2013-03-07,61.42756652832031,68.69000244140625
2013-03-08,61.499080657958984,68.7699966430664
2013-03-11,61.677947998046875,68.97000122070312
2013-03-12,61.454368591308594,68.72000122070312
2013-03-13,61.37388610839844,68.62999725341797
2013-03-14,61.5795783996582,68.86000061035156
2013-03-15,61.40840530395508,68.51000213623047
2013-03-18,61.273929595947266,68.36000061035156
2013-03-19,61.15742874145508,68.2300033569336
2013-03-20,61.58765411376953,68.70999908447266
2013-03-21,60.88848876953125,67.93000030517578
2013-03-22,61.4800910949707,68.58999633789062
2013-03-25,61.25600051879883,68.33999633789062
2013-03-26,61.58765411376953,68.70999908447266
2013-03-27,61.668304443359375,68.80000305175781
2013-03-28,61.82069778442383,68.97000122070312
2013-04-01,61.39940643310547,68.5
2013-04-02,61.883426666259766,69.04000091552734
2013-04-03,61.3187370300293,68.41000366210938
2013-04-04,61.336669921875,68.43000030517578
2013-04-05,60.825767517089844,67.86000061035156
2013-04-08,61.148441314697266,68.22000122070312
2013-04-09,61.560760498046875,68.68000030517578
2013-04-10,62.76184844970703,70.0199966430664
2013-04-11,62.734989166259766,69.98999786376953
2013-04-12,62.690162658691406,69.94000244140625
2013-04-15,61.45319366455078,68.55999755859375
2013-04-16,62.26887512207031,69.47000122070312
2013-04-17,61.049835205078125,68.11000061035156
2013-04-18,60.207298278808594,67.16999816894531
2013-04-19,61.03190994262695,68.08999633789062
2013-04-22,61.659393310546875,68.79000091552734
2013-04-23,62.2509651184082,69.44999694824219
2013-04-24,62.22404479980469,69.41999816894531
2013-04-25,62.55568313598633,69.79000091552734
2013-04-26,62.35850524902344,69.56999969482422
2013-04-29,62.932186126708984,70.20999908447266
2013-04-30,63.38928985595703,70.72000122070312
2013-05-01,63.093502044677734,70.38999938964844
2013-05-02,63.89122009277344,71.27999877929688
2013-05-03,64.64419555664062,72.12000274658203
2013-05-06,64.89512634277344,72.4000015258789
2013-05-07,64.85929870605469,72.36000061035156
2013-05-08,65.1729965209961,72.70999908447266
2013-05-09,65.08335876464844,72.61000061035156
2013-05-10,65.477783203125,73.05000305175781
2013-05-13,65.55844116210938,73.13999938964844
2013-05-14,65.89903259277344,73.5199966430664
2013-05-15,66.03351593017578,73.66999816894531
2013-05-16,65.96177673339844,73.58999633789062
2013-05-17,66.59819793701172,74.30000305175781
2013-05-20,66.49960327148438,74.19000244140625
2013-05-21,66.57129669189453,74.2699966430664
2013-05-22,65.98870086669922,73.62000274658203
2013-05-23,65.8362808227539,73.44999694824219
2013-05-24,65.80044555664062,73.41000366210938
2013-05-28,66.2306900024414,73.88999938964844
2013-05-29,65.91697692871094,73.54000091552734
2013-05-30,66.26654052734375,73.93000030517578
2013-05-31,65.65705871582031,73.25
2013-06-03,65.77357482910156,73.37999725341797
2013-06-04,65.43294525146484,73.0
2013-06-05,64.58142852783203,72.05000305175781
2013-06-06,64.89512634277344,72.4000015258789
2013-06-07,65.78252410888672,73.38999938964844
2013-06-10,65.80941772460938,73.41999816894531
2013-06-11,65.15510559082031,72.69000244140625
2013-06-12,64.40218353271484,71.8499984741211
2013-06-13,65.21783447265625,72.76000213623047
2013-06-14,64.78756713867188,72.27999877929688
2013-06-17,65.41502380371094,72.9800033569336
2013-06-18,65.95285034179688,73.58000183105469
2013-06-19,65.21783447265625,72.76000213623047
2013-06-20,63.667171478271484,71.02999877929688
2013-06-21,63.329063415527344,70.43000030517578
2013-06-24,62.699668884277344,69.7300033569336
2013-06-25,63.15824890136719,70.23999786376953
2013-06-26,63.72470474243164,70.87000274658203
2013-06-27,63.99446487426758,71.16999816894531
2013-06-28,64.08438110351562,71.2699966430664
2013-07-01,64.48003387451172,71.70999908447266
2013-07-02,64.5069808959961,71.73999786376953
2013-07-03,64.76779174804688,72.02999877929688
2013-07-05,65.26229858398438,72.58000183105469
2013-07-08,65.32521057128906,72.6500015258789
2013-07-09,65.72087097167969,73.08999633789062
2013-07-10,66.09855651855469,73.51000213623047
2013-07-11,67.41136169433594,74.97000122070312
2013-07-12,67.70809936523438,75.30000305175781
2013-07-15,67.86090850830078,75.47000122070312
2013-07-16,67.77098083496094,75.37000274658203
2013-07-17,67.94186401367188,75.55999755859375
2013-07-18,67.77098083496094,75.37000274658203
2013-07-19,67.06961822509766,74.58999633789062
2013-07-22,67.26744842529297,74.80999755859375
2013-07-23,66.7729263305664,74.26000213623047
2013-07-24,66.98873138427734,74.5
2013-07-25,67.41136169433594,74.97000122070312
2013-07-26,67.77098083496094,75.37000274658203
2013-07-29,67.6451187133789,75.2300033569336
2013-07-30,68.00479888916016,75.62999725341797
2013-07-31,68.13067626953125,75.7699966430664
2013-08-01,68.82305145263672,76.54000091552734
2013-08-02,69.20970916748047,76.97000122070312
2013-08-05,69.2546615600586,77.0199966430664
2013-08-06,68.84101104736328,76.55999755859375
2013-08-07,68.71517181396484,76.41999816894531
2013-08-08,69.05680847167969,76.80000305175781
2013-08-09,68.77808380126953,76.48999786376953
2013-08-12,68.9399185180664,76.66999816894531
2013-08-13,69.32661437988281,77.0999984741211
2013-08-14,69.0658187866211,76.80999755859375
2013-08-15,67.89690399169922,75.51000213623047
2013-08-16,67.86990356445312,75.4800033569336
2013-08-19,67.7530288696289,75.3499984741211
2013-08-20,68.04976654052734,75.68000030517578
2013-08-21,67.81594848632812,75.41999816894531
2013-08-22,68.48133850097656,76.16000366210938
2013-08-23,68.9399185180664,76.66999816894531
2013-08-26,68.9759292602539,76.70999908447266
2013-08-27,67.56419372558594,75.13999938964844
2013-08-28,67.824951171875,75.43000030517578
2013-08-29,68.3015365600586,75.95999908447266
2013-08-30,67.86090850830078,75.47000122070312
2013-09-03,68.2475814819336,75.9000015258789
2013-09-04,68.9759292602539,76.70999908447266
2013-09-05,69.0927963256836,76.83999633789062
2013-09-06,69.17372131347656,76.93000030517578
2013-09-09,69.98300170898438,77.83000183105469
2013-09-10,70.32467651367188,78.20999908447266
2013-09-11,70.18981170654297,78.05999755859375
2013-09-12,70.14482879638672,78.01000213623047
2013-09-13,70.18981170654297,78.05999755859375
2013-09-16,70.00096130371094,77.8499984741211
2013-09-17,70.46853637695312,78.37000274658203
2013-09-18,71.31376647949219,79.30999755859375
2013-09-19,71.48463439941406,79.5
2013-09-20,71.23931121826172,78.98999786376953
2013-09-23,71.09501647949219,78.83000183105469
2013-09-24,71.09501647949219,78.83000183105469
2013-09-25,70.85148620605469,78.55999755859375
2013-09-26,71.40164184570312,79.16999816894531
2013-09-27,71.31146240234375,79.06999969482422
2013-09-30,71.14009857177734,78.87999725341797
2013-10-01,71.86160278320312,79.68000030517578
2013-10-02,71.83454132080078,79.6500015258789
2013-10-03,70.99578857421875,78.72000122070312
2013-10-04,71.6090316772461,79.4000015258789
2013-10-07,71.01383209228516,78.73999786376953
2013-10-08,69.6429672241211,77.22000122070312
2013-10-09,69.42650604248047,76.9800033569336
2013-10-10,70.89656066894531,78.61000061035156
2013-10-11,71.45578002929688,79.2300033569336
2013-10-14,71.96078491210938,79.79000091552734
2013-10-15,71.68122863769531,79.4800033569336
2013-10-16,72.4929428100586,80.37999725341797
2013-10-17,72.90777587890625,80.83999633789062
2013-10-18,74.08924865722656,82.1500015258789
2013-10-21,74.25157165527344,82.33000183105469
2013-10-22,74.35977172851562,82.44999694824219
2013-10-23,73.90888214111328,81.94999694824219
2013-10-24,74.23352813720703,82.30999755859375
2013-10-25,74.76564025878906,82.9000015258789
2013-10-28,74.78369140625,82.91999816894531
2013-10-29,74.9099349975586,83.05999755859375
2013-10-30,74.83777618408203,82.9800033569336
2013-10-31,74.66641998291016,82.79000091552734
2013-11-01,74.6844482421875,82.80999755859375
2013-11-04,74.79268646240234,82.93000030517578
2013-11-05,74.87387084960938,83.0199966430664
2013-11-06,74.85581970214844,83.0
2013-11-07,73.44889068603516,81.44000244140625
2013-11-08,74.44096374511719,82.54000091552734
2013-11-11,74.32371520996094,82.41000366210938
2013-11-12,74.44096374511719,82.54000091552734
2013-11-13,75.34284210205078,83.54000091552734
2013-11-14,75.57733154296875,83.80000305175781
2013-11-15,75.72163391113281,83.95999908447266
2013-11-18,74.98210144042969,83.13999938964844
2013-11-19,74.76564025878906,82.9000015258789
2013-11-20,74.58526611328125,82.69999694824219
2013-11-21,75.34284210205078,83.54000091552734
2013-11-22,75.74870300292969,83.98999786376953
2013-11-25,75.92909240722656,84.19000244140625
2013-11-26,76.32588195800781,84.62999725341797
2013-11-27,76.85801696777344,85.22000122070312
2013-11-29,77.31796264648438,85.7300033569336
2013-12-02,77.09252166748047,85.4800033569336
2013-12-03,77.02936553955078,85.41000366210938
2013-12-04,77.10148620605469,85.48999786376953
2013-12-05,77.00226593017578,85.37999725341797
2013-12-06,77.56144714355469,86.0
2013-12-09,77.87712860107422,86.3499984741211
2013-12-10,77.82301330566406,86.29000091552734
2013-12-11,76.82193756103516,85.18000030517578
2013-12-12,76.62351989746094,84.95999908447266
2013-12-13,76.52433013916016,84.8499984741211
2013-12-16,76.94818115234375,85.31999969482422
2013-12-17,76.79488372802734,85.1500015258789
2013-12-18,77.6877212524414,86.13999938964844
2013-12-19,77.47124481201172,85.9000015258789
2013-12-20,78.26020812988281,86.5
2013-12-23,79.08354949951172,87.41000366210938
2013-12-24,79.11970520019531,87.44999694824219
2013-12-26,79.3821029663086,87.73999786376953
2013-12-27,79.18302917480469,87.5199966430664
2013-12-30,79.06543731689453,87.38999938964844
2013-12-31,79.58112335205078,87.95999908447266
2014-01-02,78.95686340332031,87.2699966430664
2014-01-03,78.38687896728516,86.63999938964844
2014-01-06,78.09736633300781,86.31999969482422
2014-01-07,78.82113647460938,87.12000274658203
2014-01-08,78.9930648803711,87.30999755859375
2014-01-09,78.73066711425781,87.0199966430664
2014-01-10,78.98397827148438,87.30000305175781
2014-01-13,77.81690979003906,86.01000213623047
2014-01-14,79.3006591796875,87.6500015258789
2014-01-15,79.95207977294922,88.37000274658203
2014-01-16,79.96112060546875,88.37999725341797
2014-01-17,79.50872039794922,87.87999725341797
2014-01-21,80.11495208740234,88.55000305175781
2014-01-22,80.32302856445312,88.77999877929688
2014-01-23,80.05160522460938,88.4800033569336
2014-01-24,78.47733306884766,86.73999786376953
2014-01-27,77.71733856201172,85.9000015258789
2014-01-28,77.67210388183594,85.8499984741211
2014-01-29,76.83973693847656,84.93000030517578
2014-01-30,78.26020812988281,86.5
2014-01-31,78.0521240234375,86.2699966430664
2014-02-03,76.26073455810547,84.29000091552734
2014-02-04,76.82166290283203,84.91000366210938
2014-02-05,76.62264251708984,84.69000244140625
2014-02-06,77.59974670410156,85.7699966430664
2014-02-07,78.98397827148438,87.30000305175781
2014-02-10,79.4363784790039,87.80000305175781
2014-02-11,80.34111022949219,88.80000305175781
2014-02-12,80.49493408203125,88.97000122070312
2014-02-13,81.09205627441406,89.62999725341797
2014-02-14,81.25492858886719,89.80999755859375
2014-02-18,81.65301513671875,90.25
2014-02-19,81.09205627441406,89.62999725341797
2014-02-20,81.4720458984375,90.05000305175781
2014-02-21,81.36345672607422,89.93000030517578
2014-02-24,81.79777526855469,90.41000366210938
2014-02-25,81.7072525024414,90.30999755859375
2014-02-26,81.6349105834961,90.2300033569336
2014-02-27,82.16456604003906,90.44000244140625
2014-02-28,82.07371520996094,90.33999633789062
2014-03-03,81.46499633789062,89.66999816894531
2014-03-04,82.5007095336914,90.80999755859375
2014-03-05,82.7278060913086,91.05999755859375
2014-03-06,82.65513610839844,90.9800033569336
2014-03-07,82.2463150024414,90.52999877929688
2014-03-10,82.3189926147461,90.61000061035156
2014-03-11,81.96468353271484,90.22000122070312
2014-03-12,82.27356719970703,90.55999755859375
2014-03-13,81.11068725585938,89.27999877929688
2014-03-14,80.5565185546875,88.66999816894531
2014-03-17,81.26513671875,89.44999694824219
2014-03-18,82.2463150024414,90.52999877929688
2014-03-19,81.8011703491211,90.04000091552734
2014-03-20,82.02825927734375,90.29000091552734
2014-03-21,81.04119873046875,89.0
2014-03-24,80.33097839355469,88.22000122070312
2014-03-25,80.59504699707031,88.51000213623047
2014-03-26,79.55701446533203,87.37000274658203
2014-03-27,79.11078643798828,86.87999725341797
2014-03-28,79.26561737060547,87.05000305175781
2014-03-31,79.8301773071289,87.66999816894531
2014-04-01,81.232421875,89.20999908447266
2014-04-02,81.44186401367188,89.44000244140625
2014-04-03,80.79535675048828,88.7300033569336
2014-04-04,78.6463851928711,86.37000274658203
2014-04-07,77.89972686767578,85.55000305175781
2014-04-08,78.61909484863281,86.33999633789062
2014-04-09,79.96675872802734,87.81999969482422
2014-04-10,77.4899673461914,85.0999984741211
2014-04-11,76.5885009765625,84.11000061035156
2014-04-14,77.18950653076172,84.7699966430664
2014-04-15,77.4444351196289,85.05000305175781
2014-04-16,78.47340393066406,86.18000030517578
2014-04-17,78.4916000366211,86.19999694824219
2014-04-21,79.07437133789062,86.83999633789062
2014-04-22,79.70268249511719,87.52999877929688
2014-04-23,79.00151824951172,86.76000213623047
2014-04-24,79.7573013305664,87.58999633789062
2014-04-25,78.4825210571289,86.19000244140625
2014-04-28,78.73748016357422,86.47000122070312
2014-04-29,79.36575317382812,87.16000366210938
2014-04-30,79.5751953125,87.38999938964844
2014-05-01,79.81192779541016,87.6500015258789
2014-05-02,79.66624450683594,87.48999786376953
2014-05-05,80.08512115478516,87.94999694824219
2014-05-06,79.04703521728516,86.80999755859375
2014-05-07,78.81939697265625,86.55999755859375
2014-05-08,78.74655151367188,86.4800033569336
2014-05-09,79.0379638671875,86.80000305175781
2014-05-12,80.34007263183594,88.2300033569336
2014-05-13,80.39469909667969,88.29000091552734
2014-05-14,79.9758071899414,87.83000183105469
2014-05-15,79.3475341796875,87.13999938964844
2014-05-16,79.86658477783203,87.70999908447266
2014-05-19,80.42202758789062,88.31999969482422
2014-05-20,80.13065338134766,88.0
2014-05-21,80.8955078125,88.83999633789062
2014-05-22,81.2506332397461,89.2300033569336
2014-05-23,81.8425064086914,89.87999725341797
2014-05-27,82.86237335205078,91.0
2014-05-28,82.60741424560547,90.72000122070312
2014-05-29,83.13555908203125,91.30000305175781
2014-05-30,83.1446533203125,91.30999755859375
2014-06-02,83.06266784667969,91.22000122070312
2014-06-03,83.02628326416016,91.18000030517578
2014-06-04,83.33585357666016,91.5199966430664
2014-06-05,84.03702545166016,92.29000091552734
2014-06-06,84.51960754394531,92.81999969482422
2014-06-09,84.45587158203125,92.75
2014-06-10,84.6015853881836,92.91000366210938
2014-06-11,84.58335876464844,92.88999938964844
2014-06-12,83.81845092773438,92.05000305175781
2014-06-13,84.06434631347656,92.31999969482422
2014-06-16,84.13716125488281,92.4000015258789
2014-06-17,84.18270111083984,92.44999694824219
2014-06-18,84.65620422363281,92.97000122070312
2014-06-19,84.6015853881836,92.91000366210938
2014-06-20,84.7010726928711,92.7699966430664
2014-06-23,84.71934509277344,92.79000091552734
2014-06-24,84.63716888427734,92.69999694824219
2014-06-25,85.17584228515625,93.29000091552734
2014-06-26,85.22148895263672,93.33999633789062
2014-06-27,85.59584045410156,93.75
2014-06-30,85.7419204711914,93.91000366210938
2014-07-01,86.68236541748047,94.94000244140625
2014-07-02,86.82841491699219,95.0999984741211
2014-07-03,87.37625122070312,95.69999694824219
2014-07-07,87.1114501953125,95.41000366210938
2014-07-08,86.06147766113281,94.26000213623047
2014-07-09,86.70061492919922,94.95999908447266
2014-07-10,86.42671966552734,94.66000366210938
2014-07-11,86.98365020751953,95.2699966430664
2014-07-14,87.50404357910156,95.83999633789062
2014-07-15,87.2027816772461,95.51000213623047
2014-07-16,87.54972839355469,95.88999938964844
2014-07-17,86.39018249511719,94.62000274658203
2014-07-18,87.75969696044922,96.12000274658203
2014-07-21,87.65015411376953,96.0
2014-07-22,88.20707702636719,96.61000061035156
2014-07-23,88.77316284179688,97.2300033569336
2014-07-24,88.6727523803711,97.12000274658203
2014-07-25,88.32577514648438,96.73999786376953
2014-07-28,88.35317993164062,96.7699966430664
2014-07-29,88.19796752929688,96.5999984741211
2014-07-30,88.54491424560547,96.9800033569336
2014-07-31,86.75538635253906,95.0199966430664
2014-08-01,86.43579864501953,94.66999816894531
2014-08-04,87.02928924560547,95.31999969482422
2014-08-05,86.3627700805664,94.58999633789062
2014-08-06,86.29887390136719,94.5199966430664
2014-08-07,86.02497863769531,94.22000122070312
2014-08-08,86.64582824707031,94.9000015258789
2014-08-11,87.15711212158203,95.45999908447266
2014-08-12,87.12059020996094,95.41999816894531
2014-08-13,88.04277038574219,96.43000030517578
2014-08-14,88.49925994873047,96.93000030517578
2014-08-15,88.92837524414062,97.4000015258789
2014-08-18,89.6131362915039,98.1500015258789
2014-08-19,90.11531829833984,98.69999694824219
2014-08-20,90.11531829833984,98.69999694824219
2014-08-21,90.29789733886719,98.9000015258789
2014-08-22,90.43484497070312,99.05000305175781
2014-08-25,90.75442504882812,99.4000015258789
2014-08-26,90.84573364257812,99.5
2014-08-27,90.86398315429688,99.5199966430664
2014-08-28,90.76356506347656,99.41000366210938
2014-08-29,91.10137176513672,99.77999877929688
2014-09-02,91.36615753173828,100.06999969482422
2014-09-03,90.82746887207031,99.4800033569336
2014-09-04,90.74528503417969,99.38999938964844
2014-09-05,91.20179748535156,99.88999938964844
2014-09-08,91.37527465820312,100.08000183105469
2014-09-09,90.61749267578125,99.25
2014-09-10,91.36615753173828,100.06999969482422
2014-09-11,91.29314422607422,99.98999786376953
2014-09-12,90.82746887207031,99.4800033569336
2014-09-15,89.95094299316406,98.5199966430664
2014-09-16,90.73615264892578,99.37999725341797
2014-09-17,90.87311553955078,99.52999877929688
2014-09-18,91.55789947509766,100.27999877929688
2014-09-19,91.50115203857422,99.9800033569336
2014-09-22,90.65000915527344,99.05000305175781
2014-09-23,90.40291595458984,98.77999877929688
2014-09-24,91.37303161621094,99.83999633789062
2014-09-25,89.45111083984375,97.73999786376953
2014-09-26,90.40291595458984,98.77999877929688
2014-09-29,90.28394317626953,98.6500015258789
2014-09-30,90.41204071044922,98.79000091552734
2014-10-01,88.9660415649414,97.20999908447266
2014-10-02,88.9660415649414,97.20999908447266
2014-10-03,89.8446273803711,98.16999816894531
2014-10-06,89.65243530273438,97.95999908447266
2014-10-07,88.38032531738281,96.56999969482422
2014-10-08,90.10089874267578,98.44999694824219
2014-10-09,88.64572143554688,96.86000061035156
2014-10-10,86.43098449707031,94.44000244140625
2014-10-13,85.07646942138672,92.95999908447266
2014-10-14,85.08563232421875,92.97000122070312
2014-10-15,84.53649139404297,92.37000274658203
2014-10-16,84.00569915771484,91.79000091552734
2014-10-17,85.11308288574219,93.0
2014-10-20,86.38519287109375,94.38999938964844
2014-10-21,88.65487670898438,96.87000274658203
2014-10-22,88.19731140136719,96.37000274658203
2014-10-23,89.52432250976562,97.81999969482422
2014-10-24,90.25645446777344,98.62000274658203
2014-10-27,90.32052612304688,98.69000244140625
2014-10-28,91.68414306640625,100.18000030517578
2014-10-29,91.34553527832031,99.80999755859375
2014-10-30,91.53772735595703,100.0199966430664
2014-10-31,92.80072784423828,101.4000015258789
2014-11-03,93.07526397705078,101.69999694824219
2014-11-04,92.76407623291016,101.36000061035156
2014-11-05,92.77326202392578,101.37000274658203
2014-11-06,93.06610870361328,101.69000244140625
2014-11-07,92.98372650146484,101.5999984741211
2014-11-10,93.3132553100586,101.95999908447266
2014-11-11,93.6060791015625,102.27999877929688
2014-11-12,93.77082061767578,102.45999908447266
2014-11-13,94.1734848022461,102.9000015258789
2014-11-14,94.46637725830078,103.22000122070312
2014-11-17,94.18268585205078,102.91000366210938
2014-11-18,94.8873519897461,103.68000030517578
2014-11-19,94.45721435546875,103.20999908447266
2014-11-20,94.87818145751953,103.66999816894531
2014-11-21,95.0612564086914,103.87000274658203
2014-11-24,95.80253601074219,104.68000030517578
2014-11-25,95.94896697998047,104.83999633789062
2014-11-26,96.57130432128906,105.5199966430664
2014-11-28,97.01973724365234,106.01000213623047
2014-12-01,95.92152404785156,104.80999755859375
2014-12-02,96.305908203125,105.2300033569336
2014-12-03,96.47978210449219,105.41999816894531
2014-12-04,96.43403625488281,105.37000274658203
2014-12-05,96.44319915771484,105.37999725341797
2014-12-08,95.75679016113281,104.62999725341797
2014-12-09,96.05882263183594,104.95999908447266
2014-12-10,94.54874420166016,103.30999755859375
2014-12-11,94.99718475341797,103.80000305175781
2014-12-12,93.96302032470703,102.66999816894531
2014-12-15,92.99290466308594,101.61000061035156
2014-12-16,91.50115203857422,99.9800033569336
2014-12-17,93.16679382324219,101.80000305175781
2014-12-18,95.40898895263672,104.25
2014-12-19,95.82882690429688,104.31999969482422
2014-12-22,96.06768798828125,104.58000183105469
2014-12-23,95.72777557373047,104.20999908447266
2014-12-24,95.81045532226562,104.30000305175781
2014-12-26,96.49022674560547,105.04000091552734
2014-12-29,96.47183227539062,105.0199966430664
2014-12-30,95.82882690429688,104.31999969482422
2014-12-31,94.84591674804688,103.25
2015-01-02,94.56114196777344,102.94000244140625
2015-01-05,93.17405700683594,101.43000030517578
2015-01-06,91.92475891113281,100.06999969482422
2015-01-07,93.10972595214844,101.36000061035156
2015-01-08,94.89187622070312,103.30000305175781
2015-01-09,94.2671890258789,102.62000274658203
2015-01-12,93.28427124023438,101.55000305175781
2015-01-13,93.25674438476562,101.5199966430664
2015-01-14,92.74229431152344,100.95999908447266
2015-01-15,91.5389404296875,99.6500015258789
2015-01-16,92.61368560791016,100.81999969482422
2015-01-20,93.34859466552734,101.62000274658203
2015-01-21,93.8262710571289,102.13999938964844
2015-01-22,95.56242370605469,104.02999877929688
2015-01-23,95.77373504638672,104.26000213623047
2015-01-26,95.66343688964844,104.13999938964844
2015-01-27,93.18325805664062,101.44000244140625
2015-01-28,92.70555114746094,100.91999816894531
2015-01-29,93.59659576416016,101.88999938964844
2015-01-30,92.87090301513672,101.0999984741211
2015-02-02,93.6792984008789,101.9800033569336
2015-02-03,94.57952117919922,102.95999908447266
2015-02-04,94.4968490600586,102.87000274658203
2015-02-05,95.31440734863281,103.76000213623047
2015-02-06,94.73568725585938,103.12999725341797
2015-02-09,94.43253326416016,102.80000305175781
2015-02-10,95.90230560302734,104.4000015258789
2015-02-11,96.25135040283203,104.77999877929688
2015-02-12,97.37207794189453,106.0
2015-02-13,98.20802307128906,106.91000366210938
2015-02-17,98.29987335205078,107.01000213623047
2015-02-18,98.43765258789062,107.16000366210938
2015-02-19,98.92450714111328,107.69000244140625
2015-02-20,99.58592224121094,108.41000366210938
2015-02-23,99.68697357177734,108.5199966430664
2015-02-24,99.7604751586914,108.5999984741211
2015-02-25,99.51243591308594,108.33000183105469
2015-02-26,100.01765441894531,108.87999725341797
2015-02-27,99.57671356201172,108.4000015258789
2015-03-02,100.47695922851562,109.37999725341797
2015-03-03,100.00846862792969,108.87000274658203
2015-03-04,99.62265014648438,108.44999694824219
2015-03-05,99.79717254638672,108.63999938964844
2015-03-06,98.66732788085938,107.41000366210938
2015-03-09,98.95208740234375,107.72000122070312
2015-03-10,97.11486053466797,105.72000122070312
2015-03-11,96.55450439453125,105.11000061035156
2015-03-12,97.18836975097656,105.80000305175781
2015-03-13,96.76580047607422,105.33999633789062
2015-03-16,98.01509857177734,106.69999694824219
2015-03-17,98.1712646484375,106.87000274658203
2015-03-18,99.13579559326172,107.91999816894531
2015-03-19,99.28276824951172,108.08000183105469
2015-03-20,99.92543029785156,108.52999877929688
2015-03-23,99.73209381103516,108.31999969482422
2015-03-24,99.37300872802734,107.93000030517578
2015-03-25,97.09883117675781,105.45999908447266
2015-03-26,96.76738739013672,105.0999984741211
2015-03-27,97.15406799316406,105.5199966430664
2015-03-30,98.26814270019531,106.7300033569336
2015-03-31,97.22774505615234,105.5999984741211
2015-04-01,96.7213363647461,105.05000305175781
2015-04-02,96.78575897216797,105.12000274658203
2015-04-06,97.57760620117188,105.9800033569336
2015-04-07,97.41189575195312,105.80000305175781
2015-04-08,98.185302734375,106.63999938964844
2015-04-09,98.80215454101562,107.30999755859375
2015-04-10,99.20726776123047,107.75
2015-04-13,98.9586410522461,107.4800033569336
2015-04-14,98.67326354980469,107.16999816894531
2015-04-15,99.2901382446289,107.83999633789062
2015-04-16,99.15203094482422,107.69000244140625
2015-04-17,97.60523986816406,106.01000213623047
2015-04-20,99.06918334960938,107.5999984741211
2015-04-21,99.4926986694336,108.05999755859375
2015-04-22,100.03590393066406,108.6500015258789
2015-04-23,100.41341400146484,109.05999755859375
2015-04-24,101.77606964111328,110.54000091552734
2015-04-27,101.51828002929688,110.26000213623047
2015-04-28,101.31572723388672,110.04000091552734
2015-04-29,100.680419921875,109.3499984741211
2015-04-30,99.09678649902344,107.62999725341797
2015-05-01,100.4041976928711,109.05000305175781
2015-05-04,100.56993103027344,109.2300033569336
2015-05-05,98.93104553222656,107.44999694824219
2015-05-06,98.24972534179688,106.70999908447266
2015-05-07,98.83897399902344,107.3499984741211
2015-05-08,100.07275390625,108.69000244140625
2015-05-11,99.68604278564453,108.2699966430664
2015-05-12,99.23490142822266,107.77999877929688
2015-05-13,99.43743896484375,108.0
2015-05-14,100.89218139648438,109.58000183105469
2015-05-15,100.89218139648438,109.58000183105469
2015-05-18,101.33413696289062,110.05999755859375
2015-05-19,101.22364807128906,109.94000244140625
2015-05-20,101.2881088256836,110.01000213623047
2015-05-21,101.81291198730469,110.58000183105469
2015-05-22,101.71162414550781,110.47000122070312
2015-05-26,100.54229736328125,109.19999694824219
2015-05-27,102.16279602050781,110.95999908447266
2015-05-28,101.9325942993164,110.70999908447266
2015-05-29,101.3249282836914,110.05000305175781
2015-06-01,101.66558074951172,110.41999816894531
2015-06-02,101.34333038330078,110.06999969482422
2015-06-03,101.64717102050781,110.4000015258789
2015-06-04,100.87379455566406,109.55999755859375
2015-06-05,100.63440704345703,109.30000305175781
2015-06-08,99.61241149902344,108.19000244140625
2015-06-09,99.4466552734375,108.01000213623047
2015-06-10,100.80933380126953,109.48999786376953
2015-06-11,100.9566650390625,109.6500015258789
2015-06-12,100.12796783447266,108.75
2015-06-15,99.63079833984375,108.20999908447266
2015-06-16,100.17403411865234,108.80000305175781
2015-06-17,100.45021057128906,109.0999984741211
2015-06-18,101.91417694091797,110.69000244140625
2015-06-19,101.41035461425781,109.88999938964844
2015-06-22,102.15780639648438,110.69999694824219
2015-06-23,102.24089050292969,110.79000091552734
2015-06-24,101.7148666381836,110.22000122070312
2015-06-25,101.51182556152344,110.0
2015-06-26,100.8381576538086,109.2699966430664
2015-06-29,98.45722961425781,106.69000244140625
2015-06-30,98.80792236328125,107.06999969482422
2015-07-01,99.59233093261719,107.91999816894531
2015-07-02,99.6200180053711,107.94999694824219
2015-07-06,99.38931274414062,107.69999694824219
2015-07-07,99.63843536376953,107.97000122070312
2015-07-08,97.90352630615234,106.08999633789062
2015-07-09,97.84819793701172,106.02999877929688
2015-07-10,99.34319305419922,107.6500015258789
2015-07-13,101.08732604980469,109.54000091552734
2015-07-14,101.75177001953125,110.26000213623047
2015-07-15,101.86250305175781,110.37999725341797
2015-07-16,103.3021011352539,111.94000244140625
2015-07-17,104.82479095458984,113.58999633789062
2015-07-20,105.1847152709961,113.9800033569336
2015-07-21,105.12010192871094,113.91000366210938
2015-07-22,103.92965698242188,112.62000274658203
2015-07-23,103.54206085205078,112.19999694824219
2015-07-24,102.52693939208984,111.0999984741211
2015-07-27,101.6779556274414,110.18000030517578
2015-07-28,102.55461883544922,111.12999725341797
2015-07-29,102.94224548339844,111.55000305175781
2015-07-30,103.43132781982422,112.08000183105469
2015-07-31,103.31134796142578,111.94999694824219
2015-08-03,102.98836517333984,111.5999984741211
2015-08-04,102.79454803466797,111.38999938964844
2015-08-05,103.58821868896484,112.25
2015-08-06,101.92711639404297,110.44999694824219
2015-08-07,101.79790496826172,110.30999755859375
2015-08-10,102.96068572998047,111.56999969482422
2015-08-11,101.64099884033203,110.13999938964844
2015-08-12,101.99170684814453,110.5199966430664
2015-08-13,101.8255844116211,110.33999633789062
2015-08-14,101.98250579833984,110.51000213623047
2015-08-17,102.83146667480469,111.43000030517578
2015-08-18,102.30549621582031,110.86000061035156
2015-08-19,101.6318130493164,110.12999725341797
2015-08-20,98.817138671875,107.08000183105469
2015-08-21,94.498291015625,102.4000015258789
2015-08-24,90.86231994628906,98.45999908447266
2015-08-25,90.5208740234375,98.08999633789062
2015-08-26,95.07965850830078,103.02999877929688
2015-08-27,97.48827362060547,105.63999938964844
2015-08-28,97.4698257446289,105.62000274658203
2015-08-31,96.26090240478516,104.30999755859375
2015-09-01,93.25247955322266,101.05000305175781
2015-09-02,95.88253784179688,103.9000015258789
2015-09-03,95.41191864013672,103.38999938964844
2015-09-04,94.27682495117188,102.16000366210938
2015-09-08,96.93457794189453,105.04000091552734
2015-09-09,95.84564208984375,103.86000061035156
2015-09-10,96.88844299316406,104.98999786376953
2015-09-11,97.42365264892578,105.56999969482422
2015-09-14,97.12835693359375,105.25
2015-09-15,98.2726821899414,106.48999786376953
2015-09-16,98.8263931274414,107.08999633789062
2015-09-17,98.8633041381836,107.12999725341797
2015-09-18,97.4571762084961,105.3499984741211
2015-09-21,97.76244354248047,105.68000030517578
2015-09-22,96.30084991455078,104.0999984741211
2015-09-23,96.37483978271484,104.18000030517578
2015-09-24,96.02328491210938,103.80000305175781
2015-09-25,95.20924377441406,102.91999816894531
2015-09-28,92.49876403808594,99.98999786376953
2015-09-29,92.01770782470703,99.47000122070312
2015-09-30,94.13614654541016,101.76000213623047
2015-10-01,94.5616683959961,102.22000122070312
2015-10-02,96.21754455566406,104.01000213623047
2015-10-05,97.59593963623047,105.5
2015-10-06,97.13341522216797,105.0
2015-10-07,97.71621704101562,105.62999725341797
2015-10-08,98.10472869873047,106.05000305175781
2015-10-09,98.54877471923828,106.52999877929688
2015-10-12,98.78929901123047,106.79000091552734
2015-10-13,98.15099334716797,106.0999984741211
2015-10-14,97.99372863769531,105.93000030517578
2015-10-15,99.6033706665039,107.66999816894531
2015-10-16,100.0196533203125,108.12000274658203
2015-10-19,100.59318542480469,108.73999786376953
2015-10-20,100.07514190673828,108.18000030517578
2015-10-21,99.46458435058594,107.5199966430664
2015-10-22,101.49052429199219,109.70999908447266
2015-10-23,104.33052825927734,112.77999877929688
2015-10-26,104.39529418945312,112.8499984741211
2015-10-27,104.6080322265625,113.08000183105469
2015-10-28,105.47760772705078,114.0199966430664
2015-10-29,105.31110382080078,113.83999633789062
2015-10-30,104.8393325805664,113.33000183105469
2015-11-02,106.02340698242188,114.61000061035156
2015-11-03,106.39344024658203,115.01000213623047
2015-11-04,106.40267944335938,115.0199966430664
2015-11-05,106.11591339111328,114.70999908447266
2015-11-06,106.1899185180664,114.79000091552734
2015-11-09,105.06131744384766,113.56999969482422
2015-11-10,104.79308319091797,113.27999877929688
2015-11-11,104.66353607177734,113.13999938964844
2015-11-12,103.64595794677734,112.04000091552734
2015-11-13,101.61079406738281,109.83999633789062
2015-11-16,103.0724105834961,111.41999816894531
2015-11-17,103.1371841430664,111.48999786376953
2015-11-18,105.11685180664062,113.62999725341797
2015-11-19,105.19085693359375,113.70999908447266
2015-11-20,105.90316009521484,114.4800033569336
2015-11-23,105.59786987304688,114.1500015258789
2015-11-24,105.5053939819336,114.05000305175781
2015-11-25,105.59786987304688,114.1500015258789
2015-11-27,105.74590301513672,114.30999755859375
2015-11-30,105.47760772705078,114.0199966430664
2015-12-01,106.5322036743164,115.16000366210938
2015-12-02,105.8753890991211,114.44999694824219
2015-12-03,104.08075714111328,112.51000213623047
2015-12-04,106.51373291015625,115.13999938964844
2015-12-07,106.0326919555664,114.62000274658203
2015-12-08,106.0418930053711,114.62999725341797
2015-12-09,104.43230438232422,112.88999938964844
2015-12-10,104.904052734375,113.4000015258789
2015-12-11,102.48963165283203,110.79000091552734
2015-12-14,103.26667785644531,111.62999725341797
2015-12-15,103.8957290649414,112.30999755859375
2015-12-16,105.44062042236328,113.9800033569336
2015-12-17,103.90493774414062,112.31999969482422
2015-12-18,101.91182708740234,109.83000183105469
2015-12-21,103.04389190673828,111.05000305175781
2015-12-22,103.72126007080078,111.77999877929688
2015-12-23,104.49140930175781,112.61000061035156
2015-12-24,104.47286987304688,112.58999633789062
2015-12-28,104.41717529296875,112.52999877929688
2015-12-29,106.0595703125,114.30000305175781
2015-12-30,105.10384368896484,113.2699966430664
2015-12-31,103.79547882080078,111.86000061035156
2016-01-04,101.60563659667969,109.5
2016-01-05,101.42930603027344,109.30999755859375
2016-01-06,100.45501708984375,108.26000213623047
2016-01-07,97.30941009521484,104.87000274658203
2016-01-08,96.51142120361328,104.01000213623047
2016-01-11,96.8083724975586,104.33000183105469
2016-01-12,97.93115234375,105.54000091552734
2016-01-13,94.55357360839844,101.9000015258789
2016-01-14,96.56710815429688,104.06999969482422
2016-01-15,93.5699691772461,100.83999633789062
2016-01-19,93.77413177490234,101.05999755859375
2016-01-20,93.4864730834961,100.75
2016-01-21,93.57926940917969,100.8499984741211
2016-01-22,96.28873443603516,103.7699966430664
2016-01-25,94.8597412109375,102.2300033569336
2016-01-26,95.71343994140625,103.1500015258789
2016-01-27,93.3287124633789,100.58000183105469
2016-01-28,94.6463623046875,102.0
2016-01-29,96.62279510498047,104.12999725341797
2016-02-01,96.8825912475586,104.41000366210938
2016-02-02,94.78553771972656,102.1500015258789
2016-02-03,94.33084869384766,101.66000366210938
2016-02-04,94.32156372070312,101.6500015258789
2016-02-05,91.04605865478516,98.12000274658203
2016-02-08,89.65422821044922,96.62000274658203
2016-02-09,89.37581634521484,96.31999969482422
2016-02-10,89.71915435791016,96.69000244140625
2016-02-11,89.5892562866211,96.55000305175781
2016-02-12,90.95326232910156,98.0199966430664
2016-02-16,93.00396728515625,100.2300033569336
2016-02-17,95.11029815673828,102.5
2016-02-18,94.02465057373047,101.33000183105469
2016-02-19,94.3030014038086,101.62999725341797
2016-02-22,95.83404541015625,103.27999877929688
2016-02-23,94.25662994384766,101.58000183105469
2016-02-24,95.15669250488281,102.55000305175781
2016-02-25,96.09387969970703,103.55999755859375
2016-02-26,95.97325134277344,103.43000030517578
2016-02-29,95.11029815673828,102.5
2016-03-01,98.16310119628906,105.79000091552734
2016-03-02,98.20022583007812,105.83000183105469
2016-03-03,98.01464080810547,105.62999725341797
2016-03-04,98.0517807006836,105.66999816894531
2016-03-07,97.44861602783203,105.0199966430664
2016-03-08,96.64132690429688,104.1500015258789
2016-03-09,97.26303100585938,104.81999969482422
2016-03-10,97.11457824707031,104.66000366210938
2016-03-11,98.8126449584961,106.48999786376953
2016-03-14,98.97965240478516,106.66999816894531
2016-03-15,98.94254302978516,106.62999725341797
2016-03-16,99.82405853271484,107.58000183105469
2016-03-17,99.76837921142578,107.5199966430664
2016-03-18,99.92472076416016,107.37000274658203
2016-03-21,100.31562042236328,107.79000091552734
2016-03-22,100.62272644042969,108.12000274658203
2016-03-23,99.79444885253906,107.2300033569336
2016-03-24,99.82235717773438,107.26000213623047
2016-03-28,99.68274688720703,107.11000061035156
2016-03-29,101.28348541259766,108.83000183105469
2016-03-30,101.7767105102539,109.36000061035156
2016-03-31,101.6278305053711,109.19999694824219
2016-04-01,102.70740509033203,110.36000061035156
2016-04-04,102.31652069091797,109.94000244140625
2016-04-05,101.33003234863281,108.87999725341797
2016-04-06,102.99589538574219,110.66999816894531
2016-04-07,101.51615142822266,109.08000183105469
2016-04-08,101.44169616699219,109.0
2016-04-11,101.0694580078125,108.5999984741211
2016-04-12,101.91632843017578,109.51000213623047
2016-04-13,103.2192611694336,110.91000366210938
2016-04-14,103.22855377197266,110.91999816894531
2016-04-15,102.96798706054688,110.63999938964844
2016-04-18,103.5170669555664,111.2300033569336
2016-04-19,102.8842544555664,110.55000305175781
2016-04-20,102.96798706054688,110.63999938964844
2016-04-21,102.9773178100586,110.6500015258789
2016-04-22,101.423095703125,108.9800033569336
2016-04-25,101.423095703125,108.9800033569336
2016-04-26,100.92984771728516,108.44999694824219
2016-04-27,100.12017059326172,107.58000183105469
2016-04-28,98.9103012084961,106.27999877929688
2016-04-29,98.38914489746094,105.72000122070312
2016-05-02,99.3198013305664,106.72000122070312
2016-05-03,98.39847564697266,105.7300033569336
2016-05-04,97.76560974121094,105.05000305175781
2016-05-05,97.73767852783203,105.0199966430664
2016-05-06,98.25884246826172,105.58000183105469
2016-05-09,98.53804016113281,105.87999725341797
2016-05-10,99.88750457763672,107.33000183105469
2016-05-11,98.9847640991211,106.36000061035156
2016-05-12,98.54734802246094,105.88999938964844
2016-05-13,98.18439483642578,105.5
2016-05-16,99.4128646850586,106.81999969482422
2016-05-17,98.1657943725586,105.4800033569336
2016-05-18,98.51945495605469,105.86000061035156
2016-05-19,98.007568359375,105.30999755859375
2016-05-20,99.08714294433594,106.47000122070312
2016-05-23,98.95681762695312,106.33000183105469
2016-05-24,100.93912506103516,108.45999908447266
2016-05-25,101.6650619506836,109.23999786376953
2016-05-26,101.9628677368164,109.55999755859375
2016-05-27,102.49335479736328,110.12999725341797
2016-05-31,102.68876647949219,110.33999633789062
2016-06-01,102.69808959960938,110.3499984741211
2016-06-02,102.91215515136719,110.58000183105469
2016-06-03,102.42819213867188,110.05999755859375
2016-06-06,102.80047607421875,110.45999908447266
2016-06-07,102.53986358642578,110.18000030517578
2016-06-08,102.7166976928711,110.37000274658203
2016-06-09,102.5491943359375,110.19000244140625
2016-06-10,101.38587188720703,108.94000244140625
2016-06-13,100.53895568847656,108.02999877929688
2016-06-14,100.53895568847656,108.02999877929688
2016-06-15,100.2504653930664,107.72000122070312
2016-06-16,100.54827117919922,108.04000091552734
2016-06-17,99.36973571777344,106.48999786376953
2016-06-20,99.99491119384766,107.16000366210938
2016-06-21,100.31219482421875,107.5
2016-06-22,100.06954193115234,107.23999786376953
2016-06-23,101.49726867675781,108.7699966430664
2016-06-24,97.31682586669922,104.29000091552734
2016-06-27,95.38521575927734,102.22000122070312
2016-06-28,97.47542572021484,104.45999908447266
2016-06-29,99.20175170898438,106.30999755859375
2016-06-30,100.34950256347656,107.54000091552734
2016-07-01,100.85340118408203,108.08000183105469
2016-07-05,100.23751831054688,107.41999816894531
2016-07-06,101.05868530273438,108.30000305175781
2016-07-07,101.3572998046875,108.62000274658203
2016-07-08,102.92496490478516,110.30000305175781
2016-07-11,103.5128402709961,110.93000030517578
2016-07-12,104.03540802001953,111.48999786376953
2016-07-13,103.78346252441406,111.22000122070312
2016-07-14,104.49263763427734,111.9800033569336
2016-07-15,104.32469177246094,111.80000305175781
2016-07-18,105.01519012451172,112.54000091552734
2016-07-19,104.63261413574219,112.12999725341797
2016-07-20,105.85498809814453,113.44000244140625
2016-07-21,105.6124038696289,113.18000030517578
2016-07-22,106.05097961425781,113.6500015258789
2016-07-25,106.06031799316406,113.66000366210938
2016-07-26,106.18161010742188,113.79000091552734
2016-07-27,106.91878509521484,114.58000183105469
2016-07-28,107.29203033447266,114.9800033569336
2016-07-29,107.52532196044922,115.2300033569336
2016-08-01,108.09455871582031,115.83999633789062
2016-08-02,107.27338409423828,114.95999908447266
2016-08-03,107.62796783447266,115.33999633789062
2016-08-04,107.9359130859375,115.66999816894531
2016-08-05,108.97171020507812,116.77999877929688
2016-08-08,108.85039520263672,116.6500015258789
2016-08-09,109.10234069824219,116.91999816894531
2016-08-10,108.8223876953125,116.62000274658203
2016-08-11,109.2889633178711,117.12000274658203
2016-08-12,109.36359405517578,117.19999694824219
2016-08-15,109.8301773071289,117.69999694824219
2016-08-16,109.22364044189453,117.05000305175781
2016-08-17,109.41959381103516,117.26000213623047
2016-08-18,109.44759368896484,117.29000091552734
2016-08-19,109.41959381103516,117.26000213623047
2016-08-22,109.50357818603516,117.3499984741211
2016-08-23,109.69954681396484,117.55999755859375
2016-08-24,108.99037170410156,116.80000305175781
2016-08-25,108.81304931640625,116.61000061035156
2016-08-26,108.97171020507812,116.77999877929688
2016-08-29,109.1209945678711,116.94000244140625
2016-08-30,108.76640319824219,116.55999755859375
2016-08-31,108.6544189453125,116.44000244140625
2016-09-01,108.93434143066406,116.73999786376953
2016-09-02,109.2889633178711,117.12000274658203
2016-09-06,109.97014617919922,117.8499984741211
2016-09-07,110.03545379638672,117.91999816894531
2016-09-08,109.39160919189453,117.2300033569336
2016-09-09,106.63884735107422,114.27999877929688
2016-09-12,108.55179595947266,116.33000183105469
2016-09-13,107.58131408691406,115.29000091552734
2016-09-14,108.09455871582031,115.83999633789062
2016-09-15,109.77420806884766,117.63999938964844
2016-09-16,109.72178649902344,117.29000091552734
2016-09-19,109.24472045898438,116.77999877929688
2016-09-20,109.45052337646484,117.0
2016-09-21,110.52629852294922,118.1500015258789
2016-09-22,111.40565490722656,119.08999633789062
2016-09-23,110.6946792602539,118.33000183105469
2016-09-26,109.76856231689453,117.33999633789062
2016-09-27,110.85369873046875,118.5
2016-09-28,111.04083251953125,118.69999694824219
2016-09-29,110.23631286621094,117.83999633789062
2016-09-30,111.0595474243164,118.72000122070312
2016-10-03,110.9004898071289,118.55000305175781
2016-10-04,110.73211669921875,118.37000274658203
2016-10-05,111.125,118.79000091552734
2016-10-06,111.06889343261719,118.7300033569336
2016-10-07,110.8256607055664,118.47000122070312
2016-10-10,111.52728271484375,119.22000122070312
2016-10-11,109.93695831298828,117.5199966430664
2016-10-12,109.84341430664062,117.41999816894531
2016-10-13,109.45052337646484,117.0
2016-10-14,109.58147430419922,117.13999938964844
2016-10-17,109.28214263916016,116.81999969482422
2016-10-18,110.2550048828125,117.86000061035156
2016-10-19,110.24568176269531,117.8499984741211
2016-10-20,110.11470794677734,117.70999908447266
2016-10-21,110.52629852294922,118.1500015258789
2016-10-24,111.8547134399414,119.56999969482422
2016-10-25,111.49919891357422,119.19000244140625
2016-10-26,110.74147033691406,118.37999725341797
2016-10-27,110.23631286621094,117.83999633789062
2016-10-28,109.5440444946289,117.0999984741211
2016-10-31,109.44115447998047,116.98999786376953
2016-11-01,108.61793518066406,116.11000061035156
2016-11-02,107.74795532226562,115.18000030517578
2016-11-03,106.69084930419922,114.05000305175781
2016-11-04,106.31665802001953,113.6500015258789
2016-11-07,108.84246063232422,116.3499984741211
2016-11-08,109.55341339111328,117.11000061035156
2016-11-09,110.0585708618164,117.6500015258789
2016-11-10,108.28116607666016,115.75
2016-11-11,108.32794952392578,115.80000305175781
2016-11-14,107.23343658447266,114.62999725341797
2016-11-15,108.72083282470703,116.22000122070312
2016-11-16,109.3663101196289,116.91000366210938
2016-11-17,110.16148376464844,117.76000213623047
2016-11-18,109.7498779296875,117.31999969482422
2016-11-21,110.89112854003906,118.54000091552734
2016-11-22,111.22792053222656,118.9000015258789
2016-11-23,110.77890014648438,118.41999816894531
2016-11-25,111.13436126708984,118.80000305175781
2016-11-28,110.88179779052734,118.52999877929688
2016-11-29,111.26535034179688,118.94000244140625
2016-11-30,109.91825103759766,117.5
2016-12-01,108.01925659179688,115.47000122070312
2016-12-02,108.23440551757812,115.69999694824219
2016-12-05,109.07633209228516,116.5999984741211
2016-12-06,109.33822631835938,116.87999725341797
2016-12-07,110.72277069091797,118.36000061035156
2016-12-08,110.91919708251953,118.56999969482422
2016-12-09,111.78921508789062,119.5
2016-12-12,111.28404235839844,118.95999908447266
2016-12-13,112.68724060058594,120.45999908447266
2016-12-14,112.45339965820312,120.20999908447266
2016-12-15,112.63113403320312,120.4000015258789
2016-12-16,112.2136001586914,119.5999984741211
2016-12-19,112.67335510253906,120.08999633789062
2016-12-20,113.10494232177734,120.55000305175781
2016-12-21,113.02050018310547,120.45999908447266
2016-12-22,112.70149230957031,120.12000274658203
2016-12-23,112.77653503417969,120.19999694824219
2016-12-27,113.3582534790039,120.81999969482422
2016-12-28,112.476318359375,119.87999725341797
2016-12-29,112.31681823730469,119.70999908447266
2016-12-30,111.16280364990234,118.4800033569336
2017-01-03,112.15731811523438,119.54000091552734
2017-01-04,112.76718139648438,120.19000244140625
2017-01-05,113.40518951416016,120.87000274658203
2017-01-06,114.39971160888672,121.93000030517578
2017-01-09,114.7750244140625,122.33000183105469
2017-01-10,115.0283432006836,122.5999984741211
2017-01-11,115.33798217773438,122.93000030517578
2017-01-12,115.1596908569336,122.73999786376953
2017-01-13,115.55376434326172,123.16000366210938
2017-01-17,115.20661926269531,122.79000091552734
2017-01-18,115.4411849975586,123.04000091552734
2017-01-19,115.38488006591797,122.9800033569336
2017-01-20,115.63819122314453,123.25
2017-01-23,115.73201751708984,123.3499984741211
2017-01-24,116.51074981689453,124.18000030517578
2017-01-25,117.68358612060547,125.43000030517578
2017-01-26,117.80550384521484,125.55999755859375
2017-01-27,118.03070831298828,125.80000305175781
2017-01-30,117.11122131347656,124.81999969482422
2017-01-31,116.87665557861328,124.56999969482422
2017-02-01,117.68358612060547,125.43000030517578
2017-02-02,117.58035278320312,125.31999969482422
2017-02-03,117.91809844970703,125.68000030517578
2017-02-06,118.05885314941406,125.83000183105469
2017-02-07,118.49044799804688,126.29000091552734
2017-02-08,118.68749237060547,126.5
2017-02-09,119.1190414428711,126.95999908447266
2017-02-10,119.51314544677734,127.37999725341797
2017-02-13,120.18867492675781,128.10000610351562
2017-02-14,120.59210968017578,128.52999877929688
2017-02-15,121.3051528930664,129.2899932861328
2017-02-16,121.26763153076172,129.25
2017-02-17,121.79305267333984,129.80999755859375
2017-02-21,122.39353942871094,130.4499969482422
2017-02-22,122.44044494628906,130.5
2017-02-23,121.98070526123047,130.00999450683594
2017-02-24,122.21524810791016,130.25999450683594
2017-02-27,122.36540222167969,130.4199981689453
2017-02-28,121.99009704589844,130.02000427246094
2017-03-01,123.3223876953125,131.44000244140625
2017-03-02,122.70315551757812,130.77999877929688
2017-03-03,122.92831420898438,131.02000427246094
2017-03-06,122.65623474121094,130.72999572753906
2017-03-07,122.44983673095703,130.50999450683594
2017-03-08,122.66561889648438,130.74000549316406
2017-03-09,122.75948333740234,130.83999633789062
2017-03-10,123.27547454833984,131.38999938964844
2017-03-13,123.48191833496094,131.61000061035156
2017-03-14,123.18167114257812,131.2899932861328
2017-03-15,123.94163513183594,132.10000610351562
2017-03-16,123.85714721679688,132.00999450683594
2017-03-17,123.81393432617188,131.69000244140625
2017-03-20,123.92678833007812,131.80999755859375
2017-03-21,122.04637145996094,129.80999755859375
2017-03-22,122.8737564086914,130.69000244140625
2017-03-23,122.56349182128906,130.36000061035156
2017-03-24,122.81733703613281,130.6300048828125
2017-03-27,123.01480102539062,130.83999633789062
2017-03-28,123.76693725585938,131.63999938964844
2017-03-29,124.34043884277344,132.25
2017-03-30,124.54730987548828,132.47000122070312
2017-03-31,124.46269226074219,132.3800048828125
2017-04-03,124.38748168945312,132.3000030517578
2017-04-04,124.58487701416016,132.50999450683594
2017-04-05,124.07718658447266,131.97000122070312
2017-04-06,124.14301300048828,132.0399932861328
2017-04-07,124.07718658447266,131.97000122070312
2017-04-10,124.12423706054688,132.02000427246094
2017-04-11,123.58830261230469,131.4499969482422
2017-04-12,123.08998107910156,130.9199981689453
2017-04-13,122.60107421875,130.39999389648438
2017-04-17,123.61650848388672,131.47999572753906
2017-04-18,123.42848205566406,131.27999877929688
2017-04-19,123.62590789794922,131.49000549316406
2017-04-20,124.66011047363281,132.58999633789062
2017-04-21,124.63188171386719,132.55999755859375
2017-04-24,126.13624572753906,134.16000366210938
2017-04-25,127.04821014404297,135.1300048828125
2017-04-26,126.86954498291016,134.94000244140625
2017-04-27,127.63107299804688,135.75
2017-04-28,127.8567886352539,135.99000549316406
2017-05-01,128.99432373046875,137.1999969482422
2017-05-02,129.2106170654297,137.42999267578125
2017-05-03,128.7969970703125,136.99000549316406
2017-05-04,128.84397888183594,137.0399932861328
2017-05-05,129.31407165527344,137.5399932861328
2017-05-08,129.5961151123047,137.83999633789062
2017-05-09,130.04742431640625,138.32000732421875
2017-05-10,130.1226043701172,138.39999389648438
2017-05-11,130.0192108154297,138.2899932861328
2017-05-12,130.31065368652344,138.60000610351562
2017-05-15,130.7242889404297,139.0399932861328
2017-05-16,131.2696075439453,139.6199951171875
2017-05-17,127.93199157714844,136.07000732421875
2017-05-18,129.0508270263672,137.25999450683594
2017-05-19,129.5961151123047,137.83999633789062
2017-05-22,130.686767578125,139.0
2017-05-23,130.81837463378906,139.13999938964844
2017-05-24,131.42010498046875,139.77999877929688
2017-05-25,132.53892517089844,140.97000122070312
2017-05-26,132.77398681640625,141.22000122070312
2017-05-30,132.88681030273438,141.33999633789062
2017-05-31,132.8397674560547,141.2899932861328
2017-06-01,133.35693359375,141.83999633789062
2017-06-02,134.87998962402344,143.4600067138672
2017-06-05,134.851806640625,143.42999267578125
2017-06-06,134.31594848632812,142.86000061035156
2017-06-07,134.84243774414062,143.4199981689453
2017-06-08,134.9834442138672,143.57000732421875
2017-06-09,131.60812377929688,139.97999572753906
2017-06-12,130.9029998779297,139.22999572753906
2017-06-13,131.96543884277344,140.36000061035156
2017-06-14,131.39187622070312,139.75
2017-06-15,130.8089599609375,139.1300048828125
2017-06-16,130.2414093017578,138.14999389648438
2017-06-19,132.41917419433594,140.4600067138672
2017-06-20,131.3821563720703,139.36000061035156
2017-06-21,132.6831512451172,140.74000549316406
2017-06-22,132.64549255371094,140.6999969482422
2017-06-23,133.15460205078125,141.24000549316406
2017-06-26,132.5323028564453,140.5800018310547
2017-06-27,130.12832641601562,138.02999877929688
2017-06-28,132.00440979003906,140.02000427246094
2017-06-29,129.71348571777344,137.58999633789062
2017-06-30,129.7606201171875,137.63999938964844
2017-07-03,128.39358520507812,136.19000244140625
2017-07-05,129.6569061279297,137.52999877929688
2017-07-06,128.4879608154297,136.2899932861328
2017-07-07,129.8737335205078,137.75999450683594
2017-07-10,130.7222442626953,138.66000366210938
2017-07-11,131.0899200439453,139.0500030517578
2017-07-12,132.64549255371094,140.6999969482422
2017-07-13,132.93771362304688,141.00999450683594
2017-07-14,133.98414611816406,142.1199951171875
2017-07-17,134.05014038085938,142.19000244140625
2017-07-18,134.94580078125,143.13999938964844
2017-07-19,135.73765563964844,143.97999572753906
2017-07-20,135.91676330566406,144.1699981689453
2017-07-21,135.8602294921875,144.11000061035156
2017-07-24,136.4824676513672,144.77000427246094
2017-07-25,136.1336212158203,144.39999389648438
2017-07-26,136.57675170898438,144.8699951171875
2017-07-27,135.71884155273438,143.9600067138672
2017-07-28,135.60568237304688,143.83999633789062
2017-07-31,135.0305938720703,143.22999572753906
2017-08-01,135.34173583984375,143.55999755859375
2017-08-02,135.7093505859375,143.9499969482422
2017-08-03,135.18145751953125,143.38999938964844
2017-08-04,135.42660522460938,143.64999389648438
2017-08-07,136.28448486328125,144.55999755859375
2017-08-08,136.04881286621094,144.30999755859375
2017-08-09,135.86962890625,144.1199951171875
2017-08-10,132.95651245117188,141.02999877929688
2017-08-11,133.9652862548828,142.10000610351562
2017-08-14,135.69053649902344,143.92999267578125
2017-08-15,135.78485107421875,144.02999877929688
2017-08-16,136.02053833007812,144.27999877929688
2017-08-17,133.2394256591797,141.3300018310547
2017-08-18,133.1450958251953,141.22999572753906
2017-08-21,132.9754180908203,141.0500030517578
2017-08-22,135.0023193359375,143.1999969482422
2017-08-23,134.52149963378906,142.69000244140625
2017-08-24,134.1256103515625,142.27000427246094
2017-08-25,133.84274291992188,141.97000122070312
2017-08-28,134.2576141357422,142.41000366210938
2017-08-29,134.78550720214844,142.97000122070312
2017-08-30,136.3693389892578,144.64999389648438
2017-08-31,137.83062744140625,146.1999969482422
2017-09-01,137.6420440673828,146.0
2017-09-05,136.4070281982422,144.69000244140625
2017-09-06,136.82186889648438,145.1300048828125
2017-09-07,137.1424102783203,145.47000122070312
2017-09-08,135.9545440673828,144.2100067138672
2017-09-11,137.5194549560547,145.8699951171875
2017-09-12,137.84947204589844,146.22000122070312
2017-09-13,138.0380096435547,146.4199981689453
2017-09-14,137.227294921875,145.55999755859375
2017-09-15,137.69862365722656,146.05999755859375
2017-09-18,137.51817321777344,145.5500030517578
2017-09-19,137.75439453125,145.8000030517578
2017-09-20,137.3291473388672,145.35000610351562
2017-09-21,136.4883575439453,144.4600067138672
2017-09-22,136.3560791015625,144.32000732421875
2017-09-25,134.919921875,142.8000030517578
2017-09-26,135.2694854736328,143.1699981689453
2017-09-27,136.4883575439453,144.4600067138672
2017-09-28,136.44105529785156,144.41000366210938
2017-09-29,137.42369079589844,145.4499969482422
2017-10-02,137.54652404785156,145.5800018310547
2017-10-03,137.83944702148438,145.88999938964844
2017-10-04,137.97164916992188,146.02999877929688
2017-10-05,139.32275390625,147.4600067138672
2017-10-06,139.51174926757812,147.66000366210938
2017-10-09,139.35107421875,147.49000549316406
2017-10-10,139.45504760742188,147.60000610351562
2017-10-11,139.87075805664062,148.0399932861328
2017-10-12,139.61566162109375,147.77000427246094
2017-10-13,140.1541748046875,148.33999633789062
2017-10-16,140.6360321044922,148.85000610351562
2017-10-17,140.81558227539062,149.0399932861328
2017-10-18,140.64553833007812,148.86000061035156
2017-10-19,140.12583923339844,148.30999755859375
2017-10-20,140.50379943847656,148.7100067138672
2017-10-23,139.58729553222656,147.74000549316406
2017-10-24,139.823486328125,147.99000549316406
2017-10-25,139.29441833496094,147.42999267578125
2017-10-26,138.85035705566406,146.9600067138672
2017-10-27,142.8942108154297,151.24000549316406
2017-10-30,143.2154083251953,151.5800018310547
2017-10-31,143.7539520263672,152.14999389648438
2017-11-01,143.70677185058594,152.10000610351562
2017-11-02,143.4326934814453,151.80999755859375
2017-11-03,144.81214904785156,153.27000427246094
2017-11-06,145.30343627929688,153.7899932861328
2017-11-07,145.3885040283203,153.8800048828125
2017-11-08,145.97427368164062,154.5
2017-11-09,145.2089385986328,153.69000244140625
2017-11-10,145.19952392578125,153.67999267578125
2017-11-13,145.3789825439453,153.8699951171875
2017-11-14,144.84991455078125,153.30999755859375
2017-11-15,144.16964721679688,152.58999633789062
2017-11-16,146.01205444335938,154.5399932861328
2017-11-17,145.4546661376953,153.9499969482422
2017-11-20,145.3412628173828,153.8300018310547
2017-11-21,146.91908264160156,155.5
2017-11-22,147.09861755371094,155.69000244140625
2017-11-24,147.63714599609375,156.25999450683594
2017-11-27,147.57098388671875,156.19000244140625
2017-11-28,147.94891357421875,156.58999633789062
2017-11-29,145.36961364746094,153.86000061035156
2017-11-30,146.58840942382812,155.14999389648438
2017-12-01,145.96484375,154.49000549316406
2017-12-04,144.28306579589844,152.7100067138672
2017-12-05,144.3775634765625,152.80999755859375
2017-12-06,145.02947998046875,153.5
2017-12-07,145.520751953125,154.02000427246094
2017-12-08,146.1632080078125,154.6999969482422
2017-12-11,147.29698181152344,155.89999389648438
2017-12-12,147.09861755371094,155.69000244140625
2017-12-13,147.38209533691406,155.99000549316406
2017-12-14,147.27810668945312,155.8800048828125
2017-12-15,148.9503936767578,157.64999389648438
2017-12-18,150.19923400878906,158.63999938964844
2017-12-19,149.30926513671875,157.6999969482422
2017-12-20,149.1483154296875,157.52999877929688
2017-12-21,149.16726684570312,157.5500030517578
2017-12-22,148.99679565429688,157.3699951171875
2017-12-26,148.19204711914062,156.52000427246094
2017-12-27,148.21099853515625,156.5399932861328
2017-12-28,148.39085388183594,156.72999572753906
2017-12-29,147.47244262695312,155.75999450683594
2018-01-02,150.0572509765625,158.49000549316406
2018-01-03,151.51531982421875,160.02999877929688
2018-01-04,151.78036499023438,160.30999755859375
2018-01-05,153.3047332763672,161.9199981689453
2018-01-08,153.90122985839844,162.5500030517578
2018-01-09,153.91070556640625,162.55999755859375
2018-01-10,153.55087280273438,162.17999267578125
2018-01-11,154.60186767578125,163.2899932861328
2018-01-12,155.73797607421875,164.49000549316406
2018-01-16,155.29296875,164.02000427246094
2018-01-17,156.96881103515625,165.7899932861328
2018-01-18,156.9972381591797,165.82000732421875
2018-01-19,157.4895782470703,166.33999633789062
2018-01-22,159.17481994628906,168.1199951171875
2018-01-23,160.4909210205078,169.50999450683594
2018-01-24,159.44947814941406,168.41000366210938
2018-01-25,159.39260864257812,168.35000610351562
2018-01-26,161.8353729248047,170.92999267578125
2018-01-29,161.04957580566406,170.10000610351562
2018-01-30,159.7239990234375,168.6999969482422
2018-01-31,160.38681030273438,169.39999389648438
2018-02-01,159.02337646484375,167.9600067138672
2018-02-02,155.8516082763672,164.61000061035156
2018-02-05,149.70692443847656,158.1199951171875
2018-02-06,153.67401123046875,162.30999755859375
2018-02-07,151.6857452392578,160.2100067138672
2018-02-08,145.28538513183594,153.4499969482422
2018-02-09,147.7943878173828,156.10000610351562
2018-02-12,150.41702270507812,158.8699951171875
2018-02-13,151.19338989257812,159.69000244140625
2018-02-14,154.02432250976562,162.67999267578125
2018-02-15,156.88363647460938,165.6999969482422
2018-02-16,156.18299865722656,164.9600067138672
2018-02-20,156.4954376220703,165.2899932861328
2018-02-21,156.05043029785156,164.82000732421875
2018-02-22,156.03150939941406,164.8000030517578
2018-02-23,159.22216796875,168.1699981689453
2018-02-26,161.3335418701172,170.39999389648438
2018-02-27,159.3358154296875,168.2899932861328
2018-02-28,158.3132781982422,167.2100067138672
2018-03-01,155.728515625,164.47999572753906
2018-03-02,157.158203125,165.99000549316406
2018-03-05,158.90023803710938,167.8300018310547
2018-03-06,159.572509765625,168.5399932861328
2018-03-07,159.94174194335938,168.92999267578125
2018-03-08,160.8223114013672,169.86000061035156
2018-03-09,163.9467010498047,173.16000366210938
2018-03-12,164.8177490234375,174.0800018310547
2018-03-13,162.57386779785156,171.7100067138672
2018-03-14,162.54537963867188,171.67999267578125
2018-03-15,162.4033966064453,171.52999877929688
2018-03-16,161.9205322265625,171.02000427246094
2018-03-19,158.46580505371094,167.10000610351562
2018-03-20,158.9873809814453,167.64999389648438
2018-03-21,158.29510498046875,166.9199981689453
2018-03-22,154.38796997070312,162.8000030517578
2018-03-23,150.3196258544922,158.50999450683594
2018-03-26,155.90533447265625,164.39999389648438
2018-03-27,150.8601837158203,159.0800018310547
2018-03-28,149.124755859375,157.25
2018-03-29,151.85592651367188,160.1300048828125
2018-04-02,147.4746551513672,155.50999450683594
2018-04-03,149.13421630859375,157.25999450683594
2018-04-04,151.48611450195312,159.74000549316406
2018-04-05,152.34906005859375,160.64999389648438
2018-04-06,148.53677368164062,156.6300048828125
2018-04-09,149.5799560546875,157.72999572753906
2018-04-10,152.880126953125,161.2100067138672
2018-04-11,151.9981689453125,160.27999877929688
2018-04-12,153.8284912109375,162.2100067138672
2018-04-13,153.0318603515625,161.3699951171875
2018-04-16,154.19830322265625,162.60000610351562
2018-04-17,157.51747131347656,166.10000610351562
2018-04-18,157.8398895263672,166.44000244140625
2018-04-19,156.3889617919922,164.91000366210938
2018-04-20,153.91378784179688,162.3000030517578
2018-04-23,153.52496337890625,161.88999938964844
2018-04-24,150.272216796875,158.4600067138672
2018-04-25,150.45237731933594,158.64999389648438
2018-04-26,153.61985778808594,161.99000549316406
2018-04-27,153.7146759033203,162.08999633789062
2018-04-30,152.62411499023438,160.94000244140625
2018-05-01,154.36900329589844,162.77999877929688
2018-05-02,153.45858764648438,161.82000732421875
2018-05-03,153.43963623046875,161.8000030517578
2018-05-04,156.3510284423828,164.8699951171875
2018-05-07,157.65023803710938,166.24000549316406
2018-05-08,157.4890594482422,166.07000732421875
2018-05-09,159.2054901123047,167.8800048828125
2018-05-10,160.8555908203125,169.6199951171875
2018-05-11,160.703857421875,169.4600067138672
2018-05-14,160.97891235351562,169.75
2018-05-15,159.1959991455078,167.8699951171875
2018-05-16,160.24867248535156,168.97999572753906
2018-05-17,159.6322479248047,168.3300018310547
2018-05-18,158.80718994140625,167.4600067138672
2018-05-21,159.6986083984375,168.39999389648438
2018-05-22,159.49000549316406,168.17999267578125
2018-05-23,160.8366241455078,169.60000610351562
2018-05-24,160.78919982910156,169.5500030517578
2018-05-25,160.95045471191406,169.72000122070312
2018-05-29,160.2391815185547,168.97000122070312
2018-05-30,161.3866424560547,170.17999267578125
2018-05-31,161.2823486328125,170.07000732421875
2018-06-01,163.8144073486328,172.74000549316406
2018-06-04,165.2937774658203,174.3000030517578
2018-06-05,165.805908203125,174.83999633789062
2018-06-06,166.7731475830078,175.86000061035156
2018-06-07,165.4170684814453,174.42999267578125
2018-06-08,165.42652893066406,174.44000244140625
2018-06-11,165.8722381591797,174.91000366210938
2018-06-12,166.74468994140625,175.8300018310547
2018-06-13,166.73524475097656,175.82000732421875
2018-06-14,168.42320251464844,177.60000610351562
2018-06-15,167.8352813720703,176.97999572753906
2018-06-18,167.73838806152344,176.5
2018-06-19,167.26315307617188,176.0
2018-06-20,168.45108032226562,177.25
2018-06-21,166.9875946044922,175.7100067138672
2018-06-22,166.616943359375,175.32000732421875
2018-06-25,162.86297607421875,171.3699951171875
2018-06-26,163.5282745361328,172.07000732421875
2018-06-27,161.3043670654297,169.72999572753906
2018-06-28,162.69192504882812,171.19000244140625
2018-06-29,163.12908935546875,171.64999389648438
2018-07-02,164.2220001220703,172.8000030517578
2018-07-03,162.32130432128906,170.8000030517578
2018-07-05,164.33607482910156,172.9199981689453
2018-07-06,166.89251708984375,175.61000061035156
2018-07-09,168.3941650390625,177.19000244140625
2018-07-10,168.5176239013672,177.32000732421875
2018-07-11,167.66232299804688,176.4199981689453
2018-07-12,170.55145263671875,179.4600067138672
2018-07-13,170.6940155029297,179.61000061035156
2018-07-16,170.28529357910156,179.17999267578125
2018-07-17,171.3212127685547,180.27000427246094
2018-07-18,170.99807739257812,179.92999267578125
2018-07-19,170.1427459716797,179.02999877929688
2018-07-20,170.10470581054688,178.99000549316406
2018-07-23,170.64646911621094,179.55999755859375
2018-07-24,171.3497314453125,180.3000030517578
2018-07-25,173.74461364746094,182.82000732421875
2018-07-26,171.1121063232422,180.0500030517578
2018-07-27,168.8027801513672,177.6199951171875
2018-07-30,166.41734313964844,175.11000061035156
2018-07-31,167.69078063964844,176.4499969482422
2018-08-01,168.3275604248047,177.1199951171875
2018-08-02,170.617919921875,179.52999877929688
2018-08-03,171.14064025878906,180.0800018310547
2018-08-06,172.14805603027344,181.13999938964844
2018-08-07,172.77529907226562,181.8000030517578
2018-08-08,172.9843292236328,182.02000427246094
2018-08-09,172.8797607421875,181.91000366210938
2018-08-10,171.5587921142578,180.52000427246094
2018-08-13,171.36875915527344,180.32000732421875
2018-08-14,172.44264221191406,181.4499969482422
2018-08-15,170.3328094482422,179.22999572753906
2018-08-16,170.89352416992188,179.82000732421875
2018-08-17,170.9315185546875,179.86000061035156
2018-08-20,170.77951049804688,179.6999969482422
2018-08-21,171.40675354003906,180.36000061035156
2018-08-22,172.0719451904297,181.05999755859375
2018-08-23,171.82493591308594,180.8000030517578
2018-08-24,173.42147827148438,182.47999572753906
2018-08-27,175.18917846679688,184.33999633789062
2018-08-28,175.4457550048828,184.61000061035156
2018-08-29,177.4700469970703,186.74000549316406
2018-08-30,177.1564178466797,186.41000366210938
2018-08-31,177.3844757080078,186.64999389648438
2018-09-04,176.62420654296875,185.85000610351562
2018-09-05,174.34336853027344,183.4499969482422
2018-09-06,172.78468322753906,181.80999755859375
2018-09-07,172.11947631835938,181.11000061035156
2018-09-10,172.69923400878906,181.72000122070312
2018-09-11,174.0297088623047,183.1199951171875
2018-09-12,173.51651000976562,182.5800018310547
2018-09-13,175.3696746826172,184.52999877929688
2018-09-14,174.85655212402344,183.99000549316406
2018-09-17,172.338134765625,181.33999633789062
2018-09-18,173.7636260986328,182.83999633789062
2018-09-19,173.6305694580078,182.6999969482422
2018-09-20,175.5503387451172,184.72000122070312
2018-09-21,174.59043884277344,183.7100067138672
2018-09-24,175.07598876953125,183.88999938964844
2018-09-25,175.31398010253906,184.13999938964844
2018-09-26,175.43780517578125,184.27000427246094
2018-09-27,176.9230499267578,185.8300018310547
2018-09-28,176.8848876953125,185.7899932861328
2018-10-01,177.2467041015625,186.1699981689453
2018-10-02,176.84683227539062,185.75
2018-10-03,177.03724670410156,185.9499969482422
2018-10-04,173.63836669921875,182.3800048828125
2018-10-05,171.51524353027344,180.14999389648438
2018-10-08,170.46798706054688,179.0500030517578
2018-10-09,171.02020263671875,179.6300048828125
2018-10-10,163.49884033203125,171.72999572753906
2018-10-11,161.47091674804688,169.60000610351562
2018-10-12,165.96475219726562,174.32000732421875
2018-10-15,163.95582580566406,172.2100067138672
2018-10-16,168.7256317138672,177.22000122070312
2018-10-17,168.7922821044922,177.2899932861328
2018-10-18,164.8792724609375,173.17999267578125
2018-10-19,164.7270050048828,173.02000427246094
2018-10-22,165.57427978515625,173.91000366210938
2018-10-23,164.9650115966797,173.27000427246094
2018-10-24,157.41510009765625,165.33999633789062
2018-10-25,162.8609161376953,171.05999755859375
2018-10-26,158.67184448242188,166.66000366210938
2018-10-29,155.40625,163.22999572753906
2018-10-30,157.96726989746094,165.9199981689453
2018-10-31,161.68038940429688,169.82000732421875
2018-11-01,163.81300354003906,172.05999755859375
2018-11-02,161.2614288330078,169.3800048828125
2018-11-05,160.861572265625,168.9600067138672
2018-11-06,162.08026123046875,170.24000549316406
2018-11-07,167.164306640625,175.5800018310547
2018-11-08,166.0979766845703,174.4600067138672
2018-11-09,163.2989044189453,171.52000427246094
2018-11-12,158.35765075683594,166.3300018310547
2018-11-13,158.49095153808594,166.47000122070312
2018-11-14,157.28184509277344,165.1999969482422
2018-11-15,160.03329467773438,168.08999633789062
2018-11-16,159.4715576171875,167.5
2018-11-19,154.29232788085938,162.05999755859375
2018-11-20,151.53135681152344,159.16000366210938
2018-11-21,152.6833038330078,160.3699951171875
2018-11-23,151.5789337158203,159.2100067138672
2018-11-26,155.0825653076172,162.88999938964844
2018-11-27,155.60617065429688,163.44000244140625
2018-11-28,160.61404418945312,168.6999969482422
2018-11-29,160.09039306640625,168.14999389648438
2018-11-30,161.25192260742188,169.3699951171875
2018-12-03,164.07003784179688,172.3300018310547
2018-12-04,157.77684020996094,165.72000122070312
2018-12-06,158.89077758789062,166.88999938964844
2018-12-07,153.64491271972656,161.3800048828125
2018-12-10,155.25389099121094,163.07000732421875
2018-12-11,155.7680206298828,163.61000061035156
2018-12-12,157.13902282714844,165.0500030517578
2018-12-13,157.18666076660156,165.10000610351562
2018-12-14,153.35926818847656,161.0800018310547
2018-12-17,149.8842315673828,157.42999267578125
2018-12-18,150.8267822265625,158.4199981689453
2018-12-19,147.12322998046875,154.52999877929688
2018-12-20,144.9906005859375,152.2899932861328
2018-12-21,140.49684143066406,147.57000732421875
2018-12-24,137.01278686523438,143.5
2018-12-26,145.56773376464844,152.4600067138672
2018-12-27,146.1310272216797,153.0500030517578
2018-12-28,146.05471801757812,152.97000122070312
2018-12-31,147.28636169433594,154.25999450683594
2019-01-02,147.87835693359375,154.8800048828125
2019-01-03,143.047119140625,149.82000732421875
2019-01-04,149.16732788085938,156.22999572753906
2019-01-07,150.9432373046875,158.08999633789062
2019-01-08,152.30859375,159.52000427246094
2019-01-09,153.54978942871094,160.82000732421875
2019-01-10,153.989013671875,161.27999877929688
2019-01-11,153.42572021484375,160.69000244140625
2019-01-14,152.0699005126953,159.27000427246094
2019-01-15,155.03929138183594,162.3800048828125
2019-01-16,155.01065063476562,162.35000610351562
2019-01-17,156.23277282714844,163.6300048828125
2019-01-18,157.77957153320312,165.25
2019-01-22,154.6191864013672,161.94000244140625
2019-01-23,154.8197021484375,162.14999389648438
2019-01-24,155.82220458984375,163.1999969482422
2019-01-25,157.6840362548828,165.14999389648438
2019-01-28,155.73631286621094,163.11000061035156
2019-01-29,154.26589965820312,161.57000732421875
2019-01-30,158.19009399414062,165.67999267578125
2019-01-31,160.55801391601562,168.16000366210938
2019-02-01,159.88009643554688,167.4499969482422
2019-02-04,161.8660430908203,169.52999877929688
2019-02-05,163.29823303222656,171.02999877929688
2019-02-06,162.81130981445312,170.52000427246094
2019-02-07,160.62484741210938,168.22999572753906
2019-02-08,160.93994140625,168.55999755859375
2019-02-11,160.787109375,168.39999389648438
2019-02-12,163.16456604003906,170.88999938964844
2019-02-13,163.27911376953125,171.00999450683594
2019-02-14,163.47967529296875,171.22000122070312
2019-02-15,164.1671600341797,171.94000244140625
2019-02-19,164.4917449951172,172.27999877929688
2019-02-20,164.463134765625,172.25
2019-02-21,163.86155700683594,171.6199951171875
2019-02-22,165.07415771484375,172.88999938964844
2019-02-25,165.67568969726562,173.52000427246094
2019-02-26,165.8475341796875,173.6999969482422
2019-02-27,165.74249267578125,173.58999633789062
2019-02-28,165.36062622070312,173.19000244140625
2019-03-01,166.50633239746094,174.38999938964844
2019-03-04,166.53497314453125,174.4199981689453
2019-03-05,166.65911865234375,174.5500030517578
2019-03-06,165.71388244628906,173.55999755859375
2019-03-07,163.68014526367188,171.42999267578125
2019-03-08,163.43194580078125,171.1699981689453
2019-03-11,166.83099365234375,174.72999572753906
2019-03-12,167.74755859375,175.69000244140625
2019-03-13,169.00787353515625,177.00999450683594
2019-03-14,168.7215118408203,176.7100067138672
2019-03-15,170.28733825683594,178.35000610351562
2019-03-18,170.69290161132812,178.4499969482422
2019-03-19,171.26683044433594,179.0500030517578
2019-03-20,171.94598388671875,179.75999450683594
2019-03-21,174.6337890625,182.57000732421875
2019-03-22,170.7981414794922,178.55999755859375
2019-03-25,170.472900390625,178.22000122070312
2019-03-26,171.26683044433594,179.0500030517578
2019-03-27,170.1667938232422,177.89999389648438
2019-03-28,170.55899047851562,178.30999755859375
2019-03-29,171.850341796875,179.66000366210938
2019-04-01,174.1268310546875,182.0399932861328
2019-04-02,174.786865234375,182.72999572753906
2019-04-03,175.7911834716797,183.77999877929688
2019-04-04,175.7242431640625,183.7100067138672
2019-04-05,176.6329803466797,184.66000366210938
2019-04-08,177.08251953125,185.1300048828125
2019-04-09,176.46075439453125,184.47999572753906
2019-04-10,177.40777587890625,185.47000122070312
2019-04-11,176.98690795898438,185.02999877929688
2019-04-12,177.7521209716797,185.8300018310547
2019-04-15,177.78076171875,185.86000061035156
2019-04-16,178.39295959472656,186.5
2019-04-17,179.01467895507812,187.14999389648438
2019-04-18,179.24427795410156,187.38999938964844
2019-04-22,179.75123596191406,187.9199981689453
2019-04-23,182.03733825683594,190.30999755859375
2019-04-24,181.46343994140625,189.7100067138672
2019-04-25,182.19996643066406,190.47999572753906
2019-04-26,182.362548828125,190.64999389648438
2019-04-29,182.71649169921875,191.02000427246094
2019-04-30,181.30084228515625,189.5399932861328
2019-05-01,180.71737670898438,188.92999267578125
2019-05-02,179.93301391601562,188.11000061035156
2019-05-03,182.8025665283203,191.11000061035156
2019-05-06,181.68344116210938,189.94000244140625
2019-05-07,178.14431762695312,186.24000549316406
2019-05-08,177.69471740722656,185.77000427246094
2019-05-09,176.73817443847656,184.77000427246094
2019-05-10,176.95819091796875,185.0
2019-05-13,170.8172607421875,178.5800018310547
2019-05-14,172.6920928955078,180.5399932861328
2019-05-15,175.13116455078125,183.08999633789062
2019-05-16,176.89114379882812,184.92999267578125
2019-05-17,175.0833740234375,183.0399932861328
2019-05-20,172.1277313232422,179.9499969482422
2019-05-21,173.92601013183594,181.8300018310547
2019-05-22,173.1511688232422,181.02000427246094
2019-05-23,170.5015869140625,178.25
2019-05-24,170.41551208496094,178.16000366210938
2019-05-28,169.77462768554688,177.49000549316406
2019-05-29,168.37806701660156,176.02999877929688
2019-05-30,169.08592224121094,176.77000427246094
2019-05-31,166.3884735107422,173.9499969482422
2019-06-03,162.7250213623047,170.1199951171875
2019-06-04,167.3067626953125,174.91000366210938
2019-06-05,168.5502471923828,176.2100067138672
2019-06-06,169.8894500732422,177.61000061035156
2019-06-07,173.1702880859375,181.0399932861328
2019-06-10,175.18856811523438,183.14999389648438
2019-06-11,175.427734375,183.39999389648438
2019-06-12,174.4137725830078,182.33999633789062
2019-06-13,175.44683837890625,183.4199981689453
2019-06-14,174.7007598876953,182.63999938964844
2019-06-17,175.75294494628906,183.74000549316406
2019-06-18,178.30690002441406,186.41000366210938
2019-06-19,178.97647094726562,187.11000061035156
2019-06-20,180.64083862304688,188.85000610351562
2019-06-21,180.3730010986328,188.57000732421875
2019-06-24,180.37875366210938,188.16000366210938
2019-06-25,177.2822723388672,184.92999267578125
2019-06-26,178.106689453125,185.7899932861328
2019-06-27,178.7873992919922,186.5
2019-06-28,179.0174560546875,186.74000549316406
2019-07-01,181.43325805664062,189.25999450683594
2019-07-02,182.15223693847656,190.00999450683594
2019-07-03,183.52313232421875,191.44000244140625
2019-07-05,183.1492156982422,191.0500030517578
2019-07-08,181.86465454101562,189.7100067138672
2019-07-09,182.7753143310547,190.66000366210938
2019-07-10,184.5968017578125,192.55999755859375
2019-07-11,184.46255493164062,192.4199981689453
2019-07-12,185.52670288085938,193.52999877929688
2019-07-15,186.1210174560547,194.14999389648438
2019-07-16,185.16238403320312,193.14999389648438
2019-07-17,184.25169372558594,192.1999969482422
2019-07-18,184.46255493164062,192.4199981689453
2019-07-19,183.11087036132812,191.00999450683594
2019-07-22,184.5679931640625,192.52999877929688
2019-07-23,185.77589416503906,193.7899932861328
2019-07-24,187.07968139648438,195.14999389648438
2019-07-25,185.30616760253906,193.3000030517578
2019-07-26,187.21385192871094,195.2899932861328
2019-07-29,186.5716094970703,194.6199951171875
2019-07-30,185.76632690429688,193.77999877929688
2019-07-31,183.1971435546875,191.10000610351562
2019-08-01,182.28643798828125,190.14999389648438
2019-08-02,179.60218811035156,187.35000610351562
2019-08-05,173.2559814453125,180.72999572753906
2019-08-06,175.68136596679688,183.25999450683594
2019-08-07,176.63047790527344,184.25
2019-08-08,180.47459411621094,188.25999450683594
2019-08-09,178.77781677246094,186.49000549316406
2019-08-12,176.72633361816406,184.35000610351562
2019-08-13,180.59921264648438,188.38999938964844
2019-08-14,175.20204162597656,182.75999450683594
2019-08-15,175.00070190429688,182.5500030517578
2019-08-16,177.80955505371094,185.47999572753906
2019-08-19,180.6375274658203,188.42999267578125
2019-08-20,179.23797607421875,186.97000122070312
2019-08-21,180.8292999267578,188.6300048828125
2019-08-22,180.2445068359375,188.02000427246094
2019-08-23,174.5406036376953,182.07000732421875
2019-08-26,177.17686462402344,184.82000732421875
2019-08-27,176.80300903320312,184.42999267578125
2019-08-28,177.43568420410156,185.08999633789062
2019-08-29,180.14866638183594,187.9199981689453
2019-08-30,179.71725463867188,187.47000122070312
2019-09-03,177.97251892089844,185.64999389648438
2019-09-04,180.54168701171875,188.3300018310547
2019-09-05,183.8490753173828,191.77999877929688
2019-09-06,183.6669158935547,191.58999633789062
2019-09-09,183.283447265625,191.19000244140625
2019-09-10,182.75621032714844,190.63999938964844
2019-09-11,184.4721221923828,192.42999267578125
2019-09-12,185.23904418945312,193.22999572753906
2019-09-13,184.57760620117188,192.5399932861328
2019-09-16,183.75318908691406,191.67999267578125
2019-09-17,184.63514709472656,192.60000610351562
2019-09-18,184.5584259033203,192.52000427246094
2019-09-19,184.86520385742188,192.83999633789062
2019-09-20,182.9095458984375,190.8000030517578
2019-09-23,182.99026489257812,190.5
2019-09-24,180.5600128173828,187.97000122070312
2019-09-25,182.58680725097656,190.0800018310547
2019-09-26,181.9144287109375,189.3800048828125
2019-09-27,179.6570587158203,187.02999877929688
2019-09-30,181.36688232421875,188.80999755859375
2019-10-01,179.88758850097656,187.27000427246094
2019-10-02,176.79457092285156,184.0500030517578
2019-10-03,178.73487854003906,186.07000732421875
2019-10-04,181.36688232421875,188.80999755859375
2019-10-07,180.81935119628906,188.24000549316406
2019-10-08,178.1105499267578,185.4199981689453
2019-10-09,179.84915161132812,187.22999572753906
2019-10-10,181.24197387695312,188.67999267578125
2019-10-11,183.57618713378906,191.11000061035156
2019-10-14,183.5570068359375,191.08999633789062
2019-10-15,185.89122009277344,193.52000427246094
2019-10-16,185.43011474609375,193.0399932861328
2019-10-17,185.91998291015625,193.5500030517578
2019-10-18,184.1333770751953,191.69000244140625
2019-10-21,185.76634216308594,193.38999938964844
2019-10-22,184.2870330810547,191.85000610351562
2019-10-23,184.64248657226562,192.22000122070312
2019-10-24,186.438720703125,194.08999633789062
2019-10-25,187.92759704589844,195.63999938964844
2019-10-28,189.78155517578125,197.57000732421875
2019-10-29,188.31185913085938,196.0399932861328
2019-10-30,189.2244110107422,196.99000549316406
2019-10-31,189.3108367919922,197.0800018310547
2019-11-01,191.03024291992188,198.8699951171875
2019-11-04,192.21177673339844,200.10000610351562
2019-11-05,192.3174591064453,200.2100067138672
2019-11-06,191.88519287109375,199.75999450683594
2019-11-07,192.52879333496094,200.42999267578125
2019-11-08,193.29725646972656,201.22999572753906
2019-11-11,193.0379180908203,200.9600067138672
2019-11-12,193.59503173828125,201.5399932861328
2019-11-13,193.6430206298828,201.58999633789062
2019-11-14,193.48939514160156,201.42999267578125
2019-11-15,194.91104125976562,202.91000366210938
2019-11-18,195.0647430419922,203.07000732421875
2019-11-19,195.3529052734375,203.3699951171875
2019-11-20,194.18096923828125,202.14999389648438
2019-11-21,193.7487335205078,201.6999969482422
2019-11-22,193.87359619140625,201.8300018310547
2019-11-25,196.16941833496094,204.22000122070312
2019-11-26,196.5439910888672,204.61000061035156
2019-11-27,197.91763305664062,206.0399932861328
2019-11-29,197.01470947265625,205.10000610351562
2019-12-02,194.99746704101562,203.0
2019-12-03,193.4701690673828,201.41000366210938
2019-12-04,194.449951171875,202.42999267578125
2019-12-05,194.83421325683594,202.8300018310547
2019-12-06,196.9186248779297,205.0
2019-12-09,196.02532958984375,204.07000732421875
2019-12-10,195.8619842529297,203.89999389648438
2019-12-11,196.89939880371094,204.97999572753906
2019-12-12,198.3690948486328,206.50999450683594
2019-12-13,199.02227783203125,207.19000244140625
2019-12-16,201.02035522460938,209.27000427246094
2019-12-17,201.1355743408203,209.38999938964844
2019-12-18,201.289306640625,209.5500030517578
2019-12-19,202.54763793945312,210.86000061035156
2019-12-20,203.3640899658203,211.7100067138672
2019-12-23,203.9012908935547,211.80999755859375
2019-12-24,204.00718688964844,211.9199981689453
2019-12-26,205.8073272705078,213.7899932861328
2019-12-27,205.63406372070312,213.61000061035156
2019-12-30,204.28636169433594,212.2100067138672
2019-12-31,204.67144775390625,212.61000061035156
2020-01-02,208.0888671875,216.16000366210938
2020-01-03,206.1827850341797,214.17999267578125
2020-01-06,207.51124572753906,215.55999755859375
2020-01-07,207.48240661621094,215.52999877929688
2020-01-08,209.04193115234375,217.14999389648438
2020-01-09,210.81320190429688,218.99000549316406
2020-01-10,210.27410888671875,218.42999267578125
2020-01-13,212.7000274658203,220.9499969482422
2020-01-14,211.8625030517578,220.0800018310547
2020-01-15,211.9491729736328,220.1699981689453
2020-01-16,213.98036193847656,222.27999877929688
2020-01-17,215.03929138183594,223.3800048828125
2020-01-21,214.94300842285156,223.27999877929688
2020-01-22,215.510986328125,223.8699951171875
2020-01-23,216.20408630371094,224.58999633789062
2020-01-24,214.3846435546875,222.6999969482422
2020-01-27,209.95645141601562,218.10000610351562
2020-01-28,213.18136596679688,221.4499969482422
2020-01-29,213.52792358398438,221.80999755859375
2020-01-30,214.2884063720703,222.60000610351562
2020-01-31,210.89019775390625,219.07000732421875
2020-02-03,214.07659912109375,222.3800048828125
2020-02-04,218.9765625,227.47000122070312
2020-02-05,219.69857788085938,228.22000122070312
2020-02-06,221.5950469970703,230.19000244140625
2020-02-07,220.64198303222656,229.1999969482422
2020-02-10,223.3085174560547,231.97000122070312
2020-02-11,223.34706115722656,232.00999450683594
2020-02-12,225.52267456054688,234.27000427246094
2020-02-13,225.23385620117188,233.97000122070312
2020-02-14,225.8788604736328,234.63999938964844
2020-02-18,225.96548461914062,234.72999572753906
2020-02-19,228.13145446777344,236.97999572753906
2020-02-20,226.0135955810547,234.77999877929688
2020-02-21,221.67205810546875,230.27000427246094
2020-02-24,213.12359619140625,221.38999938964844
2020-02-25,207.32835388183594,215.3699951171875
2020-02-26,208.3969268798828,216.47999572753906
2020-02-27,197.96165466308594,205.63999938964844
2020-02-28,198.11572265625,205.8000030517578
2020-03-02,208.3391571044922,216.4199981689453
2020-03-03,201.65829467773438,209.47999572753906
2020-03-04,210.07196044921875,218.22000122070312
2020-03-05,203.68948364257812,211.58999633789062
2020-03-06,200.25283813476562,208.02000427246094
2020-03-09,186.3424072265625,193.57000732421875
2020-03-10,196.4888153076172,204.11000061035156
2020-03-11,187.9307403564453,195.22000122070312
2020-03-12,170.69908142089844,177.32000732421875
2020-03-13,185.1582489013672,192.33999633789062
2020-03-16,162.9785614013672,169.3000030517578
2020-03-17,175.33914184570312,182.13999938964844
2020-03-18,170.00599670410156,176.60000610351562
2020-03-19,171.02638244628906,177.66000366210938
2020-03-20,164.32627868652344,170.6999969482422
2020-03-23,164.4449462890625,170.4600067138672
2020-03-24,177.1791534423828,183.66000366210938
2020-03-25,175.8671417236328,182.3000030517578
2020-03-26,185.1283721923828,191.89999389648438
2020-03-27,178.76126098632812,185.3000030517578
2020-03-30,185.26344299316406,192.0399932861328
2020-03-31,183.6813201904297,190.39999389648438
2020-04-01,175.87677001953125,182.30999755859375
2020-04-02,179.44619750976562,186.00999450683594
2020-04-03,176.89938354492188,183.3699951171875
2020-04-06,189.54678344726562,196.47999572753906
2020-04-07,189.4696044921875,196.39999389648438
2020-04-08,193.4924774169922,200.57000732421875
2020-04-09,193.7721710205078,200.86000061035156
2020-04-13,195.86566162109375,203.02999877929688
2020-04-14,204.384033203125,211.86000061035156
2020-04-15,202.03976440429688,209.42999267578125
2020-04-16,205.7250213623047,213.25
2020-04-17,207.6929931640625,215.2899932861328
2020-04-20,205.2329864501953,212.74000549316406
2020-04-21,197.6599884033203,204.88999938964844
2020-04-22,203.52545166015625,210.97000122070312
2020-04-23,203.09133911132812,210.52000427246094
2020-04-24,206.29421997070312,213.83999633789062
2020-04-27,207.9534454345703,215.55999755859375
2020-04-28,204.03675842285156,211.5
2020-04-29,211.27207946777344,219.0
2020-04-30,211.18528747558594,218.91000366210938
2020-05-01,205.2329864501953,212.74000549316406
2020-05-04,207.62542724609375,215.22000122070312
2020-05-05,209.9794158935547,217.66000366210938
2020-05-06,211.27207946777344,219.0
2020-05-07,213.9925994873047,221.82000732421875
2020-05-08,216.92532348632812,224.86000061035156
2020-05-11,218.86436462402344,226.8699951171875
2020-05-12,214.28199768066406,222.1199951171875
2020-05-13,211.60008239746094,219.33999633789062
2020-05-14,214.00221252441406,221.8300018310547
2020-05-15,215.3914337158203,223.27000427246094
2020-05-18,219.40464782714844,227.42999267578125
2020-05-19,218.85476684570312,226.86000061035156
2020-05-20,223.22488403320312,231.38999938964844
2020-05-21,220.79380798339844,228.8699951171875
2020-05-22,221.555908203125,229.66000366210938
2020-05-26,220.957763671875,229.0399932861328
2020-05-27,222.16366577148438,230.2899932861328
2020-05-28,221.874267578125,229.99000549316406
2020-05-29,225.12539672851562,233.36000061035156
2020-06-01,225.8006591796875,234.05999755859375
2020-06-02,227.31524658203125,235.6300048828125
2020-06-03,228.33786010742188,236.69000244140625
2020-06-04,226.7364959716797,235.02999877929688
2020-06-05,231.23196411132812,239.69000244140625
2020-06-08,233.0263671875,241.5500030517578
2020-06-09,234.71466064453125,243.3000030517578
2020-06-10,237.53160095214844,246.22000122070312
2020-06-11,225.76210021972656,234.02000427246094
2020-06-12,227.5564727783203,235.8800048828125
2020-06-15,230.32521057128906,238.75
2020-06-16,234.28045654296875,242.85000610351562
2020-06-17,235.02333068847656,243.6199951171875
2020-06-18,235.66004943847656,244.27999877929688
2020-06-19,235.62147521972656,244.24000549316406
2020-06-22,238.4471435546875,246.74000549316406
2020-06-23,240.47657775878906,248.83999633789062
2020-06-24,235.51898193359375,243.7100067138672
2020-06-25,237.76101684570312,246.02999877929688
2020-06-26,232.14630126953125,240.22000122070312
2020-06-29,234.67823791503906,242.83999633789062
2020-06-30,239.2782745361328,247.60000610351562
2020-07-01,242.0710906982422,250.49000549316406
2020-07-02,243.71400451660156,252.19000244140625
2020-07-06,249.70565795898438,258.3900146484375
2020-07-07,247.98545837402344,256.6099853515625
2020-07-08,251.25184631347656,259.989990234375
2020-07-09,253.36822509765625,262.17999267578125
2020-07-10,255.0980682373047,263.9700012207031
2020-07-13,249.85057067871094,258.5400085449219
2020-07-14,251.61907958984375,260.3699951171875
2020-07-15,252.13125610351562,260.8999938964844
2020-07-16,250.41110229492188,259.1199951171875
2020-07-17,250.7010040283203,259.4200134277344
2020-07-20,257.81365966796875,266.7799987792969
2020-07-21,255.1270751953125,264.0
2020-07-22,256.02581787109375,264.92999267578125
2020-07-23,249.33839416503906,258.010009765625
2020-07-24,246.9707489013672,255.55999755859375
2020-07-27,251.3774871826172,260.1199951171875
2020-07-28,248.17869567871094,256.80999755859375
2020-07-29,251.0392303466797,259.7699890136719
2020-07-30,252.3534698486328,261.1300048828125
2020-07-31,256.8569641113281,265.7900085449219
2020-08-03,260.32623291015625,269.3800048828125
2020-08-04,261.29266357421875,270.3800048828125
2020-08-05,261.94012451171875,271.04998779296875
2020-08-06,265.40948486328125,274.6400146484375
2020-08-07,262.3459777832031,271.4700012207031
2020-08-10,261.2249450683594,270.30999755859375
2020-08-11,256.2770690917969,265.19000244140625
2020-08-12,262.7228698730469,271.8599853515625
2020-08-13,263.3221130371094,272.4800109863281
2020-08-14,263.0128479003906,272.1600036621094
2020-08-17,266.0666198730469,275.32000732421875
2020-08-18,268.6275634765625,277.9700012207031
2020-08-19,266.8203430175781,276.1000061035156
2020-08-20,270.5216369628906,279.92999267578125
2020-08-21,272.396484375,281.8699951171875
2020-08-24,274.0972900390625,283.6300048828125
2020-08-25,276.2523498535156,285.8599853515625
2020-08-26,282.1473083496094,291.9599914550781
2020-08-27,281.2679748535156,291.04998779296875
2020-08-28,282.6982727050781,292.5299987792969
2020-08-31,284.9692077636719,294.8800048828125
2020-09-01,289.83978271484375,299.9200134277344
2020-09-02,292.58428955078125,302.760009765625
2020-09-03,277.7502746582031,287.4100036621094
2020-09-04,274.0489501953125,283.5799865722656
2020-09-08,260.8771057128906,269.95001220703125
2020-09-09,268.54058837890625,277.8800048828125
2020-09-10,263.18682861328125,272.3399963378906
2020-09-11,261.36029052734375,270.45001220703125
2020-09-14,265.9119873046875,275.1600036621094
2020-09-15,269.6808776855469,279.05999755859375
2020-09-16,265.3804626464844,274.6099853515625
2020-09-17,261.2347106933594,270.32000732421875
2020-09-18,257.90057373046875,266.8699951171875
2020-09-21,258.5190734863281,267.510009765625
2020-09-22,263.3221130371094,272.4800109863281
2020-09-23,255.28167724609375,264.1600036621094
2020-09-24,256.4703063964844,265.3900146484375
2020-09-25,262.4329833984375,271.55999755859375
2020-09-28,267.8833923339844,277.20001220703125
2020-09-29,266.6754455566406,275.95001220703125
2020-09-30,268.50189208984375,277.8399963378906
2020-10-01,272.763671875,282.25
2020-10-02,265.0905456542969,274.30999755859375
2020-10-05,270.7439270019531,280.1600036621094
2020-10-06,265.9119873046875,275.1600036621094
2020-10-07,270.51202392578125,279.9200134277344
2020-10-08,271.9519348144531,281.4100036621094
2020-10-09,276.107421875,285.7099914550781
2020-10-12,284.63092041015625,294.5299987792969
2020-10-13,284.621337890625,294.5199890136719
2020-10-14,282.2439880371094,292.05999755859375
2020-10-15,280.3498840332031,290.1000061035156
2020-10-16,278.8133544921875,288.510009765625
2020-10-19,274.2616271972656,283.79998779296875
2020-10-20,274.8510437011719,284.4100036621094
2020-10-21,274.6385192871094,284.19000244140625
2020-10-22,274.6287841796875,284.17999267578125
2020-10-23,275.1700134277344,284.739990234375
2020-10-26,271.04351806640625,280.4700012207031
2020-10-27,273.15985107421875,282.6600036621094
2020-10-28,262.51025390625,271.6400146484375
2020-10-29,267.10064697265625,276.3900146484375
2020-10-30,260.32623291015625,269.3800048828125
2020-11-02,260.9060363769531,269.9800109863281
2020-11-03,265.41912841796875,274.6499938964844
2020-11-04,277.26702880859375,286.9100036621094
2020-11-05,284.49566650390625,294.3900146484375
2020-11-06,284.70831298828125,294.6099853515625
2020-11-09,278.8905944824219,288.5899963378906
2020-11-10,273.89434814453125,283.4200134277344
2020-11-11,280.0213317871094,289.760009765625
2020-11-12,278.70697021484375,288.3999938964844
2020-11-13,281.15203857421875,290.92999267578125
2020-11-16,283.34564208984375,293.20001220703125
2020-11-17,282.4468688964844,292.2699890136719
2020-11-18,280.3595275878906,290.1099853515625
2020-11-19,282.55328369140625,292.3800048828125
2020-11-20,280.62042236328125,290.3800048828125
2020-11-23,280.6301574707031,290.3900146484375
2020-11-24,284.5729675292969,294.4700012207031
2020-11-25,286.3221435546875,296.2799987792969
2020-11-27,288.9604187011719,299.010009765625
2020-11-30,289.5499572753906,299.6199951171875
2020-12-01,293.2608642578125,303.4599914550781
2020-12-02,293.6377868652344,303.8500061035156
2020-12-03,294.0533142089844,304.2799987792969
2020-12-04,295.2516174316406,305.5199890136719
2020-12-07,296.9234313964844,307.25
2020-12-08,297.92852783203125,308.2900085449219
2020-12-09,291.18310546875,301.30999755859375
2020-12-10,292.35235595703125,302.5199890136719
2020-12-11,291.7049560546875,301.8500061035156
2020-12-14,293.82135009765625,304.0400085449219
2020-12-15,296.9621276855469,307.2900085449219
2020-12-16,298.5953063964844,308.9800109863281
2020-12-17,300.5474548339844,311.0
2020-12-18,299.6390075683594,310.05999755859375
2020-12-21,299.0783996582031,308.9200134277344
2020-12-22,299.89166259765625,309.760009765625
2020-12-23,298.38140869140625,308.20001220703125
2020-12-24,299.6980285644531,309.55999755859375
2020-12-28,302.7187194824219,312.67999267578125
2020-12-29,302.98968505859375,312.9599914550781
2020-12-30,302.9994812011719,312.9700012207031
2020-12-31,303.7449035644531,313.739990234375
2021-01-04,299.45599365234375,309.30999755859375
2021-01-05,301.9247131347656,311.8599853515625
2021-01-06,297.7424621582031,307.5400085449219
2021-01-07,304.9454040527344,314.9800109863281
2021-01-08,308.8663635253906,319.0299987792969
2021-01-11,304.40325927734375,314.4200134277344
2021-01-12,303.91912841796875,313.9200134277344
2021-01-13,305.9715576171875,316.0400085449219
2021-01-14,304.3354187011719,314.3500061035156
2021-01-15,301.9247131347656,311.8599853515625
2021-01-19,306.3298034667969,316.4100036621094
2021-01-20,313.4553527832031,323.7699890136719
2021-01-21,315.96282958984375,326.3599853515625
2021-01-22,315.0528564453125,325.4200134277344
2021-01-25,317.6570739746094,328.1099853515625
2021-01-26,318.1217346191406,328.5899963378906
2021-01-27,309.2536315917969,319.42999267578125
2021-01-28,311.08349609375,321.32000732421875
2021-01-29,304.538818359375,314.55999755859375
2021-02-01,312.1484069824219,322.4200134277344
2021-02-02,317.24078369140625,327.67999267578125
2021-02-03,315.982177734375,326.3800048828125
2021-02-04,319.71923828125,330.239990234375
2021-02-05,320.8035583496094,331.3599853515625
2021-02-08,322.95281982421875,333.5799865722656
2021-02-09,322.88507080078125,333.510009765625
2021-02-10,322.1492614746094,332.75
2021-02-11,323.9209289550781,334.5799865722656
2021-02-12,325.73138427734375,336.45001220703125
2021-02-16,324.8503723144531,335.5400085449219
2021-02-17,323.29168701171875,333.92999267578125
2021-02-18,321.8782043457031,332.4700012207031
2021-02-19,320.474365234375,331.0199890136719
2021-02-22,312.1677551269531,322.44000244140625
2021-02-23,311.2383117675781,321.4800109863281
2021-02-24,313.803955078125,324.1300048828125
2021-02-25,302.8638610839844,312.8299865722656
2021-02-26,304.13214111328125,314.1400146484375
2021-03-01,313.2811279296875,323.5899963378906
2021-03-02,308.2564697265625,318.3999938964844
2021-03-03,299.3108215332031,309.1600036621094
2021-03-04,294.4120178222656,304.1000061035156
2021-03-05,298.84613037109375,308.67999267578125
2021-03-08,290.3844909667969,299.94000244140625
2021-03-09,301.8375244140625,311.7699890136719
2021-03-10,300.97607421875,310.8800048828125
2021-03-11,307.9079284667969,318.0400085449219
2021-03-12,305.41009521484375,315.4599914550781
2021-03-15,308.6727600097656,318.8299865722656
2021-03-16,310.36700439453125,320.5799865722656
2021-03-17,311.6448974609375,321.8999938964844
2021-03-18,302.09912109375,312.0400085449219
2021-03-19,303.1640930175781,313.1400146484375
2021-03-22,308.8493347167969,318.6099853515625
2021-03-23,307.501953125,317.2200012207031
2021-03-24,302.3158874511719,311.8699951171875
2021-03-25,301.7923278808594,311.3299865722656
2021-03-26,306.3193054199219,316.0
2021-03-29,306.2320556640625,315.9100036621094
2021-03-30,304.6908264160156,314.32000732421875
2021-03-31,309.3533630371094,319.1300048828125
2021-04-01,314.6268310546875,324.57000732421875
2021-04-05,320.90826416015625,331.04998779296875
2021-04-06,320.6852722167969,330.82000732421875
2021-04-07,321.46075439453125,331.6199951171875
2021-04-08,324.8148193359375,335.0799865722656
2021-04-09,326.7825622558594,337.1099853515625
2021-04-12,326.3560791015625,336.6700134277344
2021-04-13,330.16571044921875,340.6000061035156
2021-04-14,326.2010192871094,336.510009765625
2021-04-15,331.14471435546875,341.6099853515625
2021-04-16,331.5325012207031,342.010009765625
2021-04-19,328.49835205078125,338.8800048828125
2021-04-20,326.1040344238281,336.4100036621094
2021-04-21,328.8957824707031,339.2900085449219
2021-04-22,324.93115234375,335.20001220703125
2021-04-23,329.0218505859375,339.4200134277344
2021-04-26,331.1640625,341.6300048828125
2021-04-27,329.7294616699219,340.1499938964844
2021-04-28,328.61468505859375,339.0
2021-04-29,329.7972717285156,340.2200012207031
2021-04-30,327.6355895996094,337.989990234375
2021-05-03,325.8907165527344,336.19000244140625
2021-05-04,320.026123046875,330.1400146484375
2021-05-05,318.95013427734375,329.0299987792969
2021-05-06,321.3541564941406,331.510009765625
2021-05-07,323.96173095703125,334.20001220703125
2021-05-10,315.7801818847656,325.760009765625
2021-05-11,315.3440856933594,325.30999755859375
2021-05-12,307.1820373535156,316.8900146484375
2021-05-13,309.5569763183594,319.3399963378906
2021-05-14,316.3909912109375,326.3900146484375
2021-05-17,314.4717102050781,324.4100036621094
2021-05-18,312.3487854003906,322.2200012207031
2021-05-19,312.7073974609375,322.5899963378906
2021-05-20,318.7562561035156,328.8299865722656
2021-05-21,316.9920349121094,327.010009765625
2021-05-24,322.3235778808594,332.510009765625
2021-05-25,322.7693786621094,332.9700012207031
2021-05-26,323.8938293457031,334.1300048828125
2021-05-27,322.6822204589844,332.8800048828125
2021-05-28,323.70001220703125,333.92999267578125
2021-06-01,322.6240234375,332.82000732421875
2021-06-02,323.2540588378906,333.4700012207031
2021-06-03,319.890380859375,330.0
2021-06-04,325.31884765625,335.6000061035156
2021-06-07,326.2882385253906,336.6000061035156
2021-06-08,326.443359375,336.760009765625
2021-06-09,326.5207824707031,336.8399963378906
2021-06-10,329.92333984375,340.3500061035156
2021-06-11,330.7860412597656,341.239990234375
2021-06-14,333.95587158203125,344.510009765625
2021-06-15,331.7747802734375,342.260009765625
2021-06-16,330.5631408691406,341.010009765625
2021-06-17,334.7604675292969,345.3399963378906
2021-06-18,332.13348388671875,342.6300048828125
2021-06-21,334.1976623535156,344.3599853515625
2021-06-22,337.3130187988281,347.57000732421875
2021-06-23,337.4779357910156,347.739990234375
2021-06-24,339.5645446777344,349.8900146484375
2021-06-25,339.1471862792969,349.4599914550781
2021-06-28,343.2717590332031,353.7099914550781
2021-06-29,344.51397705078125,354.989990234375
2021-06-30,343.9705810546875,354.42999267578125
2021-07-01,344.10638427734375,354.57000732421875
2021-07-02,348.05633544921875,358.6400146484375
2021-07-06,349.56048583984375,360.19000244140625
2021-07-07,350.2981262207031,360.95001220703125
2021-07-08,348.1824645996094,358.7699890136719
2021-07-09,350.3564147949219,361.010009765625
2021-07-12,351.7247314453125,362.4200134277344
2021-07-13,351.7247314453125,362.4200134277344
2021-07-14,352.3554992675781,363.07000732421875
2021-07-15,349.88079833984375,360.5199890136719
2021-07-16,347.0469665527344,357.6000061035156
2021-07-19,344.20355224609375,354.6700134277344
2021-07-20,348.2018127441406,358.7900085449219
2021-07-21,350.89007568359375,361.55999755859375
2021-07-22,353.2095642089844,363.95001220703125
2021-07-23,357.3341369628906,368.20001220703125
2021-07-26,357.6155700683594,368.489990234375
2021-07-27,353.6753845214844,364.42999267578125
2021-07-28,355.03411865234375,365.8299865722656
2021-07-29,355.6649169921875,366.4800109863281
2021-07-30,353.8113098144531,364.57000732421875
2021-08-02,353.8404235839844,364.6000061035156
2021-08-03,355.98516845703125,366.80999755859375
2021-08-04,356.4994812011719,367.3399963378906
2021-08-05,358.76080322265625,369.6700134277344
2021-08-06,357.1885986328125,368.04998779296875
2021-08-09,357.8485107421875,368.7300109863281
2021-08-10,356.01434326171875,366.8399963378906
2021-08-11,355.4028625488281,366.2099914550781
2021-08-12,356.6839599609375,367.5299987792969
2021-08-13,357.9359130859375,368.82000732421875
2021-08-16,358.0911560058594,368.9800109863281
2021-08-17,354.9370422363281,365.7300109863281
2021-08-18,351.52093505859375,362.2099914550781
2021-08-19,353.2193298339844,363.9599914550781
2021-08-20,356.8780517578125,367.7300109863281
2021-08-23,362.2157287597656,373.2300109863281
2021-08-24,363.3220520019531,374.3699951171875
2021-08-25,363.7393493652344,374.79998779296875
2021-08-26,361.42962646484375,372.4200134277344
2021-08-27,364.9427795410156,376.0400085449219
2021-08-30,369.0382995605469,380.260009765625
2021-08-31,368.7374267578125,379.95001220703125
2021-09-01,369.3487548828125,380.5799865722656
2021-09-02,369.17413330078125,380.3999938964844
2021-09-03,370.3096618652344,381.57000732421875
2021-09-07,370.8335876464844,382.1099853515625
2021-09-08,369.54296875,380.7799987792969
2021-09-09,368.2716064453125,379.4700012207031
2021-09-10,365.4765930175781,376.5899963378906
2021-09-13,365.2242431640625,376.3299865722656
2021-09-14,364.18585205078125,375.260009765625
2021-09-15,366.8934631347656,378.04998779296875
2021-09-16,367.14581298828125,378.30999755859375
2021-09-17,362.79803466796875,373.8299865722656
2021-09-20,355.3014221191406,365.70001220703125
2021-09-21,355.73858642578125,366.1499938964844
2021-09-22,359.06146240234375,369.57000732421875
2021-09-23,362.37445068359375,372.9800109863281
2021-09-24,362.7144775390625,373.3299865722656
2021-09-27,359.81915283203125,370.3500061035156
2021-09-28,349.63720703125,359.8699951171875
2021-09-29,349.0639343261719,359.2799987792969
2021-09-30,347.781494140625,357.9599914550781
2021-10-01,349.9384460449219,360.17999267578125
2021-10-04,342.59332275390625,352.6199951171875
2021-10-05,347.2179870605469,357.3800048828125
2021-10-06,349.4429016113281,359.6700134277344
2021-10-07,352.6490783691406,362.9700012207031
2021-10-08,350.8905029296875,361.1600036621094
2021-10-11,348.1993103027344,358.3900146484375
2021-10-12,346.9848327636719,357.1400146484375
2021-10-13,349.763427734375,360.0
2021-10-14,356.2049865722656,366.6300048828125
2021-10-15,358.4493408203125,368.94000244140625
2021-10-18,362.05377197265625,372.6499938964844
2021-10-19,364.79364013671875,375.4700012207031
2021-10-20,364.3175354003906,374.9800109863281
2021-10-21,366.54248046875,377.2699890136719
2021-10-22,363.46258544921875,374.1000061035156
2021-10-25,367.1837463378906,377.92999267578125
2021-10-26,368.3398132324219,379.1199951171875
2021-10-27,369.19476318359375,380.0
2021-10-28,373.29486083984375,384.2200012207031
2021-10-29,375.1310119628906,386.1099853515625
2021-11-01,376.4136047363281,387.42999267578125
2021-11-02,377.9874572753906,389.04998779296875
2021-11-03,382.0,393.17999267578125
2021-11-04,386.8967590332031,398.2200012207031
2021-11-05,387.26593017578125,398.6000061035156
2021-11-08,386.74127197265625,398.05999755859375
2021-11-09,384.0792541503906,395.32000732421875
2021-11-10,378.43438720703125,389.510009765625
2021-11-11,379.4836730957031,390.5899963378906
2021-11-12,383.4768371582031,394.70001220703125
2021-11-15,383.38934326171875,394.6099853515625
2021-11-16,386.1195068359375,397.4200134277344
2021-11-17,386.323486328125,397.6300048828125
2021-11-18,390.3263244628906,401.75
2021-11-19,392.5025939941406,403.989990234375
2021-11-22,387.94598388671875,399.29998779296875
2021-11-23,386.17779541015625,397.4800109863281
2021-11-24,387.4213562011719,398.760009765625
2021-11-26,380.0763244628906,391.20001220703125
2021-11-29,388.3249816894531,399.69000244140625
2021-11-30,382.62188720703125,393.82000732421875
2021-12-01,376.11236572265625,387.1199951171875
2021-12-02,378.82305908203125,389.9100036621094
2021-12-03,372.23577880859375,383.1300048828125
2021-12-06,375.218505859375,386.20001220703125
2021-12-07,386.5177307128906,397.8299865722656
2021-12-08,388.24725341796875,399.6099853515625
2021-12-09,382.53448486328125,393.7300109863281
2021-12-10,386.69268798828125,398.010009765625
2021-12-13,381.106201171875,392.260009765625
2021-12-14,377.16162109375,388.20001220703125
2021-12-15,385.760009765625,397.04998779296875
2021-12-16,375.8403015136719,386.8399963378906
2021-12-17,373.96514892578125,384.9100036621094
2021-12-20,370.3375244140625,380.69000244140625
2021-12-21,378.6258850097656,389.2099914550781
2021-12-22,383.237060546875,393.95001220703125
2021-12-23,386.1262512207031,396.9200134277344
2021-12-27,392.5077819824219,403.4800109863281
2021-12-28,390.6886901855469,401.6099853515625
2021-12-29,390.6302795410156,401.54998779296875
2021-12-30,389.4630126953125,400.3500061035156
2021-12-31,387.0308837890625,397.8500061035156
2022-01-03,390.7568054199219,401.67999267578125
2022-01-04,385.6885070800781,396.4700012207031
2022-01-05,373.8397216796875,384.2900085449219
2022-01-06,373.5770263671875,384.0199890136719
2022-01-07,369.5301513671875,379.8599853515625
2022-01-10,369.7733154296875,380.1099853515625
2022-01-11,375.328125,385.82000732421875
2022-01-12,376.81646728515625,387.3500061035156
2022-01-13,367.38995361328125,377.6600036621094
2022-01-14,369.6761169433594,380.010009765625
2022-01-18,360.4732971191406,370.54998779296875
2022-01-19,356.5140380859375,366.4800109863281
2022-01-20,351.8834533691406,361.7200012207031
2022-01-21,342.126220703125,351.69000244140625
2022-01-24,343.6923828125,353.29998779296875
2022-01-25,335.72515869140625,345.1099853515625
2022-01-26,335.19989013671875,344.57000732421875
2022-01-27,331.8241882324219,341.1000061035156
2022-01-28,342.2332458496094,351.79998779296875
2022-01-31,353.17724609375,363.04998779296875
2022-02-01,355.580078125,365.5199890136719
2022-02-02,358.4692687988281,368.489990234375
2022-02-03,343.9356689453125,353.54998779296875
2022-02-04,348.2743835449219,358.010009765625
2022-02-07,345.47265625,355.1300048828125
2022-02-08,349.3541259765625,359.1199951171875
2022-02-09,356.7572326660156,366.7300109863281
2022-02-10,348.6829528808594,358.42999267578125
2022-02-11,337.62213134765625,347.05999755859375
2022-02-14,338.0404357910156,347.489990234375
2022-02-15,346.4454040527344,356.1300048828125
2022-02-16,346.3579406738281,356.0400085449219
2022-02-17,336.0558776855469,345.45001220703125
2022-02-18,332.2230529785156,341.510009765625
2022-02-22,328.88629150390625,338.0799865722656
2022-02-23,320.4617919921875,329.4200134277344
2022-02-24,331.2308349609375,340.489990234375
2022-02-25,336.3671569824219,345.7699890136719
2022-02-28,337.3691711425781,346.79998779296875
2022-03-01,332.20361328125,341.489990234375
2022-03-02,337.7777099609375,347.2200012207031
2022-03-03,332.95257568359375,342.260009765625
2022-03-04,328.12750244140625,337.29998779296875
2022-03-07,316.0258483886719,324.8599853515625
2022-03-08,314.556884765625,323.3500061035156
2022-03-09,325.88037109375,334.989990234375
2022-03-10,322.2615051269531,331.2699890136719
2022-03-11,315.5783996582031,324.3999938964844
2022-03-14,309.51776123046875,318.1700134277344
2022-03-15,319.226318359375,328.1499938964844
2022-03-16,331.06536865234375,340.32000732421875
2022-03-17,335.07342529296875,344.44000244140625
2022-03-18,341.931640625,351.489990234375
2022-03-21,340.98101806640625,350.0799865722656
2022-03-22,347.6822509765625,356.9599914550781
2022-03-23,342.68548583984375,351.8299865722656
2022-03-24,350.30224609375,359.6499938964844
2022-03-25,350.0101013183594,359.3500061035156
2022-03-28,355.42559814453125,364.9100036621094
2022-03-29,361.5423278808594,371.19000244140625
2022-03-30,357.5489501953125,367.0899963378906
2022-03-31,353.11724853515625,362.5400085449219
2022-04-01,352.44512939453125,361.8500061035156
2022-04-04,359.7014465332031,369.29998779296875
2022-04-05,351.7145690917969,361.1000061035156
2022-04-06,344.0783996582031,353.260009765625
2022-04-07,344.8965759277344,354.1000061035156
2022-04-08,340.0751953125,349.1499938964844
2022-04-11,332.02984619140625,340.8900146484375
2022-04-12,330.6272888183594,339.45001220703125
2022-04-13,337.34796142578125,346.3500061035156
2022-04-14,329.6337890625,338.42999267578125
2022-04-18,329.8870849609375,338.69000244140625
2022-04-19,337.26031494140625,346.260009765625
2022-04-20,332.34149169921875,341.2099914550781
2022-04-21,325.4650573730469,334.1499938964844
2022-04-22,316.9425048828125,325.3999938964844
2022-04-25,321.01385498046875,329.5799865722656
2022-04-26,308.8971862792969,317.1400146484375
2022-04-27,308.5270690917969,316.760009765625
2022-04-28,319.48455810546875,328.010009765625
2022-04-29,305.1083679199219,313.25
2022-05-02,310.20233154296875,318.4800109863281
2022-05-03,310.53350830078125,318.82000732421875
2022-05-04,321.0333251953125,329.6000061035156
2022-05-05,304.8647766113281,313.0
2022-05-06,301.2122802734375,309.25
2022-05-09,289.4267578125,297.1499938964844
2022-05-10,292.9429016113281,300.760009765625
2022-05-11,284.2547607421875,291.8399963378906
2022-05-12,283.5826721191406,291.1499938964844
2022-05-13,294.09228515625,301.94000244140625
2022-05-16,290.6831970214844,298.44000244140625
2022-05-17,298.2123718261719,306.1700134277344
2022-05-18,283.57293701171875,291.1400146484375
2022-05-19,282.0534362792969,289.5799865722656
2022-05-20,281.17681884765625,288.67999267578125
2022-05-23,285.8521423339844,293.4800109863281
2022-05-24,279.7742919921875,287.239990234375
2022-05-25,283.6898193359375,291.260009765625
2022-05-26,291.550048828125,299.3299865722656
2022-05-27,301.066162109375,309.1000061035156
2022-05-31,300.2674560546875,308.2799987792969
2022-06-01,298.0467224121094,306.0
2022-06-02,306.20892333984375,314.3800048828125
2022-06-03,298.241455078125,306.20001220703125
2022-06-06,299.2349853515625,307.2200012207031
2022-06-07,301.8161315917969,309.8699951171875
2022-06-08,299.6441650390625,307.6400146484375
2022-06-09,291.6182861328125,299.3999938964844
2022-06-10,281.3326721191406,288.8399963378906
2022-06-13,268.2518310546875,275.4100036621094
2022-06-14,268.7388000488281,275.9100036621094
2022-06-15,275.44970703125,282.79998779296875
2022-06-16,264.3363037109375,271.3900146484375
2022-06-17,267.55047607421875,274.69000244140625
2022-06-21,274.30059814453125,281.0799865722656
2022-06-22,273.9005432128906,280.6700134277344
2022-06-23,277.979736328125,284.8500061035156
2022-06-24,287.5043640136719,294.6099853515625
2022-06-27,285.39642333984375,292.45001220703125
2022-06-28,276.70135498046875,283.5400085449219
2022-06-29,276.9550476074219,283.79998779296875
2022-06-30,273.5199279785156,280.2799987792969
2022-07-01,275.3253173828125,282.1300048828125
2022-07-05,280.0388488769531,286.9599914550781
2022-07-06,281.8345031738281,288.79998779296875
2022-07-07,287.8654479980469,294.9800109863281
2022-07-08,288.2264709472656,295.3500061035156
2022-07-11,282.06878662109375,289.0400085449219
2022-07-12,279.336181640625,286.239990234375
2022-07-13,278.7604675292969,285.6499938964844
2022-07-14,279.755859375,286.6700134277344
2022-07-15,284.8304443359375,291.8699951171875
2022-07-18,282.4200134277344,289.3999938964844
2022-07-19,291.1053771972656,298.29998779296875
2022-07-20,295.72125244140625,303.0299987792969
2022-07-21,299.96636962890625,307.3800048828125
2022-07-22,294.7063903808594,301.989990234375
2022-07-25,293.02783203125,300.2699890136719
2022-07-26,287.2701110839844,294.3699951171875
2022-07-27,299.41009521484375,306.80999755859375
2022-07-28,302.3377990722656,309.80999755859375
2022-07-29,307.85150146484375,315.4599914550781
2022-08-01,307.666015625,315.2699890136719
2022-08-02,306.7486877441406,314.3299865722656
2022-08-03,315.1022644042969,322.8900146484375
2022-08-04,316.5758361816406,324.3999938964844
2022-08-05,313.9897766113281,321.75
2022-08-08,312.97479248046875,320.7099914550781
2022-08-09,309.4324035644531,317.0799865722656
2022-08-10,318.0689392089844,325.92999267578125
2022-08-11,316.2635498046875,324.0799865722656
2022-08-12,322.42144775390625,330.3900146484375
2022-08-15,325.0269470214844,333.05999755859375
2022-08-16,324.2658386230469,332.2799987792969
2022-08-17,320.5672607421875,328.489990234375
2022-08-18,321.3381652832031,329.2799987792969
2022-08-19,315.0729675292969,322.8599853515625
2022-08-22,306.7780456542969,314.3599853515625
2022-08-23,306.5243225097656,314.1000061035156
2022-08-24,307.41229248046875,315.010009765625
2022-08-25,312.84796142578125,320.5799865722656
2022-08-26,300.02496337890625,307.44000244140625
2022-08-29,297.0679931640625,304.4100036621094
2022-08-30,293.75970458984375,301.0199890136719
2022-08-31,292.05194091796875,299.2699890136719
2022-09-01,292.1788024902344,299.3999938964844
2022-09-02,288.0508117675781,295.1700134277344
2022-09-06,285.9819641113281,293.04998779296875
2022-09-07,291.7591552734375,298.9700012207031
2022-09-08,293.27178955078125,300.5199890136719
2022-09-09,299.683349609375,307.0899963378906
2022-09-12,303.245361328125,310.739990234375
2022-09-13,286.6163330078125,293.70001220703125
2022-09-14,288.89007568359375,296.0299987792969
2022-09-15,284.07904052734375,291.1000061035156
2022-09-16,282.34197998046875,289.32000732421875
2022-09-19,284.5406494140625,291.04998779296875
2022-09-20,282.27252197265625,288.7300109863281
2022-09-21,277.2181396484375,283.55999755859375
2022-09-22,273.80615234375,280.07000732421875
2022-09-23,269.3481750488281,275.510009765625
2022-09-26,268.23370361328125,274.3699951171875
2022-09-27,268.34124755859375,274.4800109863281
2022-09-28,273.6791076660156,279.94000244140625
2022-09-29,265.7895812988281,271.8699951171875
2022-09-30,261.28265380859375,267.260009765625
2022-10-03,267.4125061035156,273.5299987792969
2022-10-04,275.8200988769531,282.1300048828125
2022-10-05,275.6734924316406,281.9800109863281
2022-10-06,273.503173828125,279.760009765625
2022-10-07,263.0815124511719,269.1000061035156
2022-10-10,260.4517517089844,266.4100036621094
2022-10-11,256.8736267089844,262.75
2022-10-12,256.7856140136719,262.6600036621094
2022-10-13,262.8077697753906,268.82000732421875
2022-10-14,254.90846252441406,260.739990234375
2022-10-17,263.3258972167969,269.3500061035156
2022-10-18,265.4083557128906,271.4800109863281
2022-10-19,264.4404602050781,270.489990234375
2022-10-20,263.0913391113281,269.1099853515625
2022-10-21,269.2601623535156,275.4200134277344
2022-10-24,272.2224426269531,278.45001220703125
2022-10-25,277.8536071777344,284.2099914550781
2022-10-26,271.71405029296875,277.92999267578125
2022-10-27,266.76727294921875,272.8699951171875
2022-10-28,274.9304504394531,281.2200012207031
2022-10-31,271.7336120605469,277.95001220703125
2022-11-01,268.9571228027344,275.1099853515625
2022-11-02,259.738037109375,265.67999267578125
2022-11-03,254.6640625,260.489990234375
2022-11-04,258.7603759765625,264.67999267578125
2022-11-07,261.6053161621094,267.5899963378906
2022-11-08,263.51171875,269.5400085449219
2022-11-09,257.4307861328125,263.32000732421875
2022-11-10,276.4262390136719,282.75
2022-11-11,281.519775390625,287.9599914550781
2022-11-14,279.05615234375,285.44000244140625
2022-11-15,282.9178161621094,289.3900146484375
2022-11-16,279.05615234375,285.44000244140625
2022-11-17,278.440185546875,284.80999755859375
2022-11-18,278.449951171875,284.82000732421875
2022-11-21,275.5855407714844,281.8900146484375
2022-11-22,279.5547790527344,285.95001220703125
2022-11-23,282.3605041503906,288.82000732421875
2022-11-25,280.50299072265625,286.9200134277344
2022-11-28,276.3871154785156,282.7099914550781
2022-11-29,274.2950134277344,280.57000732421875
2022-11-30,286.7989501953125,293.3599853515625
2022-12-01,287.15093994140625,293.7200012207031
2022-12-02,286.0071105957031,292.54998779296875
2022-12-05,281.2069396972656,287.6400146484375
2022-12-06,275.380126953125,281.67999267578125
2022-12-07,274.25592041015625,280.5299987792969
2022-12-08,277.50164794921875,283.8500061035156
2022-12-09,275.7321472167969,282.0400085449219
2022-12-12,279.1929626464844,285.5799865722656
2022-12-13,282.19427490234375,288.6499938964844
2022-12-14,280.10223388671875,286.510009765625
2022-12-15,270.69732666015625,276.8900146484375
2022-12-16,268.11639404296875,274.25
2022-12-19,264.34832763671875,269.75
2022-12-20,264.14251708984375,269.5400085449219
2022-12-21,267.9742736816406,273.45001220703125
2022-12-22,261.4182434082031,266.760009765625
2022-12-23,262.0061950683594,267.3599853515625
2022-12-27,258.3019104003906,263.5799865722656
2022-12-28,254.8916015625,260.1000061035156
2022-12-29,261.1046447753906,266.44000244140625
2022-12-30,260.9478759765625,266.2799987792969
2023-01-03,259.1839599609375,264.4800109863281
2023-01-04,260.4186096191406,265.739990234375
2023-01-05,256.34197998046875,261.5799865722656
2023-01-06,263.4173583984375,268.79998779296875
2023-01-09,265.12261962890625,270.5400085449219
2023-01-10,267.3667297363281,272.8299865722656
2023-01-11,271.99212646484375,277.54998779296875
2023-01-12,273.462158203125,279.04998779296875
2023-01-13,275.34368896484375,280.9700012207031
2023-01-17,275.9023132324219,281.5400085449219
2023-01-18,272.3155517578125,277.8800048828125
2023-01-19,269.6402282714844,275.1499938964844
2023-01-20,277.0194396972656,282.67999267578125
2023-01-23,283.1736755371094,288.9599914550781
2023-01-24,282.59552001953125,288.3699951171875
2023-01-25,281.9682922363281,287.7300109863281
2023-01-26,287.4660339355469,293.3399963378906
2023-01-27,290.3274841308594,296.260009765625
2023-01-30,284.4574279785156,290.2699890136719
2023-01-31,288.7203063964844,294.6199951171875
2023-02-01,294.8941955566406,300.9200134277344
2023-02-02,305.4779357910156,311.7200012207031
2023-02-03,300.0488586425781,306.17999267578125
2023-02-06,297.5107116699219,303.5899963378906
2023-02-07,303.6748352050781,309.8800048828125
2023-02-08,298.2751159667969,304.3699951171875
2023-02-09,295.63897705078125,301.67999267578125
2023-02-10,293.6986083984375,299.70001220703125
2023-02-13,298.4024963378906,304.5
2023-02-14,300.6075134277344,306.75
2023-02-15,302.9104309082031,309.1000061035156
2023-02-16,297.2265319824219,303.29998779296875
2023-02-17,295.1293640136719,301.1600036621094
2023-02-21,288.1421813964844,294.0299987792969
2023-02-22,288.3577575683594,294.25
2023-02-23,290.8763427734375,296.82000732421875
2023-02-24,286.0058288574219,291.8500061035156
2023-02-27,288.0539855957031,293.94000244140625
2023-02-28,287.6816101074219,293.55999755859375
2023-03-01,285.368896484375,291.20001220703125
2023-03-02,287.7304992675781,293.6099853515625
2023-03-03,293.67901611328125,299.67999267578125
2023-03-06,294.01226806640625,300.0199890136719
2023-03-07,290.4059143066406,296.3399963378906
2023-03-08,291.85626220703125,297.82000732421875
2023-03-09,286.7995910644531,292.6600036621094
2023-03-10,282.77191162109375,288.54998779296875
2023-03-13,284.8690185546875,290.69000244140625
2023-03-14,291.4153137207031,297.3699951171875
2023-03-15,292.94403076171875,298.92999267578125
2023-03-16,300.6662902832031,306.80999755859375
2023-03-17,299.2453308105469,305.3599853515625
2023-03-20,300.30731201171875,305.9700012207031
2023-03-21,304.59637451171875,310.3399963378906
2023-03-22,300.45452880859375,306.1199951171875
2023-03-23,304.0173034667969,309.75
2023-03-24,305.13629150390625,310.8900146484375
2023-03-27,303.0456237792969,308.760009765625
2023-03-28,301.4360046386719,307.1199951171875
2023-03-29,306.932373046875,312.7200012207031
2023-03-30,309.8375549316406,315.67999267578125
2023-03-31,314.9903869628906,320.92999267578125
2023-04-03,314.2248840332031,320.1499938964844
2023-04-04,313.16485595703125,319.07000732421875
2023-04-05,310.0731201171875,315.9200134277344
2023-04-06,312.1636962890625,318.04998779296875
2023-04-10,311.9869689941406,317.8699951171875
2023-04-11,309.9847717285156,315.8299865722656
2023-04-12,307.2464294433594,313.0400085449219
2023-04-13,313.26300048828125,319.1700134277344
2023-04-14,312.6741027832031,318.57000732421875
2023-04-17,312.9390869140625,318.8399963378906
2023-04-18,312.958740234375,318.8599853515625
2023-04-19,312.8114929199219,318.7099914550781
2023-04-20,310.4264831542969,316.2799987792969
2023-04-21,310.7503662109375,316.6099853515625
2023-04-24,310.1025390625,315.95001220703125
2023-04-25,304.25286865234375,309.989990234375
2023-04-26,306.0981140136719,311.8699951171875
2023-04-27,314.42108154296875,320.3500061035156
2023-04-28,316.5902404785156,322.55999755859375
2023-05-01,316.22711181640625,322.19000244140625
2023-05-02,313.4690856933594,319.3800048828125
2023-05-03,311.4177551269531,317.2900085449219
2023-05-04,310.3185119628906,316.1700134277344
2023-05-05,316.9141540527344,322.8900146484375
2023-05-08,317.6993103027344,323.69000244140625
2023-05-09,315.6872863769531,321.6400146484375
2023-05-10,319.1225280761719,325.1400146484375
2023-05-11,320.16290283203125,326.20001220703125
2023-05-12,319.0145263671875,325.0299987792969
2023-05-15,320.74200439453125,326.7900085449219
2023-05-16,321.1051025390625,327.1600036621094
2023-05-17,324.9917907714844,331.1199951171875
2023-05-18,331.0280456542969,337.2699890136719
2023-05-19,330.2821044921875,336.510009765625
2023-05-22,331.39117431640625,337.6400146484375
2023-05-23,327.1903076171875,333.3599853515625
2023-05-24,325.51202392578125,331.6499938964844
2023-05-25,333.43267822265625,339.7200012207031
2023-05-26,341.95196533203125,348.3999938964844
2023-05-30,343.5027770996094,349.9800109863281
2023-05-31,341.549560546875,347.989990234375
2023-06-01,345.4952087402344,352.010009765625
2023-06-02,348.0863342285156,354.6499938964844
2023-06-05,348.3316345214844,354.8999938964844
2023-06-06,348.2727355957031,354.8399963378906
2023-06-07,342.3642578125,348.82000732421875
2023-06-08,346.614013671875,353.1499938964844
2023-06-09,347.93914794921875,354.5
2023-06-12,353.8182373046875,360.489990234375
2023-06-13,356.5370178222656,363.260009765625
2023-06-14,359.1282043457031,365.8999938964844
2023-06-15,363.4074401855469,370.260009765625
2023-06-16,361.12054443359375,367.92999267578125
2023-06-20,360.6036071777344,366.8999938964844
2023-06-21,355.68939208984375,361.8999938964844
2023-06-22,359.88616943359375,366.1700134277344
2023-06-23,356.31842041015625,362.5400085449219
2023-06-26,351.5418395996094,357.67999267578125
2023-06-27,357.58624267578125,363.8299865722656
2023-06-28,358.2840576171875,364.5400085449219
2023-06-29,357.5666198730469,363.80999755859375
2023-06-30,363.0803527832031,369.4200134277344
2023-07-03,363.9353942871094,370.2900085449219
2023-07-05,363.9255676269531,370.2799987792969
2023-07-06,361.15399169921875,367.4599914550781
2023-07-07,359.9549560546875,366.239990234375
2023-07-10,360.0728759765625,366.3599853515625
2023-07-11,361.851806640625,368.1700134277344
2023-07-12,366.42205810546875,372.82000732421875
2023-07-13,372.64337158203125,379.1499938964844
2023-07-14,372.56475830078125,379.07000732421875
2023-07-17,376.04400634765625,382.6099853515625
2023-07-18,379.1202087402344,385.739990234375
2023-07-19,379.0318298339844,385.6499938964844
2023-07-20,370.29437255859375,376.760009765625
2023-07-21,369.18377685546875,375.6300048828125
2023-07-24,369.77349853515625,376.2300109863281
2023-07-25,372.2796630859375,378.7799987792969
2023-07-26,371.04132080078125,377.5199890136719
2023-07-27,370.15679931640625,376.6199951171875
2023-07-28,376.89910888671875,383.4800109863281
2023-07-31,377.09564208984375,383.67999267578125
2023-08-01,376.2208251953125,382.7900085449219
2023-08-02,367.9650573730469,374.3900146484375
2023-08-03,367.3753662109375,373.7900085449219
2023-08-04,365.6553955078125,372.0400085449219
2023-08-07,368.7513427734375,375.19000244140625
2023-08-08,365.6159973144531,372.0
2023-08-09,361.59625244140625,367.9100036621094
2023-08-10,362.2645263671875,368.5899963378906
2023-08-11,359.9549560546875,366.239990234375
2023-08-14,363.994384765625,370.3500061035156
2023-08-15,360.1318359375,366.4200134277344
2023-08-16,356.31842041015625,362.5400085449219
2023-08-17,352.4263000488281,358.5799865722656
2023-08-18,351.9841003417969,358.1300048828125
2023-08-21,357.6550598144531,363.8999938964844
2023-08-22,357.14398193359375,363.3800048828125
2023-08-23,362.7756652832031,369.1099853515625
2023-08-24,355.0210876464844,361.2200012207031
2023-08-25,357.7730407714844,364.0199890136719
2023-08-28,360.4659729003906,366.760009765625
2023-08-29,368.3385009765625,374.7699890136719
2023-08-30,370.392578125,376.8599853515625
2023-08-31,371.50323486328125,377.989990234375
2023-09-01,371.110107421875,377.5899963378906
2023-09-05,371.58184814453125,378.07000732421875
2023-09-06,368.30908203125,374.739990234375
2023-09-07,365.6750793457031,372.05999755859375
2023-09-08,366.1860656738281,372.5799865722656
2023-09-11,370.500732421875,376.9700012207031
2023-09-12,366.39251708984375,372.7900085449219
2023-09-13,367.78814697265625,374.2099914550781
2023-09-14,370.79559326171875,377.2699890136719
2023-09-15,364.4465026855469,370.80999755859375
2023-09-18,364.82635498046875,370.6600036621094
2023-09-19,364.04876708984375,369.8699951171875
2023-09-20,358.8027038574219,364.5400085449219
2023-09-21,352.2278747558594,357.8599853515625
2023-09-22,352.2770690917969,357.9100036621094
2023-09-25,353.9502258300781,359.6099853515625
2023-09-26,348.6353454589844,354.2099914550781
2023-09-27,349.4522399902344,355.0400085449219
2023-09-28,352.3755187988281,358.010009765625
2023-09-29,352.6313171386719,358.2699890136719
2023-10-02,355.57440185546875,361.260009765625
2023-10-03,349.3341369628906,354.9200134277344
2023-10-04,354.0881042480469,359.75
2023-10-05,353.0447692871094,358.69000244140625
2023-10-06,358.9602355957031,364.70001220703125
2023-10-09,360.7909851074219,366.55999755859375
2023-10-10,362.7889404296875,368.5899963378906
2023-10-11,365.3775939941406,371.2200012207031
2023-10-12,364.1078796386719,369.92999267578125
2023-10-13,359.531005859375,365.2799987792969
2023-10-16,363.5960998535156,369.4100036621094
2023-10-17,362.4051208496094,368.20001220703125
2023-10-18,357.6510925292969,363.3699951171875
2023-10-19,354.3046875,359.9700012207031
2023-10-20,349.0191345214844,354.6000061035156
2023-10-23,350.0723571777344,355.6700134277344
2023-10-24,353.4778747558594,359.1300048828125
2023-10-25,344.82623291015625,350.3399963378906
2023-10-26,338.2513427734375,343.6600036621094
2023-10-27,339.8753662109375,345.30999755859375
2023-10-30,343.70416259765625,349.20001220703125
2023-10-31,345.34783935546875,350.8699951171875
2023-11-01,351.3420104980469,356.9599914550781
2023-11-02,357.72003173828125,363.44000244140625
2023-11-03,361.92279052734375,367.7099914550781
2023-11-06,363.39923095703125,369.2099914550781
2023-11-07,366.8343200683594,372.70001220703125
2023-11-08,367.070556640625,372.94000244140625
2023-11-09,364.24566650390625,370.07000732421875
2023-11-10,372.43475341796875,378.3900146484375
2023-11-13,371.2732849121094,377.2099914550781
2023-11-14,379.2654724121094,385.3299865722656
2023-11-15,379.55096435546875,385.6199951171875
2023-11-16,379.8757629394531,385.95001220703125
2023-11-17,379.96441650390625,386.0400085449219
2023-11-20,384.59039306640625,390.739990234375
2023-11-21,382.3560791015625,388.4700012207031
2023-11-22,383.92108154296875,390.05999755859375
2023-11-24,383.3797302246094,389.510009765625
2023-11-27,383.0450744628906,389.1700134277344
2023-11-28,384.04901123046875,390.19000244140625
2023-11-29,383.6749572753906,389.80999755859375
2023-11-30,382.71038818359375,388.8299865722656
2023-12-01,383.802978515625,389.94000244140625
2023-12-04,380.2398986816406,386.32000732421875
2023-12-05,381.1947326660156,387.2900085449219
2023-12-06,378.9899597167969,385.04998779296875
2023-12-07,384.2852783203125,390.42999267578125
2023-12-08,385.9978942871094,392.1700134277344
2023-12-11,389.2951965332031,395.5199890136719
2023-12-12,392.39556884765625,398.6700134277344
2023-12-13,397.3857421875,403.739990234375
2023-12-14,397.0412902832031,403.3900146484375
2023-12-15,398.9605712890625,405.3399963378906
2023-12-18,401.4735107421875,407.0799865722656
2023-12-19,403.52484130859375,409.1600036621094
2023-12-20,397.528564453125,403.0799865722656
2023-12-21,402.1540222167969,407.7699890136719
2023-12-22,402.755615234375,408.3800048828125
2023-12-26,405.2212219238281,410.8800048828125
2023-12-27,406.04608154296875,411.5
2023-12-28,405.8487243652344,411.29998779296875
2023-12-29,404.0923156738281,409.5199890136719
2024-01-02,397.2541809082031,402.5899963378906
2024-01-03,393.0506591796875,398.3299865722656
2024-01-04,391.02783203125,396.2799987792969
2024-01-05,391.4916076660156,396.75
2024-01-08,399.58294677734375,404.95001220703125
2024-01-09,400.372314453125,405.75
2024-01-10,403.08587646484375,408.5
2024-01-11,403.9245910644531,409.3500061035156
2024-01-12,404.13177490234375,409.55999755859375
2024-01-16,404.0923156738281,409.5199890136719
2024-01-17,401.8129577636719,407.2099914550781
2024-01-18,407.516357421875,412.989990234375
2024-01-19,415.5977783203125,421.17999267578125
2024-01-22,416.14056396484375,421.7300109863281
2024-01-23,417.8674011230469,423.4800109863281
2024-01-24,420.1861877441406,425.8299865722656
2024-01-25,420.6993103027344,426.3500061035156
2024-01-26,418.19293212890625,423.80999755859375
2024-01-29,422.4754638671875,428.1499938964844
2024-01-30,419.6632080078125,425.29998779296875
2024-01-31,411.4436340332031,416.9700012207031
2024-02-01,416.28851318359375,421.8800048828125
2024-02-02,423.32403564453125,429.010009765625
2024-02-05,422.7715148925781,428.45001220703125
2024-02-06,421.9228210449219,427.5899963378906
2024-02-07,426.2645263671875,431.989990234375
2024-02-08,427.0539245605469,432.7900085449219
2024-02-09,431.2574462890625,437.04998779296875
2024-02-12,429.57012939453125,435.3399963378906
2024-02-13,422.8701171875,428.54998779296875
2024-02-14,427.4782409667969,433.2200012207031
2024-02-15,428.75115966796875,434.510009765625
2024-02-16,424.8633728027344,430.57000732421875
2024-02-20,421.65643310546875,427.32000732421875
2024-02-21,419.9691162109375,425.6099853515625
2024-02-22,432.26397705078125,438.07000732421875
2024-02-23,430.9910583496094,436.7799987792969
2024-02-26,430.76409912109375,436.54998779296875
2024-02-27,431.8001708984375,437.6000061035156
2024-02-28,429.5010681152344,435.2699890136719
2024-02-29,433.181640625,439.0
2024-03-01,439.70404052734375,445.6099853515625
2024-03-04,438.1350402832031,444.0199890136719
2024-03-05,430.270751953125,436.04998779296875
2024-03-06,432.97442626953125,438.7900085449219
2024-03-07,439.546142578125,445.45001220703125
2024-03-08,433.2013244628906,439.0199890136719
2024-03-11,431.59295654296875,437.3900146484375
2024-03-12,437.7798767089844,443.6600036621094
2024-03-13,434.4150695800781,440.25
2024-03-14,433.31982421875,439.1400146484375
2024-03-15,428.1689453125,433.9200134277344
2024-03-18,432.25262451171875,437.4800109863281
2024-03-19,433.32958984375,438.57000732421875
2024-03-20,438.4674072265625,443.7699890136719
2024-03-21,440.54229736328125,445.8699951171875
2024-03-22,441.0462341308594,446.3800048828125
2024-03-25,439.4456481933594,444.760009765625
2024-03-26,438.0227966308594,443.32000732421875
2024-03-27,439.5147705078125,444.8299865722656
2024-03-28,438.7045593261719,444.010009765625
2024-04-01,439.63336181640625,444.95001220703125
2024-04-02,435.8391418457031,441.1099853515625
2024-04-03,436.8173828125,442.1000061035156
2024-04-04,430.13818359375,435.3399963378906
2024-04-05,435.20684814453125,440.4700012207031
2024-04-08,435.3353271484375,440.6000061035156
2024-04-09,436.9458312988281,442.2300109863281
2024-04-10,433.1319580078125,438.3699951171875
2024-04-11,440.0483093261719,445.3699951171875
2024-04-12,433.0331726074219,438.2699890136719
2024-04-15,425.9093017578125,431.05999755859375
2024-04-16,425.9488525390625,431.1000061035156
2024-04-17,420.7516784667969,425.8399963378906
2024-04-18,418.3507080078125,423.4100036621094
2024-04-19,409.6954040527344,414.6499938964844
2024-04-22,413.8155822753906,418.82000732421875
2024-04-23,419.99090576171875,425.07000732421875
2024-04-24,421.4136657714844,426.510009765625
2024-04-25,419.3782958984375,424.45001220703125
2024-04-26,425.8500061035156,431.0
2024-04-29,427.5791015625,432.75
2024-04-30,419.5166015625,424.5899963378906
2024-05-01,416.4832458496094,421.5199890136719
2024-05-02,421.7989807128906,426.8999938964844
2024-05-03,430.2764587402344,435.4800109863281
2024-05-06,434.98944091796875,440.25
2024-05-07,435.05865478515625,440.32000732421875
2024-05-08,434.8017578125,440.05999755859375
2024-05-09,435.7502746582031,441.0199890136719
2024-05-10,436.77789306640625,442.05999755859375
2024-05-13,437.78564453125,443.0799865722656
2024-05-14,440.60162353515625,445.92999267578125
2024-05-15,447.4883117675781,452.8999938964844
2024-05-16,446.5793762207031,451.9800109863281
2024-05-17,446.36199951171875,451.760009765625
2024-05-20,449.47430419921875,454.9100036621094
2024-05-21,450.3536682128906,455.79998779296875
2024-05-22,450.2647399902344,455.7099914550781
2024-05-23,448.2392272949219,453.6600036621094
2024-05-24,452.4779968261719,457.95001220703125
2024-05-28,454.1872863769531,459.67999267578125
2024-05-29,450.98602294921875,456.44000244140625
2024-05-30,446.15447998046875,451.54998779296875
2024-05-31,445.324462890625,450.7099914550781
2024-06-03,447.7155456542969,453.1300048828125
2024-06-04,448.9407653808594,454.3699951171875
2024-06-05,457.9913024902344,463.5299987792969
2024-06-06,457.8332214355469,463.3699951171875
2024-06-07,457.4281005859375,462.9599914550781
2024-06-10,459.2757263183594,464.8299865722656
2024-06-11,462.4276123046875,468.0199890136719
2024-06-12,468.4844055175781,474.1499938964844
2024-06-13,471.023681640625,476.7200012207031
2024-06-14,473.4642028808594,479.19000244140625
2024-06-17,479.2640075683594,485.05999755859375
2024-06-18,479.4122619628906,485.2099914550781
2024-06-20,475.7169189453125,481.4700012207031
2024-06-21,474.4423522949219,480.17999267578125
2024-06-24,469.0409851074219,473.9599914550781
2024-06-25,474.40478515625,479.3800048828125
2024-06-26,475.384521484375,480.3699951171875
2024-06-27,476.6116027832031,481.6099853515625
2024-06-28,474.1375732421875,479.1099853515625
2024-07-01,476.9184265136719,481.9200134277344
2024-07-02,481.9258728027344,486.9800109863281
2024-07-03,485.9437255859375,491.0400085449219
2024-07-05,491.0105895996094,496.1600036621094
2024-07-08,492.1783142089844,497.3399963378906
2024-07-09,492.6039123535156,497.7699890136719
2024-07-10,497.74005126953125,502.9599914550781
2024-07-11,486.82452392578125,491.92999267578125
2024-07-12,489.6845397949219,494.82000732421875
2024-07-15,491.00067138671875,496.1499938964844
2024-07-16,491.188720703125,496.3399963378906
2024-07-17,476.7699279785156,481.7699890136719
2024-07-18,474.5136413574219,479.489990234375
2024-07-19,470.3077087402344,475.239990234375
2024-07-22,477.31427001953125,482.32000732421875
2024-07-23,475.63189697265625,480.6199951171875
2024-07-24,458.5708312988281,463.3800048828125
2024-07-25,453.51385498046875,458.2699890136719
2024-07-26,458.1650695800781,462.9700012207031
2024-07-29,459.08538818359375,463.8999938964844
2024-07-30,452.7815246582031,457.5299987792969
2024-07-31,466.1810302734375,471.07000732421875
2024-08-01,454.8894348144531,459.6600036621094
2024-08-02,444.0926818847656,448.75
2024-08-05,430.8515319824219,435.3699951171875
2024-08-06,434.96832275390625,439.5299987792969
2024-08-07,430.2577209472656,434.7699890136719
2024-08-08,443.419677734375,448.07000732421875
2024-08-09,445.73541259765625,450.4100036621094
2024-08-12,446.69537353515625,451.3800048828125
2024-08-13,457.7790832519531,462.5799865722656
2024-08-14,457.9275817871094,462.7300109863281
2024-08-15,469.49627685546875,474.4200134277344
2024-08-16,470.0998840332031,475.0299987792969
2024-08-19,476.2751159667969,481.2699890136719
2024-08-20,475.275634765625,480.260009765625
2024-08-21,477.4923400878906,482.5
2024-08-22,469.9217834472656,474.8500061035156
2024-08-23,475.018310546875,480.0
2024-08-26,470.40667724609375,475.3399963378906
2024-08-27,471.8119812011719,476.760009765625
2024-08-28,466.4580993652344,471.3500061035156
2024-08-29,465.7752990722656,470.6600036621094
2024-08-30,471.3270263671875,476.2699890136719
2024-09-03,457.0171203613281,461.80999755859375
2024-09-04,455.82958984375,460.6099853515625
2024-09-05,456.2550964355469,461.0400085449219
2024-09-06,444.03326416015625,448.69000244140625
2024-09-09,449.7434387207031,454.4599914550781
2024-09-10,453.89984130859375,458.6600036621094
2024-09-11,463.7563781738281,468.6199951171875
2024-09-12,468.3086853027344,473.2200012207031
2024-09-13,470.40667724609375,475.3399963378906
2024-09-16,468.3284912109375,473.239990234375
2024-09-17,468.5758972167969,473.489990234375
2024-09-18,466.5471496582031,471.44000244140625
2024-09-19,478.3434143066406,483.3599853515625
2024-09-20,477.4330139160156,482.44000244140625
2024-09-23,478.6985168457031,483.0400085449219
2024-09-24,481.0075378417969,485.3699951171875
2024-09-25,481.45355224609375,485.82000732421875
2024-09-26,485.07073974609375,489.4700012207031
2024-09-27,482.3752136230469,486.75
2024-09-30,483.68328857421875,488.07000732421875
2024-10-01,476.9444274902344,481.2699890136719
2024-10-02,477.61834716796875,481.95001220703125
2024-10-03,477.26153564453125,481.5899963378906
2024-10-04,482.9400634765625,487.32000732421875
2024-10-07,477.76702880859375,482.1000061035156
2024-10-08,484.9022521972656,489.29998779296875
2024-10-09,488.7176513671875,493.1499938964844
2024-10-10,488.1627197265625,492.5899963378906
2024-10-11,488.92572021484375,493.3599853515625
2024-10-14,493.0285339355469,497.5
2024-10-15,486.4383544921875,490.8500061035156
2024-10-16,486.497802734375,490.9100036621094
2024-10-17,486.834716796875,491.25
2024-10-18,490.0257873535156,494.4700012207031
2024-10-21,490.96728515625,495.4200134277344
2024-10-22,491.5024108886719,495.9599914550781
2024-10-23,483.9706726074219,488.3599853515625
2024-10-24,487.8951416015625,492.32000732421875
2024-10-25,490.8681335449219,495.32000732421875
2024-10-28,490.9474182128906,495.3999938964844
2024-10-29,495.6646728515625,500.1600036621094
2024-10-30,491.91864013671875,496.3800048828125
2024-10-31,479.5012512207031,483.8500061035156
2024-11-01,483.0490417480469,487.42999267578125
2024-11-04,481.641845703125,486.010009765625
2024-11-05,487.7860412597656,492.2099914550781
2024-11-06,501.0359191894531,505.5799865722656
2024-11-07,508.92431640625,513.5399780273438
2024-11-08,509.51898193359375,514.1400146484375
2024-11-11,509.2217712402344,513.8400268554688
2024-11-12,508.300048828125,512.9099731445312
2024-11-13,507.64599609375,512.25
2024-11-14,504.11798095703125,508.69000244140625
2024-11-15,492.10693359375,496.57000732421875
2024-11-18,495.52593994140625,500.0199890136719
2024-11-19,498.9349365234375,503.4599914550781
2024-11-20,498.6476135253906,503.1700134277344
2024-11-21,500.4413757324219,504.9800109863281
2024-11-22,501.2440490722656,505.7900085449219
2024-11-25,502.036865234375,506.5899963378906
2024-11-26,504.732421875,509.30999755859375
2024-11-27,500.7584228515625,505.29998779296875
2024-11-29,505.1585388183594,509.739990234375
2024-12-02,510.6585998535156,515.2899780273438
2024-12-03,512.2244262695312,516.8699951171875
2024-12-04,518.5570678710938,523.260009765625
2024-12-05,517.1200561523438,521.8099975585938
2024-12-06,521.748046875,526.47998046875
2024-12-09,517.6849365234375,522.3800048828125
2024-12-10,515.9208984375,520.5999755859375
2024-12-11,525.1571655273438,529.9199829101562
2024-12-12,521.7679443359375,526.5
2024-12-13,525.76171875,530.530029296875
2024-12-16,533.3330688476562,538.1699829101562
2024-12-17,530.984375,535.7999877929688
2024-12-18,511.8280944824219,516.469970703125
2024-12-19,509.5487060546875,514.1699829101562
2024-12-20,513.9984130859375,518.6599731445312
2024-12-23,519.0060424804688,522.8699951171875
2024-12-24,526.043701171875,529.9600219726562
2024-12-26,525.6864013671875,529.5999755859375
2024-12-27,518.6983032226562,522.5599975585938
2024-12-30,511.7997131347656,515.6099853515625
2024-12-31,507.4521179199219,511.2300109863281
2025-01-02,506.45947265625,510.2300109863281
2025-01-03,514.747802734375,518.5800170898438
2025-01-06,520.663818359375,524.5399780273438
2025-01-07,511.3728332519531,515.1799926757812
2025-01-08,511.4621887207031,515.27001953125
2025-01-10,503.4419860839844,507.19000244140625
2025-01-13,501.8240051269531,505.55999755859375
2025-01-14,501.3475341796875,505.0799865722656
2025-01-15,512.8817138671875,516.7000122070312
2025-01-16,509.2884826660156,513.0800170898438
2025-01-17,517.8844604492188,521.739990234375
2025-01-21,520.9217529296875,524.7999877929688
2025-01-22,527.582275390625,531.510009765625
2025-01-23,528.703857421875,532.6400146484375
2025-01-24,525.716064453125,529.6300048828125
2025-01-27,510.4100646972656,514.2100219726562
2025-01-28,517.9539184570312,521.8099975585938
2025-01-29,516.9812622070312,520.8300170898438
2025-01-30,519.1847534179688,523.0499877929688
2025-01-31,518.4302978515625,522.2899780273438
2025-02-03,514.2813110351562,518.1099853515625
2025-02-04,520.5941772460938,524.469970703125
2025-02-05,522.9566040039062,526.8499755859375
2025-02-06,525.6864013671875,529.5999755859375
2025-02-07,519.0556640625,522.9199829101562
2025-02-10,525.3388671875,529.25
2025-02-11,524.0881958007812,527.989990234375
2025-02-12,524.3959350585938,528.2999877929688
2025-02-13,531.9397583007812,535.9000244140625
2025-02-14,534.1731567382812,538.1500244140625
2025-02-18,535.3841552734375,539.3699951171875
2025-02-19,535.5330200195312,539.52001953125
2025-02-20,533.260009765625,537.22998046875
2025-02-21,522.1923828125,526.0800170898438
2025-02-24,516.0282592773438,519.8699951171875
2025-02-25,509.5266418457031,513.3200073242188
2025-02-26,510.7574768066406,514.5599975585938
2025-02-27,496.5731201171875,500.2699890136719
2025-02-28,504.41473388671875,508.1700134277344
2025-03-03,493.3768615722656,497.04998779296875
2025-03-04,491.8879699707031,495.54998779296875
2025-03-05,498.30023193359375,502.010009765625
2025-03-06,484.59228515625,488.20001220703125
2025-03-07,488.15576171875,491.7900085449219
2025-03-10,469.2366027832031,472.7300109863281
2025-03-11,468.1149597167969,471.6000061035156
2025-03-12,473.3956604003906,476.9200134277344
2025-03-13,464.8790588378906,468.3399963378906
2025-03-14,476.1153869628906,479.6600036621094
2025-03-17,479.202392578125,482.7699890136719
2025-03-18,471.0332336425781,474.5400085449219
2025-03-19,477.3363342285156,480.8900146484375
2025-03-20,475.7183837890625,479.260009765625
2025-03-21,477.28668212890625,480.8399963378906
2025-03-24,487.76043701171875,490.6600036621094
2025-03-25,490.5438232421875,493.4599914550781
2025-03-26,481.51751708984375,484.3800048828125
2025-03-27,478.77386474609375,481.6199951171875
2025-03-28,466.16876220703125,468.94000244140625
2025-03-31,466.1488952636719,468.9200134277344
2025-04-01,469.90655517578125,472.70001220703125
2025-04-02,473.3361511230469,476.1499938964844
2025-04-03,447.99676513671875,450.6600036621094
2025-04-04,420.1722106933594,422.6700134277344
2025-04-07,421.1861572265625,423.69000244140625
2025-04-08,413.6012268066406,416.05999755859375
2025-04-09,463.2461242675781,466.0
2025-04-10,443.5432434082031,446.17999267578125
2025-04-11,451.7146911621094,454.3999938964844
2025-04-14,454.7764892578125,457.4800109863281
2025-04-15,455.2834777832031,457.989990234375
2025-04-16,441.5550537109375,444.17999267578125
2025-04-17,441.4755859375,444.1000061035156
2025-04-21,430.5505065917969,433.1099853515625
2025-04-22,441.85333251953125,444.4800109863281
2025-04-23,451.8737487792969,454.55999755859375
2025-04-24,464.58819580078125,467.3500061035156
2025-04-25,469.767333984375,472.55999755859375
2025-04-28,469.61822509765625,472.4100036621094
2025-04-29,472.7198486328125,475.5299987792969
2025-04-30,472.6601867675781,475.4700012207031
2025-05-01,478.83343505859375,481.67999267578125
2025-05-02,485.9411926269531,488.8299865722656
2025-05-05,483.058349609375,485.92999267578125
2025-05-06,478.5650634765625,481.4100036621094
2025-05-07,480.4438781738281,483.29998779296875
2025-05-08,485.4044189453125,488.2900085449219
2025-05-09,485.0863342285156,487.9700012207031
2025-05-12,504.84881591796875,507.8500061035156
2025-05-13,512.5431518554688,515.5900268554688
2025-05-14,515.6148071289062,518.6799926757812
2025-05-15,516.1815185546875,519.25
2025-05-16,518.4280395507812,521.510009765625
2025-05-19,518.9251708984375,522.010009765625
2025-05-20,517.1954956054688,520.27001953125
2025-05-21,510.0081481933594,513.0399780273438
2025-05-22,510.9624938964844,514.0
2025-05-23,506.2306213378906,509.239990234375
2025-05-27,518.1398315429688,521.219970703125
2025-05-28,515.8434448242188,518.9099731445312
2025-05-29,516.8574829101562,519.9299926757812
2025-05-30,516.042236328125,519.1099853515625
2025-06-02,520.1181030273438,523.2100219726562
2025-06-03,524.183837890625,527.2999877929688
2025-06-04,525.6452026367188,528.77001953125
2025-06-05,521.688720703125,524.7899780273438
2025-06-06,526.7883911132812,529.9199829101562
2025-06-09,527.5638427734375,530.7000122070312
2025-06-10,531.0530395507812,534.2100219726562
2025-06-11,529.263671875,532.4099731445312
2025-06-12,530.5062866210938,533.6599731445312
2025-06-13,523.8458862304688,526.9600219726562
2025-06-16,531.132568359375,534.2899780273438
2025-06-17,525.9533081054688,529.0800170898438
2025-06-18,525.8638305664062,528.989990234375
2025-06-20,523.7167358398438,526.8300170898438
2025-06-23,529.1017456054688,531.6500244140625
2025-06-24,537.1927490234375,539.780029296875
2025-06-25,538.5661010742188,541.1599731445312
2025-06-26,543.601806640625,546.219970703125
2025-06-27,545.4630126953125,548.0900268554688
2025-06-30,548.9959106445312,551.6400146484375
2025-07-01,544.3682861328125,546.989990234375
2025-07-02,548.159912109375,550.7999877929688
2025-07-03,553.553955078125,556.219970703125
2025-07-07,549.3840942382812,552.030029296875
2025-07-08,549.6925048828125,552.3400268554688
2025-07-09,553.5838012695312,556.25
2025-07-10,552.7876586914062,555.4500122070312
2025-07-11,551.5436401367188,554.2000122070312
2025-07-14,553.5440673828125,556.2100219726562
2025-07-15,554.051513671875,556.719970703125
2025-07-16,554.6187744140625,557.2899780273438
2025-07-17,559.1072998046875,561.7999877929688
2025-07-18,558.56982421875,561.260009765625
2025-07-21,561.4658813476562,564.1699829101562
2025-07-22,558.559814453125,561.25
2025-07-23,561.1075439453125,563.8099975585938
2025-07-24,562.3018798828125,565.010009765625
2025-07-25,563.6553344726562,566.3699951171875
2025-07-28,565.4168701171875,568.1400146484375
2025-07-29,564.541015625,567.260009765625
2025-07-30,565.2974853515625,568.02001953125
2025-07-31,562.3018798828125,565.010009765625
2025-08-01,551.2252197265625,553.8800048828125
2025-08-04,561.3961181640625,564.0999755859375
2025-08-05,557.5845947265625,560.27001953125
2025-08-06,564.6007690429688,567.3200073242188
2025-08-07,566.5115356445312,569.239990234375
2025-08-08,571.7960815429688,574.5499877929688
2025-08-11,570.104248046875,572.8499755859375
2025-08-12,577.2697143554688,580.0499877929688
2025-08-13,577.558349609375,580.3400268554688
2025-08-14,577.110595703125,579.8900146484375
2025-08-15,574.57275390625,577.3400268554688
2025-08-18,574.34375,577.1099853515625
2025-08-19,566.5514526367188,569.280029296875
2025-08-20,563.1876220703125,565.9000244140625
2025-08-21,560.5802001953125,563.280029296875
2025-08-22,569.2284545898438,571.969970703125
2025-08-25,567.5863647460938,570.3200073242188
2025-08-26,569.8654174804688,572.6099853515625
2025-08-27,570.7412109375,573.489990234375
2025-08-28,574.3140258789062,577.0800170898438
2025-08-29,567.6660766601562,570.4000244140625
2025-09-02,562.9088745117188,565.6199951171875
2025-09-03,567.3375854492188,570.0700073242188
2025-09-04,572.4728393554688,575.22998046875
2025-09-05,573.298828125,576.0599975585938
2025-09-08,576.0953979492188,578.8699951171875
2025-09-09,577.7275390625,580.510009765625
2025-09-10,577.9166870117188,580.7000122070312
2025-09-11,581.2804565429688,584.0800170898438
2025-09-12,583.8480224609375,586.6599731445312
2025-09-15,588.843994140625,591.6799926757812
2025-09-16,588.3463745117188,591.1799926757812
2025-09-17,587.1720581054688,590.0
2025-09-18,592.4666137695312,595.3200073242188
2025-09-19,596.4772338867188,599.3499755859375
2025-09-22,600.0083618164062,602.2000122070312
2025-09-23,596.0228881835938,598.2000122070312
2025-09-24,593.9305419921875,596.0999755859375
2025-09-25,591.3699340820312,593.530029296875
2025-09-26,593.8009643554688,595.969970703125
2025-09-29,596.5509643554688,598.72998046875
2025-09-30,598.1849975585938,600.3699951171875
2025-10-01,601.0545043945312,603.25
2025-10-02,603.5255126953125,605.72998046875
2025-10-03,600.9848022460938,603.1799926757812
2025-10-06,605.498291015625,607.7100219726562
2025-10-07,602.3099975585938,604.510009765625
2025-10-08,609.2147216796875,611.4400024414062
2025-10-09,608.4774169921875,610.7000122070312
2025-10-10,587.3545532226562,589.5
2025-10-13,599.8190307617188,602.010009765625
2025-10-14,595.8236694335938,598.0
2025-10-15,600.0282592773438,602.219970703125
2025-10-16,597.806396484375,599.989990234375
2025-10-17,601.7320556640625,603.9299926757812
2025-10-20,609.3143310546875,611.5399780273438
2025-10-21,609.1549072265625,611.3800048828125
2025-10-22,603.286376953125,605.489990234375
2025-10-23,608.35791015625,610.5800170898438
2025-10-24,614.8540649414062,617.0999755859375
2025-10-27,625.80419921875,628.0900268554688
2025-10-28,630.6165161132812,632.9199829101562
2025-10-29,633.4561767578125,635.77001953125
2025-10-30,623.7715454101562,626.0499877929688
2025-10-31,626.7805786132812,629.0700073242188
2025-11-03,629.7796630859375,632.0800170898438
2025-11-04,616.996337890625,619.25
2025-11-05,621.0116577148438,623.280029296875
2025-11-06,609.44384765625,611.6699829101562
2025-11-07,607.5209350585938,609.739990234375
2025-11-10,620.9617919921875,623.22998046875
2025-11-11,619.307861328125,621.5700073242188
2025-11-12,618.8196411132812,621.0800170898438
2025-11-13,606.1858520507812,608.4000244140625
2025-11-14,606.64404296875,608.8599853515625
2025-11-17,601.4630126953125,603.6599731445312
2025-11-18,594.1397705078125,596.3099975585938
2025-11-19,597.6868286132812,599.8699951171875
2025-11-20,583.5385131835938,585.6699829101562
2025-11-21,587.9224853515625,590.0700073242188
2025-11-24,602.9575805664062,605.1599731445312
2025-11-25,606.674072265625,608.8900146484375
2025-11-26,612.034423828125,614.27001953125
2025-11-28,616.996337890625,619.25
2025-12-01,614.923828125,617.1699829101562
2025-12-02,619.7362670898438,622.0
2025-12-03,621.2507934570312,623.52001953125
2025-12-04,620.6728515625,622.9400024414062
2025-12-05,623.2036743164062,625.47998046875
2025-12-08,622.0079956054688,624.280029296875
2025-12-09,622.7752075195312,625.0499877929688
2025-12-10,625.3258666992188,627.6099853515625
2025-12-11,623.3033447265625,625.5800170898438
2025-12-12,611.3867797851562,613.6199951171875
2025-12-15,608.3179931640625,610.5399780273438
2025-12-16,609.5235595703125,611.75
2025-12-17,598.2247924804688,600.4099731445312
2025-12-18,606.8931884765625,609.1099853515625
2025-12-19,614.8042602539062,617.0499877929688
2025-12-22,617.7513427734375,619.2100219726562
2025-12-23,620.6444702148438,622.1099853515625
2025-12-24,622.460205078125,623.9299926757812
2025-12-26,622.4203491210938,623.8900146484375
2025-12-29,619.4074096679688,620.8699951171875
2025-12-30,617.9707641601562,619.4299926757812
2025-12-31,612.8628540039062,614.3099975585938
2026-01-02,611.6756591796875,613.1199951171875
2026-01-05,616.5341796875,617.989990234375
2026-01-06,621.951416015625,623.4199829101562
2026-01-07,622.550048828125,624.02001953125
2026-01-08,619.0083618164062,620.469970703125
2026-01-09,625.173828125,626.6500244140625
2026-01-12,625.6925659179688,627.1699829101562
2026-01-13,624.7647705078125,626.239990234375
2026-01-14,618.0905151367188,619.5499877929688
2026-01-15,620.3153076171875,621.780029296875
2026-01-16,619.7965087890625,621.260009765625
2026-01-20,606.6276245117188,608.0599975585938
2026-01-21,614.8282470703125,616.280029296875
2026-01-22,619.2976684570312,620.760009765625
2026-01-23,621.2530517578125,622.719970703125
2026-01-26,623.9866333007812,625.4600219726562
2026-01-27,629.6432495117188,631.1300048828125
2026-01-28,631.728271484375,633.219970703125
2026-01-29,627.9472045898438,629.4299926757812
2026-01-30,620.405029296875,621.8699951171875
2026-02-02,624.6650390625,626.1400146484375
2026-02-03,615.0676879882812,616.52001953125
2026-02-04,604.322998046875,605.75
2026-02-05,595.6235961914062,597.030029296875
2026-02-06,608.2138671875,609.6500244140625
2026-02-09,612.8728637695312,614.3200073242188
2026-02-10,610.029541015625,611.469970703125
2026-02-11,611.6657104492188,613.1099853515625
2026-02-12,599.22509765625,600.6400146484375
2026-02-13,600.5020141601562,601.9199829101562
2026-02-17,599.8834838867188,601.2999877929688
2026-02-18,604.3629760742188,605.7899780273438
2026-02-19,602.04833984375,603.469970703125
2026-02-20,607.3757934570312,608.8099975585938
2026-02-23,599.9932250976562,601.4099731445312
2026-02-24,606.4380493164062,607.8699951171875
2026-02-25,615.227294921875,616.6799926757812
2026-02-26,607.8048095703125,609.239990234375
2026-02-27,605.8594360351562,607.2899780273438
2026-03-02,606.6575317382812,608.0900268554688
2026-03-03,600.162841796875,601.5800170898438
2026-03-04,609.3112182617188,610.75
2026-03-05,607.4755859375,608.9099731445312
2026-03-06,598.337158203125,599.75
2026-03-09,606.3283081054688,607.760009765625
2026-03-10,606.3383178710938,607.77001953125
2026-03-11,606.2584228515625,607.6900024414062
2026-03-12,595.85302734375,597.260009765625
2026-03-13,592.3213500976562,593.719970703125
2026-03-16,598.9656982421875,600.3800048828125
2026-03-17,601.8887939453125,603.3099975585938
2026-03-18,593.4986572265625,594.9000244140625
2026-03-19,591.623046875,593.02001953125
2026-03-20,580.6888427734375,582.0599975585938
2026-03-23,587.3545532226562,588.0
2026-03-24,583.3389282226562,583.97998046875
2026-03-25,587.1747436523438,587.8200073242188
2026-03-26,573.1600952148438,573.7899780273438
2026-03-27,561.9624633789062,562.5800170898438
2026-03-30,557.6671752929688,558.280029296875
2026-03-31,576.54638671875,577.1799926757812
2026-04-01,583.6685791015625,584.3099975585938
2026-04-02,584.3378295898438,584.97998046875
2026-04-06,587.85400390625,588.5
2026-04-07,587.9439086914062,588.5900268554688
2026-04-08,605.4246826171875,606.0900268554688
2026-04-09,609.5202026367188,610.1900024414062
2026-04-10,610.3992309570312,611.0700073242188
2026-04-13,616.7122802734375,617.3900146484375
2026-04-14,627.909912109375,628.5999755859375
2026-04-15,636.7003173828125,637.4000244140625
2026-04-16,639.7669067382812,640.469970703125
2026-04-17,648.1376953125,648.8499755859375
2026-04-20,646.0799560546875,646.7899780273438
2026-04-21,643.6226806640625,644.3300170898438
2026-04-22,654.390869140625,655.1099853515625
2026-04-23,650.7048950195312,651.4199829101562
2026-04-24,663.1512451171875,663.8800048828125
2026-04-27,663.5008544921875,664.22998046875
2026-04-28,656.8281860351562,657.5499877929688
2026-04-29,660.84375,661.5700073242188
2026-04-30,667.0069580078125,667.739990234375
2026-05-01,673.4099731445312,674.1500244140625
2026-05-04,672.141357421875,672.8800048828125
2026-05-05,680.8617553710938,681.6099853515625
2026-05-06,695.0062255859375,695.77001953125
2026-05-07,694.1771240234375,694.9400024414062
2026-05-08,710.44921875,711.22998046875
2026-05-11,712.5069580078125,713.2899780273438
2026-05-12,706.463623046875,707.239990234375
2026-05-13,713.9254760742188,714.7100219726562
2026-05-14,718.9998168945312,719.7899780273438
2026-05-15,708.1517944335938,708.9299926757812
2026-05-18,705.1051025390625,705.8800048828125
2026-05-19,700.7599487304688,701.530029296875
2026-05-20,712.3671875,713.1500244140625
2026-05-21,713.7256469726562,714.510009765625
2026-05-22,716.7523193359375,717.5399780273438
2026-05-26,729.4783935546875,730.280029296875
2026-05-27,728.6492919921875,729.4500122070312
2026-05-28,734.79248046875,735.5999755859375
2026-05-29,737.49951171875,738.3099975585938
2026-06-01,741.9246826171875,742.739990234375
2026-06-02,745.3408813476562,746.1599731445312
2026-06-03,743.39306640625,744.2100219726562
2026-06-04,739.7969970703125,740.6099853515625
2026-06-05,704.2860107421875,705.0599975585938
2026-06-08,715.283935546875,716.0700073242188
2026-06-09,707.052978515625,707.8300170898438
2026-06-10,692.9285278320312,693.6900024414062
2026-06-11,716.332763671875,717.1199951171875
2026-06-12,720.5481567382812,721.3400268554688
2026-06-15,743.1832885742188,744.0
2026-06-16,729.0587768554688,729.8599853515625
2026-06-17,721.7168579101562,722.510009765625
2026-06-18,739.8070068359375,740.6199951171875
2026-06-22,737.9500122070312,737.9500122070312
2026-06-23,713.6500244140625,713.6500244140625
2026-06-24,710.6199951171875,710.6199951171875
2026-06-25,716.3800048828125,716.3800048828125
2026-06-26,706.52001953125,706.52001953125
2026-06-29,724.0800170898438,724.0800170898438
2026-06-30,736.4000244140625,736.4000244140625
2026-07-01,725.1699829101562,725.1699829101562
2026-07-02,712.5999755859375,712.5999755859375
2026-07-06,722.8200073242188,722.8200073242188
2026-07-07,709.4299926757812,709.4299926757812
2026-07-08,711.4400024414062,711.4400024414062
2026-07-09,723.280029296875,723.280029296875
2026-07-10,725.510009765625,725.510009765625
2026-07-13,711.739990234375,711.739990234375
2026-07-14,719.6900024414062,719.6900024414062
2026-07-15,717.739990234375,717.739990234375
2026-07-16,705.9400024414062,705.9400024414062
2026-07-17,695.3300170898438,695.3300170898438
2026-07-20,696.0599975585938,696.0599975585938
2026-07-21,708.969970703125,708.969970703125
2026-07-22,705.3499755859375,705.3499755859375
2026-07-23,691.9600219726562,691.9600219726562
2026-07-24,684.22998046875,684.22998046875
2026-07-27,682.1199951171875,682.1199951171875
2026-07-28,675.489990234375,675.489990234375
2026-07-29,661.72998046875,661.72998046875
2026-07-30,683.5499877929688,683.5499877929688
2026-07-31,687.989990234375,687.989990234375
2026-08-03,700.0700073242188,700.0700073242188
2026-08-04,723.8499755859375,723.8499755859375
2026-08-05,717.2999877929688,717.2999877929688
2026-08-06,714.6500244140625,714.6500244140625
2026-08-07,723.030029296875,723.030029296875
2026-08-10,720.8699951171875,720.8699951171875
2026-08-11,718.4500122070312,718.4500122070312
2026-08-12,723.7000122070312,723.7000122070312
2026-08-13,732.0700073242188,732.0700073242188
2026-08-14,731.0700073242188,731.0700073242188
2026-08-17,729.8699951171875,729.8699951171875
2026-08-18,717.510009765625,717.510009765625
2026-08-19,716.0800170898438,716.0800170898438
2026-08-20,710.9299926757812,710.9299926757812
2026-08-21,713.4400024414062,713.4400024414062
