date,adj_close,split_adj_close
2002-01-02,6.8132405281066895,13.25
2002-01-03,6.772104263305664,13.170000076293945
2002-01-04,6.8029584884643555,13.229999542236328
2002-01-07,6.800388336181641,13.225000381469727
2002-01-08,6.7412543296813965,13.109999656677246
2002-01-09,6.748961925506592,13.125
2002-01-10,6.697542667388916,13.024999618530273
2002-01-11,6.568990230560303,12.774999618530273
2002-01-14,6.489289283752441,12.619999885559082
2002-01-15,6.594701290130615,12.824999809265137
2002-01-16,6.458441257476807,12.5600004196167
2002-01-17,6.455868721008301,12.555000305175781
2002-01-18,6.401874542236328,12.449999809265137
2002-01-22,6.355594635009766,12.359999656677246
2002-01-23,6.5355682373046875,12.710000038146973
2002-01-24,6.625555515289307,12.885000228881836
2002-01-25,6.697542667388916,13.024999618530273
2002-01-28,6.594701290130615,12.824999809265137
2002-01-29,6.41472864151001,12.475000381469727
2002-01-30,6.466150283813477,12.574999809265137
2002-01-31,6.620411396026611,12.875
2002-02-01,6.65640926361084,12.944999694824219
2002-02-04,6.479007244110107,12.600000381469727
2002-02-05,6.435299396514893,12.515000343322754
2002-02-06,6.479007244110107,12.600000381469727
2002-02-07,6.404447078704834,12.454999923706055
2002-02-08,6.476437091827393,12.595000267028809
2002-02-11,6.561279296875,12.760000228881836
2002-02-12,6.530425548553467,12.699999809265137
2002-02-13,6.568990230560303,12.774999618530273
2002-02-14,6.622984409332275,12.880000114440918
2002-02-15,6.6281256675720215,12.890000343322754
2002-02-19,6.568990230560303,12.774999618530273
2002-02-20,6.548423767089844,12.734999656677246
2002-02-21,6.625555515289307,12.885000228881836
2002-02-22,6.808097839355469,13.239999771118164
2002-02-25,6.905799865722656,13.430000305175781
2002-02-26,6.869801998138428,13.359999656677246
2002-02-27,6.86466121673584,13.350000381469727
2002-02-28,6.846663951873779,13.3149995803833
2002-03-01,6.944362163543701,13.505000114440918
2002-03-04,7.096052169799805,13.800000190734863
2002-03-05,7.098626613616943,13.805000305175781
2002-03-06,7.234888553619385,14.069999694824219
2002-03-07,7.288884162902832,14.175000190734863
2002-03-08,7.255457878112793,14.109999656677246
2002-03-11,7.332591533660889,14.260000228881836
2002-03-12,7.396862506866455,14.385000228881836
2002-03-13,7.348013877868652,14.289999961853027
2002-03-14,7.3454437255859375,14.28499984741211
2002-03-15,7.398585319519043,14.34000015258789
2002-03-18,7.4553375244140625,14.449999809265137
2002-03-19,7.545629501342773,14.625
2002-03-20,7.465660095214844,14.470000267028809
2002-03-21,7.506934642791748,14.550000190734863
2002-03-22,7.331515789031982,14.210000038146973
2002-03-25,7.264440536499023,14.079999923706055
2002-03-26,7.3237714767456055,14.194999694824219
2002-03-27,7.494035720825195,14.524999618530273
2002-03-28,7.452759265899658,14.444999694824219
2002-04-01,7.504354476928711,14.545000076293945
2002-04-02,7.597223281860352,14.725000381469727
2002-04-03,7.432119846343994,14.404999732971191
2002-04-04,7.297975540161133,14.145000457763672
2002-04-05,7.21543025970459,13.984999656677246
2002-04-08,7.326356410980225,14.199999809265137
2002-04-09,7.220587253570557,13.994999885559082
2002-04-10,7.303140640258789,14.154999732971191
2002-04-11,7.228323459625244,14.010000228881836
2002-04-12,6.990992069244385,13.550000190734863
2002-04-15,7.127718925476074,13.8149995803833
2002-04-16,7.261861801147461,14.074999809265137
2002-04-17,7.352153778076172,14.25
2002-04-18,7.3882670402526855,14.319999694824219
2002-04-19,7.421802520751953,14.385000228881836
2002-04-22,7.3495707511901855,14.244999885559082
2002-04-23,7.331515789031982,14.210000038146973
2002-04-24,7.199950695037842,13.954999923706055
2002-04-25,7.251543045043945,14.055000305175781
2002-04-26,7.171569347381592,13.899999618530273
2002-04-29,7.125138759613037,13.8100004196167
2002-04-30,7.184472560882568,13.925000190734863
2002-05-01,7.228323459625244,14.010000228881836
2002-05-02,7.282496929168701,14.114999771118164
2002-05-03,7.308295249938965,14.164999961853027
2002-05-06,7.058070182800293,13.680000305175781
2002-05-07,7.0245280265808105,13.614999771118164
2002-05-08,7.171569347381592,13.899999618530273
2002-05-09,7.107077121734619,13.774999618530273
2002-05-10,7.1019206047058105,13.765000343322754
2002-05-13,7.238644123077393,14.029999732971191
2002-05-14,7.259282112121582,14.069999694824219
2002-05-15,7.138034820556641,13.835000038146973
2002-05-16,7.220587253570557,13.994999885559082
2002-05-17,7.161252975463867,13.880000114440918
2002-05-20,7.112238883972168,13.78499984741211
2002-05-21,7.117400646209717,13.795000076293945
2002-05-22,7.2360639572143555,14.024999618530273
2002-05-23,7.297975540161133,14.145000457763672
2002-05-24,7.218005657196045,13.989999771118164
2002-05-28,7.161252975463867,13.880000114440918
2002-05-29,7.094180107116699,13.75
2002-05-30,6.957456588745117,13.484999656677246
2002-05-31,7.058070182800293,13.680000305175781
2002-06-03,6.836210250854492,13.25
2002-06-04,6.836210250854492,13.25
2002-06-05,6.810412406921387,13.199999809265137
2002-06-06,6.7381815910339355,13.0600004196167
2002-06-07,6.807834148406982,13.194999694824219
2002-06-10,6.681426525115967,12.949999809265137
2002-06-11,6.5808210372924805,12.755000114440918
2002-06-12,6.6736884117126465,12.9350004196167
2002-06-13,6.6659464836120605,12.920000076293945
2002-06-14,6.658212184906006,12.904999732971191
2002-06-17,6.831050395965576,13.239999771118164
2002-06-18,6.797516822814941,13.175000190734863
2002-06-19,6.730442047119141,13.045000076293945
2002-06-20,6.717544078826904,13.020000457763672
2002-06-21,6.674981117248535,12.859999656677246
2002-06-24,6.734674453735352,12.975000381469727
2002-06-25,6.706122875213623,12.920000076293945
2002-06-26,6.7087202072143555,12.925000190734863
2002-06-27,6.742458820343018,12.989999771118164
2002-06-28,6.799557209014893,13.100000381469727
2002-07-01,6.734674453735352,12.975000381469727
2002-07-02,6.602315425872803,12.720000267028809
2002-07-03,6.643843650817871,12.800000190734863
2002-07-05,6.799557209014893,13.100000381469727
2002-07-08,6.716507911682129,12.9399995803833
2002-07-09,6.633461952209473,12.779999732971191
2002-07-10,6.350579738616943,12.234999656677246
2002-07-11,6.2285990715026855,12.0
2002-07-12,6.11700439453125,11.78499984741211
2002-07-15,5.982051849365234,11.524999618530273
2002-07-16,5.891219615936279,11.350000381469727
2002-07-17,5.9560980796813965,11.475000381469727
2002-07-18,5.917170524597168,11.399999618530273
2002-07-19,5.553835391998291,10.699999809265137
2002-07-22,5.2138566970825195,10.045000076293945
2002-07-23,5.1385955810546875,9.899999618530273
2002-07-24,5.478569507598877,10.555000305175781
2002-07-25,5.455214977264404,10.510000228881836
2002-07-26,5.5278825759887695,10.649999618530273
2002-07-29,5.8470988273620605,11.265000343322754
2002-07-30,5.756265640258789,11.09000015258789
2002-07-31,5.857476711273193,11.28499984741211
2002-08-01,5.512310981750488,10.619999885559082
2002-08-02,5.450026035308838,10.5
2002-08-05,5.247594356536865,10.109999656677246
2002-08-06,5.437049865722656,10.475000381469727
2002-08-07,5.514907360076904,10.625
2002-08-08,5.748475074768066,11.074999809265137
2002-08-09,5.852292060852051,11.274999618530273
2002-08-12,5.839311599731445,11.25
2002-08-13,5.75107479095459,11.079999923706055
2002-08-14,5.976860046386719,11.515000343322754
2002-08-15,6.145554065704346,11.84000015258789
2002-08-16,6.046931266784668,11.649999618530273
2002-08-19,6.0962395668029785,11.744999885559082
2002-08-20,5.9431233406066895,11.449999809265137
2002-08-21,5.9560980796813965,11.475000381469727
2002-08-22,6.124790668487549,11.800000190734863
2002-08-23,6.02617073059082,11.609999656677246
2002-08-26,6.106624126434326,11.765000343322754
2002-08-27,6.104025840759277,11.760000228881836
2002-08-28,5.958691596984863,11.479999542236328
2002-08-29,5.906787395477295,11.380000114440918
2002-08-30,5.945718288421631,11.454999923706055
2002-09-03,5.709552764892578,11.0
2002-09-04,5.6965718269348145,10.975000381469727
2002-09-05,5.7069549560546875,10.994999885559082
2002-09-06,5.800384521484375,11.175000190734863
2002-09-09,5.792596340179443,11.15999984741211
2002-09-10,5.917170524597168,11.399999618530273
2002-09-11,5.886029243469238,11.34000015258789
2002-09-12,5.740692138671875,11.0600004196167
2002-09-13,5.802981376647949,11.180000305175781
2002-09-16,5.844505310058594,11.260000228881836
2002-09-17,5.6550493240356445,10.895000457763672
2002-09-18,5.6706223487854,10.925000190734863
2002-09-19,5.509716033935547,10.614999771118164
2002-09-20,5.550159931182861,10.635000228881836
2002-09-23,5.518848419189453,10.574999809265137
2002-09-24,5.359678268432617,10.270000457763672
2002-09-25,5.505802154541016,10.550000190734863
2002-09-26,5.738036632537842,10.994999885559082
2002-09-27,5.631053924560547,10.789999961853027
2002-09-30,5.521456241607666,10.579999923706055
2002-10-01,5.6962890625,10.914999961853027
2002-10-02,5.63366174697876,10.795000076293945
2002-10-03,5.670193672180176,10.864999771118164
2002-10-04,5.573645114898682,10.680000305175781
2002-10-07,5.503192901611328,10.545000076293945
2002-10-08,5.443177223205566,10.430000305175781
2002-10-09,5.336191654205322,10.225000381469727
2002-10-10,5.46144437789917,10.46500015258789
2002-10-11,5.552770137786865,10.640000343322754
2002-10-14,5.706726551055908,10.9350004196167
2002-10-15,5.878945827484131,11.265000343322754
2002-10-16,5.787616729736328,11.09000015258789
2002-10-17,5.910254955291748,11.324999809265137
2002-10-18,5.905034065246582,11.3149995803833
2002-10-21,5.93373966217041,11.369999885559082
2002-10-22,5.7667412757873535,11.050000190734863
2002-10-23,5.860677242279053,11.229999542236328
2002-10-24,5.764132022857666,11.045000076293945
2002-10-25,5.675411224365234,10.875
2002-10-28,5.664974212646484,10.854999542236328
2002-10-29,5.500584125518799,10.539999961853027
2002-10-30,5.683241844177246,10.890000343322754
2002-10-31,5.623223781585693,10.774999618530273
2002-11-01,5.771957874298096,11.0600004196167
2002-11-04,5.675411224365234,10.875
2002-11-05,5.7928338050842285,11.100000381469727
2002-11-06,5.8450188636779785,11.199999809265137
2002-11-07,5.735427379608154,10.989999771118164
2002-11-08,5.701507091522217,10.925000190734863
2002-11-11,5.631053924560547,10.789999961853027
2002-11-12,5.61278772354126,10.755000114440918
2002-11-13,5.487534999847412,10.515000343322754
2002-11-14,5.664974212646484,10.854999542236328
2002-11-15,5.70933198928833,10.9399995803833
2002-11-18,5.714550971984863,10.949999809265137
2002-11-19,5.714550971984863,10.949999809265137
2002-11-20,5.826755046844482,11.164999961853027
2002-11-21,5.871114730834961,11.25
2002-11-22,5.745864391326904,11.010000228881836
2002-11-25,5.7928338050842285,11.100000381469727
2002-11-26,5.683241844177246,10.890000343322754
2002-11-27,5.785006999969482,11.085000038146973
2002-11-29,5.855459690093994,11.220000267028809
2002-12-02,5.873725414276123,11.255000114440918
2002-12-03,5.931128025054932,11.364999771118164
2002-12-04,5.878945827484131,11.265000343322754
2002-12-05,5.918086051940918,11.34000015258789
2002-12-06,5.975492000579834,11.449999809265137
2002-12-09,5.871114730834961,11.25
2002-12-10,5.962442874908447,11.425000190734863
2002-12-11,5.931128025054932,11.364999771118164
2002-12-12,5.983319282531738,11.46500015258789
2002-12-13,5.96766471862793,11.4350004196167
2002-12-16,6.069427490234375,11.630000114440918
2002-12-17,6.006804466247559,11.510000228881836
2002-12-18,5.957226276397705,11.414999961853027
2002-12-19,5.8972086906433105,11.300000190734863
2002-12-20,6.01680850982666,11.470000267028809
2002-12-23,6.043038845062256,11.520000457763672
2002-12-24,6.014186859130859,11.46500015258789
2002-12-26,5.945995807647705,11.335000038146973
2002-12-27,5.817473411560059,11.09000015258789
2002-12-30,5.846325397491455,11.145000457763672
2002-12-31,5.8568196296691895,11.164999961853027
2003-01-02,5.980093955993652,11.399999618530273
2003-01-03,5.969599723815918,11.380000114440918
2003-01-06,6.019435882568359,11.475000381469727
2003-01-07,5.822719097137451,11.100000381469727
2003-01-08,5.767642974853516,10.994999885559082
2003-01-09,5.841081619262695,11.135000228881836
2003-01-10,5.7938690185546875,11.045000076293945
2003-01-13,5.772887229919434,11.005000114440918
2003-01-14,5.796491622924805,11.050000190734863
2003-01-15,5.8148512840271,11.085000038146973
2003-01-16,5.872555732727051,11.194999694824219
2003-01-17,5.827966213226318,11.109999656677246
2003-01-21,5.691580772399902,10.850000381469727
2003-01-22,5.67584228515625,10.819999694824219
2003-01-23,5.691580772399902,10.850000381469727
2003-01-24,5.591910362243652,10.65999984741211
2003-01-27,5.416180610656738,10.324999809265137
2003-01-28,5.507976055145264,10.5
2003-01-29,5.686336040496826,10.84000015258789
2003-01-30,5.597157001495361,10.670000076293945
2003-01-31,5.709936141967773,10.885000228881836
2003-02-03,5.754525661468506,10.970000267028809
2003-02-04,5.7938690185546875,11.045000076293945
2003-02-05,5.751902103424072,10.96500015258789
2003-02-06,5.728296279907227,10.920000076293945
2003-02-07,5.67584228515625,10.819999694824219
2003-02-10,5.74928092956543,10.960000038146973
2003-02-11,5.71256160736084,10.890000343322754
2003-02-12,5.612891674041748,10.699999809265137
2003-02-13,5.58666467666626,10.649999618530273
2003-02-14,5.631251335144043,10.734999656677246
2003-02-18,5.723053932189941,10.90999984741211
2003-02-19,5.7178053855896,10.899999618530273
2003-02-20,5.704692363739014,10.875
2003-02-21,5.830589771270752,11.114999771118164
2003-02-24,5.880424499511719,11.210000038146973
2003-02-25,5.848948955535889,11.149999618530273
2003-02-26,5.864684581756592,11.180000305175781
2003-02-27,5.830589771270752,11.114999771118164
2003-02-28,5.877800464630127,11.204999923706055
2003-03-03,5.898784637451172,11.244999885559082
2003-03-04,5.869931221008301,11.1899995803833
2003-03-05,5.922389984130859,11.289999961853027
2003-03-06,5.927631378173828,11.300000190734863
2003-03-07,5.927631378173828,11.300000190734863
2003-03-10,5.867309093475342,11.1850004196167
2003-03-11,5.809606552124023,11.074999809265137
2003-03-12,5.7178053855896,10.899999618530273
2003-03-13,5.7414116859436035,10.944999694824219
2003-03-14,5.7178053855896,10.899999618530273
2003-03-17,5.7912468910217285,11.039999961853027
2003-03-18,5.901407241821289,11.25
2003-03-19,5.90927267074585,11.265000343322754
2003-03-20,5.966979026794434,11.375
2003-03-21,5.900799751281738,11.1899995803833
2003-03-24,5.813786506652832,11.024999618530273
2003-03-25,5.866520881652832,11.125
2003-03-26,5.879704475402832,11.149999618530273
2003-03-27,5.9271626472473145,11.239999771118164
2003-03-28,5.979893684387207,11.34000015258789
2003-03-31,5.8849778175354,11.15999984741211
2003-04-01,5.9957170486450195,11.369999885559082
2003-04-02,5.982534408569336,11.345000267028809
2003-04-03,5.871796607971191,11.135000228881836
2003-04-04,5.903430938720703,11.194999694824219
2003-04-07,5.858611583709717,11.109999656677246
2003-04-08,5.7874226570129395,10.975000381469727
2003-04-09,5.784787178039551,10.970000267028809
2003-04-10,5.863885402679443,11.119999885559082
2003-04-11,5.829605579376221,11.055000305175781
2003-04-14,5.858611583709717,11.109999656677246
2003-04-15,5.842792987823486,11.079999923706055
2003-04-16,5.76369047164917,10.930000305175781
2003-04-17,5.879704475402832,11.149999618530273
2003-04-21,5.877069473266602,11.145000457763672
2003-04-22,5.958799839019775,11.300000190734863
2003-04-23,5.958799839019775,11.300000190734863
2003-04-24,5.937709331512451,11.260000228881836
2003-04-25,5.863885402679443,11.119999885559082
2003-04-28,5.890249729156494,11.170000076293945
2003-04-29,5.8085150718688965,11.015000343322754
2003-04-30,5.834884166717529,11.0649995803833
2003-05-01,5.863885402679443,11.119999885559082
2003-05-02,5.956169128417969,11.295000076293945
2003-05-05,5.9930806159973145,11.364999771118164
2003-05-06,5.985171794891357,11.350000381469727
2003-05-07,6.024716377258301,11.425000190734863
2003-05-08,6.032628059387207,11.4399995803833
2003-05-09,6.072179317474365,11.515000343322754
2003-05-12,6.101182460784912,11.569999694824219
2003-05-13,6.169734954833984,11.699999809265137
2003-05-14,6.196101188659668,11.75
2003-05-15,6.198735237121582,11.755000114440918
2003-05-16,6.219829082489014,11.795000076293945
2003-05-19,6.1565470695495605,11.675000190734863
2003-05-20,6.132822513580322,11.630000114440918
2003-05-21,6.314749240875244,11.975000381469727
2003-05-22,6.301564693450928,11.949999809265137
2003-05-23,6.3595757484436035,12.0600004196167
2003-05-27,6.486134052276611,12.300000190734863
2003-05-28,6.409669399261475,12.154999732971191
2003-05-29,6.349023818969727,12.039999961853027
2003-05-30,6.454492092132568,12.239999771118164
2003-06-02,6.488767623901367,12.305000305175781
2003-06-03,6.536226749420166,12.395000457763672
2003-06-04,6.578413009643555,12.475000381469727
2003-06-05,6.544134140014648,12.40999984741211
2003-06-06,6.530954360961914,12.385000228881836
2003-06-09,6.520408630371094,12.364999771118164
2003-06-10,6.559963703155518,12.4399995803833
2003-06-11,6.749792575836182,12.800000190734863
2003-06-12,6.689150810241699,12.6850004196167
2003-06-13,6.578413009643555,12.475000381469727
2003-06-16,6.5705037117004395,12.460000038146973
2003-06-17,6.507223129272461,12.34000015258789
2003-06-18,6.46767520904541,12.265000343322754
2003-06-19,6.501952171325684,12.329999923706055
2003-06-20,6.477578163146973,12.225000381469727
2003-06-23,6.459034442901611,12.1899995803833
2003-06-24,6.453736782073975,12.180000305175781
2003-06-25,6.464332103729248,12.199999809265137
2003-06-26,6.435189723968506,12.145000457763672
2003-06-27,6.411347389221191,12.100000381469727
2003-06-30,6.3716044425964355,12.024999618530273
2003-07-01,6.366306304931641,12.015000343322754
2003-07-02,6.358358860015869,12.0
2003-07-03,6.3477606773376465,11.979999542236328
2003-07-07,6.3053693771362305,11.899999618530273
2003-07-08,6.294772148132324,11.880000114440918
2003-07-09,6.358358860015869,12.0
2003-07-10,6.262984275817871,11.819999694824219
2003-07-11,6.281528949737549,11.854999542236328
2003-07-14,6.225892066955566,11.75
2003-07-15,6.172903537750244,11.649999618530273
2003-07-16,6.114623069763184,11.539999961853027
2003-07-17,6.154359340667725,11.614999771118164
2003-07-18,6.294772148132324,11.880000114440918
2003-07-21,6.2603349685668945,11.8149995803833
2003-07-22,6.244434833526611,11.78499984741211
2003-07-23,6.209996700286865,11.720000267028809
2003-07-24,6.151710510253906,11.609999656677246
2003-07-25,6.2073493003845215,11.71500015258789
2003-07-28,6.180853843688965,11.664999961853027
2003-07-29,6.0934295654296875,11.5
2003-07-30,6.101375102996826,11.515000343322754
2003-07-31,6.146410942077637,11.600000381469727
2003-08-01,6.130518436431885,11.569999694824219
2003-08-04,6.066932201385498,11.449999809265137
2003-08-05,6.040443420410156,11.399999618530273
2003-08-06,6.146410942077637,11.600000381469727
2003-08-07,6.300073146820068,11.890000343322754
2003-08-08,6.318619251251221,11.925000190734863
2003-08-11,6.3477606773376465,11.979999542236328
2003-08-12,6.392804145812988,12.0649995803833
2003-08-13,6.387502670288086,12.055000305175781
2003-08-14,6.411347389221191,12.100000381469727
2003-08-15,6.432539463043213,12.140000343322754
2003-08-18,6.432539463043213,12.140000343322754
2003-08-19,6.403399467468262,12.085000038146973
2003-08-20,6.432539463043213,12.140000343322754
2003-08-21,6.493472099304199,12.255000114440918
2003-08-22,6.392804145812988,12.0649995803833
2003-08-25,6.392804145812988,12.0649995803833
2003-08-26,6.398096561431885,12.074999809265137
2003-08-27,6.424594879150391,12.125
2003-08-28,6.530563831329346,12.324999809265137
2003-08-29,6.538510322570801,12.34000015258789
2003-09-02,6.580902576446533,12.420000076293945
2003-09-03,6.58355188369751,12.425000190734863
2003-09-04,6.572950839996338,12.404999732971191
2003-09-05,6.543810844421387,12.350000381469727
2003-09-08,6.63388729095459,12.520000457763672
2003-09-09,6.562356472015381,12.385000228881836
2003-09-10,6.493472099304199,12.255000114440918
2003-09-11,6.480227947235107,12.229999542236328
2003-09-12,6.488175868988037,12.244999885559082
2003-09-15,6.445786952972412,12.164999961853027
2003-09-16,6.456382751464844,12.1850004196167
2003-09-17,6.3716044425964355,12.024999618530273
2003-09-18,6.398096561431885,12.074999809265137
2003-09-19,6.456945419311523,12.125
2003-09-22,6.419668674468994,12.055000305175781
2003-09-23,6.456945419311523,12.125
2003-09-24,6.488892555236816,12.1850004196167
2003-09-25,6.430315971374512,12.074999809265137
2003-09-26,6.371739864349365,11.96500015258789
2003-09-29,6.40369176864624,12.024999618530273
2003-09-30,6.40369176864624,12.024999618530273
2003-10-01,6.496881484985352,12.199999809265137
2003-10-02,6.539482593536377,12.279999732971191
2003-10-03,6.5767598152160645,12.350000381469727
2003-10-06,6.616702556610107,12.425000190734863
2003-10-07,6.64865255355835,12.484999656677246
2003-10-08,6.603388786315918,12.399999618530273
2003-10-09,6.582085609436035,12.359999656677246
2003-10-10,6.630014896392822,12.449999809265137
2003-10-13,6.656641483306885,12.5
2003-10-14,6.630014896392822,12.449999809265137
2003-10-15,6.534161567687988,12.270000457763672
2003-10-16,6.603388786315918,12.399999618530273
2003-10-17,6.558122158050537,12.3149995803833
2003-10-20,6.555462837219238,12.3100004196167
2003-10-21,6.5767598152160645,12.350000381469727
2003-10-22,6.488892555236816,12.1850004196167
2003-10-23,6.478240489959717,12.164999961853027
2003-10-24,6.47558069229126,12.15999984741211
2003-10-27,6.448953151702881,12.109999656677246
2003-10-28,6.46759557723999,12.145000457763672
2003-10-29,6.454279899597168,12.119999885559082
2003-10-30,6.3664093017578125,11.954999923706055
2003-10-31,6.464931011199951,12.140000343322754
2003-11-03,6.424992561340332,12.0649995803833
2003-11-04,6.40369176864624,12.024999618530273
2003-11-05,6.422329425811768,12.0600004196167
2003-11-06,6.430315971374512,12.074999809265137
2003-11-07,6.446290016174316,12.104999542236328
2003-11-10,6.435642242431641,12.085000038146973
2003-11-11,6.432980060577393,12.079999923706055
2003-11-12,6.470255374908447,12.149999618530273
2003-11-13,6.528833389282227,12.260000228881836
2003-11-14,6.542146682739258,12.28499984741211
2003-11-17,6.47558069229126,12.15999984741211
2003-11-18,6.430315971374512,12.074999809265137
2003-11-19,6.446290016174316,12.104999542236328
2003-11-20,6.430315971374512,12.074999809265137
2003-11-21,6.382387638092041,11.984999656677246
2003-11-24,6.416998386383057,12.050000190734863
2003-11-25,6.454279899597168,12.119999885559082
2003-11-26,6.515519142150879,12.234999656677246
2003-11-28,6.515519142150879,12.234999656677246
2003-12-01,6.582085609436035,12.359999656677246
2003-12-02,6.627350807189941,12.444999694824219
2003-12-03,6.590075969696045,12.375
2003-12-04,6.74983549118042,12.675000190734863
2003-12-05,6.797762870788574,12.765000343322754
2003-12-08,6.872318744659424,12.904999732971191
2003-12-09,6.877644062042236,12.914999961853027
2003-12-10,6.882967948913574,12.925000190734863
2003-12-11,6.917583465576172,12.989999771118164
2003-12-12,6.994800567626953,13.135000228881836
2003-12-15,6.906932830810547,12.970000267028809
2003-12-16,7.0107741355896,13.164999961853027
2003-12-17,7.077340126037598,13.289999961853027
2003-12-18,7.266389846801758,13.645000457763672
2003-12-19,7.253553867340088,13.5600004196167
2003-12-22,7.2615742683410645,13.574999809265137
2003-12-23,7.210760116577148,13.479999542236328
2003-12-24,7.288321495056152,13.625
2003-12-26,7.317742824554443,13.680000305175781
2003-12-29,7.403328895568848,13.84000015258789
2003-12-30,7.419379711151123,13.869999885559082
2003-12-31,7.368559837341309,13.774999618530273
2004-01-02,7.365884304046631,13.770000457763672
2004-01-05,7.507641792297363,14.03499984741211
2004-01-06,7.499616622924805,14.020000457763672
2004-01-07,7.422053337097168,13.875
2004-01-08,7.443451881408691,13.914999961853027
2004-01-09,7.480895042419434,13.984999656677246
2004-01-12,7.50229024887085,14.024999618530273
2004-01-13,7.50496768951416,14.029999732971191
2004-01-14,7.486241817474365,13.994999885559082
2004-01-15,7.360534191131592,13.760000228881836
2004-01-16,7.430080413818359,13.890000343322754
2004-01-20,7.617300510406494,14.239999771118164
2004-01-21,7.662774085998535,14.324999809265137
2004-01-22,7.625324249267578,14.255000114440918
2004-01-23,7.692189693450928,14.380000114440918
2004-01-26,7.73765754699707,14.46500015258789
2004-01-27,7.721609592437744,14.4350004196167
2004-01-28,7.611949920654297,14.229999542236328
2004-01-29,7.606603145599365,14.220000267028809
2004-01-30,7.534384727478027,14.085000038146973
2004-02-02,7.577179908752441,14.164999961853027
2004-02-03,7.547759532928467,14.109999656677246
2004-02-04,7.494269371032715,14.010000228881836
2004-02-05,7.427403926849365,13.885000228881836
2004-02-06,7.478219032287598,13.979999542236328
2004-02-09,7.569156646728516,14.149999618530273
2004-02-10,7.670792102813721,14.34000015258789
2004-02-11,7.775102138519287,14.53499984741211
2004-02-12,7.7991719245910645,14.579999923706055
2004-02-13,7.780450344085693,14.545000076293945
2004-02-17,7.847320079803467,14.670000076293945
2004-02-18,7.764404296875,14.515000343322754
2004-02-19,7.756380081176758,14.5
2004-02-20,7.7537078857421875,14.494999885559082
2004-02-23,7.815220355987549,14.609999656677246
2004-02-24,7.828597545623779,14.635000228881836
2004-02-25,7.8660359382629395,14.704999923706055
2004-02-26,7.892781734466553,14.755000114440918
2004-02-27,7.9302287101745605,14.824999809265137
2004-03-01,8.082684516906738,15.109999656677246
2004-03-02,8.013142585754395,14.979999542236328
2004-03-03,8.002445220947266,14.960000038146973
2004-03-04,7.978374481201172,14.914999961853027
2004-03-05,8.0479154586792,15.045000076293945
2004-03-08,8.082684516906738,15.109999656677246
2004-03-09,8.029189109802246,15.010000228881836
2004-03-10,7.890110969543457,14.75
2004-03-11,7.713584899902344,14.420000076293945
2004-03-12,7.825920104980469,14.630000114440918
2004-03-15,7.841969013214111,14.65999984741211
2004-03-16,7.839295864105225,14.654999732971191
2004-03-17,7.948951721191406,14.859999656677246
2004-03-18,8.029189109802246,15.010000228881836
2004-03-19,7.864541053771973,14.640000343322754
2004-03-22,7.789334297180176,14.5
2004-03-23,7.7356133460998535,14.399999618530273
2004-03-24,7.571765422821045,14.095000267028809
2004-03-25,7.542224407196045,14.039999961853027
2004-03-26,7.628174781799316,14.199999809265137
2004-03-29,7.668459415435791,14.274999618530273
2004-03-30,7.808134078979492,14.53499984741211
2004-03-31,7.880659580230713,14.670000076293945
2004-04-01,7.789334297180176,14.5
2004-04-02,7.824247360229492,14.5649995803833
2004-04-05,7.864541053771973,14.640000343322754
2004-04-06,7.864541053771973,14.640000343322754
2004-04-07,7.864541053771973,14.640000343322754
2004-04-08,7.9343767166137695,14.770000457763672
2004-04-12,8.084789276123047,15.050000190734863
2004-04-13,8.01495361328125,14.920000076293945
2004-04-14,8.0310697555542,14.949999809265137
2004-04-15,8.138507843017578,15.149999618530273
2004-04-16,8.202975273132324,15.270000457763672
2004-04-19,8.184171676635742,15.234999656677246
2004-04-20,8.017637252807617,14.925000190734863
2004-04-21,7.990783214569092,14.875
2004-04-22,8.149253845214844,15.170000076293945
2004-04-23,8.084789276123047,15.050000190734863
2004-04-26,8.130451202392578,15.135000228881836
2004-04-27,8.299666404724121,15.449999809265137
2004-04-28,8.181483268737793,15.229999542236328
2004-04-29,7.985410690307617,14.864999771118164
2004-04-30,8.01495361328125,14.920000076293945
2004-05-03,8.200288772583008,15.265000343322754
2004-05-04,8.205659866333008,15.274999618530273
2004-05-05,8.232516288757324,15.324999809265137
2004-05-06,8.192228317260742,15.25
2004-05-07,7.993465900421143,14.880000114440918
2004-05-10,7.76246976852417,14.449999809265137
2004-05-11,7.896771430969238,14.699999809265137
2004-05-12,7.945118427276611,14.789999961853027
2004-05-13,7.923633575439453,14.75
2004-05-14,8.017637252807617,14.925000190734863
2004-05-17,8.017637252807617,14.925000190734863
2004-05-18,7.899461269378662,14.704999923706055
2004-05-19,7.864541053771973,14.640000343322754
2004-05-20,7.856479644775391,14.625
2004-05-21,7.818881034851074,14.555000305175781
2004-05-24,7.996156215667725,14.885000228881836
2004-05-25,8.130451202392578,15.135000228881836
2004-05-26,8.063302040100098,15.010000228881836
2004-05-27,7.950492858886719,14.800000190734863
2004-05-28,7.990783214569092,14.875
2004-06-01,8.10090446472168,15.079999923706055
2004-06-02,8.084789276123047,15.050000190734863
2004-06-03,8.012266159057617,14.914999961853027
2004-06-04,7.971978187561035,14.84000015258789
2004-06-07,8.119707107543945,15.114999771118164
2004-06-08,8.084789276123047,15.050000190734863
2004-06-09,8.02032470703125,14.930000305175781
2004-06-10,8.122393608093262,15.119999885559082
2004-06-14,8.060615539550781,15.005000114440918
2004-06-15,8.176112174987793,15.220000267028809
2004-06-16,8.334586143493652,15.515000343322754
2004-06-17,8.396361351013184,15.630000114440918
2004-06-18,8.419013977050781,15.609999656677246
2004-06-21,8.400140762329102,15.574999809265137
2004-06-22,8.456769943237305,15.680000305175781
2004-06-23,8.59969711303711,15.944999694824219
2004-06-24,8.548454284667969,15.850000381469727
2004-06-25,8.49991512298584,15.760000228881836
2004-06-28,8.378561019897461,15.53499984741211
2004-06-29,8.42441177368164,15.619999885559082
2004-06-30,8.489129066467285,15.739999771118164
2004-07-01,8.49991512298584,15.760000228881836
2004-07-02,8.532275199890137,15.819999694824219
2004-07-06,8.553851127624512,15.859999656677246
2004-07-07,8.605086326599121,15.954999923706055
2004-07-08,8.56193733215332,15.875
2004-07-09,8.610482215881348,15.96500015258789
2004-07-12,8.56193733215332,15.875
2004-07-13,8.540366172790527,15.835000038146973
2004-07-14,8.642841339111328,16.024999618530273
2004-07-15,8.699467658996582,16.1299991607666
2004-07-16,8.804641723632812,16.325000762939453
2004-07-19,8.774978637695312,16.270000457763672
2004-07-20,8.748006820678711,16.219999313354492
2004-07-21,8.591602325439453,15.930000305175781
2004-07-22,8.618568420410156,15.979999542236328
2004-07-23,8.586210250854492,15.920000076293945
2004-07-26,8.510700225830078,15.779999732971191
2004-07-27,8.596994400024414,15.9399995803833
2004-07-28,8.656318664550781,16.049999237060547
2004-07-29,8.71834659576416,16.165000915527344
2004-07-30,8.75070571899414,16.225000381469727
2004-08-02,8.739919662475586,16.204999923706055
2004-08-03,8.845088005065918,16.399999618530273
2004-08-04,8.640143394470215,16.020000457763672
2004-08-05,8.510700225830078,15.779999732971191
2004-08-06,8.340811729431152,15.46500015258789
2004-08-09,8.47564697265625,15.71500015258789
2004-08-10,8.44328784942627,15.654999732971191
2004-08-11,8.400140762329102,15.574999809265137
2004-08-12,8.29227352142334,15.375
2004-08-13,8.394744873046875,15.5649995803833
2004-08-16,8.4459810256958,15.65999984741211
2004-08-17,8.25182056427002,15.300000190734863
2004-08-18,8.359689712524414,15.5
2004-08-19,8.386656761169434,15.550000190734863
2004-08-20,8.472949981689453,15.710000038146973
2004-08-23,8.367777824401855,15.515000343322754
2004-08-24,8.34620475769043,15.475000381469727
2004-08-25,8.400140762329102,15.574999809265137
2004-08-26,8.459465980529785,15.6850004196167
2004-08-27,8.513398170471191,15.78499984741211
2004-08-30,8.47564697265625,15.71500015258789
2004-08-31,8.61587142944336,15.975000381469727
2004-09-01,8.766886711120605,16.2549991607666
2004-09-02,8.836999893188477,16.385000228881836
2004-09-03,8.855873107910156,16.420000076293945
2004-09-07,8.845088005065918,16.399999618530273
2004-09-08,8.853184700012207,16.415000915527344
2004-09-09,8.979925155639648,16.649999618530273
2004-09-10,8.93138599395752,16.559999465942383
2004-09-13,8.993407249450684,16.674999237060547
2004-09-14,9.033854484558105,16.75
2004-09-15,9.004192352294922,16.69499969482422
2004-09-16,9.031161308288574,16.7450008392334
2004-09-17,9.18359088897705,16.959999084472656
2004-09-20,9.186299324035645,16.96500015258789
2004-09-21,9.413716316223145,17.385000228881836
2004-09-22,9.354153633117676,17.274999618530273
2004-09-23,9.267521858215332,17.114999771118164
2004-09-24,9.3731107711792,17.309999465942383
2004-09-27,9.367691040039062,17.299999237060547
2004-09-28,9.527432441711426,17.594999313354492
2004-09-29,9.40018367767334,17.360000610351562
2004-09-30,9.457036972045898,17.46500015258789
2004-10-01,9.59241008758545,17.71500015258789
2004-10-04,9.581579208374023,17.69499969482422
2004-10-05,9.684459686279297,17.885000228881836
2004-10-06,9.863150596618652,18.21500015258789
2004-10-07,9.787345886230469,18.075000762939453
2004-10-08,9.798174858093262,18.094999313354492
2004-10-11,9.71424674987793,17.940000534057617
2004-10-12,9.60323715209961,17.735000610351562
2004-10-13,9.402894020080566,17.364999771118164
2004-10-14,9.478700637817383,17.5049991607666
2004-10-15,9.51931095123291,17.579999923706055
2004-10-18,9.392060279846191,17.344999313354492
2004-10-19,9.364988327026367,17.295000076293945
2004-10-20,9.5707426071167,17.674999237060547
2004-10-21,9.624899864196777,17.774999618530273
2004-10-22,9.605947494506836,17.739999771118164
2004-10-25,9.614066123962402,17.7549991607666
2004-10-26,9.71965503692627,17.950000762939453
2004-10-27,9.551795959472656,17.639999389648438
2004-10-28,9.383942604064941,17.329999923706055
2004-10-29,9.513895988464355,17.56999969482422
2004-11-01,9.457036972045898,17.46500015258789
2004-11-02,9.316254615783691,17.204999923706055
2004-11-03,9.50306510925293,17.549999237060547
2004-11-04,9.616767883300781,17.760000228881836
2004-11-05,9.67363452911377,17.864999771118164
2004-11-08,9.513895988464355,17.56999969482422
2004-11-09,9.427255630493164,17.40999984741211
2004-11-10,9.538259506225586,17.614999771118164
2004-11-11,9.51931095123291,17.579999923706055
2004-11-12,9.71965503692627,17.950000762939453
2004-11-15,9.5084810256958,17.559999465942383
2004-11-16,9.5084810256958,17.559999465942383
2004-11-17,9.657387733459473,17.834999084472656
2004-11-18,9.733196258544922,17.975000381469727
2004-11-19,9.849617958068848,18.190000534057617
2004-11-22,10.006648063659668,18.479999542236328
2004-11-23,10.068917274475098,18.594999313354492
2004-11-24,10.152844429016113,18.75
2004-11-26,10.196163177490234,18.829999923706055
2004-11-29,10.142021179199219,18.729999542236328
2004-11-30,10.155553817749023,18.7549991607666
2004-12-01,9.911884307861328,18.30500030517578
2004-12-02,9.64926815032959,17.81999969482422
2004-12-03,9.744025230407715,17.9950008392334
2004-12-06,9.749442100524902,18.0049991607666
2004-12-07,9.54638385772705,17.6299991607666
2004-12-08,9.611361503601074,17.75
2004-12-09,9.692586898803711,17.899999618530273
2004-12-10,9.624899864196777,17.774999618530273
2004-12-13,9.795464515686035,18.09000015258789
2004-12-14,9.825249671936035,18.145000457763672
2004-12-15,9.898348808288574,18.280000686645508
2004-12-16,9.798174858093262,18.094999313354492
2004-12-17,9.79572868347168,18.024999618530273
2004-12-20,9.91529369354248,18.2450008392334
2004-12-21,9.999526023864746,18.399999618530273
2004-12-22,9.863661766052246,18.149999618530273
2004-12-23,9.920724868774414,18.2549991607666
2004-12-27,9.746818542480469,17.934999465942383
2004-12-28,9.814752578735352,18.059999465942383
2004-12-29,9.888113975524902,18.19499969482422
2004-12-30,9.844642639160156,18.114999771118164
2004-12-31,9.86909008026123,18.15999984741211
2005-01-03,9.504981994628906,17.489999771118164
2005-01-04,9.456073760986328,17.399999618530273
2005-01-05,9.415311813354492,17.325000762939453
2005-01-06,9.578350067138672,17.625
2005-01-07,9.502264976501465,17.485000610351562
2005-01-10,9.57291030883789,17.614999771118164
2005-01-11,9.58650016784668,17.639999389648438
2005-01-12,9.75496768951416,17.950000762939453
2005-01-13,9.820183753967285,18.06999969482422
2005-01-14,9.907137870788574,18.229999542236328
2005-01-18,10.004956245422363,18.40999984741211
2005-01-19,9.969630241394043,18.344999313354492
2005-01-20,9.86909008026123,18.15999984741211
2005-01-21,9.890830993652344,18.200000762939453
2005-01-24,9.977790832519531,18.360000610351562
2005-01-25,10.018548011779785,18.434999465942383
2005-01-26,10.116364479064941,18.614999771118164
2005-01-27,10.206032752990723,18.780000686645508
2005-01-28,10.083754539489746,18.55500030517578
2005-01-31,10.203317642211914,18.774999618530273
2005-02-01,10.377226829528809,19.094999313354492
2005-02-02,10.521239280700684,19.360000610351562
2005-02-03,10.57286548614502,19.454999923706055
2005-02-04,10.610902786254883,19.524999618530273
2005-02-07,10.540261268615723,19.395000457763672
2005-02-08,10.61634349822998,19.53499984741211
2005-02-09,10.597323417663574,19.5
2005-02-10,10.888069152832031,20.03499984741211
2005-02-11,10.983172416687012,20.209999084472656
2005-02-14,10.996757507324219,20.235000610351562
2005-02-15,11.021212577819824,20.280000686645508
2005-02-16,11.330982208251953,20.850000381469727
2005-02-17,11.178815841674805,20.56999969482422
2005-02-18,11.4260892868042,21.024999618530273
2005-02-22,11.34456729888916,20.875
2005-02-23,11.488585472106934,21.139999389648438
2005-02-24,11.714115142822266,21.55500030517578
2005-02-25,12.002143859863281,22.084999084472656
2005-02-28,11.915189743041992,21.924999237060547
2005-03-01,11.684224128723145,21.5
2005-03-02,11.855413436889648,21.815000534057617
2005-03-03,12.051050186157227,22.174999237060547
2005-03-04,12.205940246582031,22.459999084472656
2005-03-07,12.121703147888184,22.30500030517578
2005-03-08,12.108123779296875,22.280000686645508
2005-03-09,11.773897171020508,21.665000915527344
2005-03-10,11.53477954864502,21.225000381469727
2005-03-11,11.629877090454102,21.399999618530273
2005-03-14,11.714115142822266,21.55500030517578
2005-03-15,11.551074981689453,21.2549991607666
2005-03-16,11.589118003845215,21.325000762939453
2005-03-17,11.79019832611084,21.69499969482422
2005-03-18,11.935786247253418,21.889999389648438
2005-03-21,11.832179069519043,21.700000762939453
2005-03-22,11.69041633605957,21.440000534057617
2005-03-23,11.466861724853516,21.030000686645508
2005-03-24,11.458681106567383,21.014999389648438
2005-03-28,11.47231388092041,21.040000915527344
2005-03-29,11.286924362182617,20.700000762939453
2005-03-30,11.455952644348145,21.010000228881836
2005-03-31,11.687689781188965,21.434999465942383
2005-04-01,11.976678848266602,21.96500015258789
2005-04-04,11.873080253601074,21.774999618530273
2005-04-05,11.723127365112305,21.5
2005-04-06,11.908516883850098,21.84000015258789
2005-04-07,11.862171173095703,21.7549991607666
2005-04-08,11.646796226501465,21.360000610351562
2005-04-11,11.734037399291992,21.520000457763672
2005-04-12,11.548651695251465,21.18000030517578
2005-04-13,11.26511001586914,20.65999984741211
2005-04-14,11.259661674499512,20.649999618530273
2005-04-15,10.83162784576416,19.864999771118164
2005-04-18,11.027922630310059,20.225000381469727
2005-04-19,11.286924362182617,20.700000762939453
2005-04-20,11.05518627166748,20.274999618530273
2005-04-21,11.436867713928223,20.975000381469727
2005-04-22,11.461402893066406,21.020000457763672
2005-04-25,11.622259140014648,21.315000534057617
2005-04-26,11.431415557861328,20.96500015258789
2005-04-27,11.136974334716797,20.424999237060547
2005-04-28,10.913418769836426,20.014999389648438
2005-04-29,11.05518627166748,20.274999618530273
2005-05-02,11.254204750061035,20.639999389648438
2005-05-03,10.989755630493164,20.155000686645508
2005-05-04,11.117887496948242,20.389999389648438
2005-05-05,11.237848281860352,20.610000610351562
2005-05-06,11.205129623413086,20.549999237060547
2005-05-09,11.35507869720459,20.825000762939453
2005-05-10,11.16423511505127,20.475000381469727
2005-05-11,11.232394218444824,20.600000381469727
2005-05-12,10.741658210754395,19.700000762939453
2005-05-13,10.578083038330078,19.399999618530273
2005-05-16,10.531734466552734,19.315000534057617
2005-05-17,10.719847679138184,19.65999984741211
2005-05-18,10.698038101196289,19.6200008392334
2005-05-19,10.891609191894531,19.975000381469727
2005-05-20,10.809823036193848,19.825000762939453
2005-05-23,10.989755630493164,20.155000686645508
2005-05-24,11.036103248596191,20.239999771118164
2005-05-25,11.205129623413086,20.549999237060547
2005-05-26,11.262386322021484,20.655000686645508
2005-05-27,11.450502395629883,21.0
2005-05-31,11.363258361816406,20.84000015258789
2005-06-01,11.57863712310791,21.235000610351562
2005-06-02,11.556824684143066,21.19499969482422
2005-06-03,11.622259140014648,21.315000534057617
2005-06-06,11.657699584960938,21.3799991607666
2005-06-07,11.545923233032227,21.174999237060547
2005-06-08,11.57863712310791,21.235000610351562
2005-06-09,11.913975715637207,21.850000381469727
2005-06-10,11.900341987609863,21.825000762939453
2005-06-13,11.94668960571289,21.90999984741211
2005-06-14,12.02030086517334,22.045000076293945
2005-06-15,12.164788246154785,22.309999465942383
2005-06-16,12.3365478515625,22.625
2005-06-17,12.536467552185059,22.920000076293945
2005-06-20,12.550139427185059,22.94499969482422
2005-06-21,12.284862518310547,22.459999084472656
2005-06-22,12.35596752166748,22.59000015258789
2005-06-23,12.366909980773926,22.610000610351562
2005-06-24,12.29033374786377,22.469999313354492
2005-06-27,12.47903823852539,22.815000534057617
2005-06-28,12.246575355529785,22.389999389648438
2005-06-29,12.235638618469238,22.3700008392334
2005-06-30,12.156322479248047,22.225000381469727
2005-07-01,12.427074432373047,22.719999313354492
2005-07-05,12.79901123046875,23.399999618530273
2005-07-06,12.569286346435547,22.979999542236328
2005-07-07,12.730644226074219,23.274999618530273
2005-07-08,12.645861625671387,23.1200008392334
2005-07-11,12.738842010498047,23.290000915527344
2005-07-12,12.853703498840332,23.5
2005-07-13,12.779870986938477,23.364999771118164
2005-07-14,12.4735689163208,22.80500030517578
2005-07-15,12.407929420471191,22.684999465942383
2005-07-18,12.35596752166748,22.59000015258789
2005-07-19,12.621247291564941,23.075000762939453
2005-07-20,12.634926795959473,23.100000381469727
2005-07-21,12.511853218078613,22.875
2005-07-22,12.96036434173584,23.69499969482422
2005-07-25,13.080695152282715,23.915000915527344
2005-07-26,13.050616264343262,23.860000610351562
2005-07-27,13.116253852844238,23.979999542236328
2005-07-28,13.154547691345215,24.049999237060547
2005-07-29,13.017800331115723,23.799999237060547
2005-08-01,13.154547691345215,24.049999237060547
2005-08-02,13.373327255249023,24.450000762939453
2005-08-03,13.307687759399414,24.329999923706055
2005-08-04,13.335038185119629,24.3799991607666
2005-08-05,13.233848571777344,24.19499969482422
2005-08-08,13.42529296875,24.545000076293945
2005-08-09,13.395204544067383,24.489999771118164
2005-08-10,13.613994598388672,24.889999389648438
2005-08-11,13.745267868041992,25.1299991607666
2005-08-12,13.7206449508667,25.084999084472656
2005-08-15,13.58664608001709,24.84000015258789
2005-08-16,13.288543701171875,24.295000076293945
2005-08-17,12.982248306274414,23.735000610351562
2005-08-18,12.9548978805542,23.684999465942383
2005-08-19,13.17641830444336,24.09000015258789
2005-08-22,13.209234237670898,24.149999618530273
2005-08-23,13.18462085723877,24.104999542236328
2005-08-24,13.310423851013184,24.334999084472656
2005-08-25,13.274868965148926,24.270000457763672
2005-08-26,13.124460220336914,23.9950008392334
2005-08-29,13.23111629486084,24.190000534057617
2005-08-30,13.477252960205078,24.639999389648438
2005-08-31,13.849189758300781,25.31999969482422
2005-09-01,14.210190773010254,25.979999542236328
2005-09-02,13.933965682983398,25.475000381469727
2005-09-06,14.032417297363281,25.655000686645508
2005-09-07,14.054302215576172,25.69499969482422
2005-09-08,14.073446273803711,25.729999542236328
2005-09-09,14.439911842346191,26.399999618530273
2005-09-12,14.144545555114746,25.860000610351562
2005-09-13,14.024213790893555,25.639999389648438
2005-09-14,14.199246406555176,25.959999084472656
2005-09-15,14.199246406555176,25.959999084472656
2005-09-16,14.338568687438965,26.139999389648438
2005-09-19,14.71705436706543,26.829999923706055
2005-09-20,14.57718563079834,26.575000762939453
2005-09-21,14.782880783081055,26.950000762939453
2005-09-22,14.673175811767578,26.75
2005-09-23,14.415366172790527,26.280000686645508
2005-09-26,14.678653717041016,26.760000228881836
2005-09-27,14.6896390914917,26.780000686645508
2005-09-28,14.810303688049316,27.0
2005-09-29,14.952929496765137,27.260000228881836
2005-09-30,14.719794273376465,26.834999084472656
2005-10-03,14.681404113769531,26.764999389648438
2005-10-04,14.152071952819824,25.799999237060547
2005-10-05,13.609027862548828,24.809999465942383
2005-10-06,13.285390853881836,24.219999313354492
2005-10-07,13.584342002868652,24.764999389648438
2005-10-10,13.378643035888672,24.389999389648438
2005-10-11,13.699536323547363,24.975000381469727
2005-10-12,13.436237335205078,24.4950008392334
2005-10-13,13.071466445922852,23.829999923706055
2005-10-14,13.257966041564941,24.170000076293945
2005-10-17,13.422527313232422,24.469999313354492
2005-10-18,12.799946784973145,23.334999084472656
2005-10-19,13.087921142578125,23.860000610351562
2005-10-20,12.492767333984375,22.774999618530273
2005-10-21,12.621667861938477,23.010000228881836
2005-10-24,13.071466445922852,23.829999923706055
2005-10-25,13.342992782592773,24.325000762939453
2005-10-26,13.263453483581543,24.18000030517578
2005-10-27,12.88770866394043,23.4950008392334
2005-10-28,13.238767623901367,24.135000228881836
2005-10-31,13.389620780944824,24.40999984741211
2005-11-01,13.471900939941406,24.559999465942383
2005-11-02,13.735186576843262,25.040000915527344
2005-11-03,13.995742797851562,25.514999389648438
2005-11-04,13.576114654541016,24.75
2005-11-07,13.34024429321289,24.31999969482422
2005-11-08,13.452693939208984,24.524999618530273
2005-11-09,13.329278945922852,24.299999237060547
2005-11-10,12.915135383605957,23.545000076293945
2005-11-11,13.019360542297363,23.735000610351562
2005-11-14,13.087921142578125,23.860000610351562
2005-11-15,13.109864234924316,23.899999618530273
2005-11-16,13.449951171875,24.520000457763672
2005-11-17,13.444465637207031,24.510000228881836
2005-11-18,13.449951171875,24.520000457763672
2005-11-21,13.784554481506348,25.1299991607666
2005-11-22,14.003965377807617,25.530000686645508
2005-11-23,13.951860427856445,25.434999465942383
2005-11-25,13.987518310546875,25.5
2005-11-28,13.515767097473145,24.639999389648438
2005-11-29,13.5377197265625,24.68000030517578
2005-11-30,13.589829444885254,24.774999618530273
2005-12-01,14.020425796508789,25.559999465942383
2005-12-02,14.034131050109863,25.584999084472656
2005-12-05,14.13287353515625,25.764999389648438
2005-12-06,14.193209648132324,25.875
2005-12-07,14.141096115112305,25.780000686645508
2005-12-08,14.390680313110352,26.235000610351562
2005-12-09,14.212403297424316,25.90999984741211
2005-12-12,14.396162033081055,26.2450008392334
2005-12-13,14.33582878112793,26.135000228881836
2005-12-14,14.50861930847168,26.450000762939453
2005-12-15,14.393424987792969,26.239999771118164
2005-12-16,14.043373107910156,25.53499984741211
2005-12-19,13.927872657775879,25.325000762939453
2005-12-20,14.1176176071167,25.670000076293945
2005-12-21,14.14786434173584,25.725000381469727
2005-12-22,14.131362915039062,25.69499969482422
2005-12-23,14.092865943908691,25.625
2005-12-27,13.677643775939941,24.8700008392334
2005-12-28,13.883888244628906,25.2450008392334
2005-12-29,13.77663803100586,25.049999237060547
2005-12-30,13.83438777923584,25.155000686645508
2006-01-03,14.491586685180664,26.350000381469727
2006-01-04,14.532849311828613,26.424999237060547
2006-01-05,14.348601341247559,26.09000015258789
2006-01-06,14.700583457946777,26.729999542236328
2006-01-09,14.684081077575684,26.700000762939453
2006-01-10,14.843578338623047,26.989999771118164
2006-01-11,14.906808853149414,27.104999542236328
2006-01-12,14.799572944641113,26.90999984741211
2006-01-13,14.97555923461914,27.229999542236328
2006-01-17,15.305534362792969,27.829999923706055
2006-01-18,15.17905330657959,27.600000381469727
2006-01-19,15.443035125732422,28.079999923706055
2006-01-20,15.511777877807617,28.204999923706055
2006-01-23,15.682272911071777,28.514999389648438
2006-01-24,15.58876895904541,28.344999313354492
2006-01-25,15.26154613494873,27.75
2006-01-26,15.311044692993164,27.84000015258789
2006-01-27,15.577773094177246,28.325000762939453
2006-01-30,15.935254096984863,28.975000381469727
2006-01-31,15.855512619018555,28.829999923706055
2006-02-01,15.478781700134277,28.145000457763672
2006-02-02,15.324785232543945,27.864999771118164
2006-02-03,15.184548377990723,27.610000610351562
2006-02-06,15.481529235839844,28.149999618530273
2006-02-07,14.835326194763184,26.975000381469727
2006-02-08,14.8380765914917,26.979999542236328
2006-02-09,14.499841690063477,26.364999771118164
2006-02-10,14.447592735290527,26.270000457763672
2006-02-13,14.389849662780762,26.165000915527344
2006-02-14,14.227615356445312,25.8700008392334
2006-02-15,14.150619506835938,25.729999542236328
2006-02-16,14.475099563598633,26.31999969482422
2006-02-17,14.576835632324219,26.5049991607666
2006-02-21,14.862812042236328,27.024999618530273
2006-02-22,14.585088729858398,26.520000457763672
2006-02-23,14.568592071533203,26.489999771118164
2006-02-24,14.747323036193848,26.815000534057617
2006-02-27,14.491586685180664,26.350000381469727
2006-02-28,14.392608642578125,26.170000076293945
2006-03-01,14.637324333190918,26.614999771118164
2006-03-02,14.882067680358887,27.059999465942383
2006-03-03,14.884817123413086,27.065000534057617
2006-03-06,14.367851257324219,26.125
2006-03-07,14.156107902526855,25.739999771118164
2006-03-08,14.156107902526855,25.739999771118164
2006-03-09,14.054365158081055,25.55500030517578
2006-03-10,14.131362915039062,25.69499969482422
2006-03-13,14.409099578857422,26.200000762939453
2006-03-14,14.675832748413086,26.684999465942383
2006-03-15,14.752828598022461,26.825000762939453
2006-03-16,14.98656177520752,27.25
2006-03-17,14.796541213989258,26.825000762939453
2006-03-20,14.468326568603516,26.229999542236328
2006-03-21,14.44351863861084,26.184999465942383
2006-03-22,14.54004192352295,26.360000610351562
2006-03-23,14.755170822143555,26.75
2006-03-24,14.854453086853027,26.93000030517578
2006-03-27,14.931679725646973,27.06999969482422
2006-03-28,15.047515869140625,27.280000686645508
2006-03-29,15.224024772644043,27.600000381469727
2006-03-30,15.215751647949219,27.584999084472656
2006-03-31,15.003386497497559,27.200000762939453
2006-04-03,15.086129188537598,27.350000381469727
2006-04-04,15.284706115722656,27.709999084472656
2006-04-05,15.535674095153809,28.165000915527344
2006-04-06,15.568770408630371,28.225000381469727
2006-04-07,15.26539421081543,27.674999237060547
2006-04-10,15.554980278015137,28.200000762939453
2006-04-11,15.44466495513916,28.0
2006-04-12,15.342621803283691,27.815000534057617
2006-04-13,15.392255783081055,27.905000686645508
2006-04-17,15.676324844360352,28.420000076293945
2006-04-18,16.059688568115234,29.114999771118164
2006-04-19,16.307910919189453,29.565000534057617
2006-04-20,16.139667510986328,29.260000228881836
2006-04-21,16.47614288330078,29.8700008392334
2006-04-24,16.225170135498047,29.415000915527344
2006-04-25,16.01556396484375,29.03499984741211
2006-04-26,15.76183032989502,28.575000762939453
2006-04-27,15.582562446594238,28.25
2006-04-28,15.759063720703125,28.56999969482422
2006-05-01,16.01832389831543,29.040000915527344
2006-05-02,16.37409210205078,29.684999465942383
2006-05-03,16.1203670501709,29.225000381469727
2006-05-04,16.045900344848633,29.09000015258789
2006-05-05,16.233444213867188,29.43000030517578
2006-05-08,16.161745071411133,29.299999237060547
2006-05-09,16.25826072692871,29.475000381469727
2006-05-10,16.409954071044922,29.75
2006-05-11,16.197589874267578,29.364999771118164
2006-05-12,15.648755073547363,28.3700008392334
2006-05-15,15.320550918579102,27.774999618530273
2006-05-16,15.375707626342773,27.875
2006-05-17,14.984079360961914,27.165000915527344
2006-05-18,14.80205249786377,26.834999084472656
2006-05-19,14.898588180541992,27.010000228881836
2006-05-22,14.813084602355957,26.854999542236328
2006-05-23,14.815845489501953,26.860000610351562
2006-05-24,14.633816719055176,26.530000686645508
2006-05-25,15.146807670593262,27.459999084472656
2006-05-26,15.196440696716309,27.549999237060547
2006-05-30,14.956500053405762,27.114999771118164
2006-05-31,15.320550918579102,27.774999618530273
2006-06-01,15.361926078796387,27.850000381469727
2006-06-02,15.590831756591797,28.264999389648438
2006-06-05,15.099912643432617,27.375
2006-06-06,15.086129188537598,27.350000381469727
2006-06-07,14.506950378417969,26.299999237060547
2006-06-08,14.711043357849121,26.670000076293945
2006-06-09,14.562108993530273,26.399999618530273
2006-06-12,14.264249801635742,25.860000610351562
2006-06-13,13.842276573181152,25.094999313354492
2006-06-14,14.19804859161377,25.739999771118164
2006-06-15,14.738621711730957,26.719999313354492
2006-06-16,14.699029922485352,26.549999237060547
2006-06-19,14.145402908325195,25.549999237060547
2006-06-20,14.078961372375488,25.43000030517578
2006-06-21,14.394535064697266,26.0
2006-06-22,14.455439567565918,26.110000610351562
2006-06-23,14.776548385620117,26.690000534057617
2006-06-26,14.939867973327637,26.985000610351562
2006-06-27,14.967546463012695,27.03499984741211
2006-06-28,15.22498607635498,27.5
2006-06-29,15.656826972961426,28.280000686645508
2006-06-30,15.709424018859863,28.375
2006-07-03,15.878276824951172,28.68000030517578
2006-07-05,15.950248718261719,28.809999465942383
2006-07-06,15.908726692199707,28.735000610351562
2006-07-07,15.692814826965332,28.344999313354492
2006-07-10,15.739871978759766,28.43000030517578
2006-07-11,16.02776527404785,28.950000762939453
2006-07-12,15.972396850585938,28.850000381469727
2006-07-13,15.820150375366211,28.575000762939453
2006-07-14,16.005619049072266,28.90999984741211
2006-07-17,15.487966537475586,27.975000381469727
2006-07-18,15.507346153259277,28.010000228881836
2006-07-19,15.667902946472168,28.299999237060547
2006-07-20,15.288654327392578,27.614999771118164
2006-07-21,15.08104419708252,27.239999771118164
2006-07-24,15.535030364990234,28.059999465942383
2006-07-25,15.806303977966309,28.549999237060547
2006-07-26,16.124645233154297,29.125
2006-07-27,15.986245155334473,28.875
2006-07-28,15.991769790649414,28.885000228881836
2006-07-31,16.235376358032227,29.325000762939453
2006-08-01,16.254749298095703,29.360000610351562
2006-08-02,16.2879695892334,29.420000076293945
2006-08-03,16.146793365478516,29.165000915527344
2006-08-04,16.011146545410156,28.920000076293945
2006-08-07,16.180007934570312,29.225000381469727
2006-08-08,16.085895538330078,29.05500030517578
2006-08-09,16.221540451049805,29.299999237060547
2006-08-10,16.088661193847656,29.059999465942383
2006-08-11,16.096965789794922,29.075000762939453
2006-08-14,15.764785766601562,28.475000381469727
2006-08-15,15.845065116882324,28.6200008392334
2006-08-16,15.778626441955566,28.5
2006-08-17,15.667902946472168,28.299999237060547
2006-08-18,15.911495208740234,28.739999771118164
2006-08-21,16.016685485839844,28.93000030517578
2006-08-22,16.124645233154297,29.125
2006-08-23,15.78692626953125,28.514999389648438
2006-08-24,15.991769790649414,28.885000228881836
2006-08-25,16.1163387298584,29.110000610351562
2006-08-28,15.88381576538086,28.690000534057617
2006-08-29,15.784161567687988,28.510000228881836
2006-08-30,15.518417358398438,28.030000686645508
2006-08-31,15.410454750061035,27.834999084472656
2006-09-01,15.640215873718262,28.25
2006-09-05,15.845065116882324,28.6200008392334
2006-09-06,15.308040618896484,27.649999618530273
2006-09-07,15.321879386901855,27.674999237060547
2006-09-08,14.934329986572266,26.975000381469727
2006-09-11,14.47204875946045,26.139999389648438
2006-09-12,14.38070011138916,25.975000381469727
2006-09-13,14.679659843444824,26.514999389648438
2006-09-14,14.353009223937988,25.924999237060547
2006-09-15,14.402172088623047,25.924999237060547
2006-09-18,14.74937915802002,26.549999237060547
2006-09-19,14.527168273925781,26.149999618530273
2006-09-20,14.13829517364502,25.450000762939453
2006-09-21,14.318845748901367,25.774999618530273
2006-09-22,14.257733345031738,25.665000915527344
2006-09-25,14.277176856994629,25.700000762939453
2006-09-26,14.591064453125,26.264999389648438
2006-09-27,14.832717895507812,26.700000762939453
2006-09-28,14.785487174987793,26.614999771118164
2006-09-29,14.846603393554688,26.725000381469727
2006-10-02,14.67717170715332,26.420000076293945
2006-10-03,14.13829517364502,25.450000762939453
2006-10-04,14.346625328063965,25.825000762939453
2006-10-05,14.621612548828125,26.31999969482422
2006-10-06,14.635499000549316,26.344999313354492
2006-10-09,14.41606616973877,25.950000762939453
2006-10-10,14.685500144958496,26.434999465942383
2006-10-11,14.452181816101074,26.014999389648438
2006-10-12,14.791046142578125,26.625
2006-10-13,14.993813514709473,26.989999771118164
2006-10-16,15.346583366394043,27.625
2006-10-17,15.179923057556152,27.325000762939453
2006-10-18,15.082703590393066,27.149999618530273
2006-10-19,15.393806457519531,27.709999084472656
2006-10-20,15.193811416625977,27.350000381469727
2006-10-23,15.221585273742676,27.399999618530273
2006-10-24,15.499353408813477,27.899999618530273
2006-10-25,15.766014099121094,28.3799991607666
2006-10-26,15.729894638061523,28.315000534057617
2006-10-27,15.602128982543945,28.084999084472656
2006-10-30,15.321587562561035,27.579999923706055
2006-10-31,15.479907989501953,27.864999771118164
2006-11-01,15.321587562561035,27.579999923706055
2006-11-02,15.382692337036133,27.690000534057617
2006-11-03,15.72157096862793,28.299999237060547
2006-11-06,15.835448265075684,28.5049991607666
2006-11-07,15.713236808776855,28.28499984741211
2006-11-08,15.9771146774292,28.760000228881836
2006-11-09,16.110441207885742,29.0
2006-11-10,15.957660675048828,28.725000381469727
2006-11-13,15.929886817932129,28.674999237060547
2006-11-14,16.024330139160156,28.844999313354492
2006-11-15,16.174314498901367,29.114999771118164
2006-11-16,15.729894638061523,28.315000534057617
2006-11-17,15.86044979095459,28.549999237060547
2006-11-20,15.818781852722168,28.475000381469727
2006-11-21,16.110441207885742,29.0
2006-11-22,16.016000747680664,28.829999923706055
2006-11-24,15.982669830322266,28.770000457763672
2006-11-27,15.910446166992188,28.639999389648438
2006-11-28,16.165990829467773,29.100000381469727
2006-11-29,16.67986488342285,30.024999618530273
2006-11-30,16.807636260986328,30.2549991607666
2006-12-01,16.865964889526367,30.360000610351562
2006-12-04,16.840965270996094,30.315000534057617
2006-12-05,16.907636642456055,30.434999465942383
2006-12-06,16.86041259765625,30.350000381469727
2006-12-07,16.76041030883789,30.170000076293945
2006-12-08,16.740962982177734,30.135000228881836
2006-12-11,16.69930648803711,30.059999465942383
2006-12-12,16.738189697265625,30.1299991607666
2006-12-13,16.907636642456055,30.434999465942383
2006-12-14,17.15206527709961,30.875
2006-12-15,16.997161865234375,30.5049991607666
2006-12-18,16.506824493408203,29.625
2006-12-19,16.788217544555664,30.1299991607666
2006-12-20,16.559768676757812,29.719999313354492
2006-12-21,16.481761932373047,29.579999923706055
2006-12-22,16.322961807250977,29.295000076293945
2006-12-26,16.34246253967285,29.329999923706055
2006-12-27,16.534698486328125,29.674999237060547
2006-12-28,16.49848175048828,29.610000610351562
2006-12-29,16.33409881591797,29.315000534057617
2007-01-03,15.762979507446289,28.290000915527344
2007-01-04,15.47602653503418,27.774999618530273
2007-01-05,15.579111099243164,27.959999084472656
2007-01-08,15.579111099243164,27.959999084472656
2007-01-09,15.445383071899414,27.719999313354492
2007-01-10,15.147283554077148,27.184999465942383
2007-01-11,15.060914993286133,27.030000686645508
2007-01-12,15.445383071899414,27.719999313354492
2007-01-16,15.286585807800293,27.434999465942383
2007-01-17,15.456522941589355,27.739999771118164
2007-01-18,15.342303276062012,27.53499984741211
2007-01-19,15.762979507446289,28.290000915527344
2007-01-22,15.654333114624023,28.094999313354492
2007-01-23,16.06108283996582,28.825000762939453
2007-01-24,16.130725860595703,28.950000762939453
2007-01-25,15.79919719696045,28.354999542236328
2007-01-26,15.83819580078125,28.424999237060547
2007-01-29,15.760197639465332,28.28499984741211
2007-01-30,16.080581665039062,28.860000610351562
2007-01-31,16.183666229248047,29.045000076293945
2007-02-01,16.242168426513672,29.149999618530273
2007-02-02,16.33409881591797,29.315000534057617
2007-02-05,16.317386627197266,29.28499984741211
2007-02-06,16.26723861694336,29.19499969482422
2007-02-07,16.169727325439453,29.020000457763672
2007-02-08,16.33409881591797,29.315000534057617
2007-02-09,16.26723861694336,29.19499969482422
2007-02-12,16.04157829284668,28.790000915527344
2007-02-13,16.27559471130371,29.209999084472656
2007-02-14,16.27838706970215,29.21500015258789
2007-02-15,16.155805587768555,28.9950008392334
2007-02-16,16.158586502075195,29.0
2007-02-20,15.977499961853027,28.674999237060547
2007-02-21,16.153018951416016,28.989999771118164
2007-02-22,16.297880172729492,29.25
2007-02-23,16.33968162536621,29.325000762939453
2007-02-26,16.437183380126953,29.5
2007-02-27,15.782486915588379,28.325000762939453
2007-02-28,15.852124214172363,28.450000762939453
2007-03-01,15.801981925964355,28.360000610351562
2007-03-02,15.61531925201416,28.024999618530273
2007-03-05,15.434235572814941,27.700000762939453
2007-03-06,15.726763725280762,28.225000381469727
2007-03-07,15.921784400939941,28.575000762939453
2007-03-08,16.06108283996582,28.825000762939453
2007-03-09,15.99143123626709,28.700000762939453
2007-03-12,15.969144821166992,28.65999984741211
2007-03-13,15.754621505737305,28.274999618530273
2007-03-14,15.935708999633789,28.600000381469727
2007-03-15,15.932920455932617,28.594999313354492
2007-03-16,15.76158618927002,28.19499969482422
2007-03-19,16.013139724731445,28.645000457763672
2007-03-20,16.12774085998535,28.850000381469727
2007-03-21,16.418432235717773,29.3700008392334
2007-03-22,16.748262405395508,29.959999084472656
2007-03-23,16.83211326599121,30.110000610351562
2007-03-26,16.94951057434082,30.31999969482422
2007-03-27,16.98025131225586,30.375
2007-03-28,16.977453231811523,30.3700008392334
2007-03-29,17.083667755126953,30.559999465942383
2007-03-30,16.848875045776367,30.139999389648438
2007-04-02,17.013790130615234,30.434999465942383
2007-04-03,17.120004653930664,30.625
2007-04-04,17.1479549407959,30.674999237060547
2007-04-05,17.2597599029541,30.875
2007-04-09,17.19547462463379,30.760000228881836
2007-04-10,17.455415725708008,31.225000381469727
2007-04-11,17.349205017089844,31.03499984741211
2007-04-12,17.6147403717041,31.510000228881836
2007-04-13,17.623125076293945,31.524999618530273
2007-04-16,17.726545333862305,31.709999084472656
2007-04-17,17.62592124938965,31.530000686645508
2007-04-18,17.56441879272461,31.420000076293945
2007-04-19,17.318450927734375,30.979999542236328
2007-04-20,17.637096405029297,31.549999237060547
2007-04-23,17.65667152404785,31.584999084472656
2007-04-24,17.60355567932129,31.489999771118164
2007-04-25,17.933380126953125,32.08000183105469
2007-04-26,17.92778968811035,32.06999969482422
2007-04-27,17.924989700317383,32.064998626708984
2007-04-30,17.712562561035156,31.684999465942383
2007-05-01,17.79083251953125,31.825000762939453
2007-05-02,17.938968658447266,32.09000015258789
2007-05-03,18.08431053161621,32.349998474121094
2007-05-04,18.070341110229492,32.32500076293945
2007-05-07,18.117856979370117,32.40999984741211
2007-05-08,18.120655059814453,32.415000915527344
2007-05-09,18.11226463317871,32.400001525878906
2007-05-10,17.81877899169922,31.875
2007-05-11,18.226869583129883,32.60499954223633
2007-05-14,18.232460021972656,32.6150016784668
2007-05-15,18.293947219848633,32.724998474121094
2007-05-16,18.363821029663086,32.849998474121094
2007-05-17,18.657316207885742,33.375
2007-05-18,18.959186553955078,33.915000915527344
2007-05-21,19.118505477905273,34.20000076293945
2007-05-22,18.93962287902832,33.880001068115234
2007-05-23,18.978755950927734,33.95000076293945
2007-05-24,18.632158279418945,33.33000183105469
2007-05-25,18.9228458404541,33.849998474121094
2007-05-29,18.79706382751465,33.625
2007-05-30,19.191173553466797,34.33000183105469
2007-05-31,19.090547561645508,34.150001525878906
2007-06-01,19.263851165771484,34.459999084472656
2007-06-04,19.565715789794922,35.0
2007-06-05,19.495834350585938,34.875
2007-06-06,19.247074127197266,34.43000030517578
2007-06-07,18.906078338623047,33.81999969482422
2007-06-08,18.98433494567871,33.959999084472656
2007-06-11,19.129690170288086,34.220001220703125
2007-06-12,18.894893646240234,33.79999923706055
2007-06-13,19.27223777770996,34.474998474121094
2007-06-14,19.596466064453125,35.05500030517578
2007-06-15,19.897253036499023,35.4900016784668
2007-06-18,19.919675827026367,35.529998779296875
2007-06-19,19.94209861755371,35.56999969482422
2007-06-20,19.361835479736328,34.53499984741211
2007-06-21,19.748680114746094,35.224998474121094
2007-06-22,19.55245018005371,34.875
2007-06-25,19.395475387573242,34.595001220703125
2007-06-26,18.977792739868164,33.849998474121094
2007-06-27,19.272130966186523,34.375
2007-06-28,19.272130966186523,34.375
2007-06-29,19.339406967163086,34.494998931884766
2007-07-02,19.681400299072266,35.10499954223633
2007-07-03,19.83277130126953,35.375
2007-07-05,19.785125732421875,35.290000915527344
2007-07-06,20.054235458374023,35.77000045776367
2007-07-09,20.242053985595703,36.10499954223633
2007-07-10,20.06264877319336,35.78499984741211
2007-07-11,20.13832664489746,35.91999816894531
2007-07-12,20.527976989746094,36.6150016784668
2007-07-13,20.72980499267578,36.974998474121094
2007-07-16,20.4635009765625,36.5
2007-07-17,20.19719696044922,36.025001525878906
2007-07-18,20.654123306274414,36.84000015258789
2007-07-19,20.841936111450195,37.17499923706055
2007-07-20,20.74382781982422,37.0
2007-07-23,20.827922821044922,37.150001525878906
2007-07-24,20.2252254486084,36.07500076293945
2007-07-25,20.547595977783203,36.650001525878906
2007-07-26,19.773908615112305,35.27000045776367
2007-07-27,19.202054977416992,34.25
2007-07-30,19.532835006713867,34.84000015258789
2007-07-31,19.34221649169922,34.5
2007-08-01,19.291759490966797,34.40999984741211
2007-08-02,19.160003662109375,34.17499923706055
2007-08-03,18.534893035888672,33.060001373291016
2007-08-06,18.64141273498535,33.25
2007-08-07,19.078710556030273,34.029998779296875
2007-08-08,19.440332412719727,34.67499923706055
2007-08-09,18.882484436035156,33.68000030517578
2007-08-10,18.983396530151367,33.86000061035156
2007-08-13,19.005830764770508,33.900001525878906
2007-08-14,18.879676818847656,33.67499923706055
2007-08-15,18.361087799072266,32.75
2007-08-16,18.248958587646484,32.54999923706055
2007-08-17,18.92173194885254,33.75
2007-08-20,18.879676818847656,33.67499923706055
2007-08-21,18.61337661743164,33.20000076293945
2007-08-22,18.83763313293457,33.599998474121094
2007-08-23,19.005830764770508,33.900001525878906
2007-08-24,19.41229248046875,34.625
2007-08-27,19.174020767211914,34.20000076293945
2007-08-28,18.711490631103516,33.375
2007-08-29,19.331003189086914,34.47999954223633
2007-08-30,19.319786071777344,34.459999084472656
2007-08-31,19.574874877929688,34.915000915527344
2007-09-04,19.93089485168457,35.54999923706055
2007-09-05,19.82436752319336,35.36000061035156
2007-09-06,20.127120971679688,35.900001525878906
2007-09-07,19.69542121887207,35.130001068115234
2007-09-10,19.664583206176758,35.07500076293945
2007-09-11,20.0009708404541,35.67499923706055
2007-09-12,20.141130447387695,35.92499923706055
2007-09-13,20.26728630065918,36.150001525878906
2007-09-14,20.32334327697754,36.25
2007-09-17,20.36539077758789,36.32500076293945
2007-09-18,20.982099533081055,37.42499923706055
2007-09-19,21.164306640625,37.75
2007-09-20,21.150293350219727,37.724998474121094
2007-09-21,21.276203155517578,37.849998474121094
2007-09-24,21.236854553222656,37.779998779296875
2007-09-25,20.88833999633789,37.15999984741211
2007-09-26,20.947370529174805,37.26499938964844
2007-09-27,21.219985961914062,37.75
2007-09-28,21.02324676513672,37.400001525878906
2007-10-01,21.38862419128418,38.04999923706055
2007-10-02,21.05416488647461,37.45500183105469
2007-10-03,20.930500030517578,37.23500061035156
2007-10-04,21.00919532775879,37.375
2007-10-05,21.110383987426758,37.55500030517578
2007-10-08,20.896780014038086,37.17499923706055
2007-10-09,21.3183650970459,37.92499923706055
2007-10-10,21.593807220458984,38.415000915527344
2007-10-11,21.487001419067383,38.224998474121094
2007-10-12,21.689361572265625,38.584999084472656
2007-10-15,21.866424560546875,38.900001525878906
2007-10-16,21.922645568847656,39.0
2007-10-17,21.782108306884766,38.75
2007-10-18,21.95073890686035,39.04999923706055
2007-10-19,20.910831451416016,37.20000076293945
2007-10-22,20.67193031311035,36.775001525878906
2007-10-23,20.967050552368164,37.29999923706055
2007-10-24,21.10475730895996,37.54499816894531
2007-10-25,21.30430793762207,37.900001525878906
2007-10-26,21.627534866333008,38.474998474121094
2007-10-29,21.731515884399414,38.65999984741211
2007-10-30,20.992334365844727,37.345001220703125
2007-10-31,21.55726432800293,38.349998474121094
2007-11-01,20.924890518188477,37.224998474121094
2007-11-02,21.3183650970459,37.92499923706055
2007-11-05,21.146909713745117,37.619998931884766
2007-11-06,21.852371215820312,38.875
2007-11-07,20.952991485595703,37.275001525878906
2007-11-08,21.3183650970459,37.92499923706055
2007-11-09,20.924890518188477,37.224998474121094
2007-11-12,19.91306495666504,35.42499923706055
2007-11-13,20.615718841552734,36.67499923706055
2007-11-14,20.584793090820312,36.619998931884766
2007-11-15,19.899015426635742,35.400001525878906
2007-11-16,20.42179298400879,36.33000183105469
2007-11-19,20.08169937133789,35.724998474121094
2007-11-20,20.72813606262207,36.875
2007-11-21,20.27845001220703,36.07500076293945
2007-11-23,20.81246566772461,37.025001525878906
2007-11-26,20.09294891357422,35.744998931884766
2007-11-27,19.870906829833984,35.349998474121094
2007-11-28,20.36275863647461,36.224998474121094
2007-11-29,20.587604522705078,36.625
2007-11-30,20.64944839477539,36.73500061035156
2007-12-03,20.72813606262207,36.875
2007-12-04,20.51734161376953,36.5
2007-12-05,20.969852447509766,37.30500030517578
2007-12-06,21.543216705322266,38.32500076293945
2007-12-07,21.411113739013672,38.09000015258789
2007-12-10,21.627534866333008,38.474998474121094
2007-12-11,21.09351921081543,37.525001525878906
2007-12-12,21.782108306884766,38.75
2007-12-13,21.83551025390625,38.845001220703125
2007-12-14,21.487001419067383,38.224998474121094
2007-12-17,21.101940155029297,37.540000915527344
2007-12-18,21.30430793762207,37.900001525878906
2007-12-19,21.509490966796875,38.26499938964844
2007-12-20,21.782108306884766,38.75
2007-12-21,22.345388412475586,39.650001525878906
2007-12-24,22.44683265686035,39.83000183105469
2007-12-26,22.6976318359375,40.275001525878906
2007-12-27,22.458105087280273,39.849998474121094
2007-12-28,22.646902084350586,40.185001373291016
2007-12-31,22.359485626220703,39.67499923706055
2008-01-02,22.401752471923828,39.75
2008-01-03,22.6666316986084,40.220001220703125
2008-01-04,21.838184356689453,38.75
2008-01-07,21.753644943237305,38.599998474121094
2008-01-08,21.373245239257812,37.92499923706055
2008-01-09,21.655029296875,38.42499923706055
2008-01-10,21.56487274169922,38.26499938964844
2008-01-11,21.302799224853516,37.79999923706055
2008-01-14,21.7254638671875,38.54999923706055
2008-01-15,20.82658576965332,36.95500183105469
2008-01-16,20.13339614868164,35.724998474121094
2008-01-17,19.372577667236328,34.375
2008-01-18,19.41484832763672,34.45000076293945
2008-01-22,18.865373611450195,33.474998474121094
2008-01-23,19.040082931518555,33.78499984741211
2008-01-24,19.710731506347656,34.974998474121094
2008-01-25,19.358491897583008,34.349998474121094
2008-01-28,19.798080444335938,35.130001068115234
2008-01-29,20.020692825317383,35.525001525878906
2008-01-30,19.769901275634766,35.08000183105469
2008-01-31,19.61210060119629,34.79999923706055
2008-02-01,20.105220794677734,35.67499923706055
2008-02-04,20.11931037902832,35.70000076293945
2008-02-05,19.288043975830078,34.224998474121094
2008-02-06,19.023168563842773,33.755001068115234
2008-02-07,19.39794921875,34.41999816894531
2008-02-08,19.682544708251953,34.92499923706055
2008-02-11,20.189754486083984,35.82500076293945
2008-02-12,20.178485870361328,35.80500030517578
2008-02-13,20.668785095214844,36.67499923706055
2008-02-14,20.49126434326172,36.36000061035156
2008-02-15,20.52789306640625,36.42499923706055
2008-02-19,21.204174041748047,37.625
2008-02-20,21.4577693939209,38.07500076293945
2008-02-21,20.868854522705078,37.029998779296875
2008-02-22,21.10555076599121,37.45000076293945
2008-02-25,21.70857048034668,38.52000045776367
2008-02-26,22.07769775390625,39.17499923706055
2008-02-27,21.790298461914062,38.665000915527344
2008-02-28,22.165054321289062,39.33000183105469
2008-02-29,21.42960548400879,38.025001525878906
2008-03-03,21.697296142578125,38.5
2008-03-04,21.274620056152344,37.75
2008-03-05,21.810014724731445,38.70000076293945
2008-03-06,21.373245239257812,37.92499923706055
2008-03-07,20.784318923950195,36.880001068115234
2008-03-10,20.52789306640625,36.42499923706055
2008-03-11,21.584579467773438,38.29999923706055
2008-03-12,21.10555076599121,37.45000076293945
2008-03-13,21.4577693939209,38.07500076293945
2008-03-14,21.066104888916016,37.380001068115234
2008-03-17,20.330650329589844,36.07500076293945
2008-03-18,21.2182674407959,37.650001525878906
2008-03-19,19.92206573486328,35.349998474121094
2008-03-20,20.010513305664062,35.404998779296875
2008-03-24,20.360939025878906,36.025001525878906
2008-03-25,20.564390182495117,36.3849983215332
2008-03-26,21.010910034179688,37.17499923706055
2008-03-27,20.798959732055664,36.79999923706055
2008-03-28,20.7424373626709,36.70000076293945
2008-03-31,20.9289493560791,37.029998779296875
2008-04-01,21.321752548217773,37.724998474121094
2008-04-02,21.61847686767578,38.25
2008-04-03,21.669347763061523,38.34000015258789
2008-04-04,21.847375869750977,38.654998779296875
2008-04-07,21.96324348449707,38.86000061035156
2008-04-08,22.211931228637695,39.29999923706055
2008-04-09,22.254308700561523,39.375
2008-04-10,22.211931228637695,39.29999923706055
2008-04-11,21.901073455810547,38.75
2008-04-14,22.404088973999023,39.63999938964844
2008-04-15,22.52277374267578,39.849998474121094
2008-04-16,23.28578758239746,41.20000076293945
2008-04-17,23.265993118286133,41.165000915527344
2008-04-18,23.62208366394043,41.79499816894531
2008-04-21,23.89053726196289,42.27000045776367
2008-04-22,23.901838302612305,42.290000915527344
2008-04-23,23.715322494506836,41.959999084472656
2008-04-24,23.093616485595703,40.86000061035156
2008-04-25,23.421436309814453,41.439998626708984
2008-04-28,23.46099090576172,41.5099983215332
2008-04-29,22.93253517150879,40.57500076293945
2008-04-30,23.10210609436035,40.875
2008-05-01,22.596256256103516,39.97999954223633
2008-05-02,23.022966384887695,40.73500061035156
2008-05-05,23.356430053710938,41.32500076293945
2008-05-06,23.975322723388672,42.41999816894531
2008-05-07,23.528804779052734,41.630001068115234
2008-05-08,24.00074005126953,42.46500015258789
2008-05-09,23.955535888671875,42.3849983215332
2008-05-12,23.822715759277344,42.150001525878906
2008-05-13,24.21269989013672,42.84000015258789
2008-05-14,23.93575096130371,42.349998474121094
2008-05-15,24.25225257873535,42.90999984741211
2008-05-16,25.136777877807617,44.474998474121094
2008-05-19,25.292203903198242,44.75
2008-05-20,25.543718338012695,45.19499969482422
2008-05-21,25.16505241394043,44.525001525878906
2008-05-22,24.79767417907715,43.875
2008-05-23,24.376598358154297,43.130001068115234
2008-05-27,24.21834373474121,42.849998474121094
2008-05-28,24.729839324951172,43.755001068115234
2008-05-29,24.054441452026367,42.560001373291016
2008-05-30,24.303125381469727,43.0
2008-06-02,24.447256088256836,43.255001068115234
2008-06-03,23.92162322998047,42.32500076293945
2008-06-04,23.5655517578125,41.69499969482422
2008-06-05,24.79483413696289,43.869998931884766
2008-06-06,24.308773040771484,43.0099983215332
2008-06-09,25.023740768432617,44.275001525878906
2008-06-10,24.40768814086914,43.185001373291016
2008-06-11,24.55744743347168,43.45000076293945
2008-06-12,24.18443489074707,42.790000915527344
2008-06-13,24.472679138183594,43.29999923706055
2008-06-16,24.560287475585938,43.45500183105469
2008-06-17,24.96722412109375,44.17499923706055
2008-06-18,25.063312530517578,44.345001220703125
2008-06-19,24.461383819580078,43.279998779296875
2008-06-20,24.296470642089844,42.875
2008-06-23,25.257001876831055,44.56999969482422
2008-06-24,24.77814292907715,43.724998474121094
2008-06-25,24.684659957885742,43.560001373291016
2008-06-26,24.506147384643555,43.244998931884766
2008-06-27,24.721481323242188,43.625
2008-06-30,25.06999969482422,44.2400016784668
2008-07-01,25.17483139038086,44.42499923706055
2008-07-02,24.415477752685547,43.084999084472656
2008-07-03,24.055635452270508,42.45000076293945
2008-07-07,23.452117919921875,41.3849983215332
2008-07-08,23.063941955566406,40.70000076293945
2008-07-09,22.624765396118164,39.92499923706055
2008-07-10,23.318939208984375,41.150001525878906
2008-07-11,23.177268981933594,40.900001525878906
2008-07-14,23.330280303955078,41.16999816894531
2008-07-15,22.34709358215332,39.435001373291016
2008-07-16,21.771909713745117,38.41999816894531
2008-07-17,21.414899826049805,37.790000915527344
2008-07-18,21.788908004760742,38.45000076293945
2008-07-21,22.440584182739258,39.599998474121094
2008-07-22,21.695404052734375,38.28499984741211
2008-07-23,20.90772247314453,36.89500045776367
2008-07-24,20.856714248657227,36.80500030517578
2008-07-25,20.913381576538086,36.904998779296875
2008-07-28,20.99555206298828,37.04999923706055
2008-07-29,20.746225357055664,36.61000061035156
2008-07-30,21.981586456298828,38.790000915527344
2008-07-31,21.080562591552734,37.20000076293945
2008-08-01,21.07773208618164,37.19499969482422
2008-08-04,20.086023330688477,35.44499969482422
2008-08-05,20.23619842529297,35.709999084472656
2008-08-06,20.698049545288086,36.525001525878906
2008-08-07,20.457204818725586,36.099998474121094
2008-08-08,20.11153793334961,35.4900016784668
2008-08-11,20.1030330657959,35.474998474121094
2008-08-12,20.114364624023438,35.494998931884766
2008-08-13,20.825542449951172,36.75
2008-08-14,20.44304084777832,36.07500076293945
2008-08-15,20.060527801513672,35.400001525878906
2008-08-18,19.805524826049805,34.95000076293945
2008-08-19,20.516712188720703,36.20500183105469
2008-08-20,21.108888626098633,37.25
2008-08-21,21.638736724853516,38.185001373291016
2008-08-22,21.142894744873047,37.310001373291016
2008-08-25,20.86804962158203,36.82500076293945
2008-08-26,21.293062210083008,37.57500076293945
2008-08-27,21.63022804260254,38.16999816894531
2008-08-28,21.250551223754883,37.5
2008-08-29,21.151390075683594,37.32500076293945
2008-09-02,19.989688873291016,35.275001525878906
2008-09-03,19.913196563720703,35.13999938964844
2008-09-04,19.465511322021484,34.349998474121094
2008-09-05,19.38617515563965,34.209999084472656
2008-09-08,19.253002166748047,33.974998474121094
2008-09-09,17.92130470275879,31.625
2008-09-10,18.6268310546875,32.869998931884766
2008-09-11,18.89316749572754,33.34000015258789
2008-09-12,19.53067970275879,34.46500015258789
2008-09-15,18.034643173217773,31.825000762939453
2008-09-16,18.796823501586914,33.16999816894531
2008-09-17,18.40298843383789,32.474998474121094
2008-09-18,18.952665328979492,33.44499969482422
2008-09-19,20.253129959106445,35.625
2008-09-22,19.897811889648438,35.0
2008-09-23,19.241180419921875,33.845001220703125
2008-09-24,19.29802894592285,33.94499969482422
2008-09-25,19.7698917388916,34.775001525878906
2008-09-26,19.24402618408203,33.849998474121094
2008-09-29,16.955780029296875,29.825000762939453
2008-09-30,17.993305206298828,31.649999618530273
2008-10-01,17.697690963745117,31.1299991607666
2008-10-02,16.68857765197754,29.354999542236328
2008-10-03,16.489599227905273,29.0049991607666
2008-10-06,15.60272216796875,27.44499969482422
2008-10-07,14.747121810913086,25.940000534057617
2008-10-08,15.025687217712402,26.43000030517578
2008-10-09,12.862508773803711,22.625
2008-10-10,12.336642265319824,21.700000762939453
2008-10-13,14.369058609008789,25.274999618530273
2008-10-14,14.386114120483398,25.30500030517578
2008-10-15,12.308219909667969,21.649999618530273
2008-10-16,12.777240753173828,22.475000381469727
2008-10-17,13.058645248413086,22.969999313354492
2008-10-20,14.579413414001465,25.645000457763672
2008-10-21,13.91709041595459,24.479999542236328
2008-10-22,12.564048767089844,22.100000381469727
2008-10-23,13.232035636901855,23.274999618530273
2008-10-24,12.407709121704102,21.825000762939453
2008-10-27,11.61463737487793,20.43000030517578
2008-10-28,13.385541915893555,23.545000076293945
2008-10-29,13.681167602539062,24.065000534057617
2008-10-30,14.312213897705078,25.174999237060547
2008-10-31,14.610672950744629,25.700000762939453
2008-11-03,14.158719062805176,24.905000686645508
2008-11-04,15.07116985321045,26.510000228881836
2008-11-05,14.397488594055176,25.325000762939453
2008-11-06,13.530512809753418,23.799999237060547
2008-11-07,14.170085906982422,24.924999237060547
2008-11-10,14.218404769897461,25.010000228881836
2008-11-11,13.809080123901367,24.290000915527344
2008-11-12,12.67774772644043,22.299999237060547
2008-11-13,14.167243003845215,24.920000076293945
2008-11-14,13.578834533691406,23.885000228881836
2008-11-17,13.297423362731934,23.389999389648438
2008-11-18,13.66979694366455,24.045000076293945
2008-11-19,12.962006568908691,22.799999237060547
2008-11-20,11.358806610107422,19.979999542236328
2008-11-21,12.626583099365234,22.209999084472656
2008-11-24,13.539046287536621,23.815000534057617
2008-11-25,13.755074501037598,24.19499969482422
2008-11-26,14.525398254394531,25.549999237060547
2008-11-28,14.292312622070312,25.139999389648438
2008-12-01,12.7715482711792,22.46500015258789
2008-12-02,13.203619956970215,23.225000381469727
2008-12-03,13.21214771270752,23.239999771118164
2008-12-04,12.29684829711914,21.6299991607666
2008-12-05,12.552680969238281,22.079999923706055
2008-12-08,13.109814643859863,23.059999465942383
2008-12-09,13.240577697753906,23.290000915527344
2008-12-10,13.925627708435059,24.4950008392334
2008-12-11,13.860243797302246,24.3799991607666
2008-12-12,13.723809242248535,24.139999389648438
2008-12-15,13.644210815429688,24.0
2008-12-16,14.067754745483398,24.7450008392334
2008-12-17,13.976791381835938,24.584999084472656
2008-12-18,13.163825035095215,23.155000686645508
2008-12-19,13.143538475036621,23.0
2008-12-22,12.752087593078613,22.315000534057617
2008-12-23,12.78066349029541,22.364999771118164
2008-12-24,12.732088088989258,22.280000686645508
2008-12-26,12.903528213500977,22.579999923706055
2008-12-29,13.186397552490234,23.075000762939453
2008-12-30,13.506417274475098,23.635000228881836
2008-12-31,13.649276733398438,23.885000228881836
2009-01-02,14.329318046569824,25.075000762939453
2009-01-05,14.666473388671875,25.665000915527344
2009-01-06,14.826485633850098,25.94499969482422
2009-01-07,14.197879791259766,24.844999313354492
2009-01-08,14.380748748779297,25.165000915527344
2009-01-09,13.897859573364258,24.31999969482422
2009-01-12,13.349266052246094,23.360000610351562
2009-01-13,13.683565139770508,23.94499969482422
2009-01-14,13.029247283935547,22.799999237060547
2009-01-15,13.192111015319824,23.084999084472656
2009-01-16,13.297831535339355,23.270000457763672
2009-01-20,12.589229583740234,22.030000686645508
2009-01-21,13.434977531433105,23.510000228881836
2009-01-22,13.066389083862305,22.864999771118164
2009-01-23,13.44641399383545,23.530000686645508
2009-01-26,13.694990158081055,23.96500015258789
2009-01-27,13.717854499816895,24.0049991607666
2009-01-28,14.092153549194336,24.65999984741211
2009-01-29,13.594996452331543,23.790000915527344
2009-01-30,13.406403541564941,23.459999084472656
2009-02-02,13.192111015319824,23.084999084472656
2009-02-03,13.420700073242188,23.485000610351562
2009-02-04,13.546417236328125,23.704999923706055
2009-02-05,13.877853393554688,24.28499984741211
2009-02-06,14.135014533996582,24.735000610351562
2009-02-09,14.186447143554688,24.825000762939453
2009-02-10,13.526411056518555,23.670000076293945
2009-02-11,13.37212085723877,23.399999618530273
2009-02-12,13.394979476928711,23.440000534057617
2009-02-13,13.426411628723145,23.4950008392334
2009-02-17,12.497788429260254,21.8700008392334
2009-02-18,12.426358222961426,21.7450008392334
2009-02-19,12.429219245910645,21.75
2009-02-20,12.109200477600098,21.190000534057617
2009-02-23,11.54345417022705,20.200000762939453
2009-02-24,12.086338996887207,21.149999618530273
2009-02-25,12.014906883239746,21.024999618530273
2009-02-26,12.043478012084961,21.075000762939453
2009-02-27,11.752032279968262,20.565000534057617
2009-03-02,10.891993522644043,19.059999465942383
2009-03-03,10.946279525756836,19.155000686645508
2009-03-04,11.469162940979004,20.06999969482422
2009-03-05,10.963421821594238,19.184999465942383
2009-03-06,11.0834321975708,19.395000457763672
2009-03-09,11.103426933288574,19.43000030517578
2009-03-10,11.666316986083984,20.415000915527344
2009-03-11,11.617740631103516,20.329999923706055
2009-03-12,11.966338157653809,20.940000534057617
2009-03-13,11.857758522033691,20.75
2009-03-16,12.009197235107422,21.014999389648438
2009-03-17,12.423495292663574,21.739999771118164
2009-03-18,12.549219131469727,21.959999084472656
2009-03-19,12.852093696594238,22.489999771118164
2009-03-20,12.34949779510498,21.5
2009-03-23,13.366175651550293,23.270000457763672
2009-03-24,13.113441467285156,22.829999923706055
2009-03-25,13.050260543823242,22.719999313354492
2009-03-26,13.162271499633789,22.915000915527344
2009-03-27,12.77168083190918,22.235000610351562
2009-03-30,12.297800064086914,21.40999984741211
2009-03-31,12.19441032409668,21.229999542236328
2009-04-01,12.452889442443848,21.68000030517578
2009-04-02,12.96409797668457,22.56999969482422
2009-04-03,13.216839790344238,23.010000228881836
2009-04-06,12.94974422454834,22.545000076293945
2009-04-07,12.562024116516113,21.8700008392334
2009-04-08,12.722850799560547,22.149999618530273
2009-04-09,13.096213340759277,22.799999237060547
2009-04-13,12.95261001586914,22.549999237060547
2009-04-14,12.918147087097168,22.489999771118164
2009-04-15,12.935383796691895,22.520000457763672
2009-04-16,12.995688438415527,22.625
2009-04-17,13.147907257080078,22.889999389648438
2009-04-20,12.510331153869629,21.780000686645508
2009-04-21,12.757314682006836,22.209999084472656
2009-04-22,12.622334480285645,21.975000381469727
2009-04-23,12.857841491699219,22.385000228881836
2009-04-24,13.231199264526367,23.03499984741211
2009-04-27,12.981329917907715,22.600000381469727
2009-04-28,13.010053634643555,22.649999618530273
2009-04-29,13.369051933288574,23.274999618530273
2009-04-30,13.147907257080078,22.889999389648438
2009-05-01,13.572962760925293,23.6299991607666
2009-05-04,14.115761756896973,24.575000762939453
2009-05-05,13.926214218139648,24.2450008392334
2009-05-06,14.466142654418945,25.184999465942383
2009-05-07,14.27946662902832,24.860000610351562
2009-05-08,14.88831901550293,25.920000076293945
2009-05-11,14.434554100036621,25.1299991607666
2009-05-12,14.526457786560059,25.290000915527344
2009-05-13,14.046832084655762,24.454999923706055
2009-05-14,14.087045669555664,24.524999618530273
2009-05-15,13.785484313964844,24.0
2009-05-18,14.262236595153809,24.829999923706055
2009-05-19,14.33116340637207,24.950000762939453
2009-05-20,14.379980087280273,25.03499984741211
2009-05-21,13.954934120178223,24.295000076293945
2009-05-22,13.960676193237305,24.30500030517578
2009-05-26,14.256486892700195,24.81999969482422
2009-05-27,14.101405143737793,24.549999237060547
2009-05-28,14.569536209106445,25.364999771118164
2009-05-29,14.84237289428711,25.84000015258789
2009-06-01,15.38805103302002,26.790000915527344
2009-06-02,15.347838401794434,26.719999313354492
2009-06-03,14.756208419799805,25.690000534057617
2009-06-04,15.089359283447266,26.270000457763672
2009-06-05,14.96587085723877,26.05500030517578
2009-06-08,14.931407928466797,25.9950008392334
2009-06-09,15.077878952026367,26.25
2009-06-10,15.212855339050293,26.485000610351562
2009-06-11,15.517285346984863,27.014999389648438
2009-06-12,15.367947578430176,26.7549991607666
2009-06-15,14.960121154785156,26.045000076293945
2009-06-16,14.641331672668457,25.489999771118164
2009-06-17,14.402963638305664,25.075000762939453
2009-06-18,14.348388671875,24.979999542236328
2009-06-19,14.205208778381348,24.604999542236328
2009-06-22,13.495098114013672,23.375
2009-06-23,13.575925827026367,23.514999389648438
2009-06-24,13.63077163696289,23.610000610351562
2009-06-25,13.916549682617188,24.104999542236328
2009-06-26,13.824172973632812,23.94499969482422
2009-06-29,13.95407485961914,24.170000076293945
2009-06-30,13.87036418914795,24.024999618530273
2009-07-01,13.881913185119629,24.045000076293945
2009-07-02,13.324783325195312,23.079999923706055
2009-07-06,13.189112663269043,22.844999313354492
2009-07-07,12.8513765335083,22.260000228881836
2009-07-08,12.854257583618164,22.264999389648438
2009-07-09,12.987045288085938,22.4950008392334
2009-07-10,12.894676208496094,22.334999084472656
2009-07-13,13.090967178344727,22.674999237060547
2009-07-14,13.267054557800293,22.979999542236328
2009-07-15,13.737578392028809,23.795000076293945
2009-07-16,13.905007362365723,24.084999084472656
2009-07-17,13.98582649230957,24.225000381469727
2009-07-20,14.225419044494629,24.639999389648438
2009-07-21,14.349549293518066,24.854999542236328
2009-07-22,14.219651222229004,24.6299991607666
2009-07-23,14.62377643585205,25.329999923706055
2009-07-24,14.776773452758789,25.594999313354492
2009-07-27,14.825844764709473,25.68000030517578
2009-07-28,14.609349250793457,25.30500030517578
2009-07-29,14.271602630615234,24.719999313354492
2009-07-30,14.470788955688477,25.065000534057617
2009-07-31,14.612232208251953,25.309999465942383
2009-08-03,14.987493515014648,25.959999084472656
2009-08-04,14.961515426635742,25.915000915527344
2009-08-05,14.811417579650879,25.655000686645508
2009-08-06,14.69017505645752,25.44499969482422
2009-08-07,14.6728515625,25.415000915527344
2009-08-10,14.73636245727539,25.524999618530273
2009-08-11,14.522745132446289,25.155000686645508
2009-08-12,14.678627967834473,25.424999237060547
2009-08-13,14.857603073120117,25.735000610351562
2009-08-14,14.638216018676758,25.354999542236328
2009-08-17,14.164798736572266,24.53499984741211
2009-08-18,14.30625057220459,24.780000686645508
2009-08-19,14.571815490722656,25.239999771118164
2009-08-20,14.69594955444336,25.454999923706055
2009-08-21,15.11162281036377,26.174999237060547
2009-08-24,15.305031776428223,26.510000228881836
2009-08-25,15.071215629577637,26.104999542236328
2009-08-26,15.140493392944336,26.225000381469727
2009-08-27,15.094305992126465,26.145000457763672
2009-08-28,15.062551498413086,26.09000015258789
2009-08-31,14.770995140075684,25.584999084472656
2009-09-01,14.514080047607422,25.139999389648438
2009-09-02,14.407279968261719,24.954999923706055
2009-09-03,14.508312225341797,25.1299991607666
2009-09-04,14.710375785827637,25.479999542236328
2009-09-08,15.114513397216797,26.18000030517578
2009-09-09,15.149147033691406,26.239999771118164
2009-09-10,15.41183090209961,26.69499969482422
2009-09-11,15.472457885742188,26.799999237060547
2009-09-14,15.587918281555176,27.0
2009-09-15,15.743800163269043,27.270000457763672
2009-09-16,16.133501052856445,27.94499969482422
2009-09-17,16.05555534362793,27.809999465942383
2009-09-18,15.999310493469238,27.59000015258789
2009-09-21,15.863028526306152,27.354999542236328
2009-09-22,16.11238670349121,27.78499984741211
2009-09-23,15.77604866027832,27.204999923706055
2009-09-24,15.549893379211426,26.815000534057617
2009-09-25,15.529597282409668,26.780000686645508
2009-09-28,15.778950691223145,27.209999084472656
2009-09-29,15.735462188720703,27.135000228881836
2009-09-30,15.633971214294434,26.959999084472656
2009-10-01,15.146862983703613,26.1200008392334
2009-10-02,15.068578720092773,25.985000610351562
2009-10-05,15.402012825012207,26.559999465942383
2009-10-06,15.767354965209961,27.190000534057617
2009-10-07,15.889120101928711,27.399999618530273
2009-10-08,16.297950744628906,28.104999542236328
2009-10-09,16.283456802368164,28.079999923706055
2009-10-12,16.50381851196289,28.459999084472656
2009-10-13,16.5299129486084,28.5049991607666
2009-10-14,16.805356979370117,28.979999542236328
2009-10-15,17.15619468688965,29.584999084472656
2009-10-16,17.1040096282959,29.4950008392334
2009-10-19,17.327266693115234,29.8799991607666
2009-10-20,17.217082977294922,29.690000534057617
2009-10-21,17.170698165893555,29.610000610351562
2009-10-22,17.23738670349121,29.725000381469727
2009-10-23,16.903947830200195,29.149999618530273
2009-10-26,16.625591278076172,28.670000076293945
2009-10-27,16.77347183227539,28.924999237060547
2009-10-28,16.219663619995117,27.969999313354492
2009-10-29,16.651687622070312,28.71500015258789
2009-10-30,16.019609451293945,27.625
2009-11-02,16.121082305908203,27.799999237060547
2009-11-03,16.329851150512695,28.15999984741211
2009-11-04,16.31535530090332,28.135000228881836
2009-11-05,16.59370231628418,28.614999771118164
2009-11-06,16.550214767456055,28.540000915527344
2009-11-09,16.866247177124023,29.084999084472656
2009-11-10,16.87784767150879,29.104999542236328
2009-11-11,16.872053146362305,29.094999313354492
2009-11-12,16.500925064086914,28.454999923706055
2009-11-13,16.605302810668945,28.635000228881836
2009-11-16,17.040220260620117,29.385000228881836
2009-11-17,17.011228561401367,29.334999084472656
2009-11-18,16.94453239440918,29.219999313354492
2009-11-19,16.56471061706543,28.565000534057617
2009-11-20,16.411035537719727,28.299999237060547
2009-11-23,16.622699737548828,28.665000915527344
2009-11-24,16.7183780670166,28.829999923706055
2009-11-25,16.848857879638672,29.05500030517578
2009-11-27,16.532808303833008,28.510000228881836
2009-11-30,16.474821090698242,28.40999984741211
2009-12-01,16.692277908325195,28.78499984741211
2009-12-02,16.59370231628418,28.614999771118164
2009-12-03,16.326950073242188,28.155000686645508
2009-12-04,16.208066940307617,27.950000762939453
2009-12-07,16.170379638671875,27.885000228881836
2009-12-08,15.894927024841309,27.40999984741211
2009-12-09,15.894927024841309,27.40999984741211
2009-12-10,16.09209442138672,27.75
2009-12-11,16.100788116455078,27.764999389648438
2009-12-14,16.26605224609375,28.049999237060547
2009-12-15,16.3182430267334,28.139999389648438
2009-12-16,16.422636032104492,28.31999969482422
2009-12-17,16.283456802368164,28.079999923706055
2009-12-18,16.369169235229492,28.075000762939453
2009-12-21,16.56448745727539,28.40999984741211
2009-12-22,16.643207550048828,28.545000076293945
2009-12-23,16.77438735961914,28.770000457763672
2009-12-24,16.853097915649414,28.905000686645508
2009-12-28,16.882247924804688,28.954999923706055
2009-12-29,16.771472930908203,28.764999389648438
2009-12-30,16.753978729248047,28.735000610351562
2009-12-31,16.619874954223633,28.5049991607666
2010-01-04,17.144617080688477,29.405000686645508
2010-01-05,17.28455924987793,29.645000457763672
2010-01-06,17.491533279418945,30.0
2010-01-07,17.46529769897461,29.954999923706055
2010-01-08,17.578998565673828,30.149999618530273
2010-01-11,17.5556697845459,30.110000610351562
2010-01-12,17.302045822143555,29.674999237060547
2010-01-13,17.366180419921875,29.78499984741211
2010-01-14,17.415740966796875,29.8700008392334
2010-01-15,17.275808334350586,29.6299991607666
2010-01-19,17.433229446411133,29.899999618530273
2010-01-20,17.162111282348633,29.434999465942383
2010-01-21,16.81228256225586,28.834999084472656
2010-01-22,16.41289520263672,28.149999618530273
2010-01-25,16.5207576751709,28.334999084472656
2010-01-26,16.415821075439453,28.155000686645508
2010-01-27,16.351675033569336,28.045000076293945
2010-01-28,16.1796817779541,27.75
2010-01-29,15.88814926147461,27.25
2010-02-01,16.41289520263672,28.149999618530273
2010-02-02,16.628623962402344,28.520000457763672
2010-02-03,16.48577308654785,28.274999618530273
2010-02-04,15.809438705444336,27.114999771118164
2010-02-05,15.812350273132324,27.1200008392334
2010-02-08,15.666585922241211,26.8700008392334
2010-02-09,15.996014595031738,27.434999465942383
2010-02-10,15.928967475891113,27.31999969482422
2010-02-11,16.200082778930664,27.78499984741211
2010-02-12,16.205907821655273,27.795000076293945
2010-02-16,16.58781623840332,28.450000762939453
2010-02-17,16.56448745727539,28.40999984741211
2010-02-18,16.657779693603516,28.56999969482422
2010-02-19,16.721906661987305,28.68000030517578
2010-02-22,16.49160385131836,28.28499984741211
2010-02-23,16.21756935119629,27.815000534057617
2010-02-24,16.31960678100586,27.989999771118164
2010-02-25,16.328344345092773,28.0049991607666
2010-02-26,16.36625099182129,28.06999969482422
2010-03-01,16.517841339111328,28.329999923706055
2010-03-02,16.65486717224121,28.565000534057617
2010-03-03,16.72774887084961,28.690000534057617
2010-03-04,16.64028549194336,28.540000915527344
2010-03-05,16.95222282409668,29.075000762939453
2010-03-08,16.925981521606445,29.030000686645508
2010-03-09,16.925981521606445,29.030000686645508
2010-03-10,17.074655532836914,29.28499984741211
2010-03-11,17.04550552368164,29.235000610351562
2010-03-12,17.054250717163086,29.25
2010-03-15,16.879335403442383,28.950000762939453
2010-03-16,17.030929565429688,29.209999084472656
2010-03-17,17.217506408691406,29.530000686645508
2010-03-18,16.96096420288086,29.09000015258789
2010-03-19,16.757062911987305,28.639999389648438
2010-03-22,16.713176727294922,28.565000534057617
2010-03-23,16.777536392211914,28.674999237060547
2010-03-24,16.68099594116211,28.510000228881836
2010-03-25,16.4001522064209,28.030000686645508
2010-03-26,16.406007766723633,28.040000915527344
2010-03-29,16.724876403808594,28.584999084472656
2010-03-30,16.751201629638672,28.6299991607666
2010-03-31,16.8272705078125,28.760000228881836
2010-04-01,17.12566566467285,29.270000457763672
2010-04-05,17.429916381835938,29.790000915527344
2010-04-06,17.429916381835938,29.790000915527344
2010-04-07,17.257314682006836,29.4950008392334
2010-04-08,17.318744659423828,29.600000381469727
2010-04-09,17.503053665161133,29.915000915527344
2010-04-12,17.54400634765625,29.985000610351562
2010-04-13,17.482568740844727,29.8799991607666
2010-04-14,17.649328231811523,30.165000915527344
2010-04-15,17.64640235900879,30.15999984741211
2010-04-16,17.347999572753906,29.649999618530273
2010-04-19,17.371408462524414,29.690000534057617
2010-04-20,17.710763931274414,30.270000457763672
2010-04-21,17.693204879760742,30.239999771118164
2010-04-22,17.737089157104492,30.315000534057617
2010-04-23,18.164209365844727,31.045000076293945
2010-04-26,18.10277557373047,30.940000534057617
2010-04-27,17.54693603515625,29.989999771118164
2010-04-28,17.725387573242188,30.295000076293945
2010-04-29,17.745866775512695,30.329999923706055
2010-04-30,17.526453018188477,29.954999923706055
2010-05-03,17.725387573242188,30.295000076293945
2010-05-04,17.251461029052734,29.485000610351562
2010-05-05,16.979394912719727,29.020000457763672
2010-05-06,16.4001522064209,28.030000686645508
2010-05-07,16.087125778198242,27.4950008392334
2010-05-10,16.774612426757812,28.670000076293945
2010-05-11,16.66344451904297,28.479999542236328
2010-05-12,16.89455795288086,28.875
2010-05-13,16.786314010620117,28.690000534057617
2010-05-14,16.452816009521484,28.1200008392334
2010-05-17,16.283130645751953,27.829999923706055
2010-05-18,16.157339096069336,27.614999771118164
2010-05-19,15.973038673400879,27.299999237060547
2010-05-20,15.259220123291016,26.079999923706055
2010-05-21,15.525436401367188,26.53499984741211
2010-05-24,15.17145824432373,25.93000030517578
2010-05-25,15.206562995910645,25.989999771118164
2010-05-26,15.1743803024292,25.934999465942383
2010-05-27,15.817985534667969,27.03499984741211
2010-05-28,15.519584655761719,26.524999618530273
2010-06-01,14.782367706298828,25.264999389648438
2010-06-02,15.423043251037598,26.360000610351562
2010-06-03,15.630760192871094,26.71500015258789
2010-06-04,15.080766677856445,25.774999618530273
2010-06-07,14.94912052154541,25.549999237060547
2010-06-08,15.197787284851074,25.975000381469727
2010-06-09,15.03980541229248,25.704999923706055
2010-06-10,15.794581413269043,26.9950008392334
2010-06-11,15.891120910644531,27.15999984741211
2010-06-14,15.8092041015625,27.020000457763672
2010-06-15,16.27143096923828,27.809999465942383
2010-06-16,16.25972557067871,27.790000915527344
2010-06-17,16.24217414855957,27.760000228881836
2010-06-18,16.342689514160156,27.80500030517578
2010-06-21,16.307416915893555,27.7450008392334
2010-06-22,15.831327438354492,26.934999465942383
2010-06-23,15.710834503173828,26.729999542236328
2010-06-24,15.381693840026855,26.170000076293945
2010-06-25,15.425782203674316,26.2450008392334
2010-06-28,15.217122077941895,25.889999389648438
2010-06-29,14.714583396911621,25.03499984741211
2010-06-30,14.59997272491455,24.84000015258789
2010-07-01,14.547075271606445,24.75
2010-07-02,14.511810302734375,24.690000534057617
2010-07-06,14.652871131896973,24.93000030517578
2010-07-07,15.170100212097168,25.809999465942383
2010-07-08,15.384634971618652,26.174999237060547
2010-07-09,15.463982582092285,26.309999465942383
2010-07-12,15.42284107208252,26.239999771118164
2010-07-13,15.607986450195312,26.55500030517578
2010-07-14,15.590357780456543,26.524999618530273
2010-07-15,15.57271957397461,26.4950008392334
2010-07-16,15.20242691040039,25.864999771118164
2010-07-19,15.299407005310059,26.030000686645508
2010-07-20,15.64912223815918,26.625
2010-07-21,15.393450736999512,26.190000534057617
2010-07-22,15.734344482421875,26.770000457763672
2010-07-23,15.804886817932129,26.889999389648438
2010-07-26,15.943009376525879,27.125
2010-07-27,15.866594314575195,26.9950008392334
2010-07-28,15.831327438354492,26.934999465942383
2010-07-29,15.854844093322754,26.975000381469727
2010-07-30,15.822515487670898,26.920000076293945
2010-08-02,16.37500762939453,27.860000610351562
2010-08-03,16.36913299560547,27.850000381469727
2010-08-04,16.49549674987793,28.065000534057617
2010-08-05,16.548404693603516,28.155000686645508
2010-08-06,16.35150146484375,27.81999969482422
2010-08-09,16.419090270996094,27.934999465942383
2010-08-10,16.283903121948242,27.704999923706055
2010-08-11,15.799005508422852,26.8799991607666
2010-08-12,15.704962730407715,26.719999313354492
2010-08-13,15.678511619567871,26.674999237060547
2010-08-16,15.675580978393555,26.670000076293945
2010-08-17,15.937126159667969,27.114999771118164
2010-08-18,15.78431224822998,26.854999542236328
2010-08-19,15.528639793395996,26.420000076293945
2010-08-20,15.337610244750977,26.094999313354492
2010-08-23,15.343493461608887,26.104999542236328
2010-08-24,15.105445861816406,25.700000762939453
2010-08-25,15.058429718017578,25.6200008392334
2010-08-26,14.92324447631836,25.389999389648438
2010-08-27,15.311161041259766,26.049999237060547
2010-08-30,15.087813377380371,25.670000076293945
2010-08-31,15.046676635742188,25.600000381469727
2010-09-01,15.607986450195312,26.55500030517578
2010-09-02,15.737293243408203,26.774999618530273
2010-09-03,15.928312301635742,27.100000381469727
2010-09-07,15.690268516540527,26.69499969482422
2010-09-08,15.825453758239746,26.924999237060547
2010-09-09,15.857773780822754,26.979999542236328
2010-09-10,16.02235221862793,27.260000228881836
2010-09-13,16.151660919189453,27.479999542236328
2010-09-14,16.09581756591797,27.385000228881836
2010-09-15,16.063495635986328,27.329999923706055
2010-09-16,15.990026473999023,27.204999923706055
2010-09-17,15.910019874572754,26.94499969482422
2010-09-20,16.178680419921875,27.399999618530273
2010-09-21,16.190488815307617,27.420000076293945
2010-09-22,16.072397232055664,27.219999313354492
2010-09-23,15.972017288208008,27.049999237060547
2010-09-24,16.31743621826172,27.635000228881836
2010-09-27,16.25543975830078,27.530000686645508
2010-09-28,16.37058448791504,27.725000381469727
2010-09-29,16.54477310180664,28.020000457763672
2010-09-30,16.550668716430664,28.030000686645508
2010-10-01,16.7720947265625,28.405000686645508
2010-10-04,16.562482833862305,28.049999237060547
2010-10-05,16.952186584472656,28.709999084472656
2010-10-06,17.10275650024414,28.96500015258789
2010-10-07,17.017139434814453,28.81999969482422
2010-10-08,17.22970962524414,29.18000030517578
2010-10-11,17.27693748474121,29.260000228881836
2010-10-12,17.250368118286133,29.21500015258789
2010-10-13,17.459983825683594,29.56999969482422
2010-10-14,17.43341827392578,29.524999618530273
2010-10-15,17.480648040771484,29.604999542236328
2010-10-18,17.52788543701172,29.684999465942383
2010-10-19,17.179515838623047,29.094999313354492
2010-10-20,17.400936126708984,29.469999313354492
2010-10-21,17.39207649230957,29.454999923706055
2010-10-22,17.507221221923828,29.649999618530273
2010-10-25,17.55445671081543,29.729999542236328
2010-10-26,17.589889526367188,29.790000915527344
2010-10-27,17.516077041625977,29.665000915527344
2010-10-28,17.477699279785156,29.600000381469727
2010-10-29,17.489513397216797,29.6200008392334
2010-11-01,17.51016616821289,29.655000686645508
2010-11-02,17.702068328857422,29.979999542236328
2010-11-03,17.74045753479004,30.045000076293945
2010-11-04,18.304344177246094,31.0
2010-11-05,18.39586067199707,31.155000686645508
2010-11-08,18.451963424682617,31.25
2010-11-09,18.416528701782227,31.190000534057617
2010-11-10,18.65271759033203,31.59000015258789
2010-11-11,18.859384536743164,31.940000534057617
2010-11-12,18.581859588623047,31.469999313354492
2010-11-15,18.487390518188477,31.309999465942383
2010-11-16,18.141965866088867,30.725000381469727
2010-11-17,18.21578025817871,30.850000381469727
2010-11-18,18.61729621887207,31.530000686645508
2010-11-19,18.773759841918945,31.795000076293945
2010-11-22,18.7147159576416,31.69499969482422
2010-11-23,18.348628997802734,31.075000762939453
2010-11-24,18.67928695678711,31.635000228881836
2010-11-26,18.454917907714844,31.2549991607666
2010-11-29,18.57891082763672,31.46500015258789
2010-11-30,18.513959884643555,31.354999542236328
2010-12-01,19.063098907470703,32.28499984741211
2010-12-02,19.346519470214844,32.76499938964844
2010-12-03,19.432130813598633,32.90999984741211
2010-12-06,19.497089385986328,33.02000045776367
2010-12-07,19.42327308654785,32.89500045776367
2010-12-08,19.331756591796875,32.7400016784668
2010-12-09,19.376035690307617,32.814998626708984
2010-12-10,19.455753326416016,32.95000076293945
2010-12-13,19.621078491210938,33.22999954223633
2010-12-14,19.529556274414062,33.07500076293945
2010-12-15,19.42327308654785,32.89500045776367
2010-12-16,19.53251075744629,33.08000183105469
2010-12-17,19.53932762145996,32.94499969482422
2010-12-20,19.666845321655273,33.15999984741211
2010-12-21,19.865524291992188,33.494998931884766
2010-12-22,19.93372917175293,33.61000061035156
2010-12-23,19.99007797241211,33.70500183105469
2010-12-27,19.918903350830078,33.584999084472656
2010-12-28,19.993043899536133,33.709999084472656
2010-12-29,20.191728591918945,34.04499816894531
2010-12-30,20.209516525268555,34.07500076293945
2010-12-31,20.239173889160156,34.125
2011-01-03,20.390419006347656,34.380001068115234
2011-01-04,20.215457916259766,34.084999084472656
2011-01-05,20.295516967773438,34.220001220703125
2011-01-06,20.102760314941406,33.89500045776367
2011-01-07,20.24807357788086,34.13999938964844
2011-01-10,20.16800308227539,34.005001068115234
2011-01-11,20.503103256225586,34.56999969482422
2011-01-12,20.784814834594727,35.04499816894531
2011-01-13,20.72550392150879,34.94499969482422
2011-01-14,20.95088005065918,35.32500076293945
2011-01-18,21.081357955932617,35.54499816894531
2011-01-19,20.826332092285156,35.1150016784668
2011-01-20,20.678068161010742,34.8650016784668
2011-01-21,20.787778854370117,35.04999923706055
2011-01-24,20.864879608154297,35.18000030517578
2011-01-25,20.805570602416992,35.08000183105469
2011-01-26,21.303773880004883,35.91999816894531
2011-01-27,21.17923355102539,35.709999084472656
2011-01-28,21.087291717529297,35.55500030517578
2011-01-31,21.69224739074707,36.57500076293945
2011-02-01,22.045129776000977,37.16999816894531
2011-02-02,22.02734375,37.13999938964844
2011-02-03,22.03920555114746,37.15999984741211
2011-02-04,21.98285675048828,37.064998626708984
2011-02-07,22.110368728637695,37.279998779296875
2011-02-08,22.036237716674805,37.154998779296875
2011-02-09,21.757484436035156,36.685001373291016
2011-02-10,21.97989273071289,37.060001373291016
2011-02-11,21.976924896240234,37.05500030517578
2011-02-14,22.460296630859375,37.869998931884766
2011-02-15,22.22602653503418,37.474998474121094
2011-02-16,22.522573471069336,37.974998474121094
2011-02-17,22.744976043701172,38.349998474121094
2011-02-18,22.839872360229492,38.5099983215332
2011-02-22,22.61746597290039,38.1349983215332
2011-02-23,23.077106475830078,38.90999984741211
2011-02-24,22.750904083251953,38.36000061035156
2011-02-25,23.11269187927246,38.970001220703125
2011-02-28,23.29062271118164,39.27000045776367
2011-03-01,22.854698181152344,38.53499984741211
2011-03-02,22.98517417907715,38.755001068115234
2011-03-03,23.379581451416016,39.41999816894531
2011-03-04,23.23131561279297,39.16999816894531
2011-03-07,23.068220138549805,38.89500045776367
2011-03-08,22.878421783447266,38.57500076293945
2011-03-09,22.721254348754883,38.310001373291016
2011-03-10,21.89389991760254,36.915000915527344
2011-03-11,22.27347183227539,37.55500030517578
2011-03-14,22.39504623413086,37.7599983215332
2011-03-15,22.22602653503418,37.474998474121094
2011-03-16,21.870166778564453,36.875
2011-03-17,22.537403106689453,38.0
2011-03-18,22.43177032470703,37.69499969482422
2011-03-21,23.113143920898438,38.84000015258789
2011-03-22,23.062559127807617,38.755001068115234
2011-03-23,23.122072219848633,38.85499954223633
2011-03-24,23.205371856689453,38.994998931884766
2011-03-25,23.41365623474121,39.345001220703125
2011-03-28,23.35712242126465,39.25
2011-03-29,23.64276695251465,39.72999954223633
2011-03-30,23.806428909301758,40.005001068115234
2011-03-31,23.729053497314453,39.875
2011-04-01,23.800466537475586,39.994998931884766
2011-04-04,23.81534194946289,40.02000045776367
2011-04-05,23.886756896972656,40.13999938964844
2011-04-06,23.636823654174805,39.720001220703125
2011-04-07,23.636823654174805,39.720001220703125
2011-04-08,23.720130920410156,39.86000061035156
2011-04-11,23.25299072265625,39.07500076293945
2011-04-12,22.53293800354004,37.8650016784668
2011-04-13,22.625167846679688,38.02000045776367
2011-04-14,22.779895782470703,38.279998779296875
2011-04-15,22.967342376708984,38.595001220703125
2011-04-18,22.625167846679688,38.02000045776367
2011-04-19,22.854276657104492,38.404998779296875
2011-04-20,23.392833709716797,39.310001373291016
2011-04-21,23.499950408935547,39.4900016784668
2011-04-25,23.377954483032227,39.28499984741211
2011-04-26,23.61003875732422,39.67499923706055
2011-04-27,23.59814453125,39.654998779296875
2011-04-28,23.595169067382812,39.650001525878906
2011-04-29,23.94626808166504,40.2400016784668
2011-05-02,23.627897262573242,39.70500183105469
2011-05-03,23.03578758239746,38.709999084472656
2011-05-04,22.62814712524414,38.025001525878906
2011-05-05,22.158031463623047,37.23500061035156
2011-05-06,22.256214141845703,37.400001525878906
2011-05-09,22.64599609375,38.05500030517578
2011-05-10,22.753116607666016,38.23500061035156
2011-05-11,22.095544815063477,37.130001068115234
2011-05-12,22.062808990478516,37.07500076293945
2011-05-13,21.95570182800293,36.89500045776367
2011-05-16,21.78908348083496,36.6150016784668
2011-05-17,21.78908348083496,36.6150016784668
2011-05-18,22.229448318481445,37.35499954223633
2011-05-19,22.232421875,37.36000061035156
2011-05-20,22.20563316345215,37.314998626708984
2011-05-23,21.860483169555664,36.73500061035156
2011-05-24,22.169931411743164,37.255001068115234
2011-05-25,22.544830322265625,37.8849983215332
2011-05-26,22.657909393310547,38.07500076293945
2011-05-27,22.714431762695312,38.16999816894531
2011-05-31,22.943546295166016,38.55500030517578
2011-06-01,22.396059036254883,37.6349983215332
2011-06-02,22.387130737304688,37.619998931884766
2011-06-03,22.393098831176758,37.630001068115234
2011-06-06,21.88726234436035,36.779998779296875
2011-06-07,21.88726234436035,36.779998779296875
2011-06-08,21.952728271484375,36.88999938964844
2011-06-09,22.250267028808594,37.38999938964844
2011-06-10,21.818828582763672,36.665000915527344
2011-06-13,21.473684310913086,36.084999084472656
2011-06-14,21.93189239501953,36.85499954223633
2011-06-15,21.42905044555664,36.0099983215332
2011-06-16,21.46177864074707,36.064998626708984
2011-06-17,21.406532287597656,35.84000015258789
2011-06-20,21.466259002685547,35.939998626708984
2011-06-21,21.893314361572266,36.654998779296875
2011-06-22,21.83060073852539,36.54999923706055
2011-06-23,21.591691970825195,36.150001525878906
2011-06-24,21.18254852294922,35.46500015258789
2011-06-27,21.296030044555664,35.654998779296875
2011-06-28,21.917205810546875,36.69499969482422
2011-06-29,22.174034118652344,37.125
2011-06-30,22.502548217773438,37.67499923706055
2011-07-01,22.714570999145508,38.029998779296875
2011-07-05,22.85492706298828,38.26499938964844
2011-07-06,22.813125610351562,38.19499969482422
2011-07-07,23.15656280517578,38.77000045776367
2011-07-08,22.962440490722656,38.44499969482422
2011-07-11,22.418920516967773,37.53499984741211
2011-07-12,22.335298538208008,37.39500045776367
2011-07-13,22.502548217773438,37.67499923706055
2011-07-14,22.353214263916016,37.42499923706055
2011-07-15,22.9534912109375,38.43000030517578
2011-07-18,22.875829696655273,38.29999923706055
2011-07-19,23.2939453125,39.0
2011-07-20,23.234207153320312,38.900001525878906
2011-07-21,23.691131591796875,39.665000915527344
2011-07-22,23.81058692932129,39.8650016784668
2011-07-25,23.715024948120117,39.70500183105469
2011-07-26,23.60153579711914,39.51499938964844
2011-07-27,23.15656280517578,38.77000045776367
2011-07-28,23.06099510192871,38.61000061035156
2011-07-29,22.8310489654541,38.224998474121094
2011-08-01,22.798192977905273,38.16999816894531
2011-08-02,22.162086486816406,37.10499954223633
2011-08-03,22.036659240722656,36.89500045776367
2011-08-04,20.52554702758789,34.3650016784668
2011-08-05,20.328441619873047,34.03499984741211
2011-08-08,18.59930992126465,31.139999389648438
2011-08-09,19.54599952697754,32.724998474121094
2011-08-10,18.871078491210938,31.594999313354492
2011-08-11,19.850614547729492,33.23500061035156
2011-08-12,19.9969482421875,33.47999954223633
2011-08-15,20.671871185302734,34.61000061035156
2011-08-16,20.328441619873047,34.03499984741211
2011-08-17,20.40906524658203,34.16999816894531
2011-08-18,19.226451873779297,32.189998626708984
2011-08-19,18.886005401611328,31.6200008392334
2011-08-22,18.733699798583984,31.364999771118164
2011-08-23,19.5788516998291,32.779998779296875
2011-08-24,19.6953182220459,32.974998474121094
2011-08-25,19.28021240234375,32.279998779296875
2011-08-26,19.653507232666016,32.904998779296875
2011-08-29,20.226903915405273,33.8650016784668
2011-08-30,20.34636116027832,34.064998626708984
2011-08-31,20.49866485595703,34.31999969482422
2011-09-01,20.343368530273438,34.060001373291016
2011-09-02,19.77596092224121,33.11000061035156
2011-09-06,19.56093406677246,32.75
2011-09-07,20.27766990661621,33.95000076293945
2011-09-08,20.041744232177734,33.55500030517578
2011-09-09,19.37875747680664,32.44499969482422
2011-09-12,19.47134017944336,32.599998474121094
2011-09-13,19.52509117126465,32.689998626708984
2011-09-14,19.767005920410156,33.095001220703125
2011-09-15,20.15821075439453,33.75
2011-09-16,20.114437103271484,33.54499816894531
2011-09-19,19.796640396118164,33.01499938964844
2011-09-20,19.673715591430664,32.810001373291016
2011-09-21,18.855220794677734,31.44499969482422
2011-09-22,17.790895462036133,29.670000076293945
2011-09-23,17.599014282226562,29.350000381469727
2011-09-26,18.240610122680664,30.420000076293945
2011-09-27,18.5074462890625,30.864999771118164
2011-09-28,17.901826858520508,29.854999542236328
2011-09-29,18.072715759277344,30.139999389648438
2011-09-30,17.54204750061035,29.2549991607666
2011-10-03,16.945419311523438,28.260000228881836
2011-10-04,17.50006866455078,29.184999465942383
2011-10-05,18.144676208496094,30.260000228881836
2011-10-06,18.486454010009766,30.829999923706055
2011-10-07,18.258604049682617,30.450000762939453
2011-10-10,19.086084365844727,31.829999923706055
2011-10-11,19.125059127807617,31.895000457763672
2011-10-12,19.226999282836914,32.064998626708984
2011-10-13,19.200014114379883,32.02000045776367
2011-10-14,19.967533111572266,33.29999923706055
2011-10-17,19.60476303100586,32.69499969482422
2011-10-18,20.23436164855957,33.744998931884766
2011-10-19,20.02449607849121,33.39500045776367
2011-10-20,20.180408477783203,33.654998779296875
2011-10-21,20.552175521850586,34.275001525878906
2011-10-24,20.822002410888672,34.724998474121094
2011-10-25,20.387277603149414,34.0
2011-10-26,20.8279972076416,34.73500061035156
2011-10-27,21.751420974731445,36.275001525878906
2011-10-28,21.898324966430664,36.52000045776367
2011-10-31,20.899948120117188,34.85499954223633
2011-11-01,20.225370407104492,33.72999954223633
2011-11-02,20.833988189697266,34.744998931884766
2011-11-03,21.382654190063477,35.65999984741211
2011-11-04,21.36466407775879,35.630001068115234
2011-11-07,21.48158073425293,35.82500076293945
2011-11-08,21.832365036010742,36.40999984741211
2011-11-09,20.866975784301758,34.79999923706055
2011-11-10,21.22974395751953,35.404998779296875
2011-11-11,21.664470672607422,36.130001068115234
2011-11-14,21.379657745361328,35.654998779296875
2011-11-15,21.355667114257812,35.6150016784668
2011-11-16,21.034873962402344,35.08000183105469
2011-11-17,20.55516242980957,34.279998779296875
2011-11-18,20.43224334716797,34.07500076293945
2011-11-21,20.06647300720215,33.46500015258789
2011-11-22,19.877592086791992,33.150001525878906
2011-11-23,19.274967193603516,32.14500045776367
2011-11-25,19.137054443359375,31.915000915527344
2011-11-28,19.853607177734375,33.11000061035156
2011-11-29,20.138429641723633,33.584999084472656
2011-11-30,21.247726440429688,35.435001373291016
2011-12-01,21.130807876586914,35.2400016784668
2011-12-02,21.112823486328125,35.209999084472656
2011-12-05,21.373661041259766,35.64500045776367
2011-12-06,21.37065315246582,35.63999938964844
2011-12-07,21.166780471801758,35.29999923706055
2011-12-08,20.57615089416504,34.314998626708984
2011-12-09,21.043861389160156,35.095001220703125
2011-12-12,20.552175521850586,34.275001525878906
2011-12-13,20.360294342041016,33.95500183105469
2011-12-14,19.787643432617188,33.0
2011-12-15,19.703699111938477,32.86000061035156
2011-12-16,19.913551330566406,33.06999969482422
2011-12-19,19.564300537109375,32.4900016784668
2011-12-20,20.368188858032227,33.82500076293945
2011-12-21,20.59400177001953,34.20000076293945
2011-12-22,20.834861755371094,34.599998474121094
2011-12-23,20.955293655395508,34.79999923706055
2011-12-27,21.009492874145508,34.88999938964844
2011-12-28,20.609060287475586,34.224998474121094
2011-12-29,20.822816848754883,34.58000183105469
2011-12-30,20.813791275024414,34.564998626708984
2012-01-03,21.39186668395996,35.525001525878906
2012-01-04,21.437028884887695,35.599998474121094
2012-01-05,21.334659576416016,35.43000030517578
2012-01-06,21.208200454711914,35.220001220703125
2012-01-09,21.31057357788086,35.38999938964844
2012-01-10,21.500259399414062,35.70500183105469
2012-01-11,21.211212158203125,35.224998474121094
2012-01-12,21.012508392333984,34.89500045776367
2012-01-13,20.907123565673828,34.720001220703125
2012-01-17,21.05465316772461,34.96500015258789
2012-01-18,21.400894165039062,35.540000915527344
2012-01-19,21.48820686340332,35.685001373291016
2012-01-20,21.491222381591797,35.689998626708984
2012-01-23,21.66283416748047,35.974998474121094
2012-01-24,21.599611282348633,35.869998931884766
2012-01-25,21.864564895629883,36.310001373291016
2012-01-26,21.566492080688477,35.814998626708984
2012-01-27,21.521331787109375,35.7400016784668
2012-01-30,21.41895866394043,35.56999969482422
2012-01-31,21.283470153808594,35.345001220703125
2012-02-01,21.367778778076172,35.48500061035156
2012-02-02,21.530363082885742,35.755001068115234
2012-02-03,21.909719467163086,36.3849983215332
2012-02-06,22.17166519165039,36.81999969482422
2012-02-07,22.286081314086914,37.0099983215332
2012-02-08,22.21080207824707,36.8849983215332
2012-02-09,22.213815689086914,36.88999938964844
2012-02-10,21.991010665893555,36.52000045776367
2012-02-13,22.165639877319336,36.810001373291016
2012-02-14,22.204790115356445,36.875
2012-02-15,22.168655395507812,36.814998626708984
2012-02-16,22.45769500732422,37.29499816894531
2012-02-17,22.54199981689453,37.435001373291016
2012-02-21,22.69554901123047,37.689998626708984
2012-02-22,22.746728897094727,37.775001525878906
2012-02-23,22.86113739013672,37.96500015258789
2012-02-24,22.95146942138672,38.1150016784668
2012-02-27,22.87920379638672,37.994998931884766
2012-02-28,22.803936004638672,37.869998931884766
2012-02-29,22.545001983642578,37.439998626708984
2012-03-01,22.761789321899414,37.79999923706055
2012-03-02,22.502853393554688,37.369998931884766
2012-03-05,22.358339309692383,37.130001068115234
2012-03-06,21.99402618408203,36.525001525878906
2012-03-07,22.177688598632812,36.83000183105469
2012-03-08,22.358339309692383,37.130001068115234
2012-03-09,22.337261199951172,37.095001220703125
2012-03-12,22.213815689086914,36.88999938964844
2012-03-13,22.481769561767578,37.334999084472656
2012-03-14,22.264999389648438,36.974998474121094
2012-03-15,22.301132202148438,37.03499984741211
2012-03-16,22.607912063598633,37.400001525878906
2012-03-19,22.710668563842773,37.56999969482422
2012-03-20,22.369138717651367,37.005001068115234
2012-03-21,22.103158950805664,36.564998626708984
2012-03-22,21.604461669921875,35.7400016784668
2012-03-23,21.8402099609375,36.130001068115234
2012-03-26,22.00341796875,36.400001525878906
2012-03-27,21.782785415649414,36.03499984741211
2012-03-28,21.510759353637695,35.584999084472656
2012-03-29,21.510759353637695,35.584999084472656
2012-03-30,21.68606948852539,35.875
2012-04-02,21.89763832092285,36.224998474121094
2012-04-03,21.70722007751465,35.90999984741211
2012-04-04,21.429153442382812,35.45000076293945
2012-04-05,21.308256149291992,35.25
2012-04-09,21.03925895690918,34.80500030517578
2012-04-10,20.625181198120117,34.119998931884766
2012-04-11,20.631229400634766,34.130001068115234
2012-04-12,21.08156967163086,34.875
2012-04-13,20.764209747314453,34.349998474121094
2012-04-16,20.625181198120117,34.119998931884766
2012-04-17,20.960676193237305,34.67499923706055
2012-04-18,20.91836166381836,34.60499954223633
2012-04-19,20.891155242919922,34.560001373291016
2012-04-20,20.842796325683594,34.47999954223633
2012-04-23,20.821638107299805,34.44499969482422
2012-04-24,20.97578239440918,34.70000076293945
2012-04-25,21.184326171875,35.04499816894531
2012-04-26,21.408000946044922,35.415000915527344
2012-04-27,21.39893341064453,35.400001525878906
2012-04-30,21.53192138671875,35.619998931884766
2012-05-01,21.8402099609375,36.130001068115234
2012-05-02,21.48356056213379,35.540000915527344
2012-05-03,21.126909255981445,34.95000076293945
2012-05-04,20.64332389831543,34.150001525878906
2012-05-07,20.582866668701172,34.04999923706055
2012-05-08,20.516372680664062,33.939998626708984
2012-05-09,20.4166316986084,33.775001525878906
2012-05-10,20.504289627075195,33.91999816894531
2012-05-11,20.353164672851562,33.66999816894531
2012-05-14,20.014652252197266,33.11000061035156
2012-05-15,19.682180404663086,32.560001373291016
2012-05-16,19.570344924926758,32.375
2012-05-17,19.44642448425293,32.16999816894531
2012-05-18,19.32552719116211,31.969999313354492
2012-05-21,19.769834518432617,32.70500183105469
2012-05-22,19.72146987915039,32.625
2012-05-23,19.794008255004883,32.744998931884766
2012-05-24,19.77889633178711,32.720001220703125
2012-05-25,19.68520164489746,32.564998626708984
2012-05-29,20.014652252197266,33.11000061035156
2012-05-30,19.401090621948242,32.095001220703125
2012-05-31,19.231834411621094,31.815000534057617
2012-06-01,18.75126838684082,31.020000457763672
2012-06-04,18.736148834228516,30.9950008392334
2012-06-05,18.896343231201172,31.260000228881836
2012-06-06,19.47967529296875,32.224998474121094
2012-06-07,19.491771697998047,32.244998931884766
2012-06-08,19.494787216186523,32.25
2012-06-11,19.22880744934082,31.809999465942383
2012-06-12,19.50083351135254,32.2599983215332
2012-06-13,19.252992630004883,31.850000381469727
2012-06-14,19.55523681640625,32.349998474121094
2012-06-15,19.929101943969727,32.810001373291016
2012-06-18,19.74991226196289,32.51499938964844
2012-06-19,20.0353946685791,32.98500061035156
2012-06-20,19.956430435180664,32.85499954223633
2012-06-21,19.13946533203125,31.510000228881836
2012-06-22,19.26702117919922,31.719999313354492
2012-06-25,18.83576202392578,31.010000228881836
2012-06-26,19.039243698120117,31.344999313354492
2012-06-27,19.43405532836914,31.9950008392334
2012-06-28,19.567689895629883,32.21500015258789
2012-06-29,20.156875610351562,33.185001373291016
2012-07-02,20.165987014770508,33.20000076293945
2012-07-03,20.648874282836914,33.994998931884766
2012-07-05,20.378576278686523,33.54999923706055
2012-07-06,20.132577896118164,33.14500045776367
2012-07-09,20.041461944580078,32.994998931884766
2012-07-10,19.72864532470703,32.47999954223633
2012-07-11,19.995912551879883,32.91999816894531
2012-07-12,19.929101943969727,32.810001373291016
2012-07-13,20.27835464477539,33.3849983215332
2012-07-16,20.345176696777344,33.494998931884766
2012-07-17,20.600290298461914,33.915000915527344
2012-07-18,20.77946662902832,34.209999084472656
2012-07-19,20.843250274658203,34.314998626708984
2012-07-20,20.891830444335938,34.39500045776367
2012-07-23,20.69139289855957,34.064998626708984
2012-07-24,20.36035919189453,33.52000045776367
2012-07-25,20.37554168701172,33.54499816894531
2012-07-26,20.95561981201172,34.5
2012-07-27,21.326135635375977,35.11000061035156
2012-07-30,21.38688087463379,35.209999084472656
2012-07-31,21.153026580810547,34.82500076293945
2012-08-01,21.25628089904785,34.994998931884766
2012-08-02,20.900951385498047,34.40999984741211
2012-08-03,21.392953872680664,35.220001220703125
2012-08-06,21.45065689086914,35.314998626708984
2012-08-07,21.772584915161133,35.845001220703125
2012-08-08,21.79081153869629,35.875
2012-08-09,21.939619064331055,36.119998931884766
2012-08-10,21.979106903076172,36.185001373291016
2012-08-13,21.89710807800293,36.04999923706055
2012-08-14,21.85761070251465,35.98500061035156
2012-08-15,21.854583740234375,35.97999954223633
2012-08-16,22.048954010009766,36.29999923706055
2012-08-17,22.03984832763672,36.28499984741211
2012-08-20,21.96391487121582,36.15999984741211
2012-08-21,21.89405632019043,36.04499816894531
2012-08-22,21.976072311401367,36.18000030517578
2012-08-23,21.73309898376465,35.779998779296875
2012-08-24,21.86065673828125,35.9900016784668
2012-08-27,21.869766235351562,36.005001068115234
2012-08-28,21.884952545166016,36.029998779296875
2012-08-29,21.739177703857422,35.790000915527344
2012-08-30,21.50835418701172,35.40999984741211
2012-08-31,21.723995208740234,35.76499938964844
2012-09-04,21.55695343017578,35.4900016784668
2012-09-05,21.474952697753906,35.35499954223633
2012-09-06,21.927474975585938,36.099998474121094
2012-09-07,22.307109832763672,36.724998474121094
2012-09-10,22.209918975830078,36.564998626708984
2012-09-11,22.446809768676758,36.95500183105469
2012-09-12,22.58347511291504,37.18000030517578
2012-09-13,22.950958251953125,37.78499984741211
2012-09-14,23.25465965270996,38.28499984741211
2012-09-17,23.07851791381836,37.994998931884766
2012-09-18,22.914514541625977,37.724998474121094
2012-09-19,22.692806243896484,37.36000061035156
2012-09-20,22.75658416748047,37.46500015258789
2012-09-21,22.782209396362305,37.34000015258789
2012-09-24,22.666278839111328,37.150001525878906
2012-09-25,22.4191837310791,36.744998931884766
2012-09-26,22.205636978149414,36.39500045776367
2012-09-27,22.50765609741211,36.88999938964844
2012-09-28,22.40088653564453,36.71500015258789
2012-10-01,22.513755798339844,36.900001525878906
2012-10-02,22.553417205810547,36.96500015258789
2012-10-03,22.27580451965332,36.5099983215332
2012-10-04,22.498504638671875,36.875
2012-10-05,22.446638107299805,36.790000915527344
2012-10-08,22.483247756958008,36.849998474121094
2012-10-09,22.513755798339844,36.900001525878906
2012-10-10,22.0927677154541,36.209999084472656
2012-10-11,22.25749969482422,36.47999954223633
2012-10-12,22.13547134399414,36.279998779296875
2012-10-15,22.248353958129883,36.46500015258789
2012-10-16,22.60222053527832,37.04499816894531
2012-10-17,22.885934829711914,37.5099983215332
2012-10-18,22.88288688659668,37.505001068115234
2012-10-19,22.522907257080078,36.915000915527344
2012-10-22,22.4100341796875,36.72999954223633
2012-10-23,21.88837432861328,35.875
2012-10-24,21.72058868408203,35.599998474121094
2012-10-25,21.92498779296875,35.935001373291016
2012-10-26,21.95243263244629,35.97999954223633
2012-10-31,21.946346282958984,35.970001220703125
2012-11-01,22.0408992767334,36.125
2012-11-02,21.677881240844727,35.529998779296875
2012-11-05,21.842609405517578,35.79999923706055
2012-11-06,22.193435668945312,36.375
2012-11-07,21.61381721496582,35.42499923706055
2012-11-08,21.223329544067383,34.78499984741211
2012-11-09,21.217235565185547,34.775001525878906
2012-11-12,21.259946823120117,34.845001220703125
2012-11-13,21.171476364135742,34.70000076293945
2012-11-14,20.915218353271484,34.279998779296875
2012-11-15,20.94267463684082,34.32500076293945
2012-11-16,21.025047302246094,34.459999084472656
2012-11-19,21.510099411010742,35.255001068115234
2012-11-20,21.4246768951416,35.1150016784668
2012-11-21,21.540599822998047,35.30500030517578
2012-11-23,21.84566307067871,35.80500030517578
2012-11-26,21.63212013244629,35.45500183105469
2012-11-27,21.452129364013672,35.15999984741211
2012-11-28,21.647377014160156,35.47999954223633
2012-11-29,21.69618797302246,35.560001373291016
2012-11-30,21.677881240844727,35.529998779296875
2012-12-03,21.558900833129883,35.334999084472656
2012-12-04,21.47958755493164,35.20500183105469
2012-12-05,21.629074096679688,35.45000076293945
2012-12-06,21.69923210144043,35.564998626708984
2012-12-07,21.830413818359375,35.779998779296875
2012-12-10,21.806011199951172,35.7400016784668
2012-12-11,21.934125900268555,35.95000076293945
2012-12-12,22.013452529907227,36.08000183105469
2012-12-13,21.80905532836914,35.744998931884766
2012-12-14,21.726688385009766,35.61000061035156
2012-12-17,21.92498779296875,35.935001373291016
2012-12-18,22.327665328979492,36.595001220703125
2012-12-19,22.175138473510742,36.345001220703125
2012-12-20,22.32461166381836,36.59000015258789
2012-12-21,22.09803009033203,36.03499984741211
2012-12-24,21.929384231567383,35.7599983215332
2012-12-26,21.831266403198242,35.599998474121094
2012-12-27,21.79140281677246,35.53499984741211
2012-12-28,21.41120147705078,34.915000915527344
2012-12-31,21.898714065551758,35.709999084472656
2013-01-02,22.3831844329834,36.5
2013-01-03,22.377042770385742,36.4900016784668
2013-01-04,22.625411987304688,36.89500045776367
2013-01-07,22.450639724731445,36.61000061035156
2013-01-08,22.377042770385742,36.4900016784668
2013-01-09,22.340251922607422,36.43000030517578
2013-01-10,22.542617797851562,36.7599983215332
2013-01-11,22.570215225219727,36.80500030517578
2013-01-14,22.573278427124023,36.810001373291016
2013-01-15,22.674463272094727,36.974998474121094
2013-01-16,22.77565574645996,37.13999938964844
2013-01-17,22.91976547241211,37.375
2013-01-18,23.146657943725586,37.744998931884766
2013-01-22,23.36742401123047,38.10499954223633
2013-01-23,23.287702560424805,37.974998474121094
2013-01-24,23.35516357421875,38.084999084472656
2013-01-25,23.57592010498047,38.44499969482422
2013-01-28,23.536073684692383,38.380001068115234
2013-01-29,23.91627311706543,39.0
2013-01-30,23.796695709228516,38.80500030517578
2013-01-31,23.716981887817383,38.67499923706055
2013-02-01,23.937734603881836,39.03499984741211
2013-02-04,23.710840225219727,38.665000915527344
2013-02-05,23.91627311706543,39.0
2013-02-06,23.93160629272461,39.025001525878906
2013-02-07,23.870277404785156,38.92499923706055
2013-02-08,24.094114303588867,39.290000915527344
2013-02-11,23.974533081054688,39.095001220703125
2013-02-12,24.038923263549805,39.20000076293945
2013-02-13,24.12476921081543,39.34000015258789
2013-02-14,24.33327865600586,39.68000030517578
2013-02-15,24.05424690246582,39.224998474121094
2013-02-19,24.33327865600586,39.68000030517578
2013-02-20,23.82428741455078,38.849998474121094
2013-02-21,23.658721923828125,38.58000183105469
2013-02-22,23.907073974609375,38.98500061035156
2013-02-25,23.281574249267578,37.96500015258789
2013-02-26,23.511533737182617,38.34000015258789
2013-02-27,23.870277404785156,38.92499923706055
2013-02-28,23.821216583251953,38.845001220703125
2013-03-01,23.851879119873047,38.89500045776367
2013-03-04,23.79975700378418,38.810001373291016
2013-03-05,23.953065872192383,39.060001373291016
2013-03-06,23.980670928955078,39.10499954223633
2013-03-07,24.103315353393555,39.30500030517578
2013-03-08,24.219823837280273,39.494998931884766
2013-03-11,24.232093811035156,39.51499938964844
2013-03-12,24.259689331054688,39.560001373291016
2013-03-13,24.20448875427246,39.470001220703125
2013-03-14,24.53564453125,40.0099983215332
2013-03-15,24.5162353515625,39.79999923706055
2013-03-18,24.319124221801758,39.47999954223633
2013-03-19,24.05117416381836,39.04499816894531
2013-03-20,24.186695098876953,39.26499938964844
2013-03-21,24.063491821289062,39.064998626708984
2013-03-22,24.254446029663086,39.375
2013-03-25,24.162038803100586,39.224998474121094
2013-03-26,24.417680740356445,39.63999938964844
2013-03-27,24.49776268005371,39.77000045776367
2013-03-28,24.426931381225586,39.654998779296875
2013-04-01,24.377647399902344,39.57500076293945
2013-04-02,24.239042282104492,39.349998474121094
2013-04-03,23.786298751831055,38.6150016784668
2013-04-04,23.755489349365234,38.564998626708984
2013-04-05,23.807861328125,38.650001525878906
2013-04-08,23.968017578125,38.90999984741211
2013-04-09,24.17129135131836,39.2400016784668
2013-04-10,24.30064582824707,39.45000076293945
2013-04-11,24.40536117553711,39.619998931884766
2013-04-12,24.023452758789062,39.0
2013-04-15,23.044042587280273,37.40999984741211
2013-04-16,23.3273868560791,37.869998931884766
2013-04-17,22.81612205505371,37.040000915527344
2013-04-18,23.01015281677246,37.35499954223633
2013-04-19,22.963953018188477,37.279998779296875
2013-04-22,23.210355758666992,37.68000030517578
2013-04-23,23.478303909301758,38.1150016784668
2013-04-24,23.792455673217773,38.625
2013-04-25,23.81093978881836,38.654998779296875
2013-04-26,23.770902633666992,38.59000015258789
2013-04-29,24.011133193969727,38.97999954223633
2013-04-30,24.106609344482422,39.1349983215332
2013-05-01,23.730850219726562,38.525001525878906
2013-05-02,24.04193687438965,39.029998779296875
2013-05-03,24.4762020111084,39.73500061035156
2013-05-06,24.642520904541016,40.005001068115234
2013-05-07,24.833480834960938,40.314998626708984
2013-05-08,24.873510360717773,40.380001068115234
2013-05-09,24.85195541381836,40.345001220703125
2013-05-10,24.722599029541016,40.1349983215332
2013-05-13,24.719518661499023,40.130001068115234
2013-05-14,25.070629119873047,40.70000076293945
2013-05-15,24.999794006347656,40.584999084472656
2013-05-16,24.876590728759766,40.3849983215332
2013-05-17,25.292387008666992,41.060001373291016
2013-05-20,25.649660110473633,41.63999938964844
2013-05-21,25.597288131713867,41.55500030517578
2013-05-22,25.301624298095703,41.07500076293945
2013-05-23,25.313941955566406,41.095001220703125
2013-05-24,25.16610336303711,40.85499954223633
2013-05-28,25.43097496032715,41.28499984741211
2013-05-29,25.375539779663086,41.19499969482422
2013-05-30,25.3170223236084,41.099998474121094
2013-05-31,24.793434143066406,40.25
2013-06-03,25.03367805480957,40.63999938964844
2013-06-04,24.836549758911133,40.31999969482422
2013-06-05,24.547042846679688,39.849998474121094
2013-06-06,24.73183822631836,40.150001525878906
2013-06-07,25.042905807495117,40.654998779296875
2013-06-10,24.972064971923828,40.540000915527344
2013-06-11,24.59323501586914,39.92499923706055
2013-06-12,24.44232940673828,39.68000030517578
2013-06-13,24.85195541381836,40.345001220703125
2013-06-14,24.611726760864258,39.95500183105469
2013-06-17,24.965904235839844,40.529998779296875
2013-06-18,25.107589721679688,40.7599983215332
2013-06-19,24.876590728759766,40.3849983215332
2013-06-20,24.149728775024414,39.20500183105469
2013-06-21,24.19120216369629,39.084999084472656
2013-06-24,23.832212448120117,38.505001068115234
2013-06-25,24.13858985900879,39.0
2013-06-26,24.287134170532227,39.2400016784668
2013-06-27,24.333553314208984,39.314998626708984
2013-06-28,24.231430053710938,39.150001525878906
2013-07-01,24.404727935791016,39.43000030517578
2013-07-02,24.45734405517578,39.51499938964844
2013-07-03,24.441865921020508,39.4900016784668
2013-07-05,24.74515151977539,39.97999954223633
2013-07-08,24.906070709228516,40.2400016784668
2013-07-09,25.159839630126953,40.650001525878906
2013-07-10,25.00510025024414,40.400001525878906
2013-07-11,25.20625877380371,40.724998474121094
2013-07-12,25.34861946105957,40.95500183105469
2013-07-15,25.32695198059082,40.91999816894531
2013-07-16,25.172222137451172,40.66999816894531
2013-07-17,25.28362464904785,40.849998474121094
2013-07-18,25.552854537963867,41.28499984741211
2013-07-19,25.908756256103516,41.86000061035156
2013-07-22,25.8251953125,41.724998474121094
2013-07-23,25.86851692199707,41.79499816894531
2013-07-24,25.58071517944336,41.33000183105469
2013-07-25,25.75092315673828,41.60499954223633
2013-07-26,25.685935974121094,41.5
2013-07-29,25.472402572631836,41.154998779296875
2013-07-30,25.422887802124023,41.07500076293945
2013-07-31,25.50643539428711,41.209999084472656
2013-08-01,25.9211368560791,41.880001068115234
2013-08-02,25.806623458862305,41.69499969482422
2013-08-05,25.744739532470703,41.595001220703125
2013-08-06,25.5869083404541,41.34000015258789
2013-08-07,25.497156143188477,41.19499969482422
2013-08-08,25.636423110961914,41.41999816894531
2013-08-09,25.559051513671875,41.29499816894531
2013-08-12,25.45073890686035,41.119998931884766
2013-08-13,25.497156143188477,41.19499969482422
2013-08-14,25.37955665588379,41.005001068115234
2013-08-15,25.240299224853516,40.779998779296875
2013-08-16,25.138179779052734,40.6150016784668
2013-08-19,24.738964080810547,39.970001220703125
2013-08-20,24.890594482421875,40.21500015258789
2013-08-21,24.75442886352539,39.994998931884766
2013-08-22,25.122692108154297,40.59000015258789
2013-08-23,25.30218505859375,40.880001068115234
2013-08-26,25.25886344909668,40.810001373291016
2013-08-27,25.10103988647461,40.55500030517578
2013-08-28,25.518821716308594,41.22999954223633
2013-08-29,25.252670288085938,40.79999923706055
2013-08-30,25.24339485168457,40.78499984741211
2013-09-03,25.429079055786133,41.084999084472656
2013-09-04,25.56524085998535,41.30500030517578
2013-09-05,25.65190315246582,41.44499969482422
2013-09-06,25.648799896240234,41.439998626708984
2013-09-09,25.93660545349121,41.904998779296875
2013-09-10,25.945886611938477,41.91999816894531
2013-09-11,26.143953323364258,42.2400016784668
2013-09-12,25.98921012878418,41.9900016784668
2013-09-13,25.979930877685547,41.974998474121094
2013-09-16,25.973735809326172,41.96500015258789
2013-09-17,26.09133529663086,42.154998779296875
2013-09-18,26.406999588012695,42.665000915527344
2013-09-19,26.342008590698242,42.560001373291016
2013-09-20,26.12841796875,42.02000045776367
2013-09-23,26.000946044921875,41.814998626708984
2013-09-24,26.02582550048828,41.85499954223633
2013-09-25,26.019603729248047,41.845001220703125
2013-09-26,26.066234588623047,41.91999816894531
2013-09-27,25.976078033447266,41.775001525878906
2013-09-30,25.777099609375,41.45500183105469
2013-10-01,25.94188117980957,41.720001220703125
2013-10-02,26.000946044921875,41.814998626708984
2013-10-03,25.77399253845215,41.45000076293945
2013-10-04,26.035137176513672,41.869998931884766
2013-10-07,25.820627212524414,41.525001525878906
2013-10-08,25.543920516967773,41.08000183105469
2013-10-09,25.453763961791992,40.935001373291016
2013-10-10,25.926326751708984,41.69499969482422
2013-10-11,26.206153869628906,42.14500045776367
2013-10-14,26.38335418701172,42.43000030517578
2013-10-15,26.286983489990234,42.275001525878906
2013-10-16,26.68183135986328,42.90999984741211
2013-10-17,26.737791061401367,43.0
2013-10-18,27.030038833618164,43.470001220703125
2013-10-21,26.908796310424805,43.275001525878906
2013-10-22,27.05802345275879,43.51499938964844
2013-10-23,26.635189056396484,42.834999084472656
2013-10-24,26.76266860961914,43.040000915527344
2013-10-25,26.924335479736328,43.29999923706055
2013-10-28,26.946086883544922,43.334999084472656
2013-10-29,27.13574981689453,43.63999938964844
2013-10-30,26.952333450317383,43.345001220703125
2013-10-31,26.859045028686523,43.19499969482422
2013-11-01,26.76266860961914,43.040000915527344
2013-11-04,27.0953311920166,43.57500076293945
2013-11-05,26.84971046447754,43.18000030517578
2013-11-06,26.930545806884766,43.310001373291016
2013-11-07,26.513946533203125,42.63999938964844
2013-11-08,26.908796310424805,43.275001525878906
2013-11-11,26.958545684814453,43.35499954223633
2013-11-12,26.709810256958008,42.95500183105469
2013-11-13,26.942995071411133,43.33000183105469
2013-11-14,27.104663848876953,43.59000015258789
2013-11-15,27.253890991210938,43.83000183105469
2013-11-18,27.04557991027832,43.494998931884766
2013-11-19,27.09222412109375,43.56999969482422
2013-11-20,27.026933670043945,43.46500015258789
2013-11-21,27.28498077392578,43.880001068115234
2013-11-22,27.43111228942871,44.1150016784668
2013-11-25,27.182382583618164,43.71500015258789
2013-11-26,27.11398696899414,43.60499954223633
2013-11-27,26.930545806884766,43.310001373291016
2013-11-29,26.874576568603516,43.220001220703125
2013-12-02,26.893247604370117,43.25
2013-12-03,26.958545684814453,43.35499954223633
2013-12-04,26.871475219726562,43.21500015258789
2013-12-05,26.78131866455078,43.06999969482422
2013-12-06,26.865264892578125,43.20500183105469
2013-12-09,26.90258026123047,43.26499938964844
2013-12-10,26.821731567382812,43.1349983215332
2013-12-11,26.442426681518555,42.525001525878906
2013-12-12,26.55436134338379,42.70500183105469
2013-12-13,26.46731185913086,42.564998626708984
2013-12-16,26.697378158569336,42.935001373291016
2013-12-17,26.545026779174805,42.689998626708984
2013-12-18,26.946086883544922,43.334999084472656
2013-12-19,27.02381706237793,43.459999084472656
2013-12-20,27.071613311767578,43.334999084472656
2013-12-23,27.099727630615234,43.380001068115234
2013-12-24,27.249649047851562,43.619998931884766
2013-12-26,27.443315505981445,43.93000030517578
2013-12-27,27.57761573791504,44.14500045776367
2013-12-30,27.380842208862305,43.83000183105469
2013-12-31,27.646345138549805,44.255001068115234
2014-01-02,27.252777099609375,43.625
2014-01-03,27.152822494506836,43.46500015258789
2014-01-06,27.1903076171875,43.525001525878906
2014-01-07,27.39645767211914,43.85499954223633
2014-01-08,27.20592498779297,43.54999923706055
2014-01-09,27.121585845947266,43.415000915527344
2014-01-10,27.143461227416992,43.45000076293945
2014-01-13,26.60308265686035,42.584999084472656
2014-01-14,26.949796676635742,43.13999938964844
2014-01-15,26.87171173095703,43.01499938964844
2014-01-16,26.90920066833496,43.07500076293945
2014-01-17,26.865467071533203,43.005001068115234
2014-01-21,27.087234497070312,43.36000061035156
2014-01-22,27.21216583251953,43.560001373291016
2014-01-23,26.902950286865234,43.064998626708984
2014-01-24,26.340713500976562,42.165000915527344
2014-01-27,26.24699592590332,42.01499938964844
2014-01-28,26.446914672851562,42.334999084472656
2014-01-29,26.300106048583984,42.099998474121094
2014-01-30,26.384445190429688,42.23500061035156
2014-01-31,26.043973922729492,41.689998626708984
2014-02-03,25.578567504882812,40.94499969482422
2014-02-04,25.84095001220703,41.3650016784668
2014-02-05,25.587936401367188,40.959999084472656
2014-02-06,25.969013214111328,41.56999969482422
2014-02-07,26.250123977661133,42.02000045776367
2014-02-10,26.122066497802734,41.814998626708984
2014-02-11,26.462520599365234,42.36000061035156
2014-02-12,26.400049209594727,42.2599983215332
2014-02-13,26.52499008178711,42.459999084472656
2014-02-14,26.87171173095703,43.01499938964844
2014-02-18,26.99353790283203,43.209999084472656
2014-02-19,27.02787971496582,43.26499938964844
2014-02-20,27.20592498779297,43.54999923706055
2014-02-21,26.99040985107422,43.20500183105469
2014-02-24,27.39645767211914,43.85499954223633
2014-02-25,27.383970260620117,43.834999084472656
2014-02-26,27.21216583251953,43.560001373291016
2014-02-27,27.24027442932129,43.60499954223633
2014-02-28,27.377721786499023,43.82500076293945
2014-03-03,27.202796936035156,43.54499816894531
2014-03-04,27.49954605102539,44.02000045776367
2014-03-05,27.243408203125,43.61000061035156
2014-03-06,27.440185546875,43.92499923706055
2014-03-07,27.493284225463867,44.0099983215332
2014-03-10,27.537019729614258,44.08000183105469
2014-03-11,27.22466468811035,43.58000183105469
2014-03-12,27.227787017822266,43.584999084472656
2014-03-13,26.95603370666504,43.150001525878906
2014-03-14,26.981027603149414,43.189998626708984
2014-03-17,27.12470245361328,43.41999816894531
2014-03-18,27.352739334106445,43.78499984741211
2014-03-19,27.14657974243164,43.45500183105469
2014-03-20,27.252777099609375,43.625
2014-03-21,27.327163696289062,43.529998779296875
2014-03-24,27.270679473876953,43.439998626708984
2014-03-25,27.515506744384766,43.83000183105469
2014-03-26,27.38681411743164,43.625
2014-03-27,27.60967254638672,43.97999954223633
2014-03-28,27.954940795898438,44.529998779296875
2014-03-31,27.954940795898438,44.529998779296875
2014-04-01,28.121305465698242,44.79499816894531
2014-04-02,28.221755981445312,44.95500183105469
2014-04-03,28.40380859375,45.244998931884766
2014-04-04,28.300230026245117,45.08000183105469
2014-04-07,27.826261520385742,44.32500076293945
2014-04-08,28.10561180114746,44.77000045776367
2014-04-09,28.23431396484375,44.974998474121094
2014-04-10,27.841951370239258,44.349998474121094
2014-04-11,27.763471603393555,44.224998474121094
2014-04-14,28.143272399902344,44.83000183105469
2014-04-15,28.519956588745117,45.43000030517578
2014-04-16,28.86208152770996,45.974998474121094
2014-04-17,29.12575912475586,46.39500045776367
2014-04-21,29.32349395751953,46.709999084472656
2014-04-22,29.276412963867188,46.6349983215332
2014-04-23,29.43022918701172,46.880001068115234
2014-04-24,29.439638137817383,46.89500045776367
2014-04-25,29.263864517211914,46.6150016784668
2014-04-28,29.3140811920166,46.69499969482422
2014-04-29,29.449052810668945,46.90999984741211
2014-04-30,29.4239444732666,46.869998931884766
2014-05-01,29.358034133911133,46.76499938964844
2014-05-02,29.41767692565918,46.86000061035156
2014-05-05,29.5557918548584,47.08000183105469
2014-05-06,29.599727630615234,47.150001525878906
2014-05-07,29.857112884521484,47.560001373291016
2014-05-08,29.43022918701172,46.880001068115234
2014-05-09,29.401973724365234,46.834999084472656
2014-05-12,29.609149932861328,47.165000915527344
2014-05-13,29.7189998626709,47.34000015258789
2014-05-14,29.731548309326172,47.36000061035156
2014-05-15,29.392547607421875,46.81999969482422
2014-05-16,29.317232131958008,46.70000076293945
2014-05-19,29.408252716064453,46.845001220703125
2014-05-20,29.32349395751953,46.709999084472656
2014-05-21,29.640533447265625,47.21500015258789
2014-05-22,29.612285614013672,47.16999816894531
2014-05-23,29.552648544311523,47.07500076293945
2014-05-27,29.634262084960938,47.20500183105469
2014-05-28,29.684486389160156,47.28499984741211
2014-05-29,29.938716888427734,47.689998626708984
2014-05-30,29.916749954223633,47.654998779296875
2014-06-02,29.87908935546875,47.595001220703125
2014-06-03,29.982662200927734,47.7599983215332
2014-06-04,29.966976165771484,47.73500061035156
2014-06-05,30.139619827270508,48.0099983215332
2014-06-06,30.38758087158203,48.404998779296875
2014-06-09,30.434659957885742,48.47999954223633
2014-06-10,30.384435653686523,48.400001525878906
2014-06-11,30.50060272216797,48.584999084472656
2014-06-12,30.601024627685547,48.744998931884766
2014-06-13,30.8929443359375,49.209999084472656
2014-06-16,31.078142166137695,49.505001068115234
2014-06-17,31.056171417236328,49.470001220703125
2014-06-18,31.291587829589844,49.845001220703125
2014-06-19,31.514455795288086,50.20000076293945
2014-06-20,31.827905654907227,50.46500015258789
2014-06-23,31.941431045532227,50.64500045776367
2014-06-24,31.269752502441406,49.58000183105469
2014-06-25,31.50624656677246,49.95500183105469
2014-06-26,31.540935516357422,50.0099983215332
2014-06-27,31.540935516357422,50.0099983215332
2014-06-30,31.566165924072266,50.04999923706055
2014-07-01,31.58509063720703,50.08000183105469
2014-07-02,31.53778839111328,50.005001068115234
2014-07-03,31.657621383666992,50.19499969482422
2014-07-07,31.41480827331543,49.810001373291016
2014-07-08,31.364343643188477,49.72999954223633
2014-07-09,31.572479248046875,50.060001373291016
2014-07-10,31.269752502441406,49.58000183105469
2014-07-11,31.03007698059082,49.20000076293945
2014-07-14,31.298114776611328,49.625
2014-07-15,31.162521362304688,49.40999984741211
2014-07-16,31.635549545288086,50.15999984741211
2014-07-17,31.12467384338379,49.349998474121094
2014-07-18,31.216129302978516,49.494998931884766
2014-07-21,31.2634334564209,49.56999969482422
2014-07-22,31.487335205078125,49.92499923706055
2014-07-23,31.689151763916016,50.244998931884766
2014-07-24,31.717517852783203,50.290000915527344
2014-07-25,31.484159469604492,49.91999816894531
2014-07-28,31.408485412597656,49.79999923706055
2014-07-29,31.32965850830078,49.67499923706055
2014-07-30,31.14361000061035,49.380001068115234
2014-07-31,30.4719181060791,48.314998626708984
2014-08-01,30.225940704345703,47.92499923706055
2014-08-04,30.73365592956543,48.72999954223633
2014-08-05,30.061965942382812,47.665000915527344
2014-08-06,30.150253295898438,47.80500030517578
2014-08-07,29.961048126220703,47.505001068115234
2014-08-08,30.46245002746582,48.29999923706055
2014-08-11,30.46560287475586,48.30500030517578
2014-08-12,30.24170684814453,47.95000076293945
2014-08-13,30.339458465576172,48.10499954223633
2014-08-14,30.166019439697266,47.83000183105469
2014-08-15,30.38991928100586,48.185001373291016
2014-08-18,30.4719181060791,48.314998626708984
2014-08-19,30.70526885986328,48.685001373291016
2014-08-20,30.771493911743164,48.790000915527344
2014-08-21,30.796733856201172,48.83000183105469
2014-08-22,30.591745376586914,48.505001068115234
2014-08-25,30.862939834594727,48.935001373291016
2014-08-26,31.020620346069336,49.185001373291016
2014-08-27,30.957536697387695,49.084999084472656
2014-08-28,30.963848114013672,49.095001220703125
2014-08-29,31.137292861938477,49.369998931884766
2014-09-02,30.743099212646484,48.744998931884766
2014-09-03,30.82509994506836,48.875
2014-09-04,30.408851623535156,48.21500015258789
2014-09-05,30.61382293701172,48.540000915527344
2014-09-08,30.13764190673828,47.78499984741211
2014-09-09,30.005191802978516,47.57500076293945
2014-09-10,29.93267250061035,47.459999084472656
2014-09-11,29.951595306396484,47.4900016784668
2014-09-12,29.503801345825195,46.779998779296875
2014-09-15,29.71192741394043,47.11000061035156
2014-09-16,30.071422576904297,47.68000030517578
2014-09-17,29.907438278198242,47.41999816894531
2014-09-18,29.7529239654541,47.17499923706055
2014-09-19,29.728515625,46.89500045776367
2014-09-22,29.291095733642578,46.20500183105469
2014-09-23,29.205528259277344,46.06999969482422
2014-09-24,29.230880737304688,46.11000061035156
2014-09-25,28.783954620361328,45.404998779296875
2014-09-26,29.15479850769043,45.9900016784668
2014-09-29,29.08824348449707,45.8849983215332
2014-09-30,28.723722457885742,45.310001373291016
2014-10-01,28.137331008911133,44.3849983215332
2014-10-02,27.991527557373047,44.154998779296875
2014-10-03,27.9471492767334,44.084999084472656
2014-10-06,27.978845596313477,44.1349983215332
2014-10-07,27.614316940307617,43.560001373291016
2014-10-08,27.88375473022461,43.98500061035156
2014-10-09,26.85995101928711,42.369998931884766
2014-10-10,26.482755661010742,41.775001525878906
2014-10-13,25.664974212646484,40.48500061035156
2014-10-14,25.341665267944336,39.974998474121094
2014-10-15,25.535017013549805,40.279998779296875
2014-10-16,25.991455078125,41.0
2014-10-17,26.21333122253418,41.349998474121094
2014-10-20,26.441553115844727,41.709999084472656
2014-10-21,27.24665069580078,42.97999954223633
2014-10-22,26.72999382019043,42.165000915527344
2014-10-23,27.227632522583008,42.95000076293945
2014-10-24,27.13254165649414,42.79999923706055
2014-10-27,26.561994552612305,41.900001525878906
2014-10-28,27.16740608215332,42.85499954223633
2014-10-29,27.256162643432617,42.994998931884766
2014-10-30,27.157894134521484,42.84000015258789
2014-10-31,27.709428787231445,43.709999084472656
2014-11-03,27.27200698852539,43.02000045776367
2014-11-04,26.710979461669922,42.1349983215332
2014-11-05,27.180089950561523,42.875
2014-11-06,27.522417068481445,43.415000915527344
2014-11-07,27.826711654663086,43.89500045776367
2014-11-10,27.5762996673584,43.5
2014-11-11,27.658706665039062,43.630001068115234
2014-11-12,27.414634704589844,43.244998931884766
2014-11-13,27.050140380859375,42.66999816894531
2014-11-14,27.325889587402344,43.10499954223633
2014-11-17,27.18326187133789,42.880001068115234
2014-11-18,27.2054386138916,42.915000915527344
2014-11-19,27.348068237304688,43.13999938964844
2014-11-20,27.690414428710938,43.68000030517578
2014-11-21,28.051753997802734,44.25
2014-11-24,27.836217880249023,43.90999984741211
2014-11-25,27.382944107055664,43.19499969482422
2014-11-26,27.03744888305664,42.650001525878906
2014-11-28,25.300460815429688,39.90999984741211
2014-12-01,25.38920783996582,40.04999923706055
2014-12-02,25.664974212646484,40.48500061035156
2014-12-03,25.978776931762695,40.97999954223633
2014-12-04,25.75372886657715,40.625
2014-12-05,25.446273803710938,40.13999938964844
2014-12-08,24.416120529174805,38.51499938964844
2014-12-09,24.68236541748047,38.935001373291016
2014-12-10,23.92164421081543,37.73500061035156
2014-12-11,23.905797958374023,37.709999084472656
2014-12-12,23.462039947509766,37.0099983215332
2014-12-15,23.252840042114258,36.68000030517578
2014-12-16,23.45887565612793,37.005001068115234
2014-12-17,24.431968688964844,38.540000915527344
2014-12-18,24.90107536315918,39.279998779296875
2014-12-19,25.69682502746582,40.28499984741211
2014-12-22,25.435298919677734,39.875
2014-12-23,25.744670867919922,40.36000061035156
2014-12-24,25.556486129760742,40.064998626708984
2014-12-26,25.550111770629883,40.05500030517578
2014-12-29,25.642621994018555,40.20000076293945
2014-12-30,25.438486099243164,39.880001068115234
2014-12-31,25.247127532958984,39.58000183105469
2015-01-02,25.365135192871094,39.76499938964844
2015-01-05,24.315824508666992,38.119998931884766
2015-01-06,23.9586238861084,37.560001373291016
2015-01-07,24.009647369384766,37.63999938964844
2015-01-08,24.548648834228516,38.48500061035156
2015-01-09,24.354101181030273,38.18000030517578
2015-01-12,23.652437210083008,37.08000183105469
2015-01-13,23.464262008666992,36.78499984741211
2015-01-14,23.53762435913086,36.900001525878906
2015-01-15,23.237815856933594,36.43000030517578
2015-01-16,23.99370765686035,37.6150016784668
2015-01-20,24.022397994995117,37.65999984741211
2015-01-21,24.5103816986084,38.42499923706055
2015-01-22,24.62519645690918,38.60499954223633
2015-01-23,24.449785232543945,38.33000183105469
2015-01-26,24.800600051879883,38.880001068115234
2015-01-27,24.784664154052734,38.85499954223633
2015-01-28,23.808717727661133,37.32500076293945
2015-01-29,23.888452529907227,37.45000076293945
2015-01-30,24.095762252807617,37.775001525878906
2015-02-02,24.83251190185547,38.93000030517578
2015-02-03,25.5118408203125,39.994998931884766
2015-02-04,25.090843200683594,39.334999084472656
2015-02-05,25.45124626159668,39.900001525878906
2015-02-06,25.457622528076172,39.90999984741211
2015-02-09,25.483144760131836,39.95000076293945
2015-02-10,25.470386505126953,39.93000030517578
2015-02-11,25.291784286499023,39.650001525878906
2015-02-12,25.623472213745117,40.16999816894531
2015-02-13,26.165658950805664,41.02000045776367
2015-02-17,26.245407104492188,41.14500045776367
2015-02-18,25.932844161987305,40.654998779296875
2015-02-19,25.8116512298584,40.46500015258789
2015-02-20,25.687259674072266,40.27000045776367
2015-02-23,25.58201026916504,40.10499954223633
2015-02-24,25.652177810668945,40.21500015258789
2015-02-25,25.792518615722656,40.435001373291016
2015-02-26,25.314105987548828,39.685001373291016
2015-02-27,25.202468872070312,39.5099983215332
2015-03-02,25.027067184448242,39.23500061035156
2015-03-03,25.119556427001953,39.380001068115234
2015-03-04,25.0844669342041,39.32500076293945
2015-03-05,24.9345703125,39.09000015258789
2015-03-06,24.488054275512695,38.38999938964844
2015-03-09,24.312633514404297,38.1150016784668
2015-03-10,23.974565505981445,37.584999084472656
2015-03-11,24.044729232788086,37.69499969482422
2015-03-12,23.89164924621582,37.45500183105469
2015-03-13,23.802335739135742,37.314998626708984
2015-03-16,24.124467849731445,37.81999969482422
2015-03-17,24.031980514526367,37.67499923706055
2015-03-18,24.730445861816406,38.77000045776367
2015-03-19,24.338153839111328,38.154998779296875
2015-03-20,24.69619369506836,38.45500183105469
2015-03-23,24.60948371887207,38.31999969482422
2015-03-24,24.445722579956055,38.064998626708984
2015-03-25,24.763614654541016,38.560001373291016
2015-03-26,24.73472023010254,38.51499938964844
2015-03-27,24.53243064880371,38.20000076293945
2015-03-30,25.059032440185547,39.02000045776367
2015-03-31,24.911331176757812,38.790000915527344
2015-04-01,24.904911041259766,38.779998779296875
2015-04-02,24.956279754638672,38.86000061035156
2015-04-06,25.40582275390625,39.560001373291016
2015-04-07,25.42188835144043,39.584999084472656
2015-04-08,25.21637535095215,39.26499938964844
2015-04-09,25.620969772338867,39.89500045776367
2015-04-10,25.733348846435547,40.06999969482422
2015-04-13,25.476472854614258,39.66999816894531
2015-04-14,25.93564796447754,40.3849983215332
2015-04-15,26.555377960205078,41.349998474121094
2015-04-16,26.49437141418457,41.255001068115234
2015-04-17,26.301719665527344,40.95500183105469
2015-04-20,26.40126609802246,41.11000061035156
2015-04-21,26.121891021728516,40.67499923706055
2015-04-22,26.29529571533203,40.94499969482422
2015-04-23,26.475114822387695,41.224998474121094
2015-04-24,26.32419204711914,40.9900016784668
2015-04-27,26.29529571533203,40.94499969482422
2015-04-28,26.426939010620117,41.150001525878906
2015-04-29,26.6324520111084,41.470001220703125
2015-04-30,26.54896354675293,41.34000015258789
2015-05-01,26.609973907470703,41.435001373291016
2015-05-04,26.54254150390625,41.33000183105469
2015-05-05,26.215009689331055,40.81999969482422
2015-05-06,26.112262725830078,40.65999984741211
2015-05-07,25.82969093322754,40.220001220703125
2015-05-08,26.253543853759766,40.880001068115234
2015-05-11,25.759048461914062,40.11000061035156
2015-05-12,25.87784767150879,40.29499816894531
2015-05-13,25.810420989990234,40.189998626708984
2015-05-14,25.8007869720459,40.17499923706055
2015-05-15,25.90353775024414,40.334999084472656
2015-05-18,25.926015853881836,40.369998931884766
2015-05-19,25.556747436523438,39.79499816894531
2015-05-20,25.604917526245117,39.869998931884766
2015-05-21,25.84575080871582,40.244998931884766
2015-05-22,25.752620697021484,40.099998474121094
2015-05-26,25.344825744628906,39.46500015258789
2015-05-27,25.299869537353516,39.39500045776367
2015-05-28,25.200321197509766,39.2400016784668
2015-05-29,25.171424865722656,39.19499969482422
2015-06-01,25.107196807861328,39.095001220703125
2015-06-02,25.280603408813477,39.3650016784668
2015-06-03,25.107196807861328,39.095001220703125
2015-06-04,24.766826629638672,38.564998626708984
2015-06-05,24.940229415893555,38.834999084472656
2015-06-08,24.798946380615234,38.6150016784668
2015-06-09,24.795730590820312,38.61000061035156
2015-06-10,25.10078239440918,39.084999084472656
2015-06-11,24.98839569091797,38.90999984741211
2015-06-12,24.70902442932129,38.474998474121094
2015-06-15,24.651229858398438,38.3849983215332
2015-06-16,24.84389877319336,38.685001373291016
2015-06-17,24.78288459777832,38.59000015258789
2015-06-18,24.766826629638672,38.564998626708984
2015-06-19,24.537004470825195,37.95500183105469
2015-06-22,24.837617874145508,38.41999816894531
2015-06-23,24.918432235717773,38.54499816894531
2015-06-24,24.76327133178711,38.30500030517578
2015-06-25,24.511146545410156,37.915000915527344
2015-06-26,24.591960906982422,38.040000915527344
2015-06-29,24.126493453979492,37.31999969482422
2015-06-30,24.29458236694336,37.58000183105469
2015-07-01,23.984272003173828,37.099998474121094
2015-07-02,24.090932846069336,37.26499938964844
2015-07-06,23.774169921875,36.775001525878906
2015-07-07,23.990737915039062,37.11000061035156
2015-07-08,23.50588035583496,36.36000061035156
2015-07-09,23.625473022460938,36.54499816894531
2015-07-10,23.75476837158203,36.744998931884766
2015-07-13,23.9228572845459,37.005001068115234
2015-07-14,24.09417152404785,37.27000045776367
2015-07-15,23.670730590820312,36.6150016784668
2015-07-16,23.703054428100586,36.665000915527344
2015-07-17,23.41537857055664,36.220001220703125
2015-07-20,23.105064392089844,35.7400016784668
2015-07-21,23.114755630493164,35.755001068115234
2015-07-22,22.92727279663086,35.46500015258789
2015-07-23,22.90788459777832,35.435001373291016
2015-07-24,22.468278884887695,34.755001068115234
2015-07-27,22.145042419433594,34.255001068115234
2015-07-28,22.778596878051758,35.23500061035156
2015-07-29,23.088903427124023,35.71500015258789
2015-07-30,22.92727279663086,35.46500015258789
2015-07-31,22.426259994506836,34.689998626708984
2015-08-03,21.954330444335938,33.959999084472656
2015-08-04,21.879989624023438,33.845001220703125
2015-08-05,21.71513557434082,33.59000015258789
2015-08-06,22.061002731323242,34.125
2015-08-07,21.666654586791992,33.51499938964844
2015-08-10,22.35837745666504,34.584999084472656
2015-08-11,22.400405883789062,34.650001525878906
2015-08-12,22.80768394470215,35.279998779296875
2015-08-13,22.461816787719727,34.744998931884766
2015-08-14,22.413330078125,34.66999816894531
2015-08-17,22.461816787719727,34.744998931884766
2015-08-18,22.377779006958008,34.6150016784668
2015-08-19,21.76039695739746,33.65999984741211
2015-08-20,21.26906967163086,32.900001525878906
2015-08-21,20.525625228881836,31.75
2015-08-24,19.423377990722656,30.045000076293945
2015-08-25,19.142162322998047,29.610000610351562
2015-08-26,19.80157470703125,30.6299991607666
2015-08-27,20.780975341796875,32.14500045776367
2015-08-28,21.25290870666504,32.875
2015-08-31,21.47270965576172,33.21500015258789
2015-09-01,20.716333389282227,32.04499816894531
2015-09-02,20.907045364379883,32.34000015258789
2015-09-03,20.965227127075195,32.43000030517578
2015-09-04,20.619359970092773,31.895000457763672
2015-09-08,20.94260597229004,32.39500045776367
2015-09-09,20.548246383666992,31.78499984741211
2015-09-10,20.667848587036133,31.969999313354492
2015-09-11,20.483598709106445,31.684999465942383
2015-09-14,20.305818557739258,31.40999984741211
2015-09-15,20.532087326049805,31.760000228881836
2015-09-16,21.113916397094727,32.65999984741211
2015-09-17,21.100984573364258,32.63999938964844
2015-09-18,20.546781539916992,31.549999237060547
2015-09-21,20.664003372192383,31.729999542236328
2015-09-22,20.445831298828125,31.395000457763672
2015-09-23,20.18207550048828,30.989999771118164
2015-09-24,20.269996643066406,31.125
2015-09-25,20.30906867980957,31.184999465942383
2015-09-28,19.498275756835938,29.940000534057617
2015-09-29,19.46896743774414,29.895000457763672
2015-09-30,19.928096771240234,30.600000381469727
2015-10-01,19.967172622680664,30.65999984741211
2015-10-02,20.790990829467773,31.924999237060547
2015-10-05,21.419443130493164,32.88999938964844
2015-10-06,21.894853591918945,33.619998931884766
2015-10-07,22.171628952026367,34.04499816894531
2015-10-08,22.59494400024414,34.69499969482422
2015-10-09,22.448410034179688,34.470001220703125
2015-10-12,22.158607482910156,34.025001525878906
2015-10-13,21.92740821838379,33.66999816894531
2015-10-14,22.116273880004883,33.959999084472656
2015-10-15,22.513538360595703,34.56999969482422
2015-10-16,22.5428466796875,34.6150016784668
2015-10-19,22.09674072265625,33.93000030517578
2015-10-20,22.158607482910156,34.025001525878906
2015-10-21,21.885086059570312,33.60499954223633
2015-10-22,22.27908706665039,34.209999084472656
2015-10-23,22.226985931396484,34.130001068115234
2015-10-26,21.68320083618164,33.29499816894531
2015-10-27,21.42270278930664,32.89500045776367
2015-10-28,21.898109436035156,33.625
2015-10-29,22.00881576538086,33.79499816894531
2015-10-30,22.15209197998047,34.01499938964844
2015-11-02,22.669837951660156,34.810001373291016
2015-11-03,23.249446868896484,35.70000076293945
2015-11-04,23.041044235229492,35.380001068115234
2015-11-05,22.845674514770508,35.08000183105469
2015-11-06,22.72844123840332,34.900001525878906
2015-11-09,22.50376319885254,34.55500030517578
2015-11-10,22.552608489990234,34.630001068115234
2015-11-11,22.073942184448242,33.89500045776367
2015-11-12,21.572486877441406,33.125
2015-11-13,21.48456382751465,32.9900016784668
2015-11-16,22.200942993164062,34.09000015258789
2015-11-17,21.95672607421875,33.71500015258789
2015-11-18,22.318161010742188,34.27000045776367
2015-11-19,22.018590927124023,33.810001373291016
2015-11-20,21.784147262573242,33.45000076293945
2015-11-23,21.94043731689453,33.689998626708984
2015-11-24,22.40933609008789,34.40999984741211
2015-11-25,22.226985931396484,34.130001068115234
2015-11-27,22.067428588867188,33.8849983215332
2015-11-30,22.148839950561523,34.0099983215332
2015-12-01,22.324674606323242,34.279998779296875
2015-12-02,21.63435935974121,33.220001220703125
2015-12-03,21.201284408569336,32.55500030517578
2015-12-04,21.067777633666992,32.349998474121094
2015-12-07,20.266738891601562,31.1200008392334
2015-12-08,20.05834197998047,30.799999237060547
2015-12-09,20.32209587097168,31.204999923706055
2015-12-10,20.452341079711914,31.405000686645508
2015-12-11,19.687129974365234,30.229999542236328
2015-12-14,19.791330337524414,30.389999389648438
2015-12-15,20.289527893066406,31.155000686645508
2015-12-16,20.156030654907227,30.950000762939453
2015-12-17,19.66108512878418,30.190000534057617
2015-12-18,19.316741943359375,29.395000457763672
2015-12-21,19.336450576782227,29.424999237060547
2015-12-22,19.56316566467285,29.770000457763672
2015-12-23,20.41417121887207,31.065000534057617
2015-12-24,20.23016929626465,30.78499984741211
2015-12-28,19.862167358398438,30.225000381469727
2015-12-29,20.000165939331055,30.434999465942383
2015-12-30,19.73073959350586,30.024999618530273
2015-12-31,19.8194580078125,30.15999984741211
2016-01-04,19.812885284423828,30.149999618530273
2016-01-05,19.88845443725586,30.264999389648438
2016-01-06,19.122880935668945,29.100000381469727
2016-01-07,18.65631675720215,28.389999389648438
2016-01-08,18.416454315185547,28.024999618530273
2016-01-11,18.02216911315918,27.424999237060547
2016-01-12,18.064878463745117,27.489999771118164
2016-01-13,17.631168365478516,26.829999923706055
2016-01-14,18.390169143676758,27.985000610351562
2016-01-15,17.857877731323242,27.174999237060547
2016-01-19,17.473453521728516,26.59000015258789
2016-01-20,17.01016616821289,25.885000228881836
2016-01-21,17.539165496826172,26.690000534057617
2016-01-22,18.31459617614746,27.8700008392334
2016-01-25,17.46031379699707,26.56999969482422
2016-01-26,18.12074089050293,27.575000762939453
2016-01-27,18.03531265258789,27.44499969482422
2016-01-28,18.584028244018555,28.280000686645508
2016-01-29,19.126163482666016,29.104999542236328
2016-02-01,18.807453155517578,28.6200008392334
2016-02-02,18.17987823486328,27.665000915527344
2016-02-03,18.82716941833496,28.649999618530273
2016-02-04,18.817310333251953,28.635000228881836
2016-02-05,18.380308151245117,27.969999313354492
2016-02-08,18.285024642944336,27.825000762939453
2016-02-09,17.844738006591797,27.155000686645508
2016-02-10,17.772451400756836,27.045000076293945
2016-02-11,17.69687271118164,26.93000030517578
2016-02-12,18.1634521484375,27.639999389648438
2016-02-16,18.344165802001953,27.915000915527344
2016-02-17,18.94545555114746,28.829999923706055
2016-02-18,18.70887565612793,28.469999313354492
2016-02-19,18.666170120239258,28.405000686645508
2016-02-22,19.142595291137695,29.1299991607666
2016-02-23,18.48873519897461,28.135000228881836
2016-02-24,18.676023483276367,28.420000076293945
2016-02-25,18.692453384399414,28.44499969482422
2016-02-26,18.804170608520508,28.614999771118164
2016-02-29,18.590600967407227,28.290000915527344
2016-03-01,19.076879501342773,29.030000686645508
2016-03-02,19.543455123901367,29.739999771118164
2016-03-03,19.839170455932617,30.190000534057617
2016-03-04,20.029741287231445,30.479999542236328
2016-03-07,20.499595642089844,31.19499969482422
2016-03-08,19.638736724853516,29.885000228881836
2016-03-09,19.957456588745117,30.3700008392334
2016-03-10,19.973886489868164,30.395000457763672
2016-03-11,20.48973846435547,31.18000030517578
2016-03-14,20.355026245117188,30.975000381469727
2016-03-15,20.31559944152832,30.915000915527344
2016-03-16,20.66716957092285,31.450000762939453
2016-03-17,20.949745178222656,31.8799991607666
2016-03-18,21.00996971130371,31.7450008392334
2016-03-21,20.93716812133789,31.635000228881836
2016-03-22,20.82134437561035,31.459999084472656
2016-03-23,20.36467742919922,30.770000457763672
2016-03-24,20.46395492553711,30.920000076293945
2016-03-28,20.354751586914062,30.7549991607666
2016-03-29,20.450721740722656,30.899999618530273
2016-03-30,20.490427017211914,30.959999084472656
2016-03-31,20.480493545532227,30.94499969482422
2016-04-01,20.20583724975586,30.530000686645508
2016-04-04,20.056922912597656,30.30500030517578
2016-04-05,19.921249389648438,30.100000381469727
2016-04-06,20.351438522338867,30.75
2016-04-07,20.232315063476562,30.56999969482422
2016-04-08,20.63934326171875,31.184999465942383
2016-04-11,20.553300857543945,31.05500030517578
2016-04-12,21.16550064086914,31.979999542236328
2016-04-13,21.264780044555664,32.130001068115234
2016-04-14,21.314416885375977,32.20500183105469
2016-04-15,21.026517868041992,31.770000457763672
2016-04-18,21.373977661132812,32.29499816894531
2016-04-19,21.800859451293945,32.939998626708984
2016-04-20,21.99610137939453,33.23500061035156
2016-04-21,21.867046356201172,33.040000915527344
2016-04-22,22.184724807739258,33.52000045776367
2016-04-25,21.936542510986328,33.14500045776367
2016-04-26,22.287309646606445,33.67499923706055
2016-04-27,22.710886001586914,34.314998626708984
2016-04-28,22.373355865478516,33.80500030517578
2016-04-29,22.336950302124023,33.75
2016-05-02,22.313791275024414,33.71500015258789
2016-05-03,21.787622451782227,32.91999816894531
2016-05-04,21.473251342773438,32.44499969482422
2016-05-05,21.648639678955078,32.709999084472656
2016-05-06,21.598997116088867,32.6349983215332
2016-05-09,21.284635543823242,32.15999984741211
2016-05-10,21.658567428588867,32.724998474121094
2016-05-11,21.72475814819336,32.82500076293945
2016-05-12,21.784318923950195,32.915000915527344
2016-05-13,21.50634002685547,32.494998931884766
2016-05-16,21.870351791381836,33.04499816894531
2016-05-17,21.97294044494629,33.20000076293945
2016-05-18,21.761146545410156,32.880001068115234
2016-05-19,21.76445960998535,32.8849983215332
2016-05-20,21.893522262573242,33.08000183105469
2016-05-23,21.837261199951172,32.994998931884766
2016-05-24,21.94646644592285,33.15999984741211
2016-05-25,22.293933868408203,33.685001373291016
2016-05-26,22.201263427734375,33.54499816894531
2016-05-27,22.214508056640625,33.564998626708984
2016-05-31,22.12847328186035,33.435001373291016
2016-06-01,22.135086059570312,33.44499969482422
2016-06-02,22.10530662536621,33.400001525878906
2016-06-03,22.01926612854004,33.27000045776367
2016-06-06,22.50571632385254,34.005001068115234
2016-06-07,23.015331268310547,34.775001525878906
2016-06-08,22.962387084960938,34.69499969482422
2016-06-09,22.78699493408203,34.43000030517578
2016-06-10,22.293933868408203,33.685001373291016
2016-06-13,22.227750778198242,33.584999084472656
2016-06-14,22.214508056640625,33.564998626708984
2016-06-15,22.161561965942383,33.48500061035156
2016-06-16,22.05567169189453,33.32500076293945
2016-06-17,22.280839920043945,33.44499969482422
2016-06-20,22.47403907775879,33.73500061035156
2016-06-21,22.740520477294922,34.1349983215332
2016-06-22,22.613935470581055,33.94499969482422
2016-06-23,22.987003326416016,34.505001068115234
2016-06-24,22.244203567504883,33.38999938964844
2016-06-27,21.5313777923584,32.31999969482422
2016-06-28,22.130950927734375,33.220001220703125
2016-06-29,22.55065155029297,33.849998474121094
2016-06-30,22.73052406311035,34.119998931884766
2016-07-01,22.850435256958008,34.29999923706055
2016-07-05,22.390756607055664,33.61000061035156
2016-07-06,22.48736000061035,33.755001068115234
2016-07-07,22.257522583007812,33.40999984741211
2016-07-08,22.553979873657227,33.85499954223633
2016-07-11,22.59728240966797,33.91999816894531
2016-07-12,23.15688133239746,34.7599983215332
2016-07-13,22.9570255279541,34.459999084472656
2016-07-14,23.0736083984375,34.6349983215332
2016-07-15,23.06029510498047,34.6150016784668
2016-07-18,23.07694435119629,34.63999938964844
2016-07-19,22.94703483581543,34.44499969482422
2016-07-20,22.91372299194336,34.39500045776367
2016-07-21,22.687219619750977,34.05500030517578
2016-07-22,22.757177352905273,34.15999984741211
2016-07-25,22.304157257080078,33.47999954223633
2016-07-26,22.434062957763672,33.67499923706055
2016-07-27,22.214223861694336,33.345001220703125
2016-07-28,22.217552185058594,33.349998474121094
2016-07-29,22.444059371948242,33.689998626708984
2016-08-01,21.704587936401367,32.58000183105469
2016-08-02,21.90110969543457,32.875
2016-08-03,22.324142456054688,33.5099983215332
2016-08-04,22.290830612182617,33.459999084472656
2016-08-05,22.49402618408203,33.76499938964844
2016-08-08,22.793811798095703,34.21500015258789
2016-08-09,22.67389488220215,34.03499984741211
2016-08-10,22.427404403686523,33.665000915527344
2016-08-11,22.757177352905273,34.15999984741211
2016-08-12,22.883739471435547,34.349998474121094
2016-08-15,23.06695556640625,34.625
2016-08-16,23.103588104248047,34.68000030517578
2016-08-17,23.173545837402344,34.78499984741211
2016-08-18,23.649869918823242,35.5
2016-08-19,23.45334243774414,35.20500183105469
2016-08-22,23.183530807495117,34.79999923706055
2016-08-23,23.34674644470215,35.04499816894531
2016-08-24,23.25348472595215,34.904998779296875
2016-08-25,23.19019889831543,34.810001373291016
2016-08-26,23.11025047302246,34.689998626708984
2016-08-29,23.266801834106445,34.92499923706055
2016-08-30,23.186864852905273,34.80500030517578
2016-08-31,22.820457458496094,34.255001068115234
2016-09-01,22.753835678100586,34.154998779296875
2016-09-02,23.010330200195312,34.540000915527344
2016-09-06,23.356746673583984,35.060001373291016
2016-09-07,23.489974975585938,35.2599983215332
2016-09-08,23.92967414855957,35.91999816894531
2016-09-09,23.216840744018555,34.849998474121094
2016-09-12,23.44668197631836,35.19499969482422
2016-09-13,22.77715492248535,34.189998626708984
2016-09-14,22.50735092163086,33.78499984741211
2016-09-15,22.78714942932129,34.20500183105469
2016-09-16,22.603168487548828,33.724998474121094
2016-09-19,22.589771270751953,33.70500183105469
2016-09-20,22.425561904907227,33.459999084472656
2016-09-21,22.944984436035156,34.23500061035156
2016-09-22,22.971797943115234,34.275001525878906
2016-09-23,22.66684913635254,33.81999969482422
2016-09-26,22.56631088256836,33.66999816894531
2016-09-27,22.415512084960938,33.44499969482422
2016-09-28,23.38397789001465,34.88999938964844
2016-09-29,23.343767166137695,34.83000183105469
2016-09-30,23.662120819091797,35.30500030517578
2016-10-03,23.645366668701172,35.279998779296875
2016-10-04,23.404083251953125,34.91999816894531
2016-10-05,23.76265525817871,35.45500183105469
2016-10-06,23.799518585205078,35.5099983215332
2016-10-07,23.662120819091797,35.30500030517578
2016-10-10,24.03409767150879,35.86000061035156
2016-10-11,23.75931167602539,35.45000076293945
2016-10-12,23.658763885498047,35.29999923706055
2016-10-13,23.528079986572266,35.10499954223633
2016-10-14,23.39068031311035,34.900001525878906
2016-10-17,23.276748657226562,34.72999954223633
2016-10-18,23.37057113647461,34.869998931884766
2016-10-19,23.702335357666016,35.3650016784668
2016-10-20,23.675527572631836,35.32500076293945
2016-10-21,23.521373748779297,35.095001220703125
2016-10-24,23.45100212097168,34.9900016784668
2016-10-25,23.343767166137695,34.83000183105469
2016-10-26,23.39738655090332,34.90999984741211
2016-10-27,23.310253143310547,34.779998779296875
2016-10-28,23.2465877532959,34.685001373291016
2016-10-31,22.995250701904297,34.310001373291016
2016-11-01,22.998605728149414,34.314998626708984
2016-11-02,22.74392318725586,33.935001373291016
2016-11-03,22.83439826965332,34.06999969482422
2016-11-04,22.710403442382812,33.8849983215332
2016-11-07,23.199674606323242,34.6150016784668
2016-11-08,23.229833602905273,34.65999984741211
2016-11-09,23.608501434326172,35.224998474121094
2016-11-10,23.70903778076172,35.375
2016-11-11,23.276748657226562,34.72999954223633
2016-11-14,23.407432556152344,34.92499923706055
2016-11-15,24.067615509033203,35.90999984741211
2016-11-16,23.900053024291992,35.65999984741211
2016-11-17,23.739198684692383,35.41999816894531
2016-11-18,23.836376190185547,35.564998626708984
2016-11-21,24.402711868286133,36.40999984741211
2016-11-22,24.389312744140625,36.38999938964844
2016-11-23,24.489835739135742,36.540000915527344
2016-11-25,24.369203567504883,36.36000061035156
2016-11-28,24.030742645263672,35.85499954223633
2016-11-29,23.735851287841797,35.415000915527344
2016-11-30,24.942245483398438,37.21500015258789
2016-12-01,25.00255584716797,37.30500030517578
2016-12-02,25.076284408569336,37.415000915527344
2016-12-05,25.297460556030273,37.744998931884766
2016-12-06,25.25054168701172,37.67499923706055
2016-12-07,25.451610565185547,37.974998474121094
2016-12-08,25.589000701904297,38.18000030517578
2016-12-09,25.66942596435547,38.29999923706055
2016-12-12,25.790063858032227,38.47999954223633
2016-12-13,26.081613540649414,38.915000915527344
2016-12-14,25.558847427368164,38.1349983215332
2016-12-15,25.615819931030273,38.220001220703125
2016-12-16,25.774818420410156,38.255001068115234
2016-12-19,25.65691375732422,38.08000183105469
2016-12-20,25.59964370727539,37.994998931884766
2016-12-21,25.640064239501953,38.05500030517578
2016-12-22,25.744504928588867,38.209999084472656
2016-12-23,25.720922470092773,38.17499923706055
2016-12-27,25.77818489074707,38.2599983215332
2016-12-28,25.498580932617188,37.845001220703125
2016-12-29,25.448043823242188,37.77000045776367
2016-12-30,25.373926162719727,37.65999984741211
2017-01-03,25.660282135009766,38.084999084472656
2017-01-04,25.606380462646484,38.005001068115234
2017-01-05,25.54237174987793,37.90999984741211
2017-01-06,25.565950393676758,37.94499969482422
2017-01-09,25.19538116455078,37.39500045776367
2017-01-10,24.96630859375,37.05500030517578
2017-01-11,25.23581314086914,37.45500183105469
2017-01-12,25.131376266479492,37.29999923706055
2017-01-13,25.057262420654297,37.189998626708984
2017-01-17,25.21222496032715,37.41999816894531
2017-01-18,25.154958724975586,37.334999084472656
2017-01-19,25.0168399810791,37.130001068115234
2017-01-20,25.111164093017578,37.27000045776367
2017-01-23,24.84503173828125,36.875
2017-01-24,25.117904663085938,37.279998779296875
2017-01-25,25.249286651611328,37.474998474121094
2017-01-26,25.269502639770508,37.505001068115234
2017-01-27,25.006732940673828,37.1150016784668
2017-01-30,24.54857635498047,36.435001373291016
2017-01-31,24.55868148803711,36.45000076293945
2017-02-01,24.376768112182617,36.18000030517578
2017-02-02,24.514888763427734,36.3849983215332
2017-02-03,24.72711944580078,36.70000076293945
2017-02-06,24.518251419067383,36.38999938964844
2017-02-07,24.1712646484375,35.875
2017-02-08,24.228538513183594,35.959999084472656
2017-02-09,24.501405715942383,36.3650016784668
2017-02-10,24.686695098876953,36.63999938964844
2017-02-13,24.733850479125977,36.709999084472656
2017-02-14,24.8147029876709,36.83000183105469
2017-02-15,24.71701431274414,36.685001373291016
2017-02-16,24.38013458251953,36.185001373291016
2017-02-17,24.245378494262695,35.98500061035156
2017-02-21,24.410449981689453,36.22999954223633
2017-02-22,24.03988265991211,35.68000030517578
2017-02-23,24.14094352722168,35.83000183105469
2017-02-24,23.915233612060547,35.494998931884766
2017-02-27,24.1207275390625,35.79999923706055
2017-02-28,24.046613693237305,35.689998626708984
2017-03-01,24.528358459472656,36.404998779296875
2017-03-02,24.295913696289062,36.060001373291016
2017-03-03,24.25211524963379,35.994998931884766
2017-03-06,24.306015014648438,36.07500076293945
2017-03-07,24.090410232543945,35.755001068115234
2017-03-08,23.46381378173828,34.82500076293945
2017-03-09,23.618776321411133,35.05500030517578
2017-03-10,23.5850887298584,35.005001068115234
2017-03-13,23.58846092224121,35.0099983215332
2017-03-14,23.32232093811035,34.6150016784668
2017-03-15,23.84111785888672,35.3849983215332
2017-03-16,23.67267608642578,35.1349983215332
2017-03-17,23.655393600463867,34.900001525878906
2017-03-20,23.621503829956055,34.849998474121094
2017-03-21,23.455448150634766,34.60499954223633
2017-03-22,23.421550750732422,34.55500030517578
2017-03-23,23.3266658782959,34.415000915527344
2017-03-24,23.235157012939453,34.279998779296875
2017-03-27,23.126710891723633,34.119998931884766
2017-03-28,23.455448150634766,34.60499954223633
2017-03-29,23.777400970458984,35.08000183105469
2017-03-30,23.77062225341797,35.06999969482422
2017-03-31,23.689285278320312,34.95000076293945
2017-04-03,23.648618698120117,34.88999938964844
2017-04-04,23.821460723876953,35.14500045776367
2017-04-05,23.74690055847168,35.03499984741211
2017-04-06,23.936677932739258,35.314998626708984
2017-04-07,23.84518814086914,35.18000030517578
2017-04-10,24.024799346923828,35.44499969482422
2017-04-11,24.02819061279297,35.45000076293945
2017-04-12,23.926509857177734,35.29999923706055
2017-04-13,23.489334106445312,34.654998779296875
2017-04-17,23.540172576904297,34.72999954223633
2017-04-18,23.31988525390625,34.404998779296875
2017-04-19,22.97758674621582,33.900001525878906
2017-04-20,23.089427947998047,34.064998626708984
2017-04-21,22.974199295043945,33.89500045776367
2017-04-24,23.109764099121094,34.095001220703125
2017-04-25,23.306324005126953,34.3849983215332
2017-04-26,23.228378295898438,34.27000045776367
2017-04-27,22.974199295043945,33.89500045776367
2017-04-28,22.99114418029785,33.91999816894531
2017-05-01,22.9267635345459,33.82500076293945
2017-05-02,22.81153106689453,33.654998779296875
2017-05-03,22.87592124938965,33.75
2017-05-04,22.455678939819336,33.130001068115234
2017-05-05,22.81153106689453,33.654998779296875
2017-05-08,22.974199295043945,33.89500045776367
2017-05-09,22.784421920776367,33.6150016784668
2017-05-10,23.08603858947754,34.060001373291016
2017-05-11,23.038589477539062,33.9900016784668
2017-05-12,22.960647583007812,33.875
2017-05-15,23.140262603759766,34.13999938964844
2017-05-16,23.025033950805664,33.970001220703125
2017-05-17,22.7979736328125,33.6349983215332
2017-05-18,22.79119300842285,33.625
2017-05-19,23.072481155395508,34.040000915527344
2017-05-22,23.02164649963379,33.96500015258789
2017-05-23,23.075870513916016,34.04499816894531
2017-05-24,22.95387077331543,33.8650016784668
2017-05-25,22.537019729614258,33.25
2017-05-26,22.57429313659668,33.30500030517578
2017-05-30,22.27267074584961,32.86000061035156
2017-05-31,22.177783966064453,32.720001220703125
2017-06-01,22.316726684570312,32.92499923706055
2017-06-02,22.059167861938477,32.54499816894531
2017-06-05,22.099830627441406,32.60499954223633
2017-06-06,22.36078453063965,32.9900016784668
2017-06-07,22.045608520507812,32.525001525878906
2017-06-08,21.98122215270996,32.43000030517578
2017-06-09,22.509904861450195,33.209999084472656
2017-06-12,22.669191360473633,33.44499969482422
2017-06-13,22.838645935058594,33.69499969482422
2017-06-14,22.42517852783203,33.084999084472656
2017-06-15,22.25572395324707,32.834999084472656
2017-06-16,22.623924255371094,33.150001525878906
2017-06-19,22.480602264404297,32.939998626708984
2017-06-20,22.19396209716797,32.52000045776367
2017-06-21,21.835668563842773,31.9950008392334
2017-06-22,21.8220157623291,31.975000381469727
2017-06-23,21.9687442779541,32.189998626708984
2017-06-26,21.92097282409668,32.119998931884766
2017-06-27,21.886852264404297,32.06999969482422
2017-06-28,22.00628662109375,32.244998931884766
2017-06-29,22.05405616760254,32.314998626708984
2017-06-30,22.153011322021484,32.459999084472656
2017-07-03,22.579559326171875,33.084999084472656
2017-07-05,22.122304916381836,32.415000915527344
2017-07-06,21.876611709594727,32.05500030517578
2017-07-07,21.842491149902344,32.005001068115234
2017-07-10,21.914152145385742,32.11000061035156
2017-07-11,22.03358268737793,32.28499984741211
2017-07-12,22.095008850097656,32.375
2017-07-13,22.183727264404297,32.505001068115234
2017-07-14,22.316816329956055,32.70000076293945
2017-07-17,22.289512634277344,32.65999984741211
2017-07-18,22.183727264404297,32.505001068115234
2017-07-19,22.50790023803711,32.97999954223633
2017-07-20,22.43965721130371,32.880001068115234
2017-07-21,22.217853546142578,32.55500030517578
2017-07-24,22.176897048950195,32.494998931884766
2017-07-25,22.45671844482422,32.904998779296875
2017-07-26,22.480602264404297,32.939998626708984
2017-07-27,22.709228515625,33.275001525878906
2017-07-28,22.68192481994629,33.23500061035156
2017-07-31,22.733118057250977,33.310001373291016
2017-08-01,22.729700088500977,33.30500030517578
2017-08-02,22.64439582824707,33.18000030517578
2017-08-03,22.327051162719727,32.71500015258789
2017-08-04,22.39870834350586,32.81999969482422
2017-08-07,22.22808837890625,32.56999969482422
2017-08-08,22.176897048950195,32.494998931884766
2017-08-09,22.19737434387207,32.525001525878906
2017-08-10,21.96192741394043,32.18000030517578
2017-08-11,21.818607330322266,31.969999313354492
2017-08-14,21.75377082824707,31.875
2017-08-15,21.671876907348633,31.7549991607666
2017-08-16,21.46371841430664,31.450000762939453
2017-08-17,21.160018920898438,31.0049991607666
2017-08-18,21.265806198120117,31.15999984741211
2017-08-21,21.1566104888916,31.0
2017-08-22,21.296518325805664,31.204999923706055
2017-08-23,21.38865089416504,31.34000015258789
2017-08-24,21.402297973632812,31.360000610351562
2017-08-25,21.49784278869629,31.5
2017-08-28,21.402297973632812,31.360000610351562
2017-08-29,21.375,31.31999969482422
2017-08-30,21.385231018066406,31.334999084472656
2017-08-31,21.487606048583984,31.485000610351562
2017-09-01,21.69576072692871,31.790000915527344
2017-09-05,21.815189361572266,31.96500015258789
2017-09-06,22.170080184936523,32.48500061035156
2017-09-07,22.211023330688477,32.54499816894531
2017-09-08,21.975574493408203,32.20000076293945
2017-09-11,22.183727264404297,32.505001068115234
2017-09-12,22.32022476196289,32.70500183105469
2017-09-13,22.600038528442383,33.1150016784668
2017-09-14,22.709228515625,33.275001525878906
2017-09-15,22.7628116607666,32.91999816894531
2017-09-18,22.859622955322266,33.060001373291016
2017-09-19,22.952972412109375,33.19499969482422
2017-09-20,23.108545303344727,33.41999816894531
2017-09-21,23.115463256835938,33.43000030517578
2017-09-22,23.233003616333008,33.599998474121094
2017-09-25,23.5683650970459,34.084999084472656
2017-09-26,23.557992935180664,34.06999969482422
2017-09-27,23.65825653076172,34.21500015258789
2017-09-28,23.678998947143555,34.244998931884766
2017-09-29,23.675540924072266,34.2400016784668
2017-10-02,23.66862678527832,34.22999954223633
2017-10-03,23.64443016052246,34.19499969482422
2017-10-04,23.62714195251465,34.16999816894531
2017-10-05,23.73432159423828,34.32500076293945
2017-10-06,23.533796310424805,34.03499984741211
2017-10-09,23.58220100402832,34.10499954223633
2017-10-10,23.60293960571289,34.1349983215332
2017-10-11,23.65825653076172,34.21500015258789
2017-10-12,23.571821212768555,34.09000015258789
2017-10-13,23.557992935180664,34.06999969482422
2017-10-16,23.609853744506836,34.14500045776367
2017-10-17,23.623685836791992,34.165000915527344
2017-10-18,23.45773696899414,33.92499923706055
2017-10-19,23.385129928588867,33.81999969482422
2017-10-20,23.43007469177246,33.8849983215332
2017-10-23,23.309070587158203,33.709999084472656
2017-10-24,23.35401725769043,33.775001525878906
2017-10-25,23.1915225982666,33.540000915527344
2017-10-26,23.239925384521484,33.61000061035156
2017-10-27,23.28141212463379,33.66999816894531
2017-10-30,23.402416229248047,33.845001220703125
2017-10-31,23.478479385375977,33.95500183105469
2017-11-01,23.744688034057617,34.34000015258789
2017-11-02,23.675540924072266,34.2400016784668
2017-11-03,23.744688034057617,34.34000015258789
2017-11-06,24.28748321533203,35.125
2017-11-07,24.256366729736328,35.08000183105469
2017-11-08,24.138822555541992,34.90999984741211
2017-11-09,24.2114200592041,35.01499938964844
2017-11-10,24.083511352539062,34.83000183105469
2017-11-13,23.945215225219727,34.630001068115234
2017-11-14,23.557992935180664,34.06999969482422
2017-11-15,23.291786193847656,33.685001373291016
2017-11-16,23.198436737060547,33.54999923706055
2017-11-17,23.312530517578125,33.71500015258789
2017-11-20,23.2572078704834,33.6349983215332
2017-11-21,23.309070587158203,33.709999084472656
2017-11-22,23.402416229248047,33.845001220703125
2017-11-24,23.46810531616211,33.939998626708984
2017-11-27,23.229555130004883,33.595001220703125
2017-11-28,23.409330368041992,33.85499954223633
2017-11-29,23.537246704101562,34.040000915527344
2017-11-30,23.889894485473633,34.54999923706055
2017-12-01,24.090423583984375,34.84000015258789
2017-12-04,24.080047607421875,34.82500076293945
2017-12-05,23.976327896118164,34.67499923706055
2017-12-06,23.66516876220703,34.224998474121094
2017-12-07,23.73432159423828,34.32500076293945
2017-12-08,23.952125549316406,34.63999938964844
2017-12-11,24.124988555908203,34.88999938964844
2017-12-12,24.059307098388672,34.79499816894531
2017-12-13,24.02473258972168,34.744998931884766
2017-12-14,23.938302993774414,34.619998931884766
2017-12-15,23.91671371459961,34.36000061035156
2017-12-18,24.101177215576172,34.625
2017-12-19,24.135982513427734,34.67499923706055
2017-12-20,24.477052688598633,35.165000915527344
2017-12-21,24.99561882019043,35.90999984741211
2017-12-22,25.047822952270508,35.98500061035156
2017-12-26,25.267078399658203,36.29999923706055
2017-12-27,25.183555603027344,36.18000030517578
2017-12-28,25.221843719482422,36.23500061035156
2017-12-29,25.148752212524414,36.130001068115234
2018-01-02,25.562911987304688,36.724998474121094
2018-01-03,25.94573974609375,37.275001525878906
2018-01-04,26.102359771728516,37.5
2018-01-05,26.091915130615234,37.48500061035156
2018-01-08,26.2485294342041,37.709999084472656
2018-01-09,26.182401657104492,37.6150016784668
2018-01-10,26.151079177856445,37.56999969482422
2018-01-11,26.687053680419922,38.34000015258789
2018-01-12,26.944595336914062,38.709999084472656
2018-01-16,26.603525161743164,38.220001220703125
2018-01-17,26.83669662475586,38.55500030517578
2018-01-18,26.617448806762695,38.2400016784668
2018-01-19,26.582637786865234,38.189998626708984
2018-01-22,27.156892776489258,39.01499938964844
2018-01-23,27.115137100219727,38.95500183105469
2018-01-24,27.042037963867188,38.849998474121094
2018-01-25,26.829742431640625,38.54499816894531
2018-01-26,26.975919723510742,38.755001068115234
2018-01-29,26.5687198638916,38.16999816894531
2018-01-30,26.032752990722656,37.400001525878906
2018-01-31,26.050148010253906,37.42499923706055
2018-02-01,26.31813621520996,37.810001373291016
2018-02-02,25.21835708618164,36.22999954223633
2018-02-05,24.160343170166016,34.709999084472656
2018-02-06,24.351762771606445,34.98500061035156
2018-02-07,23.94456672668457,34.400001525878906
2018-02-08,23.22065544128418,33.36000061035156
2018-02-09,23.203256607055664,33.334999084472656
2018-02-12,23.582611083984375,33.880001068115234
2018-02-13,23.48516273498535,33.7400016784668
2018-02-14,23.82623291015625,34.22999954223633
2018-02-15,23.767065048217773,34.14500045776367
2018-02-16,23.70789909362793,34.060001373291016
2018-02-20,23.57912826538086,33.875
2018-02-21,23.182376861572266,33.30500030517578
2018-02-22,23.43643569946289,33.66999816894531
2018-02-23,23.94456672668457,34.400001525878906
2018-02-26,24.087249755859375,34.60499954223633
2018-02-27,23.774030685424805,34.154998779296875
2018-02-28,23.227619171142578,33.369998931884766
2018-03-01,23.19281578063965,33.31999969482422
2018-03-02,23.30069923400879,33.474998474121094
2018-03-05,23.547807693481445,33.83000183105469
2018-03-06,23.56172752380371,33.849998474121094
2018-03-07,23.384233474731445,33.595001220703125
2018-03-08,23.377275466918945,33.584999084472656
2018-03-09,23.822750091552734,34.224998474121094
2018-03-12,23.815792083740234,34.21500015258789
2018-03-13,23.64525604248047,33.970001220703125
2018-03-14,23.506038665771484,33.77000045776367
2018-03-15,23.384233474731445,33.595001220703125
2018-03-16,23.592790603637695,33.654998779296875
2018-03-19,23.22825813293457,33.1349983215332
2018-03-20,23.424541473388672,33.415000915527344
2018-03-21,24.037931442260742,34.290000915527344
2018-03-22,23.547218322753906,33.59000015258789
2018-03-23,23.40350914001465,33.3849983215332
2018-03-26,23.824119567871094,33.98500061035156
2018-03-27,23.59979820251465,33.665000915527344
2018-03-28,23.140626907348633,33.0099983215332
2018-03-29,23.627840042114258,33.70500183105469
2018-04-02,23.15464973449707,33.029998779296875
2018-04-03,23.64887237548828,33.73500061035156
2018-04-04,23.61731719970703,33.689998626708984
2018-04-05,24.04143524169922,34.29499816894531
2018-04-06,23.606807708740234,33.67499923706055
2018-04-09,23.71896743774414,33.834999084472656
2018-04-10,24.504112243652344,34.95500183105469
2018-04-11,24.759981155395508,35.31999969482422
2018-04-12,24.756473541259766,35.314998626708984
2018-04-13,25.029874801635742,35.70500183105469
2018-04-16,25.285741806030273,36.06999969482422
2018-04-17,25.383888244628906,36.209999084472656
2018-04-18,25.783464431762695,36.779998779296875
2018-04-19,25.815011978149414,36.82500076293945
2018-04-20,25.69233512878418,36.650001525878906
2018-04-23,25.850067138671875,36.875
2018-04-24,25.573165893554688,36.47999954223633
2018-04-25,25.776464462280273,36.77000045776367
2018-04-26,26.151504516601562,37.30500030517578
2018-04-27,25.874597549438477,36.90999984741211
2018-04-30,25.871095657348633,36.904998779296875
2018-05-01,25.71337127685547,36.68000030517578
2018-05-02,25.81852149963379,36.83000183105469
2018-05-03,25.758928298950195,36.744998931884766
2018-05-04,25.885114669799805,36.92499923706055
2018-05-07,25.920166015625,36.974998474121094
2018-05-08,26.123458862304688,37.26499938964844
2018-05-09,26.656234741210938,38.025001525878906
2018-05-10,26.856029510498047,38.310001373291016
2018-05-11,26.894588470458984,38.3650016784668
2018-05-14,27.080366134643555,38.630001068115234
2018-05-15,27.087360382080078,38.63999938964844
2018-05-16,27.18199920654297,38.775001525878906
2018-05-17,27.592100143432617,39.36000061035156
2018-05-18,27.37828826904297,39.05500030517578
2018-05-21,27.658695220947266,39.45500183105469
2018-05-22,27.290660858154297,38.93000030517578
2018-05-23,27.287153244018555,38.92499923706055
2018-05-24,26.838502883911133,38.28499984741211
2018-05-25,26.140993118286133,37.290000915527344
2018-05-29,26.060375213623047,37.17499923706055
2018-05-30,26.849018096923828,38.29999923706055
2018-05-31,26.645727157592773,38.0099983215332
2018-06-01,26.77190399169922,38.189998626708984
2018-06-04,26.54056739807129,37.86000061035156
2018-06-05,26.477474212646484,37.77000045776367
2018-06-06,26.603662490844727,37.95000076293945
2018-06-07,27.006750106811523,38.525001525878906
2018-06-08,26.954172134399414,38.45000076293945
2018-06-11,27.09437370300293,38.650001525878906
2018-06-12,26.887571334838867,38.35499954223633
2018-06-13,26.785921096801758,38.209999084472656
2018-06-14,26.74736785888672,38.154998779296875
2018-06-15,26.172889709472656,37.084999084472656
2018-06-18,26.434022903442383,37.45500183105469
2018-06-19,26.374019622802734,37.369998931884766
2018-06-20,26.490474700927734,37.53499984741211
2018-06-21,25.99997329711914,36.84000015258789
2018-06-22,26.518701553344727,37.57500076293945
2018-06-25,25.985862731933594,36.81999969482422
2018-06-26,26.314041137695312,37.28499984741211
2018-06-27,26.666919708251953,37.78499984741211
2018-06-28,26.63161849975586,37.73500061035156
2018-06-29,26.797483444213867,37.970001220703125
2018-07-02,26.402252197265625,37.40999984741211
2018-07-03,26.56810760498047,37.64500045776367
2018-07-05,26.539880752563477,37.60499954223633
2018-07-06,26.702199935913086,37.834999084472656
2018-07-09,27.10095977783203,38.400001525878906
2018-07-10,27.30208969116211,38.685001373291016
2018-07-11,26.723371505737305,37.8650016784668
2018-07-12,26.769243240356445,37.93000030517578
2018-07-13,26.9103946685791,38.130001068115234
2018-07-16,26.599863052368164,37.689998626708984
2018-07-17,26.494001388549805,37.540000915527344
2018-07-18,26.511634826660156,37.564998626708984
2018-07-19,26.518701553344727,37.57500076293945
2018-07-20,26.426958084106445,37.44499969482422
2018-07-23,26.310501098632812,37.279998779296875
2018-07-24,26.64221954345703,37.75
2018-07-25,26.864517211914062,38.064998626708984
2018-07-26,27.157407760620117,38.47999954223633
2018-07-27,27.040966033935547,38.314998626708984
2018-07-30,27.263288497924805,38.630001068115234
2018-07-31,27.2138729095459,38.560001373291016
2018-08-01,26.836292266845703,38.025001525878906
2018-08-02,26.688081741333008,37.814998626708984
2018-08-03,26.550464630126953,37.619998931884766
2018-08-06,26.649272918701172,37.7599983215332
2018-08-07,26.846881866455078,38.040000915527344
2018-08-08,26.652795791625977,37.76499938964844
2018-08-09,26.405786514282227,37.415000915527344
2018-08-10,26.56810760498047,37.64500045776367
2018-08-13,26.22934913635254,37.165000915527344
2018-08-14,26.292865753173828,37.255001068115234
2018-08-15,25.375381469726562,35.95500183105469
2018-08-16,25.558881759643555,36.21500015258789
2018-08-17,25.62240219116211,36.30500030517578
2018-08-20,25.795303344726562,36.54999923706055
2018-08-21,25.925872802734375,36.73500061035156
2018-08-22,26.236406326293945,37.17499923706055
2018-08-23,26.112892150878906,37.0
2018-08-24,26.303449630737305,37.27000045776367
2018-08-27,26.497533798217773,37.54499816894531
2018-08-28,26.384614944458008,37.3849983215332
2018-08-29,26.546934127807617,37.6150016784668
2018-08-30,26.472827911376953,37.5099983215332
2018-08-31,26.268171310424805,37.220001220703125
2018-09-04,26.21170425415039,37.13999938964844
2018-09-05,26.17641258239746,37.09000015258789
2018-09-06,25.692970275878906,36.404998779296875
2018-09-07,25.6894474029541,36.400001525878906
2018-09-10,25.678857803344727,36.3849983215332
2018-09-11,25.922346115112305,36.72999954223633
2018-09-12,26.056440353393555,36.91999816894531
2018-09-13,26.067020416259766,36.935001373291016
2018-09-14,26.204647064208984,37.130001068115234
2018-09-17,26.24698829650879,37.189998626708984
2018-09-18,26.41990089416504,37.435001373291016
2018-09-19,26.501062393188477,37.54999923706055
2018-09-20,26.508119583129883,37.560001373291016
2018-09-21,26.683284759521484,37.54999923706055
2018-09-24,27.074119567871094,38.099998474121094
2018-09-25,27.248218536376953,38.345001220703125
2018-09-26,26.98529624938965,37.974998474121094
2018-09-27,26.98529624938965,37.974998474121094
2018-09-28,26.910676956176758,37.869998931884766
2018-10-01,27.283742904663086,38.39500045776367
2018-10-02,27.312170028686523,38.435001373291016
2018-10-03,27.532459259033203,38.744998931884766
2018-10-04,27.418766021728516,38.584999084472656
2018-10-05,27.41520881652832,38.58000183105469
2018-10-08,27.393888473510742,38.54999923706055
2018-10-09,27.639053344726562,38.89500045776367
2018-10-10,26.772111892700195,37.67499923706055
2018-10-11,25.866086959838867,36.400001525878906
2018-10-12,25.93714714050293,36.5
2018-10-15,25.720413208007812,36.19499969482422
2018-10-16,25.933584213256836,36.494998931884766
2018-10-17,25.770151138305664,36.26499938964844
2018-10-18,25.642248153686523,36.084999084472656
2018-10-19,25.41484832763672,35.76499938964844
2018-10-22,25.134157180786133,35.369998931884766
2018-10-23,24.476844787597656,34.44499969482422
2018-10-24,23.51042366027832,33.084999084472656
2018-10-25,23.7982234954834,33.4900016784668
2018-10-26,23.620576858520508,33.2400016784668
2018-10-29,23.179996490478516,32.619998931884766
2018-10-30,23.71650505065918,33.375
2018-10-31,23.86217498779297,33.58000183105469
2018-11-01,24.064699172973633,33.8650016784668
2018-11-02,24.004297256469727,33.779998779296875
2018-11-05,24.405794143676758,34.345001220703125
2018-11-06,24.519485473632812,34.505001068115234
2018-11-07,24.920976638793945,35.06999969482422
2018-11-08,24.380916595458984,34.310001373291016
2018-11-09,24.338285446166992,34.25
2018-11-12,23.833751678466797,33.540000915527344
2018-11-13,23.286584854125977,32.77000045776367
2018-11-14,23.24750328063965,32.71500015258789
2018-11-15,23.588590621948242,33.19499969482422
2018-11-16,23.869279861450195,33.59000015258789
2018-11-19,23.86217498779297,33.58000183105469
2018-11-20,23.08050537109375,32.47999954223633
2018-11-21,23.442916870117188,32.9900016784668
2018-11-23,22.70743751525879,31.954999923706055
2018-11-26,23.048532485961914,32.435001373291016
2018-11-27,22.98457908630371,32.345001220703125
2018-11-28,23.378955841064453,32.900001525878906
2018-11-29,23.53174591064453,33.1150016784668
2018-11-30,23.489105224609375,33.05500030517578
2018-12-03,24.011396408081055,33.790000915527344
2018-12-04,23.322111129760742,32.81999969482422
2018-12-06,22.89219856262207,32.21500015258789
2018-12-07,22.764286041259766,32.03499984741211
2018-12-10,22.408985137939453,31.53499984741211
2018-12-11,22.416093826293945,31.545000076293945
2018-12-12,22.504919052124023,31.670000076293945
2018-12-13,22.57598304748535,31.770000457763672
2018-12-14,22.060787200927734,31.045000076293945
2018-12-17,21.65929412841797,30.479999542236328
2018-12-18,21.147661209106445,29.760000228881836
2018-12-19,20.898942947387695,29.40999984741211
2018-12-20,20.31979751586914,28.594999313354492
2018-12-21,20.12255859375,28.05500030517578
2018-12-24,19.308475494384766,26.920000076293945
2018-12-26,20.50987434387207,28.594999313354492
2018-12-27,20.61745834350586,28.7450008392334
2018-12-28,20.45966148376465,28.524999618530273
2018-12-31,20.56725311279297,28.674999237060547
2019-01-02,20.972496032714844,29.239999771118164
2019-01-03,20.764495849609375,28.950000762939453
2019-01-04,21.470989227294922,29.934999465942383
2019-01-07,21.79016876220703,30.3799991607666
2019-01-08,21.958728790283203,30.614999771118164
2019-01-09,22.306589126586914,31.100000381469727
2019-01-10,22.37114715576172,31.190000534057617
2019-01-11,22.238452911376953,31.0049991607666
2019-01-14,22.184659957885742,30.93000030517578
2019-01-15,22.2635555267334,31.040000915527344
2019-01-16,22.234867095947266,31.0
2019-01-17,22.439285278320312,31.28499984741211
2019-01-18,22.894737243652344,31.920000076293945
2019-01-22,22.396249771118164,31.225000381469727
2019-01-23,22.166728973388672,30.905000686645508
2019-01-24,22.285070419311523,31.06999969482422
2019-01-25,22.56839370727539,31.46500015258789
2019-01-28,22.342449188232422,31.149999618530273
2019-01-29,22.41059112548828,31.2450008392334
2019-01-30,22.726186752319336,31.684999465942383
2019-01-31,22.87322235107422,31.889999389648438
2019-02-01,23.271291732788086,32.44499969482422
2019-02-04,23.325098037719727,32.52000045776367
2019-02-05,23.360952377319336,32.56999969482422
2019-02-06,23.188814163208008,32.33000183105469
2019-02-07,22.67597770690918,31.614999771118164
2019-02-08,22.571971893310547,31.469999313354492
2019-02-11,22.679561614990234,31.6200008392334
2019-02-12,22.966468811035156,32.02000045776367
2019-02-13,23.253366470336914,32.41999816894531
2019-02-14,23.33585548400879,32.53499984741211
2019-02-15,23.712400436401367,33.060001373291016
2019-02-19,23.784135818481445,33.15999984741211
2019-02-20,23.884550094604492,33.29999923706055
2019-02-21,23.515169143676758,32.78499984741211
2019-02-22,23.58330726623535,32.880001068115234
2019-02-25,23.622753143310547,32.935001373291016
2019-02-26,23.54744529724121,32.83000183105469
2019-02-27,23.63709831237793,32.95500183105469
2019-02-28,23.40041160583496,32.625
2019-03-01,23.83075523376465,33.224998474121094
2019-03-04,23.873794555664062,33.28499984741211
2019-03-05,23.794893264770508,33.17499923706055
2019-03-06,23.493656158447266,32.755001068115234
2019-03-07,23.353782653808594,32.560001373291016
2019-03-08,22.916255950927734,31.950000762939453
2019-03-11,23.274879455566406,32.45000076293945
2019-03-12,23.425512313842773,32.65999984741211
2019-03-13,23.662200927734375,32.9900016784668
2019-03-14,23.68730354309082,33.025001525878906
2019-03-15,23.677915573120117,32.755001068115234
2019-03-18,24.006818771362305,33.209999084472656
2019-03-19,23.94176483154297,33.119998931884766
2019-03-20,24.151395797729492,33.40999984741211
2019-03-21,24.321273803710938,33.64500045776367
2019-03-22,23.6634578704834,32.73500061035156
2019-03-25,23.674297332763672,32.75
2019-03-26,24.01405143737793,33.220001220703125
2019-03-27,23.844173431396484,32.98500061035156
2019-03-28,23.934534072875977,33.11000061035156
2019-03-29,23.898386001586914,33.060001373291016
2019-04-01,24.21283721923828,33.494998931884766
2019-04-02,24.04657554626465,33.26499938964844
2019-04-03,23.81525421142578,32.94499969482422
2019-04-04,24.01405143737793,33.220001220703125
2019-04-05,24.436927795410156,33.80500030517578
2019-04-08,24.545360565185547,33.95500183105469
2019-04-09,24.245370864868164,33.540000915527344
2019-04-10,24.33573341369629,33.665000915527344
2019-04-11,24.353801727294922,33.689998626708984
2019-04-12,24.418861389160156,33.779998779296875
2019-04-15,24.274288177490234,33.58000183105469
2019-04-16,24.433317184448242,33.79999923706055
2019-04-17,24.400789260864258,33.755001068115234
2019-04-18,24.285123825073242,33.595001220703125
2019-04-22,24.798370361328125,34.30500030517578
2019-04-23,24.75861358642578,34.25
2019-04-24,24.324892044067383,33.650001525878906
2019-04-25,24.248981475830078,33.54499816894531
2019-04-26,23.934534072875977,33.11000061035156
2019-04-29,23.912843704223633,33.08000183105469
2019-04-30,23.8947696685791,33.05500030517578
2019-05-01,23.41767120361328,32.39500045776367
2019-05-02,23.009248733520508,31.829999923706055
2019-05-03,23.22249412536621,32.125
2019-05-06,23.24418067932129,32.154998779296875
2019-05-07,23.041772842407227,31.875
2019-05-08,23.041772842407227,31.875
2019-05-09,23.041772842407227,31.875
2019-05-10,23.150209426879883,32.025001525878906
2019-05-13,22.75261688232422,31.475000381469727
2019-05-14,23.03093147277832,31.860000610351562
2019-05-15,23.150209426879883,32.025001525878906
2019-05-16,23.276714324951172,32.20000076293945
2019-05-17,23.041772842407227,31.875
2019-05-20,23.0526123046875,31.889999389648438
2019-05-21,23.320083618164062,32.2599983215332
2019-05-22,22.958642959594727,31.760000228881836
2019-05-23,22.18877601623535,30.69499969482422
2019-05-24,22.27190589904785,30.809999465942383
2019-05-28,22.04058265686035,30.489999771118164
2019-05-29,21.899627685546875,30.295000076293945
2019-05-30,21.621318817138672,29.90999984741211
2019-05-31,21.241804122924805,29.385000228881836
2019-06-03,21.512889862060547,29.760000228881836
2019-06-04,21.885169982910156,30.274999618530273
2019-06-05,21.64299964904785,29.940000534057617
2019-06-06,22.04420280456543,30.4950008392334
2019-06-07,22.145401000976562,30.635000228881836
2019-06-10,22.210468292236328,30.725000381469727
2019-06-11,22.25383758544922,30.78499984741211
2019-06-12,21.93938636779785,30.350000381469727
2019-06-13,22.196008682250977,30.704999923706055
2019-06-14,22.051433563232422,30.5049991607666
2019-06-17,22.235767364501953,30.760000228881836
2019-06-18,22.542985916137695,31.184999465942383
2019-06-19,22.517684936523438,31.149999618530273
2019-06-20,23.016475677490234,31.84000015258789
2019-06-21,23.18279266357422,31.780000686645508
2019-06-24,22.974897384643555,31.4950008392334
2019-06-25,22.79252815246582,31.2450008392334
2019-06-26,23.14267349243164,31.725000381469727
2019-06-27,22.97124481201172,31.489999771118164
2019-06-28,23.237506866455078,31.854999542236328
2019-07-01,23.25938606262207,31.885000228881836
2019-07-02,22.887359619140625,31.375
2019-07-03,22.978548049926758,31.5
2019-07-05,23.011369705200195,31.545000076293945
2019-07-08,23.044193267822266,31.59000015258789
2019-07-09,23.06243133544922,31.614999771118164
2019-07-10,23.35787010192871,32.02000045776367
2019-07-11,23.405282974243164,32.084999084472656
2019-07-12,23.503761291503906,32.220001220703125
2019-07-15,23.292219161987305,31.93000030517578
2019-07-16,23.044193267822266,31.59000015258789
2019-07-17,22.78158187866211,31.229999542236328
2019-07-18,22.785228729248047,31.235000610351562
2019-07-19,22.89100456237793,31.3799991607666
2019-07-22,22.996784210205078,31.524999618530273
2019-07-23,23.058786392211914,31.610000610351562
2019-07-24,23.157262802124023,31.7450008392334
2019-07-25,22.894651412963867,31.385000228881836
2019-07-26,22.777936935424805,31.225000381469727
2019-07-29,22.686752319335938,31.100000381469727
2019-07-30,22.94206428527832,31.450000762939453
2019-07-31,22.869121551513672,31.350000381469727
2019-08-01,22.351186752319336,30.639999389648438
2019-08-02,22.03022003173828,30.200000762939453
2019-08-05,21.373693466186523,29.299999237060547
2019-08-06,21.348159790039062,29.264999389648438
2019-08-07,21.187671661376953,29.045000076293945
2019-08-08,21.79679298400879,29.8799991607666
2019-08-09,21.556060791015625,29.549999237060547
2019-08-12,21.30074691772461,29.200000762939453
2019-08-13,21.49770164489746,29.469999313354492
2019-08-14,20.655155181884766,28.315000534057617
2019-08-15,20.527494430541992,28.139999389648438
2019-08-16,20.79740333557129,28.510000228881836
2019-08-19,21.25697898864746,29.139999389648438
2019-08-20,21.07825469970703,28.895000457763672
2019-08-21,21.21320152282715,29.079999923706055
2019-08-22,21.118371963500977,28.950000762939453
2019-08-23,20.410781860351562,27.979999542236328
2019-08-26,20.498321533203125,28.100000381469727
2019-08-27,20.370662689208984,27.924999237060547
2019-08-28,20.662452697753906,28.325000762939453
2019-08-29,20.965187072753906,28.739999771118164
2019-08-30,20.965187072753906,28.739999771118164
2019-09-03,20.863056182861328,28.600000381469727
2019-09-04,21.15485191345215,29.0
2019-09-05,21.417457580566406,29.360000610351562
2019-09-06,21.530529022216797,29.514999389648438
2019-09-09,21.96091651916504,30.104999542236328
2019-09-10,22.219886779785156,30.459999084472656
2019-09-11,22.24176597595215,30.489999771118164
2019-09-12,22.103172302246094,30.299999237060547
2019-09-13,22.27824592590332,30.540000915527344
2019-09-16,23.025957107543945,31.565000534057617
2019-09-17,22.70499038696289,31.125
2019-09-18,22.59556007385254,30.975000381469727
2019-09-19,22.53720474243164,30.895000457763672
2019-09-20,22.55561065673828,30.639999389648438
2019-09-23,22.562973022460938,30.649999618530273
2019-09-24,22.205942153930664,30.165000915527344
2019-09-25,22.242748260498047,30.21500015258789
2019-09-26,21.951969146728516,29.81999969482422
2019-09-27,21.948291778564453,29.815000534057617
2019-09-30,21.790014266967773,29.600000381469727
2019-10-01,21.28575325012207,28.915000915527344
2019-10-02,20.763078689575195,28.204999923706055
2019-10-03,20.987613677978516,28.510000228881836
2019-10-04,21.120121002197266,28.690000534057617
2019-10-07,20.93239974975586,28.434999465942383
2019-10-08,20.575368881225586,27.950000762939453
2019-10-09,20.763078689575195,28.204999923706055
2019-10-10,21.0244197845459,28.559999465942383
2019-10-11,21.307846069335938,28.94499969482422
2019-10-14,21.29680061340332,28.93000030517578
2019-10-15,21.3851375579834,29.049999237060547
2019-10-16,21.08698844909668,28.645000457763672
2019-10-17,21.101716995239258,28.665000915527344
2019-10-18,20.99129867553711,28.514999389648438
2019-10-21,21.366729736328125,29.024999618530273
2019-10-22,21.642784118652344,29.399999618530273
2019-10-23,21.823143005371094,29.645000457763672
2019-10-24,21.73112678527832,29.520000457763672
2019-10-25,21.90780258178711,29.760000228881836
2019-10-28,21.782651901245117,29.59000015258789
2019-10-29,21.870986938476562,29.709999084472656
2019-10-30,21.425621032714844,29.104999542236328
2019-10-31,21.333599090576172,28.979999542236328
2019-11-01,21.8194637298584,29.639999389648438
2019-11-04,22.529844284057617,30.604999542236328
2019-11-05,22.55928611755371,30.645000457763672
2019-11-06,22.099199295043945,30.020000457763672
2019-11-07,22.430463790893555,30.469999313354492
2019-11-08,22.33844566345215,30.344999313354492
2019-11-11,22.21330451965332,30.174999237060547
2019-11-12,22.099199295043945,30.020000457763672
2019-11-13,22.003496170043945,29.889999389648438
2019-11-14,21.944608688354492,29.809999465942383
2019-11-15,22.11392593383789,30.040000915527344
2019-11-18,21.845226287841797,29.674999237060547
2019-11-19,21.52132225036621,29.235000610351562
2019-11-20,21.738483428955078,29.530000686645508
2019-11-21,22.095521926879883,30.014999389648438
2019-11-22,22.02190589904785,29.915000915527344
2019-11-25,22.043991088867188,29.94499969482422
2019-11-26,21.8415470123291,29.670000076293945
2019-11-27,21.89675521850586,29.7450008392334
2019-11-29,21.6759090423584,29.44499969482422
2019-12-02,21.6759090423584,29.44499969482422
2019-12-03,21.352006912231445,29.0049991607666
2019-12-04,21.6722354888916,29.440000534057617
2019-12-05,21.569171905517578,29.299999237060547
2019-12-06,21.981416702270508,29.860000610351562
2019-12-09,21.955650329589844,29.825000762939453
2019-12-10,21.99982261657715,29.885000228881836
2019-12-11,21.9630069732666,29.834999084472656
2019-12-12,22.367891311645508,30.385000228881836
2019-12-13,22.198577880859375,30.155000686645508
2019-12-16,22.496721267700195,30.559999465942383
2019-12-17,22.511442184448242,30.579999923706055
2019-12-18,22.596097946166992,30.69499969482422
2019-12-19,22.5887393951416,30.684999465942383
2019-12-20,22.805423736572266,30.68000030517578
2019-12-23,23.039569854736328,30.9950008392334
2019-12-24,23.02841567993164,30.979999542236328
2019-12-26,23.020986557006836,30.969999313354492
2019-12-27,22.92435073852539,30.84000015258789
2019-12-30,22.852006912231445,29.850000381469727
2019-12-31,22.982154846191406,30.020000457763672
2020-01-02,23.188854217529297,30.290000915527344
2020-01-03,23.11995506286621,30.200000762939453
2020-01-06,23.29986000061035,30.434999465942383
2020-01-07,23.238615036010742,30.354999542236328
2020-01-08,22.8558349609375,29.854999542236328
2020-01-09,23.024259567260742,30.075000762939453
2020-01-10,22.894113540649414,29.905000686645508
2020-01-13,22.90176773071289,29.915000915527344
2020-01-14,22.905593872070312,29.920000076293945
2020-01-15,22.737171173095703,29.700000762939453
2020-01-16,22.775449752807617,29.75
2020-01-17,22.629993438720703,29.559999465942383
2020-01-21,22.2242431640625,29.030000686645508
2020-01-22,22.009889602661133,28.75
2020-01-23,21.925678253173828,28.639999389648438
2020-01-24,21.67304039001465,28.309999465942383
2020-01-27,21.07207489013672,27.524999618530273
2020-01-28,21.167770385742188,27.649999618530273
2020-01-29,20.945751190185547,27.360000610351562
2020-01-30,21.114181518554688,27.579999923706055
2020-01-31,20.455799102783203,26.719999313354492
2020-02-03,20.187856674194336,26.3700008392334
2020-02-04,20.260576248168945,26.46500015258789
2020-02-05,21.022315979003906,27.459999084472656
2020-02-06,20.807958602905273,27.18000030517578
2020-02-07,20.662504196166992,26.989999771118164
2020-02-10,20.55914878845215,26.854999542236328
2020-02-11,20.788820266723633,27.155000686645508
2020-02-12,21.06825065612793,27.520000457763672
2020-02-13,21.003177642822266,27.434999465942383
2020-02-14,20.89217185974121,27.290000915527344
2020-02-18,20.71992301940918,27.065000534057617
2020-02-19,20.99552345275879,27.424999237060547
2020-02-20,20.972553253173828,27.395000457763672
2020-02-21,20.72374725341797,27.06999969482422
2020-02-24,19.766796112060547,25.81999969482422
2020-02-25,18.894054412841797,24.68000030517578
2020-02-26,18.323711395263672,23.934999465942383
2020-02-27,17.343793869018555,22.655000686645508
2020-02-28,17.328475952148438,22.635000228881836
2020-03-02,18.028968811035156,23.549999237060547
2020-03-03,17.47776985168457,22.829999923706055
2020-03-04,17.89116859436035,23.3700008392334
2020-03-05,17.23661231994629,22.514999389648438
2020-03-06,16.268177032470703,21.25
2020-03-09,12.991576194763184,16.969999313354492
2020-03-10,13.607854843139648,17.774999618530273
2020-03-11,12.888224601745605,16.834999084472656
2020-03-12,11.280548095703125,14.734999656677246
2020-03-13,12.321708679199219,16.094999313354492
2020-03-16,10.64513111114502,13.904999732971191
2020-03-17,10.71785831451416,14.0
2020-03-18,9.179079055786133,11.989999771118164
2020-03-19,9.80301284790039,12.805000305175781
2020-03-20,9.89870834350586,12.930000305175781
2020-03-23,9.224027633666992,11.78499984741211
2020-03-24,10.703315734863281,13.675000190734863
2020-03-25,11.20815372467041,14.319999694824219
2020-03-26,11.893007278442383,15.194999694824219
2020-03-27,11.086835861206055,14.164999961853027
2020-03-30,11.200325965881348,14.3100004196167
2020-03-31,11.372516632080078,14.529999732971191
2020-04-01,10.808978080749512,13.8100004196167
2020-04-02,11.799087524414062,15.074999809265137
2020-04-03,11.673853874206543,14.914999961853027
2020-04-06,12.292181968688965,15.704999923706055
2020-04-07,12.55438232421875,16.040000915527344
2020-04-08,13.391864776611328,17.110000610351562
2020-04-09,13.27054500579834,16.954999923706055
2020-04-13,13.227495193481445,16.899999618530273
2020-04-14,13.164878845214844,16.81999969482422
2020-04-15,12.54655647277832,16.030000686645508
2020-04-16,12.010409355163574,15.345000267028809
2020-04-17,13.286197662353516,16.975000381469727
2020-04-20,12.87137222290039,16.44499969482422
2020-04-21,12.644391059875488,16.155000686645508
2020-04-22,13.094441413879395,16.729999542236328
2020-04-23,13.517093658447266,17.270000457763672
2020-04-24,13.54840087890625,17.309999465942383
2020-04-27,13.841911315917969,17.684999465942383
2020-04-28,14.15890121459961,18.09000015258789
2020-04-29,15.207710266113281,19.43000030517578
2020-04-30,14.87115478515625,19.0
2020-05-01,14.02975845336914,17.924999237060547
2020-05-04,14.515027046203613,18.545000076293945
2020-05-05,14.526763916015625,18.559999465942383
2020-05-06,14.147159576416016,18.075000762939453
2020-05-07,14.515027046203613,18.545000076293945
2020-05-08,15.17640209197998,19.389999389648438
2020-05-11,14.91028881072998,19.049999237060547
2020-05-12,14.648085594177246,18.71500015258789
2020-05-13,13.982796669006348,17.864999771118164
2020-05-14,14.139331817626953,18.065000534057617
2020-05-15,14.084547996520996,17.9950008392334
2020-05-18,15.23510456085205,19.46500015258789
2020-05-19,14.808537483215332,18.920000076293945
2020-05-20,15.399467468261719,19.674999237060547
2020-05-21,15.152918815612793,19.360000610351562
2020-05-22,15.05899715423584,19.239999771118164
2020-05-26,15.477736473083496,19.774999618530273
2020-05-27,15.677325248718262,20.030000686645508
2020-05-28,15.239017486572266,19.469999313354492
2020-05-29,15.168572425842285,19.3799991607666
2020-06-01,15.434687614440918,19.719999313354492
2020-06-02,15.865169525146484,20.270000457763672
2020-06-03,16.330873489379883,20.864999771118164
2020-06-04,16.334789276123047,20.8700008392334
2020-06-05,17.547956466674805,22.420000076293945
2020-06-08,18.338478088378906,23.43000030517578
2020-06-09,17.649707794189453,22.549999237060547
2020-06-10,16.780914306640625,21.440000534057617
2020-06-11,15.19987964630127,19.420000076293945
2020-06-12,15.583398818969727,19.90999984741211
2020-06-15,15.63036060333252,19.969999313354492
2020-06-16,16.080413818359375,20.545000076293945
2020-06-17,15.532525062561035,19.844999313354492
2020-06-18,15.724286079406738,20.09000015258789
2020-06-19,15.485564231872559,19.78499984741211
2020-06-22,15.557307243347168,19.625
2020-06-23,15.573163986206055,19.645000457763672
2020-06-24,14.709087371826172,18.55500030517578
2020-06-25,14.990501403808594,18.90999984741211
2020-06-26,14.471269607543945,18.2549991607666
2020-06-29,14.66549015045166,18.5
2020-06-30,15.002394676208496,18.924999237060547
2020-07-01,14.637739181518555,18.46500015258789
2020-07-02,14.800246238708496,18.670000076293945
2020-07-06,14.843851089477539,18.725000381469727
2020-07-07,14.372175216674805,18.1299991607666
2020-07-08,14.360285758972168,18.114999771118164
2020-07-09,13.650792121887207,17.219999313354492
2020-07-10,14.08679485321045,17.770000457763672
2020-07-13,14.011482238769531,17.674999237060547
2020-07-14,14.50297737121582,18.295000076293945
2020-07-15,14.8161039352417,18.690000534057617
2020-07-16,14.748724937438965,18.604999542236328
2020-07-17,14.542611122131348,18.344999313354492
2020-07-20,14.300832748413086,18.040000915527344
2020-07-21,15.16490650177002,19.1299991607666
2020-07-22,14.978614807128906,18.895000457763672
2020-07-23,14.950872421264648,18.860000610351562
2020-07-24,14.867632865905762,18.7549991607666
2020-07-27,14.88348388671875,18.774999618530273
2020-07-28,14.629817008972168,18.454999923706055
2020-07-29,14.93501091003418,18.84000015258789
2020-07-30,14.348397254943848,18.100000381469727
2020-07-31,14.281010627746582,18.014999389648438
2020-08-03,14.332537651062012,18.079999923706055
2020-08-04,14.681343078613281,18.520000457763672
2020-08-05,14.835926055908203,18.71500015258789
2020-08-06,14.717011451721191,18.565000534057617
2020-08-07,14.736830711364746,18.59000015258789
2020-08-10,15.192646980285645,19.165000915527344
2020-08-11,15.141127586364746,19.100000381469727
2020-08-12,15.291740417480469,19.290000915527344
2020-08-13,14.99447250366211,18.915000915527344
2020-08-14,15.13715648651123,19.094999313354492
2020-08-17,15.049962997436523,18.985000610351562
2020-08-18,14.85970401763916,18.7450008392334
2020-08-19,14.689271926879883,18.530000686645508
2020-08-20,14.372175216674805,18.1299991607666
2020-08-21,14.281010627746582,18.014999389648438
2020-08-24,14.67341423034668,18.510000228881836
2020-08-25,14.467306137084961,18.25
2020-08-26,14.162104606628418,17.864999771118164
2020-08-27,14.189847946166992,17.899999618530273
2020-08-28,14.443519592285156,18.219999313354492
2020-08-31,14.130393028259277,17.825000762939453
2020-09-01,14.03526782989502,17.704999923706055
2020-09-02,13.967883110046387,17.6200008392334
2020-09-03,13.864829063415527,17.489999771118164
2020-09-04,13.82122802734375,17.434999465942383
2020-09-08,13.317845344543457,16.799999237060547
2020-09-09,13.409014701843262,16.915000915527344
2020-09-10,12.917519569396973,16.295000076293945
2020-09-11,12.929408073425293,16.309999465942383
2020-09-14,13.028499603271484,16.434999465942383
2020-09-15,12.933374404907227,16.315000534057617
2020-09-16,13.452610969543457,16.969999313354492
2020-09-17,13.472431182861328,16.9950008392334
2020-09-18,13.321809768676758,16.80500030517578
2020-09-21,12.880247116088867,15.984999656677246
2020-09-22,12.747296333312988,15.819999694824219
2020-09-23,12.171171188354492,15.104999542236328
2020-09-24,12.167141914367676,15.100000381469727
2020-09-25,12.15908145904541,15.09000015258789
2020-09-28,12.4451322555542,15.444999694824219
2020-09-29,12.102679252624512,15.020000457763672
2020-09-30,12.066420555114746,14.975000381469727
2020-10-01,11.69576358795166,14.515000343322754
2020-10-02,11.808572769165039,14.654999732971191
2020-10-05,12.163110733032227,15.095000267028809
2020-10-06,11.98181438446045,14.869999885559082
2020-10-07,12.15102481842041,15.079999923706055
2020-10-08,12.606287002563477,15.645000457763672
2020-10-09,12.404844284057617,15.395000457763672
2020-10-12,12.437073707580566,15.4350004196167
2020-10-13,12.24368953704834,15.194999694824219
2020-10-14,12.296066284179688,15.260000228881836
2020-10-15,12.4451322555542,15.444999694824219
2020-10-16,12.163110733032227,15.095000267028809
2020-10-19,11.905264854431152,14.774999618530273
2020-10-20,12.046274185180664,14.949999809265137
2020-10-21,11.816631317138672,14.664999961853027
2020-10-22,12.304122924804688,15.270000457763672
2020-10-23,12.24368953704834,15.194999694824219
2020-10-26,11.804542541503906,14.649999618530273
2020-10-27,11.651446342468262,14.460000038146973
2020-10-28,11.163955688476562,13.854999542236328
2020-10-29,11.506409645080566,14.279999732971191
2020-10-30,11.570871353149414,14.359999656677246
2020-11-02,11.9656982421875,14.850000381469727
2020-11-03,11.897207260131836,14.765000343322754
2020-11-04,11.913323402404785,14.78499984741211
2020-11-05,11.913323402404785,14.78499984741211
2020-11-06,11.655476570129395,14.46500015258789
2020-11-09,13.3193941116333,16.530000686645508
2020-11-10,13.750482559204102,17.065000534057617
2020-11-11,13.60947036743164,16.889999389648438
2020-11-12,13.170326232910156,16.344999313354492
2020-11-13,13.649762153625488,16.940000534057617
2020-11-16,14.548194885253906,18.05500030517578
2020-11-17,14.69726276397705,18.239999771118164
2020-11-18,14.27020263671875,17.709999084472656
2020-11-19,14.503875732421875,18.0
2020-11-20,14.427327156066895,17.905000686645508
2020-11-23,15.446625709533691,19.170000076293945
2020-11-24,16.24031639099121,20.155000686645508
2020-11-25,15.861604690551758,19.684999465942383
2020-11-27,15.676276206970215,19.454999923706055
2020-11-30,14.810068130493164,18.3799991607666
2020-12-01,14.878558158874512,18.46500015258789
2020-12-02,15.362020492553711,19.065000534057617
2020-12-03,15.523177146911621,19.264999389648438
2020-12-04,16.369237899780273,20.315000534057617
2020-12-07,15.986496925354004,19.84000015258789
2020-12-08,16.224193572998047,20.135000228881836
2020-12-09,16.26045799255371,20.18000030517578
2020-12-10,16.760034561157227,20.799999237060547
2020-12-11,16.566648483276367,20.559999465942383
2020-12-14,15.986496925354004,19.84000015258789
2020-12-15,16.300743103027344,20.229999542236328
2020-12-16,16.220169067382812,20.1299991607666
2020-12-17,16.14362335205078,20.03499984741211
2020-12-18,15.873688697814941,19.700000762939453
2020-12-21,15.567479133605957,19.065000534057617
2020-12-22,15.306185722351074,18.7450008392334
2020-12-23,15.645051002502441,19.15999984741211
2020-12-24,15.563395500183105,19.059999465942383
2020-12-28,15.465412139892578,18.940000534057617
2020-12-29,15.363348007202148,18.815000534057617
2020-12-30,15.604225158691406,19.110000610351562
2020-12-31,15.473578453063965,18.950000762939453
2021-01-04,15.498072624206543,18.979999542236328
2021-01-05,16.192142486572266,19.829999923706055
2021-01-06,16.686155319213867,20.434999465942383
2021-01-07,16.93111801147461,20.735000610351562
2021-01-08,16.91069984436035,20.709999084472656
2021-01-11,17.17607879638672,21.03499984741211
2021-01-12,17.776241302490234,21.770000457763672
2021-01-13,17.637432098388672,21.600000381469727
2021-01-14,18.16002082824707,22.239999771118164
2021-01-15,17.453702926635742,21.375
2021-01-19,17.804821014404297,21.80500030517578
2021-01-20,17.870141983032227,21.885000228881836
2021-01-21,17.265905380249023,21.145000457763672
2021-01-22,17.17607879638672,21.03499984741211
2021-01-25,17.000524520874023,20.81999969482422
2021-01-26,16.637165069580078,20.375
2021-01-27,16.412612915039062,20.100000381469727
2021-01-28,16.6044921875,20.334999084472656
2021-01-29,16.053325653076172,19.65999984741211
2021-02-01,16.167640686035156,19.799999237060547
2021-02-02,16.343202590942383,20.014999389648438
2021-02-03,17.041353225708008,20.8700008392334
2021-02-04,17.229154586791992,21.100000381469727
2021-02-05,17.37613296508789,21.280000686645508
2021-02-08,18.102859497070312,22.170000076293945
2021-02-09,17.910972595214844,21.934999465942383
2021-02-10,18.253921508789062,22.354999542236328
2021-02-11,17.972213745117188,22.010000228881836
2021-02-12,18.23759651184082,22.334999084472656
2021-02-16,18.694856643676758,22.895000457763672
2021-02-17,18.972482681274414,23.235000610351562
2021-02-18,18.54379653930664,22.709999084472656
2021-02-19,18.854084014892578,23.09000015258789
2021-02-22,19.507326126098633,23.889999389648438
2021-02-23,19.82986068725586,24.28499984741211
2021-02-24,20.532087326049805,25.145000457763672
2021-02-25,20.136070251464844,24.65999984741211
2021-02-26,19.658388137817383,24.075000762939453
2021-03-01,20.168729782104492,24.700000762939453
2021-03-02,20.058494567871094,24.565000534057617
2021-03-03,20.352449417114258,24.924999237060547
2021-03-04,20.838293075561523,25.520000457763672
2021-03-05,21.61809730529785,26.475000381469727
2021-03-08,21.65892791748047,26.524999618530273
2021-03-09,21.27923011779785,26.059999465942383
2021-03-10,21.818153381347656,26.719999313354492
2021-03-11,21.826318740844727,26.729999542236328
2021-03-12,21.87122917175293,26.78499984741211
2021-03-15,21.622177124023438,26.479999542236328
2021-03-16,21.005687713623047,25.725000381469727
2021-03-17,21.168996810913086,25.924999237060547
2021-03-18,20.21771812438965,24.760000228881836
2021-03-19,20.2218017578125,24.764999389648438
2021-03-22,20.027873992919922,24.270000457763672
2021-03-23,19.73493003845215,23.915000915527344
2021-03-24,20.23005485534668,24.514999389648438
2021-03-25,20.3043270111084,24.604999542236328
2021-03-26,20.807706832885742,25.21500015258789
2021-03-29,20.56014060974121,24.915000915527344
2021-03-30,20.382719039916992,24.700000762939453
2021-03-31,20.242431640625,24.530000686645508
2021-04-01,20.75819206237793,25.155000686645508
2021-04-05,20.2630615234375,24.55500030517578
2021-04-06,20.20942497253418,24.489999771118164
2021-04-07,20.279569625854492,24.575000762939453
2021-04-08,20.0154972076416,24.2549991607666
2021-04-09,19.883472442626953,24.094999313354492
2021-04-12,19.72667694091797,23.905000686645508
2021-04-13,19.747310638427734,23.93000030517578
2021-04-14,20.296070098876953,24.594999313354492
2021-04-15,20.131032943725586,24.395000457763672
2021-04-16,19.97011375427246,24.200000762939453
2021-04-19,19.949485778808594,24.174999237060547
2021-04-20,19.42134666442871,23.53499984741211
2021-04-21,19.668912887573242,23.834999084472656
2021-04-22,19.43785285949707,23.55500030517578
2021-04-23,19.615272521972656,23.770000457763672
2021-04-26,19.747310638427734,23.93000030517578
2021-04-27,19.986621856689453,24.219999313354492
2021-04-28,20.675674438476562,25.05500030517578
2021-04-29,20.906726837158203,25.334999084472656
2021-04-30,20.37858772277832,24.69499969482422
2021-05-03,20.93973731994629,25.375
2021-05-04,20.952116012573242,25.389999389648438
2021-05-05,21.6287899017334,26.209999084472656
2021-05-06,21.740190505981445,26.344999313354492
2021-05-07,22.128042221069336,26.815000534057617
2021-05-10,22.13629913330078,26.825000762939453
2021-05-11,21.566896438598633,26.135000228881836
2021-05-12,21.670047760009766,26.260000228881836
2021-05-13,21.405981063842773,25.940000534057617
2021-05-14,22.07027816772461,26.7450008392334
2021-05-17,22.581907272338867,27.364999771118164
2021-05-18,22.057897567749023,26.729999542236328
2021-05-19,21.50913429260254,26.065000534057617
2021-05-20,21.476125717163086,26.024999618530273
2021-05-21,21.521512985229492,26.079999923706055
2021-05-24,21.736068725585938,26.34000015258789
2021-05-25,21.29457664489746,25.80500030517578
2021-05-26,21.484378814697266,26.03499984741211
2021-05-27,21.50088119506836,26.05500030517578
2021-05-28,21.54214096069336,26.104999542236328
2021-06-01,22.37148094177246,27.110000610351562
2021-06-02,22.788211822509766,27.614999771118164
2021-06-03,22.850101470947266,27.690000534057617
2021-06-04,23.002763748168945,27.875
2021-06-07,22.903738021850586,27.7549991607666
2021-06-08,23.10179328918457,27.9950008392334
2021-06-09,22.957382202148438,27.81999969482422
2021-06-10,22.928497314453125,27.78499984741211
2021-06-11,22.850101470947266,27.690000534057617
2021-06-14,22.751073837280273,27.56999969482422
2021-06-15,23.184310913085938,28.094999313354492
2021-06-16,23.060529708862305,27.94499969482422
2021-06-17,22.276578903198242,26.9950008392334
2021-06-18,21.61640739440918,26.19499969482422
2021-06-21,22.537593841552734,27.03499984741211
2021-06-22,22.687644958496094,27.21500015258789
2021-06-23,22.75016212463379,27.290000915527344
2021-06-24,22.946073532104492,27.524999618530273
2021-06-25,23.06695556640625,27.670000076293945
2021-06-28,22.28749656677246,26.735000610351562
2021-06-29,22.179122924804688,26.604999542236328
2021-06-30,22.4542236328125,26.934999465942383
2021-07-01,22.846038818359375,27.405000686645508
2021-07-02,22.796016693115234,27.344999313354492
2021-07-06,22.0540771484375,26.454999923706055
2021-07-07,21.695608139038086,26.024999618530273
2021-07-08,21.570560455322266,25.875
2021-07-09,22.029069900512695,26.424999237060547
2021-07-12,21.995716094970703,26.385000228881836
2021-07-13,21.828990936279297,26.184999465942383
2021-07-14,21.178747177124023,25.405000686645508
2021-07-15,20.882802963256836,25.049999237060547
2021-07-16,20.290916442871094,24.34000015258789
2021-07-19,19.573978424072266,23.479999542236328
2021-07-20,19.836578369140625,23.795000076293945
2021-07-21,20.52850341796875,24.625
2021-07-22,20.29925537109375,24.350000381469727
2021-07-23,20.22422218322754,24.260000228881836
2021-07-26,20.724411010742188,24.860000610351562
2021-07-27,20.532670974731445,24.6299991607666
2021-07-28,20.720243453979492,24.854999542236328
2021-07-29,20.920320510864258,25.094999313354492
2021-07-30,20.58685874938965,24.69499969482422
2021-08-02,20.43263053894043,24.510000228881836
2021-08-03,20.78277015686035,24.93000030517578
2021-08-04,20.22005844116211,24.2549991607666
2021-08-05,20.449308395385742,24.530000686645508
2021-08-06,20.636877059936523,24.7549991607666
2021-08-09,20.345104217529297,24.405000686645508
2021-08-10,20.703567504882812,24.834999084472656
2021-08-11,20.866130828857422,25.030000686645508
2021-08-12,20.84528923034668,25.0049991607666
2021-08-13,20.599365234375,24.709999084472656
2021-08-16,20.22005844116211,24.2549991607666
2021-08-17,20.01164436340332,24.0049991607666
2021-08-18,19.594818115234375,23.5049991607666
2021-08-19,19.086299896240234,22.895000457763672
2021-08-20,19.127981185913086,22.94499969482422
2021-08-23,19.844919204711914,23.80500030517578
2021-08-24,20.174203872680664,24.200000762939453
2021-08-25,20.32843017578125,24.385000228881836
2021-08-26,20.01997947692871,24.014999389648438
2021-08-27,20.55351448059082,24.655000686645508
2021-08-30,20.311758041381836,24.364999771118164
2021-08-31,20.174203872680664,24.200000762939453
2021-09-01,19.87826156616211,23.844999313354492
2021-09-02,20.382614135742188,24.450000762939453
2021-09-03,20.26590347290039,24.309999465942383
2021-09-07,20.145034790039062,24.165000915527344
2021-09-08,19.8866024017334,23.854999542236328
2021-09-09,19.928279876708984,23.905000686645508
2021-09-10,19.919944763183594,23.895000457763672
2021-09-13,20.49098777770996,24.579999923706055
2021-09-14,20.195045471191406,24.225000381469727
2021-09-15,20.949493408203125,25.1299991607666
2021-09-16,20.71190643310547,24.844999313354492
2021-09-17,20.55768394470215,24.65999984741211
2021-09-20,19.929912567138672,23.6200008392334
2021-09-21,19.976320266723633,23.674999237060547
2021-09-22,20.59227752685547,24.405000686645508
2021-09-23,21.313701629638672,25.260000228881836
2021-09-24,21.47402000427246,25.450000762939453
2021-09-27,22.237632751464844,26.354999542236328
2021-09-28,22.313573837280273,26.44499969482422
2021-09-29,22.313573837280273,26.44499969482422
2021-09-30,21.97606658935547,26.045000076293945
2021-10-01,22.714365005493164,26.920000076293945
2021-10-04,23.08562469482422,27.360000610351562
2021-10-05,23.22062873840332,27.520000457763672
2021-10-06,22.975934982299805,27.229999542236328
2021-10-07,23.15312957763672,27.440000534057617
2021-10-08,23.86611557006836,28.28499984741211
2021-10-11,23.77751922607422,28.18000030517578
2021-10-12,23.798612594604492,28.204999923706055
2021-10-13,23.77751922607422,28.18000030517578
2021-10-14,24.06862449645996,28.524999618530273
2021-10-15,24.186756134033203,28.665000915527344
2021-10-18,24.203628540039062,28.684999465942383
2021-10-19,24.47784996032715,29.010000228881836
2021-10-20,24.67613983154297,29.2450008392334
2021-10-21,24.22049903869629,28.704999923706055
2021-10-22,24.44831657409668,28.975000381469727
2021-10-25,24.80691909790039,29.399999618530273
2021-10-26,24.950359344482422,29.56999969482422
2021-10-27,24.233156204223633,28.719999313354492
2021-10-28,24.406129837036133,28.924999237060547
2021-10-29,24.24581527709961,28.735000610351562
2021-11-01,24.66347885131836,29.229999542236328
2021-11-02,24.431446075439453,28.954999923706055
2021-11-03,24.22893714904785,28.71500015258789
2021-11-04,24.2626895904541,28.7549991607666
2021-11-05,24.579103469848633,29.1299991607666
2021-11-08,24.802703857421875,29.395000457763672
2021-11-09,24.90395736694336,29.514999389648438
2021-11-10,24.24581527709961,28.735000610351562
2021-11-11,24.33863067626953,28.844999313354492
2021-11-12,24.279565811157227,28.774999618530273
2021-11-15,24.48206901550293,29.014999389648438
2021-11-16,24.520038604736328,29.059999465942383
2021-11-17,24.144559860229492,28.614999771118164
2021-11-18,24.001121520996094,28.44499969482422
2021-11-19,23.064531326293945,27.334999084472656
2021-11-22,23.47376251220703,27.81999969482422
2021-11-23,24.1951904296875,28.674999237060547
2021-11-24,24.431446075439453,28.954999923706055
2021-11-26,23.448448181152344,27.790000915527344
2021-11-29,23.583454132080078,27.950000762939453
2021-11-30,23.03078269958496,27.295000076293945
2021-12-01,22.78608512878418,27.0049991607666
2021-12-02,23.448448181152344,27.790000915527344
2021-12-03,23.2628173828125,27.56999969482422
2021-12-06,23.608762741088867,27.979999542236328
2021-12-07,24.161439895629883,28.635000228881836
2021-12-08,24.15721321105957,28.6299991607666
2021-12-09,23.971586227416992,28.40999984741211
2021-12-10,24.14877700805664,28.6200008392334
2021-12-13,23.477981567382812,27.825000762939453
2021-12-14,23.380945205688477,27.709999084472656
2021-12-15,23.267040252685547,27.575000762939453
2021-12-16,23.414697647094727,27.75
2021-12-17,22.937963485717773,27.184999465942383
2021-12-20,22.653783798217773,26.5049991607666
2021-12-21,23.299076080322266,27.260000228881836
2021-12-22,23.44864845275879,27.434999465942383
2021-12-23,23.46147346496582,27.450000762939453
2021-12-27,23.974285125732422,28.049999237060547
2021-12-28,23.95719337463379,28.030000686645508
2021-12-29,23.8033504486084,27.850000381469727
2021-12-30,23.658052444458008,27.68000030517578
2021-12-31,23.717876434326172,27.75
2022-01-03,24.452919006347656,28.610000610351562
2022-01-04,25.299070358276367,29.600000381469727
2022-01-05,25.294797897338867,29.594999313354492
2022-01-06,25.85890007019043,30.2549991607666
2022-01-07,26.21359634399414,30.670000076293945
2022-01-10,26.13239860534668,30.575000762939453
2022-01-11,27.02128791809082,31.614999771118164
2022-01-12,27.072568893432617,31.674999237060547
2022-01-13,26.93581771850586,31.514999389648438
2022-01-14,27.56829833984375,32.255001068115234
2022-01-18,27.679405212402344,32.3849983215332
2022-01-19,27.478557586669922,32.150001525878906
2022-01-20,27.22641372680664,31.854999542236328
2022-01-21,26.687957763671875,31.225000381469727
2022-01-24,26.86743927001953,31.434999465942383
2022-01-25,27.910171508789062,32.654998779296875
2022-01-26,27.8631649017334,32.599998474121094
2022-01-27,28.166589736938477,32.95500183105469
2022-01-28,28.04692268371582,32.814998626708984
2022-01-31,28.170860290527344,32.959999084472656
2022-02-01,29.175121307373047,34.1349983215332
2022-02-02,29.269142150878906,34.244998931884766
2022-02-03,28.991363525390625,33.91999816894531
2022-02-04,29.444360733032227,34.45000076293945
2022-02-07,29.820425033569336,34.88999938964844
2022-02-08,29.179397583007812,34.13999938964844
2022-02-09,29.422988891601562,34.42499923706055
2022-02-10,29.239227294921875,34.209999084472656
2022-02-11,30.089651107788086,35.20500183105469
2022-02-14,29.380252838134766,34.375
2022-02-15,29.072566986083984,34.01499938964844
2022-02-16,29.307613372802734,34.290000915527344
2022-02-17,29.260597229003906,34.23500061035156
2022-02-18,29.08111000061035,34.025001525878906
2022-02-22,28.611024856567383,33.474998474121094
2022-02-23,28.905899047851562,33.81999969482422
2022-02-24,28.67940330505371,33.55500030517578
2022-02-25,29.435808181762695,34.439998626708984
2022-02-28,30.16230583190918,35.290000915527344
2022-03-01,30.465721130371094,35.64500045776367
2022-03-02,31.162303924560547,36.459999084472656
2022-03-03,31.24777603149414,36.560001373291016
2022-03-04,32.14948272705078,37.6150016784668
2022-03-07,32.623836517333984,38.16999816894531
2022-03-08,33.13665771484375,38.77000045776367
2022-03-09,32.12383270263672,37.584999084472656
2022-03-10,33.10673141479492,38.73500061035156
2022-03-11,32.84178924560547,38.42499923706055
2022-03-14,31.858884811401367,37.275001525878906
2022-03-15,30.692216873168945,35.90999984741211
2022-03-16,30.551189422607422,35.744998931884766
2022-03-17,31.602468490600586,36.974998474121094
2022-03-18,31.572559356689453,36.939998626708984
2022-03-21,32.84529113769531,38.064998626708984
2022-03-22,32.60368347167969,37.78499984741211
2022-03-23,33.164554595947266,38.435001373291016
2022-03-24,33.24652862548828,38.529998779296875
2022-03-25,33.97565460205078,39.375
2022-03-28,33.13435745239258,38.400001525878906
2022-03-29,33.048072814941406,38.29999923706055
2022-03-30,33.432044982910156,38.744998931884766
2022-03-31,32.97904586791992,38.220001220703125
2022-04-01,33.24652862548828,38.529998779296875
2022-04-04,33.28968048095703,38.58000183105469
2022-04-05,32.767635345458984,37.974998474121094
2022-04-06,32.9617805480957,38.20000076293945
2022-04-07,33.393226623535156,38.70000076293945
2022-04-08,34.31218338012695,39.76499938964844
2022-04-11,33.28104782104492,38.56999969482422
2022-04-12,33.833290100097656,39.209999084472656
2022-04-13,34.33806228637695,39.79499816894531
2022-04-14,34.45024108886719,39.92499923706055
2022-04-18,34.95502853393555,40.5099983215332
2022-04-19,34.67027282714844,40.18000030517578
2022-04-20,34.804019927978516,40.334999084472656
2022-04-21,33.699527740478516,39.05500030517578
2022-04-22,32.8754997253418,38.099998474121094
2022-04-25,31.788265228271484,36.84000015258789
2022-04-26,31.831417083740234,36.88999938964844
2022-04-27,32.297367095947266,37.43000030517578
2022-04-28,33.276729583740234,38.564998626708984
2022-04-29,32.422481536865234,37.57500076293945
2022-05-02,32.94021224975586,38.17499923706055
2022-05-03,33.863487243652344,39.244998931884766
2022-05-04,35.26997375488281,40.875
2022-05-05,34.73930740356445,40.2599983215332
2022-05-06,35.774749755859375,41.459999084472656
2022-05-09,32.81509017944336,38.029998779296875
2022-05-10,33.112789154052734,38.375
2022-05-11,33.557167053222656,38.88999938964844
2022-05-12,33.699527740478516,39.05500030517578
2022-05-13,34.85147476196289,40.38999938964844
2022-05-16,35.77043533325195,41.45500183105469
2022-05-17,36.18462371826172,41.935001373291016
2022-05-18,35.257022857666016,40.86000061035156
2022-05-19,35.127601623535156,40.709999084472656
2022-05-20,35.278587341308594,40.8849983215332
2022-05-23,36.210506439208984,41.96500015258789
2022-05-24,36.34855651855469,42.125
2022-05-25,37.09925842285156,42.994998931884766
2022-05-26,37.50913619995117,43.470001220703125
2022-05-27,38.19511032104492,44.26499938964844
2022-05-31,37.621299743652344,43.599998474121094
2022-06-01,38.23394012451172,44.310001373291016
2022-06-02,38.113136291503906,44.16999816894531
2022-06-03,38.617923736572266,44.755001068115234
2022-06-06,38.57478332519531,44.70500183105469
2022-06-07,39.726715087890625,46.040000915527344
2022-06-08,39.81299591064453,46.13999938964844
2022-06-09,38.9328727722168,45.119998931884766
2022-06-10,38.27277374267578,44.35499954223633
2022-06-13,36.275211334228516,42.040000915527344
2022-06-14,36.34424591064453,42.119998931884766
2022-06-15,35.54177474975586,41.189998626708984
2022-06-16,33.53990936279297,38.869998931884766
2022-06-17,31.706300735473633,36.744998931884766
2022-06-21,33.348876953125,38.220001220703125
2022-06-22,32.01386642456055,36.689998626708984
2022-06-23,30.827205657958984,35.33000183105469
2022-06-24,31.23293685913086,35.79499816894531
2022-06-27,32.14911651611328,36.845001220703125
2022-06-28,33.017303466796875,37.84000015258789
2022-06-29,31.869895935058594,36.525001525878906
2022-06-30,31.198040008544922,35.755001068115234
2022-07-01,31.664852142333984,36.290000915527344
2022-07-05,30.40838050842285,34.849998474121094
2022-07-06,29.889209747314453,34.255001068115234
2022-07-07,30.966815948486328,35.4900016784668
2022-07-08,30.953723907470703,35.474998474121094
2022-07-11,30.657058715820312,35.1349983215332
2022-07-12,30.059368133544922,34.45000076293945
2022-07-13,30.01137351989746,34.39500045776367
2022-07-14,29.4442081451416,33.744998931884766
2022-07-15,29.924108505249023,34.29499816894531
2022-07-18,30.609073638916016,35.08000183105469
2022-07-19,31.551424026489258,36.15999984741211
2022-07-20,31.8568115234375,36.5099983215332
2022-07-21,31.29837989807129,35.869998931884766
2022-07-22,31.040973663330078,35.57500076293945
2022-07-25,32.179664611816406,36.880001068115234
2022-07-26,31.887353897094727,36.54499816894531
2022-07-27,32.60721206665039,37.369998931884766
2022-07-28,32.79043960571289,37.58000183105469
2022-07-29,34.21269989013672,39.209999084472656
2022-08-01,33.50593185424805,38.400001525878906
2022-08-02,33.42740249633789,38.310001373291016
2022-08-03,32.46760177612305,37.209999084472656
2022-08-04,31.263479232788086,35.83000183105469
2022-08-05,31.882997512817383,36.540000915527344
2022-08-08,32.048770904541016,36.72999954223633
2022-08-09,32.611572265625,37.375
2022-08-10,32.84716033935547,37.64500045776367
2022-08-11,33.97711944580078,38.939998626708984
2022-08-12,34.23451232910156,39.23500061035156
2022-08-15,33.567012786865234,38.470001220703125
2022-08-16,33.488487243652344,38.380001068115234
2022-08-17,33.7677001953125,38.70000076293945
2022-08-18,34.67515182495117,39.7400016784668
2022-08-19,34.66643524169922,39.72999954223633
2022-08-22,34.60097885131836,39.654998779296875
2022-08-23,35.84873580932617,41.084999084472656
2022-08-24,36.289363861083984,41.59000015258789
2022-08-25,36.56858825683594,41.90999984741211
2022-08-26,36.14104461669922,41.41999816894531
2022-08-29,36.68638610839844,42.04499816894531
2022-08-30,35.4429931640625,40.619998931884766
2022-08-31,35.120155334472656,40.25
2022-09-01,34.2563362121582,39.2599983215332
2022-09-02,34.88457107543945,39.97999954223633
2022-09-06,34.56171798706055,39.61000061035156
2022-09-07,34.16035079956055,39.150001525878906
2022-09-08,34.308685302734375,39.31999969482422
2022-09-09,35.16377639770508,40.29999923706055
2022-09-12,35.80946731567383,41.040000915527344
2022-09-13,34.9063720703125,40.005001068115234
2022-09-14,35.892356872558594,41.1349983215332
2022-09-15,34.96745681762695,40.07500076293945
2022-09-16,34.221431732177734,39.220001220703125
2022-09-19,34.24171447753906,38.81999969482422
2022-09-20,34.00355529785156,38.54999923706055
2022-09-21,33.505191802978516,37.98500061035156
2022-09-22,33.386112213134766,37.849998474121094
2022-09-23,31.083925247192383,35.2400016784668
2022-09-26,30.320941925048828,34.375
2022-09-27,30.660537719726562,34.7599983215332
2022-09-28,32.01891326904297,36.29999923706055
2022-09-29,32.01891326904297,36.29999923706055
2022-09-30,31.76310920715332,36.0099983215332
2022-10-03,33.5581169128418,38.04499816894531
2022-10-04,35.00028610229492,39.68000030517578
2022-10-05,35.72357940673828,40.5
2022-10-06,36.35866928100586,41.220001220703125
2022-10-07,36.07640838623047,40.900001525878906
2022-10-10,35.33547592163086,40.060001373291016
2022-10-11,35.053218841552734,39.7400016784668
2022-10-12,35.33547592163086,40.060001373291016
2022-10-13,36.77764892578125,41.69499969482422
2022-10-14,35.40604019165039,40.13999938964844
2022-10-17,35.847076416015625,40.63999938964844
2022-10-18,36.16019821166992,40.994998931884766
2022-10-19,37.227500915527344,42.20500183105469
2022-10-20,37.26278305053711,42.244998931884766
2022-10-21,38.338897705078125,43.46500015258789
2022-10-24,38.51972198486328,43.66999816894531
2022-10-25,38.55941390991211,43.71500015258789
2022-10-26,39.0842399597168,44.310001373291016
2022-10-27,39.225379943847656,44.470001220703125
2022-10-28,39.362098693847656,44.625
2022-10-31,39.692874908447266,45.0
2022-11-01,40.076560974121094,45.435001373291016
2022-11-02,39.1107063293457,44.34000015258789
2022-11-03,39.83400344848633,45.15999984741211
2022-11-04,40.31913375854492,45.709999084472656
2022-11-07,41.01155090332031,46.494998931884766
2022-11-08,41.05125427246094,46.540000915527344
2022-11-09,39.04454803466797,44.26499938964844
2022-11-10,39.91337585449219,45.25
2022-11-11,41.073299407958984,46.564998626708984
2022-11-14,41.06007385253906,46.54999923706055
2022-11-15,41.49228286743164,47.040000915527344
2022-11-16,40.64550018310547,46.08000183105469
2022-11-17,40.73370361328125,46.18000030517578
2022-11-18,40.411746978759766,45.814998626708984
2022-11-21,39.8648681640625,45.19499969482422
2022-11-22,41.11298751831055,46.61000061035156
2022-11-23,40.66755294799805,46.10499954223633
2022-11-25,40.517608642578125,45.935001373291016
2022-11-28,39.40620422363281,44.67499923706055
2022-11-29,40.001590728759766,45.349998474121094
2022-11-30,40.20005798339844,45.57500076293945
2022-12-01,40.0677490234375,45.42499923706055
2022-12-02,39.82958221435547,45.154998779296875
2022-12-05,38.64762496948242,43.814998626708984
2022-12-06,37.628841400146484,42.65999984741211
2022-12-07,37.54063034057617,42.560001373291016
2022-12-08,37.373043060302734,42.369998931884766
2022-12-09,36.464515686035156,41.34000015258789
2022-12-12,37.42155838012695,42.42499923706055
2022-12-13,38.13162612915039,43.22999954223633
2022-12-14,37.89787292480469,42.96500015258789
2022-12-15,37.668540954589844,42.70500183105469
2022-12-16,37.2054557800293,42.18000030517578
2022-12-19,37.200992584228516,41.744998931884766
2022-12-20,37.76241683959961,42.375
2022-12-21,38.479793548583984,43.18000030517578
2022-12-22,37.593101501464844,42.185001373291016
2022-12-23,38.791690826416016,43.529998779296875
2022-12-27,39.206077575683594,43.994998931884766
2022-12-28,38.32829666137695,43.0099983215332
2022-12-29,38.72930908203125,43.459999084472656
2022-12-30,38.97438049316406,43.73500061035156
2023-01-03,37.606468200683594,42.20000076293945
2023-01-04,37.60201644897461,42.19499969482422
2023-01-05,38.2881965637207,42.96500015258789
2023-01-06,39.01448059082031,43.779998779296875
2023-01-09,38.8763542175293,43.625
2023-01-10,39.152610778808594,43.935001373291016
2023-01-11,39.27292251586914,44.06999969482422
2023-01-12,40.021480560302734,44.90999984741211
2023-01-13,40.07939910888672,44.974998474121094
2023-01-17,40.1640625,45.06999969482422
2023-01-18,39.428863525390625,44.244998931884766
2023-01-19,39.91899490356445,44.79499816894531
2023-01-20,40.3155632019043,45.2400016784668
2023-01-23,40.36902618408203,45.29999923706055
2023-01-24,40.21307373046875,45.125
2023-01-25,40.217533111572266,45.130001068115234
2023-01-26,41.48741912841797,46.55500030517578
2023-01-27,40.64975357055664,45.6150016784668
2023-01-30,39.71849060058594,44.56999969482422
2023-01-31,40.070499420166016,44.96500015258789
2023-02-01,39.281822204589844,44.08000183105469
2023-02-02,38.38622283935547,43.07500076293945
2023-02-03,38.30155944824219,42.97999954223633
2023-02-06,38.12779235839844,42.78499984741211
2023-02-07,39.36648178100586,44.17499923706055
2023-02-08,39.01448059082031,43.779998779296875
2023-02-09,38.6802978515625,43.404998779296875
2023-02-10,40.19525909423828,45.10499954223633
2023-02-13,40.092769622802734,44.9900016784668
2023-02-14,40.10614013671875,45.005001068115234
2023-02-15,39.42441940307617,44.2400016784668
2023-02-16,39.03675842285156,43.80500030517578
2023-02-17,37.64657211303711,42.244998931884766
2023-02-21,37.45943069458008,42.03499984741211
2023-02-22,37.209903717041016,41.755001068115234
2023-02-23,37.771331787109375,42.3849983215332
2023-02-24,37.722320556640625,42.33000183105469
2023-02-27,37.83372116088867,42.45500183105469
2023-02-28,37.29011154174805,41.845001220703125
2023-03-01,38.02530288696289,42.66999816894531
2023-03-02,38.359493255615234,43.04499816894531
2023-03-03,38.88080596923828,43.630001068115234
2023-03-06,38.89863204956055,43.650001525878906
2023-03-07,38.22135925292969,42.88999938964844
2023-03-08,37.829254150390625,42.45000076293945
2023-03-09,37.29456329345703,41.849998474121094
2023-03-10,36.81779098510742,41.314998626708984
2023-03-13,36.06923294067383,40.474998474121094
2023-03-14,36.42570114135742,40.875
2023-03-15,34.46962356567383,38.68000030517578
2023-03-16,34.843910217285156,39.099998474121094
2023-03-17,34.29584503173828,38.48500061035156
2023-03-20,34.98244094848633,38.849998474121094
2023-03-21,36.193546295166016,40.19499969482422
2023-03-22,35.42366027832031,39.34000015258789
2023-03-23,34.93291473388672,38.79499816894531
2023-03-24,35.06798553466797,38.94499969482422
2023-03-27,35.81535720825195,39.775001525878906
2023-03-28,36.36913299560547,40.38999938964844
2023-03-29,36.87338638305664,40.95000076293945
2023-03-30,37.035465240478516,41.130001068115234
2023-03-31,37.292091369628906,41.415000915527344
2023-04-03,38.980438232421875,43.290000915527344
2023-04-04,38.27358627319336,42.505001068115234
2023-04-05,38.84986877441406,43.14500045776367
2023-04-06,38.26007843017578,42.4900016784668
2023-04-10,38.56623077392578,42.83000183105469
2023-04-11,38.930912017822266,43.23500061035156
2023-04-12,38.957923889160156,43.26499938964844
2023-04-13,39.20104217529297,43.53499984741211
2023-04-14,39.2730827331543,43.6150016784668
2023-04-17,38.809349060058594,43.099998474121094
2023-04-18,38.96242141723633,43.27000045776367
2023-04-19,38.82735824584961,43.119998931884766
2023-04-20,38.485191345214844,42.7400016784668
2023-04-21,38.26007843017578,42.4900016784668
2023-04-24,38.845367431640625,43.13999938964844
2023-04-25,38.116004943847656,42.33000183105469
2023-04-26,37.60724639892578,41.76499938964844
2023-04-27,37.74231719970703,41.915000915527344
2023-04-28,38.327613830566406,42.564998626708984
2023-05-01,37.89539337158203,42.084999084472656
2023-05-02,36.24757766723633,40.255001068115234
2023-05-03,35.563232421875,39.494998931884766
2023-05-04,35.16703414916992,39.05500030517578
2023-05-05,36.121517181396484,40.1150016784668
2023-05-08,36.121517181396484,40.1150016784668
2023-05-09,36.135013580322266,40.130001068115234
2023-05-10,35.725311279296875,39.67499923706055
2023-05-11,35.29759979248047,39.20000076293945
2023-05-12,35.35163116455078,39.2599983215332
2023-05-15,35.531715393066406,39.459999084472656
2023-05-16,34.658287048339844,38.4900016784668
2023-05-17,35.324615478515625,39.22999954223633
2023-05-18,35.581233978271484,39.51499938964844
2023-05-19,35.85588073730469,39.81999969482422
2023-05-22,35.707305908203125,39.654998779296875
2023-05-23,36.08999252319336,40.08000183105469
2023-05-24,36.24757766723633,40.255001068115234
2023-05-25,35.603763580322266,39.540000915527344
2023-05-26,35.46417999267578,39.3849983215332
2023-05-30,35.09950256347656,38.97999954223633
2023-05-31,34.48269271850586,38.29499816894531
2023-06-01,34.91040802001953,38.77000045776367
2023-06-02,35.972938537597656,39.95000076293945
2023-06-05,35.734317779541016,39.685001373291016
2023-06-06,36.022464752197266,40.005001068115234
2023-06-07,36.9769401550293,41.064998626708984
2023-06-08,36.819366455078125,40.88999938964844
2023-06-09,36.61676025390625,40.665000915527344
2023-06-12,36.26558303833008,40.275001525878906
2023-06-13,36.436668395996094,40.46500015258789
2023-06-14,36.062984466552734,40.04999923706055
2023-06-15,36.45917892456055,40.4900016784668
2023-06-16,36.4051513671875,40.43000030517578
2023-06-20,35.59033203125,39.18000030517578
2023-06-21,35.87193298339844,39.4900016784668
2023-06-22,35.3904914855957,38.959999084472656
2023-06-23,35.136138916015625,38.68000030517578
2023-06-26,35.76747512817383,39.375
2023-06-27,35.849220275878906,39.46500015258789
2023-06-28,36.212581634521484,39.8650016784668
2023-06-29,36.630435943603516,40.32500076293945
2023-06-30,36.866607666015625,40.584999084472656
2023-07-03,36.952911376953125,40.68000030517578
2023-07-05,36.74851989746094,40.45500183105469
2023-07-06,35.92189407348633,39.54499816894531
2023-07-07,36.69401550292969,40.39500045776367
2023-07-10,36.98015213012695,40.709999084472656
2023-07-11,37.79315185546875,41.60499954223633
2023-07-12,38.142887115478516,41.9900016784668
2023-07-13,37.997535705566406,41.83000183105469
2023-07-14,36.993778228759766,40.724998474121094
2023-07-17,36.921119689941406,40.64500045776367
2023-07-18,37.29354476928711,41.05500030517578
2023-07-19,37.51156234741211,41.29499816894531
2023-07-20,37.952125549316406,41.779998779296875
2023-07-21,38.28822708129883,42.150001525878906
2023-07-24,38.90592575073242,42.83000183105469
2023-07-25,39.11030578613281,43.05500030517578
2023-07-26,39.12393569946289,43.06999969482422
2023-07-27,38.87412643432617,42.79499816894531
2023-07-28,38.99220657348633,42.92499923706055
2023-07-31,39.73256301879883,43.7400016784668
2023-08-01,39.546329498291016,43.53499984741211
2023-08-02,39.02854919433594,42.96500015258789
2023-08-03,39.423702239990234,43.400001525878906
2023-08-04,39.478206634521484,43.459999084472656
2023-08-07,39.52362823486328,43.5099983215332
2023-08-08,39.71892166137695,43.724998474121094
2023-08-09,40.218528747558594,44.275001525878906
2023-08-10,40.213985443115234,44.27000045776367
2023-08-11,40.831695556640625,44.95000076293945
2023-08-14,40.65909194946289,44.7599983215332
2023-08-15,39.814308166503906,43.83000183105469
2023-08-16,39.4691162109375,43.45000076293945
2023-08-17,39.94147491455078,43.970001220703125
2023-08-18,40.33662414550781,44.404998779296875
2023-08-21,40.082275390625,44.125
2023-08-22,39.77342987060547,43.78499984741211
2023-08-23,39.67350769042969,43.67499923706055
2023-08-24,39.40099334716797,43.375
2023-08-25,39.78251266479492,43.79499816894531
2023-08-28,40.05048370361328,44.09000015258789
2023-08-29,40.15948486328125,44.209999084472656
2023-08-30,40.35933303833008,44.43000030517578
2023-08-31,40.386592864990234,44.459999084472656
2023-09-01,41.21320343017578,45.369998931884766
2023-09-05,41.43122100830078,45.61000061035156
2023-09-06,41.44938659667969,45.630001068115234
2023-09-07,41.408504486083984,45.584999084472656
2023-09-08,41.80820083618164,46.025001525878906
2023-09-11,41.25862503051758,45.41999816894531
2023-09-12,42.2305908203125,46.4900016784668
2023-09-13,41.912662506103516,46.13999938964844
2023-09-14,42.4031867980957,46.68000030517578
2023-09-15,41.79003143310547,46.005001068115234
2023-09-18,42.1441650390625,46.05500030517578
2023-09-19,41.75068283081055,45.625
2023-09-20,41.36177062988281,45.20000076293945
2023-09-21,40.79441833496094,44.58000183105469
2023-09-22,40.863040924072266,44.654998779296875
2023-09-25,41.37549591064453,45.21500015258789
2023-09-26,41.137577056884766,44.95500183105469
2023-09-27,42.16246795654297,46.07500076293945
2023-09-28,42.208221435546875,46.125
2023-09-29,41.3571891784668,45.19499969482422
2023-10-02,40.53362274169922,44.29499816894531
2023-10-03,40.506168365478516,44.26499938964844
2023-10-04,39.234195709228516,42.875
2023-10-05,38.99169921875,42.61000061035156
2023-10-06,39.22504425048828,42.8650016784668
2023-10-09,40.53362274169922,44.29499816894531
2023-10-10,40.58395004272461,44.349998474121094
2023-10-11,40.06235122680664,43.779998779296875
2023-10-12,40.10810852050781,43.83000183105469
2023-10-13,40.99115753173828,44.79499816894531
2023-10-16,41.265689849853516,45.095001220703125
2023-10-17,41.695777893066406,45.564998626708984
2023-10-18,42.07553482055664,45.97999954223633
2023-10-19,42.00232696533203,45.900001525878906
2023-10-20,41.29771041870117,45.130001068115234
2023-10-23,40.62970733642578,44.400001525878906
2023-10-24,40.057777404785156,43.775001525878906
2023-10-25,39.98456954956055,43.69499969482422
2023-10-26,39.67344665527344,43.35499954223633
2023-10-27,38.72174835205078,42.314998626708984
2023-10-30,38.8498649597168,42.45500183105469
2023-10-31,38.97797775268555,42.595001220703125
2023-11-01,38.88646697998047,42.494998931884766
2023-11-02,40.06235122680664,43.779998779296875
2023-11-03,39.65972137451172,43.34000015258789
2023-11-06,39.21132278442383,42.849998474121094
2023-11-07,38.34199905395508,41.900001525878906
2023-11-08,37.861572265625,41.375
2023-11-09,37.7471923828125,41.25
2023-11-10,38.16355895996094,41.70500183105469
2023-11-13,38.438079833984375,42.005001068115234
2023-11-14,38.78123474121094,42.380001068115234
2023-11-15,38.70802688598633,42.29999923706055
2023-11-16,37.95309066772461,41.474998474121094
2023-11-17,38.749210357666016,42.345001220703125
2023-11-20,38.804115295410156,42.404998779296875
2023-11-21,38.71717834472656,42.310001373291016
2023-11-22,38.69887161254883,42.290000915527344
2023-11-24,38.85901641845703,42.46500015258789
2023-11-27,38.72174835205078,42.314998626708984
2023-11-28,38.73090744018555,42.32500076293945
2023-11-29,38.442657470703125,42.0099983215332
2023-11-30,38.69887161254883,42.290000915527344
2023-12-01,38.90019989013672,42.5099983215332
2023-12-04,38.72174835205078,42.314998626708984
2023-12-05,38.04460144042969,41.57500076293945
2023-12-06,37.47724533081055,40.95500183105469
2023-12-07,37.22101593017578,40.67499923706055
2023-12-08,37.623653411865234,41.1150016784668
2023-12-11,37.66941452026367,41.165000915527344
2023-12-12,37.15237808227539,40.599998474121094
2023-12-13,37.66941452026367,41.165000915527344
2023-12-14,38.77666091918945,42.375
2023-12-15,38.570770263671875,42.150001525878906
2023-12-18,38.885799407958984,42.09000015258789
2023-12-19,39.35236358642578,42.595001220703125
2023-12-20,38.987430572509766,42.20000076293945
2023-12-21,39.139869689941406,42.3650016784668
2023-12-22,39.25535583496094,42.4900016784668
2023-12-26,39.592567443847656,42.85499954223633
2023-12-27,39.417030334472656,42.665000915527344
2023-12-28,38.81651306152344,42.01499938964844
2023-12-29,38.72875213623047,41.91999816894531
2024-01-02,39.14448547363281,42.369998931884766
2024-01-03,39.78196716308594,43.060001373291016
2024-01-04,39.084442138671875,42.30500030517578
2024-01-05,39.11677932739258,42.34000015258789
2024-01-08,38.66407775878906,41.849998474121094
2024-01-09,38.04508590698242,41.18000030517578
2024-01-10,37.67091751098633,40.775001525878906
2024-01-11,37.767921447753906,40.880001068115234
2024-01-12,38.192909240722656,41.34000015258789
2024-01-16,37.28288269042969,40.35499954223633
2024-01-17,36.973392486572266,40.02000045776367
2024-01-18,36.9133415222168,39.95500183105469
2024-01-19,37.03343963623047,40.084999084472656
2024-01-22,37.17202377319336,40.23500061035156
2024-01-23,37.25054931640625,40.31999969482422
2024-01-24,37.781776428222656,40.89500045776367
2024-01-25,38.631736755371094,41.814998626708984
2024-01-26,38.91814041137695,42.125
2024-01-29,38.86271286010742,42.064998626708984
2024-01-30,39.26459503173828,42.5
2024-01-31,38.530113220214844,41.70500183105469
2024-02-01,38.52549362182617,41.70000076293945
2024-02-02,38.58091735839844,41.7599983215332
2024-02-05,38.48392105102539,41.654998779296875
2024-02-06,38.60865020751953,41.790000915527344
2024-02-07,38.687171936035156,41.875
2024-02-08,39.084442138671875,42.30500030517578
2024-02-09,38.48392105102539,41.654998779296875
2024-02-12,38.90890884399414,42.1150016784668
2024-02-13,38.51626205444336,41.689998626708984
2024-02-14,38.47930145263672,41.650001525878906
2024-02-15,39.550994873046875,42.810001373291016
2024-02-16,39.52789306640625,42.78499984741211
2024-02-20,39.16758728027344,42.39500045776367
2024-02-21,39.902069091796875,43.189998626708984
2024-02-22,39.97135543823242,43.26499938964844
2024-02-23,39.70805358886719,42.97999954223633
2024-02-26,39.846641540527344,43.130001068115234
2024-02-27,39.67572021484375,42.94499969482422
2024-02-28,39.597190856933594,42.86000061035156
2024-02-29,39.79119873046875,43.06999969482422
2024-03-01,40.253135681152344,43.56999969482422
2024-03-04,39.82353591918945,43.10499954223633
2024-03-05,40.119171142578125,43.42499923706055
2024-03-06,40.243896484375,43.560001373291016
2024-03-07,40.585731506347656,43.93000030517578
2024-03-08,40.72892761230469,44.084999084472656
2024-03-11,41.1492919921875,44.540000915527344
2024-03-12,41.084625244140625,44.470001220703125
2024-03-13,41.74057388305664,45.18000030517578
2024-03-14,42.17017364501953,45.64500045776367
2024-03-15,42.29489517211914,45.779998779296875
2024-03-18,42.44111633300781,45.56999969482422
2024-03-19,42.925411224365234,46.09000015258789
2024-03-20,42.8648796081543,46.025001525878906
2024-03-21,43.12099075317383,46.29999923706055
2024-03-22,43.02785873413086,46.20000076293945
2024-03-25,43.42833709716797,46.630001068115234
2024-03-26,43.09305191040039,46.27000045776367
2024-03-27,43.4935302734375,46.70000076293945
2024-03-28,43.9638557434082,47.20500183105469
2024-04-01,44.289825439453125,47.55500030517578
2024-04-02,44.90917205810547,48.220001220703125
2024-04-03,45.21650695800781,48.54999923706055
2024-04-04,45.18856430053711,48.52000045776367
2024-04-05,45.672874450683594,49.040000915527344
2024-04-08,45.38414001464844,48.72999954223633
2024-04-09,45.39811706542969,48.744998931884766
2024-04-10,45.537818908691406,48.89500045776367
2024-04-11,45.505218505859375,48.86000061035156
2024-04-12,44.76480484008789,48.064998626708984
2024-04-15,44.345699310302734,47.6150016784668
2024-04-16,43.95919418334961,47.20000076293945
2024-04-17,43.833465576171875,47.064998626708984
2024-04-18,43.698421478271484,46.91999816894531
2024-04-19,44.22463607788086,47.48500061035156
2024-04-22,44.513343811035156,47.79499816894531
2024-04-23,44.76015090942383,48.060001373291016
2024-04-24,44.79275131225586,48.095001220703125
2024-04-25,44.997642517089844,48.314998626708984
2024-04-26,44.58319854736328,47.869998931884766
2024-04-29,44.88588333129883,48.19499969482422
2024-04-30,43.549407958984375,46.7599983215332
2024-05-01,42.855560302734375,46.01499938964844
2024-05-02,43.10236358642578,46.279998779296875
2024-05-03,43.10702896118164,46.28499984741211
2024-05-06,43.446964263916016,46.650001525878906
2024-05-07,43.40504837036133,46.60499954223633
2024-05-08,43.35383224487305,46.54999923706055
2024-05-09,43.935909271240234,47.17499923706055
2024-05-10,43.69376754760742,46.915000915527344
2024-05-13,43.577354431152344,46.790000915527344
2024-05-14,43.63322448730469,46.849998474121094
2024-05-15,43.731021881103516,46.95500183105469
2024-05-16,43.60994338989258,46.82500076293945
2024-05-17,44.219970703125,47.47999954223633
2024-05-20,43.93125915527344,47.16999816894531
2024-05-21,43.71704864501953,46.939998626708984
2024-05-22,42.87884521484375,46.040000915527344
2024-05-23,42.48768615722656,45.619998931884766
2024-05-24,42.548221588134766,45.685001373291016
2024-05-28,42.9859504699707,46.154998779296875
2024-05-29,42.22690963745117,45.34000015258789
2024-05-30,42.347984313964844,45.470001220703125
2024-05-31,43.40039825439453,46.599998474121094
2024-06-03,42.26416778564453,45.380001068115234
2024-06-04,41.85902786254883,44.94499969482422
2024-06-05,41.854373931884766,44.939998626708984
2024-06-06,42.073238372802734,45.17499923706055
2024-06-07,41.90559768676758,44.994998931884766
2024-06-10,42.222251892089844,45.334999084472656
2024-06-11,42.138427734375,45.244998931884766
2024-06-12,41.68672561645508,44.7599983215332
2024-06-13,41.30487823486328,44.349998474121094
2024-06-14,40.99753952026367,44.02000045776367
2024-06-17,41.104644775390625,44.1349983215332
2024-06-18,41.276939392089844,44.31999969482422
2024-06-20,42.03597640991211,45.1349983215332
2024-06-21,41.79383850097656,44.875
2024-06-24,42.847652435302734,45.63999938964844
2024-06-25,42.94622802734375,45.744998931884766
2024-06-26,42.52376174926758,45.29499816894531
2024-06-27,42.622352600097656,45.400001525878906
2024-06-28,42.78664016723633,45.57500076293945
2024-07-01,42.81010437011719,45.599998474121094
2024-07-02,42.77724838256836,45.564998626708984
2024-07-03,42.96500778198242,45.76499938964844
2024-07-05,42.29375457763672,45.04999923706055
2024-07-08,42.035579681396484,44.775001525878906
2024-07-09,41.66474151611328,44.380001068115234
2024-07-10,41.94639587402344,44.68000030517578
2024-07-11,42.38294219970703,45.14500045776367
2024-07-12,42.49090576171875,45.2599983215332
2024-07-15,43.13399887084961,45.94499969482422
2024-07-16,43.326454162597656,46.150001525878906
2024-07-17,43.75831604003906,46.61000061035156
2024-07-18,43.838111877441406,46.69499969482422
2024-07-19,43.35931396484375,46.185001373291016
2024-07-22,43.087059020996094,45.89500045776367
2024-07-23,42.4017219543457,45.165000915527344
2024-07-24,42.406410217285156,45.16999816894531
2024-07-25,43.13869857788086,45.95000076293945
2024-07-26,43.27482223510742,46.095001220703125
2024-07-29,42.90399169921875,45.70000076293945
2024-07-30,43.5705451965332,46.40999984741211
2024-07-31,43.75362014770508,46.60499954223633
2024-08-01,42.59417724609375,45.369998931884766
2024-08-02,41.495758056640625,44.20000076293945
2024-08-05,40.580406188964844,43.224998474121094
2024-08-06,40.829200744628906,43.4900016784668
2024-08-07,40.99349594116211,43.665000915527344
2024-08-08,41.875980377197266,44.60499954223633
2024-08-09,41.96986770629883,44.70500183105469
2024-08-12,42.17639923095703,44.92499923706055
2024-08-13,41.76801681518555,44.4900016784668
2024-08-14,42.01211166381836,44.75
2024-08-15,42.51437759399414,45.28499984741211
2024-08-16,42.467437744140625,45.23500061035156
2024-08-19,42.75377655029297,45.540000915527344
2024-08-20,41.627193450927734,44.34000015258789
2024-08-21,41.69760513305664,44.415000915527344
2024-08-22,41.80556106567383,44.529998779296875
2024-08-23,42.42988586425781,45.19499969482422
2024-08-26,42.81010437011719,45.599998474121094
2024-08-27,42.411109924316406,45.17499923706055
2024-08-28,42.13884735107422,44.8849983215332
2024-08-29,42.68806076049805,45.470001220703125
2024-08-30,42.847652435302734,45.63999938964844
2024-09-03,41.782100677490234,44.505001068115234
2024-09-04,41.20473098754883,43.88999938964844
2024-09-05,40.88552474975586,43.54999923706055
2024-09-06,40.373878479003906,43.005001068115234
2024-09-09,40.6649055480957,43.314998626708984
2024-09-10,39.96549606323242,42.56999969482422
2024-09-11,39.59465789794922,42.17499923706055
2024-09-12,39.9514045715332,42.55500030517578
2024-09-13,40.176719665527344,42.79499816894531
2024-09-16,40.636741638183594,43.28499984741211
2024-09-17,41.185943603515625,43.869998931884766
2024-09-18,41.26575469970703,43.95500183105469
2024-09-19,41.758628845214844,44.47999954223633
2024-09-20,41.66474151611328,44.380001068115234
2024-09-23,42.17921447753906,44.560001373291016
2024-09-24,42.0750846862793,44.45000076293945
2024-09-25,41.25156784057617,43.58000183105469
2024-09-26,40.4422492980957,42.724998474121094
2024-09-27,41.265769958496094,43.595001220703125
2024-09-30,41.554473876953125,43.900001525878906
2024-10-01,42.50104904174805,44.900001525878906
2024-10-02,42.93646240234375,45.36000061035156
2024-10-03,43.693729400634766,46.15999984741211
2024-10-04,44.100746154785156,46.59000015258789
2024-10-07,44.256935119628906,46.755001068115234
2024-10-08,43.10211944580078,45.53499984741211
2024-10-09,43.362422943115234,45.810001373291016
2024-10-10,43.655860900878906,46.119998931884766
2024-10-11,43.925636291503906,46.404998779296875
2024-10-14,43.90670394897461,46.3849983215332
2024-10-15,42.491580963134766,44.88999938964844
2024-10-16,42.69509506225586,45.10499954223633
2024-10-17,42.89860534667969,45.31999969482422
2024-10-18,42.756614685058594,45.16999816894531
2024-10-21,42.62882614135742,45.03499984741211
2024-10-22,42.72821807861328,45.13999938964844
2024-10-23,42.50577163696289,44.904998779296875
2024-10-24,42.50104904174805,44.900001525878906
2024-10-25,42.48684310913086,44.8849983215332
2024-10-28,42.217071533203125,44.599998474121094
2024-10-29,41.57339859008789,43.91999816894531
2024-10-30,41.66806411743164,44.02000045776367
2024-10-31,41.92836380004883,44.29499816894531
2024-11-01,41.663330078125,44.01499938964844
2024-11-04,42.392189025878906,44.78499984741211
2024-11-05,42.6761589050293,45.084999084472656
2024-11-06,44.28059768676758,46.779998779296875
2024-11-07,44.07707977294922,46.564998626708984
2024-11-08,44.37052536010742,46.875
2024-11-11,44.62136459350586,47.13999938964844
2024-11-12,44.38472366333008,46.88999938964844
2024-11-13,44.730224609375,47.255001068115234
2024-11-14,44.90060806274414,47.435001373291016
2024-11-15,44.83434295654297,47.3650016784668
2024-11-18,45.43067932128906,47.994998931884766
2024-11-19,45.14197540283203,47.689998626708984
2024-11-20,45.59632873535156,48.16999816894531
2024-11-21,45.96548843383789,48.560001373291016
2024-11-22,46.03648376464844,48.6349983215332
2024-11-25,45.127777099609375,47.67499923706055
2024-11-26,45.06625747680664,47.61000061035156
2024-11-27,45.0189208984375,47.560001373291016
2024-11-29,45.21296691894531,47.76499938964844
2024-12-02,44.734947204589844,47.2599983215332
2024-12-03,44.730224609375,47.255001068115234
2024-12-04,43.65113067626953,46.1150016784668
2024-12-05,43.82150650024414,46.29499816894531
2024-12-06,43.078453063964844,45.5099983215332
2024-12-09,43.0074577331543,45.435001373291016
2024-12-10,42.71402359008789,45.125
2024-12-11,42.785011291503906,45.20000076293945
2024-12-12,42.439517974853516,44.834999084472656
2024-12-13,42.22653579711914,44.61000061035156
2024-12-16,41.29890060424805,43.630001068115234
2024-12-17,40.99126052856445,43.30500030517578
2024-12-18,39.77965545654297,42.025001525878906
2024-12-19,39.43415069580078,41.65999984741211
2024-12-20,39.82224655151367,42.06999969482422
2024-12-23,40.05610656738281,41.96500015258789
2024-12-24,40.394954681396484,42.31999969482422
2024-12-26,40.361549377441406,42.28499984741211
2024-12-27,40.35677719116211,42.279998779296875
2024-12-30,40.35200119018555,42.275001525878906
2024-12-31,40.88175582885742,42.83000183105469
2025-01-02,41.359012603759766,43.33000183105469
2025-01-03,41.7455940246582,43.73500061035156
2025-01-06,41.5546875,43.53499984741211
2025-01-07,41.96989822387695,43.970001220703125
2025-01-08,42.01285934448242,44.01499938964844
2025-01-10,42.18466567993164,44.19499969482422
2025-01-13,43.072364807128906,45.125
2025-01-14,43.535301208496094,45.61000061035156
2025-01-15,44.17959976196289,46.28499984741211
2025-01-16,44.49935531616211,46.619998931884766
2025-01-17,44.842979431152344,46.97999954223633
2025-01-21,44.61389923095703,46.7400016784668
2025-01-22,43.80256652832031,45.88999938964844
2025-01-23,44.003013610839844,46.099998474121094
2025-01-24,43.5782470703125,45.654998779296875
2025-01-27,43.12486267089844,45.18000030517578
2025-01-28,42.714420318603516,44.75
2025-01-29,42.80986785888672,44.849998474121094
2025-01-30,43.02941131591797,45.08000183105469
2025-01-31,41.82672119140625,43.81999969482422
2025-02-03,42.08921813964844,44.095001220703125
2025-02-04,42.972137451171875,45.02000045776367
2025-02-05,43.06281661987305,45.1150016784668
2025-02-06,42.270572662353516,44.28499984741211
2025-02-07,42.26580047607422,44.279998779296875
2025-02-10,43.196449279785156,45.255001068115234
2025-02-11,43.54484939575195,45.619998931884766
2025-02-12,42.49488067626953,44.52000045776367
2025-02-13,42.81463623046875,44.85499954223633
2025-02-14,42.98645782470703,45.03499984741211
2025-02-18,43.573482513427734,45.650001525878906
2025-02-19,43.9171028137207,46.0099983215332
2025-02-20,44.31800079345703,46.43000030517578
2025-02-21,43.39689636230469,45.46500015258789
2025-02-24,43.406436920166016,45.474998474121094
2025-02-25,42.7812385559082,44.81999969482422
2025-02-26,42.53783416748047,44.564998626708984
2025-02-27,42.76692199707031,44.80500030517578
2025-02-28,43.43031311035156,45.5
2025-03-03,41.912635803222656,43.90999984741211
2025-03-04,41.506961822509766,43.48500061035156
2025-03-05,40.900848388671875,42.849998474121094
2025-03-06,41.024932861328125,42.97999954223633
2025-03-07,41.72650146484375,43.71500015258789
2025-03-10,42.03671646118164,44.040000915527344
2025-03-11,41.70263671875,43.689998626708984
2025-03-12,41.89353942871094,43.88999938964844
2025-03-13,41.60718536376953,43.59000015258789
2025-03-14,42.8385124206543,44.880001068115234
2025-03-17,43.52098083496094,45.595001220703125
2025-03-18,43.592567443847656,45.66999816894531
2025-03-19,44.30368423461914,46.415000915527344
2025-03-20,44.46595001220703,46.584999084472656
2025-03-21,44.15572738647461,46.2599983215332
2025-03-24,44.658836364746094,46.42499923706055
2025-03-25,44.841609954833984,46.6150016784668
2025-03-26,45.10614776611328,46.88999938964844
2025-03-27,44.668460845947266,46.435001373291016
2025-03-28,44.456825256347656,46.21500015258789
2025-03-31,44.947425842285156,46.724998474121094
2025-04-01,45.21196365356445,47.0
2025-04-02,45.27448654174805,47.064998626708984
2025-04-03,41.72005844116211,43.369998931884766
2025-04-04,37.88185501098633,39.380001068115234
2025-04-07,37.63655090332031,39.125
2025-04-08,36.76598358154297,38.220001220703125
2025-04-09,39.61337661743164,41.18000030517578
2025-04-10,37.02571487426758,38.4900016784668
2025-04-11,37.94438171386719,39.44499969482422
2025-04-14,38.07905578613281,39.584999084472656
2025-04-15,38.021339416503906,39.525001525878906
2025-04-16,38.33397674560547,39.849998474121094
2025-04-17,39.19973373413086,40.75
2025-04-21,38.17524719238281,39.685001373291016
2025-04-22,39.14682388305664,40.69499969482422
2025-04-23,39.07468032836914,40.619998931884766
2025-04-24,39.699951171875,41.27000045776367
2025-04-25,39.6278076171875,41.19499969482422
2025-04-28,39.90677261352539,41.48500061035156
2025-04-29,39.79133605957031,41.3650016784668
2025-04-30,38.7187614440918,40.25
2025-05-01,38.8630485534668,40.400001525878906
2025-05-02,39.43060302734375,40.9900016784668
2025-05-05,38.7187614440918,40.25
2025-05-06,38.72837448120117,40.2599983215332
2025-05-07,38.74280548095703,40.275001525878906
2025-05-08,39.25264358520508,40.80500030517578
2025-05-09,39.64704513549805,41.21500015258789
2025-05-12,40.68114471435547,42.290000915527344
2025-05-13,41.25351333618164,42.8849983215332
2025-05-14,41.0034065246582,42.625
2025-05-15,41.17655563354492,42.80500030517578
2025-05-16,41.11402893066406,42.7400016784668
2025-05-19,40.58013916015625,42.185001373291016
2025-05-20,40.204978942871094,41.79499816894531
2025-05-21,39.46427536010742,41.025001525878906
2025-05-22,39.31036376953125,40.8650016784668
2025-05-23,39.43540954589844,40.994998931884766
2025-05-27,39.77690505981445,41.349998474121094
2025-05-28,39.27187728881836,40.82500076293945
2025-05-29,39.565284729003906,41.130001068115234
2025-05-30,39.21416091918945,40.76499938964844
2025-06-02,39.72881317138672,41.29999923706055
2025-06-03,40.200172424316406,41.790000915527344
2025-06-04,39.416175842285156,40.974998474121094
2025-06-05,39.3776969909668,40.935001373291016
2025-06-06,40.11840057373047,41.70500183105469
2025-06-09,40.19535827636719,41.78499984741211
2025-06-10,40.91201400756836,42.529998779296875
2025-06-11,41.50362014770508,43.14500045776367
2025-06-12,41.64791488647461,43.29499816894531
2025-06-13,42.37418746948242,44.04999923706055
2025-06-16,42.2491340637207,43.91999816894531
2025-06-17,42.64353942871094,44.33000183105469
2025-06-18,42.36457061767578,44.040000915527344
2025-06-20,42.79745864868164,44.4900016784668
2025-06-23,41.71517562866211,43.01499938964844
2025-06-24,41.172096252441406,42.45500183105469
2025-06-25,40.9926872253418,42.27000045776367
2025-06-26,41.579402923583984,42.875
2025-06-27,41.3612060546875,42.650001525878906
2025-06-30,41.12361145019531,42.404998779296875
2025-07-01,41.43878936767578,42.72999954223633
2025-07-02,42.15157699584961,43.46500015258789
2025-07-03,42.20006561279297,43.51499938964844
2025-07-07,41.792755126953125,43.095001220703125
2025-07-08,42.91770553588867,44.255001068115234
2025-07-09,42.699501037597656,44.029998779296875
2025-07-10,43.02437973022461,44.3650016784668
2025-07-11,43.21833801269531,44.564998626708984
2025-07-14,42.74314880371094,44.07500076293945
2025-07-15,42.1273307800293,43.439998626708984
2025-07-16,41.76366424560547,43.064998626708984
2025-07-17,42.02065658569336,43.33000183105469
2025-07-18,41.68122863769531,42.97999954223633
2025-07-21,41.24967956542969,42.53499984741211
2025-07-22,41.44363784790039,42.73500061035156
2025-07-23,42.09339141845703,43.404998779296875
2025-07-24,42.39402389526367,43.71500015258789
2025-07-25,42.2340087890625,43.54999923706055
2025-07-28,42.714046478271484,44.04499816894531
2025-07-29,43.13105010986328,44.474998474121094
2025-07-30,42.51524353027344,43.84000015258789
2025-07-31,42.28734588623047,43.60499954223633
2025-08-01,41.50182342529297,42.79499816894531
2025-08-04,41.40969467163086,42.70000076293945
2025-08-05,41.46303176879883,42.755001068115234
2025-08-06,41.07997131347656,42.36000061035156
2025-08-07,40.91995620727539,42.19499969482422
2025-08-08,41.18179702758789,42.46500015258789
2025-08-11,40.85206985473633,42.125
2025-08-12,41.05087661743164,42.33000183105469
2025-08-13,41.526065826416016,42.81999969482422
2025-08-14,41.48727798461914,42.779998779296875
2025-08-15,41.48727798461914,42.779998779296875
2025-08-18,41.239986419677734,42.525001525878906
2025-08-19,41.2545280456543,42.540000915527344
2025-08-20,41.59880447387695,42.89500045776367
2025-08-21,41.8848876953125,43.189998626708984
2025-08-22,42.73829650878906,44.06999969482422
2025-08-25,42.849822998046875,44.185001373291016
2025-08-26,42.78193664550781,44.1150016784668
2025-08-27,43.26197814941406,44.61000061035156
2025-08-28,43.59170150756836,44.95000076293945
2025-08-29,43.82929611206055,45.19499969482422
2025-09-02,43.892333984375,45.2599983215332
2025-09-03,42.90800476074219,44.244998931884766
2025-09-04,43.194091796875,44.540000915527344
2025-09-05,42.36008071899414,43.68000030517578
2025-09-08,42.26310348510742,43.58000183105469
2025-09-09,42.46675491333008,43.790000915527344
2025-09-10,43.208641052246094,44.55500030517578
2025-09-11,43.21833801269531,44.564998626708984
2025-09-12,42.961341857910156,44.29999923706055
2025-09-15,42.81587600708008,44.150001525878906
2025-09-16,43.53351593017578,44.88999938964844
2025-09-17,43.635345458984375,44.994998931884766
2025-09-18,43.499568939208984,44.85499954223633
2025-09-19,42.922550201416016,44.2599983215332
2025-09-22,42.8731575012207,43.834999084472656
2025-09-23,43.611595153808594,44.59000015258789
2025-09-24,44.178871154785156,45.16999816894531
2025-09-25,44.574981689453125,45.57500076293945
2025-09-26,44.98576736450195,45.994998931884766
2025-09-29,44.15930938720703,45.150001525878906
2025-09-30,43.68983840942383,44.66999816894531
2025-10-01,43.68983840942383,44.66999816894531
2025-10-02,43.24971389770508,44.220001220703125
2025-10-03,43.479557037353516,44.45500183105469
2025-10-06,43.694732666015625,44.67499923706055
2025-10-07,43.7631950378418,44.744998931884766
2025-10-08,43.50889587402344,44.48500061035156
2025-10-09,42.91717529296875,43.880001068115234
2025-10-10,41.67504119873047,42.61000061035156
2025-10-13,42.2423095703125,43.189998626708984
2025-10-14,42.237422943115234,43.185001373291016
2025-10-15,42.21297073364258,43.15999984741211
2025-10-16,41.70438003540039,42.63999938964844
2025-10-17,42.04669952392578,42.9900016784668
2025-10-20,42.49171447753906,43.44499969482422
2025-10-21,42.39391326904297,43.345001220703125
2025-10-22,42.93673324584961,43.900001525878906
2025-10-23,43.50889587402344,44.48500061035156
2025-10-24,43.06877136230469,44.03499984741211
2025-10-27,43.17146682739258,44.13999938964844
2025-10-28,42.721561431884766,43.68000030517578
2025-10-29,43.0394287109375,44.005001068115234
2025-10-30,42.785133361816406,43.744998931884766
2025-10-31,43.098114013671875,44.064998626708984
2025-11-03,43.10300064086914,44.06999969482422
2025-11-04,42.638427734375,43.595001220703125
2025-11-05,42.75090026855469,43.709999084472656
2025-11-06,43.16657257080078,44.1349983215332
2025-11-07,43.78764724731445,44.77000045776367
2025-11-10,44.18375778198242,45.17499923706055
2025-11-11,44.76081466674805,45.76499938964844
2025-11-12,44.134857177734375,45.125
2025-11-13,44.24733352661133,45.2400016784668
2025-11-14,45.00043487548828,46.0099983215332
2025-11-17,44.178871154785156,45.16999816894531
2025-11-18,44.530967712402344,45.529998779296875
2025-11-19,43.953914642333984,44.939998626708984
2025-11-20,43.45510482788086,44.43000030517578
2025-11-21,43.72896194458008,44.709999084472656
2025-11-24,43.60670852661133,44.584999084472656
2025-11-25,43.332847595214844,44.30500030517578
2025-11-26,43.66049575805664,44.63999938964844
2025-11-28,44.23265838623047,45.224998474121094
2025-12-01,44.658119201660156,45.65999984741211
2025-12-02,44.08106231689453,45.06999969482422
2025-12-03,44.90752410888672,45.915000915527344
2025-12-04,45.098243713378906,46.11000061035156
2025-12-05,44.912410736083984,45.91999816894531
2025-12-08,44.42338180541992,45.41999816894531
2025-12-09,44.697242736816406,45.70000076293945
2025-12-10,45.166709899902344,46.18000030517578
2025-12-11,44.951534271240234,45.959999084472656
2025-12-12,44.51140594482422,45.5099983215332
2025-12-15,44.198429107666016,45.189998626708984
2025-12-16,42.84870910644531,43.810001373291016
2025-12-17,43.797428131103516,44.779998779296875
2025-12-18,43.16168975830078,44.130001068115234
2025-12-19,43.16168975830078,44.130001068115234
2025-12-22,43.608524322509766,44.209999084472656
2025-12-23,43.89457702636719,44.5
2025-12-24,43.7663459777832,44.369998931884766
2025-12-26,43.59865951538086,44.20000076293945
2025-12-29,44.01294708251953,44.619998931884766
2025-12-30,44.34832000732422,44.959999084472656
2025-12-31,44.101722717285156,44.709999084472656
2026-01-02,45.02893829345703,45.650001525878906
2026-01-05,46.2520637512207,46.88999938964844
2026-01-06,45.019065856933594,45.63999938964844
2026-01-07,44.51601028442383,45.130001068115234
2026-01-08,45.91668701171875,46.54999923706055
2026-01-09,46.03505325317383,46.66999816894531
2026-01-12,45.70954895019531,46.34000015258789
2026-01-13,46.36056900024414,47.0
2026-01-14,47.40614700317383,48.060001373291016
2026-01-15,46.9622688293457,47.61000061035156
2026-01-16,47.04117965698242,47.689998626708984
2026-01-20,46.9524040222168,47.599998474121094
2026-01-21,48.08675765991211,48.75
2026-01-22,48.24458312988281,48.90999984741211
2026-01-23,48.52077102661133,49.189998626708984
2026-01-26,48.55036544799805,49.220001220703125
2026-01-27,48.994239807128906,49.66999816894531
2026-01-28,49.36907196044922,50.04999923706055
2026-01-29,49.82281494140625,50.5099983215332
2026-01-30,50.355464935302734,51.04999923706055
2026-02-02,49.36907196044922,50.04999923706055
2026-02-03,50.9670295715332,51.66999816894531
2026-02-04,52.11125183105469,52.83000183105469
2026-02-05,51.49968719482422,52.209999084472656
2026-02-06,52.52553939819336,53.25
2026-02-09,52.91023254394531,53.63999938964844
2026-02-10,52.85104751586914,53.58000183105469
2026-02-11,54.231998443603516,54.97999954223633
2026-02-12,53.245601654052734,53.97999954223633
2026-02-13,53.61056900024414,54.349998474121094
2026-02-17,53.018733978271484,53.75
2026-02-18,54.03472137451172,54.779998779296875
2026-02-19,54.42927932739258,55.18000030517578
2026-02-20,54.13336181640625,54.880001068115234
2026-02-23,54.399688720703125,55.150001525878906
2026-02-24,54.350364685058594,55.099998474121094
2026-02-25,54.123497009277344,54.869998931884766
2026-02-26,54.301048278808594,55.04999923706055
2026-02-27,55.159210205078125,55.91999816894531
2026-03-02,56.26397705078125,57.040000915527344
2026-03-03,55.75104904174805,56.52000045776367
2026-03-04,55.425537109375,56.189998626708984
2026-03-05,55.71159362792969,56.47999954223633
2026-03-06,55.80036926269531,56.56999969482422
2026-03-09,55.553768157958984,56.31999969482422
2026-03-10,54.843563079833984,55.599998474121094
2026-03-11,56.20478820800781,56.97999954223633
2026-03-12,56.727577209472656,57.5099983215332
2026-03-13,56.91499328613281,57.70000076293945
2026-03-16,57.11227798461914,57.900001525878906
2026-03-17,57.71397399902344,58.5099983215332
2026-03-18,57.63506317138672,58.43000030517578
2026-03-19,58.55241012573242,59.36000061035156
2026-03-20,58.503089904785156,59.310001373291016
2026-03-23,59.203041076660156,59.630001068115234
2026-03-24,60.40437698364258,60.84000015258789
2026-03-25,60.13631057739258,60.56999969482422
2026-03-26,61.07950973510742,61.52000045776367
2026-03-27,62.112064361572266,62.560001373291016
2026-03-30,61.516357421875,61.959999084472656
2026-03-31,60.82136917114258,61.2599983215332
2026-04-01,58.547767639160156,58.970001220703125
2026-04-02,58.82576370239258,59.25
2026-04-06,59.252685546875,59.68000030517578
2026-04-07,59.729248046875,60.15999984741211
2026-04-08,57.63435363769531,58.04999923706055
2026-04-09,56.91950988769531,57.33000183105469
2026-04-10,56.53230285644531,56.939998626708984
2026-04-13,56.70108413696289,57.11000061035156
2026-04-14,55.54939270019531,55.95000076293945
2026-04-15,55.360748291015625,55.7599983215332
2026-04-16,56.17488098144531,56.58000183105469
2026-04-17,54.62604904174805,55.02000045776367
2026-04-20,54.675689697265625,55.06999969482422
2026-04-21,55.46996307373047,55.869998931884766
2026-04-22,56.13516616821289,56.540000915527344
2026-04-23,56.57201385498047,56.97999954223633
2026-04-24,56.46280288696289,56.869998931884766
2026-04-27,56.363521575927734,56.77000045776367
2026-04-28,57.29678726196289,57.709999084472656
2026-04-29,58.607337951660156,59.029998779296875
2026-04-30,59.222900390625,59.650001525878906
2026-05-01,58.42862319946289,58.849998474121094
2026-05-04,58.964759826660156,59.38999938964844
2026-05-05,59.024330139160156,59.45000076293945
2026-05-06,56.59187316894531,57.0
2026-05-07,55.54939270019531,55.95000076293945
2026-05-08,55.30118179321289,55.70000076293945
2026-05-11,56.76065444946289,57.16999816894531
2026-05-12,57.15779113769531,57.56999969482422
2026-05-13,57.21736145019531,57.630001068115234
2026-05-14,57.654212951660156,58.06999969482422
2026-05-15,59.014400482177734,59.439998626708984
2026-05-18,60.146240234375,60.58000183105469
2026-05-19,60.851158142089844,61.290000915527344
2026-05-20,59.371822357177734,59.79999923706055
2026-05-21,58.70662307739258,59.130001068115234
2026-05-22,59.06404495239258,59.4900016784668
2026-05-26,57.43578338623047,57.849998474121094
2026-05-27,56.581947326660156,56.9900016784668
2026-05-28,56.542232513427734,56.95000076293945
2026-05-29,55.886959075927734,56.290000915527344
2026-06-01,56.88972473144531,57.29999923706055
2026-06-02,57.54499816894531,57.959999084472656
2026-06-03,58.28962707519531,58.709999084472656
2026-06-04,58.329341888427734,58.75
2026-06-05,57.25707244873047,57.66999816894531
2026-06-08,57.912349700927734,58.33000183105469
2026-06-09,56.97908020019531,57.38999938964844
2026-06-10,57.832923889160156,58.25
2026-06-11,56.71101379394531,57.119998931884766
2026-06-12,57.137935638427734,57.54999923706055
2026-06-15,55.15225601196289,55.54999923706055
2026-06-16,54.96361541748047,55.36000061035156
2026-06-17,54.2785530090332,54.66999816894531
2026-06-18,53.38500213623047,53.77000045776367
2026-06-22,54.060001373291016,54.060001373291016
2026-06-23,54.459999084472656,54.459999084472656
2026-06-24,53.56999969482422,53.56999969482422
2026-06-25,54.09000015258789,54.09000015258789
2026-06-26,53.84000015258789,53.84000015258789
2026-06-29,53.58000183105469,53.58000183105469
2026-06-30,53.11000061035156,53.11000061035156
2026-07-01,52.810001373291016,52.810001373291016
2026-07-02,53.220001220703125,53.220001220703125
2026-07-06,53.130001068115234,53.130001068115234
2026-07-07,54.63999938964844,54.63999938964844
2026-07-08,55.599998474121094,55.599998474121094
2026-07-09,54.81999969482422,54.81999969482422
2026-07-10,55.08000183105469,55.08000183105469
2026-07-13,56.7400016784668,56.7400016784668
2026-07-14,56.95000076293945,56.95000076293945
2026-07-15,56.5,56.5
2026-07-16,57.02000045776367,57.02000045776367
2026-07-17,57.68000030517578,57.68000030517578
2026-07-20,57.939998626708984,57.939998626708984
2026-07-21,58.5,58.5
2026-07-22,59.20000076293945,59.20000076293945
2026-07-23,59.380001068115234,59.380001068115234
2026-07-24,59.619998931884766,59.619998931884766
2026-07-27,58.36000061035156,58.36000061035156
2026-07-28,57.56999969482422,57.56999969482422
2026-07-29,58.650001525878906,58.650001525878906
2026-07-30,58.959999084472656,58.959999084472656
2026-07-31,59.54999923706055,59.54999923706055
2026-08-03,58.790000915527344,58.790000915527344
2026-08-04,58.52000045776367,58.52000045776367
2026-08-05,57.310001373291016,57.310001373291016
2026-08-06,58.15999984741211,58.15999984741211
2026-08-07,57.5,57.5
2026-08-10,60.18000030517578,60.18000030517578
2026-08-11,60.93000030517578,60.93000030517578
2026-08-12,61.029998779296875,61.029998779296875
2026-08-13,61.060001373291016,61.060001373291016
2026-08-14,61.90999984741211,61.90999984741211
2026-08-17,62.58000183105469,62.58000183105469
2026-08-18,63.68000030517578,63.68000030517578
2026-08-19,63.58000183105469,63.58000183105469
2026-08-20,63.75,63.75
2026-08-21,63.63999938964844,63.63999938964844
