date,adj_close,split_adj_close
2002-01-02,17.668983459472656,27.700000762939453
2002-01-03,17.66259765625,27.690000534057617
2002-01-04,17.668983459472656,27.700000762939453
2002-01-07,17.547788619995117,27.510000228881836
2002-01-08,17.496753692626953,27.43000030517578
2002-01-09,17.401079177856445,27.280000686645508
2002-01-10,17.22246742248535,27.0
2002-01-11,16.941801071166992,26.559999465942383
2002-01-14,16.750450134277344,26.260000228881836
2002-01-15,16.769582748413086,26.290000915527344
2002-01-16,16.20187759399414,25.399999618530273
2002-01-17,16.265666961669922,25.5
2002-01-18,16.380491256713867,25.68000030517578
2002-01-22,16.476163864135742,25.829999923706055
2002-01-23,16.393247604370117,25.700000762939453
2002-01-24,16.53995132446289,25.93000030517578
2002-01-25,16.769582748413086,26.290000915527344
2002-01-28,16.75682830810547,26.270000457763672
2002-01-29,16.118955612182617,25.270000457763672
2002-01-30,16.297555923461914,25.549999237060547
2002-01-31,16.552705764770508,25.950000762939453
2002-02-01,16.42513656616211,25.75
2002-02-04,15.697957992553711,24.610000610351562
2002-02-05,15.48109245300293,24.270000457763672
2002-02-06,15.595903396606445,24.450000762939453
2002-02-07,15.780884742736816,24.739999771118164
2002-02-08,15.876566886901855,24.889999389648438
2002-02-11,16.22101593017578,25.43000030517578
2002-02-12,16.0806827545166,25.209999084472656
2002-02-13,16.252910614013672,25.479999542236328
2002-02-14,16.310317993164062,25.56999969482422
2002-02-15,16.195497512817383,25.389999389648438
2002-02-19,16.150840759277344,25.31999969482422
2002-02-20,16.38686180114746,25.690000534057617
2002-02-21,16.323074340820312,25.59000015258789
2002-02-22,16.482542037963867,25.84000015258789
2002-02-25,16.916297912597656,26.520000457763672
2002-02-26,16.980085372924805,26.6200008392334
2002-02-27,17.184206008911133,26.940000534057617
2002-02-28,16.96732521057129,26.600000381469727
2002-03-01,17.362802505493164,27.219999313354492
2002-03-04,17.956026077270508,28.149999618530273
2002-03-05,17.732769012451172,27.799999237060547
2002-03-06,18.268577575683594,28.639999389648438
2002-03-07,18.05170249938965,28.299999237060547
2002-03-08,18.172897338867188,28.489999771118164
2002-03-11,18.211170196533203,28.549999237060547
2002-03-12,18.172897338867188,28.489999771118164
2002-03-13,17.92412567138672,28.100000381469727
2002-03-14,17.94326400756836,28.1299991607666
2002-03-15,17.95733642578125,28.06999969482422
2002-03-18,17.886964797973633,27.959999084472656
2002-03-19,18.078886032104492,28.260000228881836
2002-03-20,17.880571365356445,27.950000762939453
2002-03-21,17.52231788635254,27.389999389648438
2002-03-22,17.41996192932129,27.229999542236328
2002-03-25,17.144874572753906,26.799999237060547
2002-03-26,17.253625869750977,26.969999313354492
2002-03-27,17.3687801361084,27.149999618530273
2002-03-28,17.426359176635742,27.239999771118164
2002-04-01,17.41996192932129,27.229999542236328
2002-04-02,17.253625869750977,26.969999313354492
2002-04-03,17.016929626464844,26.600000381469727
2002-04-04,17.151269912719727,26.809999465942383
2002-04-05,17.228046417236328,26.93000030517578
2002-04-08,17.362390518188477,27.139999389648438
2002-04-09,17.349584579467773,27.1200008392334
2002-04-10,17.75261688232422,27.75
2002-04-11,17.18326187133789,26.860000610351562
2002-04-12,17.157665252685547,26.81999969482422
2002-04-15,16.97854232788086,26.540000915527344
2002-04-16,17.279218673706055,27.010000228881836
2002-04-17,17.157665252685547,26.81999969482422
2002-04-18,17.029722213745117,26.6200008392334
2002-04-19,16.933765411376953,26.469999313354492
2002-04-22,16.665069580078125,26.049999237060547
2002-04-23,16.633087158203125,26.0
2002-04-24,16.492341995239258,25.780000686645508
2002-04-25,16.294029235839844,25.469999313354492
2002-04-26,16.127695083618164,25.209999084472656
2002-04-29,15.775835990905762,24.65999984741211
2002-04-30,16.223651885986328,25.360000610351562
2002-05-01,16.274839401245117,25.440000534057617
2002-05-02,16.332416534423828,25.530000686645508
2002-05-03,16.33881187438965,25.540000915527344
2002-05-06,15.878199577331543,24.81999969482422
2002-05-07,15.891000747680664,24.84000015258789
2002-05-08,16.5499210357666,25.8700008392334
2002-05-09,16.268442153930664,25.43000030517578
2002-05-10,16.025339126586914,25.049999237060547
2002-05-13,16.127695083618164,25.209999084472656
2002-05-14,16.485946655273438,25.770000457763672
2002-05-15,16.5499210357666,25.8700008392334
2002-05-16,16.65228271484375,26.030000686645508
2002-05-17,16.79941749572754,26.260000228881836
2002-05-20,16.665069580078125,26.049999237060547
2002-05-21,16.409177780151367,25.649999618530273
2002-05-22,16.47954750061035,25.760000228881836
2002-05-23,16.78662109375,26.239999771118164
2002-05-24,16.601093292236328,25.950000762939453
2002-05-28,16.415578842163086,25.65999984741211
2002-05-29,16.23005485534668,25.3700008392334
2002-05-30,16.15968132019043,25.260000228881836
2002-05-31,16.294029235839844,25.469999313354492
2002-06-03,15.679890632629395,24.510000228881836
2002-06-04,15.551934242248535,24.309999465942383
2002-06-05,15.814228057861328,24.719999313354492
2002-06-06,15.436793327331543,24.1299991607666
2002-06-07,15.436793327331543,24.1299991607666
2002-06-10,15.558330535888672,24.31999969482422
2002-06-11,15.372808456420898,24.030000686645508
2002-06-12,15.366415023803711,24.020000457763672
2002-06-13,15.32802963256836,23.959999084472656
2002-06-14,15.251260757446289,23.84000015258789
2002-06-17,15.679890632629395,24.510000228881836
2002-06-18,15.827018737792969,24.739999771118164
2002-06-19,15.705475807189941,24.549999237060547
2002-06-20,15.583925247192383,24.360000610351562
2002-06-21,15.192096710205078,23.690000534057617
2002-06-24,15.403721809387207,24.020000457763672
2002-06-25,15.076656341552734,23.510000228881836
2002-06-26,15.070257186889648,23.5
2002-06-27,15.307525634765625,23.8700008392334
2002-06-28,15.294702529907227,23.850000381469727
2002-07-01,14.954814910888672,23.31999969482422
2002-07-02,14.723957061767578,22.959999084472656
2002-07-03,14.743199348449707,22.989999771118164
2002-07-05,15.352418899536133,23.940000534057617
2002-07-08,15.095909118652344,23.540000915527344
2002-07-09,14.717545509338379,22.950000762939453
2002-07-10,14.358421325683594,22.389999389648438
2002-07-11,14.377660751342773,22.420000076293945
2002-07-12,14.332772254943848,22.350000381469727
2002-07-15,14.22375774383545,22.18000030517578
2002-07-16,13.928756713867188,21.719999313354492
2002-07-17,14.095497131347656,21.979999542236328
2002-07-18,13.685070991516113,21.34000015258789
2002-07-19,13.261818885803223,20.68000030517578
2002-07-22,12.838565826416016,20.020000457763672
2002-07-23,12.549993515014648,19.56999969482422
2002-07-24,13.223352432250977,20.6200008392334
2002-07-25,13.236166954040527,20.639999389648438
2002-07-26,13.447793960571289,20.969999313354492
2002-07-29,14.287885665893555,22.280000686645508
2002-07-30,14.454621315002441,22.540000915527344
2002-07-31,14.428967475891113,22.5
2002-08-01,14.108325958251953,22.0
2002-08-02,13.59528923034668,21.200000762939453
2002-08-05,13.146391868591309,20.5
2002-08-06,13.59528923034668,21.200000762939453
2002-08-07,13.935172080993652,21.729999542236328
2002-08-08,14.339181900024414,22.360000610351562
2002-08-09,14.448205947875977,22.530000686645508
2002-08-12,14.281473159790039,22.270000457763672
2002-08-13,13.948001861572266,21.75
2002-08-14,14.249402046203613,22.219999313354492
2002-08-15,14.364832878112793,22.399999618530273
2002-08-16,14.352005004882812,22.3799991607666
2002-08-19,14.691885948181152,22.90999984741211
2002-08-20,14.621358871459961,22.799999237060547
2002-08-21,14.666239738464355,22.8700008392334
2002-08-22,14.877861022949219,23.200000762939453
2002-08-23,14.531563758850098,22.65999984741211
2002-08-26,14.711126327514648,22.940000534057617
2002-08-27,14.582863807678223,22.739999771118164
2002-08-28,14.30070972442627,22.299999237060547
2002-08-29,14.191686630249023,22.1299991607666
2002-08-30,14.204511642456055,22.149999618530273
2002-09-03,13.710719108581543,21.3799991607666
2002-09-04,13.845392227172852,21.59000015258789
2002-09-05,13.601703643798828,21.209999084472656
2002-09-06,13.774853706359863,21.479999542236328
2002-09-09,13.890279769897461,21.65999984741211
2002-09-10,14.044190406799316,21.899999618530273
2002-09-11,14.044190406799316,21.899999618530273
2002-09-12,13.85180377960205,21.600000381469727
2002-09-13,13.518342018127441,21.079999923706055
2002-09-16,13.653008460998535,21.290000915527344
2002-09-17,13.37083911895752,20.850000381469727
2002-09-18,13.351600646972656,20.81999969482422
2002-09-19,13.088674545288086,20.40999984741211
2002-09-20,13.138239860534668,20.40999984741211
2002-09-23,12.970874786376953,20.149999618530273
2002-09-24,12.694077491760254,19.719999313354492
2002-09-25,12.938689231872559,20.100000381469727
2002-09-26,13.189735412597656,20.489999771118164
2002-09-27,12.687637329101562,19.709999084472656
2002-09-30,12.565333366394043,19.520000457763672
2002-10-01,13.112489700317383,20.3700008392334
2002-10-02,12.661888122558594,19.670000076293945
2002-10-03,12.55889892578125,19.510000228881836
2002-10-04,12.230598449707031,19.0
2002-10-07,11.902308464050293,18.489999771118164
2002-10-08,11.992424964904785,18.6299991607666
2002-10-09,11.58687973022461,18.0
2002-10-10,11.985990524291992,18.6200008392334
2002-10-11,12.539583206176758,19.479999542236328
2002-10-14,12.468778610229492,19.3700008392334
2002-10-15,13.07386589050293,20.309999465942383
2002-10-16,12.752007484436035,19.809999465942383
2002-10-17,13.151117324829102,20.43000030517578
2002-10-18,13.131797790527344,20.399999618530273
2002-10-21,13.530904769897461,21.020000457763672
2002-10-22,13.344232559204102,20.729999542236328
2002-10-23,13.479408264160156,20.940000534057617
2002-10-24,13.196179389953613,20.5
2002-10-25,13.363541603088379,20.760000228881836
2002-10-28,13.176864624023438,20.469999313354492
2002-10-29,13.06743049621582,20.299999237060547
2002-10-30,13.080306053161621,20.31999969482422
2002-10-31,13.183300018310547,20.479999542236328
2002-11-01,13.357109069824219,20.75
2002-11-04,13.369980812072754,20.770000457763672
2002-11-05,13.498716354370117,20.969999313354492
2002-11-06,13.749771118164062,21.360000610351562
2002-11-07,13.45366382598877,20.899999618530273
2002-11-08,13.254106521606445,20.59000015258789
2002-11-11,13.00306224822998,20.200000762939453
2002-11-12,13.009499549865723,20.209999084472656
2002-11-13,12.983752250671387,20.170000076293945
2002-11-14,13.163993835449219,20.450000762939453
2002-11-15,13.163993835449219,20.450000762939453
2002-11-18,13.06743049621582,20.299999237060547
2002-11-19,13.086743354797363,20.329999923706055
2002-11-20,13.27985668182373,20.6299991607666
2002-11-21,13.827014923095703,21.479999542236328
2002-11-22,13.762638092041016,21.3799991607666
2002-11-25,13.736894607543945,21.34000015258789
2002-11-26,13.543781280517578,21.040000915527344
2002-11-27,13.904254913330078,21.600000381469727
2002-11-29,13.872079849243164,21.549999237060547
2002-12-02,13.962200164794922,21.690000534057617
2002-12-03,13.730461120605469,21.329999923706055
2002-12-04,13.685397148132324,21.260000228881836
2002-12-05,13.543781280517578,21.040000915527344
2002-12-06,13.537342071533203,21.030000686645508
2002-12-09,13.324918746948242,20.700000762939453
2002-12-10,13.434345245361328,20.8700008392334
2002-12-11,13.50516414642334,20.979999542236328
2002-12-12,13.45366382598877,20.899999618530273
2002-12-13,13.221928596496582,20.540000915527344
2002-12-16,13.55021858215332,21.049999237060547
2002-12-17,13.382857322692871,20.790000915527344
2002-12-18,13.363541603088379,20.760000228881836
2002-12-19,13.266976356506348,20.610000610351562
2002-12-20,13.476049423217773,20.81999969482422
2002-12-23,13.411321640014648,20.719999313354492
2002-12-24,13.346601486206055,20.6200008392334
2002-12-26,13.391901016235352,20.690000534057617
2002-12-27,13.133002281188965,20.290000915527344
2002-12-30,13.204194068908691,20.399999618530273
2002-12-31,13.327177047729492,20.59000015258789
2003-01-02,13.670231819152832,21.1200008392334
2003-01-03,13.715537071228027,21.190000534057617
2003-01-06,13.83851146697998,21.3799991607666
2003-01-07,13.760847091674805,21.260000228881836
2003-01-08,13.592560768127441,21.0
2003-01-09,13.767313957214355,21.270000457763672
2003-01-10,13.741423606872559,21.229999542236328
2003-01-13,13.715537071228027,21.190000534057617
2003-01-14,13.741423606872559,21.229999542236328
2003-01-15,13.547246932983398,20.93000030517578
2003-01-16,13.469571113586426,20.809999465942383
2003-01-17,13.372485160827637,20.65999984741211
2003-01-21,13.042381286621094,20.149999618530273
2003-01-22,12.796419143676758,19.770000457763672
2003-01-23,13.02942943572998,20.1299991607666
2003-01-24,12.62813663482666,19.510000228881836
2003-01-27,12.531047821044922,19.360000610351562
2003-01-28,12.608713150024414,19.479999542236328
2003-01-29,12.621657371520996,19.5
2003-01-30,12.40158462524414,19.15999984741211
2003-01-31,12.608713150024414,19.479999542236328
2003-02-03,12.718750953674316,19.649999618530273
2003-02-04,12.608713150024414,19.479999542236328
2003-02-05,12.621657371520996,19.5
2003-02-06,12.518105506896973,19.34000015258789
2003-02-07,12.395123481750488,19.149999618530273
2003-02-10,12.408061981201172,19.170000076293945
2003-02-11,12.278611183166504,18.969999313354492
2003-02-12,12.175047874450684,18.809999465942383
2003-02-13,12.019697189331055,18.56999969482422
2003-02-14,12.298025131225586,19.0
2003-02-18,12.433950424194336,19.209999084472656
2003-02-19,12.492212295532227,19.299999237060547
2003-02-20,12.427478790283203,19.200000762939453
2003-02-21,12.621657371520996,19.5
2003-02-24,12.200933456420898,18.850000381469727
2003-02-25,12.395123481750488,19.149999618530273
2003-02-26,12.298025131225586,19.0
2003-02-27,12.382173538208008,19.1299991607666
2003-02-28,12.41454029083252,19.18000030517578
2003-03-03,12.362751960754395,19.100000381469727
2003-03-04,12.136213302612305,18.75
2003-03-05,12.233298301696777,18.899999618530273
2003-03-06,12.142687797546387,18.760000228881836
2003-03-07,12.18798828125,18.829999923706055
2003-03-10,11.877304077148438,18.350000381469727
2003-03-11,11.657234191894531,18.010000228881836
2003-03-12,11.793158531188965,18.219999313354492
2003-03-13,12.136213302612305,18.75
2003-03-14,12.330390930175781,19.049999237060547
2003-03-17,12.679910659790039,19.59000015258789
2003-03-18,12.8482027053833,19.850000381469727
2003-03-19,12.925871849060059,19.969999313354492
2003-03-20,12.919394493103027,19.959999084472656
2003-03-21,13.371618270874023,20.579999923706055
2003-03-24,12.897306442260742,19.850000381469727
2003-03-25,12.923304557800293,19.889999389648438
2003-03-26,12.923304557800293,19.889999389648438
2003-03-27,12.890817642211914,19.84000015258789
2003-03-28,12.747871398925781,19.6200008392334
2003-03-31,12.546457290649414,19.309999465942383
2003-04-01,12.721882820129395,19.579999923706055
2003-04-02,13.007763862609863,20.020000457763672
2003-04-03,12.994763374328613,20.0
2003-04-04,13.027257919311523,20.049999237060547
2003-04-07,13.124720573425293,20.200000762939453
2003-04-08,13.07274055480957,20.1200008392334
2003-04-09,12.916803359985352,19.8799991607666
2003-04-10,12.936295509338379,19.90999984741211
2003-04-11,12.955785751342773,19.940000534057617
2003-04-14,13.176705360412598,20.280000686645508
2003-04-15,13.28715705871582,20.450000762939453
2003-04-16,13.105232238769531,20.170000076293945
2003-04-17,13.319645881652832,20.5
2003-04-21,13.202688217163086,20.31999969482422
2003-04-22,13.599028587341309,20.93000030517578
2003-04-23,13.709482192993164,21.100000381469727
2003-04-24,13.579541206359863,20.899999618530273
2003-04-25,13.47557544708252,20.739999771118164
2003-04-28,13.715978622436523,21.110000610351562
2003-04-29,13.754964828491211,21.170000076293945
2003-04-30,13.904407501220703,21.399999618530273
2003-05-01,13.696493148803711,21.079999923706055
2003-05-02,13.884917259216309,21.3700008392334
2003-05-05,13.83942985534668,21.299999237060547
2003-05-06,13.878417015075684,21.360000610351562
2003-05-07,13.858925819396973,21.329999923706055
2003-05-08,13.728974342346191,21.1299991607666
2003-05-09,13.936891555786133,21.450000762939453
2003-05-12,14.040844917297363,21.610000610351562
2003-05-13,13.995368957519531,21.540000915527344
2003-05-14,13.949880599975586,21.469999313354492
2003-05-15,14.099328994750977,21.700000762939453
2003-05-16,14.034347534179688,21.600000381469727
2003-05-19,13.670500755310059,21.040000915527344
2003-05-20,13.748466491699219,21.15999984741211
2003-05-21,13.670500755310059,21.040000915527344
2003-05-22,13.774456977844238,21.200000762939453
2003-05-23,13.826431274414062,21.280000686645508
2003-05-27,14.164302825927734,21.799999237060547
2003-05-28,14.112322807312012,21.719999313354492
2003-05-29,13.956382751464844,21.479999542236328
2003-05-30,14.281257629394531,21.979999542236328
2003-06-02,14.424201011657715,22.200000762939453
2003-06-03,14.443682670593262,22.229999542236328
2003-06-04,14.632111549377441,22.520000457763672
2003-06-05,14.67109203338623,22.579999923706055
2003-06-06,14.794547080993652,22.770000457763672
2003-06-09,14.599625587463379,22.469999313354492
2003-06-10,14.677592277526855,22.59000015258789
2003-06-11,14.969983100891113,23.040000915527344
2003-06-12,15.00896167755127,23.100000381469727
2003-06-13,14.846527099609375,22.850000381469727
2003-06-16,15.203889846801758,23.399999618530273
2003-06-17,15.210375785827637,23.40999984741211
2003-06-18,15.132410049438477,23.290000915527344
2003-06-19,14.853020668029785,22.860000610351562
2003-06-20,14.924649238586426,22.920000076293945
2003-06-23,14.74232292175293,22.639999389648438
2003-06-24,14.748835563659668,22.649999618530273
2003-06-25,14.520939826965332,22.299999237060547
2003-06-26,14.69675064086914,22.56999969482422
2003-06-27,14.553492546081543,22.350000381469727
2003-06-30,14.579540252685547,22.389999389648438
2003-07-01,14.612092971801758,22.440000534057617
2003-07-02,14.651156425476074,22.5
2003-07-03,14.63813591003418,22.479999542236328
2003-07-07,14.833489418029785,22.780000686645508
2003-07-08,14.944183349609375,22.950000762939453
2003-07-09,14.781400680541992,22.700000762939453
2003-07-10,14.58604907989502,22.399999618530273
2003-07-11,14.735808372497559,22.6299991607666
2003-07-14,14.683724403381348,22.549999237060547
2003-07-15,14.59255313873291,22.40999984741211
2003-07-16,14.559996604919434,22.360000610351562
2003-07-17,14.520939826965332,22.299999237060547
2003-07-18,14.716282844543457,22.600000381469727
2003-07-21,14.651156425476074,22.5
2003-07-22,14.833489418029785,22.780000686645508
2003-07-23,14.787899017333984,22.709999084472656
2003-07-24,14.787899017333984,22.709999084472656
2003-07-25,15.120004653930664,23.219999313354492
2003-07-28,15.133028030395508,23.239999771118164
2003-07-29,14.924649238586426,22.920000076293945
2003-07-30,14.924649238586426,22.920000076293945
2003-07-31,15.061394691467285,23.1299991607666
2003-08-01,14.944183349609375,22.950000762939453
2003-08-04,14.976743698120117,23.0
2003-08-05,14.722789764404297,22.610000610351562
2003-08-06,14.69675064086914,22.56999969482422
2003-08-07,14.787899017333984,22.709999084472656
2003-08-08,14.807448387145996,22.739999771118164
2003-08-11,14.924649238586426,22.920000076293945
2003-08-12,15.067916870117188,23.139999389648438
2003-08-13,15.015815734863281,23.059999465942383
2003-08-14,15.191633224487305,23.329999923706055
2003-08-15,15.334881782531738,23.549999237060547
2003-08-18,15.562798500061035,23.899999618530273
2003-08-19,15.653953552246094,24.040000915527344
2003-08-20,15.562798500061035,23.899999618530273
2003-08-21,15.745121955871582,24.18000030517578
2003-08-22,15.595349311828613,23.950000762939453
2003-08-25,15.4520902633667,23.729999542236328
2003-08-26,15.543259620666504,23.8700008392334
2003-08-27,15.530237197875977,23.850000381469727
2003-08-28,15.653953552246094,24.040000915527344
2003-08-29,15.647436141967773,24.030000686645508
2003-09-02,15.875351905822754,24.3799991607666
2003-09-03,16.005578994750977,24.579999923706055
2003-09-04,15.99255657196045,24.559999465942383
2003-09-05,15.816752433776855,24.290000915527344
2003-09-08,15.894879341125488,24.40999984741211
2003-09-09,15.725582122802734,24.149999618530273
2003-09-10,15.543259620666504,23.8700008392334
2003-09-11,15.673490524291992,24.06999969482422
2003-09-12,15.666976928710938,24.059999465942383
2003-09-15,15.686511039733887,24.09000015258789
2003-09-16,15.888375282287598,24.399999618530273
2003-09-17,15.823254585266113,24.299999237060547
2003-09-18,16.012100219726562,24.59000015258789
2003-09-19,15.944791793823242,24.399999618530273
2003-09-22,15.735676765441895,24.079999923706055
2003-09-23,15.79448413848877,24.170000076293945
2003-09-24,15.487353324890137,23.700000762939453
2003-09-25,15.369729995727539,23.520000457763672
2003-09-26,15.206361770629883,23.270000457763672
2003-09-29,15.363191604614258,23.510000228881836
2003-09-30,15.219429969787598,23.290000915527344
2003-10-01,15.520034790039062,23.75
2003-10-02,15.591915130615234,23.860000610351562
2003-10-03,15.748747825622559,24.100000381469727
2003-10-06,15.755279541015625,24.110000610351562
2003-10-07,15.833688735961914,24.229999542236328
2003-10-08,15.761813163757324,24.1200008392334
2003-10-09,15.866369247436523,24.280000686645508
2003-10-10,15.774887084960938,24.139999389648438
2003-10-13,15.840240478515625,24.239999771118164
2003-10-14,15.918643951416016,24.360000610351562
2003-10-15,15.944791793823242,24.399999618530273
2003-10-16,15.951313972473145,24.40999984741211
2003-10-17,15.840240478515625,24.239999771118164
2003-10-20,15.879432678222656,24.299999237060547
2003-10-21,15.853303909301758,24.260000228881836
2003-10-22,15.670324325561523,23.979999542236328
2003-10-23,15.70953369140625,24.040000915527344
2003-10-24,15.716069221496582,24.049999237060547
2003-10-27,15.722603797912598,24.059999465942383
2003-10-28,15.905580520629883,24.34000015258789
2003-10-29,16.0101318359375,24.5
2003-10-30,16.134300231933594,24.690000534057617
2003-10-31,16.160436630249023,24.729999542236328
2003-11-03,16.23885726928711,24.850000381469727
2003-11-04,16.284587860107422,24.920000076293945
2003-11-05,16.271522521972656,24.899999618530273
2003-11-06,16.35647964477539,25.030000686645508
2003-11-07,16.297658920288086,24.940000534057617
2003-11-10,16.147357940673828,24.709999084472656
2003-11-11,16.088558197021484,24.6200008392334
2003-11-12,16.349937438964844,25.020000457763672
2003-11-13,16.34339714050293,25.010000228881836
2003-11-14,16.219242095947266,24.81999969482422
2003-11-17,16.173507690429688,24.75
2003-11-18,16.0950870513916,24.6299991607666
2003-11-19,16.23885726928711,24.850000381469727
2003-11-20,16.12122344970703,24.670000076293945
2003-11-21,16.134300231933594,24.690000534057617
2003-11-24,16.3303279876709,24.989999771118164
2003-11-25,16.461030960083008,25.190000534057617
2003-11-26,16.461030960083008,25.190000534057617
2003-11-28,16.480640411376953,25.219999313354492
2003-12-01,16.7224178314209,25.59000015258789
2003-12-02,16.689743041992188,25.540000915527344
2003-12-03,16.702816009521484,25.559999465942383
2003-12-04,16.755088806152344,25.639999389648438
2003-12-05,16.630937576293945,25.450000762939453
2003-12-08,16.781230926513672,25.68000030517578
2003-12-09,16.781230926513672,25.68000030517578
2003-12-10,16.748554229736328,25.6299991607666
2003-12-11,17.009952545166016,26.030000686645508
2003-12-12,17.036094665527344,26.06999969482422
2003-12-15,17.055692672729492,26.100000381469727
2003-12-16,17.160249710083008,26.260000228881836
2003-12-17,17.179851531982422,26.290000915527344
2003-12-18,17.375896453857422,26.59000015258789
2003-12-19,17.389034271240234,26.479999542236328
2003-12-22,17.494098663330078,26.639999389648438
2003-12-23,17.533504486083984,26.700000762939453
2003-12-24,17.46783447265625,26.600000381469727
2003-12-26,17.434993743896484,26.549999237060547
2003-12-29,17.65826988220215,26.889999389648438
2003-12-30,17.553205490112305,26.729999542236328
2003-12-31,17.572898864746094,26.760000228881836
2004-01-02,17.559770584106445,26.739999771118164
2004-01-05,17.730504989624023,27.0
2004-01-06,17.704235076904297,26.959999084472656
2004-01-07,17.730504989624023,27.0
2004-01-08,17.842144012451172,27.170000076293945
2004-01-09,17.664840698242188,26.899999618530273
2004-01-12,17.723939895629883,26.989999771118164
2004-01-13,17.651704788208008,26.8799991607666
2004-01-14,17.894676208496094,27.25
2004-01-15,17.920942306518555,27.290000915527344
2004-01-16,18.255855560302734,27.799999237060547
2004-01-20,18.032575607299805,27.459999084472656
2004-01-21,18.1573543548584,27.649999618530273
2004-01-22,18.07198143005371,27.520000457763672
2004-01-23,18.006309509277344,27.420000076293945
2004-01-26,18.23615264892578,27.770000457763672
2004-01-27,18.058849334716797,27.5
2004-01-28,17.776477813720703,27.06999969482422
2004-01-29,17.783042907714844,27.079999923706055
2004-01-30,17.750205993652344,27.030000686645508
2004-02-02,17.71737289428711,26.979999542236328
2004-02-03,17.651704788208008,26.8799991607666
2004-02-04,17.56633758544922,26.75
2004-02-05,17.730504989624023,27.0
2004-02-06,17.809301376342773,27.1200008392334
2004-02-09,17.763341903686523,27.049999237060547
2004-02-10,17.750205993652344,27.030000686645508
2004-02-11,17.947216033935547,27.329999923706055
2004-02-12,17.93408203125,27.309999465942383
2004-02-13,17.84870719909668,27.18000030517578
2004-02-17,17.986614227294922,27.389999389648438
2004-02-18,17.894676208496094,27.25
2004-02-19,17.756776809692383,27.040000915527344
2004-02-20,17.723939895629883,26.989999771118164
2004-02-23,17.65826988220215,26.889999389648438
2004-02-24,17.65826988220215,26.889999389648438
2004-02-25,17.612306594848633,26.81999969482422
2004-02-26,17.62544059753418,26.84000015258789
2004-02-27,17.618865966796875,26.829999923706055
2004-03-01,17.710805892944336,26.969999313354492
2004-03-02,17.651704788208008,26.8799991607666
2004-03-03,17.645137786865234,26.8700008392334
2004-03-04,17.710805892944336,26.969999313354492
2004-03-05,17.750205993652344,27.030000686645508
2004-03-08,17.448131561279297,26.56999969482422
2004-03-09,17.329927444458008,26.389999389648438
2004-03-10,17.008153915405273,25.899999618530273
2004-03-11,16.752050399780273,25.510000228881836
2004-03-12,17.04098892211914,25.950000762939453
2004-03-15,16.830841064453125,25.6299991607666
2004-03-16,17.021284103393555,25.920000076293945
2004-03-17,17.231420516967773,26.239999771118164
2004-03-18,17.251127243041992,26.270000457763672
2004-03-19,17.03432846069336,25.850000381469727
2004-03-22,16.80368995666504,25.5
2004-03-23,16.757564544677734,25.43000030517578
2004-03-24,16.757564544677734,25.43000030517578
2004-03-25,17.03432846069336,25.850000381469727
2004-03-26,17.12657356262207,25.989999771118164
2004-03-29,17.330860137939453,26.299999237060547
2004-03-30,17.436290740966797,26.459999084472656
2004-03-31,17.403345108032227,26.40999984741211
2004-04-01,17.50218963623047,26.559999465942383
2004-04-02,17.699880599975586,26.860000610351562
2004-04-05,17.91075325012207,27.18000030517578
2004-04-06,17.897573471069336,27.15999984741211
2004-04-07,17.8580379486084,27.100000381469727
2004-04-08,17.759185791015625,26.950000762939453
2004-04-12,17.93710708618164,27.219999313354492
2004-04-13,17.660350799560547,26.799999237060547
2004-04-14,17.64716339111328,26.780000686645508
2004-04-15,17.699880599975586,26.860000610351562
2004-04-16,17.8580379486084,27.100000381469727
2004-04-19,17.759185791015625,26.950000762939453
2004-04-20,17.581262588500977,26.68000030517578
2004-04-21,17.69328498840332,26.850000381469727
2004-04-22,18.082090377807617,27.440000534057617
2004-04-23,18.003009796142578,27.31999969482422
2004-04-26,17.91075325012207,27.18000030517578
2004-04-27,17.92393684387207,27.200000762939453
2004-04-28,17.686704635620117,26.84000015258789
2004-04-29,17.528547286987305,26.600000381469727
2004-04-30,17.396757125854492,26.399999618530273
2004-05-03,17.59444808959961,26.700000762939453
2004-05-04,17.666933059692383,26.809999465942383
2004-05-05,17.680118560791016,26.829999923706055
2004-05-06,17.587858200073242,26.690000534057617
2004-05-07,17.27814292907715,26.219999313354492
2004-05-10,17.02773094177246,25.84000015258789
2004-05-11,17.133167266845703,26.0
2004-05-12,17.27814292907715,26.219999313354492
2004-05-13,17.27814292907715,26.219999313354492
2004-05-14,17.245195388793945,26.170000076293945
2004-05-17,17.054092407226562,25.8799991607666
2004-05-18,17.225431442260742,26.139999389648438
2004-05-19,17.199068069458008,26.100000381469727
2004-05-20,17.159530639648438,26.040000915527344
2004-05-21,17.27814292907715,26.219999313354492
2004-05-24,17.409934997558594,26.420000076293945
2004-05-25,17.660350799560547,26.799999237060547
2004-05-26,17.699880599975586,26.860000610351562
2004-05-27,17.825090408325195,27.049999237060547
2004-05-28,17.825090408325195,27.049999237060547
2004-06-01,17.825090408325195,27.049999237060547
2004-06-02,17.989831924438477,27.299999237060547
2004-06-03,17.8580379486084,27.100000381469727
2004-06-04,17.956872940063477,27.25
2004-06-07,18.266599655151367,27.719999313354492
2004-06-08,18.306135177612305,27.780000686645508
2004-06-09,18.147985458374023,27.540000915527344
2004-06-10,18.273191452026367,27.729999542236328
2004-06-14,18.17433738708496,27.579999923706055
2004-06-15,18.339078903198242,27.829999923706055
2004-06-16,18.385208129882812,27.899999618530273
2004-06-17,18.398387908935547,27.920000076293945
2004-06-18,18.502723693847656,28.020000457763672
2004-06-21,18.43008041381836,27.90999984741211
2004-06-22,18.601774215698242,28.170000076293945
2004-06-23,18.865915298461914,28.56999969482422
2004-06-24,18.826284408569336,28.510000228881836
2004-06-25,18.799875259399414,28.469999313354492
2004-06-28,18.661205291748047,28.260000228881836
2004-06-29,18.80648422241211,28.479999542236328
2004-06-30,18.925342559814453,28.65999984741211
2004-07-01,18.641382217407227,28.229999542236328
2004-07-02,18.48291015625,27.989999771118164
2004-07-06,18.443294525146484,27.93000030517578
2004-07-07,18.476306915283203,27.979999542236328
2004-07-08,18.370656967163086,27.81999969482422
2004-07-09,18.522531509399414,28.049999237060547
2004-07-12,18.548948287963867,28.09000015258789
2004-07-13,18.58856773376465,28.149999618530273
2004-07-14,18.555551528930664,28.100000381469727
2004-07-15,18.64799690246582,28.239999771118164
2004-07-16,18.57535743713379,28.1299991607666
2004-07-19,18.49611473083496,28.010000228881836
2004-07-20,18.608381271362305,28.18000030517578
2004-07-21,18.364049911499023,27.809999465942383
2004-07-22,18.251785278320312,27.639999389648438
2004-07-23,18.165952682495117,27.510000228881836
2004-07-26,18.10651397705078,27.420000076293945
2004-07-27,18.291418075561523,27.700000762939453
2004-07-28,18.403663635253906,27.8700008392334
2004-07-29,18.423479080200195,27.899999618530273
2004-07-30,18.39707374572754,27.860000610351562
2004-08-02,18.48291015625,27.989999771118164
2004-08-03,18.38386344909668,27.84000015258789
2004-08-04,18.38386344909668,27.84000015258789
2004-08-05,18.007463455200195,27.270000457763672
2004-08-06,17.63766860961914,26.709999084472656
2004-08-09,17.677291870117188,26.770000457763672
2004-08-10,17.974445343017578,27.219999313354492
2004-08-11,17.95464515686035,27.190000534057617
2004-08-12,17.690494537353516,26.790000915527344
2004-08-13,17.657489776611328,26.739999771118164
2004-08-16,17.987659454345703,27.239999771118164
2004-08-17,17.974445343017578,27.219999313354492
2004-08-18,18.258394241333008,27.649999618530273
2004-08-19,18.04048728942871,27.31999969482422
2004-08-20,18.218782424926758,27.59000015258789
2004-08-23,18.21217155456543,27.579999923706055
2004-08-24,18.22537612915039,27.600000381469727
2004-08-25,18.423479080200195,27.899999618530273
2004-08-26,18.43008041381836,27.90999984741211
2004-08-27,18.423479080200195,27.899999618530273
2004-08-30,18.324426651000977,27.75
2004-08-31,18.41027069091797,27.8799991607666
2004-09-01,18.416885375976562,27.889999389648438
2004-09-02,18.667810440063477,28.270000457763672
2004-09-03,18.614978790283203,28.190000534057617
2004-09-07,18.753652572631836,28.399999618530273
2004-09-08,18.720632553100586,28.350000381469727
2004-09-09,18.67441749572754,28.280000686645508
2004-09-10,18.72723388671875,28.360000610351562
2004-09-13,18.74704360961914,28.389999389648438
2004-09-14,18.79327392578125,28.459999084472656
2004-09-15,18.621580123901367,28.200000762939453
2004-09-16,18.740447998046875,28.3799991607666
2004-09-17,18.945201873779297,28.59000015258789
2004-09-20,18.845806121826172,28.440000534057617
2004-09-21,18.91869354248047,28.549999237060547
2004-09-22,18.653644561767578,28.149999618530273
2004-09-23,18.4747257232666,27.8799991607666
2004-09-24,18.540990829467773,27.979999542236328
2004-09-27,18.395204544067383,27.760000228881836
2004-09-28,18.58075714111328,28.040000915527344
2004-09-29,18.647010803222656,28.139999389648438
2004-09-30,18.80605125427246,28.3799991607666
2004-10-01,19.07111167907715,28.780000686645508
2004-10-04,19.051237106323242,28.75
2004-10-05,18.97171401977539,28.6299991607666
2004-10-06,19.170507431030273,28.93000030517578
2004-10-07,18.95182991027832,28.600000381469727
2004-10-08,18.799415588378906,28.3700008392334
2004-10-11,18.819303512573242,28.399999618530273
2004-10-12,18.81267738342285,28.389999389648438
2004-10-13,18.5939998626709,28.059999465942383
2004-10-14,18.51447868347168,27.940000534057617
2004-10-15,18.647010803222656,28.139999389648438
2004-10-18,18.700029373168945,28.219999313354492
2004-10-19,18.53436279296875,27.969999313354492
2004-10-20,18.48134994506836,27.889999389648438
2004-10-21,18.574119567871094,28.030000686645508
2004-10-22,18.408462524414062,27.780000686645508
2004-10-25,18.408462524414062,27.780000686645508
2004-10-26,18.68677520751953,28.200000762939453
2004-10-27,18.95182991027832,28.600000381469727
2004-10-28,18.91206932067871,28.540000915527344
2004-10-29,18.99821662902832,28.670000076293945
2004-11-01,19.057861328125,28.760000228881836
2004-11-02,19.07773208618164,28.790000915527344
2004-11-03,19.2897891998291,29.110000610351562
2004-11-04,19.60785675048828,29.59000015258789
2004-11-05,19.760263442993164,29.81999969482422
2004-11-08,19.81328010559082,29.899999618530273
2004-11-09,19.88617515563965,30.010000228881836
2004-11-10,19.945798873901367,30.100000381469727
2004-11-11,20.177734375,30.450000762939453
2004-11-12,20.250627517700195,30.559999465942383
2004-11-15,20.23737335205078,30.540000915527344
2004-11-16,20.10485076904297,30.34000015258789
2004-11-17,20.250627517700195,30.559999465942383
2004-11-18,20.3632755279541,30.729999542236328
2004-11-19,20.118099212646484,30.360000610351562
2004-11-22,20.164491653442383,30.43000030517578
2004-11-23,20.131359100341797,30.3799991607666
2004-11-24,20.2241268157959,30.520000457763672
2004-11-26,20.2241268157959,30.520000457763672
2004-11-29,20.144596099853516,30.399999618530273
2004-11-30,20.19098663330078,30.469999313354492
2004-12-01,20.52893829345703,30.979999542236328
2004-12-02,20.462678909301758,30.8799991607666
2004-12-03,20.469308853149414,30.889999389648438
2004-12-06,20.35664939880371,30.719999313354492
2004-12-07,20.19098663330078,30.469999313354492
2004-12-08,20.244001388549805,30.549999237060547
2004-12-09,20.369901657104492,30.739999771118164
2004-12-10,20.44279670715332,30.850000381469727
2004-12-13,20.668106079101562,31.190000534057617
2004-12-14,20.707855224609375,31.25
2004-12-15,20.73436164855957,31.290000915527344
2004-12-16,20.615093231201172,31.110000610351562
2004-12-17,20.59244728088379,30.920000076293945
2004-12-20,20.605758666992188,30.940000534057617
2004-12-21,20.71898651123047,31.110000610351562
2004-12-22,20.78557777404785,31.209999084472656
2004-12-23,20.812217712402344,31.25
2004-12-27,20.692344665527344,31.06999969482422
2004-12-28,20.805559158325195,31.239999771118164
2004-12-29,20.752275466918945,31.15999984741211
2004-12-30,20.765594482421875,31.18000030517578
2004-12-31,20.692344665527344,31.06999969482422
2005-01-03,20.51252555847168,30.799999237060547
2005-01-04,20.259443283081055,30.420000076293945
2005-01-05,20.119585037231445,30.209999084472656
2005-01-06,20.186187744140625,30.309999465942383
2005-01-07,20.09295082092285,30.170000076293945
2005-01-10,20.16620635986328,30.280000686645508
2005-01-11,20.072965621948242,30.139999389648438
2005-01-12,20.099607467651367,30.18000030517578
2005-01-13,19.906465530395508,29.889999389648438
2005-01-14,20.0396728515625,30.09000015258789
2005-01-18,20.119585037231445,30.209999084472656
2005-01-19,19.959747314453125,29.969999313354492
2005-01-20,19.779932022094727,29.700000762939453
2005-01-21,19.653400421142578,29.510000228881836
2005-01-24,19.593456268310547,29.420000076293945
2005-01-25,19.779932022094727,29.700000762939453
2005-01-26,19.81989097595215,29.760000228881836
2005-01-27,19.873165130615234,29.84000015258789
2005-01-28,19.853195190429688,29.809999465942383
2005-01-31,20.11293601989746,30.200000762939453
2005-02-01,20.172866821289062,30.290000915527344
2005-02-02,20.172866821289062,30.290000915527344
2005-02-03,20.11293601989746,30.200000762939453
2005-02-04,20.279422760009766,30.450000762939453
2005-02-07,20.266115188598633,30.43000030517578
2005-02-08,20.379318237304688,30.600000381469727
2005-02-09,20.16620635986328,30.280000686645508
2005-02-10,20.259443283081055,30.420000076293945
2005-02-11,20.39264678955078,30.6200008392334
2005-02-14,20.37265968322754,30.59000015258789
2005-02-15,20.439266204833984,30.690000534057617
2005-02-16,20.499197006225586,30.780000686645508
2005-02-17,20.312732696533203,30.5
2005-02-18,20.312732696533203,30.5
2005-02-22,19.986391067504883,30.010000228881836
2005-02-23,20.013029098510742,30.049999237060547
2005-02-24,20.29940414428711,30.479999542236328
2005-02-25,20.465904235839844,30.729999542236328
2005-02-28,20.346027374267578,30.549999237060547
2005-03-01,20.412622451782227,30.649999618530273
2005-03-02,20.47256088256836,30.739999771118164
2005-03-03,20.519182205200195,30.809999465942383
2005-03-04,20.805559158325195,31.239999771118164
2005-03-07,20.90546226501465,31.389999389648438
2005-03-08,20.89213752746582,31.3700008392334
2005-03-09,20.665695190429688,31.030000686645508
2005-03-10,20.712326049804688,31.100000381469727
2005-03-11,20.659046173095703,31.020000457763672
2005-03-14,20.77226448059082,31.190000534057617
2005-03-15,20.659046173095703,31.020000457763672
2005-03-16,20.419282913208008,30.65999984741211
2005-03-17,20.412622451782227,30.649999618530273
2005-03-18,20.43735122680664,30.579999923706055
2005-03-21,20.50418472290039,30.68000030517578
2005-03-22,20.39056396484375,30.510000228881836
2005-03-23,20.26358413696289,30.31999969482422
2005-03-24,20.36383628845215,30.469999313354492
2005-03-28,20.343793869018555,30.440000534057617
2005-03-29,20.009632110595703,29.940000534057617
2005-03-30,20.39056396484375,30.510000228881836
2005-03-31,20.337112426757812,30.43000030517578
2005-04-01,20.14328956604004,30.139999389648438
2005-04-04,20.12324333190918,30.110000610351562
2005-04-05,20.223493576049805,30.260000228881836
2005-04-06,20.23017692565918,30.270000457763672
2005-04-07,20.39725685119629,30.520000457763672
2005-04-08,20.1900634765625,30.209999084472656
2005-04-11,20.23017692565918,30.270000457763672
2005-04-12,20.39056396484375,30.510000228881836
2005-04-13,20.036359786987305,29.979999542236328
2005-04-14,19.735618591308594,29.530000686645508
2005-04-15,19.347984313964844,28.950000762939453
2005-04-18,19.408138275146484,29.040000915527344
2005-04-19,19.495014190673828,29.170000076293945
2005-04-20,19.294519424438477,28.8700008392334
2005-04-21,19.80912208557129,29.639999389648438
2005-04-22,19.575214385986328,29.290000915527344
2005-04-25,19.80912208557129,29.639999389648438
2005-04-26,19.55516242980957,29.260000228881836
2005-04-27,19.581899642944336,29.299999237060547
2005-04-28,19.3680362701416,28.979999542236328
2005-04-29,19.595260620117188,29.31999969482422
2005-05-02,19.70220184326172,29.479999542236328
2005-05-03,19.56185531616211,29.270000457763672
2005-05-04,19.78907012939453,29.610000610351562
2005-05-05,19.688823699951172,29.459999084472656
2005-05-06,19.76902961730957,29.579999923706055
2005-05-09,19.90269660949707,29.780000686645508
2005-05-10,19.668779373168945,29.43000030517578
2005-05-11,19.80912208557129,29.639999389648438
2005-05-12,19.595260620117188,29.31999969482422
2005-05-13,19.495014190673828,29.170000076293945
2005-05-16,19.76902961730957,29.579999923706055
2005-05-17,19.90269660949707,29.780000686645508
2005-05-18,20.20344352722168,30.229999542236328
2005-05-19,20.23017692565918,30.270000457763672
2005-05-20,20.223493576049805,30.260000228881836
2005-05-23,20.36383628845215,30.469999313354492
2005-05-24,20.31036376953125,30.389999389648438
2005-05-25,20.136615753173828,30.1299991607666
2005-05-26,20.283634185791016,30.350000381469727
2005-05-27,20.2702693939209,30.329999923706055
2005-05-31,20.216812133789062,30.25
2005-06-01,20.290315628051758,30.360000610351562
2005-06-02,20.290315628051758,30.360000610351562
2005-06-03,20.196758270263672,30.219999313354492
2005-06-06,20.210119247436523,30.239999771118164
2005-06-07,20.297008514404297,30.3700008392334
2005-06-08,20.170024871826172,30.18000030517578
2005-06-09,20.17671012878418,30.190000534057617
2005-06-10,20.149972915649414,30.149999618530273
2005-06-13,20.183395385742188,30.200000762939453
2005-06-14,20.136615753173828,30.1299991607666
2005-06-15,20.156648635864258,30.15999984741211
2005-06-16,20.17671012878418,30.190000534057617
2005-06-17,20.340858459472656,30.360000610351562
2005-06-20,20.267160415649414,30.25
2005-06-21,20.260456085205078,30.239999771118164
2005-06-22,20.159954071044922,30.09000015258789
2005-06-23,19.751264572143555,29.479999542236328
2005-06-24,19.62396240234375,29.290000915527344
2005-06-27,19.597166061401367,29.25
2005-06-28,19.938854217529297,29.760000228881836
2005-06-29,19.81155776977539,29.56999969482422
2005-06-30,19.68427085876465,29.3799991607666
2005-07-01,19.751264572143555,29.479999542236328
2005-07-05,19.81155776977539,29.56999969482422
2005-07-06,19.590465545654297,29.239999771118164
2005-07-07,19.637361526489258,29.309999465942383
2005-07-08,19.97905921936035,29.81999969482422
2005-07-11,20.0125675201416,29.8700008392334
2005-07-12,19.905363082885742,29.709999084472656
2005-07-13,19.96565818786621,29.799999237060547
2005-07-14,20.146556854248047,30.06999969482422
2005-07-15,20.119749069213867,30.030000686645508
2005-07-18,20.079553604125977,29.969999313354492
2005-07-19,20.247055053710938,30.219999313354492
2005-07-20,20.481548309326172,30.56999969482422
2005-07-21,20.374357223510742,30.40999984741211
2005-07-22,20.434648513793945,30.5
2005-07-25,20.287256240844727,30.280000686645508
2005-07-26,20.387767791748047,30.43000030517578
2005-07-27,20.46815299987793,30.549999237060547
2005-07-28,20.58205223083496,30.719999313354492
2005-07-29,20.434648513793945,30.5
2005-08-01,20.42125129699707,30.479999542236328
2005-08-02,20.394451141357422,30.440000534057617
2005-08-03,20.354267120361328,30.3799991607666
2005-08-04,20.22025489807129,30.18000030517578
2005-08-05,20.113059997558594,30.020000457763672
2005-08-08,20.066160202026367,29.950000762939453
2005-08-09,20.21356201171875,30.170000076293945
2005-08-10,20.200151443481445,30.149999618530273
2005-08-11,20.36764907836914,30.399999618530273
2005-08-12,20.280563354492188,30.270000457763672
2005-08-15,20.32075309753418,30.329999923706055
2005-08-16,20.086259841918945,29.979999542236328
2005-08-17,20.139856338500977,30.059999465942383
2005-08-18,20.052762985229492,29.93000030517578
2005-08-19,20.133153915405273,30.049999237060547
2005-08-22,20.173364639282227,30.110000610351562
2005-08-23,20.079553604125977,29.969999313354492
2005-08-24,19.91875457763672,29.729999542236328
2005-08-25,19.952260971069336,29.780000686645508
2005-08-26,19.84506607055664,29.6200008392334
2005-08-29,19.96565818786621,29.799999237060547
2005-08-30,19.80486297607422,29.559999465942383
2005-08-31,19.952260971069336,29.780000686645508
2005-09-01,19.871858596801758,29.65999984741211
2005-09-02,19.938854217529297,29.760000228881836
2005-09-06,20.173364639282227,30.110000610351562
2005-09-07,20.253753662109375,30.229999542236328
2005-09-08,20.139856338500977,30.059999465942383
2005-09-09,20.253753662109375,30.229999542236328
2005-09-12,20.38104820251465,30.420000076293945
2005-09-13,20.293954849243164,30.290000915527344
2005-09-14,20.139856338500977,30.059999465942383
2005-09-15,20.113059997558594,30.020000457763672
2005-09-16,20.252967834472656,30.110000610351562
2005-09-19,19.98391342163086,29.709999084472656
2005-09-20,19.84939193725586,29.510000228881836
2005-09-21,19.782123565673828,29.40999984741211
2005-09-22,19.862842559814453,29.530000686645508
2005-09-23,20.010822296142578,29.75
2005-09-26,19.98391342163086,29.709999084472656
2005-09-27,20.091535568237305,29.8700008392334
2005-09-28,20.09825325012207,29.8799991607666
2005-09-29,20.19243049621582,30.020000457763672
2005-09-30,20.286590576171875,30.15999984741211
2005-10-03,20.1655216217041,29.979999542236328
2005-10-04,19.98391342163086,29.709999084472656
2005-10-05,19.735042572021484,29.34000015258789
2005-10-06,19.86956024169922,29.540000915527344
2005-10-07,20.04444122314453,29.799999237060547
2005-10-10,19.889738082885742,29.56999969482422
2005-10-11,19.782123565673828,29.40999984741211
2005-10-12,19.782123565673828,29.40999984741211
2005-10-13,19.755220413208008,29.3700008392334
2005-10-14,19.930097579956055,29.6299991607666
2005-10-17,19.970458984375,29.690000534057617
2005-10-18,19.829204559326172,29.479999542236328
2005-10-19,20.091535568237305,29.8700008392334
2005-10-20,19.835926055908203,29.489999771118164
2005-10-21,19.701406478881836,29.290000915527344
2005-10-24,20.004087448120117,29.739999771118164
2005-10-25,19.977184295654297,29.700000762939453
2005-10-26,19.80229949951172,29.440000534057617
2005-10-27,19.62741470336914,29.18000030517578
2005-10-28,19.94356346130371,29.649999618530273
2005-10-31,19.997356414794922,29.729999542236328
2005-11-01,19.93682289123535,29.639999389648438
2005-11-02,20.138628005981445,29.940000534057617
2005-11-03,20.226057052612305,30.06999969482422
2005-11-04,20.23950958251953,30.09000015258789
2005-11-07,20.313505172729492,30.200000762939453
2005-11-08,20.185701370239258,30.010000228881836
2005-11-09,20.2327880859375,30.079999923706055
2005-11-10,20.49510955810547,30.469999313354492
2005-11-11,20.53547477722168,30.530000686645508
2005-11-14,20.575817108154297,30.59000015258789
2005-11-15,20.569101333618164,30.579999923706055
2005-11-16,20.64309310913086,30.690000534057617
2005-11-17,20.838151931762695,30.979999542236328
2005-11-18,21.053396224975586,31.299999237060547
2005-11-21,21.174470901489258,31.479999542236328
2005-11-22,21.228281021118164,31.559999465942383
2005-11-23,21.255184173583984,31.600000381469727
2005-11-25,21.26190948486328,31.610000610351562
2005-11-28,21.147567749023438,31.440000534057617
2005-11-29,21.194656372070312,31.510000228881836
2005-11-30,21.16101837158203,31.459999084472656
2005-12-01,21.396438598632812,31.809999465942383
2005-12-02,21.31572151184082,31.690000534057617
2005-12-05,21.201372146606445,31.520000457763672
2005-12-06,21.288822174072266,31.649999618530273
2005-12-07,21.134117126464844,31.420000076293945
2005-12-08,21.039941787719727,31.280000686645508
2005-12-09,21.154296875,31.450000762939453
2005-12-12,21.16101837158203,31.459999084472656
2005-12-13,21.181198120117188,31.489999771118164
2005-12-14,21.36280632019043,31.760000228881836
2005-12-15,21.396438598632812,31.809999465942383
2005-12-16,21.430274963378906,31.670000076293945
2005-12-19,21.220502853393555,31.360000610351562
2005-12-20,21.23403549194336,31.3799991607666
2005-12-21,21.34230613708496,31.540000915527344
2005-12-22,21.50470542907715,31.780000686645508
2005-12-23,21.545307159423828,31.84000015258789
2005-12-27,21.355836868286133,31.559999465942383
2005-12-28,21.389678955078125,31.610000610351562
2005-12-29,21.382902145385742,31.600000381469727
2005-12-30,21.2611026763916,31.420000076293945
2006-01-03,21.403209686279297,31.6299991607666
2006-01-04,21.457338333129883,31.709999084472656
2006-01-05,21.423505783081055,31.65999984741211
2006-01-06,21.50470542907715,31.780000686645508
2006-01-09,21.68064308166504,32.040000915527344
2006-01-10,21.619749069213867,31.950000762939453
2006-01-11,21.633277893066406,31.969999313354492
2006-01-12,21.470874786376953,31.729999542236328
2006-01-13,21.39644432067871,31.6200008392334
2006-01-17,21.288171768188477,31.459999084472656
2006-01-18,21.315244674682617,31.5
2006-01-19,21.4167423248291,31.649999618530273
2006-01-20,20.949844360351562,30.959999084472656
2006-01-23,20.96336555480957,30.979999542236328
2006-01-24,21.11901092529297,31.209999084472656
2006-01-25,21.112234115600586,31.200000762939453
2006-01-26,21.349071502685547,31.549999237060547
2006-01-27,21.39644432067871,31.6200008392334
2006-01-30,21.443803787231445,31.690000534057617
2006-01-31,21.32200813293457,31.510000228881836
2006-02-01,21.50470542907715,31.780000686645508
2006-02-02,21.32200813293457,31.510000228881836
2006-02-03,21.274642944335938,31.440000534057617
2006-02-06,21.349071502685547,31.549999237060547
2006-02-07,21.193439483642578,31.31999969482422
2006-02-08,21.29494285583496,31.469999313354492
2006-02-09,21.4167423248291,31.649999618530273
2006-02-10,21.558839797973633,31.860000610351562
2006-02-13,21.585905075073242,31.899999618530273
2006-02-14,21.843050003051758,32.279998779296875
2006-02-15,21.903942108154297,32.369998931884766
2006-02-16,21.964847564697266,32.459999084472656
2006-02-17,22.01898193359375,32.540000915527344
2006-02-21,21.93101692199707,32.40999984741211
2006-02-22,22.16108512878418,32.75
2006-02-23,22.08665657043457,32.63999938964844
2006-02-24,22.10017967224121,32.65999984741211
2006-02-27,22.24227523803711,32.869998931884766
2006-02-28,21.98514747619629,32.4900016784668
2006-03-01,22.16108512878418,32.75
2006-03-02,22.10017967224121,32.65999984741211
2006-03-03,22.15431022644043,32.7400016784668
2006-03-06,22.039283752441406,32.56999969482422
2006-03-07,22.052812576293945,32.59000015258789
2006-03-08,22.0257511138916,32.54999923706055
2006-03-09,21.99867820739746,32.5099983215332
2006-03-10,22.2287540435791,32.849998474121094
2006-03-13,22.215221405029297,32.83000183105469
2006-03-14,22.42499351501465,33.13999938964844
2006-03-15,22.763322830200195,33.63999938964844
2006-03-16,22.7768611907959,33.65999984741211
2006-03-17,22.950735092163086,33.790000915527344
2006-03-20,22.90997886657715,33.72999954223633
2006-03-21,22.82168197631836,33.599998474121094
2006-03-22,22.991485595703125,33.849998474121094
2006-03-23,22.896398544311523,33.709999084472656
2006-03-24,22.87602424621582,33.68000030517578
2006-03-27,22.896398544311523,33.709999084472656
2006-03-28,22.73339080810547,33.470001220703125
2006-03-29,22.964319229125977,33.810001373291016
2006-03-30,22.964319229125977,33.810001373291016
2006-03-31,22.95752716064453,33.79999923706055
2006-04-03,23.039024353027344,33.91999816894531
2006-04-04,23.19525718688965,34.150001525878906
2006-04-05,23.20882797241211,34.16999816894531
2006-04-06,23.174880981445312,34.119998931884766
2006-04-07,23.05942153930664,33.95000076293945
2006-04-10,22.9779052734375,33.83000183105469
2006-04-11,22.937149047851562,33.77000045776367
2006-04-12,23.093368530273438,34.0
2006-04-13,22.99827003479004,33.86000061035156
2006-04-17,22.882810592651367,33.689998626708984
2006-04-18,23.432981491088867,34.5
2006-04-19,23.5824031829834,34.720001220703125
2006-04-20,23.670711517333984,34.849998474121094
2006-04-21,23.6978702545166,34.88999938964844
2006-04-24,23.77937889099121,35.0099983215332
2006-04-25,23.500900268554688,34.599998474121094
2006-04-26,23.629955291748047,34.790000915527344
2006-04-27,23.500900268554688,34.599998474121094
2006-04-28,23.453350067138672,34.529998779296875
2006-05-01,23.514480590820312,34.619998931884766
2006-05-02,23.704666137695312,34.900001525878906
2006-05-03,23.71146011352539,34.90999984741211
2006-05-04,23.996732711791992,35.33000183105469
2006-05-05,24.234458923339844,35.68000030517578
2006-05-08,24.214082717895508,35.650001525878906
2006-05-09,24.214082717895508,35.650001525878906
2006-05-10,24.2276611328125,35.66999816894531
2006-05-11,24.105398178100586,35.4900016784668
2006-05-12,23.72504997253418,34.93000030517578
2006-05-15,23.73183250427246,34.939998626708984
2006-05-16,23.72504997253418,34.93000030517578
2006-05-17,23.236005783081055,34.209999084472656
2006-05-18,23.045825958251953,33.93000030517578
2006-05-19,23.120540618896484,34.040000915527344
2006-05-22,23.072996139526367,33.970001220703125
2006-05-23,22.964319229125977,33.810001373291016
2006-05-24,22.90318489074707,33.720001220703125
2006-05-25,23.05942153930664,33.95000076293945
2006-05-26,23.18846321105957,34.13999938964844
2006-05-30,22.88960838317871,33.70000076293945
2006-05-31,23.0526180267334,33.939998626708984
2006-06-01,23.29034423828125,34.290000915527344
2006-06-02,23.324308395385742,34.34000015258789
2006-06-05,22.82168197631836,33.599998474121094
2006-06-06,22.73339080810547,33.470001220703125
2006-06-07,22.482074737548828,33.099998474121094
2006-06-08,22.495662689208984,33.119998931884766
2006-06-09,22.30547523498535,32.84000015258789
2006-06-12,22.02699851989746,32.43000030517578
2006-06-13,21.959083557128906,32.33000183105469
2006-06-14,22.149263381958008,32.61000061035156
2006-06-15,22.651884078979492,33.349998474121094
2006-06-16,22.64847755432129,33.2599983215332
2006-06-19,22.47142219543457,33.0
2006-06-20,22.44419288635254,32.959999084472656
2006-06-21,22.709760665893555,33.349998474121094
2006-06-22,22.573566436767578,33.150001525878906
2006-06-23,22.634851455688477,33.2400016784668
2006-06-26,22.696144104003906,33.33000183105469
2006-06-27,22.48503875732422,33.02000045776367
2006-06-28,22.553136825561523,33.119998931884766
2006-06-29,23.029809951782227,33.81999969482422
2006-06-30,23.023000717163086,33.810001373291016
2006-07-03,23.104713439941406,33.93000030517578
2006-07-05,22.934473037719727,33.68000030517578
2006-07-06,22.99575424194336,33.77000045776367
2006-07-07,22.655284881591797,33.27000045776367
2006-07-10,22.716571807861328,33.36000061035156
2006-07-11,22.777862548828125,33.45000076293945
2006-07-12,22.546323776245117,33.11000061035156
2006-07-13,22.103715896606445,32.459999084472656
2006-07-14,21.790470123291016,32.0
2006-07-17,21.715564727783203,31.889999389648438
2006-07-18,21.817710876464844,32.040000915527344
2006-07-19,22.26033592224121,32.689998626708984
2006-07-20,21.804092407226562,32.02000045776367
2006-07-21,21.586191177368164,31.700000762939453
2006-07-24,21.94028091430664,32.220001220703125
2006-07-25,21.87900733947754,32.130001068115234
2006-07-26,21.599803924560547,31.719999313354492
2006-07-27,21.55895233154297,31.65999984741211
2006-07-28,21.804092407226562,32.02000045776367
2006-07-31,21.715564727783203,31.889999389648438
2006-08-01,21.579374313354492,31.690000534057617
2006-08-02,21.715564727783203,31.889999389648438
2006-08-03,21.892620086669922,32.150001525878906
2006-08-04,21.83133316040039,32.060001373291016
2006-08-07,21.742809295654297,31.93000030517578
2006-08-08,21.552141189575195,31.649999618530273
2006-08-09,21.218469619750977,31.15999984741211
2006-08-10,21.388717651367188,31.40999984741211
2006-08-11,21.266151428222656,31.229999542236328
2006-08-14,21.306995391845703,31.290000915527344
2006-08-15,21.695148468017578,31.860000610351562
2006-08-16,22.17862319946289,32.56999969482422
2006-08-17,22.20585823059082,32.61000061035156
2006-08-18,22.151371002197266,32.529998779296875
2006-08-21,21.953901290893555,32.2400016784668
2006-08-22,22.022001266479492,32.34000015258789
2006-08-23,21.858566284179688,32.099998474121094
2006-08-24,21.742809295654297,31.93000030517578
2006-08-25,21.749616622924805,31.940000534057617
2006-08-28,21.83814239501953,32.06999969482422
2006-08-29,21.892620086669922,32.150001525878906
2006-08-30,21.913042068481445,32.18000030517578
2006-08-31,21.960721969604492,32.25
2006-09-01,22.11733055114746,32.47999954223633
2006-09-05,22.164997100830078,32.54999923706055
2006-09-06,21.933469772338867,32.209999084472656
2006-09-07,21.87900733947754,32.130001068115234
2006-09-08,21.919851303100586,32.189998626708984
2006-09-11,21.94028091430664,32.220001220703125
2006-09-12,22.14457130432129,32.52000045776367
2006-09-13,22.369291305541992,32.849998474121094
2006-09-14,22.26714515686035,32.70000076293945
2006-09-15,22.382020950317383,32.72999954223633
2006-09-18,22.436735153198242,32.810001373291016
2006-09-19,22.347829818725586,32.68000030517578
2006-09-20,22.470924377441406,32.86000061035156
2006-09-21,22.258935928344727,32.54999923706055
2006-09-22,22.149526596069336,32.38999938964844
2006-09-25,22.416221618652344,32.779998779296875
2006-09-26,22.696596145629883,33.189998626708984
2006-09-27,22.751306533813477,33.27000045776367
2006-09-28,22.908580780029297,33.5
2006-09-29,22.799169540405273,33.34000015258789
2006-10-02,22.867551803588867,33.439998626708984
2006-10-03,23.011165618896484,33.650001525878906
2006-10-04,23.35308074951172,34.150001525878906
2006-10-05,23.46932601928711,34.31999969482422
2006-10-06,23.421464920043945,34.25
2006-10-09,23.448814392089844,34.290000915527344
2006-10-10,23.483009338378906,34.34000015258789
2006-10-11,23.48984146118164,34.349998474121094
2006-10-12,23.688156127929688,34.63999938964844
2006-10-13,23.633451461791992,34.560001373291016
2006-10-16,23.790729522705078,34.790000915527344
2006-10-17,23.660799026489258,34.599998474121094
2006-10-18,23.599258422851562,34.5099983215332
2006-10-19,23.5445499420166,34.43000030517578
2006-10-20,23.44197654724121,34.279998779296875
2006-10-23,23.565067291259766,34.459999084472656
2006-10-24,23.57874298095703,34.47999954223633
2006-10-25,23.599258422851562,34.5099983215332
2006-10-26,23.59242820739746,34.5
2006-10-27,23.421464920043945,34.25
2006-10-30,23.49668312072754,34.36000061035156
2006-10-31,23.44197654724121,34.279998779296875
2006-11-01,23.325725555419922,34.11000061035156
2006-11-02,23.24366569519043,33.9900016784668
2006-11-03,23.195785522460938,33.91999816894531
2006-11-06,23.40094566345215,34.220001220703125
2006-11-07,23.66765022277832,34.61000061035156
2006-11-08,23.701833724975586,34.65999984741211
2006-11-09,23.55821990966797,34.45000076293945
2006-11-10,23.59242820739746,34.5
2006-11-13,23.777061462402344,34.77000045776367
2006-11-14,23.85228729248047,34.880001068115234
2006-11-15,24.084779739379883,35.220001220703125
2006-11-16,24.194204330444336,35.380001068115234
2006-11-17,24.20787811279297,35.400001525878906
2006-11-20,24.12582015991211,35.279998779296875
2006-11-21,24.20787811279297,35.400001525878906
2006-11-22,24.303604125976562,35.540000915527344
2006-11-24,24.2557430267334,35.470001220703125
2006-11-27,23.86595916748047,34.900001525878906
2006-11-28,23.83860206604004,34.86000061035156
2006-11-29,24.03007698059082,35.13999938964844
2006-11-30,24.01639747619629,35.119998931884766
2006-12-01,23.8796329498291,34.91999816894531
2006-12-04,24.187366485595703,35.369998931884766
2006-12-05,24.24207878112793,35.45000076293945
2006-12-06,24.160001754760742,35.33000183105469
2006-12-07,24.11898422241211,35.27000045776367
2006-12-08,24.14632797241211,35.310001373291016
2006-12-11,24.03691291809082,35.150001525878906
2006-12-12,24.07794952392578,35.209999084472656
2006-12-13,23.995885848999023,35.09000015258789
2006-12-14,24.132652282714844,35.290000915527344
2006-12-15,24.26569938659668,35.20000076293945
2006-12-18,24.293285369873047,35.2400016784668
2006-12-19,24.3001708984375,35.25
2006-12-20,24.334638595581055,35.29999923706055
2006-12-21,24.2863826751709,35.22999954223633
2006-12-22,24.134716033935547,35.0099983215332
2006-12-26,24.25191307067871,35.18000030517578
2006-12-27,24.375993728637695,35.36000061035156
2006-12-28,24.293285369873047,35.2400016784668
2006-12-29,24.134716033935547,35.0099983215332
2007-01-03,24.2863826751709,35.22999954223633
2007-01-04,24.18297576904297,35.08000183105469
2007-01-05,24.10025978088379,34.959999084472656
2007-01-08,24.189863204956055,35.09000015258789
2007-01-09,24.176084518432617,35.06999969482422
2007-01-10,24.258811950683594,35.189998626708984
2007-01-11,24.458715438842773,35.47999954223633
2007-01-12,24.527658462524414,35.58000183105469
2007-01-16,24.658641815185547,35.77000045776367
2007-01-17,24.6793155670166,35.79999923706055
2007-01-18,24.56902313232422,35.63999938964844
2007-01-19,24.55523109436035,35.619998931884766
2007-01-22,24.2863826751709,35.22999954223633
2007-01-23,24.56902313232422,35.63999938964844
2007-01-24,24.500085830688477,35.540000915527344
2007-01-25,24.36910629272461,35.349998474121094
2007-01-26,24.27260398864746,35.209999084472656
2007-01-29,24.327749252319336,35.290000915527344
2007-01-30,24.31395721435547,35.27000045776367
2007-01-31,24.63796615600586,35.7400016784668
2007-02-01,24.85166358947754,36.04999923706055
2007-02-02,24.948177337646484,36.189998626708984
2007-02-05,24.996421813964844,36.2599983215332
2007-02-06,25.003324508666992,36.27000045776367
2007-02-07,24.982650756835938,36.2400016784668
2007-02-08,24.810306549072266,35.9900016784668
2007-02-09,24.713788986206055,35.849998474121094
2007-02-12,24.755157470703125,35.90999984741211
2007-02-13,24.95507049560547,36.20000076293945
2007-02-14,25.320436477661133,36.72999954223633
2007-02-15,25.37558364868164,36.810001373291016
2007-02-16,25.272174835205078,36.65999984741211
2007-02-20,25.313539505004883,36.720001220703125
2007-02-21,25.382471084594727,36.81999969482422
2007-02-22,25.29974937438965,36.70000076293945
2007-02-23,25.230810165405273,36.599998474121094
2007-02-26,25.086042404174805,36.38999938964844
2007-02-27,24.334638595581055,35.29999923706055
2007-02-28,24.36220932006836,35.34000015258789
2007-03-01,24.320850372314453,35.279998779296875
2007-03-02,24.01752471923828,34.84000015258789
2007-03-05,23.95549201965332,34.75
2007-03-06,24.23124122619629,35.150001525878906
2007-03-07,24.134716033935547,35.0099983215332
2007-03-08,24.31395721435547,35.27000045776367
2007-03-09,24.438045501708984,35.45000076293945
2007-03-12,24.55523109436035,35.619998931884766
2007-03-13,24.141616821289062,35.02000045776367
2007-03-14,24.238130569458008,35.15999984741211
2007-03-15,24.26569938659668,35.20000076293945
2007-03-16,24.352750778198242,35.25
2007-03-19,24.52546501159668,35.5
2007-03-20,24.58763885498047,35.59000015258789
2007-03-21,24.926166534423828,36.08000183105469
2007-03-22,24.97452163696289,36.150001525878906
2007-03-23,25.119604110717773,36.36000061035156
2007-03-26,24.912355422973633,36.060001373291016
2007-03-27,24.794902801513672,35.88999938964844
2007-03-28,24.59455108642578,35.599998474121094
2007-03-29,24.58763885498047,35.59000015258789
2007-03-30,24.560007095336914,35.54999923706055
2007-04-02,24.60146141052246,35.61000061035156
2007-04-03,24.774169921875,35.86000061035156
2007-04-04,24.677457809448242,35.720001220703125
2007-04-05,24.753448486328125,35.83000183105469
2007-04-09,24.725818634033203,35.790000915527344
2007-04-10,24.71889877319336,35.779998779296875
2007-04-11,24.62218475341797,35.63999938964844
2007-04-12,24.91924476623535,36.06999969482422
2007-04-13,24.912355422973633,36.060001373291016
2007-04-16,25.112688064575195,36.349998474121094
2007-04-17,25.112688064575195,36.349998474121094
2007-04-18,25.18178367614746,36.45000076293945
2007-04-19,25.26468276977539,36.56999969482422
2007-04-20,25.43739128112793,36.81999969482422
2007-04-23,25.53411293029785,36.959999084472656
2007-04-24,25.4581241607666,36.849998474121094
2007-04-25,25.72064971923828,37.22999954223633
2007-04-26,25.706830978393555,37.209999084472656
2007-04-27,26.003915786743164,37.63999938964844
2007-04-30,25.699922561645508,37.20000076293945
2007-05-01,25.858821868896484,37.43000030517578
2007-05-02,26.024614334106445,37.66999816894531
2007-05-03,26.21115493774414,37.939998626708984
2007-05-04,26.238794326782227,37.97999954223633
2007-05-07,26.307886123657227,38.08000183105469
2007-05-08,26.294065475463867,38.060001373291016
2007-05-09,26.363140106201172,38.15999984741211
2007-05-10,26.183523178100586,37.900001525878906
2007-05-11,26.38386344909668,38.189998626708984
2007-05-14,26.266429901123047,38.02000045776367
2007-05-15,26.335514068603516,38.119998931884766
2007-05-16,26.466768264770508,38.310001373291016
2007-05-17,26.515140533447266,38.380001068115234
2007-05-18,26.425329208374023,38.25
2007-05-21,26.57731056213379,38.470001220703125
2007-05-22,26.522043228149414,38.38999938964844
2007-05-23,26.653295516967773,38.58000183105469
2007-05-24,26.43914794921875,38.27000045776367
2007-05-25,26.598047256469727,38.5
2007-05-29,26.7707462310791,38.75
2007-05-30,26.888200759887695,38.91999816894531
2007-05-31,27.033287048339844,39.130001068115234
2007-06-01,27.136913299560547,39.279998779296875
2007-06-04,27.143815994262695,39.290000915527344
2007-06-05,27.06090545654297,39.16999816894531
2007-06-06,26.7707462310791,38.75
2007-06-07,26.335514068603516,38.119998931884766
2007-06-08,26.701671600341797,38.650001525878906
2007-06-11,26.7362060546875,38.70000076293945
2007-06-12,26.390792846679688,38.20000076293945
2007-06-13,27.019466400146484,39.11000061035156
2007-06-14,27.157630920410156,39.310001373291016
2007-06-15,27.30378532409668,39.41999816894531
2007-06-18,27.28992462158203,39.400001525878906
2007-06-19,27.373062133789062,39.52000045776367
2007-06-20,27.22066879272461,39.29999923706055
2007-06-21,27.276077270507812,39.380001068115234
2007-06-22,27.116769790649414,39.150001525878906
2007-06-25,27.047504425048828,39.04999923706055
2007-06-26,26.818937301635742,38.720001220703125
2007-06-27,27.082130432128906,39.099998474121094
2007-06-28,26.943613052368164,38.900001525878906
2007-06-29,27.040573120117188,39.040000915527344
2007-07-02,27.234508514404297,39.31999969482422
2007-07-03,27.428455352783203,39.599998474121094
2007-07-05,27.400739669799805,39.560001373291016
2007-07-06,27.566986083984375,39.79999923706055
2007-07-09,27.774770736694336,40.099998474121094
2007-07-10,27.310707092285156,39.43000030517578
2007-07-11,27.601604461669922,39.849998474121094
2007-07-12,28.010276794433594,40.439998626708984
2007-07-13,28.204212188720703,40.720001220703125
2007-07-16,28.384305953979492,40.97999954223633
2007-07-17,28.550519943237305,41.220001220703125
2007-07-18,28.488197326660156,41.130001068115234
2007-07-19,28.744462966918945,41.5
2007-07-20,28.328886032104492,40.900001525878906
2007-07-23,28.515893936157227,41.16999816894531
2007-07-24,28.12108612060547,40.599998474121094
2007-07-25,28.190351486206055,40.70000076293945
2007-07-26,27.601604461669922,39.849998474121094
2007-07-27,27.089065551757812,39.11000061035156
2007-07-30,27.670879364013672,39.95000076293945
2007-07-31,27.296846389770508,39.40999984741211
2007-08-01,27.497724533081055,39.70000076293945
2007-08-02,27.68473243713379,39.970001220703125
2007-08-03,27.116769790649414,39.150001525878906
2007-08-06,27.52544403076172,39.7400016784668
2007-08-07,27.52544403076172,39.7400016784668
2007-08-08,27.74014663696289,40.04999923706055
2007-08-09,26.99901580810547,38.97999954223633
2007-08-10,26.687335968017578,38.529998779296875
2007-08-13,27.047504425048828,39.04999923706055
2007-08-14,26.354867935180664,38.04999923706055
2007-08-15,26.043169021606445,37.599998474121094
2007-08-16,26.057035446166992,37.619998931884766
2007-08-17,26.320232391357422,38.0
2007-08-20,26.70118522644043,38.54999923706055
2007-08-21,26.5972843170166,38.400001525878906
2007-08-22,27.075210571289062,39.09000015258789
2007-08-23,26.92976188659668,38.880001068115234
2007-08-24,27.151395797729492,39.20000076293945
2007-08-27,27.089065551757812,39.11000061035156
2007-08-28,26.4379825592041,38.16999816894531
2007-08-29,27.061357498168945,39.06999969482422
2007-08-30,26.895126342773438,38.83000183105469
2007-08-31,27.30378532409668,39.41999816894531
2007-09-04,27.428455352783203,39.599998474121094
2007-09-05,27.151395797729492,39.20000076293945
2007-09-06,27.373062133789062,39.52000045776367
2007-09-07,26.812013626098633,38.709999084472656
2007-09-10,26.832794189453125,38.7400016784668
2007-09-11,27.075210571289062,39.09000015258789
2007-09-12,27.05443000793457,39.060001373291016
2007-09-13,27.33841896057129,39.470001220703125
2007-09-14,27.38689613342285,39.540000915527344
2007-09-17,27.151395797729492,39.20000076293945
2007-09-18,28.031051635742188,40.470001220703125
2007-09-19,28.328886032104492,40.900001525878906
2007-09-20,28.093387603759766,40.560001373291016
2007-09-21,28.284133911132812,40.630001068115234
2007-09-24,28.01263999938965,40.2400016784668
2007-09-25,28.124021530151367,40.400001525878906
2007-09-26,28.31892967224121,40.68000030517578
2007-09-27,28.44423484802246,40.86000061035156
2007-09-28,28.59738540649414,41.08000183105469
2007-10-01,28.966339111328125,41.61000061035156
2007-10-02,28.729658126831055,41.27000045776367
2007-10-03,28.534740447998047,40.9900016784668
2007-10-04,28.632198333740234,41.130001068115234
2007-10-05,28.945463180541992,41.58000183105469
2007-10-08,28.896730422973633,41.5099983215332
2007-10-09,29.168231964111328,41.900001525878906
2007-10-10,28.848005294799805,41.439998626708984
2007-10-11,28.639156341552734,41.13999938964844
2007-10-12,28.76447105407715,41.31999969482422
2007-10-15,28.541698455810547,41.0
2007-10-16,28.416393280029297,40.81999969482422
2007-10-17,28.492965698242188,40.93000030517578
2007-10-18,28.569547653198242,41.040000915527344
2007-10-19,27.775964736938477,39.900001525878906
2007-10-22,27.88037109375,40.04999923706055
2007-10-23,28.068328857421875,40.31999969482422
2007-10-24,27.98477554321289,40.20000076293945
2007-10-25,28.033517837524414,40.27000045776367
2007-10-26,28.05440330505371,40.29999923706055
2007-10-29,28.235403060913086,40.560001373291016
2007-10-30,27.98477554321289,40.20000076293945
2007-10-31,28.228437423706055,40.54999923706055
2007-11-01,27.748104095458984,39.86000061035156
2007-11-02,27.998716354370117,40.220001220703125
2007-11-05,27.88037109375,40.04999923706055
2007-11-06,28.31892967224121,40.68000030517578
2007-11-07,27.63671875,39.70000076293945
2007-11-08,27.64368438720703,39.709999084472656
2007-11-09,27.093725204467773,38.91999816894531
2007-11-12,26.801345825195312,38.5
2007-11-13,27.48356819152832,39.47999954223633
2007-11-14,27.393075942993164,39.349998474121094
2007-11-15,27.01019287109375,38.79999923706055
2007-11-16,27.01715850830078,38.810001373291016
2007-11-19,26.6273193359375,38.25
2007-11-20,26.669099807739258,38.310001373291016
2007-11-21,26.223554611206055,37.66999816894531
2007-11-23,26.571632385253906,38.16999816894531
2007-11-26,26.153940200805664,37.56999969482422
2007-11-27,26.67604637145996,38.31999969482422
2007-11-28,27.32346534729004,39.25
2007-11-29,27.32346534729004,39.25
2007-11-30,27.427879333496094,39.400001525878906
2007-12-03,27.149415969848633,39.0
2007-12-04,27.086769104003906,38.90999984741211
2007-12-05,27.53228759765625,39.54999923706055
2007-12-06,27.845558166503906,40.0
2007-12-07,28.05440330505371,40.29999923706055
2007-12-10,28.186662673950195,40.4900016784668
2007-12-11,27.288646697998047,39.20000076293945
2007-12-12,27.63671875,39.70000076293945
2007-12-13,27.775964736938477,39.900001525878906
2007-12-14,27.469636917114258,39.459999084472656
2007-12-17,26.975391387939453,38.75
2007-12-18,27.05196762084961,38.86000061035156
2007-12-19,26.961471557617188,38.72999954223633
2007-12-20,27.18423080444336,39.04999923706055
2007-12-21,27.664064407348633,39.54999923706055
2007-12-24,27.97183609008789,39.9900016784668
2007-12-26,27.866907119750977,39.84000015258789
2007-12-27,27.54515838623047,39.380001068115234
2007-12-28,27.517173767089844,39.34000015258789
2007-12-31,27.391267776489258,39.15999984741211
2008-01-02,26.93662452697754,38.5099983215332
2008-01-03,26.95760726928711,38.540000915527344
2008-01-04,26.405017852783203,37.75
2008-01-07,26.076265335083008,37.279998779296875
2008-01-08,25.495710372924805,36.45000076293945
2008-01-09,25.572643280029297,36.560001373291016
2008-01-10,25.929372787475586,37.06999969482422
2008-01-11,25.48870086669922,36.439998626708984
2008-01-14,25.803468704223633,36.88999938964844
2008-01-15,25.264875411987305,36.119998931884766
2008-01-16,24.971105575561523,35.70000076293945
2008-01-17,24.30660057067871,34.75
2008-01-18,24.257644653320312,34.68000030517578
2008-01-22,24.341577529907227,34.79999923706055
2008-01-23,25.00607681274414,35.75
2008-01-24,25.152957916259766,35.959999084472656
2008-01-25,25.041051864624023,35.79999923706055
2008-01-28,25.41176986694336,36.33000183105469
2008-01-29,25.63559913635254,36.650001525878906
2008-01-30,25.740514755249023,36.79999923706055
2008-01-31,25.88041877746582,37.0
2008-02-01,26.474956512451172,37.849998474121094
2008-02-04,26.18818473815918,37.439998626708984
2008-02-05,25.523681640625,36.4900016784668
2008-02-06,25.481714248657227,36.43000030517578
2008-02-07,25.48870086669922,36.439998626708984
2008-02-08,25.299854278564453,36.16999816894531
2008-02-11,25.551666259765625,36.529998779296875
2008-02-12,25.81047248840332,36.900001525878906
2008-02-13,26.272113800048828,37.560001373291016
2008-02-14,25.88041877746582,37.0
2008-02-15,25.71953010559082,36.77000045776367
2008-02-19,25.845457077026367,36.95000076293945
2008-02-20,25.929372787475586,37.06999969482422
2008-02-21,25.72652816772461,36.779998779296875
2008-02-22,25.985332489013672,37.150001525878906
2008-02-25,26.18818473815918,37.439998626708984
2008-02-26,26.20917510986328,37.470001220703125
2008-02-27,26.258127212524414,37.540000915527344
2008-02-28,26.069271087646484,37.27000045776367
2008-02-29,25.355812072753906,36.25
2008-03-03,25.72652816772461,36.779998779296875
2008-03-04,25.42575454711914,36.349998474121094
2008-03-05,25.761503219604492,36.83000183105469
2008-03-06,25.271873474121094,36.130001068115234
2008-03-07,24.908145904541016,35.61000061035156
2008-03-10,24.509450912475586,35.040000915527344
2008-03-11,25.341825485229492,36.22999954223633
2008-03-12,25.292861938476562,36.15999984741211
2008-03-13,25.64258575439453,36.65999984741211
2008-03-14,25.236900329589844,36.08000183105469
2008-03-17,25.11099624633789,35.900001525878906
2008-03-18,26.433000564575195,37.790000915527344
2008-03-19,25.467737197875977,36.40999984741211
2008-03-20,25.735422134399414,36.630001068115234
2008-03-24,26.318553924560547,37.459999084472656
2008-03-25,26.480131149291992,37.689998626708984
2008-03-26,26.269359588623047,37.38999938964844
2008-03-27,25.981319427490234,36.97999954223633
2008-03-28,25.882951736450195,36.84000015258789
2008-03-31,26.276395797729492,37.400001525878906
2008-04-01,26.873584747314453,38.25
2008-04-02,26.99302101135254,38.41999816894531
2008-04-03,26.873584747314453,38.25
2008-04-04,26.97898292541504,38.400001525878906
2008-04-07,26.810352325439453,38.15999984741211
2008-04-08,26.789276123046875,38.130001068115234
2008-04-09,26.529327392578125,37.7599983215332
2008-04-10,26.641735076904297,37.91999816894531
2008-04-11,25.594892501831055,36.43000030517578
2008-04-14,25.60894775390625,36.45000076293945
2008-04-15,25.728391647338867,36.619998931884766
2008-04-16,26.445016860961914,37.63999938964844
2008-04-17,26.135881423950195,37.20000076293945
2008-04-18,26.922761917114258,38.31999969482422
2008-04-21,26.831430435180664,38.189998626708984
2008-04-22,26.402862548828125,37.58000183105469
2008-04-23,26.416908264160156,37.599998474121094
2008-04-24,26.585525512695312,37.84000015258789
2008-04-25,26.957901000976562,38.369998931884766
2008-04-28,27.112459182739258,38.59000015258789
2008-04-29,26.85953140258789,38.22999954223633
2008-04-30,27.04922866821289,38.5
2008-05-01,27.22488784790039,38.75
2008-05-02,27.33025360107422,38.900001525878906
2008-05-05,27.2600040435791,38.79999923706055
2008-05-06,27.36539649963379,38.95000076293945
2008-05-07,26.943862915039062,38.349998474121094
2008-05-08,27.035179138183594,38.47999954223633
2008-05-09,26.866559982299805,38.2400016784668
2008-05-12,27.295135498046875,38.849998474121094
2008-05-13,27.47780418395996,39.11000061035156
2008-05-14,27.505905151367188,39.150001525878906
2008-05-15,27.66750717163086,39.380001068115234
2008-05-16,27.59724235534668,39.279998779296875
2008-05-19,27.906381607055664,39.720001220703125
2008-05-20,27.463756561279297,39.09000015258789
2008-05-21,27.000045776367188,38.43000030517578
2008-05-22,26.93681526184082,38.34000015258789
2008-05-23,26.55040168762207,37.790000915527344
2008-05-27,26.831430435180664,38.189998626708984
2008-05-28,27.014097213745117,38.45000076293945
2008-05-29,27.119495391845703,38.599998474121094
2008-05-30,27.288095474243164,38.84000015258789
2008-06-02,27.05626106262207,38.5099983215332
2008-06-03,26.96493911743164,38.380001068115234
2008-06-04,26.85953140258789,38.22999954223633
2008-06-05,27.05626106262207,38.5099983215332
2008-06-06,26.002391815185547,37.0099983215332
2008-06-09,26.269359588623047,37.38999938964844
2008-06-10,26.114788055419922,37.16999816894531
2008-06-11,25.622995376586914,36.470001220703125
2008-06-12,25.71432876586914,36.599998474121094
2008-06-13,26.009408950805664,37.02000045776367
2008-06-16,25.868896484375,36.81999969482422
2008-06-17,25.812698364257812,36.7400016784668
2008-06-18,25.440326690673828,36.209999084472656
2008-06-19,25.770536422729492,36.68000030517578
2008-06-20,25.340660095214844,35.900001525878906
2008-06-23,25.390073776245117,35.970001220703125
2008-06-24,25.08655548095703,35.540000915527344
2008-06-25,24.903030395507812,35.279998779296875
2008-06-26,24.493623733520508,34.70000076293945
2008-06-27,23.787750244140625,33.70000076293945
2008-06-30,24.00656509399414,34.0099983215332
2008-07-01,23.992450714111328,33.9900016784668
2008-07-02,23.25835609436035,32.95000076293945
2008-07-03,23.583059310913086,33.40999984741211
2008-07-07,23.554813385009766,33.369998931884766
2008-07-08,24.09833526611328,34.13999938964844
2008-07-09,23.427757263183594,33.189998626708984
2008-07-10,23.787750244140625,33.70000076293945
2008-07-11,23.357175827026367,33.09000015258789
2008-07-14,23.463058471679688,33.2400016784668
2008-07-15,22.9971866607666,32.58000183105469
2008-07-16,23.526582717895508,33.33000183105469
2008-07-17,24.175989151000977,34.25
2008-07-18,24.211273193359375,34.29999923706055
2008-07-21,24.232454299926758,34.33000183105469
2008-07-22,24.52891731262207,34.75
2008-07-23,24.719507217407227,35.02000045776367
2008-07-24,24.105405807495117,34.150001525878906
2008-07-25,24.33126449584961,34.470001220703125
2008-07-28,23.773639678955078,33.68000030517578
2008-07-29,24.670103073120117,34.95000076293945
2008-07-30,24.959491729736328,35.36000061035156
2008-07-31,24.197158813476562,34.279998779296875
2008-08-01,24.175989151000977,34.25
2008-08-04,24.070106506347656,34.099998474121094
2008-08-05,24.740676879882812,35.04999923706055
2008-08-06,25.213605880737305,35.720001220703125
2008-08-07,24.366575241088867,34.52000045776367
2008-08-08,25.20655059814453,35.709999084472656
2008-08-11,25.27007484436035,35.79999923706055
2008-08-12,25.02303123474121,35.45000076293945
2008-08-13,24.931249618530273,35.31999969482422
2008-08-14,25.02303123474121,35.45000076293945
2008-08-15,25.16420555114746,35.650001525878906
2008-08-18,24.881847381591797,35.25
2008-08-19,24.57127571105957,34.810001373291016
2008-08-20,24.373624801635742,34.529998779296875
2008-08-21,24.43010139465332,34.61000061035156
2008-08-22,24.91008186340332,35.290000915527344
2008-08-25,24.521862030029297,34.7400016784668
2008-08-26,24.51480484008789,34.72999954223633
2008-08-27,24.58538055419922,34.83000183105469
2008-08-28,25.135967254638672,35.61000061035156
2008-08-29,24.860679626464844,35.220001220703125
2008-09-02,24.86772918701172,35.22999954223633
2008-09-03,24.684213638305664,34.970001220703125
2008-09-04,23.837162017822266,33.77000045776367
2008-09-05,23.830106735229492,33.7599983215332
2008-09-08,24.211273193359375,34.29999923706055
2008-09-09,23.49835205078125,33.290000915527344
2008-09-10,23.59717559814453,33.43000030517578
2008-09-11,24.140687942504883,34.20000076293945
2008-09-12,24.077165603637695,34.11000061035156
2008-09-15,23.110124588012695,32.7400016784668
2008-09-16,23.18070411682129,32.84000015258789
2008-09-17,22.397199630737305,31.729999542236328
2008-09-18,22.85601043701172,32.380001068115234
2008-09-19,23.49901580810547,33.11000061035156
2008-09-22,22.87446403503418,32.22999954223633
2008-09-23,22.37055778503418,31.520000457763672
2008-09-24,22.320878982543945,31.450000762939453
2008-09-25,22.498308181762695,31.700000762939453
2008-09-26,22.40604591369629,31.56999969482422
2008-09-29,21.646642684936523,30.5
2008-09-30,21.859554290771484,30.799999237060547
2008-10-01,21.34145736694336,30.06999969482422
2008-10-02,20.063949584960938,28.270000457763672
2008-10-03,19.74457359313965,27.81999969482422
2008-10-06,19.226472854614258,27.09000015258789
2008-10-07,18.58771324157715,26.190000534057617
2008-10-08,18.303831100463867,25.790000915527344
2008-10-09,17.260530471801758,24.31999969482422
2008-10-10,16.706945419311523,23.540000915527344
2008-10-13,18.495445251464844,26.059999465942383
2008-10-14,18.488353729248047,26.049999237060547
2008-10-15,16.749534606933594,23.600000381469727
2008-10-16,17.090192794799805,24.079999923706055
2008-10-17,16.721141815185547,23.559999465942383
2008-10-20,17.551509857177734,24.729999542236328
2008-10-21,17.395370483398438,24.510000228881836
2008-10-22,16.593385696411133,23.3799991607666
2008-10-23,16.635974884033203,23.440000534057617
2008-10-24,15.677839279174805,22.09000015258789
2008-10-27,15.074576377868652,21.239999771118164
2008-10-28,16.621782302856445,23.420000076293945
2008-10-29,16.6927490234375,23.520000457763672
2008-10-30,17.296022415161133,24.3700008392334
2008-10-31,17.870899200439453,25.18000030517578
2008-11-03,17.56570816040039,24.75
2008-11-04,18.332225799560547,25.829999923706055
2008-11-05,17.56570816040039,24.75
2008-11-06,16.742431640625,23.59000015258789
2008-11-07,16.912778854370117,23.829999923706055
2008-11-10,16.919862747192383,23.84000015258789
2008-11-11,16.543703079223633,23.309999465942383
2008-11-12,15.755913734436035,22.200000762939453
2008-11-13,16.600486755371094,23.389999389648438
2008-11-14,15.897858619689941,22.399999618530273
2008-11-17,15.578478813171387,21.950000762939453
2008-11-18,15.592676162719727,21.969999313354492
2008-11-19,14.584864616394043,20.549999237060547
2008-11-20,14.194514274597168,20.0
2008-11-21,14.61325454711914,20.59000015258789
2008-11-24,15.34427547454834,21.6200008392334
2008-11-25,15.564291000366211,21.93000030517578
2008-11-26,16.053998947143555,22.6200008392334
2008-11-28,16.401765823364258,23.110000610351562
2008-12-01,15.053276062011719,21.209999084472656
2008-12-02,15.748814582824707,22.190000534057617
2008-12-03,16.018516540527344,22.56999969482422
2008-12-04,15.699137687683105,22.1200008392334
2008-12-05,16.08238410949707,22.65999984741211
2008-12-08,16.501127243041992,23.25
2008-12-09,16.21013832092285,22.84000015258789
2008-12-10,16.47273826599121,23.209999084472656
2008-12-11,15.763010025024414,22.209999084472656
2008-12-12,15.805594444274902,22.270000457763672
2008-12-15,15.79849910736084,22.260000228881836
2008-12-16,16.57919692993164,23.360000610351562
2008-12-17,16.58629035949707,23.3700008392334
2008-12-18,16.004316329956055,22.549999237060547
2008-12-19,16.181324005126953,22.579999923706055
2008-12-22,15.930505752563477,22.229999542236328
2008-12-23,15.880349159240723,22.15999984741211
2008-12-24,15.980664253234863,22.299999237060547
2008-12-26,16.102495193481445,22.469999313354492
2008-12-29,15.801512718200684,22.049999237060547
2008-12-30,16.389148712158203,22.8700008392334
2008-12-31,16.78329086303711,23.420000076293945
2009-01-02,17.39958953857422,24.280000686645508
2009-01-05,17.263429641723633,24.09000015258789
2009-01-06,17.643234252929688,24.6200008392334
2009-01-07,16.85494041442871,23.520000457763672
2009-01-08,17.0197696685791,23.75
2009-01-09,16.647125244140625,23.229999542236328
2009-01-12,16.28165054321289,22.719999313354492
2009-01-13,16.002161026000977,22.329999923706055
2009-01-14,15.407370567321777,21.5
2009-01-15,15.550690650939941,21.700000762939453
2009-01-16,15.636680603027344,21.81999969482422
2009-01-20,14.912901878356934,20.809999465942383
2009-01-21,15.292705535888672,21.34000015258789
2009-01-22,15.242539405822754,21.270000457763672
2009-01-23,14.783909797668457,20.6299991607666
2009-01-26,14.955904006958008,20.8700008392334
2009-01-27,15.228217124938965,21.25
2009-01-28,15.665358543395996,21.860000610351562
2009-01-29,15.092059135437012,21.059999465942383
2009-01-30,14.769579887390137,20.610000610351562
2009-02-02,14.432765007019043,20.139999389648438
2009-02-03,14.697915077209473,20.510000228881836
2009-02-04,14.619086265563965,20.399999618530273
2009-02-05,14.791075706481934,20.639999389648438
2009-02-06,15.149384498596191,21.139999389648438
2009-02-09,15.436036109924316,21.540000915527344
2009-02-10,14.62625503540039,20.40999984741211
2009-02-11,14.740906715393066,20.56999969482422
2009-02-12,14.576089859008789,20.34000015258789
2009-02-13,14.576089859008789,20.34000015258789
2009-02-17,13.837969779968262,19.309999465942383
2009-02-18,13.85947036743164,19.34000015258789
2009-02-19,13.55131721496582,18.90999984741211
2009-02-20,13.34350299835205,18.6200008392334
2009-02-23,12.827529907226562,17.899999618530273
2009-02-24,13.107011795043945,18.290000915527344
2009-02-25,12.791701316833496,17.850000381469727
2009-02-26,12.56954574584961,17.540000915527344
2009-02-27,12.254237174987793,17.100000381469727
2009-03-02,11.451617240905762,15.979999542236328
2009-03-03,11.365622520446777,15.859999656677246
2009-03-04,11.680932998657227,16.299999237060547
2009-03-05,11.229463577270508,15.670000076293945
2009-03-06,11.107640266418457,15.5
2009-03-09,11.007311820983887,15.359999656677246
2009-03-10,11.838592529296875,16.520000457763672
2009-03-11,11.953253746032715,16.68000030517578
2009-03-12,12.340229988098145,17.219999313354492
2009-03-13,12.361725807189941,17.25
2009-03-16,12.497886657714844,17.440000534057617
2009-03-17,12.86336612701416,17.950000762939453
2009-03-18,13.107011795043945,18.290000915527344
2009-03-19,12.978025436401367,18.110000610351562
2009-03-20,12.582252502441406,17.389999389648438
2009-03-23,13.493897438049316,18.649999618530273
2009-03-24,13.385370254516602,18.5
2009-03-25,13.493897438049316,18.649999618530273
2009-03-26,14.21743392944336,19.649999618530273
2009-03-27,13.949725151062012,19.280000686645508
2009-03-30,13.255134582519531,18.31999969482422
2009-03-31,13.334724426269531,18.43000030517578
2009-04-01,13.631375312805176,18.84000015258789
2009-04-02,14.362138748168945,19.850000381469727
2009-04-03,14.376612663269043,19.8700008392334
2009-04-06,14.412786483764648,19.920000076293945
2009-04-07,14.00036907196045,19.350000381469727
2009-04-08,14.123376846313477,19.520000457763672
2009-04-09,14.817971229553223,20.479999542236328
2009-04-13,14.86137866973877,20.540000915527344
2009-04-14,14.644316673278809,20.239999771118164
2009-04-15,14.7817964553833,20.43000030517578
2009-04-16,15.281036376953125,21.1200008392334
2009-04-17,15.27379322052002,21.110000610351562
2009-04-20,14.600907325744629,20.18000030517578
2009-04-21,14.955438613891602,20.670000076293945
2009-04-22,15.186966896057129,20.989999771118164
2009-04-23,15.35338306427002,21.219999313354492
2009-04-24,15.671735763549805,21.65999984741211
2009-04-27,15.360615730285645,21.229999542236328
2009-04-28,15.17973518371582,20.979999542236328
2009-04-29,15.686213493347168,21.68000030517578
2009-04-30,15.744094848632812,21.760000228881836
2009-05-01,15.917741775512695,22.0
2009-05-04,16.438678741455078,22.719999313354492
2009-05-05,16.48933219909668,22.790000915527344
2009-05-06,16.749797821044922,23.149999618530273
2009-05-07,16.409744262695312,22.68000030517578
2009-05-08,17.010278701782227,23.510000228881836
2009-05-11,16.50380516052246,22.809999465942383
2009-05-12,16.322914123535156,22.559999465942383
2009-05-13,15.650038719177246,21.6299991607666
2009-05-14,15.765802383422852,21.790000915527344
2009-05-15,15.773031234741211,21.799999237060547
2009-05-18,16.35186195373535,22.600000381469727
2009-05-19,16.228862762451172,22.43000030517578
2009-05-20,16.243328094482422,22.450000762939453
2009-05-21,15.751323699951172,21.770000457763672
2009-05-22,15.693442344665527,21.690000534057617
2009-05-26,16.265033721923828,22.479999542236328
2009-05-27,15.736854553222656,21.75
2009-05-28,15.888800621032715,21.959999084472656
2009-05-29,16.27227210998535,22.489999771118164
2009-06-01,17.02474594116211,23.530000686645508
2009-06-02,17.053686141967773,23.56999969482422
2009-06-03,16.720855712890625,23.110000610351562
2009-06-04,17.02474594116211,23.530000686645508
2009-06-05,17.169450759887695,23.729999542236328
2009-06-08,17.212862014770508,23.790000915527344
2009-06-09,17.17668342590332,23.739999771118164
2009-06-10,17.068161010742188,23.59000015258789
2009-06-11,17.039220809936523,23.549999237060547
2009-06-12,17.068161010742188,23.59000015258789
2009-06-15,16.547218322753906,22.8700008392334
2009-06-16,16.243328094482422,22.450000762939453
2009-06-17,16.120325088500977,22.280000686645508
2009-06-18,16.134796142578125,22.299999237060547
2009-06-19,16.16975975036621,22.200000762939453
2009-06-22,15.630773544311523,21.459999084472656
2009-06-23,15.485090255737305,21.260000228881836
2009-06-24,15.587068557739258,21.399999618530273
2009-06-25,16.067787170410156,22.059999465942383
2009-06-26,16.002241134643555,21.969999313354492
2009-06-29,16.1624755859375,22.190000534057617
2009-06-30,15.994956970214844,21.959999084472656
2009-07-01,16.060504913330078,22.049999237060547
2009-07-02,15.557934761047363,21.360000610351562
2009-07-06,15.565208435058594,21.3700008392334
2009-07-07,15.033506393432617,20.639999389648438
2009-07-08,14.975234985351562,20.559999465942383
2009-07-09,15.113630294799805,20.75
2009-07-10,15.091777801513672,20.719999313354492
2009-07-13,15.477811813354492,21.25
2009-07-14,15.703606605529785,21.559999465942383
2009-07-15,16.191606521606445,22.229999542236328
2009-07-16,16.49024200439453,22.639999389648438
2009-07-17,16.300865173339844,22.3799991607666
2009-07-20,16.628631591796875,22.829999923706055
2009-07-21,16.635921478271484,22.84000015258789
2009-07-22,16.68690299987793,22.90999984741211
2009-07-23,17.036514282226562,23.389999389648438
2009-07-24,17.05108642578125,23.40999984741211
2009-07-27,17.145776748657227,23.540000915527344
2009-07-28,17.13121223449707,23.520000457763672
2009-07-29,17.05108642578125,23.40999984741211
2009-07-30,17.327865600585938,23.790000915527344
2009-07-31,17.39342498779297,23.8799991607666
2009-08-03,17.772171020507812,24.399999618530273
2009-08-04,17.90327262878418,24.579999923706055
2009-08-05,17.757604598999023,24.3799991607666
2009-08-06,17.852294921875,24.510000228881836
2009-08-07,18.296600341796875,25.1200008392334
2009-08-10,18.121782302856445,24.8799991607666
2009-08-11,17.881425857543945,24.549999237060547
2009-08-12,18.19462776184082,24.979999542236328
2009-08-13,18.274744033813477,25.09000015258789
2009-08-14,18.012527465820312,24.729999542236328
2009-08-17,17.480817794799805,24.0
2009-08-18,17.69204330444336,24.290000915527344
2009-08-19,17.74303436279297,24.360000610351562
2009-08-20,17.961544036865234,24.65999984741211
2009-08-21,18.42770004272461,25.299999237060547
2009-08-24,18.464120864868164,25.350000381469727
2009-08-25,18.566089630126953,25.489999771118164
2009-08-26,18.376720428466797,25.229999542236328
2009-08-27,18.544240951538086,25.459999084472656
2009-08-28,18.4422664642334,25.31999969482422
2009-08-31,18.2237548828125,25.020000457763672
2009-09-01,17.91783905029297,24.600000381469727
2009-09-02,17.845003128051758,24.5
2009-09-03,18.07808494567871,24.81999969482422
2009-09-04,18.434980392456055,25.309999465942383
2009-09-08,18.595226287841797,25.530000686645508
2009-09-09,18.908422470092773,25.959999084472656
2009-09-10,19.068668365478516,26.18000030517578
2009-09-11,19.192485809326172,26.350000381469727
2009-09-14,19.374584197998047,26.600000381469727
2009-09-15,19.6076602935791,26.920000076293945
2009-09-16,19.855304718017578,27.260000228881836
2009-09-17,19.8917236328125,27.309999465942383
2009-09-18,19.77749252319336,27.010000228881836
2009-09-21,19.660335540771484,26.850000381469727
2009-09-22,19.894649505615234,27.170000076293945
2009-09-23,19.72623634338379,26.940000534057617
2009-09-24,19.404056549072266,26.5
2009-09-25,19.133132934570312,26.1299991607666
2009-09-28,19.528535842895508,26.670000076293945
2009-09-29,19.484601974487305,26.610000610351562
2009-09-30,19.286909103393555,26.34000015258789
2009-10-01,18.803627014160156,25.68000030517578
2009-10-02,18.562000274658203,25.350000381469727
2009-10-05,18.9427433013916,25.8700008392334
2009-10-06,19.125810623168945,26.1200008392334
2009-10-07,19.052587509155273,26.020000457763672
2009-10-08,19.3894100189209,26.479999542236328
2009-10-09,19.440664291381836,26.549999237060547
2009-10-12,19.404056549072266,26.5
2009-10-13,19.418701171875,26.520000457763672
2009-10-14,19.98251724243164,27.290000915527344
2009-10-15,19.953222274780273,27.25
2009-10-16,19.81410026550293,27.059999465942383
2009-10-19,20.02644157409668,27.350000381469727
2009-10-20,19.8873291015625,27.15999984741211
2009-10-21,19.748201370239258,26.969999313354492
2009-10-22,19.8873291015625,27.15999984741211
2009-10-23,19.535865783691406,26.68000030517578
2009-10-26,19.382091522216797,26.469999313354492
2009-10-27,19.118488311767578,26.110000610351562
2009-10-28,18.72308349609375,25.56999969482422
2009-10-29,19.169740676879883,26.18000030517578
2009-10-30,18.51805305480957,25.290000915527344
2009-11-02,18.730405807495117,25.579999923706055
2009-11-03,19.052587509155273,26.020000457763672
2009-11-04,19.015979766845703,25.969999313354492
2009-11-05,19.506567001342773,26.639999389648438
2009-11-06,19.682300567626953,26.8799991607666
2009-11-09,20.180221557617188,27.559999465942383
2009-11-10,20.063053131103516,27.399999618530273
2009-11-11,20.21683120727539,27.610000610351562
2009-11-12,19.98251724243164,27.290000915527344
2009-11-13,20.13628578186035,27.5
2009-11-16,20.59758949279785,28.1299991607666
2009-11-17,20.560976028442383,28.079999923706055
2009-11-18,20.45114517211914,27.93000030517578
2009-11-19,20.143611907958984,27.510000228881836
2009-11-20,20.106998443603516,27.459999084472656
2009-11-23,20.473108291625977,27.959999084472656
2009-11-24,20.30470085144043,27.729999542236328
2009-11-25,20.473108291625977,27.959999084472656
2009-11-27,20.077701568603516,27.420000076293945
2009-11-30,20.143611907958984,27.510000228881836
2009-12-01,20.473108291625977,27.959999084472656
2009-12-02,20.41453742980957,27.8799991607666
2009-12-03,20.319339752197266,27.75
2009-12-04,20.626888275146484,28.170000076293945
2009-12-07,20.55365562438965,28.06999969482422
2009-12-08,20.238794326782227,27.639999389648438
2009-12-09,20.333986282348633,27.770000457763672
2009-12-10,20.421852111816406,27.889999389648438
2009-12-11,20.626888275146484,28.170000076293945
2009-12-14,20.90512466430664,28.549999237060547
2009-12-15,20.846548080444336,28.469999313354492
2009-12-16,20.75867462158203,28.350000381469727
2009-12-17,20.531688690185547,28.040000915527344
2009-12-18,20.525054931640625,27.850000381469727
2009-12-21,20.679819107055664,28.059999465942383
2009-12-22,20.70193099975586,28.09000015258789
2009-12-23,20.738779067993164,28.139999389648438
2009-12-24,20.819849014282227,28.25
2009-12-28,20.783000946044922,28.200000762939453
2009-12-29,20.841955184936523,28.280000686645508
2009-12-30,20.738779067993164,28.139999389648438
2009-12-31,20.480838775634766,27.790000915527344
2010-01-04,20.871444702148438,28.31999969482422
2010-01-05,20.94513511657715,28.420000076293945
2010-01-06,20.98935890197754,28.479999542236328
2010-01-07,21.217819213867188,28.790000915527344
2010-01-08,21.556835174560547,29.25
2010-01-11,21.792673110961914,29.56999969482422
2010-01-12,21.615785598754883,29.329999923706055
2010-01-13,21.7042293548584,29.450000762939453
2010-01-14,21.7042293548584,29.450000762939453
2010-01-15,21.424177169799805,29.06999969482422
2010-01-19,21.660009384155273,29.389999389648438
2010-01-20,21.328372955322266,28.940000534057617
2010-01-21,20.8345890045166,28.270000457763672
2010-01-22,20.517688751220703,27.84000015258789
2010-01-25,20.65034294128418,28.020000457763672
2010-01-26,20.56190299987793,27.899999618530273
2010-01-27,20.62086296081543,27.979999542236328
2010-01-28,20.385028839111328,27.65999984741211
2010-01-29,20.178678512573242,27.3799991607666
2010-02-01,20.480838775634766,27.790000915527344
2010-02-02,20.871444702148438,28.31999969482422
2010-02-03,20.746152877807617,28.149999618530273
2010-02-04,20.13445281982422,27.31999969482422
2010-02-05,20.0460205078125,27.200000762939453
2010-02-08,19.824918746948242,26.899999618530273
2010-02-09,20.20814323425293,27.420000076293945
2010-02-10,20.178678512573242,27.3799991607666
2010-02-11,20.480838775634766,27.790000915527344
2010-02-12,20.318700790405273,27.56999969482422
2010-02-16,20.797740936279297,28.219999313354492
2010-02-17,20.974609375,28.459999084472656
2010-02-18,21.166234970092773,28.719999313354492
2010-02-19,21.269405364990234,28.860000610351562
2010-02-22,21.284147262573242,28.8799991607666
2010-02-23,21.011470794677734,28.510000228881836
2010-02-24,21.225187301635742,28.799999237060547
2010-02-25,21.173599243164062,28.729999542236328
2010-02-26,21.25466537475586,28.84000015258789
2010-03-01,21.534717559814453,29.219999313354492
2010-03-02,21.571578979492188,29.270000457763672
2010-03-03,21.601057052612305,29.309999465942383
2010-03-04,21.7042293548584,29.450000762939453
2010-03-05,22.035871505737305,29.899999618530273
2010-03-08,21.932701110839844,29.760000228881836
2010-03-09,22.109573364257812,30.0
2010-03-10,22.153793334960938,30.059999465942383
2010-03-11,22.234865188598633,30.170000076293945
2010-03-12,22.38226318359375,30.3700008392334
2010-03-15,22.38226318359375,30.3700008392334
2010-03-16,22.684417724609375,30.780000686645508
2010-03-17,22.721277236938477,30.829999923706055
2010-03-18,22.87604331970215,31.040000915527344
2010-03-19,22.78433609008789,30.809999465942383
2010-03-22,22.85089111328125,30.899999618530273
2010-03-23,23.109716415405273,31.25
2010-03-24,22.94703483581543,31.030000686645508
2010-03-25,22.932247161865234,31.010000228881836
2010-03-26,22.99140739440918,31.09000015258789
2010-03-29,23.19847297668457,31.3700008392334
2010-03-30,23.23543357849121,31.420000076293945
2010-03-31,23.102331161499023,31.239999771118164
2010-04-01,23.2502384185791,31.440000534057617
2010-04-05,23.420320510864258,31.670000076293945
2010-04-06,23.42772102355957,31.68000030517578
2010-04-07,23.294601440429688,31.5
2010-04-08,23.368549346923828,31.600000381469727
2010-04-09,23.501665115356445,31.780000686645508
2010-04-12,23.553434371948242,31.850000381469727
2010-04-13,23.590408325195312,31.899999618530273
2010-04-14,23.893600463867188,32.310001373291016
2010-04-15,24.12285614013672,32.619998931884766
2010-04-16,23.730913162231445,32.09000015258789
2010-04-19,23.68653678894043,32.029998779296875
2010-04-20,23.960166931152344,32.400001525878906
2010-04-21,24.12285614013672,32.619998931884766
2010-04-22,24.344709396362305,32.91999816894531
2010-04-23,24.492603302001953,33.119998931884766
2010-04-26,24.544376373291016,33.189998626708984
2010-04-27,23.95277214050293,32.38999938964844
2010-04-28,24.12285614013672,32.619998931884766
2010-04-29,24.670093536376953,33.36000061035156
2010-04-30,24.085880279541016,32.56999969482422
2010-05-03,24.56656265258789,33.220001220703125
2010-05-04,23.79007339477539,32.16999816894531
2010-05-05,23.48686981201172,31.760000228881836
2010-05-06,22.710390090942383,30.709999084472656
2010-05-07,22.207515716552734,30.030000686645508
2010-05-10,23.47947883605957,31.75
2010-05-11,23.412919998168945,31.65999984741211
2010-05-12,23.930585861206055,32.36000061035156
2010-05-13,23.560821533203125,31.860000610351562
2010-05-14,23.065357208251953,31.190000534057617
2010-05-17,23.006193161010742,31.110000610351562
2010-05-18,22.717788696289062,30.719999313354492
2010-05-19,22.429370880126953,30.329999923706055
2010-05-20,21.45322036743164,29.010000228881836
2010-05-21,21.756420135498047,29.420000076293945
2010-05-24,21.431028366088867,28.979999542236328
2010-05-25,21.416244506835938,28.959999084472656
2010-05-26,21.46061897277832,29.020000457763672
2010-05-27,22.185338973999023,30.0
2010-05-28,21.8895320892334,29.600000381469727
2010-06-01,21.401460647583008,28.940000534057617
2010-06-02,21.956092834472656,29.690000534057617
2010-06-03,22.05961799621582,29.829999923706055
2010-06-04,21.02429962158203,28.43000030517578
2010-06-07,20.48446273803711,27.700000762939453
2010-06-08,20.698923110961914,27.989999771118164
2010-06-09,20.698923110961914,27.989999771118164
2010-06-10,21.497591018676758,29.06999969482422
2010-06-11,21.571542739868164,29.170000076293945
2010-06-14,21.549354553222656,29.139999389648438
2010-06-15,22.200124740600586,30.020000457763672
2010-06-16,22.14096450805664,29.940000534057617
2010-06-17,22.207515716552734,30.030000686645508
2010-06-18,22.29447364807129,30.0
2010-06-21,22.331623077392578,30.049999237060547
2010-06-22,21.789121627807617,29.31999969482422
2010-06-23,21.707380294799805,29.209999084472656
2010-06-24,21.3283748626709,28.700000762939453
2010-06-25,21.491870880126953,28.920000076293945
2010-06-28,21.343238830566406,28.719999313354492
2010-06-29,20.518342971801758,27.610000610351562
2010-06-30,20.384578704833984,27.43000030517578
2010-07-01,20.325119018554688,27.350000381469727
2010-07-02,20.07245635986328,27.010000228881836
2010-07-06,20.109609603881836,27.059999465942383
2010-07-07,20.80817413330078,28.0
2010-07-08,21.075706481933594,28.360000610351562
2010-07-09,21.283788681030273,28.639999389648438
2010-07-12,21.17231559753418,28.489999771118164
2010-07-13,21.54388999938965,28.989999771118164
2010-07-14,21.588476181030273,29.049999237060547
2010-07-15,21.5810489654541,29.040000915527344
2010-07-16,20.860185623168945,28.06999969482422
2010-07-19,20.97909164428711,28.229999542236328
2010-07-20,21.306076049804688,28.670000076293945
2010-07-21,21.254058837890625,28.600000381469727
2010-07-22,21.908035278320312,29.479999542236328
2010-07-23,22.34648323059082,30.06999969482422
2010-07-26,22.71063232421875,30.559999465942383
2010-07-27,22.554567337036133,30.350000381469727
2010-07-28,22.4951229095459,30.270000457763672
2010-07-29,22.42080307006836,30.170000076293945
2010-07-30,22.509984970092773,30.290000915527344
2010-08-02,22.95587158203125,30.889999389648438
2010-08-03,22.836965560913086,30.729999542236328
2010-08-04,23.037612915039062,31.0
2010-08-05,23.05248260498047,31.020000457763672
2010-08-06,22.926145553588867,30.850000381469727
2010-08-09,23.045053482055664,31.010000228881836
2010-08-10,22.88898277282715,30.799999237060547
2010-08-11,22.034360885620117,29.649999618530273
2010-08-12,21.878307342529297,29.440000534057617
2010-08-13,21.848581314086914,29.399999618530273
2010-08-16,21.803991317749023,29.34000015258789
2010-08-17,22.183000564575195,29.850000381469727
2010-08-18,22.264745712280273,29.959999084472656
2010-08-19,21.789121627807617,29.31999969482422
2010-08-20,21.677656173706055,29.170000076293945
2010-08-23,21.439855575561523,28.850000381469727
2010-08-24,21.00138282775879,28.260000228881836
2010-08-25,20.964223861694336,28.209999084472656
2010-08-26,20.934507369995117,28.170000076293945
2010-08-27,21.35809898376465,28.739999771118164
2010-08-30,21.031112670898438,28.299999237060547
2010-08-31,20.949371337890625,28.190000534057617
2010-09-01,21.781696319580078,29.309999465942383
2010-09-02,22.05666160583496,29.68000030517578
2010-09-03,22.391075134277344,30.1299991607666
2010-09-07,22.183000564575195,29.850000381469727
2010-09-08,22.41337776184082,30.15999984741211
2010-09-09,22.391075134277344,30.1299991607666
2010-09-10,22.591724395751953,30.399999618530273
2010-09-13,22.814672470092773,30.700000762939453
2010-09-14,22.747791290283203,30.610000610351562
2010-09-15,22.747791290283203,30.610000610351562
2010-09-16,22.71807098388672,30.56999969482422
2010-09-17,22.93094253540039,30.700000762939453
2010-09-20,23.274538040161133,31.15999984741211
2010-09-21,23.319347381591797,31.219999313354492
2010-09-22,23.199840545654297,31.059999465942383
2010-09-23,22.856245040893555,30.600000381469727
2010-09-24,23.483680725097656,31.440000534057617
2010-09-27,23.33428955078125,31.239999771118164
2010-09-28,23.46126365661621,31.40999984741211
2010-09-29,23.45379066467285,31.399999618530273
2010-09-30,23.364171981811523,31.280000686645508
2010-10-01,23.386571884155273,31.309999465942383
2010-10-04,23.140087127685547,30.979999542236328
2010-10-05,23.760040283203125,31.809999465942383
2010-10-06,23.901958465576172,32.0
2010-10-07,23.849672317504883,31.93000030517578
2010-10-08,24.05133819580078,32.20000076293945
2010-10-11,23.984121322631836,32.11000061035156
2010-10-12,23.969186782836914,32.09000015258789
2010-10-13,24.36505699157715,32.619998931884766
2010-10-14,24.2231388092041,32.43000030517578
2010-10-15,24.07375717163086,32.22999954223633
2010-10-18,24.05881118774414,32.209999084472656
2010-10-19,23.73763084411621,31.780000686645508
2010-10-20,24.07375717163086,32.22999954223633
2010-10-21,24.267955780029297,32.4900016784668
2010-10-22,24.2604923248291,32.47999954223633
2010-10-25,24.342649459838867,32.59000015258789
2010-10-26,24.230613708496094,32.439998626708984
2010-10-27,24.05133819580078,32.20000076293945
2010-10-28,23.999061584472656,32.130001068115234
2010-10-29,24.03641128540039,32.18000030517578
2010-11-01,24.03641128540039,32.18000030517578
2010-11-02,24.267955780029297,32.4900016784668
2010-11-03,24.305301666259766,32.540000915527344
2010-11-04,24.820688247680664,33.22999954223633
2010-11-05,24.970077514648438,33.43000030517578
2010-11-08,24.86550521850586,33.290000915527344
2010-11-09,24.641420364379883,32.9900016784668
2010-11-10,24.633949279785156,32.97999954223633
2010-11-11,24.492040634155273,32.790000915527344
2010-11-12,24.208202362060547,32.40999984741211
2010-11-15,24.28289222717285,32.5099983215332
2010-11-16,23.894498825073242,31.989999771118164
2010-11-17,23.909433364868164,32.0099983215332
2010-11-18,24.394929885864258,32.65999984741211
2010-11-19,24.469635009765625,32.7599983215332
2010-11-22,24.417343139648438,32.689998626708984
2010-11-23,24.081228256225586,32.2400016784668
2010-11-24,24.626489639282227,32.970001220703125
2010-11-26,24.424814224243164,32.70000076293945
2010-11-29,24.417343139648438,32.689998626708984
2010-11-30,24.35759162902832,32.61000061035156
2010-12-01,24.985017776489258,33.45000076293945
2010-12-02,25.373424530029297,33.970001220703125
2010-12-03,25.42571258544922,34.040000915527344
2010-12-06,25.41077423095703,34.02000045776367
2010-12-07,25.477996826171875,34.11000061035156
2010-12-08,25.388351440429688,33.9900016784668
2010-12-09,25.463054656982422,34.09000015258789
2010-12-10,25.694604873657227,34.400001525878906
2010-12-13,25.709543228149414,34.41999816894531
2010-12-14,25.82905387878418,34.58000183105469
2010-12-15,25.7244873046875,34.439998626708984
2010-12-16,26.00831413269043,34.81999969482422
2010-12-17,25.930997848510742,34.540000915527344
2010-12-20,25.923486709594727,34.529998779296875
2010-12-21,26.133697509765625,34.810001373291016
2010-12-22,26.193756103515625,34.88999938964844
2010-12-23,26.141199111938477,34.81999969482422
2010-12-27,26.18624496459961,34.880001068115234
2010-12-28,26.17123031616211,34.86000061035156
2010-12-29,26.193756103515625,34.88999938964844
2010-12-30,26.148712158203125,34.83000183105469
2010-12-31,26.178735733032227,34.869998931884766
2011-01-03,26.366432189941406,35.119998931884766
2011-01-04,26.328887939453125,35.06999969482422
2011-01-05,26.464021682739258,35.25
2011-01-06,26.418991088867188,35.189998626708984
2011-01-07,26.471534729003906,35.2599983215332
2011-01-10,26.509075164794922,35.310001373291016
2011-01-11,26.606670379638672,35.439998626708984
2011-01-12,26.824382781982422,35.72999954223633
2011-01-13,26.854415893554688,35.77000045776367
2011-01-14,26.959516525268555,35.90999984741211
2011-01-18,27.154726028442383,36.16999816894531
2011-01-19,26.869428634643555,35.790000915527344
2011-01-20,26.734294891357422,35.61000061035156
2011-01-21,26.952014923095703,35.900001525878906
2011-01-24,27.20726776123047,36.2400016784668
2011-01-25,27.17723846435547,36.20000076293945
2011-01-26,27.33490753173828,36.40999984741211
2011-01-27,27.432493209838867,36.540000915527344
2011-01-28,26.89946746826172,35.83000183105469
2011-01-31,27.20726776123047,36.2400016784668
2011-02-01,27.590158462524414,36.75
2011-02-02,27.500070571899414,36.630001068115234
2011-02-03,27.515079498291016,36.650001525878906
2011-02-04,27.61267852783203,36.779998779296875
2011-02-07,27.875442504882812,37.130001068115234
2011-02-08,28.06313133239746,37.380001068115234
2011-02-09,28.055614471435547,37.369998931884766
2011-02-10,28.20577049255371,37.56999969482422
2011-02-11,28.41598129272461,37.849998474121094
2011-02-14,28.385961532592773,37.810001373291016
2011-02-15,28.28083610534668,37.66999816894531
2011-02-16,28.41598129272461,37.849998474121094
2011-02-17,28.483556747436523,37.939998626708984
2011-02-18,28.55862808227539,38.040000915527344
2011-02-22,27.732799530029297,36.939998626708984
2011-02-23,27.24480628967285,36.290000915527344
2011-02-24,27.402469635009766,36.5
2011-02-25,27.65021324157715,36.83000183105469
2011-02-28,27.785350799560547,37.0099983215332
2011-03-01,27.19224739074707,36.220001220703125
2011-03-02,27.3273983001709,36.400001525878906
2011-03-03,27.988052368164062,37.279998779296875
2011-03-04,27.657724380493164,36.84000015258789
2011-03-07,27.402469635009766,36.5
2011-03-08,27.83039665222168,37.06999969482422
2011-03-09,27.770343780517578,36.9900016784668
2011-03-10,27.20726776123047,36.2400016784668
2011-03-11,27.530078887939453,36.66999816894531
2011-03-14,27.297361373901367,36.36000061035156
2011-03-15,27.042095184326172,36.02000045776367
2011-03-16,26.53909683227539,35.349998474121094
2011-03-17,26.952014923095703,35.900001525878906
2011-03-18,27.123180389404297,35.970001220703125
2011-03-21,27.718883514404297,36.7599983215332
2011-03-22,27.500207901000977,36.470001220703125
2011-03-23,27.5906982421875,36.59000015258789
2011-03-24,27.877225875854492,36.970001220703125
2011-03-25,27.975250244140625,37.099998474121094
2011-03-28,27.952640533447266,37.06999969482422
2011-03-29,28.17884635925293,37.369998931884766
2011-03-30,28.291969299316406,37.52000045776367
2011-03-31,28.405061721801758,37.66999816894531
2011-04-01,28.63882064819336,37.97999954223633
2011-04-04,28.67653465270996,38.029998779296875
2011-04-05,28.57094955444336,37.88999938964844
2011-04-06,28.60112762451172,37.93000030517578
2011-04-07,28.46538543701172,37.75
2011-04-08,28.216554641723633,37.41999816894531
2011-04-11,28.193925857543945,37.38999938964844
2011-04-12,27.98279571533203,37.11000061035156
2011-04-13,27.89985466003418,37.0
2011-04-14,27.89985466003418,37.0
2011-04-15,27.99788475036621,37.130001068115234
2011-04-18,27.598228454589844,36.599998474121094
2011-04-19,27.83953285217285,36.91999816894531
2011-04-20,28.291969299316406,37.52000045776367
2011-04-21,28.374908447265625,37.630001068115234
2011-04-25,28.291969299316406,37.52000045776367
2011-04-26,28.83487892150879,38.2400016784668
2011-04-27,28.96306037902832,38.40999984741211
2011-04-28,29.061084747314453,38.540000915527344
2011-04-29,29.181739807128906,38.70000076293945
2011-05-02,29.13650131225586,38.63999938964844
2011-05-03,29.01585578918457,38.47999954223633
2011-05-04,28.59357452392578,37.91999816894531
2011-05-05,28.45785903930664,37.7400016784668
2011-05-06,28.70669174194336,38.06999969482422
2011-05-09,28.827348709106445,38.22999954223633
2011-05-10,29.091249465942383,38.58000183105469
2011-05-11,28.699142456054688,38.060001373291016
2011-05-12,28.759477615356445,38.13999938964844
2011-05-13,28.412612915039062,37.68000030517578
2011-05-16,28.307052612304688,37.540000915527344
2011-05-17,27.92247772216797,37.029998779296875
2011-05-18,28.299497604370117,37.529998779296875
2011-05-19,28.4804744720459,37.77000045776367
2011-05-20,28.17884635925293,37.369998931884766
2011-05-23,27.77920913696289,36.84000015258789
2011-05-24,27.635940551757812,36.650001525878906
2011-05-25,27.869686126708984,36.959999084472656
2011-05-26,27.98279571533203,37.11000061035156
2011-05-27,28.1185245513916,37.290000915527344
2011-05-31,28.374908447265625,37.630001068115234
2011-06-01,27.447433471679688,36.400001525878906
2011-06-02,27.5906982421875,36.59000015258789
2011-06-03,27.221214294433594,36.099998474121094
2011-06-06,27.02515411376953,35.84000015258789
2011-06-07,27.010080337524414,35.81999969482422
2011-06-08,26.776315689086914,35.5099983215332
2011-06-09,26.979917526245117,35.779998779296875
2011-06-10,26.550113677978516,35.209999084472656
2011-06-13,26.557647705078125,35.220001220703125
2011-06-14,27.06285858154297,35.88999938964844
2011-06-15,26.655670166015625,35.349998474121094
2011-06-16,26.746164321899414,35.470001220703125
2011-06-17,26.86360740661621,35.45000076293945
2011-06-20,27.09853172302246,35.7599983215332
2011-06-21,27.52289581298828,36.31999969482422
2011-06-22,27.371334075927734,36.119998931884766
2011-06-23,27.310714721679688,36.040000915527344
2011-06-24,27.000019073486328,35.630001068115234
2011-06-27,27.212202072143555,35.90999984741211
2011-06-28,27.63655662536621,36.470001220703125
2011-06-29,27.780536651611328,36.65999984741211
2011-06-30,28.220064163208008,37.2400016784668
2011-07-01,28.7277774810791,37.90999984741211
2011-07-05,28.568641662597656,37.70000076293945
2011-07-06,28.720190048217773,37.900001525878906
2011-07-07,29.023313522338867,38.29999923706055
2011-07-08,28.659570693969727,37.81999969482422
2011-07-11,28.129121780395508,37.119998931884766
2011-07-12,27.856327056884766,36.7599983215332
2011-07-13,27.969993591308594,36.90999984741211
2011-07-14,27.666872024536133,36.5099983215332
2011-07-15,27.689613342285156,36.540000915527344
2011-07-18,27.37891387939453,36.130001068115234
2011-07-19,27.735065460205078,36.599998474121094
2011-07-20,27.788114547729492,36.66999816894531
2011-07-21,28.204891204833984,37.220001220703125
2011-07-22,27.909358978271484,36.83000183105469
2011-07-25,27.894214630126953,36.810001373291016
2011-07-26,27.37891387939453,36.130001068115234
2011-07-27,26.636276245117188,35.150001525878906
2011-07-28,26.4089412689209,34.849998474121094
2011-07-29,26.280115127563477,34.68000030517578
2011-08-01,26.113405227661133,34.459999084472656
2011-08-02,25.20405387878418,33.2599983215332
2011-08-03,25.431392669677734,33.560001373291016
2011-08-04,24.06737518310547,31.760000228881836
2011-08-05,24.06737518310547,31.760000228881836
2011-08-08,22.36993408203125,29.520000457763672
2011-08-09,23.476293563842773,30.979999542236328
2011-08-10,22.278995513916016,29.399999618530273
2011-08-11,23.33989906311035,30.799999237060547
2011-08-12,23.794572830200195,31.399999618530273
2011-08-15,24.150726318359375,31.8700008392334
2011-08-16,23.809722900390625,31.420000076293945
2011-08-17,23.733943939208984,31.31999969482422
2011-08-18,22.422969818115234,29.59000015258789
2011-08-19,22.074390411376953,29.1299991607666
2011-08-22,22.157745361328125,29.239999771118164
2011-08-23,22.938270568847656,30.270000457763672
2011-08-24,23.40052032470703,30.8799991607666
2011-08-25,22.961000442504883,30.299999237060547
2011-08-26,23.438411712646484,30.93000030517578
2011-08-29,24.181047439575195,31.90999984741211
2011-08-30,24.385644912719727,32.18000030517578
2011-08-31,24.552352905273438,32.400001525878906
2011-09-01,24.150726318359375,31.8700008392334
2011-09-02,23.377784729003906,30.850000381469727
2011-09-06,23.135292053222656,30.530000686645508
2011-09-07,23.855195999145508,31.479999542236328
2011-09-08,23.499034881591797,31.010000228881836
2011-09-09,22.87006950378418,30.18000030517578
2011-09-12,22.915538787841797,30.239999771118164
2011-09-13,23.33989906311035,30.799999237060547
2011-09-14,23.749103546142578,31.34000015258789
2011-09-15,24.234085083007812,31.979999542236328
2011-09-16,24.362104415893555,31.969999313354492
2011-09-19,24.133499145507812,31.670000076293945
2011-09-20,23.958234786987305,31.440000534057617
2011-09-21,22.967588424682617,30.139999389648438
2011-09-22,22.10650062561035,29.010000228881836
2011-09-23,22.335111618041992,29.309999465942383
2011-09-26,22.899011611938477,30.049999237060547
2011-09-27,23.302886962890625,30.579999923706055
2011-09-28,22.708505630493164,29.799999237060547
2011-09-29,23.036178588867188,30.229999542236328
2011-09-30,22.266517639160156,29.219999313354492
2011-10-03,21.641660690307617,28.399999618530273
2011-10-04,22.243675231933594,29.190000534057617
2011-10-05,22.716127395629883,29.809999465942383
2011-10-06,23.173343658447266,30.40999984741211
2011-10-07,23.119993209838867,30.34000015258789
2011-10-10,23.92774772644043,31.399999618530273
2011-10-11,23.996334075927734,31.489999771118164
2011-10-12,24.301143646240234,31.889999389648438
2011-10-13,24.095399856567383,31.6200008392334
2011-10-14,24.529756546020508,32.189998626708984
2011-10-17,23.828689575195312,31.270000457763672
2011-10-18,24.514509201049805,32.16999816894531
2011-10-19,24.217329025268555,31.780000686645508
2011-10-20,24.423076629638672,32.04999923706055
2011-10-21,24.89552879333496,32.66999816894531
2011-10-24,25.360366821289062,33.279998779296875
2011-10-25,24.842187881469727,32.599998474121094
2011-10-26,25.01746368408203,32.83000183105469
2011-10-27,26.107160568237305,34.2599983215332
2011-10-28,26.107160568237305,34.2599983215332
2011-10-31,25.467050552368164,33.41999816894531
2011-11-01,24.697404861450195,32.40999984741211
2011-11-02,25.185100555419922,33.04999923706055
2011-11-03,25.80235481262207,33.86000061035156
2011-11-04,25.60420799255371,33.599998474121094
2011-11-07,25.665184020996094,33.68000030517578
2011-11-08,25.95475959777832,34.060001373291016
2011-11-09,24.948871612548828,32.7400016784668
2011-11-10,25.25368881225586,33.13999938964844
2011-11-11,25.855697631835938,33.93000030517578
2011-11-14,25.695667266845703,33.720001220703125
2011-11-15,25.84806251525879,33.91999816894531
2011-11-16,25.467050552368164,33.41999816894531
2011-11-17,25.025068283081055,32.84000015258789
2011-11-18,25.086040496826172,32.91999816894531
2011-11-21,24.506895065307617,32.15999984741211
2011-11-22,24.346874237060547,31.950000762939453
2011-11-23,23.782970428466797,31.209999084472656
2011-11-25,23.74486541748047,31.15999984741211
2011-11-28,24.544994354248047,32.209999084472656
2011-11-29,24.567859649658203,32.2400016784668
2011-11-30,25.825212478637695,33.88999938964844
2011-12-01,25.741378784179688,33.779998779296875
2011-12-02,25.688047409057617,33.709999084472656
2011-12-05,25.962373733520508,34.06999969482422
2011-12-06,25.95475959777832,34.060001373291016
2011-12-07,25.94713592529297,34.04999923706055
2011-12-08,25.307024002075195,33.209999084472656
2011-12-09,25.88617515563965,33.970001220703125
2011-12-12,25.413713455200195,33.349998474121094
2011-12-13,25.07842254638672,32.90999984741211
2011-12-14,24.78122901916504,32.52000045776367
2011-12-15,24.95649528503418,32.75
2011-12-16,25.062355041503906,32.66999816894531
2011-12-19,24.80152702331543,32.33000183105469
2011-12-20,25.65304946899414,33.439998626708984
2011-12-21,25.66072654724121,33.45000076293945
2011-12-22,25.906206130981445,33.77000045776367
2011-12-23,26.151691436767578,34.09000015258789
2011-12-27,26.14401626586914,34.08000183105469
2011-12-28,25.729764938354492,33.540000915527344
2011-12-29,26.051965713500977,33.959999084472656
2011-12-30,25.890869140625,33.75
2012-01-03,26.45854949951172,34.4900016784668
2012-01-04,26.581289291381836,34.650001525878906
2012-01-05,26.588958740234375,34.65999984741211
2012-01-06,26.535266876220703,34.59000015258789
2012-01-09,26.73470687866211,34.849998474121094
2012-01-10,27.118289947509766,35.349998474121094
2012-01-11,27.202665328979492,35.459999084472656
2012-01-12,27.44047737121582,35.77000045776367
2012-01-13,27.225679397583008,35.4900016784668
2012-01-17,27.363767623901367,35.66999816894531
2012-01-18,27.6092529296875,35.9900016784668
2012-01-19,27.900768280029297,36.369998931884766
2012-01-20,27.739662170410156,36.15999984741211
2012-01-23,27.708984375,36.119998931884766
2012-01-24,27.739662170410156,36.15999984741211
2012-01-25,28.046520233154297,36.560001373291016
2012-01-26,27.992816925048828,36.4900016784668
2012-01-27,27.969812393188477,36.459999084472656
2012-01-30,27.870080947875977,36.33000183105469
2012-01-31,27.785690307617188,36.220001220703125
2012-02-01,28.084871292114258,36.61000061035156
2012-02-02,28.1002197265625,36.630001068115234
2012-02-03,28.583515167236328,37.2599983215332
2012-02-06,28.51447868347168,37.16999816894531
2012-02-07,28.483781814575195,37.130001068115234
2012-02-08,28.545154571533203,37.209999084472656
2012-02-09,28.621875762939453,37.310001373291016
2012-02-10,28.361042022705078,36.970001220703125
2012-02-13,28.706254959106445,37.41999816894531
2012-02-14,28.606523513793945,37.290000915527344
2012-02-15,28.23062515258789,36.79999923706055
2012-02-16,28.4914493560791,37.13999938964844
2012-02-17,28.598859786987305,37.279998779296875
2012-02-21,28.698583602905273,37.40999984741211
2012-02-22,28.667903900146484,37.369998931884766
2012-02-23,28.75996208190918,37.4900016784668
2012-02-24,28.752281188964844,37.47999954223633
2012-02-27,28.775304794311523,37.5099983215332
2012-02-28,28.736949920654297,37.459999084472656
2012-02-29,28.56050682067871,37.22999954223633
2012-03-01,28.660228729248047,37.36000061035156
2012-03-02,28.4914493560791,37.13999938964844
2012-03-05,28.29200553894043,36.880001068115234
2012-03-06,27.655282974243164,36.04999923706055
2012-03-07,27.939115524291992,36.41999816894531
2012-03-08,28.33803939819336,36.939998626708984
2012-03-09,28.399404525756836,37.02000045776367
2012-03-12,28.391727447509766,37.0099983215332
2012-03-13,28.98244285583496,37.779998779296875
2012-03-14,28.91338539123535,37.689998626708984
2012-03-15,29.258602142333984,38.13999938964844
2012-03-16,29.271696090698242,37.97999954223633
2012-03-19,29.271696090698242,37.97999954223633
2012-03-20,28.932592391967773,37.540000915527344
2012-03-21,28.91716766357422,37.52000045776367
2012-03-22,28.59347915649414,37.099998474121094
2012-03-23,28.639711380004883,37.15999984741211
2012-03-26,29.063613891601562,37.709999084472656
2012-03-27,28.97111701965332,37.59000015258789
2012-03-28,28.69367790222168,37.22999954223633
2012-03-29,28.70908546447754,37.25
2012-03-30,28.840097427368164,37.41999816894531
2012-04-02,29.025070190429688,37.65999984741211
2012-04-03,28.816974639892578,37.38999938964844
2012-04-04,28.60888671875,37.119998931884766
2012-04-05,28.49327278137207,36.970001220703125
2012-04-09,28.030851364135742,36.369998931884766
2012-04-10,27.46051788330078,35.630001068115234
2012-04-11,27.768800735473633,36.029998779296875
2012-04-12,28.362247467041016,36.79999923706055
2012-04-13,28.000024795532227,36.33000183105469
2012-04-16,28.077091217041016,36.43000030517578
2012-04-17,28.539512634277344,37.029998779296875
2012-04-18,28.416202545166016,36.869998931884766
2012-04-19,28.1002197265625,36.459999084472656
2012-04-20,28.339139938354492,36.77000045776367
2012-04-23,28.02315902709961,36.36000061035156
2012-04-24,28.393083572387695,36.84000015258789
2012-04-25,28.447038650512695,36.90999984741211
2012-04-26,28.616586685180664,37.130001068115234
2012-04-27,28.79386329650879,37.36000061035156
2012-04-30,28.524099349975586,37.0099983215332
2012-05-01,28.60888671875,37.119998931884766
2012-05-02,28.616586685180664,37.130001068115234
2012-05-03,28.385374069213867,36.83000183105469
2012-05-04,27.97690200805664,36.29999923706055
2012-05-07,27.899824142456055,36.20000076293945
2012-05-08,27.83046531677246,36.11000061035156
2012-05-09,27.506755828857422,35.689998626708984
2012-05-10,27.545299530029297,35.7400016784668
2012-05-11,27.491348266601562,35.66999816894531
2012-05-14,27.175357818603516,35.2599983215332
2012-05-15,27.03663444519043,35.08000183105469
2012-05-16,27.00580406188965,35.040000915527344
2012-05-17,26.427772521972656,34.290000915527344
2012-05-18,26.296743392944336,34.119998931884766
2012-05-21,26.882490158081055,34.880001068115234
2012-05-22,26.98267936706543,35.0099983215332
2012-05-23,27.12912368774414,35.20000076293945
2012-05-24,27.09828758239746,35.15999984741211
2012-05-25,26.913314819335938,34.91999816894531
2012-05-29,27.27555274963379,35.38999938964844
2012-05-30,26.82082748413086,34.79999923706055
2012-05-31,26.720632553100586,34.66999816894531
2012-06-01,25.980756759643555,33.709999084472656
2012-06-04,25.710994720458984,33.36000061035156
2012-06-05,25.788063049316406,33.459999084472656
2012-06-06,26.4740047454834,34.349998474121094
2012-06-07,26.620447158813477,34.540000915527344
2012-06-08,26.82082748413086,34.79999923706055
2012-06-11,26.4740047454834,34.349998474121094
2012-06-12,26.897905349731445,34.900001525878906
2012-06-13,26.62815284729004,34.54999923706055
2012-06-14,26.836244583129883,34.81999969482422
2012-06-15,27.07164764404297,34.959999084472656
2012-06-18,27.13360595703125,35.040000915527344
2012-06-19,27.497539520263672,35.5099983215332
2012-06-20,27.35041618347168,35.31999969482422
2012-06-21,26.816116333007812,34.630001068115234
2012-06-22,26.90903663635254,34.75
2012-06-25,26.4134521484375,34.11000061035156
2012-06-26,26.45989990234375,34.16999816894531
2012-06-27,26.71544647216797,34.5
2012-06-28,26.69221305847168,34.470001220703125
2012-06-29,27.621440887451172,35.66999816894531
2012-07-02,27.38138771057129,35.36000061035156
2012-07-03,27.667903900146484,35.72999954223633
2012-07-05,27.636940002441406,35.689998626708984
2012-07-06,27.26524543762207,35.209999084472656
2012-07-09,27.249752044677734,35.189998626708984
2012-07-10,26.808366775512695,34.619998931884766
2012-07-11,26.591552734375,34.34000015258789
2012-07-12,26.490875244140625,34.209999084472656
2012-07-13,27.00196075439453,34.869998931884766
2012-07-16,26.816116333007812,34.630001068115234
2012-07-17,26.9322566986084,34.779998779296875
2012-07-18,27.43560218811035,35.43000030517578
2012-07-19,27.56723403930664,35.599998474121094
2012-07-20,27.226530075073242,35.15999984741211
2012-07-23,27.087127685546875,34.97999954223633
2012-07-24,26.78513526916504,34.59000015258789
2012-07-25,26.878063201904297,34.709999084472656
2012-07-26,27.28846549987793,35.2400016784668
2012-07-27,27.884727478027344,36.0099983215332
2012-07-30,27.80728530883789,35.90999984741211
2012-07-31,27.72985076904297,35.810001373291016
2012-08-01,27.544002532958984,35.56999969482422
2012-08-02,27.40462303161621,35.38999938964844
2012-08-03,28.00088882446289,36.15999984741211
2012-08-06,28.00088882446289,36.15999984741211
2012-08-07,28.287397384643555,36.529998779296875
2012-08-08,28.248674392700195,36.47999954223633
2012-08-09,28.27191925048828,36.5099983215332
2012-08-10,28.403545379638672,36.68000030517578
2012-08-13,28.341596603393555,36.599998474121094
2012-08-14,28.302881240844727,36.54999923706055
2012-08-15,28.36483383178711,36.630001068115234
2012-08-16,28.651355743408203,37.0
2012-08-17,28.790721893310547,37.18000030517578
2012-08-20,28.728769302368164,37.099998474121094
2012-08-21,28.666833877563477,37.02000045776367
2012-08-22,28.527446746826172,36.84000015258789
2012-08-23,28.29513931274414,36.540000915527344
2012-08-24,28.426776885986328,36.709999084472656
2012-08-27,28.341596603393555,36.599998474121094
2012-08-28,28.23318099975586,36.459999084472656
2012-08-29,28.225452423095703,36.45000076293945
2012-08-30,27.985397338867188,36.13999938964844
2012-08-31,28.155757904052734,36.36000061035156
2012-09-04,27.861494064331055,35.97999954223633
2012-09-05,27.784059524536133,35.880001068115234
2012-09-06,28.411296844482422,36.689998626708984
2012-09-07,28.651355743408203,37.0
2012-09-10,28.465505599975586,36.7599983215332
2012-09-11,28.62037467956543,36.959999084472656
2012-09-12,28.73652458190918,37.11000061035156
2012-09-13,29.061750411987305,37.529998779296875
2012-09-14,29.23986053466797,37.7599983215332
2012-09-17,29.100475311279297,37.58000183105469
2012-09-18,29.108205795288086,37.59000015258789
2012-09-19,29.177907943725586,37.68000030517578
2012-09-20,28.899141311645508,37.31999969482422
2012-09-21,28.81340980529785,36.970001220703125
2012-09-24,28.81340980529785,36.970001220703125
2012-09-25,28.43151092529297,36.47999954223633
2012-09-26,28.32240867614746,36.34000015258789
2012-09-27,28.587383270263672,36.68000030517578
2012-09-28,28.470487594604492,36.529998779296875
2012-10-01,28.602985382080078,36.70000076293945
2012-10-02,28.55622100830078,36.63999938964844
2012-10-03,28.704301834106445,36.83000183105469
2012-10-04,28.867961883544922,37.040000915527344
2012-10-05,28.96149253845215,37.15999984741211
2012-10-08,28.891342163085938,37.06999969482422
2012-10-09,28.55622100830078,36.63999938964844
2012-10-10,28.291227340698242,36.29999923706055
2012-10-11,28.376962661743164,36.40999984741211
2012-10-12,28.408140182495117,36.45000076293945
2012-10-15,28.602985382080078,36.70000076293945
2012-10-16,28.906932830810547,37.09000015258789
2012-10-17,29.078397750854492,37.310001373291016
2012-10-18,29.16412353515625,37.41999816894531
2012-10-19,28.673114776611328,36.790000915527344
2012-10-22,28.595186233520508,36.689998626708984
2012-10-23,28.306819915771484,36.31999969482422
2012-10-24,28.127565383911133,36.09000015258789
2012-10-25,28.283437728881836,36.290000915527344
2012-10-26,28.306819915771484,36.31999969482422
2012-10-31,28.43931770324707,36.4900016784668
2012-11-01,28.94589614868164,37.13999938964844
2012-11-02,28.704301834106445,36.83000183105469
2012-11-05,28.86016845703125,37.029998779296875
2012-11-06,29.171924591064453,37.43000030517578
2012-11-07,28.48607063293457,36.54999923706055
2012-11-08,28.18990135192871,36.16999816894531
2012-11-09,28.26784896850586,36.27000045776367
2012-11-12,28.345800399780273,36.369998931884766
2012-11-13,28.26784896850586,36.27000045776367
2012-11-14,27.60538673400879,35.41999816894531
2012-11-15,27.60538673400879,35.41999816894531
2012-11-16,27.683326721191406,35.52000045776367
2012-11-19,28.20549201965332,36.189998626708984
2012-11-20,28.228885650634766,36.220001220703125
2012-11-21,28.26784896850586,36.27000045776367
2012-11-23,28.6341609954834,36.7400016784668
2012-11-26,28.65753936767578,36.77000045776367
2012-11-27,28.595186233520508,36.689998626708984
2012-11-28,28.836801528930664,37.0
2012-11-29,29.000457763671875,37.209999084472656
2012-11-30,28.93811798095703,37.130001068115234
2012-12-03,28.626358032226562,36.72999954223633
2012-12-04,28.735471725463867,36.869998931884766
2012-12-05,29.039438247680664,37.2599983215332
2012-12-06,29.03163719177246,37.25
2012-12-07,29.21869468688965,37.4900016784668
2012-12-10,29.366764068603516,37.68000030517578
2012-12-11,29.429113388061523,37.7599983215332
2012-12-12,29.47588348388672,37.81999969482422
2012-12-13,29.382362365722656,37.70000076293945
2012-12-14,29.320009231567383,37.619998931884766
2012-12-17,29.592788696289062,37.970001220703125
2012-12-18,29.97467613220215,38.459999084472656
2012-12-19,29.810998916625977,38.25
2012-12-20,29.966880798339844,38.45000076293945
2012-12-21,29.77846336364746,37.93000030517578
2012-12-24,29.692100524902344,37.81999969482422
2012-12-26,29.59003448486328,37.689998626708984
2012-12-27,29.542930603027344,37.630001068115234
2012-12-28,29.221052169799805,37.220001220703125
2012-12-31,29.754915237426758,37.900001525878906
2013-01-02,30.46934700012207,38.810001373291016
2013-01-03,30.485042572021484,38.83000183105469
2013-01-04,30.712718963623047,39.119998931884766
2013-01-07,30.579252243041992,38.95000076293945
2013-01-08,30.343721389770508,38.650001525878906
2013-01-09,30.649913787841797,39.040000915527344
2013-01-10,30.799087524414062,39.22999954223633
2013-01-11,30.689159393310547,39.09000015258789
2013-01-14,30.80691909790039,39.2400016784668
2013-01-15,30.89328384399414,39.349998474121094
2013-01-16,30.76767921447754,39.189998626708984
2013-01-17,31.097423553466797,39.61000061035156
2013-01-18,31.348634719848633,39.93000030517578
2013-01-22,31.474262237548828,40.09000015258789
2013-01-23,31.482099533081055,40.099998474121094
2013-01-24,31.67054557800293,40.34000015258789
2013-01-25,31.77259635925293,40.470001220703125
2013-01-28,31.7961368560791,40.5
2013-01-29,31.86680030822754,40.59000015258789
2013-01-30,31.576316833496094,40.220001220703125
2013-01-31,31.466407775878906,40.08000183105469
2013-02-01,31.77259635925293,40.470001220703125
2013-02-04,31.49781608581543,40.119998931884766
2013-02-05,31.78830337524414,40.4900016784668
2013-02-06,31.7961368560791,40.5
2013-02-07,31.756887435913086,40.45000076293945
2013-02-08,31.882511138916016,40.61000061035156
2013-02-11,31.858945846557617,40.58000183105469
2013-02-12,32.00026321411133,40.7599983215332
2013-02-13,32.1729850769043,40.97999954223633
2013-02-14,32.220069885253906,41.040000915527344
2013-02-15,32.235801696777344,41.060001373291016
2013-02-19,32.471317291259766,41.36000061035156
2013-02-20,32.04736328125,40.81999969482422
2013-02-21,31.811843872070312,40.52000045776367
2013-02-22,32.063087463378906,40.84000015258789
2013-02-25,31.403600692749023,40.0
2013-02-26,31.592008590698242,40.2400016784668
2013-02-27,32.18868637084961,41.0
2013-02-28,32.165138244628906,40.970001220703125
2013-03-01,32.11017990112305,40.900001525878906
2013-03-04,32.04736328125,40.81999969482422
2013-03-05,32.50271987915039,41.400001525878906
2013-03-06,32.50271987915039,41.400001525878906
2013-03-07,32.526275634765625,41.43000030517578
2013-03-08,32.832462310791016,41.81999969482422
2013-03-11,32.9423713684082,41.959999084472656
2013-03-12,32.75395584106445,41.720001220703125
2013-03-13,32.910972595214844,41.91999816894531
2013-03-14,33.06798553466797,42.119998931884766
2013-03-15,33.09322738647461,41.970001220703125
2013-03-18,32.88821029663086,41.709999084472656
2013-03-19,32.85666275024414,41.66999816894531
2013-03-20,32.89609146118164,41.720001220703125
2013-03-21,32.56491470336914,41.29999923706055
2013-03-22,32.81724548339844,41.619998931884766
2013-03-25,32.525508880615234,41.25
2013-03-26,32.69108581542969,41.459999084472656
2013-03-27,32.69108581542969,41.459999084472656
2013-03-28,32.927635192871094,41.7599983215332
2013-04-01,32.525508880615234,41.25
2013-04-02,32.42299270629883,41.119998931884766
2013-04-03,32.22587585449219,40.869998931884766
2013-04-04,32.3677978515625,41.04999923706055
2013-04-05,32.30472183227539,40.970001220703125
2013-04-08,32.49396514892578,41.209999084472656
2013-04-09,32.596458435058594,41.34000015258789
2013-04-10,33.03013229370117,41.88999938964844
2013-04-11,33.11686706542969,42.0
2013-04-12,32.927635192871094,41.7599983215332
2013-04-15,31.926250457763672,40.4900016784668
2013-04-16,32.359901428222656,41.040000915527344
2013-04-17,31.823741912841797,40.36000061035156
2013-04-18,31.68181037902832,40.18000030517578
2013-04-19,31.839508056640625,40.380001068115234
2013-04-22,31.878938674926758,40.43000030517578
2013-04-23,32.10759353637695,40.720001220703125
2013-04-24,32.438785552978516,41.13999938964844
2013-04-25,32.60434341430664,41.349998474121094
2013-04-26,32.509727478027344,41.22999954223633
2013-04-29,32.67530822753906,41.439998626708984
2013-04-30,32.68320846557617,41.45000076293945
2013-05-01,32.25741958618164,40.90999984741211
2013-05-02,32.6595458984375,41.41999816894531
2013-05-03,33.219383239746094,42.130001068115234
2013-05-06,33.432273864746094,42.400001525878906
2013-05-07,33.739784240722656,42.790000915527344
2013-05-08,33.95267868041992,43.060001373291016
2013-05-09,33.95267868041992,43.060001373291016
2013-05-10,34.0551872253418,43.189998626708984
2013-05-13,33.921142578125,43.02000045776367
2013-05-14,34.33904266357422,43.54999923706055
2013-05-15,34.48099136352539,43.72999954223633
2013-05-16,34.3075065612793,43.5099983215332
2013-05-17,34.827911376953125,44.16999816894531
2013-05-20,34.93041229248047,44.29999923706055
2013-05-21,34.977745056152344,44.36000061035156
2013-05-22,34.67021560668945,43.970001220703125
2013-05-23,34.575584411621094,43.849998474121094
2013-05-24,34.465213775634766,43.709999084472656
2013-05-28,34.64655685424805,43.939998626708984
2013-05-29,34.449432373046875,43.689998626708984
2013-05-30,34.65443801879883,43.95000076293945
2013-05-31,34.323280334472656,43.529998779296875
2013-06-03,34.48886489868164,43.7400016784668
2013-06-04,34.299617767333984,43.5
2013-06-05,33.67670822143555,42.709999084472656
2013-06-06,33.88959884643555,42.97999954223633
2013-06-07,34.528289794921875,43.790000915527344
2013-06-10,34.42578125,43.65999984741211
2013-06-11,34.11037826538086,43.2599983215332
2013-06-12,33.873844146728516,42.959999084472656
2013-06-13,34.370582580566406,43.59000015258789
2013-06-14,34.14192581176758,43.29999923706055
2013-06-17,34.410011291503906,43.63999938964844
2013-06-18,34.81214141845703,44.150001525878906
2013-06-19,34.28384780883789,43.47999954223633
2013-06-20,33.50323486328125,42.4900016784668
2013-06-21,33.523841857910156,42.29999923706055
2013-06-24,32.96115493774414,41.59000015258789
2013-06-25,33.33362579345703,42.060001373291016
2013-06-26,33.6585693359375,42.470001220703125
2013-06-27,33.99142837524414,42.88999938964844
2013-06-28,33.79328918457031,42.63999938964844
2013-07-01,34.134090423583984,43.06999969482422
2013-07-02,33.7695426940918,42.61000061035156
2013-07-03,33.78538513183594,42.630001068115234
2013-07-05,34.31637954711914,43.29999923706055
2013-07-08,34.411468505859375,43.41999816894531
2013-07-09,34.8949089050293,44.029998779296875
2013-07-10,34.88698196411133,44.02000045776367
2013-07-11,35.4417610168457,44.720001220703125
2013-07-12,35.227783203125,44.45000076293945
2013-07-15,35.354583740234375,44.61000061035156
2013-07-16,35.16437911987305,44.369998931884766
2013-07-17,35.26740646362305,44.5
2013-07-18,35.62405776977539,44.95000076293945
2013-07-19,35.98859405517578,45.40999984741211
2013-07-22,36.01238250732422,45.439998626708984
2013-07-23,35.98859405517578,45.40999984741211
2013-07-24,35.71122741699219,45.060001373291016
2013-07-25,35.727073669433594,45.08000183105469
2013-07-26,35.608184814453125,44.93000030517578
2013-07-29,35.51308059692383,44.810001373291016
2013-07-30,35.66366195678711,45.0
2013-07-31,35.79046630859375,45.15999984741211
2013-08-01,36.40071105957031,45.93000030517578
2013-08-02,36.472042083740234,46.02000045776367
2013-08-05,36.32939147949219,45.84000015258789
2013-08-06,36.05992889404297,45.5
2013-08-07,36.004459381103516,45.43000030517578
2013-08-08,36.17087173461914,45.63999938964844
2013-08-09,36.052005767822266,45.4900016784668
2013-08-12,36.099544525146484,45.54999923706055
2013-08-13,36.258056640625,45.75
2013-08-14,36.004459381103516,45.43000030517578
2013-08-15,35.60026168823242,44.91999816894531
2013-08-16,35.647823333740234,44.97999954223633
2013-08-19,35.45761489868164,44.7400016784668
2013-08-20,35.521026611328125,44.81999969482422
2013-08-21,35.27531433105469,44.5099983215332
2013-08-22,35.75875473022461,45.119998931884766
2013-08-23,35.76668930053711,45.130001068115234
2013-08-26,35.68744659423828,45.029998779296875
2013-08-27,34.966243743896484,44.119998931884766
2013-08-28,34.9979362487793,44.15999984741211
2013-08-29,35.10097122192383,44.290000915527344
2013-08-30,34.90283966064453,44.040000915527344
2013-09-03,35.12473678588867,44.31999969482422
2013-09-04,35.481380462646484,44.77000045776367
2013-09-05,35.56855773925781,44.880001068115234
2013-09-06,35.55272674560547,44.86000061035156
2013-09-09,35.99652862548828,45.41999816894531
2013-09-10,36.51959228515625,46.08000183105469
2013-09-11,36.670162200927734,46.27000045776367
2013-09-12,36.51959228515625,46.08000183105469
2013-09-13,36.62261962890625,46.209999084472656
2013-09-16,37.09813690185547,46.810001373291016
2013-09-17,37.25664138793945,47.0099983215332
2013-09-18,37.72423553466797,47.599998474121094
2013-09-19,37.851036071777344,47.7599983215332
2013-09-20,37.38844680786133,46.959999084472656
2013-09-23,37.269039154052734,46.810001373291016
2013-09-24,37.40437698364258,46.97999954223633
2013-09-25,37.23717498779297,46.77000045776367
2013-09-26,37.40437698364258,46.97999954223633
2013-09-27,37.165523529052734,46.68000030517578
2013-09-30,36.9505500793457,46.40999984741211
2013-10-01,37.181461334228516,46.70000076293945
2013-10-02,37.006282806396484,46.47999954223633
2013-10-03,36.600242614746094,45.970001220703125
2013-10-04,36.83909606933594,46.27000045776367
2013-10-07,36.58432388305664,45.95000076293945
2013-10-08,36.17030334472656,45.43000030517578
2013-10-09,36.15436935424805,45.40999984741211
2013-10-10,37.085906982421875,46.58000183105469
2013-10-11,37.26107406616211,46.79999923706055
2013-10-14,37.40437698364258,46.97999954223633
2013-10-15,37.03017044067383,46.5099983215332
2013-10-16,37.2769775390625,46.81999969482422
2013-10-17,37.56361770629883,47.18000030517578
2013-10-18,37.96966552734375,47.689998626708984
2013-10-21,38.06523132324219,47.810001373291016
2013-10-22,38.31999206542969,48.130001068115234
2013-10-23,38.33591079711914,48.150001525878906
2013-10-24,38.62253189086914,48.5099983215332
2013-10-25,38.82157897949219,48.7599983215332
2013-10-28,38.765838623046875,48.689998626708984
2013-10-29,38.8773078918457,48.83000183105469
2013-10-30,38.70214080810547,48.61000061035156
2013-10-31,38.710105895996094,48.619998931884766
2013-11-01,38.988765716552734,48.970001220703125
2013-11-04,39.132083892822266,49.150001525878906
2013-11-05,39.09226989746094,49.099998474121094
2013-11-06,39.203739166259766,49.2400016784668
2013-11-07,38.789730072021484,48.720001220703125
2013-11-08,39.31520462036133,49.380001068115234
2013-11-11,39.28335952758789,49.34000015258789
2013-11-12,39.29928207397461,49.36000061035156
2013-11-13,39.530181884765625,49.650001525878906
2013-11-14,39.68144989013672,49.84000015258789
2013-11-15,39.816795349121094,50.0099983215332
2013-11-18,39.8804931640625,50.09000015258789
2013-11-19,39.59385681152344,49.72999954223633
2013-11-20,39.418701171875,49.5099983215332
2013-11-21,39.73717498779297,49.90999984741211
2013-11-22,40.087493896484375,50.349998474121094
2013-11-25,39.99992370605469,50.2400016784668
2013-11-26,40.07952880859375,50.34000015258789
2013-11-27,40.23877716064453,50.540000915527344
2013-11-29,40.12730026245117,50.400001525878906
2013-12-02,39.96010971069336,50.189998626708984
2013-12-03,39.617759704589844,49.7599983215332
2013-12-04,39.4585075378418,49.560001373291016
2013-12-05,39.47444534301758,49.58000183105469
2013-12-06,40.07952880859375,50.34000015258789
2013-12-09,40.183040618896484,50.470001220703125
2013-12-10,40.0954475402832,50.36000061035156
2013-12-11,39.46647644042969,49.56999969482422
2013-12-12,39.50629806518555,49.619998931884766
2013-12-13,39.6257209777832,49.77000045776367
2013-12-16,39.99992370605469,50.2400016784668
2013-12-17,39.98398971557617,50.220001220703125
2013-12-18,40.652793884277344,51.060001373291016
2013-12-19,40.692588806152344,51.11000061035156
2013-12-20,41.0198860168457,51.2599983215332
2013-12-23,41.179931640625,51.459999084472656
2013-12-24,41.37198257446289,51.70000076293945
2013-12-26,41.660072326660156,52.060001373291016
2013-12-27,41.612056732177734,52.0
2013-12-30,41.572052001953125,51.95000076293945
2013-12-31,41.82011032104492,52.2599983215332
2014-01-02,41.23594284057617,51.529998779296875
2014-01-03,41.34798812866211,51.66999816894531
2014-01-06,41.10791015625,51.369998931884766
2014-01-07,41.36399459838867,51.689998626708984
2014-01-08,41.291954040527344,51.599998474121094
2014-01-09,41.49201583862305,51.849998474121094
2014-01-10,41.55603790283203,51.93000030517578
2014-01-13,41.05188751220703,51.29999923706055
2014-01-14,41.48401641845703,51.84000015258789
2014-01-15,41.780113220214844,52.209999084472656
2014-01-16,41.67607879638672,52.08000183105469
2014-01-17,41.468013763427734,51.81999969482422
2014-01-21,41.50803756713867,51.869998931884766
2014-01-22,41.636077880859375,52.029998779296875
2014-01-23,41.139930725097656,51.40999984741211
2014-01-24,39.85953903198242,49.810001373291016
2014-01-27,39.899566650390625,49.86000061035156
2014-01-28,40.275665283203125,50.33000183105469
2014-01-29,39.843563079833984,49.790000915527344
2014-01-30,40.23564910888672,50.279998779296875
2014-01-31,40.03560256958008,50.029998779296875
2014-02-03,38.923282623291016,48.63999938964844
2014-02-04,39.17134475708008,48.95000076293945
2014-02-05,39.15534591674805,48.93000030517578
2014-02-06,39.69950866699219,49.61000061035156
2014-02-07,40.3877067565918,50.470001220703125
2014-02-10,40.131629943847656,50.150001525878906
2014-02-11,40.57975769042969,50.709999084472656
2014-02-12,40.811824798583984,51.0
2014-02-13,40.84385299682617,51.040000915527344
2014-02-14,41.10791015625,51.369998931884766
2014-02-18,41.0759162902832,51.33000183105469
2014-02-19,40.69178771972656,50.849998474121094
2014-02-20,41.0759162902832,51.33000183105469
2014-02-21,41.1239128112793,51.38999938964844
2014-02-24,41.43600082397461,51.779998779296875
2014-02-25,41.299964904785156,51.61000061035156
2014-02-26,41.339988708496094,51.65999984741211
2014-02-27,41.580047607421875,51.959999084472656
2014-02-28,41.660072326660156,52.060001373291016
2014-03-03,41.379981994628906,51.709999084472656
2014-03-04,41.98017120361328,52.459999084472656
2014-03-05,42.03618621826172,52.529998779296875
2014-03-06,42.27626419067383,52.83000183105469
2014-03-07,42.41228485107422,53.0
2014-03-10,42.22825241088867,52.77000045776367
2014-03-11,41.92413330078125,52.38999938964844
2014-03-12,41.84412384033203,52.290000915527344
2014-03-13,41.251953125,51.54999923706055
2014-03-14,41.091896057128906,51.349998474121094
2014-03-17,41.59605026245117,51.97999954223633
2014-03-18,41.82011032104492,52.2599983215332
2014-03-19,41.38798904418945,51.720001220703125
2014-03-20,41.50803756713867,51.869998931884766
2014-03-21,41.51205825805664,51.650001525878906
2014-03-24,41.37541198730469,51.47999954223633
2014-03-25,41.75315856933594,51.95000076293945
2014-03-26,41.327205657958984,51.41999816894531
2014-03-27,41.270931243896484,51.349998474121094
2014-03-28,41.57635498046875,51.72999954223633
2014-03-31,42.058563232421875,52.33000183105469
2014-04-01,42.35595703125,52.70000076293945
2014-04-02,42.6533317565918,53.06999969482422
2014-04-03,42.71762466430664,53.150001525878906
2014-04-04,42.22736358642578,52.540000915527344
2014-04-07,41.624568939208984,51.790000915527344
2014-04-08,41.624568939208984,51.790000915527344
2014-04-09,42.155029296875,52.45000076293945
2014-04-10,41.319156646728516,51.40999984741211
2014-04-11,40.90926742553711,50.900001525878906
2014-04-14,41.14232635498047,51.189998626708984
2014-04-15,41.43167495727539,51.54999923706055
2014-04-16,42.066612243652344,52.34000015258789
2014-04-17,42.396141052246094,52.75
2014-04-21,42.51670837402344,52.900001525878906
2014-04-22,42.54080581665039,52.93000030517578
2014-04-23,42.70154571533203,53.130001068115234
2014-04-24,42.62118148803711,53.029998779296875
2014-04-25,42.203250885009766,52.5099983215332
2014-04-28,42.22736358642578,52.540000915527344
2014-04-29,42.33987808227539,52.68000030517578
2014-04-30,42.62118148803711,53.029998779296875
2014-05-01,42.51670837402344,52.900001525878906
2014-05-02,42.452396392822266,52.81999969482422
2014-05-05,42.54080581665039,52.93000030517578
2014-05-06,42.21932601928711,52.529998779296875
2014-05-07,42.58098220825195,52.97999954223633
2014-05-08,42.57295227050781,52.970001220703125
2014-05-09,42.60509490966797,53.0099983215332
2014-05-12,43.24003982543945,53.79999923706055
2014-05-13,43.31237030029297,53.88999938964844
2014-05-14,42.99089813232422,53.4900016784668
2014-05-15,42.6131477355957,53.02000045776367
2014-05-16,42.66938781738281,53.09000015258789
2014-05-19,42.83817672729492,53.29999923706055
2014-05-20,42.267547607421875,52.59000015258789
2014-05-21,42.68547439575195,53.11000061035156
2014-05-22,42.76585388183594,53.209999084472656
2014-05-23,43.03911209106445,53.54999923706055
2014-05-27,43.26415252685547,53.83000183105469
2014-05-28,43.29629898071289,53.869998931884766
2014-05-29,43.47312545776367,54.09000015258789
2014-05-30,43.44096374511719,54.04999923706055
2014-06-02,43.62583923339844,54.279998779296875
2014-06-03,43.57761001586914,54.220001220703125
2014-06-04,43.56955337524414,54.209999084472656
2014-06-05,44.01161193847656,54.7599983215332
2014-06-06,44.453651428222656,55.310001373291016
2014-06-09,44.678688049316406,55.59000015258789
2014-06-10,44.574214935302734,55.459999084472656
2014-06-11,44.244686126708984,55.04999923706055
2014-06-12,43.64994430541992,54.310001373291016
2014-06-13,43.80263900756836,54.5
2014-06-16,43.75442886352539,54.439998626708984
2014-06-17,43.87498474121094,54.59000015258789
2014-06-18,44.12413024902344,54.900001525878906
2014-06-19,44.23664093017578,55.040000915527344
2014-06-20,44.422359466552734,55.02000045776367
2014-06-23,44.16399383544922,54.70000076293945
2014-06-24,43.719932556152344,54.150001525878906
2014-06-25,43.760292053222656,54.20000076293945
2014-06-26,43.728004455566406,54.15999984741211
2014-06-27,43.832969665527344,54.290000915527344
2014-06-30,43.64726257324219,54.060001373291016
2014-07-01,43.913700103759766,54.38999938964844
2014-07-02,43.84103012084961,54.29999923706055
2014-07-03,44.20436477661133,54.75
2014-07-07,43.88948440551758,54.36000061035156
2014-07-08,43.59074401855469,53.9900016784668
2014-07-09,43.66341018676758,54.08000183105469
2014-07-10,43.405052185058594,53.7599983215332
2014-07-11,43.655338287353516,54.06999969482422
2014-07-14,43.905616760253906,54.380001068115234
2014-07-15,43.929840087890625,54.40999984741211
2014-07-16,44.11555099487305,54.63999938964844
2014-07-17,43.429264068603516,53.790000915527344
2014-07-18,43.7925910949707,54.2400016784668
2014-07-21,43.76835632324219,54.209999084472656
2014-07-22,43.929840087890625,54.40999984741211
2014-07-23,43.75221252441406,54.189998626708984
2014-07-24,43.542301177978516,53.93000030517578
2014-07-25,43.429264068603516,53.790000915527344
2014-07-28,43.211273193359375,53.52000045776367
2014-07-29,42.67030715942383,52.849998474121094
2014-07-30,42.71070861816406,52.900001525878906
2014-07-31,41.84679412841797,51.83000183105469
2014-08-01,41.806419372558594,51.779998779296875
2014-08-04,41.95174026489258,51.959999084472656
2014-08-05,41.70146942138672,51.650001525878906
2014-08-06,41.49155044555664,51.38999938964844
2014-08-07,41.53190994262695,51.439998626708984
2014-08-08,42.121299743652344,52.16999816894531
2014-08-11,42.29084777832031,52.380001068115234
2014-08-12,42.193965911865234,52.2599983215332
2014-08-13,42.60574722290039,52.77000045776367
2014-08-14,42.79142761230469,53.0
2014-08-15,42.7026252746582,52.88999938964844
2014-08-18,43.348541259765625,53.689998626708984
2014-08-19,43.45348358154297,53.81999969482422
2014-08-20,43.913700103759766,54.38999938964844
2014-08-21,43.873321533203125,54.34000015258789
2014-08-22,43.719932556152344,54.150001525878906
2014-08-25,43.88948440551758,54.36000061035156
2014-08-26,43.74414825439453,54.18000030517578
2014-08-27,43.719932556152344,54.150001525878906
2014-08-28,43.655338287353516,54.06999969482422
2014-08-29,43.614967346191406,54.02000045776367
2014-09-02,43.760292053222656,54.20000076293945
2014-09-03,43.70376968383789,54.130001068115234
2014-09-04,43.719932556152344,54.150001525878906
2014-09-05,43.86526107788086,54.33000183105469
2014-09-08,43.824893951416016,54.279998779296875
2014-09-09,43.68762969970703,54.11000061035156
2014-09-10,43.719932556152344,54.150001525878906
2014-09-11,43.736087799072266,54.16999816894531
2014-09-12,43.59074401855469,53.9900016784668
2014-09-15,43.5745849609375,53.970001220703125
2014-09-16,43.81681823730469,54.27000045776367
2014-09-17,43.98636245727539,54.47999954223633
2014-09-18,44.19627380371094,54.7400016784668
2014-09-19,44.15329360961914,54.43000030517578
2014-09-22,43.6584587097168,53.81999969482422
2014-09-23,43.30154800415039,53.380001068115234
2014-09-24,43.52866744995117,53.65999984741211
2014-09-25,42.84727478027344,52.81999969482422
2014-09-26,43.244747161865234,53.310001373291016
2014-09-29,43.17984390258789,53.22999954223633
2014-09-30,43.114967346191406,53.150001525878906
2014-10-01,42.303768157958984,52.150001525878906
2014-10-02,42.25510025024414,52.09000015258789
2014-10-03,42.831050872802734,52.79999923706055
2014-10-06,42.701255798339844,52.63999938964844
2014-10-07,41.66292953491211,51.36000061035156
2014-10-08,42.40922927856445,52.279998779296875
2014-10-09,41.42768859863281,51.06999969482422
2014-10-10,40.819278717041016,50.31999969482422
2014-10-13,40.186561584472656,49.540000915527344
2014-10-14,40.74628448486328,50.22999954223633
2014-10-15,40.648921966552734,50.11000061035156
2014-10-16,40.94906997680664,50.47999954223633
2014-10-17,41.760257720947266,51.47999954223633
2014-10-20,41.8819580078125,51.630001068115234
2014-10-21,42.8148307800293,52.779998779296875
2014-10-22,42.25510025024414,52.09000015258789
2014-10-23,43.18797302246094,53.2400016784668
2014-10-24,43.56922912597656,53.709999084472656
2014-10-27,43.55302047729492,53.689998626708984
2014-10-28,44.323646545410156,54.63999938964844
2014-10-29,44.16950607299805,54.45000076293945
2014-10-30,44.34797286987305,54.66999816894531
2014-10-31,44.786014556884766,55.209999084472656
2014-11-03,44.72924041748047,55.13999938964844
2014-11-04,44.70491027832031,55.11000061035156
2014-11-05,44.980709075927734,55.45000076293945
2014-11-06,45.45119857788086,56.029998779296875
2014-11-07,45.51610565185547,56.11000061035156
2014-11-10,45.743228912353516,56.38999938964844
2014-11-11,45.68644332885742,56.31999969482422
2014-11-12,45.751346588134766,56.400001525878906
2014-11-13,45.621551513671875,56.2400016784668
2014-11-14,45.678348541259766,56.310001373291016
2014-11-17,45.613441467285156,56.22999954223633
2014-11-18,45.95414352416992,56.650001525878906
2014-11-19,45.816246032714844,56.47999954223633
2014-11-20,45.93791961669922,56.630001068115234
2014-11-21,46.384063720703125,57.18000030517578
2014-11-24,46.50575256347656,57.33000183105469
2014-11-25,46.64365005493164,57.5
2014-11-26,46.55442428588867,57.38999938964844
2014-11-28,46.16505813598633,56.90999984741211
2014-12-01,45.572879791259766,56.18000030517578
2014-12-02,45.962257385253906,56.65999984741211
2014-12-03,46.578758239746094,57.41999816894531
2014-12-04,46.34352493286133,57.130001068115234
2014-12-05,46.44895935058594,57.2599983215332
2014-12-08,45.93791961669922,56.630001068115234
2014-12-09,45.94603729248047,56.63999938964844
2014-12-10,45.069942474365234,55.560001373291016
2014-12-11,45.28895950317383,55.83000183105469
2014-12-12,44.469669342041016,54.81999969482422
2014-12-15,44.323646545410156,54.63999938964844
2014-12-16,44.364200592041016,54.689998626708984
2014-12-17,44.77791976928711,55.20000076293945
2014-12-18,45.90547180175781,56.59000015258789
2014-12-19,46.163246154785156,56.59000015258789
2014-12-22,46.60375213623047,57.130001068115234
2014-12-23,46.775062561035156,57.34000015258789
2014-12-24,46.824005126953125,57.400001525878906
2014-12-26,46.824005126953125,57.400001525878906
2014-12-29,46.897422790527344,57.4900016784668
2014-12-30,46.620059967041016,57.150001525878906
2014-12-31,46.155086517333984,56.58000183105469
2015-01-02,46.097991943359375,56.5099983215332
2015-01-05,45.02118682861328,55.189998626708984
2015-01-06,44.46648025512695,54.5099983215332
2015-01-07,44.80094528198242,54.91999816894531
2015-01-08,45.69827651977539,56.02000045776367
2015-01-09,45.20882797241211,55.41999816894531
2015-01-12,44.898834228515625,55.040000915527344
2015-01-13,44.8090934753418,54.93000030517578
2015-01-14,44.56438064575195,54.630001068115234
2015-01-15,44.35227966308594,54.369998931884766
2015-01-16,44.64595031738281,54.72999954223633
2015-01-20,44.96409225463867,55.119998931884766
2015-01-21,45.33118438720703,55.56999969482422
2015-01-22,46.05718231201172,56.459999084472656
2015-01-23,45.673805236816406,55.9900016784668
2015-01-26,45.73090362548828,56.060001373291016
2015-01-27,45.127235412597656,55.31999969482422
2015-01-28,44.735687255859375,54.84000015258789
2015-01-29,45.249595642089844,55.470001220703125
2015-01-30,44.51543045043945,54.56999969482422
2015-02-02,45.176185607910156,55.380001068115234
2015-02-03,45.91037368774414,56.279998779296875
2015-02-04,45.55957794189453,55.849998474121094
2015-02-05,45.9511604309082,56.33000183105469
2015-02-06,45.84511184692383,56.20000076293945
2015-02-09,45.72273254394531,56.04999923706055
2015-02-10,45.97562789916992,56.36000061035156
2015-02-11,45.99193572998047,56.380001068115234
2015-02-12,46.42428970336914,56.90999984741211
2015-02-13,46.63638687133789,57.16999816894531
2015-02-17,46.701637268066406,57.25
2015-02-18,46.962684631347656,57.56999969482422
2015-02-19,47.044246673583984,57.66999816894531
2015-02-20,47.44398880004883,58.15999984741211
2015-02-23,47.24003982543945,57.90999984741211
2015-02-24,47.42765808105469,58.13999938964844
2015-02-25,47.32976531982422,58.02000045776367
2015-02-26,47.11767578125,57.7599983215332
2015-02-27,46.897422790527344,57.4900016784668
2015-03-02,47.32976531982422,58.02000045776367
2015-03-03,47.0279426574707,57.650001525878906
2015-03-04,46.66085433959961,57.20000076293945
2015-03-05,46.6934814453125,57.2400016784668
2015-03-06,46.05718231201172,56.459999084472656
2015-03-09,46.489540100097656,56.9900016784668
2015-03-10,45.63300704956055,55.939998626708984
2015-03-11,45.584068298339844,55.880001068115234
2015-03-12,46.17140579223633,56.599998474121094
2015-03-13,45.7472038269043,56.08000183105469
2015-03-16,46.5058479309082,57.0099983215332
2015-03-17,46.31821823120117,56.779998779296875
2015-03-18,46.86479949951172,57.45000076293945
2015-03-19,46.54665756225586,57.060001373291016
2015-03-20,46.80970001220703,57.119998931884766
2015-03-23,46.416343688964844,56.63999938964844
2015-03-24,46.2606315612793,56.45000076293945
2015-03-25,45.47392654418945,55.4900016784668
2015-03-26,45.35100173950195,55.34000015258789
2015-03-27,45.52309036254883,55.54999923706055
2015-03-30,46.16231155395508,56.33000183105469
2015-03-31,45.70339584350586,55.77000045776367
2015-04-01,45.400177001953125,55.400001525878906
2015-04-02,45.42475509643555,55.43000030517578
2015-04-06,45.76893997192383,55.849998474121094
2015-04-07,45.662410736083984,55.720001220703125
2015-04-08,45.818111419677734,55.90999984741211
2015-04-09,46.03937530517578,56.18000030517578
2015-04-10,46.6867790222168,56.970001220703125
2015-04-13,46.24424743652344,56.43000030517578
2015-04-14,46.3016242980957,56.5
2015-04-15,46.383567810058594,56.599998474121094
2015-04-16,46.285221099853516,56.47999954223633
2015-04-17,45.727970123291016,55.79999923706055
2015-04-20,46.2606315612793,56.45000076293945
2015-04-21,46.203269958496094,56.380001068115234
2015-04-22,46.39997100830078,56.619998931884766
2015-04-23,46.35078430175781,56.560001373291016
2015-04-24,46.15410614013672,56.31999969482422
2015-04-27,46.13772201538086,56.29999923706055
2015-04-28,46.21966552734375,56.400001525878906
2015-04-29,45.99020767211914,56.119998931884766
2015-04-30,45.588653564453125,55.630001068115234
2015-05-01,46.16231155395508,56.33000183105469
2015-05-04,46.236061096191406,56.41999816894531
2015-05-05,45.61323928833008,55.65999984741211
2015-05-06,45.588653564453125,55.630001068115234
2015-05-07,45.826316833496094,55.91999816894531
2015-05-08,46.36717224121094,56.58000183105469
2015-05-11,46.326210021972656,56.529998779296875
2015-05-12,46.27703094482422,56.470001220703125
2015-05-13,46.375370025634766,56.59000015258789
2015-05-14,46.84249496459961,57.15999984741211
2015-05-15,46.80149459838867,57.11000061035156
2015-05-18,46.89166259765625,57.220001220703125
2015-05-19,46.76054382324219,57.060001373291016
2015-05-20,46.58843231201172,56.849998474121094
2015-05-21,46.84249496459961,57.15999984741211
2015-05-22,46.629425048828125,56.900001525878906
2015-05-26,46.121341705322266,56.279998779296875
2015-05-27,46.416343688964844,56.63999938964844
2015-05-28,46.195091247558594,56.369998931884766
2015-05-29,45.73615646362305,55.810001373291016
2015-06-01,45.941043853759766,56.060001373291016
2015-06-02,46.03117752075195,56.16999816894531
2015-06-03,46.2606315612793,56.45000076293945
2015-06-04,45.74435806274414,55.81999969482422
2015-06-05,45.77714157104492,55.86000061035156
2015-06-08,45.44114303588867,55.45000076293945
2015-06-09,45.432952880859375,55.439998626708984
2015-06-10,45.88368606567383,55.9900016784668
2015-06-11,46.14591598510742,56.310001373291016
2015-06-12,45.87547302246094,55.97999954223633
2015-06-15,45.490318298339844,55.5099983215332
2015-06-16,45.53128433227539,55.560001373291016
2015-06-17,45.65420150756836,55.709999084472656
2015-06-18,46.113128662109375,56.27000045776367
2015-06-19,45.889122009277344,55.720001220703125
2015-06-22,46.16912841796875,56.060001373291016
2015-06-23,46.05382537841797,55.91999816894531
2015-06-24,45.625587463378906,55.400001525878906
2015-06-25,45.271446228027344,54.970001220703125
2015-06-26,45.35380172729492,55.06999969482422
2015-06-29,44.49730682373047,54.029998779296875
2015-06-30,44.52199935913086,54.060001373291016
2015-07-01,44.744361877441406,54.33000183105469
2015-07-02,44.66200637817383,54.22999954223633
2015-07-06,44.48905563354492,54.02000045776367
2015-07-07,44.851444244384766,54.459999084472656
2015-07-08,44.04433059692383,53.47999954223633
2015-07-09,44.15139389038086,53.61000061035156
2015-07-10,44.61259078979492,54.16999816894531
2015-07-13,45.10673141479492,54.77000045776367
2015-07-14,45.230262756347656,54.91999816894531
2015-07-15,45.04086685180664,54.689998626708984
2015-07-16,45.246742248535156,54.939998626708984
2015-07-17,45.230262756347656,54.91999816894531
2015-07-20,45.238502502441406,54.93000030517578
2015-07-21,44.75260543823242,54.34000015258789
2015-07-22,44.55494689941406,54.099998474121094
2015-07-23,44.143165588378906,53.599998474121094
2015-07-24,43.56666946411133,52.900001525878906
2015-07-27,43.352542877197266,52.63999938964844
2015-07-28,44.19257354736328,53.65999984741211
2015-07-29,44.736122131347656,54.31999969482422
2015-07-30,44.69493103027344,54.27000045776367
2015-07-31,44.653778076171875,54.220001220703125
2015-08-03,44.43965148925781,53.959999084472656
2015-08-04,44.41493225097656,53.93000030517578
2015-08-05,44.66200637817383,54.22999954223633
2015-08-06,44.43140411376953,53.95000076293945
2015-08-07,44.2172737121582,53.689998626708984
2015-08-10,45.08203125,54.7400016784668
2015-08-11,44.53023910522461,54.06999969482422
2015-08-12,44.53847122192383,54.08000183105469
2015-08-13,44.50553512573242,54.040000915527344
2015-08-14,44.78554916381836,54.380001068115234
2015-08-17,45.00791549682617,54.650001525878906
2015-08-18,44.9255485534668,54.54999923706055
2015-08-19,44.50553512573242,54.040000915527344
2015-08-20,43.583126068115234,52.91999816894531
2015-08-21,42.38071823120117,51.459999084472656
2015-08-24,40.87360763549805,49.630001068115234
2015-08-25,40.33829116821289,48.97999954223633
2015-08-26,41.59834671020508,50.5099983215332
2015-08-27,42.603092193603516,51.72999954223633
2015-08-28,42.619564056396484,51.75
2015-08-31,42.24071502685547,51.290000915527344
2015-09-01,41.12067413330078,49.93000030517578
2015-09-02,42.03483963012695,51.040000915527344
2015-09-03,42.059539794921875,51.06999969482422
2015-09-04,41.47480773925781,50.36000061035156
2015-09-08,42.619564056396484,51.75
2015-09-09,42.16660690307617,51.20000076293945
2015-09-10,42.191307067871094,51.22999954223633
2015-09-11,42.421913146972656,51.5099983215332
2015-09-14,42.207786560058594,51.25
2015-09-15,42.94076156616211,52.13999938964844
2015-09-16,43.25372314453125,52.52000045776367
2015-09-17,43.06428146362305,52.290000915527344
2015-09-18,42.1129035949707,50.86000061035156
2015-09-21,42.319915771484375,51.11000061035156
2015-09-22,41.70716094970703,50.369998931884766
2015-09-23,41.4173698425293,50.02000045776367
2015-09-24,41.16067886352539,49.709999084472656
2015-09-25,41.24348831176758,49.810001373291016
2015-09-28,40.432029724121094,48.83000183105469
2015-09-29,40.696983337402344,49.150001525878906
2015-09-30,41.309715270996094,49.88999938964844
2015-10-01,41.21864318847656,49.779998779296875
2015-10-02,41.740299224853516,50.40999984741211
2015-10-05,42.92435836791992,51.84000015258789
2015-10-06,42.88294982910156,51.790000915527344
2015-10-07,43.44601058959961,52.470001220703125
2015-10-08,44.05046844482422,53.20000076293945
2015-10-09,44.19950866699219,53.380001068115234
2015-10-12,44.20778274536133,53.38999938964844
2015-10-13,43.73580551147461,52.81999969482422
2015-10-14,43.26383972167969,52.25
2015-10-15,43.73580551147461,52.81999969482422
2015-10-16,43.51224899291992,52.54999923706055
2015-10-19,43.57020950317383,52.619998931884766
2015-10-20,43.860015869140625,52.970001220703125
2015-10-21,43.8682975769043,52.97999954223633
2015-10-22,45.0937614440918,54.459999084472656
2015-10-23,45.259368896484375,54.65999984741211
2015-10-26,45.160003662109375,54.540000915527344
2015-10-27,44.663185119628906,53.939998626708984
2015-10-28,45.019222259521484,54.369998931884766
2015-10-29,44.994384765625,54.34000015258789
2015-10-30,44.93643569946289,54.27000045776367
2015-11-02,45.45808410644531,54.900001525878906
2015-11-03,45.49120330810547,54.939998626708984
2015-11-04,45.367008209228516,54.790000915527344
2015-11-05,45.42496871948242,54.86000061035156
2015-11-06,45.42496871948242,54.86000061035156
2015-11-09,45.07718276977539,54.439998626708984
2015-11-10,45.068912506103516,54.43000030517578
2015-11-11,45.12688064575195,54.5
2015-11-12,44.51414489746094,53.7599983215332
2015-11-13,44.315425872802734,53.52000045776367
2015-11-16,44.88674545288086,54.209999084472656
2015-11-17,44.795677185058594,54.099998474121094
2015-11-18,45.41668701171875,54.849998474121094
2015-11-19,45.61540985107422,55.09000015258789
2015-11-20,45.84726333618164,55.369998931884766
2015-11-23,45.61540985107422,55.09000015258789
2015-11-24,45.5408821105957,55.0
2015-11-25,45.5408821105957,55.0
2015-11-27,45.623695373535156,55.099998474121094
2015-11-30,45.32560348510742,54.7400016784668
2015-12-01,45.5408821105957,55.0
2015-12-02,45.07718276977539,54.439998626708984
2015-12-03,44.51414489746094,53.7599983215332
2015-12-04,45.17656326293945,54.560001373291016
2015-12-07,44.9529914855957,54.290000915527344
2015-12-08,44.23263168334961,53.41999816894531
2015-12-09,44.100135803222656,53.2599983215332
2015-12-10,44.3071403503418,53.5099983215332
2015-12-11,43.56192398071289,52.61000061035156
2015-12-14,43.7192497253418,52.79999923706055
2015-12-15,43.727535247802734,52.810001373291016
2015-12-16,44.50586700439453,53.75
2015-12-17,43.76892852783203,52.86000061035156
2015-12-18,43.10165786743164,51.7400016784668
2015-12-21,43.43488693237305,52.13999938964844
2015-12-22,44.03466796875,52.86000061035156
2015-12-23,44.55116653442383,53.47999954223633
2015-12-24,44.53450393676758,53.459999084472656
2015-12-28,44.434532165527344,53.34000015258789
2015-12-29,44.85938262939453,53.849998474121094
2015-12-30,44.484519958496094,53.400001525878906
2015-12-31,44.15961456298828,53.0099983215332
2016-01-04,43.56816101074219,52.29999923706055
2016-01-05,43.68479537963867,52.439998626708984
2016-01-06,43.01002502441406,51.630001068115234
2016-01-07,41.84376525878906,50.22999954223633
2016-01-08,41.418914794921875,49.720001220703125
2016-01-11,41.44391632080078,49.75
2016-01-12,41.77712631225586,50.150001525878906
2016-01-13,40.769142150878906,48.939998626708984
2016-01-14,41.25231170654297,49.52000045776367
2016-01-15,40.527557373046875,48.650001525878906
2016-01-19,40.519222259521484,48.63999938964844
2016-01-20,39.994407653808594,48.0099983215332
2016-01-21,40.16935729980469,48.220001220703125
2016-01-22,40.519222259521484,48.63999938964844
2016-01-25,40.019412994384766,48.040000915527344
2016-01-26,40.7774658203125,48.95000076293945
2016-01-27,40.31929397583008,48.400001525878906
2016-01-28,40.55255126953125,48.68000030517578
2016-01-29,41.64384460449219,49.9900016784668
2016-02-01,41.543880462646484,49.869998931884766
2016-02-02,40.71083068847656,48.869998931884766
2016-02-03,41.36893844604492,49.65999984741211
2016-02-04,42.08535385131836,50.52000045776367
2016-02-05,41.68549346923828,50.040000915527344
2016-02-08,41.33560562133789,49.619998931884766
2016-02-09,41.58551788330078,49.91999816894531
2016-02-10,41.36893844604492,49.65999984741211
2016-02-11,40.56088638305664,48.689998626708984
2016-02-12,41.377262115478516,49.66999816894531
2016-02-16,42.21031188964844,50.66999816894531
2016-02-17,42.86008834838867,51.45000076293945
2016-02-18,42.835079193115234,51.41999816894531
2016-02-19,42.75178527832031,51.31999969482422
2016-02-22,43.47653579711914,52.189998626708984
2016-02-23,43.043357849121094,51.66999816894531
2016-02-24,43.0683479309082,51.70000076293945
2016-02-25,43.63481140136719,52.380001068115234
2016-02-26,43.693119049072266,52.45000076293945
2016-02-29,43.41822052001953,52.119998931884766
2016-03-01,44.26792526245117,53.13999938964844
2016-03-02,44.30123519897461,53.18000030517578
2016-03-03,44.61781692504883,53.560001373291016
2016-03-04,44.801063537597656,53.779998779296875
2016-03-07,44.93437194824219,53.939998626708984
2016-03-08,44.30123519897461,53.18000030517578
2016-03-09,44.4428596496582,53.349998474121094
2016-03-10,44.376220703125,53.27000045776367
2016-03-11,45.017662048339844,54.040000915527344
2016-03-14,45.05930709838867,54.09000015258789
2016-03-15,45.034324645996094,54.060001373291016
2016-03-16,45.19260025024414,54.25
2016-03-17,46.18392562866211,55.439998626708984
2016-03-18,46.57997512817383,55.630001068115234
2016-03-21,46.856285095214844,55.959999084472656
2016-03-22,46.588340759277344,55.63999938964844
2016-03-23,46.28690719604492,55.279998779296875
2016-03-24,46.152923583984375,55.119998931884766
2016-03-28,46.169677734375,55.13999938964844
2016-03-29,46.47111892700195,55.5
2016-03-30,46.55485534667969,55.599998474121094
2016-03-31,46.44599914550781,55.470001220703125
2016-04-01,46.66371536254883,55.72999954223633
2016-04-04,46.136199951171875,55.099998474121094
2016-04-05,45.85150909423828,54.7599983215332
2016-04-06,46.07758331298828,55.029998779296875
2016-04-07,45.63380813598633,54.5
2016-04-08,45.80963897705078,54.709999084472656
2016-04-11,45.826393127441406,54.72999954223633
2016-04-12,46.094329833984375,55.04999923706055
2016-04-13,46.78091812133789,55.869998931884766
2016-04-14,46.86465835571289,55.970001220703125
2016-04-15,46.93164825439453,56.04999923706055
2016-04-18,46.973506927490234,56.099998474121094
2016-04-19,47.30843734741211,56.5
2016-04-20,47.23308181762695,56.40999984741211
2016-04-21,47.1158561706543,56.27000045776367
2016-04-22,47.23308181762695,56.40999984741211
2016-04-25,47.007015228271484,56.13999938964844
2016-04-26,47.42566680908203,56.63999938964844
2016-04-27,47.76060104370117,57.040000915527344
2016-04-28,47.300079345703125,56.4900016784668
2016-04-29,47.02375793457031,56.15999984741211
2016-05-02,47.266578674316406,56.45000076293945
2016-05-03,46.88140869140625,55.9900016784668
2016-05-04,46.303653717041016,55.29999923706055
2016-05-05,46.27853775024414,55.27000045776367
2016-05-06,46.588340759277344,55.63999938964844
2016-05-09,46.37903594970703,55.38999938964844
2016-05-10,47.17446517944336,56.34000015258789
2016-05-11,46.78091812133789,55.869998931884766
2016-05-12,46.680458068847656,55.75
2016-05-13,46.094329833984375,55.04999923706055
2016-05-16,46.66371536254883,55.72999954223633
2016-05-17,46.437625885009766,55.459999084472656
2016-05-18,46.27853775024414,55.27000045776367
2016-05-19,45.843135833740234,54.75
2016-05-20,46.07758331298828,55.029998779296875
2016-05-23,45.99385070800781,54.93000030517578
2016-05-24,46.47111892700195,55.5
2016-05-25,46.7892951965332,55.880001068115234
2016-05-26,46.65533447265625,55.720001220703125
2016-05-27,46.831172943115234,55.93000030517578
2016-05-31,46.82279586791992,55.91999816894531
2016-06-01,46.86465835571289,55.970001220703125
2016-06-02,46.923274993896484,56.040000915527344
2016-06-03,46.88140869140625,55.9900016784668
2016-06-06,47.32518768310547,56.52000045776367
2016-06-07,47.55125427246094,56.790000915527344
2016-06-08,47.852684020996094,57.150001525878906
2016-06-09,47.844329833984375,57.13999938964844
2016-06-10,47.2833137512207,56.470001220703125
2016-06-13,46.7725715637207,55.86000061035156
2016-06-14,46.78091812133789,55.869998931884766
2016-06-15,46.79768371582031,55.88999938964844
2016-06-16,46.88140869140625,55.9900016784668
2016-06-17,46.92097091674805,55.72999954223633
2016-06-20,47.35036087036133,56.2400016784668
2016-06-21,47.31668472290039,56.20000076293945
2016-06-22,47.18198013305664,56.040000915527344
2016-06-23,47.72924041748047,56.689998626708984
2016-06-24,45.78437042236328,54.380001068115234
2016-06-27,44.70668411254883,53.099998474121094
2016-06-28,45.46443557739258,54.0
2016-06-29,46.27268981933594,54.959999084472656
2016-06-30,47.15672302246094,56.0099983215332
2016-07-01,47.308265686035156,56.189998626708984
2016-07-05,46.878883361816406,55.68000030517578
2016-07-06,47.11463165283203,55.959999084472656
2016-07-07,47.24092483520508,56.11000061035156
2016-07-08,48.18388366699219,57.22999954223633
2016-07-11,48.486976623535156,57.59000015258789
2016-07-12,48.933204650878906,58.119998931884766
2016-07-13,49.05107498168945,58.2599983215332
2016-07-14,49.42152786254883,58.70000076293945
2016-07-15,49.41310119628906,58.689998626708984
2016-07-18,49.371009826660156,58.63999938964844
2016-07-19,49.39625930786133,58.66999816894531
2016-07-20,49.4888801574707,58.779998779296875
2016-07-21,48.98371887207031,58.18000030517578
2016-07-22,49.076324462890625,58.290000915527344
2016-07-25,48.81532287597656,57.97999954223633
2016-07-26,49.219451904296875,58.459999084472656
2016-07-27,49.025814056396484,58.22999954223633
2016-07-28,49.008975982666016,58.209999084472656
2016-07-29,48.86583709716797,58.040000915527344
2016-08-01,48.80691146850586,57.970001220703125
2016-08-02,48.352272033691406,57.43000030517578
2016-08-03,48.58800506591797,57.709999084472656
2016-08-04,48.604862213134766,57.72999954223633
2016-08-05,49.09316635131836,58.310001373291016
2016-08-08,49.16053009033203,58.38999938964844
2016-08-09,49.1436882019043,58.369998931884766
2016-08-10,49.1184196472168,58.34000015258789
2016-08-11,49.438358306884766,58.720001220703125
2016-08-12,49.30364990234375,58.560001373291016
2016-08-15,49.63199996948242,58.95000076293945
2016-08-16,49.41310119628906,58.689998626708984
2016-08-17,49.55623245239258,58.86000061035156
2016-08-18,49.70778274536133,59.040000915527344
2016-08-19,49.690948486328125,59.02000045776367
2016-08-22,49.64885330200195,58.970001220703125
2016-08-23,49.690948486328125,59.02000045776367
2016-08-24,49.539398193359375,58.84000015258789
2016-08-25,49.530975341796875,58.83000183105469
2016-08-26,49.387840270996094,58.65999984741211
2016-08-29,49.74146270751953,59.08000183105469
2016-08-30,49.60673904418945,58.91999816894531
2016-08-31,49.32889938354492,58.59000015258789
2016-09-01,49.371009826660156,58.63999938964844
2016-09-02,49.61516189575195,58.93000030517578
2016-09-06,49.47203826904297,58.7599983215332
2016-09-07,49.530975341796875,58.83000183105469
2016-09-08,49.4888801574707,58.779998779296875
2016-09-09,48.09125900268555,57.119998931884766
2016-09-12,48.70588684082031,57.849998474121094
2016-09-13,47.99024200439453,57.0
2016-09-14,47.94813537597656,56.95000076293945
2016-09-15,48.32701110839844,57.400001525878906
2016-09-16,47.922359466552734,56.61000061035156
2016-09-19,48.13399124145508,56.86000061035156
2016-09-20,48.176326751708984,56.90999984741211
2016-09-21,48.802772521972656,57.650001525878906
2016-09-22,49.14984130859375,58.060001373291016
2016-09-23,48.86202621459961,57.720001220703125
2016-09-26,48.65038299560547,57.470001220703125
2016-09-27,48.9890022277832,57.869998931884766
2016-09-28,49.369937896728516,58.31999969482422
2016-09-29,48.98053741455078,57.86000061035156
2016-09-30,49.42073440551758,58.380001068115234
2016-10-03,49.46305847167969,58.43000030517578
2016-10-04,49.04825210571289,57.939998626708984
2016-10-05,49.361480712890625,58.310001373291016
2016-10-06,49.361480712890625,58.310001373291016
2016-10-07,48.72657775878906,57.560001373291016
2016-10-10,48.777366638183594,57.619998931884766
2016-10-11,48.26945114135742,57.02000045776367
2016-10-12,48.362571716308594,57.130001068115234
2016-10-13,48.34563064575195,57.11000061035156
2016-10-14,48.44721603393555,57.22999954223633
2016-10-17,48.32024002075195,57.08000183105469
2016-10-18,48.42182540893555,57.20000076293945
2016-10-19,48.57419967651367,57.380001068115234
2016-10-20,48.311771392822266,57.06999969482422
2016-10-21,48.244049072265625,56.9900016784668
2016-10-24,48.33717346191406,57.099998474121094
2016-10-25,48.21018981933594,56.95000076293945
2016-10-26,48.37949752807617,57.150001525878906
2016-10-27,48.04935073852539,56.7599983215332
2016-10-28,48.33717346191406,57.099998474121094
2016-10-31,48.430274963378906,57.209999084472656
2016-11-01,48.0154914855957,56.720001220703125
2016-11-02,47.83771514892578,56.5099983215332
2016-11-03,47.76152038574219,56.41999816894531
2016-11-04,47.803836822509766,56.470001220703125
2016-11-07,48.98053741455078,57.86000061035156
2016-11-08,49.27682113647461,58.209999084472656
2016-11-09,50.51277542114258,59.66999816894531
2016-11-10,51.58785629272461,60.939998626708984
2016-11-11,51.68097686767578,61.04999923706055
2016-11-14,51.90107727050781,61.310001373291016
2016-11-15,52.095787048339844,61.540000915527344
2016-11-16,51.79948806762695,61.189998626708984
2016-11-17,51.909549713134766,61.31999969482422
2016-11-18,51.892616271972656,61.29999923706055
2016-11-21,52.17198181152344,61.630001068115234
2016-11-22,52.40900421142578,61.90999984741211
2016-11-23,52.79841232299805,62.369998931884766
2016-11-25,53.086246490478516,62.709999084472656
2016-11-28,52.72222137451172,62.279998779296875
2016-11-29,52.764556884765625,62.33000183105469
2016-11-30,52.8322639465332,62.40999984741211
2016-12-01,53.179359436035156,62.81999969482422
2016-12-02,53.17088317871094,62.810001373291016
2016-12-05,53.12855911254883,62.7599983215332
2016-12-06,53.23014450073242,62.880001068115234
2016-12-07,54.220584869384766,64.05000305175781
2016-12-08,53.91583251953125,63.689998626708984
2016-12-09,54.16132354736328,63.97999954223633
2016-12-12,53.96663284301758,63.75
2016-12-13,53.890438079833984,63.65999984741211
2016-12-14,53.348655700683594,63.02000045776367
2016-12-15,53.407920837402344,63.09000015258789
2016-12-16,53.300594329833984,62.58000183105469
2016-12-19,53.59870147705078,62.93000030517578
2016-12-20,53.90531921386719,63.290000915527344
2016-12-21,53.700897216796875,63.04999923706055
2016-12-22,53.59870147705078,62.93000030517578
2016-12-23,53.649803161621094,62.9900016784668
2016-12-27,53.76052474975586,63.119998931884766
2016-12-28,53.198387145996094,62.459999084472656
2016-12-29,53.18134689331055,62.439998626708984
2016-12-30,52.993988037109375,62.220001220703125
2017-01-03,53.309112548828125,62.59000015258789
2017-01-04,53.624244689941406,62.959999084472656
2017-01-05,53.470951080322266,62.779998779296875
2017-01-06,53.777557373046875,63.13999938964844
2017-01-09,53.36022186279297,62.650001525878906
2017-01-10,53.581661224365234,62.90999984741211
2017-01-11,53.86273956298828,63.2400016784668
2017-01-12,53.641292572021484,62.97999954223633
2017-01-13,53.84569549560547,63.220001220703125
2017-01-17,53.4283561706543,62.72999954223633
2017-01-18,53.632774353027344,62.970001220703125
2017-01-19,54.024566650390625,63.43000030517578
2017-01-20,54.0330924987793,63.439998626708984
2017-01-23,53.73497009277344,63.09000015258789
2017-01-24,54.27156066894531,63.720001220703125
2017-01-25,54.84220504760742,64.38999938964844
2017-01-26,54.9699592590332,64.54000091552734
2017-01-27,54.92738723754883,64.48999786376953
2017-01-30,54.45894241333008,63.939998626708984
2017-01-31,53.98197937011719,63.380001068115234
2017-02-01,53.888282775878906,63.27000045776367
2017-02-02,53.78609085083008,63.150001525878906
2017-02-03,54.1863899230957,63.619998931884766
2017-02-06,54.26304626464844,63.709999084472656
2017-02-07,54.35673904418945,63.81999969482422
2017-02-08,54.28007507324219,63.72999954223633
2017-02-09,54.697425842285156,64.22000122070312
2017-02-10,55.13179397583008,64.7300033569336
2017-02-13,55.68540954589844,65.37999725341797
2017-02-14,55.71097183227539,65.41000366210938
2017-02-15,56.009063720703125,65.76000213623047
2017-02-16,56.02609634399414,65.77999877929688
2017-02-17,56.11979293823242,65.88999938964844
2017-02-21,56.400856018066406,66.22000122070312
2017-02-22,56.24753952026367,66.04000091552734
2017-02-23,55.88130569458008,65.61000061035156
2017-02-24,56.11979293823242,65.88999938964844
2017-02-27,56.32419967651367,66.12999725341797
2017-02-28,56.09423828125,65.86000061035156
2017-03-01,57.039642333984375,66.97000122070312
2017-03-02,56.426395416259766,66.25
2017-03-03,56.486026763916016,66.31999969482422
2017-03-06,56.349761962890625,66.16000366210938
2017-03-07,56.18791961669922,65.97000122070312
2017-03-08,55.99203109741211,65.73999786376953
2017-03-09,55.73651885986328,65.44000244140625
2017-03-10,56.07719802856445,65.83999633789062
2017-03-13,56.04313659667969,65.80000305175781
2017-03-14,55.51506042480469,65.18000030517578
2017-03-15,56.145328521728516,65.91999816894531
2017-03-16,55.88983154296875,65.62000274658203
2017-03-17,56.19527053833008,65.68000030517578
2017-03-20,56.09260559082031,65.55999755859375
2017-03-21,55.23700714111328,64.55999755859375
2017-03-22,55.43379592895508,64.79000091552734
2017-03-23,55.35679626464844,64.69999694824219
2017-03-24,55.21133041381836,64.52999877929688
2017-03-27,55.014549255371094,64.30000305175781
2017-03-28,55.59636306762695,64.9800033569336
2017-03-29,55.58780288696289,64.97000122070312
2017-03-30,55.89581298828125,65.33000183105469
2017-03-31,55.664817810058594,65.05999755859375
2017-04-03,55.54501724243164,64.91999816894531
2017-04-04,55.690467834472656,65.08999633789062
2017-04-05,55.51080322265625,64.87999725341797
2017-04-06,55.664817810058594,65.05999755859375
2017-04-07,55.72470474243164,65.12999725341797
2017-04-10,55.8615837097168,65.29000091552734
2017-04-11,55.9385871887207,65.37999725341797
2017-04-12,55.1685676574707,64.4800033569336
2017-04-13,54.774986267089844,64.0199966430664
2017-04-17,55.3739013671875,64.72000122070312
2017-04-18,55.19422912597656,64.51000213623047
2017-04-19,55.24555969238281,64.56999969482422
2017-04-20,55.91291427612305,65.3499984741211
2017-04-21,55.964263916015625,65.41000366210938
2017-04-24,56.75996398925781,66.33999633789062
2017-04-25,57.033756256103516,66.66000366210938
2017-04-26,57.04229736328125,66.66999816894531
2017-04-27,57.02519226074219,66.6500015258789
2017-04-28,56.75996398925781,66.33999633789062
2017-05-01,56.58885192871094,66.13999938964844
2017-05-02,56.86263656616211,66.45999908447266
2017-05-03,56.90542221069336,66.51000213623047
2017-05-04,56.965309143066406,66.58000183105469
2017-05-05,57.25620651245117,66.91999816894531
2017-05-08,57.10220718383789,66.73999786376953
2017-05-09,57.1792106628418,66.83000183105469
2017-05-10,57.059410095214844,66.69000244140625
2017-05-11,57.04229736328125,66.66999816894531
2017-05-12,56.72574996948242,66.30000305175781
2017-05-15,56.990962982177734,66.61000061035156
2017-05-16,56.931087493896484,66.54000091552734
2017-05-17,55.79314422607422,65.20999908447266
2017-05-18,55.87015914916992,65.30000305175781
2017-05-19,56.605960845947266,66.16000366210938
2017-05-22,57.04229736328125,66.66999816894531
2017-05-23,57.162078857421875,66.80999755859375
2017-05-24,57.23051834106445,66.88999938964844
2017-05-25,57.606990814208984,67.33000183105469
2017-05-26,57.675453186035156,67.41000366210938
2017-05-30,57.6583366394043,67.38999938964844
2017-05-31,57.76954650878906,67.5199966430664
2017-06-01,58.128910064697266,67.94000244140625
2017-06-02,58.359928131103516,68.20999908447266
2017-06-05,58.154579162597656,67.97000122070312
2017-06-06,57.76100540161133,67.51000213623047
2017-06-07,57.69255065917969,67.43000030517578
2017-06-08,57.880794525146484,67.6500015258789
2017-06-09,58.103248596191406,67.91000366210938
2017-06-12,58.317142486572266,68.16000366210938
2017-06-13,58.55671310424805,68.44000244140625
2017-06-14,58.496803283691406,68.37000274658203
2017-06-15,58.84759521484375,68.77999877929688
2017-06-16,59.04015350341797,68.68000030517578
2017-06-19,59.40121078491211,69.0999984741211
2017-06-20,58.76506805419922,68.36000061035156
2017-06-21,58.369651794433594,67.9000015258789
2017-06-22,58.24930191040039,67.76000213623047
2017-06-23,58.464210510253906,68.01000213623047
2017-06-26,58.48139572143555,68.02999877929688
2017-06-27,58.04296875,67.5199966430664
2017-06-28,58.5673713684082,68.12999725341797
2017-06-29,58.06879425048828,67.55000305175781
2017-06-30,58.5501708984375,68.11000061035156
2017-07-03,58.911216735839844,68.52999877929688
2017-07-05,59.08314895629883,68.7300033569336
2017-07-06,58.5673713684082,68.12999725341797
2017-07-07,59.022972106933594,68.66000366210938
2017-07-10,59.194908142089844,68.86000061035156
2017-07-11,59.1433219909668,68.80000305175781
2017-07-12,59.47000503540039,69.18000030517578
2017-07-13,59.426998138427734,69.12999725341797
2017-07-14,59.68490219116211,69.43000030517578
2017-07-17,59.650508880615234,69.38999938964844
2017-07-18,59.51296615600586,69.2300033569336
2017-07-19,59.57313537597656,69.30000305175781
2017-07-20,59.237876892089844,68.91000366210938
2017-07-21,59.12612533569336,68.77999877929688
2017-07-24,58.99717712402344,68.62999725341797
2017-07-25,58.9198112487793,68.54000091552734
2017-07-26,58.99717712402344,68.62999725341797
2017-07-27,58.66193389892578,68.23999786376953
2017-07-28,58.799476623535156,68.4000015258789
2017-07-31,58.72209167480469,68.30999755859375
2017-08-01,58.5501708984375,68.11000061035156
2017-08-02,58.808067321777344,68.41000366210938
2017-08-03,59.100341796875,68.75
2017-08-04,59.212093353271484,68.87999725341797
2017-08-07,59.212093353271484,68.87999725341797
2017-08-08,59.031551361083984,68.66999816894531
2017-08-09,59.048763275146484,68.69000244140625
2017-08-10,58.30088424682617,67.81999969482422
2017-08-11,58.33525848388672,67.86000061035156
2017-08-14,58.94561004638672,68.56999969482422
2017-08-15,58.816673278808594,68.41999816894531
2017-08-16,58.97999572753906,68.61000061035156
2017-08-17,57.9570198059082,67.41999816894531
2017-08-18,57.72492980957031,67.1500015258789
2017-08-21,57.81947708129883,67.26000213623047
2017-08-22,58.48139572143555,68.02999877929688
2017-08-23,57.93124008178711,67.38999938964844
2017-08-24,57.75071334838867,67.18000030517578
2017-08-25,58.025794982910156,67.5
2017-08-28,57.99140548706055,67.45999908447266
2017-08-29,58.41261672973633,67.94999694824219
2017-08-30,58.65333557128906,68.2300033569336
2017-08-31,58.85103988647461,68.45999908447266
2017-09-01,58.90262985229492,68.5199966430664
2017-09-05,58.309513092041016,67.83000183105469
2017-09-06,58.369651794433594,67.9000015258789
2017-09-07,58.4900016784668,68.04000091552734
2017-09-08,58.68770980834961,68.2699966430664
2017-09-11,59.194908142089844,68.86000061035156
2017-09-12,59.478599548339844,69.19000244140625
2017-09-13,59.39262008666992,69.08999633789062
2017-09-14,59.676292419433594,69.41999816894531
2017-09-15,59.923274993896484,69.38999938964844
2017-09-18,60.26007080078125,69.77999877929688
2017-09-19,60.32050704956055,69.8499984741211
2017-09-20,60.76093673706055,70.36000061035156
2017-09-21,60.942291259765625,70.56999969482422
2017-09-22,61.09775161743164,70.75
2017-09-25,61.09775161743164,70.75
2017-09-26,61.09775161743164,70.75
2017-09-27,61.16682434082031,70.83000183105469
2017-09-28,61.13227462768555,70.79000091552734
2017-09-29,61.313629150390625,71.0
2017-10-02,61.73678207397461,71.48999786376953
2017-10-03,62.00447463989258,71.80000305175781
2017-10-04,61.98721694946289,71.77999877929688
2017-10-05,62.13402557373047,71.94999694824219
2017-10-06,62.12538528442383,71.94000244140625
2017-10-09,61.952674865722656,71.73999786376953
2017-10-10,62.04767608642578,71.8499984741211
2017-10-11,62.01312255859375,71.80999755859375
2017-10-12,62.34128952026367,72.19000244140625
2017-10-13,62.22901916503906,72.05999755859375
2017-10-16,62.298099517822266,72.13999938964844
2017-10-17,62.13402557373047,71.94999694824219
2017-10-18,62.159908294677734,71.9800033569336
2017-10-19,62.33266830444336,72.18000030517578
2017-10-20,63.00624465942383,72.95999908447266
2017-10-23,62.6090087890625,72.5
2017-10-24,62.963050842285156,72.91000366210938
2017-10-25,62.34128952026367,72.19000244140625
2017-10-26,62.42763137817383,72.29000091552734
2017-10-27,62.453556060791016,72.31999969482422
2017-10-30,62.021766662597656,71.81999969482422
2017-10-31,61.77134704589844,71.52999877929688
2017-11-01,61.73678207397461,71.48999786376953
2017-11-02,62.090850830078125,71.9000015258789
2017-11-03,62.03041076660156,71.83000183105469
2017-11-06,62.06495666503906,71.87000274658203
2017-11-07,62.159908294677734,71.9800033569336
2017-11-08,62.05632781982422,71.86000061035156
2017-11-09,61.27908706665039,70.95999908447266
2017-11-10,61.36545181274414,71.05999755859375
2017-11-13,61.1581916809082,70.81999969482422
2017-11-14,60.99412536621094,70.62999725341797
2017-11-15,60.6486930847168,70.2300033569336
2017-11-16,61.21865463256836,70.88999938964844
2017-11-17,60.881839752197266,70.5
2017-11-20,61.1581916809082,70.81999969482422
2017-11-21,61.5986213684082,71.33000183105469
2017-11-22,61.66769790649414,71.41000366210938
2017-11-24,61.66769790649414,71.41000366210938
2017-11-27,61.77134704589844,71.52999877929688
2017-11-28,62.712615966796875,72.62000274658203
2017-11-29,63.26530838012695,73.26000213623047
2017-11-30,64.34475708007812,74.51000213623047
2017-12-01,63.55027770996094,73.58999633789062
2017-12-04,64.08570861816406,74.20999908447266
2017-12-05,63.54164123535156,73.58000183105469
2017-12-06,63.63665771484375,73.69000244140625
2017-12-07,64.22386169433594,74.37000274658203
2017-12-08,64.50022888183594,74.69000244140625
2017-12-11,64.37069702148438,74.54000091552734
2017-12-12,64.43978881835938,74.62000274658203
2017-12-13,64.6902084350586,74.91000366210938
2017-12-14,64.24978637695312,74.4000015258789
2017-12-15,64.7029800415039,74.5199966430664
2017-12-18,65.16320037841797,75.05000305175781
2017-12-19,65.18055725097656,75.06999969482422
2017-12-20,65.39759826660156,75.31999969482422
2017-12-21,65.4497299194336,75.37999725341797
2017-12-22,65.46708679199219,75.4000015258789
2017-12-26,65.53654479980469,75.4800033569336
2017-12-27,65.6928482055664,75.66000366210938
2017-12-28,65.82307434082031,75.80999755859375
2017-12-29,65.70149993896484,75.66999816894531
2018-01-02,66.09223937988281,76.12000274658203
2018-01-03,66.4482421875,76.52999877929688
2018-01-04,66.93446350097656,77.08999633789062
2018-01-05,67.3946304321289,77.62000274658203
2018-01-08,67.67247772216797,77.94000244140625
2018-01-09,68.10660552978516,78.44000244140625
2018-01-10,68.09790802001953,78.43000030517578
2018-01-11,68.96619415283203,79.43000030517578
2018-01-12,69.60869598388672,80.16999816894531
2018-01-16,68.98356628417969,79.44999694824219
2018-01-17,69.36559295654297,79.88999938964844
2018-01-18,68.99224090576172,79.45999908447266
2018-01-19,69.19196319580078,79.69000244140625
2018-01-22,69.19196319580078,79.69000244140625
2018-01-23,69.22666931152344,79.7300033569336
2018-01-24,69.16587829589844,79.66000366210938
2018-01-25,69.23533630371094,79.73999786376953
2018-01-26,70.03414154052734,80.66000366210938
2018-01-29,69.56529235839844,80.12000274658203
2018-01-30,69.01826477050781,79.48999786376953
2018-01-31,69.22666931152344,79.7300033569336
2018-02-01,69.10511016845703,79.58999633789062
2018-02-02,67.71587371826172,77.98999786376953
2018-02-05,64.64222717285156,74.44999694824219
2018-02-06,65.82307434082031,75.80999755859375
2018-02-07,65.94462585449219,75.94999694824219
2018-02-08,63.400596618652344,73.0199966430664
2018-02-09,64.08654022216797,73.80999755859375
2018-02-12,65.11979675292969,75.0
2018-02-13,65.26737213134766,75.16999816894531
2018-02-14,66.09223937988281,76.12000274658203
2018-02-15,67.0907211303711,77.2699966430664
2018-02-16,67.10811614990234,77.29000091552734
2018-02-20,66.43087768554688,76.51000213623047
2018-02-21,66.4482421875,76.52999877929688
2018-02-22,66.89104461669922,77.04000091552734
2018-02-23,67.44672393798828,77.68000030517578
2018-02-26,68.37576293945312,78.75
2018-02-27,67.51617431640625,77.76000213623047
2018-02-28,66.55241394042969,76.6500015258789
2018-03-01,65.25,75.1500015258789
2018-03-02,65.23267364501953,75.12999725341797
2018-03-05,66.01409149169922,76.02999877929688
2018-03-06,66.3093032836914,76.37000274658203
2018-03-07,66.30062866210938,76.36000061035156
2018-03-08,66.64791870117188,76.76000213623047
2018-03-09,68.11529541015625,78.44999694824219
2018-03-12,67.27308654785156,77.4800033569336
2018-03-13,66.94315338134766,77.0999984741211
2018-03-14,66.21377563476562,76.26000213623047
2018-03-15,66.40481567382812,76.4800033569336
2018-03-16,66.7596435546875,76.58000183105469
2018-03-19,66.24526977539062,75.98999786376953
2018-03-20,66.4719467163086,76.25
2018-03-21,66.55039978027344,76.33999633789062
2018-03-22,64.35355377197266,73.81999969482422
2018-03-23,63.41205596923828,72.73999786376953
2018-03-26,64.94633483886719,74.5
2018-03-27,64.04843139648438,73.47000122070312
2018-03-28,63.83050537109375,73.22000122070312
2018-03-29,64.76325988769531,74.29000091552734
2018-04-02,63.429481506347656,72.76000213623047
2018-04-03,64.30996704101562,73.7699966430664
2018-04-04,64.58893585205078,74.08999633789062
2018-04-05,65.24272918701172,74.83999633789062
2018-04-06,63.43819808959961,72.7699966430664
2018-04-09,63.24643325805664,72.55000305175781
2018-04-10,64.21406555175781,73.66000366210938
2018-04-11,63.74332809448242,73.12000274658203
2018-04-12,64.65865325927734,74.16999816894531
2018-04-13,64.50174713134766,73.98999786376953
2018-04-16,65.1468734741211,74.7300033569336
2018-04-17,65.69606018066406,75.36000061035156
2018-04-18,66.37602996826172,76.13999938964844
2018-04-19,66.19295501708984,75.93000030517578
2018-04-20,65.90528869628906,75.5999984741211
2018-04-23,65.82684326171875,75.51000213623047
2018-04-24,63.9874153137207,73.4000015258789
2018-04-25,64.17047119140625,73.61000061035156
2018-04-26,63.93511199951172,73.33999633789062
2018-04-27,63.804359436035156,73.19000244140625
2018-04-30,62.958736419677734,72.22000122070312
2018-05-01,62.67106246948242,71.88999938964844
2018-05-02,62.121849060058594,71.26000213623047
2018-05-03,62.2700309753418,71.43000030517578
2018-05-04,62.99360275268555,72.26000213623047
2018-05-07,63.41205596923828,72.73999786376953
2018-05-08,63.865360260009766,73.26000213623047
2018-05-09,64.5540771484375,74.05000305175781
2018-05-10,64.98994445800781,74.55000305175781
2018-05-11,65.12943267822266,74.70999908447266
2018-05-14,65.01608276367188,74.58000183105469
2018-05-15,64.79814147949219,74.33000183105469
2018-05-16,65.0335464477539,74.5999984741211
2018-05-17,65.28633880615234,74.88999938964844
2018-05-18,65.6699447631836,75.33000183105469
2018-05-21,66.66373443603516,76.47000122070312
2018-05-22,65.8442611694336,75.52999877929688
2018-05-23,65.78323364257812,75.45999908447266
2018-05-24,66.10579681396484,75.83000183105469
2018-05-25,65.98374938964844,75.69000244140625
2018-05-29,64.92892456054688,74.4800033569336
2018-05-30,65.8442611694336,75.52999877929688
2018-05-31,64.89404296875,74.44000244140625
2018-06-01,65.60889434814453,75.26000213623047
2018-06-04,65.51302337646484,75.1500015258789
2018-06-05,65.5914535522461,75.23999786376953
2018-06-06,66.14066314697266,75.87000274658203
2018-06-07,66.41962432861328,76.19000244140625
2018-06-08,66.63758087158203,76.44000244140625
2018-06-11,66.76832580566406,76.58999633789062
2018-06-12,66.69860076904297,76.51000213623047
2018-06-13,66.16682434082031,75.9000015258789
2018-06-14,65.91398620605469,75.61000061035156
2018-06-15,65.74945068359375,75.12000274658203
2018-06-18,65.4781265258789,74.80999755859375
2018-06-19,64.09521484375,73.2300033569336
2018-06-20,64.13897705078125,73.27999877929688
2018-06-21,63.33376693725586,72.36000061035156
2018-06-22,63.55256652832031,72.61000061035156
2018-06-25,62.74734115600586,71.69000244140625
2018-06-26,62.983638763427734,71.95999908447266
2018-06-27,62.475990295410156,71.37999725341797
2018-06-28,62.56353759765625,71.4800033569336
2018-06-29,62.694793701171875,71.62999725341797
2018-07-02,62.834842681884766,71.79000091552734
2018-07-03,62.633541107177734,71.55999755859375
2018-07-05,62.93989181518555,71.91000366210938
2018-07-06,63.158687591552734,72.16000366210938
2018-07-09,64.33155059814453,73.5
2018-07-10,64.53285217285156,73.7300033569336
2018-07-11,63.473777770996094,72.5199966430664
2018-07-12,64.2177734375,73.37000274658203
2018-07-13,64.55035400390625,73.75
2018-07-16,64.28776550292969,73.44999694824219
2018-07-17,64.54159545898438,73.73999786376953
2018-07-18,65.25056457519531,74.55000305175781
2018-07-19,65.22430419921875,74.5199966430664
2018-07-20,65.154296875,74.44000244140625
2018-07-23,64.75167083740234,73.9800033569336
2018-07-24,65.02296447753906,74.29000091552734
2018-07-25,66.01204681396484,75.41999816894531
2018-07-26,66.51968383789062,76.0
2018-07-27,66.52845764160156,76.01000213623047
2018-07-30,65.87200927734375,75.26000213623047
2018-07-31,67.3249282836914,76.91999816894531
2018-08-01,66.41465759277344,75.87999725341797
2018-08-02,66.3271255493164,75.77999877929688
2018-08-03,66.3884048461914,75.8499984741211
2018-08-06,66.48469543457031,75.95999908447266
2018-08-07,66.95732116699219,76.5
2018-08-08,66.65973663330078,76.16000366210938
2018-08-09,66.2921371459961,75.73999786376953
2018-08-10,65.70570373535156,75.06999969482422
2018-08-13,65.39061737060547,74.70999908447266
2018-08-14,65.84574890136719,75.2300033569336
2018-08-15,65.5306396484375,74.87000274658203
2018-08-16,66.36213684082031,75.81999969482422
2018-08-17,66.76477813720703,76.27999877929688
2018-08-20,67.21114349365234,76.79000091552734
2018-08-21,67.71002960205078,77.36000061035156
2018-08-22,67.05358123779297,76.61000061035156
2018-08-23,66.86105346679688,76.38999938964844
2018-08-24,67.1498794555664,76.72000122070312
2018-08-27,67.99888610839844,77.69000244140625
2018-08-28,67.85884094238281,77.52999877929688
2018-08-29,67.91134643554688,77.58999633789062
2018-08-30,67.438720703125,77.05000305175781
2018-08-31,67.48247528076172,77.0999984741211
2018-09-04,67.4299545288086,77.04000091552734
2018-09-05,67.91134643554688,77.58999633789062
2018-09-06,68.12140655517578,77.83000183105469
2018-09-07,67.91134643554688,77.58999633789062
2018-09-10,68.26144409179688,77.98999786376953
2018-09-11,68.24396514892578,77.97000122070312
2018-09-12,68.45401000976562,78.20999908447266
2018-09-13,68.86537170410156,78.68000030517578
2018-09-14,69.20674133300781,79.06999969482422
2018-09-17,69.23299407958984,79.0999984741211
2018-09-18,69.8631820678711,79.81999969482422
2018-09-19,69.8019027709961,79.75
2018-09-20,69.90694427490234,79.87000274658203
2018-09-21,70.35900115966797,80.0
2018-09-24,69.15410614013672,78.62999725341797
2018-09-25,68.94303131103516,78.38999938964844
2018-09-26,68.8990478515625,78.33999633789062
2018-09-27,68.99578857421875,78.44999694824219
2018-09-28,68.95182800292969,78.4000015258789
2018-10-01,69.55866241455078,79.08999633789062
2018-10-02,69.71697235107422,79.2699966430664
2018-10-03,70.0072250366211,79.5999984741211
2018-10-04,69.7785415649414,79.33999633789062
2018-10-05,69.41796112060547,78.93000030517578
2018-10-08,69.59384155273438,79.12999725341797
2018-10-09,68.52088928222656,77.91000366210938
2018-10-10,66.31336212158203,75.4000015258789
2018-10-11,64.5632095336914,73.41000366210938
2018-10-12,64.99411010742188,73.9000015258789
2018-10-15,65.11725616455078,74.04000091552734
2018-10-16,66.21661376953125,75.29000091552734
2018-10-17,65.73289489746094,74.73999786376953
2018-10-18,64.59835052490234,73.44999694824219
2018-10-19,64.36087799072266,73.18000030517578
2018-10-22,64.14102172851562,72.93000030517578
2018-10-23,63.085636138916016,71.7300033569336
2018-10-24,60.94847106933594,69.30000305175781
2018-10-25,61.379432678222656,69.79000091552734
2018-10-26,60.772586822509766,69.0999984741211
2018-10-29,59.761165618896484,67.94999694824219
2018-10-30,60.992454528808594,69.3499984741211
2018-10-31,61.45860290527344,69.87999725341797
2018-11-01,62.54035186767578,71.11000061035156
2018-11-02,62.43482208251953,70.98999786376953
2018-11-05,62.760223388671875,71.36000061035156
2018-11-06,63.41985321044922,72.11000061035156
2018-11-07,64.44883728027344,73.27999877929688
2018-11-08,64.34331512451172,73.16000366210938
2018-11-09,63.692481994628906,72.41999816894531
2018-11-12,62.43482208251953,70.98999786376953
2018-11-13,62.71623611450195,71.30999755859375
2018-11-14,62.50516128540039,71.06999969482422
2018-11-15,63.331878662109375,72.01000213623047
2018-11-16,63.31431198120117,71.98999786376953
2018-11-19,62.31169891357422,70.8499984741211
2018-11-20,61.01884078979492,69.37999725341797
2018-11-21,61.44981002807617,69.87000274658203
2018-11-23,61.326656341552734,69.7300033569336
2018-11-26,61.77518844604492,70.23999786376953
2018-11-27,61.6696662902832,70.12000274658203
2018-11-28,63.147212982177734,71.80000305175781
2018-11-29,63.18236541748047,71.83999633789062
2018-11-30,63.79801940917969,72.54000091552734
2018-12-03,64.53678894042969,73.37999725341797
2018-12-04,61.79279708862305,70.26000213623047
2018-12-06,61.44981002807617,69.87000274658203
2018-12-07,59.83155059814453,68.02999877929688
2018-12-10,59.98104476928711,68.19999694824219
2018-12-11,59.6292610168457,67.80000305175781
2018-12-12,59.96344757080078,68.18000030517578
2018-12-13,59.79635238647461,67.98999786376953
2018-12-14,58.969635009765625,67.05000305175781
2018-12-17,58.002193450927734,65.94999694824219
2018-12-18,58.29243087768555,66.27999877929688
2018-12-19,57.193077087402344,65.02999877929688
2018-12-20,56.146480560302734,63.84000015258789
2018-12-21,55.08633804321289,62.25
2018-12-24,53.39614486694336,60.34000015258789
2018-12-26,55.88277816772461,63.150001525878906
2018-12-27,56.58185577392578,63.939998626708984
2018-12-28,56.431427001953125,63.77000045776367
2018-12-31,56.99778366088867,64.41000366210938
2019-01-02,57.28980255126953,64.73999786376953
2019-01-03,55.546504974365234,62.77000045776367
2019-01-04,57.652618408203125,65.1500015258789
2019-01-07,58.12163543701172,65.68000030517578
2019-01-08,58.91805648803711,66.58000183105469
2019-01-09,59.31626892089844,67.02999877929688
2019-01-10,60.12154006958008,67.94000244140625
2019-01-11,60.059600830078125,67.87000274658203
2019-01-14,60.05075454711914,67.86000061035156
2019-01-15,59.864925384521484,67.6500015258789
2019-01-16,59.9268684387207,67.72000122070312
2019-01-17,60.95335388183594,68.87999725341797
2019-01-18,62.11261749267578,70.19000244140625
2019-01-22,60.82948684692383,68.73999786376953
2019-01-23,60.91798400878906,68.83999633789062
2019-01-24,61.22771453857422,69.19000244140625
2019-01-25,62.00642395019531,70.06999969482422
2019-01-28,61.41352844238281,69.4000015258789
2019-01-29,62.263057708740234,70.36000061035156
2019-01-30,63.23648452758789,71.45999908447266
2019-01-31,63.51079177856445,71.7699966430664
2019-02-01,63.60811233520508,71.87999725341797
2019-02-04,64.43109893798828,72.80999755859375
2019-02-05,64.98859405517578,73.44000244140625
2019-02-06,65.00631713867188,73.45999908447266
2019-02-07,64.56385040283203,72.95999908447266
2019-02-08,64.66119384765625,73.06999969482422
2019-02-11,65.00631713867188,73.45999908447266
2019-02-12,66.01512908935547,74.5999984741211
2019-02-13,66.40448760986328,75.04000091552734
2019-02-14,66.09476470947266,74.69000244140625
2019-02-15,66.97969055175781,75.69000244140625
2019-02-19,66.95314025878906,75.66000366210938
2019-02-20,67.27171325683594,76.0199966430664
2019-02-21,66.99736022949219,75.70999908447266
2019-02-22,67.4398422241211,76.20999908447266
2019-02-25,67.70531463623047,76.51000213623047
2019-02-26,67.51946258544922,76.30000305175781
2019-02-27,67.78496551513672,76.5999984741211
2019-02-28,67.55487060546875,76.33999633789062
2019-03-01,67.61683654785156,76.41000366210938
2019-03-04,67.31595611572266,76.06999969482422
2019-03-05,66.88232421875,75.58000183105469
2019-03-06,66.25404357910156,74.87000274658203
2019-03-07,65.85585021972656,74.41999816894531
2019-03-08,65.72311401367188,74.2699966430664
2019-03-11,66.28060150146484,74.9000015258789
2019-03-12,65.73194885253906,74.27999877929688
2019-03-13,66.30714416503906,74.93000030517578
2019-03-14,66.08592224121094,74.68000030517578
2019-03-15,65.85272216796875,73.98999786376953
2019-03-18,66.4935302734375,74.70999908447266
2019-03-19,66.25321960449219,74.44000244140625
2019-03-20,65.79934692382812,73.93000030517578
2019-03-21,66.43123626708984,74.63999938964844
2019-03-22,64.92707824707031,72.94999694824219
2019-03-25,65.07841491699219,73.12000274658203
2019-03-26,65.51451110839844,73.61000061035156
2019-03-27,65.58572387695312,73.69000244140625
2019-03-28,66.06632995605469,74.2300033569336
2019-03-29,66.77837371826172,75.02999877929688
2019-04-01,68.15787506103516,76.58000183105469
2019-04-02,68.13118743896484,76.55000305175781
2019-04-03,67.92646026611328,76.31999969482422
2019-04-04,68.34478759765625,76.79000091552734
2019-04-05,68.54058837890625,77.01000213623047
2019-04-08,68.24691009521484,76.68000030517578
2019-04-09,67.32125091552734,75.63999938964844
2019-04-10,67.303466796875,75.62000274658203
2019-04-11,67.88196563720703,76.2699966430664
2019-04-12,68.78089141845703,77.27999877929688
2019-04-15,68.39816284179688,76.8499984741211
2019-04-16,68.81649780273438,77.31999969482422
2019-04-17,68.90550231933594,77.41999816894531
2019-04-18,69.6976318359375,78.30999755859375
2019-04-22,69.4840316772461,78.06999969482422
2019-04-23,70.08922576904297,78.75
2019-04-24,69.8845443725586,78.5199966430664
2019-04-25,68.47828674316406,76.94000244140625
2019-04-26,68.99452209472656,77.5199966430664
2019-04-29,69.15470886230469,77.69999694824219
2019-04-30,69.43061828613281,78.01000213623047
2019-05-01,68.97669982910156,77.5
2019-05-02,68.94110870361328,77.45999908447266
2019-05-03,69.7777099609375,78.4000015258789
2019-05-06,69.1102066040039,77.6500015258789
2019-05-07,67.7128677368164,76.08000183105469
2019-05-08,67.7128677368164,76.08000183105469
2019-05-09,67.61498260498047,75.97000122070312
2019-05-10,67.88196563720703,76.2699966430664
2019-05-13,65.95062255859375,74.0999984741211
2019-05-14,66.63593292236328,74.87000274658203
2019-05-15,66.72494506835938,74.97000122070312
2019-05-16,67.33905792236328,75.66000366210938
2019-05-17,66.59146118164062,74.81999969482422
2019-05-20,66.42234802246094,74.62999725341797
2019-05-21,67.20558166503906,75.51000213623047
2019-05-22,66.65375518798828,74.88999938964844
2019-05-23,65.6391372680664,73.75
2019-05-24,65.66581726074219,73.77999877929688
2019-05-28,65.06060791015625,73.0999984741211
2019-05-29,64.76691436767578,72.7699966430664
2019-05-30,65.01609802246094,73.05000305175781
2019-05-31,64.12610626220703,72.05000305175781
2019-06-03,64.56218719482422,72.54000091552734
2019-06-04,66.10194396972656,74.2699966430664
2019-06-05,66.74272918701172,74.98999786376953
2019-06-06,66.85847473144531,75.12000274658203
2019-06-07,67.39247131347656,75.72000122070312
2019-06-10,67.4814682006836,75.81999969482422
2019-06-11,66.9029541015625,75.16999816894531
2019-06-12,67.04536437988281,75.33000183105469
2019-06-13,67.383544921875,75.70999908447266
2019-06-14,67.1165771484375,75.41000366210938
2019-06-17,66.88514709472656,75.1500015258789
2019-06-18,68.18457794189453,76.61000061035156
2019-06-19,68.13118743896484,76.55000305175781
2019-06-20,69.27041625976562,77.83000183105469
2019-06-21,68.9012451171875,77.08000183105469
2019-06-24,68.76715850830078,76.93000030517578
2019-06-25,68.24869537353516,76.3499984741211
2019-06-26,68.41851806640625,76.54000091552734
2019-06-27,68.48109436035156,76.61000061035156
2019-06-28,69.20514678955078,77.41999816894531
2019-07-01,69.26773071289062,77.48999786376953
2019-07-02,69.17835235595703,77.38999938964844
2019-07-03,69.56270599365234,77.81999969482422
2019-07-05,69.2856216430664,77.51000213623047
2019-07-08,68.71353149414062,76.87000274658203
2019-07-09,68.5615463256836,76.69999694824219
2019-07-10,68.4006576538086,76.5199966430664
2019-07-11,68.86549377441406,77.04000091552734
2019-07-12,70.07221221923828,78.38999938964844
2019-07-15,69.78618621826172,78.06999969482422
2019-07-16,70.233154296875,78.56999969482422
2019-07-17,68.73140716552734,76.88999938964844
2019-07-18,68.8565444946289,77.02999877929688
2019-07-19,69.23197937011719,77.44999694824219
2019-07-22,69.2856216430664,77.51000213623047
2019-07-23,70.16162872314453,78.48999786376953
2019-07-24,70.46554565429688,78.83000183105469
2019-07-25,70.32251739501953,78.66999816894531
2019-07-26,70.17057037353516,78.5
2019-07-29,70.0454330444336,78.36000061035156
2019-07-30,70.34934997558594,78.69999694824219
2019-07-31,69.56270599365234,77.81999969482422
2019-08-01,68.21293640136719,76.30999755859375
2019-08-02,67.77494812011719,75.81999969482422
2019-08-05,65.89775848388672,73.72000122070312
2019-08-06,66.88996887207031,74.83000183105469
2019-08-07,66.8542251586914,74.79000091552734
2019-08-08,67.98947143554688,76.05999755859375
2019-08-09,67.41736602783203,75.41999816894531
2019-08-12,66.48771667480469,74.37999725341797
2019-08-13,67.28329467773438,75.2699966430664
2019-08-14,65.2273178100586,72.97000122070312
2019-08-15,65.15583038330078,72.88999938964844
2019-08-16,66.41622161865234,74.30000305175781
2019-08-19,67.04192352294922,75.0
2019-08-20,66.64862060546875,74.55999755859375
2019-08-21,67.05982208251953,75.0199966430664
2019-08-22,67.15814971923828,75.12999725341797
2019-08-23,65.36141967773438,73.12000274658203
2019-08-26,65.8441390991211,73.66000366210938
2019-08-27,65.50444793701172,73.27999877929688
2019-08-28,66.30896759033203,74.18000030517578
2019-08-29,67.44419860839844,75.44999694824219
2019-08-30,67.72129821777344,75.76000213623047
2019-09-03,66.80060577392578,74.7300033569336
2019-09-04,67.6498031616211,75.68000030517578
2019-09-05,68.86549377441406,77.04000091552734
2019-09-06,69.00848388671875,77.19999694824219
2019-09-09,69.21410369873047,77.43000030517578
2019-09-10,69.8487777709961,78.13999938964844
2019-09-11,70.50128936767578,78.87000274658203
2019-09-12,70.54598999023438,78.91999816894531
2019-09-13,70.93038177490234,79.3499984741211
2019-09-16,70.8677978515625,79.27999877929688
2019-09-17,70.83203887939453,79.23999786376953
2019-09-18,70.72476959228516,79.12000274658203
2019-09-19,70.3672103881836,78.72000122070312
2019-09-20,69.9223861694336,77.80999755859375
2019-09-23,69.78761291503906,77.66000366210938
2019-09-24,69.39220428466797,77.22000122070312
2019-09-25,69.84151458740234,77.72000122070312
2019-09-26,69.94039154052734,77.83000183105469
2019-09-27,69.66181182861328,77.5199966430664
2019-09-30,69.7606430053711,77.62999725341797
2019-10-01,68.0892105102539,75.7699966430664
2019-10-02,66.80414581298828,74.33999633789062
2019-10-03,67.24449157714844,74.83000183105469
2019-10-04,67.9454116821289,75.61000061035156
2019-10-07,67.60393524169922,75.2300033569336
2019-10-08,66.5615005493164,74.06999969482422
2019-10-09,67.12764739990234,74.69999694824219
2019-10-10,67.73873138427734,75.37999725341797
2019-10-11,69.01478576660156,76.80000305175781
2019-10-14,68.8800048828125,76.6500015258789
2019-10-15,69.43714141845703,77.2699966430664
2019-10-16,69.40119171142578,77.2300033569336
2019-10-17,69.74269104003906,77.61000061035156
2019-10-18,69.14058685302734,76.94000244140625
2019-10-21,69.55396270751953,77.4000015258789
2019-10-22,70.10215759277344,78.01000213623047
2019-10-23,70.09315490722656,78.0
2019-10-24,70.1919937133789,78.11000061035156
2019-10-25,70.63232421875,78.5999984741211
2019-10-28,70.83000946044922,78.81999969482422
2019-10-29,71.06362915039062,79.08000183105469
2019-10-30,71.31526947021484,79.36000061035156
2019-10-31,70.55145263671875,78.51000213623047
2019-11-01,72.08810424804688,80.22000122070312
2019-11-04,72.92382049560547,81.1500015258789
2019-11-05,73.07659149169922,81.31999969482422
2019-11-06,73.12152099609375,81.37000274658203
2019-11-07,73.3731460571289,81.6500015258789
2019-11-08,73.47198486328125,81.76000213623047
2019-11-11,73.5079345703125,81.80000305175781
2019-11-12,73.49894714355469,81.79000091552734
2019-11-13,73.19342041015625,81.44999694824219
2019-11-14,73.42706298828125,81.70999908447266
2019-11-15,73.96623229980469,82.30999755859375
2019-11-18,73.68763732910156,82.0
2019-11-19,73.62474822998047,81.93000030517578
2019-11-20,73.04063415527344,81.27999877929688
2019-11-21,73.01367950439453,81.25
2019-11-22,73.39109802246094,81.66999816894531
2019-11-25,73.9212875366211,82.26000213623047
2019-11-26,74.13697814941406,82.5
2019-11-27,74.06507110595703,82.41999816894531
2019-11-29,73.7236099243164,82.04000091552734
2019-12-02,72.5104751586914,80.69000244140625
2019-12-03,71.71965026855469,79.80999755859375
2019-12-04,71.99822998046875,80.12000274658203
2019-12-05,72.01622009277344,80.13999938964844
2019-12-06,72.88787841796875,81.11000061035156
2019-12-09,72.60930633544922,80.80000305175781
2019-12-10,72.51943969726562,80.69999694824219
2019-12-11,72.97775268554688,81.20999908447266
2019-12-12,73.62474822998047,81.93000030517578
2019-12-13,73.42706298828125,81.70999908447266
2019-12-16,73.39109802246094,81.66999816894531
2019-12-17,73.31919860839844,81.58999633789062
2019-12-18,73.01367950439453,81.25
2019-12-19,73.21141052246094,81.47000122070312
2019-12-20,73.54825592041016,81.44000244140625
2019-12-23,74.1533203125,82.11000061035156
2019-12-24,73.85527801513672,81.77999877929688
2019-12-26,74.02688598632812,81.97000122070312
2019-12-27,73.96366119384766,81.9000015258789
2019-12-30,73.62047576904297,81.5199966430664
2019-12-31,73.57535552978516,81.47000122070312
2020-01-02,74.96610260009766,83.01000213623047
2020-01-03,74.82161712646484,82.8499984741211
2020-01-06,74.84869384765625,82.87999725341797
2020-01-07,74.69518280029297,82.70999908447266
2020-01-08,74.94803619384766,82.98999786376953
2020-01-09,75.26412963867188,83.33999633789062
2020-01-10,74.73130798339844,82.75
2020-01-13,75.34542083740234,83.43000030517578
2020-01-14,75.35443878173828,83.44000244140625
2020-01-15,75.47183227539062,83.56999969482422
2020-01-16,76.22142028808594,84.4000015258789
2020-01-17,76.23043060302734,84.41000366210938
2020-01-21,75.39057922363281,83.4800033569336
2020-01-22,74.99320220947266,83.04000091552734
2020-01-23,75.80598449707031,83.94000244140625
2020-01-24,75.45377349853516,83.55000305175781
2020-01-27,74.02688598632812,81.97000122070312
2020-01-28,74.50552368164062,82.5
2020-01-29,74.90290069580078,82.94000244140625
2020-01-30,74.98417663574219,83.02999877929688
2020-01-31,73.2502212524414,81.11000061035156
2020-02-03,73.22312927246094,81.08000183105469
2020-02-04,74.60486602783203,82.61000061035156
2020-02-05,75.85114288330078,83.98999786376953
2020-02-06,76.09496307373047,84.26000213623047
2020-02-07,75.54409790039062,83.6500015258789
2020-02-10,75.96853637695312,84.12000274658203
2020-02-11,76.2575454711914,84.44000244140625
2020-02-12,76.97097778320312,85.2300033569336
2020-02-13,76.53749084472656,84.75
2020-02-14,76.43814086914062,84.63999938964844
2020-02-18,76.00465393066406,84.16000366210938
2020-02-19,75.97756958007812,84.12999725341797
2020-02-20,75.86920928955078,84.01000213623047
2020-02-21,75.48990631103516,83.58999633789062
2020-02-24,73.34053039550781,81.20999908447266
2020-02-25,70.35128021240234,77.9000015258789
2020-02-26,69.81845092773438,77.30999755859375
2020-02-27,67.22655487060547,74.44000244140625
2020-02-28,65.99833679199219,73.08000183105469
2020-03-02,68.31930541992188,75.6500015258789
2020-03-03,66.64855194091797,73.80000305175781
2020-03-04,69.40300750732422,76.8499984741211
2020-03-05,66.00737762451172,73.08999633789062
2020-03-06,65.42938995361328,72.44999694824219
2020-03-09,59.396697998046875,65.7699966430664
2020-03-10,62.47626876831055,69.18000030517578
2020-03-11,58.80970764160156,65.12000274658203
2020-03-12,52.722816467285156,58.380001068115234
2020-03-13,56.840946197509766,62.939998626708984
2020-03-16,50.39282989501953,55.79999923706055
2020-03-17,52.71378707885742,58.369998931884766
2020-03-18,48.83046340942383,54.06999969482422
2020-03-19,48.86659240722656,54.11000061035156
2020-03-20,46.41920471191406,51.400001525878906
2020-03-23,44.38602066040039,48.77000045776367
2020-03-24,50.00138854980469,54.939998626708984
2020-03-25,52.631622314453125,57.83000183105469
2020-03-26,55.9535026550293,61.47999954223633
2020-03-27,53.596309661865234,58.88999938964844
2020-03-30,54.37901306152344,59.75
2020-03-31,53.70552444458008,59.0099983215332
2020-04-01,51.28464126586914,56.349998474121094
2020-04-02,51.96722412109375,57.099998474121094
2020-04-03,51.27552795410156,56.34000015258789
2020-04-06,54.82497024536133,60.2400016784668
2020-04-07,54.69754409790039,60.099998474121094
2020-04-08,56.68159103393555,62.279998779296875
2020-04-09,57.53709030151367,63.220001220703125
2020-04-13,55.8533821105957,61.369998931884766
2020-04-14,56.9182243347168,62.540000915527344
2020-04-15,55.34373474121094,60.810001373291016
2020-04-16,54.852272033691406,60.27000045776367
2020-04-17,57.42788314819336,63.099998474121094
2020-04-20,55.89888000488281,61.41999816894531
2020-04-21,54.57923889160156,59.970001220703125
2020-04-22,55.1525993347168,60.599998474121094
2020-04-23,55.589454650878906,61.08000183105469
2020-04-24,56.03540802001953,61.56999969482422
2020-04-27,57.42788314819336,63.099998474121094
2020-04-28,58.50179672241211,64.27999877929688
2020-04-29,59.621238708496094,65.51000213623047
2020-04-30,58.4380989074707,64.20999908447266
2020-05-01,56.672489166259766,62.27000045776367
2020-05-04,55.9535026550293,61.47999954223633
2020-05-05,56.17192459106445,61.720001220703125
2020-05-06,55.39833068847656,60.869998931884766
2020-05-07,56.04450988769531,61.58000183105469
2020-05-08,57.436981201171875,63.11000061035156
2020-05-11,56.71798324584961,62.31999969482422
2020-05-12,55.12529754638672,60.56999969482422
2020-05-13,53.74192810058594,59.04999923706055
2020-05-14,54.30619812011719,59.66999816894531
2020-05-15,54.11507034301758,59.459999084472656
2020-05-18,57.68270492553711,63.380001068115234
2020-05-19,56.945518493652344,62.56999969482422
2020-05-20,58.010337829589844,63.7400016784668
2020-05-21,58.14685821533203,63.88999938964844
2020-05-22,58.10135269165039,63.84000015258789
2020-05-26,60.540443420410156,66.5199966430664
2020-05-27,62.56089401245117,68.73999786376953
2020-05-28,61.96931076049805,68.08999633789062
2020-05-29,61.58708190917969,67.66999816894531
2020-06-01,61.72359085083008,67.81999969482422
2020-06-02,62.52446746826172,68.69999694824219
2020-06-03,64.96357727050781,71.37999725341797
2020-06-04,65.65525817871094,72.13999938964844
2020-06-05,68.06705474853516,74.79000091552734
2020-06-08,69.43220520019531,76.29000091552734
2020-06-09,67.70301055908203,74.38999938964844
2020-06-10,66.0830307006836,72.61000061035156
2020-06-11,61.44145584106445,67.51000213623047
2020-06-12,62.63371276855469,68.81999969482422
2020-06-15,63.2525749206543,69.5
2020-06-16,64.49030303955078,70.86000061035156
2020-06-17,64.02615356445312,70.3499984741211
2020-06-18,63.789527893066406,70.08999633789062
2020-06-19,63.006839752197266,69.2300033569336
2020-06-22,63.11287307739258,69.04000091552734
2020-06-23,63.12201690673828,69.05000305175781
2020-06-24,60.92806625366211,66.6500015258789
2020-06-25,61.60454177856445,67.38999938964844
2020-06-26,60.46185302734375,66.13999938964844
2020-06-29,62.44556427001953,68.30999755859375
2020-06-30,62.80205535888672,68.69999694824219
2020-07-01,62.51868438720703,68.38999938964844
2020-07-02,63.058021545410156,68.9800033569336
2020-07-06,63.96305465698242,69.97000122070312
2020-07-07,62.73808288574219,68.62999725341797
2020-07-08,62.73808288574219,68.62999725341797
2020-07-09,61.375999450683594,67.13999938964844
2020-07-10,62.17131042480469,68.01000213623047
2020-07-13,62.4272575378418,68.29000091552734
2020-07-14,63.78020095825195,69.7699966430664
2020-07-15,65.40738677978516,71.55000305175781
2020-07-16,65.4256820678711,71.56999969482422
2020-07-17,65.81876373291016,72.0
2020-07-20,65.01432037353516,71.12000274658203
2020-07-21,65.87361907958984,72.05999755859375
2020-07-22,66.40381622314453,72.63999938964844
2020-07-23,66.20271301269531,72.41999816894531
2020-07-24,65.67251586914062,71.83999633789062
2020-07-27,65.94674682617188,72.13999938964844
2020-07-28,65.48967742919922,71.63999938964844
2020-07-29,66.4861068725586,72.7300033569336
2020-07-30,65.81876373291016,72.0
2020-07-31,65.57196044921875,71.7300033569336
2020-08-03,65.84619903564453,72.02999877929688
2020-08-04,66.01075744628906,72.20999908447266
2020-08-05,67.27225494384766,73.58999633789062
2020-08-06,67.5282211303711,73.87000274658203
2020-08-07,68.68003845214844,75.12999725341797
2020-08-10,70.37124633789062,76.9800033569336
2020-08-11,70.74602508544922,77.38999938964844
2020-08-12,70.97456359863281,77.63999938964844
2020-08-13,70.59976959228516,77.2300033569336
2020-08-14,70.8740234375,77.52999877929688
2020-08-17,70.54492950439453,77.16999816894531
2020-08-18,70.1609878540039,76.75
2020-08-19,69.9781494140625,76.55000305175781
2020-08-20,69.60334777832031,76.13999938964844
2020-08-21,69.88672637939453,76.44999694824219
2020-08-24,71.14827728271484,77.83000183105469
2020-08-25,71.05684661865234,77.7300033569336
2020-08-26,71.09341430664062,77.7699966430664
2020-08-27,71.34937286376953,78.05000305175781
2020-08-28,72.02584838867188,78.79000091552734
2020-08-31,71.12996673583984,77.80999755859375
2020-09-01,71.85214233398438,78.5999984741211
2020-09-02,73.0405502319336,79.9000015258789
2020-09-03,70.99285125732422,77.66000366210938
2020-09-04,71.15741729736328,77.83999633789062
2020-09-08,69.82274627685547,76.37999725341797
2020-09-09,70.90145874023438,77.55999755859375
2020-09-10,69.99642181396484,76.56999969482422
2020-09-11,70.94715881347656,77.61000061035156
2020-09-14,71.90699005126953,78.66000366210938
2020-09-15,71.95271301269531,78.70999908447266
2020-09-16,72.68402099609375,79.51000213623047
2020-09-17,72.83027648925781,79.66999816894531
2020-09-18,72.01669311523438,78.77999877929688
2020-09-21,69.62606811523438,75.87000274658203
2020-09-22,70.31436920166016,76.62000274658203
2020-09-23,69.05711364746094,75.25
2020-09-24,69.15806579589844,75.36000061035156
2020-09-25,70.19505310058594,76.48999786376953
2020-09-28,71.46147918701172,77.87000274658203
2020-09-29,70.82827758789062,77.18000030517578
2020-09-30,70.64473724365234,76.9800033569336
2020-10-01,70.43365478515625,76.75
2020-10-02,71.22289276123047,77.61000061035156
2020-10-05,72.37002563476562,78.86000061035156
2020-10-06,71.48902130126953,77.9000015258789
2020-10-07,73.06745910644531,79.62000274658203
2020-10-08,73.79247283935547,80.41000366210938
2020-10-09,74.06775665283203,80.70999908447266
2020-10-12,74.48991394042969,81.16999816894531
2020-10-13,73.6639633178711,80.2699966430664
2020-10-14,74.07695007324219,80.72000122070312
2020-10-15,74.34307098388672,81.01000213623047
2020-10-16,74.88451385498047,81.5999984741211
2020-10-19,73.95763397216797,80.58999633789062
2020-10-20,74.34307098388672,81.01000213623047
2020-10-21,73.590576171875,80.19000244140625
2020-10-22,74.19623565673828,80.8499984741211
2020-10-23,74.48991394042969,81.16999816894531
2020-10-26,72.62696838378906,79.13999938964844
2020-10-27,71.03933715820312,77.41000366210938
2020-10-28,68.7083969116211,74.87000274658203
2020-10-29,69.70866394042969,75.95999908447266
2020-10-30,69.62606811523438,75.87000274658203
2020-11-02,71.50736236572266,77.91999816894531
2020-11-03,73.61808013916016,80.22000122070312
2020-11-04,72.85639190673828,79.38999938964844
2020-11-05,74.57251739501953,81.26000213623047
2020-11-06,74.64591979980469,81.33999633789062
2020-11-09,77.18795013427734,84.11000061035156
2020-11-10,78.54615783691406,85.58999633789062
2020-11-11,77.88540649414062,84.87000274658203
2020-11-12,76.9952163696289,83.9000015258789
2020-11-13,78.70216369628906,85.76000213623047
2020-11-16,80.62017059326172,87.8499984741211
2020-11-17,80.40908813476562,87.62000274658203
2020-11-18,80.05117797851562,87.2300033569336
2020-11-19,80.2530746459961,87.44999694824219
2020-11-20,79.528076171875,86.66000366210938
2020-11-23,80.85875701904297,88.11000061035156
2020-11-24,82.27203369140625,89.6500015258789
2020-11-25,81.64799499511719,88.97000122070312
2020-11-27,81.51032257080078,88.81999969482422
2020-11-30,80.78535461425781,88.02999877929688
2020-12-01,80.58342742919922,87.80999755859375
2020-12-02,80.6935806274414,87.93000030517578
2020-12-03,80.90465545654297,88.16000366210938
2020-12-04,81.86823272705078,89.20999908447266
2020-12-07,81.47362518310547,88.77999877929688
2020-12-08,81.86823272705078,89.20999908447266
2020-12-09,82.05179595947266,89.41000366210938
2020-12-10,81.27171325683594,88.55999755859375
2020-12-11,81.4644546508789,88.7699966430664
2020-12-14,80.40908813476562,87.62000274658203
2020-12-15,81.52867889404297,88.83999633789062
2020-12-16,81.0239486694336,88.29000091552734
2020-12-17,81.51951599121094,88.83000183105469
2020-12-18,81.52867889404297,88.83999633789062
2020-12-21,81.03662109375,87.94000244140625
2020-12-22,80.65880584716797,87.52999877929688
2020-12-23,81.08267974853516,87.98999786376953
2020-12-24,81.0918960571289,88.0
2020-12-28,81.1932601928711,88.11000061035156
2020-12-29,80.7048568725586,87.58000183105469
2020-12-30,81.22090148925781,88.13999938964844
2020-12-31,81.59872436523438,88.55000305175781
2021-01-04,79.626708984375,86.41000366210938
2021-01-05,80.41000366210938,87.26000213623047
2021-01-06,82.32669830322266,89.33999633789062
2021-01-07,82.77825927734375,89.83000183105469
2021-01-08,82.57551574707031,89.61000061035156
2021-01-11,82.5478515625,89.58000183105469
2021-01-12,83.36800384521484,90.47000122070312
2021-01-13,82.64923858642578,89.69000244140625
2021-01-14,82.93490600585938,90.0
2021-01-15,81.85673522949219,88.83000183105469
2021-01-19,82.12399291992188,89.12000274658203
2021-01-20,82.63080596923828,89.66999816894531
2021-01-21,81.98574829101562,88.97000122070312
2021-01-22,81.5618667602539,88.51000213623047
2021-01-25,81.00897979736328,87.91000366210938
2021-01-26,80.2625503540039,87.0999984741211
2021-01-27,78.66836547851562,85.37000274658203
2021-01-28,79.8386459350586,86.63999938964844
2021-01-29,78.11543273925781,84.7699966430664
2021-02-01,78.9263687133789,85.6500015258789
2021-02-02,80.60350036621094,87.47000122070312
2021-02-03,80.65880584716797,87.52999877929688
2021-02-04,81.52501678466797,88.47000122070312
2021-02-05,82.00418090820312,88.98999786376953
2021-02-08,82.70450592041016,89.75
2021-02-09,82.91646575927734,89.9800033569336
2021-02-10,82.7874526977539,89.83999633789062
2021-02-11,82.61237335205078,89.6500015258789
2021-02-12,83.21135711669922,90.30000305175781
2021-02-16,83.12841033935547,90.20999908447266
2021-02-17,82.89801788330078,89.95999908447266
2021-02-18,82.48336029052734,89.51000213623047
2021-02-19,83.83796691894531,90.9800033569336
2021-02-22,84.10520935058594,91.2699966430664
2021-02-23,84.36322784423828,91.55000305175781
2021-02-24,85.9573974609375,93.27999877929688
2021-02-25,84.37242889404297,91.55999755859375
2021-02-26,83.49700164794922,90.61000061035156
2021-03-01,85.63489532470703,92.93000030517578
2021-03-02,85.38606262207031,92.66000366210938
2021-03-03,85.47824096679688,92.76000213623047
2021-03-04,84.11439514160156,91.27999877929688
2021-03-05,86.10484313964844,93.44000244140625
2021-03-08,87.00790405273438,94.41999816894531
2021-03-09,86.6485366821289,94.02999877929688
2021-03-10,87.92940521240234,95.41999816894531
2021-03-11,87.99392700195312,95.48999786376953
2021-03-12,89.1734390258789,96.7699966430664
2021-03-15,89.91986083984375,97.58000183105469
2021-03-16,88.63897705078125,96.19000244140625
2021-03-17,89.6618423461914,97.30000305175781
2021-03-18,89.57888793945312,97.20999908447266
2021-03-19,88.8969955444336,96.47000122070312
2021-03-22,88.84708404541016,96.12000274658203
2021-03-23,87.2942123413086,94.44000244140625
2021-03-24,87.93197631835938,95.12999725341797
2021-03-25,89.33699035644531,96.6500015258789
2021-03-26,90.88060760498047,98.31999969482422
2021-03-29,90.89909362792969,98.33999633789062
2021-03-30,91.29656982421875,98.7699966430664
2021-03-31,91.00077819824219,98.44999694824219
2021-04-01,91.30580139160156,98.77999877929688
2021-04-05,92.4334945678711,100.0
2021-04-06,92.21165466308594,99.76000213623047
2021-04-07,91.7864761352539,99.30000305175781
2021-04-08,92.00830841064453,99.54000091552734
2021-04-09,92.90491485595703,100.51000213623047
2021-04-12,93.24689483642578,100.87999725341797
2021-04-13,92.79399108886719,100.38999938964844
2021-04-14,92.91416931152344,100.5199966430664
2021-04-15,93.28389739990234,100.91999816894531
2021-04-16,93.48724365234375,101.13999938964844
2021-04-19,93.09903717041016,100.72000122070312
2021-04-20,92.072998046875,99.61000061035156
2021-04-21,93.33011627197266,100.97000122070312
2021-04-22,92.85870361328125,100.45999908447266
2021-04-23,93.87548065185547,101.55999755859375
2021-04-26,93.59817504882812,101.26000213623047
2021-04-27,94.3746109008789,102.0999984741211
2021-04-28,94.18051147460938,101.88999938964844
2021-04-29,94.84600830078125,102.61000061035156
2021-04-30,94.21746063232422,101.93000030517578
2021-05-03,95.1880111694336,102.9800033569336
2021-05-04,95.60395812988281,103.43000030517578
2021-05-05,95.69640350341797,103.52999877929688
2021-05-06,96.36190795898438,104.25
2021-05-07,97.3786849975586,105.3499984741211
2021-05-10,97.47113800048828,105.44999694824219
2021-05-11,96.02915954589844,103.88999938964844
2021-05-12,93.72756958007812,101.4000015258789
2021-05-13,95.4837875366211,103.30000305175781
2021-05-14,96.80560302734375,104.7300033569336
2021-05-17,96.50981903076172,104.41000366210938
2021-05-18,95.10482788085938,102.88999938964844
2021-05-19,94.5687026977539,102.30999755859375
2021-05-20,94.78130340576172,102.54000091552734
2021-05-21,95.24348449707031,103.04000091552734
2021-05-24,95.83506774902344,103.68000030517578
2021-05-25,95.54850006103516,103.37000274658203
2021-05-26,95.85352325439453,103.69999694824219
2021-05-27,97.16609954833984,105.12000274658203
2021-05-28,97.16609954833984,105.12000274658203
2021-06-01,97.54505157470703,105.52999877929688
2021-06-02,97.26778411865234,105.2300033569336
2021-06-03,97.05516815185547,105.0
2021-06-04,97.36945343017578,105.33999633789062
2021-06-07,96.69468688964844,104.61000061035156
2021-06-08,96.94425964355469,104.87999725341797
2021-06-09,95.95523071289062,103.80999755859375
2021-06-10,95.4837875366211,103.30000305175781
2021-06-11,95.67791748046875,103.51000213623047
2021-06-14,95.24348449707031,103.04000091552734
2021-06-15,95.65018463134766,103.4800033569336
2021-06-16,94.74433898925781,102.5
2021-06-17,93.28389739990234,100.91999816894531
2021-06-18,92.072998046875,99.61000061035156
2021-06-21,94.09815216064453,101.4800033569336
2021-06-22,94.20012664794922,101.58999633789062
2021-06-23,93.98687744140625,101.36000061035156
2021-06-24,94.71939086914062,102.1500015258789
2021-06-25,94.90486145019531,102.3499984741211
2021-06-28,94.40412139892578,101.80999755859375
2021-06-29,94.21869659423828,101.61000061035156
2021-06-30,94.95122528076172,102.4000015258789
2021-07-01,95.62812042236328,103.12999725341797
2021-07-02,95.7764663696289,103.29000091552734
2021-07-06,94.8585205078125,102.30000305175781
2021-07-07,95.80427551269531,103.31999969482422
2021-07-08,94.46903228759766,101.87999725341797
2021-07-09,95.96192932128906,103.48999786376953
2021-07-12,96.09174346923828,103.62999725341797
2021-07-13,95.16446685791016,102.62999725341797
2021-07-14,95.15522766113281,102.62000274658203
2021-07-15,95.34066009521484,102.81999969482422
2021-07-16,94.49686431884766,101.91000366210938
2021-07-19,92.52179718017578,99.77999877929688
2021-07-20,95.10885620117188,102.56999969482422
2021-07-21,96.0175552368164,103.55000305175781
2021-07-22,95.66521453857422,103.16999816894531
2021-07-23,96.07319641113281,103.61000061035156
2021-07-26,96.02682495117188,103.55999755859375
2021-07-27,95.49829864501953,102.98999786376953
2021-07-28,95.27574157714844,102.75
2021-07-29,96.02682495117188,103.55999755859375
2021-07-30,95.84139251708984,103.36000061035156
2021-08-02,95.18303680419922,102.6500015258789
2021-08-03,96.4255599975586,103.98999786376953
2021-08-04,95.11812591552734,102.58000183105469
2021-08-05,95.5632095336914,103.05999755859375
2021-08-06,96.00828552246094,103.54000091552734
2021-08-09,95.62812042236328,103.12999725341797
2021-08-10,96.60174560546875,104.18000030517578
2021-08-11,97.85352325439453,105.52999877929688
2021-08-12,97.6680908203125,105.33000183105469
2021-08-13,97.36209106445312,105.0
2021-08-16,97.6959228515625,105.36000061035156
2021-08-17,96.63880920410156,104.22000122070312
2021-08-18,95.58175659179688,103.08000183105469
2021-08-19,94.91413879394531,102.36000061035156
2021-08-20,95.16446685791016,102.62999725341797
2021-08-23,95.94338989257812,103.47000122070312
2021-08-24,96.4255599975586,103.98999786376953
2021-08-25,97.04682159423828,104.66000366210938
2021-08-26,96.6202621459961,104.19999694824219
2021-08-27,97.28791046142578,104.91999816894531
2021-08-30,97.17662811279297,104.80000305175781
2021-08-31,96.90773010253906,104.51000213623047
2021-09-01,96.53682708740234,104.11000061035156
2021-09-02,97.57537078857422,105.2300033569336
2021-09-03,96.9819107055664,104.58999633789062
2021-09-07,95.30357360839844,102.77999877929688
2021-09-08,95.43338775634766,102.91999816894531
2021-09-09,94.96978759765625,102.41999816894531
2021-09-10,94.54320526123047,101.95999908447266
2021-09-13,94.79358673095703,102.2300033569336
2021-09-14,93.65306091308594,101.0
2021-09-15,94.68232727050781,102.11000061035156
2021-09-16,94.03324127197266,101.41000366210938
2021-09-17,93.03179931640625,100.33000183105469
2021-09-20,91.96479797363281,98.86000061035156
2021-09-21,91.48106384277344,98.33999633789062
2021-09-22,92.20667266845703,99.12000274658203
2021-09-23,93.62063598632812,100.63999938964844
2021-09-24,93.81598663330078,100.8499984741211
2021-09-27,93.90901947021484,100.94999694824219
2021-09-28,92.82064056396484,99.77999877929688
2021-09-29,92.92293548583984,99.88999938964844
2021-09-30,91.01592254638672,97.83999633789062
2021-10-01,92.2624740600586,99.18000030517578
2021-10-04,91.76014709472656,98.63999938964844
2021-10-05,92.78340911865234,99.73999786376953
2021-10-06,93.19273376464844,100.18000030517578
2021-10-07,93.9183120727539,100.95999908447266
2021-10-08,93.90901947021484,100.94999694824219
2021-10-11,93.15550231933594,100.13999938964844
2021-10-12,92.84852600097656,99.80999755859375
2021-10-13,93.04388427734375,100.0199966430664
2021-10-14,94.80204772949219,101.91000366210938
2021-10-15,95.71371459960938,102.88999938964844
2021-10-18,95.7788314819336,102.95999908447266
2021-10-19,96.34627532958984,103.56999969482422
2021-10-20,96.95094299316406,104.22000122070312
2021-10-21,97.14630126953125,104.43000030517578
2021-10-22,97.49048614501953,104.80000305175781
2021-10-25,97.71376037597656,105.04000091552734
2021-10-26,97.10910034179688,104.38999938964844
2021-10-27,95.97418212890625,103.16999816894531
2021-10-28,97.17420196533203,104.45999908447266
2021-10-29,97.20211029052734,104.48999786376953
2021-11-01,97.47187042236328,104.77999877929688
2021-11-02,97.79747009277344,105.12999725341797
2021-11-03,97.58352661132812,104.9000015258789
2021-11-04,97.9742431640625,105.31999969482422
2021-11-05,98.9696044921875,106.38999938964844
2021-11-08,99.37890625,106.83000183105469
2021-11-09,99.63007354736328,107.0999984741211
2021-11-10,99.07193756103516,106.5
2021-11-11,98.66260528564453,106.05999755859375
2021-11-12,99.44402313232422,106.9000015258789
2021-11-15,99.63007354736328,107.0999984741211
2021-11-16,99.64868927001953,107.12000274658203
2021-11-17,99.05331420898438,106.4800033569336
2021-11-18,98.84867858886719,106.26000213623047
2021-11-19,98.35563659667969,105.7300033569336
2021-11-22,98.62540435791016,106.0199966430664
2021-11-23,98.7928466796875,106.19999694824219
2021-11-24,98.68120574951172,106.08000183105469
2021-11-26,96.01138305664062,103.20999908447266
2021-11-29,96.17884063720703,103.38999938964844
2021-11-30,93.74158477783203,100.7699966430664
2021-12-01,92.43921661376953,99.37000274658203
2021-12-02,95.1834716796875,102.31999969482422
2021-12-03,95.07183074951172,102.19999694824219
2021-12-06,96.68118286132812,103.93000030517578
2021-12-07,97.66722869873047,104.98999786376953
2021-12-08,97.90910339355469,105.25
2021-12-09,97.60213470458984,104.91999816894531
2021-12-10,98.00213623046875,105.3499984741211
2021-12-13,96.98815155029297,104.26000213623047
2021-12-14,96.06720733642578,103.2699966430664
2021-12-15,96.90443420410156,104.16999816894531
2021-12-16,96.95094299316406,104.22000122070312
2021-12-17,95.29510498046875,102.44000244140625
2021-12-20,93.76840209960938,100.41999816894531
2021-12-21,95.63593292236328,102.41999816894531
2021-12-22,95.90670776367188,102.70999908447266
2021-12-23,97.03656005859375,103.91999816894531
2021-12-27,98.06368255615234,105.0199966430664
2021-12-28,98.55858612060547,105.55000305175781
2021-12-29,98.73599243164062,105.73999786376953
2021-12-30,98.38118743896484,105.36000061035156
2021-12-31,98.80138397216797,105.80999755859375
2022-01-03,97.989013671875,104.94000244140625
2022-01-04,99.95924377441406,107.05000305175781
2022-01-05,99.00680541992188,106.02999877929688
2022-01-06,99.46434783935547,106.5199966430664
2022-01-07,99.43632507324219,106.48999786376953
2022-01-10,98.31584167480469,105.29000091552734
2022-01-11,98.9040756225586,105.91999816894531
2022-01-12,99.2215805053711,106.26000213623047
2022-01-13,99.43632507324219,106.48999786376953
2022-01-14,98.8387222290039,105.8499984741211
2022-01-18,97.69954681396484,104.62999725341797
2022-01-19,96.60704803466797,103.45999908447266
2022-01-20,95.37448120117188,102.13999938964844
2022-01-21,94.4967269897461,101.19999694824219
2022-01-24,95.03831481933594,101.77999877929688
2022-01-25,94.10455322265625,100.77999877929688
2022-01-26,93.28282928466797,99.9000015258789
2022-01-27,92.45179748535156,99.01000213623047
2022-01-28,93.09608459472656,99.69999694824219
2022-01-31,94.06719207763672,100.73999786376953
2022-02-01,95.36511993408203,102.12999725341797
2022-02-02,96.02810668945312,102.83999633789062
2022-02-03,94.4967269897461,101.19999694824219
2022-02-04,93.47893524169922,100.11000061035156
2022-02-07,93.55364990234375,100.19000244140625
2022-02-08,94.48739624023438,101.19000244140625
2022-02-09,95.78532409667969,102.58000183105469
2022-02-10,94.21659851074219,100.9000015258789
2022-02-11,92.77861022949219,99.36000061035156
2022-02-14,92.43311309814453,98.98999786376953
2022-02-15,93.82442474365234,100.4800033569336
2022-02-16,94.31932830810547,101.01000213623047
2022-02-17,92.59186553955078,99.16000366210938
2022-02-18,91.826171875,98.33999633789062
2022-02-22,90.93910217285156,97.38999938964844
2022-02-23,89.26766967773438,95.5999984741211
2022-02-24,90.4068603515625,96.81999969482422
2022-02-25,92.5638427734375,99.12999725341797
2022-02-28,93.27348327636719,99.88999938964844
2022-03-01,91.88219451904297,98.4000015258789
2022-03-02,93.84309387207031,100.5
2022-03-03,93.9458236694336,100.61000061035156
2022-03-04,93.74039459228516,100.38999938964844
2022-03-07,91.22857666015625,97.69999694824219
2022-03-08,90.66830444335938,97.0999984741211
2022-03-09,92.31173706054688,98.86000061035156
2022-03-10,92.1903305053711,98.7300033569336
2022-03-11,91.45267486572266,97.94000244140625
2022-03-14,91.76080322265625,98.2699966430664
2022-03-15,93.21747589111328,99.83000183105469
2022-03-16,94.45005798339844,101.1500015258789
2022-03-17,95.6639404296875,102.44999694824219
2022-03-18,96.02810668945312,102.83999633789062
2022-03-21,96.24451446533203,102.7300033569336
2022-03-22,96.76915740966797,103.29000091552734
2022-03-23,95.84169006347656,102.30000305175781
2022-03-24,96.57242584228516,103.08000183105469
2022-03-25,97.1720199584961,103.72000122070312
2022-03-28,97.20013427734375,103.75
2022-03-29,98.09951782226562,104.70999908447266
2022-03-30,97.9870834350586,104.58999633789062
2022-03-31,96.47872924804688,102.9800033569336
2022-04-01,95.729248046875,102.18000030517578
2022-04-04,95.60746002197266,102.05000305175781
2022-04-05,94.24899291992188,100.5999984741211
2022-04-06,93.51822662353516,99.81999969482422
2022-04-07,93.83677673339844,100.16000366210938
2022-04-08,93.31210327148438,99.5999984741211
2022-04-11,93.01232147216797,99.27999877929688
2022-04-12,92.86241149902344,99.12000274658203
2022-04-13,93.73370361328125,100.05000305175781
2022-04-14,93.6306381225586,99.94000244140625
2022-04-18,93.30276489257812,99.58999633789062
2022-04-19,94.99848175048828,101.4000015258789
2022-04-20,95.51376342773438,101.94999694824219
2022-04-21,94.53942108154297,100.91000366210938
2022-04-22,92.21597290039062,98.43000030517578
2022-04-25,92.21597290039062,98.43000030517578
2022-04-26,90.20171356201172,96.27999877929688
2022-04-27,90.53900146484375,96.63999938964844
2022-04-28,91.56018829345703,97.7300033569336
2022-04-29,89.13368225097656,95.13999938964844
2022-05-02,89.32105255126953,95.33999633789062
2022-05-03,89.91128540039062,95.97000122070312
2022-05-04,92.5157699584961,98.75
2022-05-05,90.09864807128906,96.16999816894531
2022-05-06,89.48968505859375,95.5199966430664
2022-05-09,87.32552337646484,93.20999908447266
2022-05-10,86.7540283203125,92.5999984741211
2022-05-11,85.96705627441406,91.76000213623047
2022-05-12,86.1263427734375,91.93000030517578
2022-05-13,87.22247314453125,93.0999984741211
2022-05-16,87.1006851196289,92.97000122070312
2022-05-17,89.07747650146484,95.08000183105469
2022-05-18,85.76095581054688,91.54000091552734
2022-05-19,84.99273681640625,90.72000122070312
2022-05-20,84.07457733154297,89.73999786376953
2022-05-23,85.4517822265625,91.20999908447266
2022-05-24,85.40494537353516,91.16000366210938
2022-05-25,85.9014663696289,91.69000244140625
2022-05-26,87.6440658569336,93.55000305175781
2022-05-27,89.44283294677734,95.47000122070312
2022-05-31,88.72147369384766,94.69999694824219
2022-06-01,88.17809295654297,94.12000274658203
2022-06-02,89.86444091796875,95.91999816894531
2022-06-03,89.517822265625,95.55000305175781
2022-06-06,89.89253997802734,95.94999694824219
2022-06-07,91.10110473632812,97.23999786376953
2022-06-08,89.45221710205078,95.4800033569336
2022-06-09,87.69090270996094,93.5999984741211
2022-06-10,85.10514831542969,90.83999633789062
2022-06-13,82.54747772216797,88.11000061035156
2022-06-14,82.34138488769531,87.88999938964844
2022-06-15,83.13771057128906,88.73999786376953
2022-06-16,80.36458587646484,85.77999877929688
2022-06-17,80.15849304199219,85.55999755859375
2022-06-21,81.62075805664062,86.73999786376953
2022-06-22,81.16909790039062,86.26000213623047
2022-06-23,80.75507354736328,85.81999969482422
2022-06-24,83.57801055908203,88.81999969482422
2022-06-27,83.38040161132812,88.61000061035156
2022-06-28,82.41120147705078,87.58000183105469
2022-06-29,81.93128967285156,87.06999969482422
2022-06-30,82.18535614013672,87.33999633789062
2022-07-01,82.9004898071289,88.0999984741211
2022-07-05,81.65840911865234,86.77999877929688
2022-07-06,82.12889862060547,87.27999877929688
2022-07-07,83.09810638427734,88.30999755859375
2022-07-08,82.72173309326172,87.91000366210938
2022-07-11,82.16653442382812,87.31999969482422
2022-07-12,81.9124755859375,87.05000305175781
2022-07-13,80.91502380371094,85.98999786376953
2022-07-14,80.45394134521484,85.5
2022-07-15,81.71487426757812,86.83999633789062
2022-07-18,81.22557067871094,86.31999969482422
2022-07-19,84.12378692626953,89.4000015258789
2022-07-20,84.77305603027344,90.08999633789062
2022-07-21,85.38470458984375,90.73999786376953
2022-07-22,85.11181640625,90.44999694824219
2022-07-25,85.51641845703125,90.87999725341797
2022-07-26,85.05535125732422,90.38999938964844
2022-07-27,86.37271118164062,91.79000091552734
2022-07-28,88.17941284179688,93.70999908447266
2022-07-29,89.9955062866211,95.63999938964844
2022-08-01,90.08960723876953,95.73999786376953
2022-08-02,89.13922119140625,94.7300033569336
2022-08-03,89.97669219970703,95.62000274658203
2022-08-04,90.3060302734375,95.97000122070312
2022-08-05,90.44718170166016,96.12000274658203
2022-08-08,90.41893768310547,96.08999633789062
2022-08-09,90.08960723876953,95.73999786376953
2022-08-10,92.065673828125,97.83999633789062
2022-08-11,92.55498504638672,98.36000061035156
2022-08-12,93.94762420654297,99.83999633789062
2022-08-15,94.17346954345703,100.08000183105469
2022-08-16,94.59690856933594,100.52999877929688
2022-08-17,93.84413146972656,99.7300033569336
2022-08-18,94.22050476074219,100.12999725341797
2022-08-19,93.00665283203125,98.83999633789062
2022-08-22,91.23761749267578,96.95999908447266
2022-08-23,91.406982421875,97.13999938964844
2022-08-24,91.70809936523438,97.45999908447266
2022-08-25,93.11016082763672,98.94999694824219
2022-08-26,89.88258361816406,95.5199966430664
2022-08-29,89.47796630859375,95.08999633789062
2022-08-30,88.18883514404297,93.72000122070312
2022-08-31,87.44544219970703,92.93000030517578
2022-09-01,87.56777954101562,93.05999755859375
2022-09-02,86.72088623046875,92.16000366210938
2022-09-06,86.86204528808594,92.30999755859375
2022-09-07,88.25469207763672,93.79000091552734
2022-09-08,88.51815795898438,94.06999969482422
2022-09-09,89.6661605834961,95.29000091552734
2022-09-12,90.20252990722656,95.86000061035156
2022-09-13,86.80558776855469,92.25
2022-09-14,86.63619995117188,92.06999969482422
2022-09-15,85.73286437988281,91.11000061035156
2022-09-16,83.94499969482422,89.20999908447266
2022-09-19,85.08430480957031,89.98999786376953
2022-09-20,84.02536010742188,88.87000274658203
2022-09-21,82.9096908569336,87.69000244140625
2022-09-22,81.66165161132812,86.37000274658203
2022-09-23,80.12995910644531,84.75
2022-09-26,79.28849029541016,83.86000061035156
2022-09-27,79.02375030517578,83.58000183105469
2022-09-28,80.763427734375,85.41999816894531
2022-09-29,79.36410522460938,83.94000244140625
2022-09-30,78.32408142089844,82.83999633789062
2022-10-03,80.68780517578125,85.33999633789062
2022-10-04,83.49589538574219,88.30999755859375
2022-10-05,83.04206848144531,87.83000183105469
2022-10-06,82.08712005615234,86.81999969482422
2022-10-07,80.51761627197266,85.16000366210938
2022-10-10,80.80125427246094,85.45999908447266
2022-10-11,80.78234100341797,85.44000244140625
2022-10-12,80.14885711669922,84.7699966430664
2022-10-13,81.91693115234375,86.63999938964844
2022-10-14,80.1205062866211,84.73999786376953
2022-10-17,81.86964416503906,86.58999633789062
2022-10-18,83.84571838378906,88.68000030517578
2022-10-19,83.25007629394531,88.05000305175781
2022-10-20,81.61437225341797,86.31999969482422
2022-10-21,83.85517883300781,88.69000244140625
2022-10-24,84.97085571289062,89.87000274658203
2022-10-25,86.11487579345703,91.08000183105469
2022-10-26,86.41744995117188,91.4000015258789
2022-10-27,87.42910766601562,92.47000122070312
2022-10-28,89.46190643310547,94.62000274658203
2022-10-31,89.20661163330078,94.3499984741211
2022-11-01,89.12152862548828,94.26000213623047
2022-11-02,87.5520248413086,92.5999984741211
2022-11-03,88.46915435791016,93.56999969482422
2022-11-04,89.88736724853516,95.06999969482422
2022-11-07,90.85176849365234,96.08999633789062
2022-11-08,91.64598083496094,96.93000030517578
2022-11-09,90.36956787109375,95.58000183105469
2022-11-10,94.16098022460938,99.58999633789062
2022-11-11,94.10425567626953,99.52999877929688
2022-11-14,93.52748107910156,98.91999816894531
2022-11-15,94.17041778564453,99.5999984741211
2022-11-16,93.48966217041016,98.87999725341797
2022-11-17,93.32894134521484,98.70999908447266
2022-11-18,94.0191421508789,99.44000244140625
2022-11-21,94.32169342041016,99.76000213623047
2022-11-22,95.04972839355469,100.52999877929688
2022-11-23,95.40901947021484,100.91000366210938
2022-11-25,95.77776336669922,101.30000305175781
2022-11-28,94.0380630493164,99.45999908447266
2022-11-29,94.61480712890625,100.06999969482422
2022-11-30,96.17487335205078,101.72000122070312
2022-12-01,96.2032241821289,101.75
2022-12-02,96.75161743164062,102.33000183105469
2022-12-05,95.13483428955078,100.62000274658203
2022-12-06,94.00969696044922,99.43000030517578
2022-12-07,93.88679504394531,99.30000305175781
2022-12-08,94.44461059570312,99.88999938964844
2022-12-09,93.66932678222656,99.06999969482422
2022-12-12,95.27664947509766,100.7699966430664
2022-12-13,95.63592529296875,101.1500015258789
2022-12-14,95.4562759399414,100.95999908447266
2022-12-15,93.14930725097656,98.5199966430664
2022-12-16,92.75221252441406,98.0999984741211
2022-12-19,92.26390075683594,97.12000274658203
2022-12-20,92.3779067993164,97.23999786376953
2022-12-21,94.11639404296875,99.06999969482422
2022-12-22,92.9194107055664,97.80999755859375
2022-12-23,93.47039794921875,98.38999938964844
2022-12-27,93.75540161132812,98.69000244140625
2022-12-28,92.5299072265625,97.4000015258789
2022-12-29,93.6698989868164,98.5999984741211
2022-12-30,93.29940032958984,98.20999908447266
2023-01-03,93.49888610839844,98.41999816894531
2023-01-04,94.32538604736328,99.29000091552734
2023-01-05,93.30889129638672,98.22000122070312
2023-01-06,95.86438751220703,100.91000366210938
2023-01-09,95.4368896484375,100.45999908447266
2023-01-10,95.95939636230469,101.01000213623047
2023-01-11,96.88090515136719,101.9800033569336
2023-01-12,97.45089721679688,102.58000183105469
2023-01-13,97.33690643310547,102.45999908447266
2023-01-17,96.5103759765625,101.58999633789062
2023-01-18,94.6958999633789,99.68000030517578
2023-01-19,92.7483901977539,97.62999725341797
2023-01-20,94.04039001464844,98.98999786376953
2023-01-23,95.06639862060547,100.06999969482422
2023-01-24,95.69339752197266,100.7300033569336
2023-01-25,95.1613998413086,100.16999816894531
2023-01-26,95.68388366699219,100.72000122070312
2023-01-27,96.08287811279297,101.13999938964844
2023-01-30,95.14241027832031,100.1500015258789
2023-01-31,96.75738525390625,101.8499984741211
2023-02-01,97.46039581298828,102.58999633789062
2023-02-02,98.22039794921875,103.38999938964844
2023-02-03,97.7073974609375,102.8499984741211
2023-02-06,97.46988677978516,102.5999984741211
2023-02-07,97.77388000488281,102.91999816894531
2023-02-08,97.22289276123047,102.33999633789062
2023-02-09,96.34889221191406,101.41999816894531
2023-02-10,97.03290557861328,102.13999938964844
2023-02-13,97.91639709472656,103.06999969482422
2023-02-14,97.650390625,102.79000091552734
2023-02-15,98.25837707519531,103.43000030517578
2023-02-16,97.24190521240234,102.36000061035156
2023-02-17,97.8783950805664,103.02999877929688
2023-02-21,95.63638305664062,100.66999816894531
2023-02-22,95.39888763427734,100.41999816894531
2023-02-23,95.84539031982422,100.88999938964844
2023-02-24,95.29440307617188,100.30999755859375
2023-02-27,96.139892578125,101.19999694824219
2023-02-28,95.92140197753906,100.97000122070312
2023-03-01,96.30139923095703,101.37000274658203
2023-03-02,97.43187713623047,102.55999755859375
2023-03-03,98.48638916015625,103.66999816894531
2023-03-06,98.30589294433594,103.4800033569336
2023-03-07,97.0423812866211,102.1500015258789
2023-03-08,97.27040100097656,102.38999938964844
2023-03-09,95.83589935302734,100.87999725341797
2023-03-10,94.04989624023438,99.0
2023-03-13,93.51788330078125,98.44000244140625
2023-03-14,94.50590515136719,99.4800033569336
2023-03-15,92.17840576171875,97.02999877929688
2023-03-16,93.36589050292969,98.27999877929688
2023-03-17,91.83639526367188,96.66999816894531
2023-03-20,93.05261993408203,97.55000305175781
2023-03-21,94.13052368164062,98.68000030517578
2023-03-22,92.32765197753906,96.79000091552734
2023-03-23,92.06056213378906,96.51000213623047
2023-03-24,92.44213104248047,96.91000366210938
2023-03-27,93.21479797363281,97.72000122070312
2023-03-28,93.69172668457031,98.22000122070312
2023-03-29,95.05579376220703,99.6500015258789
2023-03-30,95.25611877441406,99.86000061035156
2023-03-31,96.51525115966797,101.18000030517578
2023-04-03,96.68697357177734,101.36000061035156
2023-04-04,94.52161407470703,99.08999633789062
2023-04-05,93.29109954833984,97.80000305175781
2023-04-06,93.2624740600586,97.7699966430664
2023-04-10,94.11145782470703,98.66000366210938
2023-04-11,94.67422485351562,99.25
2023-04-12,94.98904418945312,99.58000183105469
2023-04-13,95.34198760986328,99.94999694824219
2023-04-14,95.22750091552734,99.83000183105469
2023-04-17,95.98108673095703,100.62000274658203
2023-04-18,96.43894958496094,101.0999984741211
2023-04-19,96.36265563964844,101.0199966430664
2023-04-20,96.19093322753906,100.83999633789062
2023-04-21,95.97154235839844,100.61000061035156
2023-04-24,96.20047760009766,100.8499984741211
2023-04-25,94.42621612548828,98.98999786376953
2023-04-26,92.64244842529297,97.12000274658203
2023-04-27,94.47391510009766,99.04000091552734
2023-04-28,95.38965606689453,100.0
2023-05-01,95.90476989746094,100.54000091552734
2023-05-02,94.9031753540039,99.48999786376953
2023-05-03,94.54068756103516,99.11000061035156
2023-05-04,93.51048278808594,98.02999877929688
2023-05-05,94.92227935791016,99.51000213623047
2023-05-08,94.57886505126953,99.1500015258789
2023-05-09,94.78871154785156,99.37000274658203
2023-05-10,94.44529724121094,99.01000213623047
2023-05-11,93.87297058105469,98.41000366210938
2023-05-12,93.93974304199219,98.4800033569336
2023-05-15,94.3976058959961,98.95999908447266
2023-05-16,93.11939239501953,97.62000274658203
2023-05-17,94.72193908691406,99.30000305175781
2023-05-18,95.40874481201172,100.0199966430664
2023-05-19,95.17980194091797,99.77999877929688
2023-05-22,95.16072082519531,99.76000213623047
2023-05-23,94.01604461669922,98.55999755859375
2023-05-24,92.80460357666016,97.29000091552734
2023-05-25,93.10984802246094,97.61000061035156
2023-05-26,93.80619812011719,98.33999633789062
2023-05-30,93.6631088256836,98.19000244140625
2023-05-31,92.3848876953125,96.8499984741211
2023-06-01,93.56773376464844,98.08999633789062
2023-06-02,96.28632354736328,100.94000244140625
2023-06-05,95.61860656738281,100.23999786376953
2023-06-06,96.21955871582031,100.87000274658203
2023-06-07,97.7648696899414,102.48999786376953
2023-06-08,97.93656158447266,102.66999816894531
2023-06-09,97.67900848388672,102.4000015258789
2023-06-12,98.3753662109375,103.12999725341797
2023-06-13,99.5200424194336,104.33000183105469
2023-06-14,99.25293731689453,104.05000305175781
2023-06-15,100.75057220458984,105.62000274658203
2023-06-16,100.58839416503906,105.44999694824219
2023-06-20,99.84138488769531,104.25
2023-06-21,100.39686584472656,104.83000183105469
2023-06-22,99.66899871826172,104.06999969482422
2023-06-23,98.91239929199219,103.27999877929688
2023-06-26,99.73601531982422,104.13999938964844
2023-06-27,100.93316650390625,105.38999938964844
2023-06-28,100.93316650390625,105.38999938964844
2023-06-29,101.91004943847656,106.41000366210938
2023-06-30,102.78155517578125,107.31999969482422
2023-07-03,102.80069732666016,107.33999633789062
2023-07-05,102.2452621459961,106.76000213623047
2023-07-06,101.47907257080078,105.95999908447266
2023-07-07,101.70891571044922,106.19999694824219
2023-07-10,103.15505981445312,107.70999908447266
2023-07-11,104.3713607788086,108.9800033569336
2023-07-12,104.18938446044922,108.79000091552734
2023-07-13,104.323486328125,108.93000030517578
2023-07-14,104.01699829101562,108.61000061035156
2023-07-17,104.40965270996094,109.0199966430664
2023-07-18,104.99388122558594,109.62999725341797
2023-07-19,104.94598388671875,109.58000183105469
2023-07-20,105.4152603149414,110.06999969482422
2023-07-21,104.9172592163086,109.55000305175781
2023-07-24,105.15667724609375,109.80000305175781
2023-07-25,105.0226058959961,109.66000366210938
2023-07-26,105.76005554199219,110.43000030517578
2023-07-27,104.85021209716797,109.4800033569336
2023-07-28,105.50146484375,110.16000366210938
2023-07-31,105.75045776367188,110.41999816894531
2023-08-01,106.0665054321289,110.75
2023-08-02,104.95555877685547,109.58999633789062
2023-08-03,104.29474639892578,108.9000015258789
2023-08-04,103.66265106201172,108.23999786376953
2023-08-07,104.93640899658203,109.56999969482422
2023-08-08,104.4575424194336,109.06999969482422
2023-08-09,104.40008544921875,109.01000213623047
2023-08-10,104.11277770996094,108.70999908447266
2023-08-11,104.28517150878906,108.88999938964844
2023-08-14,104.323486328125,108.93000030517578
2023-08-15,102.99225616455078,107.54000091552734
2023-08-16,102.4176254272461,106.94000244140625
2023-08-17,101.55570220947266,106.04000091552734
2023-08-18,101.74722290039062,106.23999786376953
2023-08-21,101.62271881103516,106.11000061035156
2023-08-22,101.38330078125,105.86000061035156
2023-08-23,102.42720031738281,106.94999694824219
2023-08-24,101.18217468261719,105.6500015258789
2023-08-25,102.03455352783203,106.54000091552734
2023-08-28,102.86774444580078,107.41000366210938
2023-08-29,103.65306854248047,108.2300033569336
2023-08-30,104.12236022949219,108.72000122070312
2023-08-31,103.65306854248047,108.2300033569336
2023-09-01,104.19895935058594,108.80000305175781
2023-09-05,102.44635772705078,106.97000122070312
2023-09-06,102.00580596923828,106.51000213623047
2023-09-07,101.67061614990234,106.16000366210938
2023-09-08,101.16301727294922,105.62999725341797
2023-09-11,101.19176483154297,105.66000366210938
2023-09-12,100.82783508300781,105.27999877929688
2023-09-13,100.15743255615234,104.58000183105469
2023-09-14,101.14386749267578,105.61000061035156
2023-09-15,100.55966186523438,105.0
2023-09-18,100.67121887207031,104.69000244140625
2023-09-19,100.24810791015625,104.25
2023-09-20,99.8538589477539,103.83999633789062
2023-09-21,98.21910858154297,102.13999938964844
2023-09-22,97.88253784179688,101.79000091552734
2023-09-25,98.37297058105469,102.30000305175781
2023-09-26,96.87284088134766,100.73999786376953
2023-09-27,97.59404754638672,101.48999786376953
2023-09-28,98.0075454711914,101.91999816894531
2023-09-29,97.48826599121094,101.37999725341797
2023-10-02,96.53628540039062,100.38999938964844
2023-10-03,95.86315155029297,99.69000244140625
2023-10-04,96.1708755493164,100.01000213623047
2023-10-05,95.603515625,99.41999816894531
2023-10-06,96.91132354736328,100.77999877929688
2023-10-09,98.4306640625,102.36000061035156
2023-10-10,99.02685546875,102.9800033569336
2023-10-11,99.623046875,103.5999984741211
2023-10-12,98.7191390991211,102.66000366210938
2023-10-13,97.84407806396484,101.75
2023-10-16,98.88263702392578,102.83000183105469
2023-10-17,99.19034576416016,103.1500015258789
2023-10-18,96.79592895507812,100.66000366210938
2023-10-19,95.90161895751953,99.7300033569336
2023-10-20,94.9111557006836,98.69999694824219
2023-10-23,94.46881866455078,98.23999786376953
2023-10-24,95.18041229248047,98.9800033569336
2023-10-25,93.95915222167969,97.70999908447266
2023-10-26,93.56488800048828,97.30000305175781
2023-10-27,92.7379150390625,96.44000244140625
2023-10-30,93.89183807373047,97.63999938964844
2023-10-31,94.5842056274414,98.36000061035156
2023-11-01,94.89192962646484,98.68000030517578
2023-11-02,96.84400177001953,100.70999908447266
2023-11-03,97.6998291015625,101.5999984741211
2023-11-06,97.44020080566406,101.33000183105469
2023-11-07,97.19979095458984,101.08000183105469
2023-11-08,97.42096710205078,101.30999755859375
2023-11-09,97.20941162109375,101.08999633789062
2023-11-10,98.61335754394531,102.55000305175781
2023-11-13,98.69990539550781,102.63999938964844
2023-11-14,100.68083190917969,104.69999694824219
2023-11-15,100.89238739013672,104.91999816894531
2023-11-16,100.91162109375,104.94000244140625
2023-11-17,101.55589294433594,105.61000061035156
2023-11-20,101.8636245727539,105.93000030517578
2023-11-21,101.78667449951172,105.8499984741211
2023-11-22,102.00784301757812,106.08000183105469
2023-11-24,102.25788116455078,106.33999633789062
2023-11-27,101.680908203125,105.73999786376953
2023-11-28,101.44049835205078,105.48999786376953
2023-11-29,101.82516479492188,105.88999938964844
2023-11-30,102.94062042236328,107.05000305175781
2023-12-01,104.56574249267578,108.73999786376953
2023-12-04,104.73883819580078,108.91999816894531
2023-12-05,103.89262390136719,108.04000091552734
2023-12-06,104.35420227050781,108.5199966430664
2023-12-07,104.45035552978516,108.62000274658203
2023-12-08,104.77730560302734,108.95999908447266
2023-12-11,105.77737426757812,110.0
2023-12-12,106.25818634033203,110.5
2023-12-13,107.44097137451172,111.7300033569336
2023-12-14,108.82569122314453,113.16999816894531
2023-12-15,108.68144226074219,113.0199966430664
2023-12-18,108.67662048339844,112.4000015258789
2023-12-19,109.51778411865234,113.2699966430664
2023-12-20,107.74842071533203,111.44000244140625
2023-12-21,108.86031341552734,112.58999633789062
2023-12-22,109.3824234008789,113.12999725341797
2023-12-26,110.15593719482422,113.93000030517578
2023-12-27,110.3202896118164,114.0999984741211
2023-12-28,110.34930419921875,114.12999725341797
2023-12-29,110.21394348144531,113.98999786376953
2024-01-02,109.10203552246094,112.83999633789062
2024-01-03,107.47769165039062,111.16000366210938
2024-01-04,107.61304473876953,111.30000305175781
2024-01-05,107.73875427246094,111.43000030517578
2024-01-08,108.44457244873047,112.16000366210938
2024-01-09,108.10615539550781,111.80999755859375
2024-01-10,108.65726470947266,112.37999725341797
2024-01-11,108.40589141845703,112.12000274658203
2024-01-12,108.3962173461914,112.11000061035156
2024-01-16,107.30365753173828,110.9800033569336
2024-01-17,106.57850646972656,110.2300033569336
2024-01-18,108.0191421508789,111.72000122070312
2024-01-19,108.72496032714844,112.44999694824219
2024-01-22,109.56613159179688,113.31999969482422
2024-01-23,109.47913360595703,113.2300033569336
2024-01-24,108.80231475830078,112.52999877929688
2024-01-25,109.84652709960938,113.61000061035156
2024-01-26,109.67249298095703,113.43000030517578
2024-01-29,110.38796997070312,114.16999816894531
2024-01-30,110.42664337158203,114.20999908447266
2024-01-31,109.15038299560547,112.88999938964844
2024-02-01,111.00676727294922,114.80999755859375
2024-02-02,111.75126647949219,115.58000183105469
2024-02-05,111.14214324951172,114.94999694824219
2024-02-06,112.13802337646484,115.9800033569336
2024-02-07,112.88251495361328,116.75
2024-02-08,112.90184783935547,116.7699966430664
2024-02-09,113.07587432861328,116.94999694824219
2024-02-12,113.24024963378906,117.12000274658203
2024-02-13,112.08000183105469,115.91999816894531
2024-02-14,113.95574188232422,117.86000061035156
2024-02-15,114.80658721923828,118.73999786376953
2024-02-16,114.1201171875,118.02999877929688
2024-02-20,113.76237487792969,117.66000366210938
2024-02-21,114.216796875,118.12999725341797
2024-02-22,115.62843322753906,119.58999633789062
2024-02-23,116.23755645751953,120.22000122070312
2024-02-26,116.06353759765625,120.04000091552734
2024-02-27,116.23755645751953,120.22000122070312
2024-02-28,116.63398742675781,120.62999725341797
2024-02-29,116.99172973632812,121.0
2024-03-01,117.49449157714844,121.5199966430664
2024-03-04,117.91992950439453,121.95999908447266
2024-03-05,116.95304107666016,120.95999908447266
2024-03-06,117.56217956542969,121.58999633789062
2024-03-07,118.50973510742188,122.56999969482422
2024-03-08,118.24866485595703,122.30000305175781
2024-03-11,117.63954162597656,121.66999816894531
2024-03-12,118.16163635253906,122.20999908447266
2024-03-13,118.48072814941406,122.54000091552734
2024-03-14,117.9779281616211,122.0199966430664
2024-03-15,117.99728393554688,122.04000091552734
2024-03-18,118.2067642211914,121.87999725341797
2024-03-19,119.2251205444336,122.93000030517578
2024-03-20,120.6605224609375,124.41000366210938
2024-03-21,121.85343170166016,125.63999938964844
2024-03-22,121.43639373779297,125.20999908447266
2024-03-25,120.65081787109375,124.4000015258789
2024-03-26,120.21437072753906,123.94999694824219
2024-03-27,122.1444091796875,125.94000244140625
2024-03-28,122.16381072998047,125.95999908447266
2024-04-01,121.22303009033203,124.98999786376953
2024-04-02,120.6605224609375,124.41000366210938
2024-04-03,121.28123474121094,125.05000305175781
2024-04-04,120.21437072753906,123.94999694824219
2024-04-05,121.88253784179688,125.66999816894531
2024-04-08,121.6691665649414,125.44999694824219
2024-04-09,121.3879165649414,125.16000366210938
2024-04-10,120.35016632080078,124.08999633789062
2024-04-11,120.4859390258789,124.2300033569336
2024-04-12,119.1960220336914,122.9000015258789
2024-04-15,118.34253692626953,122.0199966430664
2024-04-16,118.07098388671875,121.73999786376953
2024-04-17,117.4599838256836,121.11000061035156
2024-04-18,117.05264282226562,120.69000244140625
2024-04-19,116.8392562866211,120.47000122070312
2024-04-22,117.72183990478516,121.37999725341797
2024-04-23,119.36090850830078,123.06999969482422
2024-04-24,118.41043853759766,122.08999633789062
2024-04-25,118.769287109375,122.45999908447266
2024-04-26,118.9632568359375,122.66000366210938
2024-04-29,119.758544921875,123.4800033569336
2024-04-30,117.85761260986328,121.5199966430664
2024-05-01,117.56665802001953,121.22000122070312
2024-05-02,118.24555969238281,121.91999816894531
2024-05-03,119.06993103027344,122.7699966430664
2024-05-06,120.2725830078125,124.01000213623047
2024-05-07,120.60233306884766,124.3499984741211
2024-05-08,120.60233306884766,124.3499984741211
2024-05-09,121.80494689941406,125.58999633789062
2024-05-10,121.89224243164062,125.68000030517578
2024-05-13,121.37821960449219,125.1500015258789
2024-05-14,121.34912872314453,125.12000274658203
2024-05-15,122.1444091796875,125.94000244140625
2024-05-16,121.41699981689453,125.19000244140625
2024-05-17,121.55279541015625,125.33000183105469
2024-05-20,121.78556060791016,125.56999969482422
2024-05-21,121.3879165649414,125.16000366210938
2024-05-22,121.53338623046875,125.30999755859375
2024-05-23,120.09799194335938,123.83000183105469
2024-05-24,120.70901489257812,124.45999908447266
2024-05-28,119.23480987548828,122.94000244140625
2024-05-29,117.54725646972656,121.19999694824219
2024-05-30,118.35224151611328,122.02999877929688
2024-05-31,119.78764343261719,123.51000213623047
2024-06-03,118.32313537597656,122.0
2024-06-04,118.03219604492188,121.69999694824219
2024-06-05,119.2251205444336,122.93000030517578
2024-06-06,118.5171127319336,122.19999694824219
2024-06-07,118.64321899414062,122.33000183105469
2024-06-10,119.0117416381836,122.70999908447266
2024-06-11,118.33284759521484,122.01000213623047
2024-06-12,119.4578857421875,123.16999816894531
2024-06-13,118.69170379638672,122.37999725341797
2024-06-14,117.498779296875,121.1500015258789
2024-06-17,118.79837799072266,122.48999786376953
2024-06-18,119.43849182128906,123.1500015258789
2024-06-20,119.51607513427734,123.2300033569336
2024-06-21,119.263916015625,122.97000122070312
2024-06-24,119.77095031738281,123.06999969482422
2024-06-25,118.74908447265625,122.0199966430664
2024-06-26,118.42794799804688,121.69000244140625
2024-06-27,118.55445098876953,121.81999969482422
2024-06-28,118.60311889648438,121.87000274658203
2024-07-01,117.32821655273438,120.55999755859375
2024-07-02,117.97052764892578,121.22000122070312
2024-07-03,118.39875030517578,121.66000366210938
2024-07-05,117.97052764892578,121.22000122070312
2024-07-08,118.11653137207031,121.37000274658203
2024-07-09,117.60072326660156,120.83999633789062
2024-07-10,118.65177154541016,121.91999816894531
2024-07-11,120.16022491455078,123.47000122070312
2024-07-12,120.85118103027344,124.18000030517578
2024-07-15,121.71733856201172,125.06999969482422
2024-07-16,124.75369262695312,128.19000244140625
2024-07-17,123.15766143798828,126.55000305175781
2024-07-18,122.19419860839844,125.55999755859375
2024-07-19,121.52269744873047,124.87000274658203
2024-07-22,122.7586441040039,126.13999938964844
2024-07-23,122.52507781982422,125.9000015258789
2024-07-24,119.88772583007812,123.19000244140625
2024-07-25,120.85118103027344,124.18000030517578
2024-07-26,122.91436004638672,126.30000305175781
2024-07-29,122.70027160644531,126.08000183105469
2024-07-30,123.06033325195312,126.44999694824219
2024-07-31,124.43254852294922,127.86000061035156
2024-08-01,122.12606811523438,125.48999786376953
2024-08-02,119.44007110595703,122.7300033569336
2024-08-05,117.36714935302734,120.5999984741211
2024-08-06,118.77828216552734,122.05000305175781
2024-08-07,118.20410919189453,121.45999908447266
2024-08-08,120.92904663085938,124.26000213623047
2024-08-09,120.94850158691406,124.27999877929688
2024-08-12,120.33538818359375,123.6500015258789
2024-08-13,121.60054016113281,124.94999694824219
2024-08-14,122.09687805175781,125.45999908447266
2024-08-15,123.74156951904297,127.1500015258789
2024-08-16,123.56639099121094,126.97000122070312
2024-08-19,124.31575012207031,127.73999786376953
2024-08-20,123.97514343261719,127.38999938964844
2024-08-21,124.7245101928711,128.16000366210938
2024-08-22,124.56878662109375,128.0
2024-08-23,125.81446838378906,129.27999877929688
2024-08-26,125.67823791503906,129.13999938964844
2024-08-27,125.75607299804688,129.22000122070312
2024-08-28,125.69769287109375,129.16000366210938
2024-08-29,126.58332061767578,130.07000732421875
2024-08-30,127.93604278564453,131.4600067138672
2024-09-03,125.10404968261719,128.5500030517578
2024-09-04,125.23056030273438,128.67999267578125
2024-09-05,123.77076721191406,127.18000030517578
2024-09-06,122.5153579711914,125.88999938964844
2024-09-09,124.39361572265625,127.81999969482422
2024-09-10,124.60771179199219,128.0399932861328
2024-09-11,124.83155822753906,128.27000427246094
2024-09-12,125.79500579833984,129.25999450683594
2024-09-13,127.06990051269531,130.57000732421875
2024-09-16,127.72193908691406,131.24000549316406
2024-09-17,128.4226531982422,131.9600067138672
2024-09-18,128.3155975341797,131.85000610351562
2024-09-19,130.5247344970703,134.1199951171875
2024-09-20,129.60992431640625,133.17999267578125
2024-09-23,130.47984313964844,133.63999938964844
2024-09-24,131.41717529296875,134.60000610351562
2024-09-25,130.80206298828125,133.97000122070312
2024-09-26,131.45620727539062,134.63999938964844
2024-09-27,131.6417236328125,134.8300018310547
2024-09-30,132.2373046875,135.44000244140625
2024-10-01,132.3056182861328,135.50999450683594
2024-10-02,132.06155395507812,135.25999450683594
2024-10-03,131.3878631591797,134.57000732421875
2024-10-04,132.3056182861328,135.50999450683594
2024-10-07,131.9834442138672,135.17999267578125
2024-10-08,132.27635192871094,135.47999572753906
2024-10-09,133.45774841308594,136.69000244140625
2024-10-10,132.77430725097656,135.99000549316406
2024-10-11,135.14683532714844,138.4199981689453
2024-10-14,135.9571990966797,139.25
2024-10-15,134.9125213623047,138.17999267578125
2024-10-16,135.9571990966797,139.25
2024-10-17,135.56668090820312,138.85000610351562
2024-10-18,135.97674560546875,139.27000427246094
2024-10-21,135.4983367919922,138.77999877929688
2024-10-22,133.85804748535156,137.10000610351562
2024-10-23,133.4674835205078,136.6999969482422
2024-10-24,132.5497283935547,135.75999450683594
2024-10-25,132.1982421875,135.39999389648438
2024-10-28,132.5887908935547,135.8000030517578
2024-10-29,132.41307067871094,135.6199951171875
2024-10-30,132.18849182128906,135.38999938964844
2024-10-31,130.6653594970703,133.8300018310547
2024-11-01,130.84112548828125,134.00999450683594
2024-11-04,130.69468688964844,133.86000061035156
2024-11-05,132.88169860839844,136.10000610351562
2024-11-06,138.08566284179688,141.42999267578125
2024-11-07,137.25575256347656,140.5800018310547
2024-11-08,138.73004150390625,142.08999633789062
2024-11-11,139.80406188964844,143.19000244140625
2024-11-12,138.60311889648438,141.9600067138672
2024-11-13,138.8960418701172,142.25999450683594
2024-11-14,136.55279541015625,139.86000061035156
2024-11-15,135.82052612304688,139.11000061035156
2024-11-18,135.635009765625,138.9199981689453
2024-11-19,135.51785278320312,138.8000030517578
2024-11-20,135.664306640625,138.9499969482422
2024-11-21,137.36314392089844,140.69000244140625
2024-11-22,139.27679443359375,142.64999389648438
2024-11-25,140.145751953125,143.5399932861328
2024-11-26,140.31175231933594,143.7100067138672
2024-11-27,139.79428100585938,143.17999267578125
2024-11-29,140.5851287841797,143.99000549316406
2024-12-02,139.55018615722656,142.92999267578125
2024-12-03,138.67147827148438,142.02999877929688
2024-12-04,139.27679443359375,142.64999389648438
2024-12-05,137.5877227783203,140.9199981689453
2024-12-06,137.23622131347656,140.55999755859375
2024-12-09,136.0450897216797,139.33999633789062
2024-12-10,135.71311950683594,139.0
2024-12-11,135.40069580078125,138.67999267578125
2024-12-12,134.53170776367188,137.7899932861328
2024-12-13,134.1802520751953,137.42999267578125
2024-12-16,134.29739379882812,137.5500030517578
2024-12-17,133.06719970703125,136.2899932861328
2024-12-18,129.30824279785156,132.44000244140625
2024-12-19,129.1422576904297,132.27000427246094
2024-12-20,130.65560913085938,133.82000732421875
2024-12-23,130.62615966796875,133.1199951171875
2024-12-24,131.6466827392578,134.16000366210938
2024-12-26,131.74481201171875,134.25999450683594
2024-12-27,130.7635498046875,133.25999450683594
2024-12-30,129.44863891601562,131.9199981689453
2024-12-31,129.2916259765625,131.75999450683594
2025-01-02,128.8402862548828,131.3000030517578
2025-01-03,130.23367309570312,132.72000122070312
2025-01-06,129.94908142089844,132.42999267578125
2025-01-07,129.821533203125,132.3000030517578
2025-01-08,130.33180236816406,132.82000732421875
2025-01-10,128.86972045898438,131.3300018310547
2025-01-13,130.38087463378906,132.8699951171875
2025-01-14,131.92144775390625,134.44000244140625
2025-01-15,132.75552368164062,135.2899932861328
2025-01-16,134.3647918701172,136.92999267578125
2025-01-17,135.16944885253906,137.75
2025-01-21,137.9464111328125,140.5800018310547
2025-01-22,137.62258911132812,140.25
2025-01-23,139.01597595214844,141.6699981689453
2025-01-24,138.42724609375,141.07000732421875
2025-01-27,136.5726318359375,139.17999267578125
2025-01-28,135.66989135742188,138.25999450683594
2025-01-29,135.2086639404297,137.7899932861328
2025-01-30,136.71983337402344,139.3300018310547
2025-01-31,135.75820922851562,138.35000610351562
2025-02-03,134.41384887695312,136.97999572753906
2025-02-04,134.453125,137.02000427246094
2025-02-05,134.55123901367188,137.1199951171875
2025-02-06,135.15963745117188,137.74000549316406
2025-02-07,134.75732421875,137.3300018310547
2025-02-10,135.96424865722656,138.55999755859375
2025-02-11,136.01332092285156,138.61000061035156
2025-02-12,135.16944885253906,137.75
2025-02-13,135.3068084716797,137.88999938964844
2025-02-14,134.97317504882812,137.5500030517578
2025-02-18,136.03297424316406,138.6300048828125
2025-02-19,136.17034912109375,138.77000427246094
2025-02-20,135.27737426757812,137.86000061035156
2025-02-21,132.31394958496094,134.83999633789062
2025-02-24,131.71539306640625,134.22999572753906
2025-02-25,132.39244079589844,134.9199981689453
2025-02-26,132.470947265625,135.0
2025-02-27,132.009765625,134.52999877929688
2025-02-28,133.77601623535156,136.3300018310547
2025-03-03,131.87237548828125,134.38999938964844
2025-03-04,129.30145263671875,131.77000427246094
2025-03-05,131.34249877929688,133.85000610351562
2025-03-06,130.21405029296875,132.6999969482422
2025-03-07,131.73500061035156,134.25
2025-03-10,129.67434692382812,132.14999389648438
2025-03-11,127.68236541748047,130.1199951171875
2025-03-12,127.67256927490234,130.11000061035156
2025-03-13,126.36746978759766,128.77999877929688
2025-03-14,128.6734619140625,131.1300048828125
2025-03-17,130.44955444335938,132.94000244140625
2025-03-18,129.40939331054688,131.8800048828125
2025-03-19,131.12661743164062,133.6300048828125
2025-03-20,130.46917724609375,132.9600067138672
2025-03-21,129.77247619628906,132.25
2025-03-24,132.17901611328125,134.2899932861328
2025-03-25,132.3759002685547,134.49000549316406
2025-03-26,131.4998779296875,133.60000610351562
2025-03-27,130.80104064941406,132.88999938964844
2025-03-28,128.10411071777344,130.14999389648438
2025-03-31,129.00967407226562,131.07000732421875
2025-04-01,129.73800659179688,131.80999755859375
2025-04-02,130.9585418701172,133.0500030517578
2025-04-03,123.87169647216797,125.8499984741211
2025-04-04,116.08605194091797,117.94000244140625
2025-04-07,115.54468536376953,117.38999938964844
2025-04-08,114.58993530273438,116.41999816894531
2025-04-09,124.76741027832031,126.76000213623047
2025-04-10,121.54879760742188,123.48999786376953
2025-04-11,123.69454193115234,125.66999816894531
2025-04-14,124.98394775390625,126.9800033569336
2025-04-15,124.36384582519531,126.3499984741211
2025-04-16,122.66104125976562,124.62000274658203
2025-04-17,123.33036041259766,125.30000305175781
2025-04-21,120.56452178955078,122.48999786376953
2025-04-22,122.6708755493164,124.62999725341797
2025-04-23,124.20635986328125,126.19000244140625
2025-04-24,126.99186706542969,129.02000427246094
2025-04-25,126.9820327758789,129.00999450683594
2025-04-28,127.4052734375,129.44000244140625
2025-04-29,128.2320556640625,130.27999877929688
2025-04-30,129.15728759765625,131.22000122070312
2025-05-01,130.1317138671875,132.2100067138672
2025-05-02,132.46449279785156,134.5800018310547
2025-05-05,132.5333709716797,134.64999389648438
2025-05-06,131.37193298339844,133.47000122070312
2025-05-07,132.04122924804688,134.14999389648438
2025-05-08,133.8621368408203,136.0
2025-05-09,133.970458984375,136.11000061035156
2025-05-12,138.0945587158203,140.3000030517578
2025-05-13,139.0591583251953,141.27999877929688
2025-05-14,138.38986206054688,140.60000610351562
2025-05-15,139.92532348632812,142.16000366210938
2025-05-16,141.5198516845703,143.77999877929688
2025-05-19,142.0021514892578,144.27000427246094
2025-05-20,141.49034118652344,143.75
2025-05-21,139.09854125976562,141.32000732421875
2025-05-22,139.06900024414062,141.2899932861328
2025-05-23,138.61624145507812,140.8300018310547
2025-05-27,141.05722045898438,143.30999755859375
2025-05-28,140.35841369628906,142.60000610351562
2025-05-29,140.48635864257812,142.72999572753906
2025-05-30,140.57493591308594,142.82000732421875
2025-06-02,140.3977813720703,142.63999938964844
2025-06-03,141.48048400878906,143.74000549316406
2025-06-04,141.5592498779297,143.82000732421875
2025-06-05,141.46080017089844,143.72000122070312
2025-06-06,142.65176391601562,144.92999267578125
2025-06-09,142.52381896972656,144.8000030517578
2025-06-10,141.9037322998047,144.1699981689453
2025-06-11,141.97262573242188,144.24000549316406
2025-06-12,141.59860229492188,143.86000061035156
2025-06-13,140.40760803222656,142.64999389648438
2025-06-16,141.37220764160156,143.6300048828125
2025-06-17,140.30918884277344,142.5500030517578
2025-06-18,139.9745635986328,142.2100067138672
2025-06-20,140.13201904296875,142.3699951171875
2025-06-23,142.02955627441406,143.86000061035156
2025-06-24,143.21429443359375,145.05999755859375
2025-06-25,141.95059204101562,143.77999877929688
2025-06-26,143.49072265625,145.33999633789062
2025-06-27,144.9222869873047,146.7899932861328
2025-06-30,145.64300537109375,147.52000427246094
2025-07-01,146.1267547607422,148.00999450683594
2025-07-02,146.2748565673828,148.16000366210938
2025-07-03,147.5188446044922,149.4199981689453
2025-07-07,147.00543212890625,148.89999389648438
2025-07-08,146.9659423828125,148.86000061035156
2025-07-09,147.99270629882812,149.89999389648438
2025-07-10,148.82203674316406,150.74000549316406
2025-07-11,148.2888946533203,150.1999969482422
2025-07-14,149.08859252929688,151.00999450683594
2025-07-15,147.9729766845703,149.8800048828125
2025-07-16,148.49624633789062,150.41000366210938
2025-07-17,149.86854553222656,151.8000030517578
2025-07-18,149.5328826904297,151.4600067138672
2025-07-21,148.7430419921875,150.66000366210938
2025-07-22,149.0984649658203,151.02000427246094
2025-07-23,151.77398681640625,153.72999572753906
2025-07-24,151.51730346679688,153.47000122070312
2025-07-25,153.01795959472656,154.99000549316406
2025-07-28,152.54405212402344,154.50999450683594
2025-07-29,150.80645751953125,152.75
2025-07-30,150.0659942626953,152.0
2025-07-31,150.07586669921875,152.00999450683594
2025-08-01,147.83474731445312,149.74000549316406
2025-08-04,149.1971893310547,151.1199951171875
2025-08-05,148.89114379882812,150.80999755859375
2025-08-06,149.00961303710938,150.92999267578125
2025-08-07,148.79241943359375,150.7100067138672
2025-08-08,148.910888671875,150.8300018310547
2025-08-11,148.42710876464844,150.33999633789062
2025-08-12,149.96726989746094,151.89999389648438
2025-08-13,150.53988647460938,152.47999572753906
2025-08-14,149.20709228515625,151.1300048828125
2025-08-15,148.52584838867188,150.44000244140625
2025-08-18,149.1083526611328,151.02999877929688
2025-08-19,149.4341583251953,151.36000061035156
2025-08-20,149.29591369628906,151.22000122070312
2025-08-21,148.76280212402344,150.67999267578125
2025-08-22,151.19149780273438,153.13999938964844
2025-08-25,149.6809539794922,151.61000061035156
2025-08-26,151.2211151123047,153.1699981689453
2025-08-27,151.20135498046875,153.14999389648438
2025-08-28,151.46792602539062,153.4199981689453
2025-08-29,150.07586669921875,152.00999450683594
2025-09-02,148.64430236816406,150.55999755859375
2025-09-03,147.89398193359375,149.8000030517578
2025-09-04,149.5625,151.49000549316406
2025-09-05,149.00961303710938,150.92999267578125
2025-09-08,149.3452911376953,151.27000427246094
2025-09-09,148.33827209472656,150.25
2025-09-10,149.4341583251953,151.36000061035156
2025-09-11,150.85581970214844,152.8000030517578
2025-09-12,149.65135192871094,151.5800018310547
2025-09-15,150.34243774414062,152.27999877929688
2025-09-16,149.89816284179688,151.8300018310547
2025-09-17,149.21693420410156,151.13999938964844
2025-09-18,150.80645751953125,152.75
2025-09-19,151.17173767089844,153.1199951171875
2025-09-22,151.67735290527344,153.0
2025-09-23,151.71697998046875,153.0399932861328
2025-09-24,150.933837890625,152.25
2025-09-25,149.91273498535156,151.22000122070312
2025-09-26,151.26095581054688,152.5800018310547
2025-09-29,151.72691345214844,153.0500030517578
2025-09-30,152.89669799804688,154.22999572753906
2025-10-01,152.47042846679688,153.8000030517578
2025-10-02,152.86697387695312,154.1999969482422
2025-10-03,153.0751495361328,154.41000366210938
2025-10-06,153.78892517089844,155.1300048828125
2025-10-07,152.9165496826172,154.25
2025-10-08,154.2449493408203,155.58999633789062
2025-10-09,151.96482849121094,153.2899932861328
2025-10-10,148.60414123535156,149.89999389648438
2025-10-13,150.15066528320312,151.4600067138672
2025-10-14,151.91526794433594,153.24000549316406
2025-10-15,151.2808074951172,152.60000610351562
2025-10-16,150.28944396972656,151.60000610351562
2025-10-17,150.41831970214844,151.72999572753906
2025-10-20,152.19285583496094,153.52000427246094
2025-10-21,153.54110717773438,154.8800048828125
2025-10-22,151.54847717285156,152.8699951171875
2025-10-23,153.44195556640625,154.77999877929688
2025-10-24,153.57083129882812,154.91000366210938
2025-10-27,154.44320678710938,155.7899932861328
2025-10-28,153.3428192138672,154.67999267578125
2025-10-29,153.73934936523438,155.0800018310547
2025-10-30,153.35272216796875,154.69000244140625
2025-10-31,153.71954345703125,155.05999755859375
2025-11-03,153.0652313232422,154.39999389648438
2025-11-04,151.2907257080078,152.61000061035156
2025-11-05,151.8756103515625,153.1999969482422
2025-11-06,151.27088928222656,152.58999633789062
2025-11-07,152.00450134277344,153.3300018310547
2025-11-10,152.86697387695312,154.1999969482422
2025-11-11,152.9066162109375,154.24000549316406
2025-11-12,153.05531311035156,154.38999938964844
2025-11-13,150.6859893798828,152.0
2025-11-14,150.69590759277344,152.00999450683594
2025-11-17,149.2187957763672,150.52000427246094
2025-11-18,148.55459594726562,149.85000610351562
2025-11-19,149.05026245117188,150.35000610351562
2025-11-20,146.55203247070312,147.8300018310547
2025-11-21,148.33648681640625,149.6300048828125
2025-11-24,148.70326232910156,150.0
2025-11-25,150.606689453125,151.9199981689453
2025-11-26,151.47906494140625,152.8000030517578
2025-11-28,152.36138916015625,153.69000244140625
2025-12-01,150.13084411621094,151.44000244140625
2025-12-02,151.43942260742188,152.75999450683594
2025-12-03,152.87689208984375,154.2100067138672
2025-12-04,153.6699676513672,155.00999450683594
2025-12-05,153.24368286132812,154.5800018310547
2025-12-08,153.05531311035156,154.38999938964844
2025-12-09,151.93508911132812,153.25999450683594
2025-12-10,154.7108917236328,156.05999755859375
2025-12-11,156.36643981933594,157.72999572753906
2025-12-12,155.385009765625,156.74000549316406
2025-12-15,155.63284301757812,156.99000549316406
2025-12-16,154.7108917236328,156.05999755859375
2025-12-17,152.2027587890625,153.52999877929688
2025-12-18,153.19410705566406,154.52999877929688
2025-12-19,154.5126190185547,155.86000061035156
2025-12-22,156.22557067871094,157.0500030517578
2025-12-23,156.1658935546875,156.99000549316406
2025-12-24,156.6732177734375,157.5
2025-12-26,156.38475036621094,157.2100067138672
2025-12-29,156.0465087890625,156.8699951171875
2025-12-30,155.59889221191406,156.4199981689453
2025-12-31,154.3057098388672,155.1199951171875
2026-01-02,157.15069580078125,157.97999572753906
2026-01-05,159.01087951660156,159.85000610351562
2026-01-06,161.16949462890625,162.02000427246094
2026-01-07,158.13551330566406,158.97000122070312
2026-01-08,159.32920837402344,160.1699981689453
2026-01-09,161.0799560546875,161.92999267578125
2026-01-12,162.31344604492188,163.1699981689453
2026-01-13,163.14903259277344,164.00999450683594
2026-01-14,163.40768432617188,164.27000427246094
2026-01-15,164.9097442626953,165.77999877929688
2026-01-16,166.02386474609375,166.89999389648438
2026-01-20,162.6715545654297,163.52999877929688
2026-01-21,165.48670959472656,166.36000061035156
2026-01-22,164.63121032714844,165.5
2026-01-23,163.35794067382812,164.22000122070312
2026-01-26,163.51712036132812,164.3800048828125
2026-01-27,164.1935272216797,165.05999755859375
2026-01-28,163.27835083007812,164.13999938964844
2026-01-29,164.98931884765625,165.86000061035156
2026-01-30,164.571533203125,165.44000244140625
2026-02-02,166.6505584716797,167.52999877929688
2026-02-03,168.05316162109375,168.94000244140625
2026-02-04,168.5008087158203,169.38999938964844
2026-02-05,167.4861602783203,168.3699951171875
2026-02-06,172.27090454101562,173.17999267578125
2026-02-09,172.7881622314453,173.6999969482422
2026-02-10,172.99708557128906,173.91000366210938
2026-02-11,173.92218017578125,174.83999633789062
2026-02-12,171.84315490722656,172.75
2026-02-13,173.25570678710938,174.1699981689453
2026-02-17,174.16091918945312,175.0800018310547
2026-02-18,174.1211395263672,175.0399932861328
2026-02-19,175.41432189941406,176.33999633789062
2026-02-20,176.29965209960938,177.22999572753906
2026-02-23,173.91224670410156,174.8300018310547
2026-02-24,176.0509490966797,176.97999572753906
2026-02-25,174.67820739746094,175.60000610351562
2026-02-26,175.77243041992188,176.6999969482422
2026-02-27,176.21011352539062,177.13999938964844
2026-03-02,177.96087646484375,178.89999389648438
2026-03-03,174.51905822753906,175.44000244140625
2026-03-04,175.04624938964844,175.97000122070312
2026-03-05,171.1567840576172,172.05999755859375
2026-03-06,169.04791259765625,169.94000244140625
2026-03-09,170.04266357421875,170.94000244140625
2026-03-10,169.1274871826172,170.02000427246094
2026-03-11,168.60028076171875,169.49000549316406
2026-03-12,164.37258911132812,165.24000549316406
2026-03-13,163.78567504882812,164.64999389648438
2026-03-16,165.1882781982422,166.05999755859375
2026-03-17,165.6259765625,166.5
2026-03-18,164.31289672851562,165.17999267578125
2026-03-19,163.1987762451172,164.05999755859375
2026-03-20,160.82131958007812,161.6699981689453
2026-03-23,162.6498260498047,163.0500030517578
2026-03-24,163.59750366210938,164.0
2026-03-25,164.69480895996094,165.10000610351562
2026-03-26,160.87420654296875,161.27000427246094
2026-03-27,158.8092803955078,159.1999969482422
2026-03-30,156.2256317138672,156.61000061035156
2026-03-31,161.33306884765625,161.72999572753906
2026-04-01,164.02642822265625,164.42999267578125
2026-04-02,163.36807250976562,163.77000427246094
2026-04-06,164.2060089111328,164.61000061035156
2026-04-07,163.87681579589844,164.27999877929688
2026-04-08,170.02169799804688,170.44000244140625
2026-04-09,171.76739501953125,172.19000244140625
2026-04-10,171.0990447998047,171.52000427246094
2026-04-13,172.30606079101562,172.72999572753906
2026-04-14,172.924560546875,173.35000610351562
2026-04-15,170.75987243652344,171.17999267578125
2026-04-16,169.91195678710938,170.3300018310547
2026-04-17,173.0841522216797,173.50999450683594
2026-04-20,173.4731903076172,173.89999389648438
2026-04-21,171.0192413330078,171.44000244140625
2026-04-22,170.62020874023438,171.0399932861328
2026-04-23,173.64279174804688,174.07000732421875
2026-04-24,172.0467071533203,172.47000122070312
2026-04-27,172.08660888671875,172.50999450683594
2026-04-28,170.56036376953125,170.97999572753906
2026-04-29,169.512939453125,169.92999267578125
2026-04-30,174.1515350341797,174.5800018310547
2026-05-01,172.53550720214844,172.9600067138672
2026-05-04,170.56036376953125,170.97999572753906
2026-05-05,171.9868621826172,172.41000366210938
2026-05-06,176.4359130859375,176.8699951171875
2026-05-07,173.5729522705078,174.0
2026-05-08,172.77491760253906,173.1999969482422
2026-05-11,174.6103973388672,175.0399932861328
2026-05-12,173.92210388183594,174.35000610351562
2026-05-13,173.19387817382812,173.6199951171875
2026-05-14,174.08169555664062,174.50999450683594
2026-05-15,170.9793243408203,171.39999389648438
2026-05-18,170.3309326171875,170.75
2026-05-19,168.32586669921875,168.74000549316406
2026-05-20,170.31097412109375,170.72999572753906
2026-05-21,170.11146545410156,170.52999877929688
2026-05-22,171.3484344482422,171.77000427246094
2026-05-26,173.87222290039062,174.3000030517578
2026-05-27,173.87222290039062,174.3000030517578
2026-05-28,173.37344360351562,173.8000030517578
2026-05-29,172.70509338378906,173.1300048828125
2026-06-01,171.9768829345703,172.39999389648438
2026-06-02,173.7624969482422,174.19000244140625
2026-06-03,173.62283325195312,174.0500030517578
2026-06-04,175.7276611328125,176.16000366210938
2026-06-05,173.75250244140625,174.17999267578125
2026-06-08,173.20387268066406,173.6300048828125
2026-06-09,175.16903686523438,175.60000610351562
2026-06-10,169.2436065673828,169.66000366210938
2026-06-11,174.72012329101562,175.14999389648438
2026-06-12,175.7476043701172,176.17999267578125
2026-06-15,178.241455078125,178.67999267578125
2026-06-16,179.40859985351562,179.85000610351562
2026-06-17,179.15921020507812,179.60000610351562
2026-06-18,180.46600341796875,180.91000366210938
2026-06-22,181.8000030517578,181.8000030517578
2026-06-23,178.14999389648438,178.14999389648438
2026-06-24,180.2100067138672,180.2100067138672
2026-06-25,184.1199951171875,184.1199951171875
2026-06-26,181.1999969482422,181.1999969482422
2026-06-29,182.75999450683594,182.75999450683594
2026-06-30,185.22999572753906,185.22999572753906
2026-07-01,183.36000061035156,183.36000061035156
2026-07-02,183.91000366210938,183.91000366210938
2026-07-06,185.55999755859375,185.55999755859375
2026-07-07,182.3800048828125,182.3800048828125
2026-07-08,180.4199981689453,180.4199981689453
2026-07-09,181.11000061035156,181.11000061035156
2026-07-10,181.9199981689453,181.9199981689453
2026-07-13,180.3699951171875,180.3699951171875
2026-07-14,180.4499969482422,180.4499969482422
2026-07-15,180.05999755859375,180.05999755859375
2026-07-16,180.14999389648438,180.14999389648438
2026-07-17,179.41000366210938,179.41000366210938
2026-07-20,178.1199951171875,178.1199951171875
2026-07-21,178.66000366210938,178.66000366210938
2026-07-22,178.85000610351562,178.85000610351562
2026-07-23,181.94000244140625,181.94000244140625
2026-07-24,182.66000366210938,182.66000366210938
2026-07-27,183.1999969482422,183.1999969482422
2026-07-28,182.49000549316406,182.49000549316406
2026-07-29,176.66000366210938,176.66000366210938
2026-07-30,178.38999938964844,178.38999938964844
2026-07-31,179.83999633789062,179.83999633789062
2026-08-03,183.16000366210938,183.16000366210938
2026-08-04,186.39999389648438,186.39999389648438
2026-08-05,186.35000610351562,186.35000610351562
2026-08-06,184.75999450683594,184.75999450683594
2026-08-07,185.17999267578125,185.17999267578125
2026-08-10,184.60000610351562,184.60000610351562
2026-08-11,185.6999969482422,185.6999969482422
2026-08-12,185.8800048828125,185.8800048828125
2026-08-13,185.7899932861328,185.7899932861328
2026-08-14,186.50999450683594,186.50999450683594
2026-08-17,186.32000732421875,186.32000732421875
2026-08-18,183.57000732421875,183.57000732421875
2026-08-19,181.9499969482422,181.9499969482422
2026-08-20,179.77000427246094,179.77000427246094
2026-08-21,180.25,180.25
