date,adj_close,split_adj_close
2002-01-02,9.141915321350098,12.300000190734863
2002-01-03,9.543266296386719,12.84000015258789
2002-01-04,9.602725982666016,12.920000076293945
2002-01-07,9.498674392700195,12.779999732971191
2002-01-08,9.569278717041016,12.875
2002-01-09,9.494956016540527,12.774999618530273
2002-01-10,9.416913986206055,12.670000076293945
2002-01-11,9.327722549438477,12.550000190734863
2002-01-14,9.18278980255127,12.354999542236328
2002-01-15,9.242250442504883,12.4350004196167
2002-01-16,9.015556335449219,12.130000114440918
2002-01-17,9.23853588104248,12.430000305175781
2002-01-18,8.930086135864258,12.015000343322754
2002-01-22,8.610493659973145,11.585000038146973
2002-01-23,8.740559577941895,11.760000228881836
2002-01-24,8.870627403259277,11.9350004196167
2002-01-25,8.837182998657227,11.890000343322754
2002-01-28,8.900357246398926,11.975000381469727
2002-01-29,8.584479331970215,11.550000190734863
2002-01-30,8.695967674255371,11.699999809265137
2002-01-31,8.822319030761719,11.869999885559082
2002-02-01,8.658803939819336,11.649999618530273
2002-02-04,8.413530349731445,11.319999694824219
2002-02-05,8.283466339111328,11.145000457763672
2002-02-06,8.23515796661377,11.079999923706055
2002-02-07,8.112518310546875,10.914999961853027
2002-02-08,8.268599510192871,11.125
2002-02-11,8.454408645629883,11.375
2002-02-12,8.316910743713379,11.1899995803833
2002-02-13,8.450693130493164,11.369999885559082
2002-02-14,8.361502647399902,11.25
2002-02-15,8.119952201843262,10.925000190734863
2002-02-19,7.833802223205566,10.539999961853027
2002-02-20,7.930424690246582,10.670000076293945
2002-02-21,7.562517166137695,10.175000190734863
2002-02-22,7.610829830169678,10.239999771118164
2002-02-25,7.867249011993408,10.585000038146973
2002-02-26,7.818935394287109,10.520000457763672
2002-02-27,7.763192176818848,10.444999694824219
2002-02-28,7.674006938934326,10.324999809265137
2002-03-01,8.060491561889648,10.845000267028809
2002-03-04,8.35407543182373,11.239999771118164
2002-03-05,8.380086898803711,11.274999618530273
2002-03-06,8.461841583251953,11.385000228881836
2002-03-07,8.432113647460938,11.345000267028809
2002-03-08,8.655084609985352,11.645000457763672
2002-03-11,8.68110179901123,11.680000305175781
2002-03-12,8.495287895202637,11.430000305175781
2002-03-13,8.272319793701172,11.130000114440918
2002-03-14,8.175698280334473,11.0
2002-03-15,8.23515796661377,11.079999923706055
2002-03-18,8.261170387268066,11.114999771118164
2002-03-19,8.294611930847168,11.15999984741211
2002-03-20,8.041913032531738,10.819999694824219
2002-03-21,8.201708793640137,11.03499984741211
2002-03-22,8.082791328430176,10.875
2002-03-25,7.900692462921143,10.630000114440918
2002-03-26,7.960149765014648,10.710000038146973
2002-03-27,7.956435203552246,10.704999923706055
2002-03-28,8.053058624267578,10.835000038146973
2002-04-01,8.142250061035156,10.954999923706055
2002-04-02,7.904409885406494,10.635000228881836
2002-04-03,7.781774997711182,10.470000267028809
2002-04-04,7.815219879150391,10.515000343322754
2002-04-05,7.692582607269287,10.350000381469727
2002-04-08,7.655420780181885,10.300000190734863
2002-04-09,7.46217679977417,10.039999961853027
2002-04-10,7.484477996826172,10.069999694824219
2002-04-11,7.235490798950195,9.734999656677246
2002-04-12,7.358123779296875,9.899999618530273
2002-04-15,7.376708507537842,9.925000190734863
2002-04-16,7.711165904998779,10.375
2002-04-17,7.740900993347168,10.414999961853027
2002-04-18,7.6591410636901855,10.305000305175781
2002-04-19,7.636842727661133,10.274999618530273
2002-04-22,7.44731330871582,10.020000457763672
2002-04-23,7.294946193695068,9.8149995803833
2002-04-24,7.183463096618652,9.664999961853027
2002-04-25,7.2317728996276855,9.729999542236328
2002-04-26,6.986502647399902,9.399999618530273
2002-04-29,6.941906929016113,9.34000015258789
2002-04-30,7.079406261444092,9.524999618530273
2002-05-01,7.019949913024902,9.444999694824219
2002-05-02,6.841568946838379,9.204999923706055
2002-05-03,6.678060054779053,8.984999656677246
2002-05-06,6.488528251647949,8.729999542236328
2002-05-07,6.488528251647949,8.729999542236328
2002-05-08,7.1611647605896,9.635000228881836
2002-05-09,6.927041530609131,9.319999694824219
2002-05-10,6.689205646514893,9.0
2002-05-13,6.953055381774902,9.354999542236328
2002-05-14,7.287518501281738,9.805000305175781
2002-05-15,7.265220642089844,9.774999618530273
2002-05-16,7.372990131378174,9.920000076293945
2002-05-17,7.410152435302734,9.970000267028809
2002-05-20,7.216908931732178,9.710000038146973
2002-05-21,7.038531303405762,9.470000267028809
2002-05-22,7.12400484085083,9.585000038146973
2002-05-23,7.179746150970459,9.65999984741211
2002-05-24,7.023663520812988,9.449999809265137
2002-05-28,6.9604902267456055,9.364999771118164
2002-05-29,6.830419540405273,9.1899995803833
2002-05-30,6.863864421844482,9.234999656677246
2002-05-31,6.785824298858643,9.130000114440918
2002-06-03,6.585149765014648,8.859999656677246
2002-06-04,6.678060054779053,8.984999656677246
2002-06-05,6.759812831878662,9.095000267028809
2002-06-06,6.596298694610596,8.875
2002-06-07,6.4513654708862305,8.680000305175781
2002-06-10,6.391909599304199,8.600000381469727
2002-06-11,6.250690937042236,8.40999984741211
2002-06-12,6.377041816711426,8.579999923706055
2002-06-13,6.269270420074463,8.4350004196167
2002-06-14,6.258121013641357,8.420000076293945
2002-06-17,6.469946384429932,8.704999923706055
2002-06-18,6.399338245391846,8.609999656677246
2002-06-19,6.146637916564941,8.270000457763672
2002-06-20,6.005420684814453,8.079999923706055
2002-06-21,5.834471225738525,7.849999904632568
2002-06-24,5.934813022613525,7.985000133514404
2002-06-25,5.730419158935547,7.710000038146973
2002-06-26,5.734135627746582,7.715000152587891
2002-06-27,5.886501789093018,7.920000076293945
2002-06-28,5.8790669441223145,7.909999847412109
2002-07-01,5.630082130432129,7.574999809265137
2002-07-02,5.4628496170043945,7.349999904632568
2002-07-03,5.663527488708496,7.619999885559082
2002-07-05,5.96825647354126,8.029999732971191
2002-07-08,5.789878845214844,7.789999961853027
2002-07-09,5.704406261444092,7.675000190734863
2002-07-10,5.552041053771973,7.46999979019165
2002-07-11,5.7564311027526855,7.744999885559082
2002-07-12,5.730419158935547,7.710000038146973
2002-07-15,5.841905117034912,7.860000133514404
2002-07-16,5.775014400482178,7.769999980926514
2002-07-17,5.815890789031982,7.824999809265137
2002-07-18,5.693256378173828,7.659999847412109
2002-07-19,5.514876365661621,7.420000076293945
2002-07-22,5.225011825561523,7.03000020980835
2002-07-23,4.964875221252441,6.679999828338623
2002-07-24,5.221295356750488,7.025000095367432
2002-07-25,4.909133434295654,6.605000019073486
2002-07-26,4.9760260581970215,6.695000171661377
2002-07-29,5.2696075439453125,7.090000152587891
2002-07-30,5.351364612579346,7.199999809265137
2002-07-31,5.321634292602539,7.159999847412109
2002-08-01,5.087512493133545,6.84499979019165
2002-08-02,4.979742050170898,6.699999809265137
2002-08-05,4.764199733734131,6.409999847412109
2002-08-06,4.964875221252441,6.679999828338623
2002-08-07,5.054065704345703,6.800000190734863
2002-08-08,5.2398762702941895,7.050000190734863
2002-08-09,5.221295356750488,7.025000095367432
2002-08-12,5.172986030578613,6.960000038146973
2002-08-13,5.054065704345703,6.800000190734863
2002-08-14,5.369946002960205,7.224999904632568
2002-08-15,5.444271087646484,7.324999809265137
2002-08-16,5.574337482452393,7.5
2002-08-19,5.7787299156188965,7.775000095367432
2002-08-20,5.615213394165039,7.554999828338623
2002-08-21,5.789878845214844,7.789999961853027
2002-08-22,5.8567728996276855,7.880000114440918
2002-08-23,5.644946098327637,7.59499979019165
2002-08-26,5.6821088790893555,7.644999980926514
2002-08-27,5.492581367492676,7.389999866485596
2002-08-28,5.34021520614624,7.184999942779541
2002-08-29,5.414540767669678,7.284999847412109
2002-08-30,5.277038097381592,7.099999904632568
2002-09-03,5.016901969909668,6.75
2002-09-04,5.172986030578613,6.960000038146973
2002-09-05,4.998323917388916,6.724999904632568
2002-09-06,5.165552139282227,6.949999809265137
2002-09-09,5.221295356750488,7.025000095367432
2002-09-10,5.31048583984375,7.144999980926514
2002-09-11,5.34021520614624,7.184999942779541
2002-09-12,5.143253803253174,6.920000076293945
2002-09-13,5.165552139282227,6.949999809265137
2002-09-16,5.080080032348633,6.835000038146973
2002-09-17,5.016901969909668,6.75
2002-09-18,4.964875221252441,6.679999828338623
2002-09-19,4.741902828216553,6.380000114440918
2002-09-20,4.767917156219482,6.414999961853027
2002-09-23,4.61926794052124,6.215000152587891
2002-09-24,4.544943332672119,6.114999771118164
2002-09-25,4.7196044921875,6.349999904632568
2002-09-26,4.663861274719238,6.275000095367432
2002-09-27,4.54865837097168,6.119999885559082
2002-09-30,4.396295070648193,5.914999961853027
2002-10-01,4.6341328620910645,6.235000133514404
2002-10-02,4.530079364776611,6.09499979019165
2002-10-03,4.518929958343506,6.079999923706055
2002-10-04,4.422308444976807,5.949999809265137
2002-10-07,4.344266414642334,5.84499979019165
2002-10-08,4.344266414642334,5.84499979019165
2002-10-09,4.303387641906738,5.789999961853027
2002-10-10,4.530079364776611,6.09499979019165
2002-10-11,4.816226482391357,6.480000019073486
2002-10-14,4.823660373687744,6.489999771118164
2002-10-15,5.128392219543457,6.900000095367432
2002-10-16,4.849672794342041,6.525000095367432
2002-10-17,5.054065704345703,6.800000190734863
2002-10-18,5.120955944061279,6.889999866485596
2002-10-21,5.225011825561523,7.03000020980835
2002-10-22,5.202713966369629,7.0
2002-10-23,5.343931674957275,7.190000057220459
2002-10-24,5.258458137512207,7.074999809265137
2002-10-25,5.399674892425537,7.264999866485596
2002-10-28,5.388524532318115,7.25
2002-10-29,5.299335956573486,7.130000114440918
2002-10-30,5.481431484222412,7.375
2002-10-31,5.4851484298706055,7.380000114440918
2002-11-01,5.648660182952881,7.599999904632568
2002-11-04,5.867917537689209,7.894999980926514
2002-11-05,5.830756187438965,7.84499979019165
2002-11-06,5.923661231994629,7.96999979019165
2002-11-07,5.689540863037109,7.65500020980835
2002-11-08,5.648660182952881,7.599999904632568
2002-11-11,5.451701641082764,7.335000038146973
2002-11-12,5.604067802429199,7.539999961853027
2002-11-13,5.630082130432129,7.574999809265137
2002-11-14,5.8567728996276855,7.880000114440918
2002-11-15,5.867917537689209,7.894999980926514
2002-11-18,5.801026344299316,7.804999828338623
2002-11-19,5.708122730255127,7.679999828338623
2002-11-20,5.945959091186523,8.0
2002-11-21,6.254405498504639,8.414999961853027
2002-11-22,6.232109069824219,8.385000228881836
2002-11-25,6.325016498565674,8.510000228881836
2002-11-26,6.142918586730957,8.265000343322754
2002-11-27,6.391909599304199,8.600000381469727
2002-11-29,6.354745864868164,8.550000190734863
2002-12-02,6.373327255249023,8.574999809265137
2002-12-03,6.150351047515869,8.274999618530273
2002-12-04,6.057446479797363,8.149999618530273
2002-12-05,5.923661231994629,7.96999979019165
2002-12-06,5.979406833648682,8.045000076293945
2002-12-09,5.69697380065918,7.664999961853027
2002-12-10,5.789878845214844,7.789999961853027
2002-12-11,5.834471225738525,7.849999904632568
2002-12-12,5.8084588050842285,7.815000057220459
2002-12-13,5.678390979766846,7.639999866485596
2002-12-16,5.871636390686035,7.900000095367432
2002-12-17,5.841905117034912,7.860000133514404
2002-12-18,5.6821088790893555,7.644999980926514
2002-12-19,5.659811496734619,7.614999771118164
2002-12-20,5.719803333282471,7.675000190734863
2002-12-23,5.790602207183838,7.769999980926514
2002-12-24,5.730982780456543,7.690000057220459
2002-12-26,5.701172351837158,7.650000095367432
2002-12-27,5.600563049316406,7.514999866485596
2002-12-30,5.544668197631836,7.440000057220459
2002-12-31,5.514858722686768,7.400000095367432
2003-01-02,5.812960624694824,7.800000190734863
2003-01-03,5.835315227508545,7.829999923706055
2003-01-06,6.0924272537231445,8.175000190734863
2003-01-07,6.155776500701904,8.260000228881836
2003-01-08,5.954556465148926,7.989999771118164
2003-01-09,6.129690647125244,8.225000381469727
2003-01-10,6.163229942321777,8.270000457763672
2003-01-13,6.129690647125244,8.225000381469727
2003-01-14,6.215394973754883,8.34000015258789
2003-01-15,6.0924272537231445,8.175000190734863
2003-01-16,5.962008476257324,8.0
2003-01-17,5.671362400054932,7.610000133514404
2003-01-21,5.634098529815674,7.559999942779541
2003-01-22,5.596837043762207,7.510000228881836
2003-01-23,5.693719863891602,7.639999866485596
2003-01-24,5.470143795013428,7.340000152587891
2003-01-27,5.4105224609375,7.260000228881836
2003-01-28,5.485048294067383,7.360000133514404
2003-01-29,5.563301086425781,7.465000152587891
2003-01-30,5.39189338684082,7.235000133514404
2003-01-31,5.384439468383789,7.224999904632568
2003-02-03,5.432882308959961,7.289999961853027
2003-02-04,5.339725971221924,7.164999961853027
2003-02-05,5.3210930824279785,7.139999866485596
2003-02-06,5.291281700134277,7.099999904632568
2003-02-07,5.231663227081299,7.019999980926514
2003-02-10,5.2875590324401855,7.09499979019165
2003-02-11,5.268927097320557,7.070000171661377
2003-02-12,5.198128700256348,6.974999904632568
2003-02-13,5.2130327224731445,6.994999885559082
2003-02-14,5.376986980438232,7.215000152587891
2003-02-18,5.552120208740234,7.449999809265137
2003-02-19,5.514858722686768,7.400000095367432
2003-02-20,5.429155349731445,7.284999847412109
2003-02-21,5.496227264404297,7.375
2003-02-24,5.403069972991943,7.25
2003-02-25,5.417975902557373,7.269999980926514
2003-02-26,5.276379585266113,7.079999923706055
2003-02-27,5.32854700088501,7.150000095367432
2003-02-28,5.4105224609375,7.260000228881836
2003-03-03,5.317368507385254,7.135000228881836
2003-03-04,5.25774621963501,7.054999828338623
2003-03-05,5.309914588928223,7.125
2003-03-06,5.242841720581055,7.034999847412109
2003-03-07,5.216757297515869,7.0
2003-03-10,5.108695983886719,6.855000019073486
2003-03-11,5.082613468170166,6.820000171661377
2003-03-12,5.149683952331543,6.909999847412109
2003-03-13,5.425429821014404,7.28000020980835
2003-03-14,5.4440598487854,7.304999828338623
2003-03-17,5.693719863891602,7.639999866485596
2003-03-18,5.719803333282471,7.675000190734863
2003-03-19,5.708623886108398,7.659999847412109
2003-03-20,5.701172351837158,7.650000095367432
2003-03-21,5.7868757247924805,7.764999866485596
2003-03-24,5.552120208740234,7.449999809265137
2003-03-25,5.63037109375,7.554999828338623
2003-03-26,5.6117424964904785,7.53000020980835
2003-03-27,5.548395156860352,7.445000171661377
2003-03-28,5.477595806121826,7.349999904632568
2003-03-31,5.32854700088501,7.150000095367432
2003-04-01,5.39189338684082,7.235000133514404
2003-04-02,5.622920036315918,7.545000076293945
2003-04-03,5.6080145835876465,7.525000095367432
2003-04-04,5.544668197631836,7.440000057220459
2003-04-07,5.559573173522949,7.460000038146973
2003-04-08,5.503680229187012,7.385000228881836
2003-04-09,5.384439468383789,7.224999904632568
2003-04-10,5.417975902557373,7.269999980926514
2003-04-11,5.369535446166992,7.204999923706055
2003-04-14,5.499954700469971,7.380000114440918
2003-04-15,5.5111308097839355,7.394999980926514
2003-04-16,5.552120208740234,7.449999809265137
2003-04-17,5.667637348175049,7.605000019073486
2003-04-21,5.645280361175537,7.574999809265137
2003-04-22,5.768243312835693,7.739999771118164
2003-04-23,5.8651251792907715,7.869999885559082
2003-04-24,5.812960624694824,7.800000190734863
2003-04-25,5.704898834228516,7.65500020980835
2003-04-28,5.8241376876831055,7.815000057220459
2003-04-29,5.883758544921875,7.894999980926514
2003-04-30,5.816683769226074,7.804999828338623
2003-05-01,5.87258243560791,7.880000114440918
2003-05-02,5.995545864105225,8.045000076293945
2003-05-05,5.980639457702637,8.024999618530273
2003-05-06,6.088701248168945,8.170000076293945
2003-05-07,6.014178276062012,8.069999694824219
2003-05-08,5.917294979095459,7.940000057220459
2003-05-09,6.081249713897705,8.15999984741211
2003-05-12,6.174407005310059,8.28499984741211
2003-05-13,6.163229942321777,8.270000457763672
2003-05-14,6.140868186950684,8.239999771118164
2003-05-15,6.204217433929443,8.324999809265137
2003-05-16,6.148321628570557,8.25
2003-05-19,5.924746513366699,7.949999809265137
2003-05-20,5.935924053192139,7.965000152587891
2003-05-21,5.943378448486328,7.974999904632568
2003-05-22,6.0067243576049805,8.0600004196167
2003-05-23,6.014178276062012,8.069999694824219
2003-05-27,6.170679569244385,8.279999732971191
2003-05-28,6.211670875549316,8.335000038146973
2003-05-29,6.226574420928955,8.354999542236328
2003-05-30,6.316005706787109,8.475000381469727
2003-06-02,6.282465934753418,8.430000305175781
2003-06-03,6.338360786437988,8.505000114440918
2003-06-04,6.472506523132324,8.6850004196167
2003-06-05,6.472506523132324,8.6850004196167
2003-06-06,6.409162521362305,8.600000381469727
2003-06-09,6.316005706787109,8.475000381469727
2003-06-10,6.405435085296631,8.595000267028809
2003-06-11,6.446422576904297,8.649999618530273
2003-06-12,6.47623348236084,8.6899995803833
2003-06-13,6.3346357345581055,8.5
2003-06-16,6.4911394119262695,8.710000038146973
2003-06-17,6.520951271057129,8.75
2003-06-18,6.584292411804199,8.835000038146973
2003-06-19,6.535851955413818,8.770000457763672
2003-06-20,6.5283989906311035,8.760000228881836
2003-06-23,6.3979811668396,8.585000038146973
2003-06-24,6.3719000816345215,8.550000190734863
2003-06-25,6.308550834655762,8.46500015258789
2003-06-26,6.427788257598877,8.625
2003-06-27,6.379351615905762,8.5600004196167
2003-06-30,6.360719203948975,8.53499984741211
2003-07-01,6.4501519203186035,8.654999732971191
2003-07-02,6.584292411804199,8.835000038146973
2003-07-03,6.506042957305908,8.729999542236328
2003-07-07,6.729620456695557,9.029999732971191
2003-07-08,6.781787872314453,9.100000381469727
2003-07-09,6.774332046508789,9.09000015258789
2003-07-10,6.6178297996521,8.880000114440918
2003-07-11,6.710987567901611,9.005000114440918
2003-07-14,6.74079704284668,9.045000076293945
2003-07-15,6.7519755363464355,9.0600004196167
2003-07-16,6.729620456695557,9.029999732971191
2003-07-17,6.524674415588379,8.755000114440918
2003-07-18,6.53957986831665,8.774999618530273
2003-07-21,6.394256114959717,8.579999923706055
2003-07-22,6.532126426696777,8.765000343322754
2003-07-23,6.5693864822387695,8.8149995803833
2003-07-24,6.47623348236084,8.6899995803833
2003-07-25,6.614103317260742,8.875
2003-07-28,6.625281810760498,8.890000343322754
2003-07-29,6.561940670013428,8.805000305175781
2003-07-30,6.513496398925781,8.739999771118164
2003-07-31,6.558209419250488,8.800000190734863
2003-08-01,6.524674415588379,8.755000114440918
2003-08-04,6.580570220947266,8.829999923706055
2003-08-05,6.4166107177734375,8.609999656677246
2003-08-06,6.356992244720459,8.529999732971191
2003-08-07,6.338360786437988,8.505000114440918
2003-08-08,6.3309102058410645,8.494999885559082
2003-08-11,6.360719203948975,8.53499984741211
2003-08-12,6.457600116729736,8.664999961853027
2003-08-13,6.446422576904297,8.649999618530273
2003-08-14,6.502317428588867,8.725000381469727
2003-08-15,6.472506523132324,8.6850004196167
2003-08-18,6.6625471115112305,8.9399995803833
2003-08-19,6.7519755363464355,9.0600004196167
2003-08-20,6.7147135734558105,9.010000228881836
2003-08-21,6.778059005737305,9.095000267028809
2003-08-22,6.766880035400391,9.079999923706055
2003-08-25,6.725890159606934,9.024999618530273
2003-08-26,6.763155460357666,9.074999809265137
2003-08-27,6.807868957519531,9.135000228881836
2003-08-28,6.84885835647583,9.1899995803833
2003-08-29,6.871219158172607,9.220000267028809
2003-09-02,7.020266056060791,9.420000076293945
2003-09-03,7.094790458679199,9.520000457763672
2003-09-04,7.161863803863525,9.609999656677246
2003-09-05,7.1246018409729,9.5600004196167
2003-09-08,7.2550225257873535,9.734999656677246
2003-09-09,7.176766872406006,9.630000114440918
2003-09-10,6.964371681213379,9.345000267028809
2003-09-11,7.046353340148926,9.454999923706055
2003-09-12,7.0538010597229,9.46500015258789
2003-09-15,7.012816429138184,9.40999984741211
2003-09-16,7.191673278808594,9.649999618530273
2003-09-17,7.180494785308838,9.635000228881836
2003-09-18,7.281102657318115,9.770000457763672
2003-09-19,7.288554668426514,9.779999732971191
2003-09-22,7.150687217712402,9.595000267028809
2003-09-23,7.191673278808594,9.649999618530273
2003-09-24,6.945740699768066,9.319999694824219
2003-09-25,6.8935723304748535,9.25
2003-09-26,6.856312274932861,9.199999809265137
2003-09-29,6.968097686767578,9.350000381469727
2003-09-30,6.811595916748047,9.140000343322754
2003-10-01,6.9606451988220215,9.34000015258789
2003-10-02,6.945740699768066,9.319999694824219
2003-10-03,7.158139705657959,9.604999542236328
2003-10-06,7.195400238037109,9.654999732971191
2003-10-07,7.243840217590332,9.720000267028809
2003-10-08,7.191673278808594,9.649999618530273
2003-10-09,7.221485614776611,9.6899995803833
2003-10-10,7.281102657318115,9.770000457763672
2003-10-13,7.303460597991943,9.800000190734863
2003-10-14,7.284831523895264,9.774999618530273
2003-10-15,7.329545021057129,9.835000038146973
2003-10-16,7.355631351470947,9.869999885559082
2003-10-17,7.236390590667725,9.710000038146973
2003-10-20,7.322091579437256,9.824999809265137
2003-10-21,7.36308479309082,9.880000114440918
2003-10-22,7.2550225257873535,9.734999656677246
2003-10-23,7.199126243591309,9.65999984741211
2003-10-24,7.091064453125,9.515000343322754
2003-10-27,7.128326416015625,9.5649995803833
2003-10-28,7.299739360809326,9.795000076293945
2003-10-29,7.310914039611816,9.8100004196167
2003-10-30,7.303460597991943,9.800000190734863
2003-10-31,7.310914039611816,9.8100004196167
2003-11-03,7.482320308685303,10.039999961853027
2003-11-04,7.4189772605896,9.954999923706055
2003-11-05,7.441331386566162,9.984999656677246
2003-11-06,7.500954627990723,10.0649995803833
2003-11-07,7.4711408615112305,10.024999618530273
2003-11-10,7.374260902404785,9.895000457763672
2003-11-11,7.355631351470947,9.869999885559082
2003-11-12,7.512131214141846,10.079999923706055
2003-11-13,7.448785305023193,9.994999885559082
2003-11-14,7.348175525665283,9.859999656677246
2003-11-17,7.2475690841674805,9.725000381469727
2003-11-18,7.158139705657959,9.604999542236328
2003-11-19,7.236390590667725,9.710000038146973
2003-11-20,7.1246018409729,9.5600004196167
2003-11-21,7.184225082397461,9.640000343322754
2003-11-24,7.366809368133545,9.885000228881836
2003-11-25,7.35935640335083,9.875
2003-11-26,7.389163970947266,9.914999961853027
2003-11-28,7.415248394012451,9.949999809265137
2003-12-01,7.489776134490967,10.050000190734863
2003-12-02,7.456238746643066,10.005000114440918
2003-12-03,7.430155277252197,9.970000267028809
2003-12-04,7.523309707641602,10.095000267028809
2003-12-05,7.389163970947266,9.914999961853027
2003-12-08,7.407796382904053,9.9399995803833
2003-12-09,7.2475690841674805,9.725000381469727
2003-12-10,7.288554668426514,9.779999732971191
2003-12-11,7.426425933837891,9.96500015258789
2003-12-12,7.433877468109131,9.975000381469727
2003-12-15,7.340726852416992,9.850000381469727
2003-12-16,7.377986907958984,9.899999618530273
2003-12-17,7.366809368133545,9.885000228881836
2003-12-18,7.489776134490967,10.050000190734863
2003-12-19,7.463878154754639,9.944999694824219
2003-12-22,7.475140571594238,9.960000038146973
2003-12-23,7.535177230834961,10.039999961853027
2003-12-24,7.520167350769043,10.020000457763672
2003-12-26,7.535177230834961,10.039999961853027
2003-12-29,7.6702752113342285,10.220000267028809
2003-12-30,7.659016132354736,10.204999923706055
2003-12-31,7.647757053375244,10.1899995803833
2004-01-02,7.685284614562988,10.239999771118164
2004-01-05,7.872908592224121,10.489999771118164
2004-01-06,7.944212436676025,10.585000038146973
2004-01-07,7.981738090515137,10.635000228881836
2004-01-08,8.13934326171875,10.845000267028809
2004-01-09,8.030521392822266,10.699999809265137
2004-01-12,8.154353141784668,10.864999771118164
2004-01-13,8.038025856018066,10.710000038146973
2004-01-14,8.135597229003906,10.84000015258789
2004-01-15,8.169366836547852,10.885000228881836
2004-01-16,8.27444076538086,11.024999618530273
2004-01-20,8.293205261230469,11.050000190734863
2004-01-21,8.229408264160156,10.96500015258789
2004-01-22,8.150604248046875,10.859999656677246
2004-01-23,8.1243314743042,10.824999809265137
2004-01-26,8.27444076538086,11.024999618530273
2004-01-27,8.1468505859375,10.854999542236328
2004-01-28,8.011756896972656,10.675000190734863
2004-01-29,7.970478534698486,10.619999885559082
2004-01-30,7.974230766296387,10.625
2004-02-02,7.974230766296387,10.625
2004-02-03,7.98548698425293,10.640000343322754
2004-02-04,7.7903571128845215,10.380000114440918
2004-02-05,7.801614761352539,10.395000457763672
2004-02-06,7.966725826263428,10.614999771118164
2004-02-09,7.9066853523254395,10.53499984741211
2004-02-10,7.970478534698486,10.619999885559082
2004-02-11,8.034274101257324,10.704999923706055
2004-02-12,7.959218502044678,10.604999542236328
2004-02-13,7.910439968109131,10.539999961853027
2004-02-17,8.026768684387207,10.694999694824219
2004-02-18,7.98924446105957,10.645000457763672
2004-02-19,7.869157791137695,10.484999656677246
2004-02-20,7.831634044647217,10.4350004196167
2004-02-23,7.726558685302734,10.295000076293945
2004-02-24,7.734072208404541,10.305000305175781
2004-02-25,7.7941083908081055,10.385000228881836
2004-02-26,7.812876224517822,10.40999984741211
2004-02-27,7.771594047546387,10.354999542236328
2004-03-01,7.865412712097168,10.479999542236328
2004-03-02,7.835388660430908,10.4399995803833
2004-03-03,7.797863960266113,10.390000343322754
2004-03-04,7.865412712097168,10.479999542236328
2004-03-05,7.805368900299072,10.399999618530273
2004-03-08,7.63649845123291,10.175000190734863
2004-03-09,7.63649845123291,10.175000190734863
2004-03-10,7.501408576965332,9.994999885559082
2004-03-11,7.418850898742676,9.885000228881836
2004-03-12,7.56519889831543,10.079999923706055
2004-03-15,7.422602653503418,9.890000343322754
2004-03-16,7.467634677886963,9.949999809265137
2004-03-17,7.5614495277404785,10.074999809265137
2004-03-18,7.512664794921875,10.010000228881836
2004-03-19,7.411344051361084,9.875
2004-03-22,7.29126501083374,9.71500015258789
2004-03-23,7.280004024505615,9.699999809265137
2004-03-24,7.317531585693359,9.75
2004-03-25,7.550191879272461,10.0600004196167
2004-03-26,7.505157470703125,10.0
2004-03-29,7.602726936340332,10.130000114440918
2004-03-30,7.613986492156982,10.145000457763672
2004-03-31,7.56519889831543,10.079999923706055
2004-04-01,7.644007682800293,10.1850004196167
2004-04-02,7.835388660430908,10.4399995803833
2004-04-05,7.902929782867432,10.529999732971191
2004-04-06,7.820376873016357,10.420000076293945
2004-04-07,7.771594047546387,10.354999542236328
2004-04-08,7.78660249710083,10.375
2004-04-12,7.805368900299072,10.399999618530273
2004-04-13,7.70780086517334,10.270000457763672
2004-04-14,7.700292587280273,10.260000228881836
2004-04-15,7.610236644744873,10.140000343322754
2004-04-16,7.538930416107178,10.045000076293945
2004-04-19,7.625244140625,10.15999984741211
2004-04-20,7.460130214691162,9.9399995803833
2004-04-21,7.57271146774292,10.09000015258789
2004-04-22,7.689036846160889,10.244999885559082
2004-04-23,7.7903571128845215,10.380000114440918
2004-04-26,7.696545124053955,10.255000114440918
2004-04-27,7.674028396606445,10.225000381469727
2004-04-28,7.542686462402344,10.050000190734863
2004-04-29,7.430108547210693,9.899999618530273
2004-04-30,7.276249408721924,9.694999694824219
2004-05-03,7.317531585693359,9.75
2004-05-04,7.388827800750732,9.845000267028809
2004-05-05,7.42635440826416,9.895000457763672
2004-05-06,7.392582893371582,9.850000381469727
2004-05-07,7.355055332183838,9.800000190734863
2004-05-10,7.325036525726318,9.760000228881836
2004-05-11,7.422602653503418,9.890000343322754
2004-05-12,7.400087833404541,9.859999656677246
2004-05-13,7.400087833404541,9.859999656677246
2004-05-14,7.298767566680908,9.725000381469727
2004-05-17,7.219963073730469,9.619999885559082
2004-05-18,7.29126501083374,9.71500015258789
2004-05-19,7.325036525726318,9.760000228881836
2004-05-20,7.32128381729126,9.755000114440918
2004-05-21,7.343800067901611,9.78499984741211
2004-05-24,7.355055332183838,9.800000190734863
2004-05-25,7.493901252746582,9.984999656677246
2004-05-26,7.478891372680664,9.96500015258789
2004-05-27,7.523921966552734,10.024999618530273
2004-05-28,7.5614495277404785,10.074999809265137
2004-06-01,7.508908271789551,10.005000114440918
2004-06-02,7.508908271789551,10.005000114440918
2004-06-03,7.411344051361084,9.875
2004-06-04,7.482643127441406,9.970000267028809
2004-06-07,7.655266761779785,10.199999809265137
2004-06-08,7.696545124053955,10.255000114440918
2004-06-09,7.610236644744873,10.140000343322754
2004-06-10,7.6515116691589355,10.194999694824219
2004-06-14,7.546438694000244,10.055000305175781
2004-06-15,7.659016132354736,10.204999923706055
2004-06-16,7.625244140625,10.15999984741211
2004-06-17,7.538930416107178,10.045000076293945
2004-06-18,7.553948402404785,10.0649995803833
2004-06-21,7.520167350769043,10.020000457763672
2004-06-22,7.5989766120910645,10.125
2004-06-23,7.704046249389648,10.265000343322754
2004-06-24,7.66652250289917,10.21500015258789
2004-06-25,7.696545124053955,10.255000114440918
2004-06-28,7.63649845123291,10.175000190734863
2004-06-29,7.715303421020508,10.279999732971191
2004-06-30,7.76784086227417,10.350000381469727
2004-07-01,7.625244140625,10.15999984741211
2004-07-02,7.542686462402344,10.050000190734863
2004-07-06,7.381321430206299,9.835000038146973
2004-07-07,7.430108547210693,9.899999618530273
2004-07-08,7.306272029876709,9.734999656677246
2004-07-09,7.366312503814697,9.8149995803833
2004-07-12,7.355055332183838,9.800000190734863
2004-07-13,7.32128381729126,9.755000114440918
2004-07-14,7.204952716827393,9.600000381469727
2004-07-15,7.167427062988281,9.550000190734863
2004-07-16,7.092374801635742,9.449999809265137
2004-07-19,7.114891529083252,9.479999542236328
2004-07-20,7.231220722198486,9.635000228881836
2004-07-21,7.1223955154418945,9.489999771118164
2004-07-22,7.197449207305908,9.59000015258789
2004-07-23,7.073612689971924,9.425000190734863
2004-07-26,7.114891529083252,9.479999542236328
2004-07-27,7.18243932723999,9.569999694824219
2004-07-28,7.178684234619141,9.5649995803833
2004-07-29,7.280004024505615,9.699999809265137
2004-07-30,7.295014381408691,9.720000267028809
2004-08-02,7.313777446746826,9.744999885559082
2004-08-03,7.193696022033691,9.585000038146973
2004-08-04,7.204952716827393,9.600000381469727
2004-08-05,7.096128463745117,9.454999923706055
2004-08-06,6.882233142852783,9.170000076293945
2004-08-09,6.927264213562012,9.229999542236328
2004-08-10,7.047346115112305,9.390000343322754
2004-08-11,6.870974063873291,9.154999732971191
2004-08-12,6.735882759094238,8.975000381469727
2004-08-13,6.773407459259033,9.024999618530273
2004-08-16,6.833446502685547,9.104999542236328
2004-08-17,6.878479480743408,9.164999961853027
2004-08-18,6.991055488586426,9.3149995803833
2004-08-19,6.96854305267334,9.28499984741211
2004-08-20,7.002315521240234,9.329999923706055
2004-08-23,7.036088466644287,9.375
2004-08-24,6.998561859130859,9.324999809265137
2004-08-25,7.077364444732666,9.430000305175781
2004-08-26,7.0398406982421875,9.380000114440918
2004-08-27,7.069857597351074,9.420000076293945
2004-08-30,6.998561859130859,9.324999809265137
2004-08-31,6.972293853759766,9.289999961853027
2004-09-01,7.0248284339904785,9.359999656677246
2004-09-02,7.107387542724609,9.470000267028809
2004-09-03,6.953528881072998,9.265000343322754
2004-09-07,6.983554363250732,9.305000305175781
2004-09-08,6.991055488586426,9.3149995803833
2004-09-09,7.096128463745117,9.454999923706055
2004-09-10,7.21621561050415,9.614999771118164
2004-09-13,7.2499823570251465,9.65999984741211
2004-09-14,7.280004024505615,9.699999809265137
2004-09-15,7.1636762619018555,9.545000076293945
2004-09-16,7.178684234619141,9.5649995803833
2004-09-17,7.227469444274902,9.630000114440918
2004-09-20,7.2537360191345215,9.664999961853027
2004-09-21,7.280004024505615,9.699999809265137
2004-09-22,7.159923076629639,9.539999961853027
2004-09-23,7.178684234619141,9.5649995803833
2004-09-24,7.118643760681152,9.484999656677246
2004-09-27,7.0548529624938965,9.399999618530273
2004-09-28,7.073612689971924,9.425000190734863
2004-09-29,7.148664474487305,9.524999618530273
2004-09-30,7.174933910369873,9.5600004196167
2004-10-01,7.355055332183838,9.800000190734863
2004-10-04,7.415097236633301,9.880000114440918
2004-10-05,7.467634677886963,9.949999809265137
2004-10-06,7.516419410705566,10.015000343322754
2004-10-07,7.437615394592285,9.90999984741211
2004-10-08,7.3325419425964355,9.770000457763672
2004-10-11,7.355055332183838,9.800000190734863
2004-10-12,7.336292743682861,9.774999618530273
2004-10-13,7.310022830963135,9.739999771118164
2004-10-14,7.2537360191345215,9.664999961853027
2004-10-15,7.298767566680908,9.725000381469727
2004-10-18,7.373821258544922,9.824999809265137
2004-10-19,7.373821258544922,9.824999809265137
2004-10-20,7.385079383850098,9.84000015258789
2004-10-21,7.448868751525879,9.925000190734863
2004-10-22,7.287508964538574,9.710000038146973
2004-10-25,7.276249408721924,9.694999694824219
2004-10-26,7.29126501083374,9.71500015258789
2004-10-27,7.467634677886963,9.949999809265137
2004-10-28,7.486398220062256,9.975000381469727
2004-10-29,7.49014949798584,9.979999542236328
2004-11-01,7.550191879272461,10.0600004196167
2004-11-02,7.5614495277404785,10.074999809265137
2004-11-03,7.602726936340332,10.130000114440918
2004-11-04,7.689036846160889,10.244999885559082
2004-11-05,7.7565836906433105,10.335000038146973
2004-11-08,7.76784086227417,10.350000381469727
2004-11-09,7.7640886306762695,10.345000267028809
2004-11-10,7.696545124053955,10.255000114440918
2004-11-11,7.7941083908081055,10.385000228881836
2004-11-12,7.902929782867432,10.529999732971191
2004-11-15,7.947967052459717,10.59000015258789
2004-11-16,7.887924671173096,10.510000228881836
2004-11-17,7.977988243103027,10.630000114440918
2004-11-18,8.008009910583496,10.670000076293945
2004-11-19,7.8841681480407715,10.505000114440918
2004-11-22,7.895427703857422,10.520000457763672
2004-11-23,7.861654758453369,10.475000381469727
2004-11-24,7.925448894500732,10.5600004196167
2004-11-26,7.914188861846924,10.545000076293945
2004-11-29,7.917943000793457,10.550000190734863
2004-11-30,7.872908592224121,10.489999771118164
2004-12-01,8.034274101257324,10.704999923706055
2004-12-02,8.056788444519043,10.734999656677246
2004-12-03,8.113077163696289,10.8100004196167
2004-12-06,8.1468505859375,10.854999542236328
2004-12-07,8.038025856018066,10.710000038146973
2004-12-08,8.030521392822266,10.699999809265137
2004-12-09,8.026768684387207,10.694999694824219
2004-12-10,7.98548698425293,10.640000343322754
2004-12-13,8.079301834106445,10.765000343322754
2004-12-14,8.09431266784668,10.78499984741211
2004-12-15,8.09431266784668,10.78499984741211
2004-12-16,8.060541152954102,10.739999771118164
2004-12-17,8.021507263183594,10.479999542236328
2004-12-20,7.975580215454102,10.420000076293945
2004-12-21,8.063606262207031,10.53499984741211
2004-12-22,8.078911781311035,10.555000305175781
2004-12-23,8.09804916381836,10.579999923706055
2004-12-27,8.048295021057129,10.515000343322754
2004-12-28,8.090394020080566,10.569999694824219
2004-12-29,8.090394020080566,10.569999694824219
2004-12-30,8.094219207763672,10.574999809265137
2004-12-31,8.078911781311035,10.555000305175781
2005-01-03,8.010025024414062,10.46500015258789
2005-01-04,7.860770225524902,10.270000457763672
2005-01-05,7.833978652954102,10.234999656677246
2005-01-06,7.81101655960083,10.204999923706055
2005-01-07,7.826328277587891,10.225000381469727
2005-01-10,7.826328277587891,10.225000381469727
2005-01-11,7.749789237976074,10.125
2005-01-12,7.791884422302246,10.180000305175781
2005-01-13,7.715341091156006,10.079999923706055
2005-01-14,7.73830509185791,10.109999656677246
2005-01-18,7.82249641418457,10.220000267028809
2005-01-19,7.657934665679932,10.005000114440918
2005-01-20,7.6043572425842285,9.9350004196167
2005-01-21,7.550777435302734,9.864999771118164
2005-01-24,7.489548206329346,9.78499984741211
2005-01-25,7.501023769378662,9.800000190734863
2005-01-26,7.577566146850586,9.899999618530273
2005-01-27,7.569914817810059,9.890000343322754
2005-01-28,7.569914817810059,9.890000343322754
2005-01-31,7.62349271774292,9.960000038146973
2005-02-01,7.6694135665893555,10.020000457763672
2005-02-02,7.673243522644043,10.024999618530273
2005-02-03,7.62349271774292,9.960000038146973
2005-02-04,7.75361442565918,10.130000114440918
2005-02-07,7.730649948120117,10.100000381469727
2005-02-08,7.7689208984375,10.149999618530273
2005-02-09,7.634974002838135,9.975000381469727
2005-02-10,7.650282382965088,9.994999885559082
2005-02-11,7.722995281219482,10.09000015258789
2005-02-14,7.73830509185791,10.109999656677246
2005-02-15,7.776573657989502,10.15999984741211
2005-02-16,7.749789237976074,10.125
2005-02-17,7.62349271774292,9.960000038146973
2005-02-18,7.608184814453125,9.9399995803833
2005-02-22,7.5660881996154785,9.885000228881836
2005-02-23,7.543124198913574,9.854999542236328
2005-02-24,7.608184814453125,9.9399995803833
2005-02-25,7.657934665679932,10.005000114440918
2005-02-28,7.634974002838135,9.975000381469727
2005-03-01,7.726823329925537,10.095000267028809
2005-03-02,7.7076873779296875,10.069999694824219
2005-03-03,7.650282382965088,9.994999885559082
2005-03-04,7.700034141540527,10.0600004196167
2005-03-07,7.7574381828308105,10.135000228881836
2005-03-08,7.69237756729126,10.050000190734863
2005-03-09,7.677067756652832,10.029999732971191
2005-03-10,7.711512088775635,10.074999809265137
2005-03-11,7.612009525299072,9.944999694824219
2005-03-14,7.642629623413086,9.984999656677246
2005-03-15,7.5660881996154785,9.885000228881836
2005-03-16,7.489548206329346,9.78499984741211
2005-03-17,7.485716819763184,9.779999732971191
2005-03-18,7.443617820739746,9.725000381469727
2005-03-21,7.443617820739746,9.725000381469727
2005-03-22,7.3785600662231445,9.640000343322754
2005-03-23,7.409175395965576,9.680000305175781
2005-03-24,7.413007736206055,9.6850004196167
2005-03-28,7.420657634735107,9.694999694824219
2005-03-29,7.363253116607666,9.619999885559082
2005-03-30,7.474239349365234,9.765000343322754
2005-03-31,7.485716819763184,9.779999732971191
2005-04-01,7.420657634735107,9.694999694824219
2005-04-04,7.447444915771484,9.729999542236328
2005-04-05,7.462757110595703,9.75
2005-04-06,7.45127534866333,9.734999656677246
2005-04-07,7.550777435302734,9.864999771118164
2005-04-08,7.4972028732299805,9.795000076293945
2005-04-11,7.455099105834961,9.739999771118164
2005-04-12,7.501023769378662,9.800000190734863
2005-04-13,7.3938679695129395,9.65999984741211
2005-04-14,7.290538311004639,9.524999618530273
2005-04-15,7.068568229675293,9.234999656677246
2005-04-18,7.0762248039245605,9.244999885559082
2005-04-19,7.164246082305908,9.359999656677246
2005-04-20,7.099185466766357,9.274999618530273
2005-04-21,7.290538311004639,9.524999618530273
2005-04-22,7.202517032623291,9.40999984741211
2005-04-25,7.252267360687256,9.475000381469727
2005-04-26,7.202517032623291,9.40999984741211
2005-04-27,7.229307651519775,9.444999694824219
2005-04-28,7.156591892242432,9.350000381469727
2005-04-29,7.221651554107666,9.4350004196167
2005-05-02,7.213995933532715,9.425000190734863
2005-05-03,7.2637505531311035,9.489999771118164
2005-05-04,7.313504219055176,9.555000305175781
2005-05-05,7.302021026611328,9.539999961853027
2005-05-06,7.3211541175842285,9.5649995803833
2005-05-09,7.351771354675293,9.604999542236328
2005-05-10,7.275231838226318,9.505000114440918
2005-05-11,7.309672832489014,9.550000190734863
2005-05-12,7.317328453063965,9.5600004196167
2005-05-13,7.409175395965576,9.680000305175781
2005-05-16,7.47806453704834,9.770000457763672
2005-05-17,7.504854202270508,9.805000305175781
2005-05-18,7.612009525299072,9.944999694824219
2005-05-19,7.654106616973877,10.0
2005-05-20,7.665593147277832,10.015000343322754
2005-05-23,7.69237756729126,10.050000190734863
2005-05-24,7.730649948120117,10.100000381469727
2005-05-25,7.6962056159973145,10.055000305175781
2005-05-26,7.784228324890137,10.170000076293945
2005-05-27,7.772752285003662,10.154999732971191
2005-05-31,7.722995281219482,10.09000015258789
2005-06-01,7.79953670501709,10.1899995803833
2005-06-02,7.833978652954102,10.234999656677246
2005-06-03,7.749789237976074,10.125
2005-06-06,7.73830509185791,10.109999656677246
2005-06-07,7.7076873779296875,10.069999694824219
2005-06-08,7.722995281219482,10.09000015258789
2005-06-09,7.761270523071289,10.140000343322754
2005-06-10,7.719167709350586,10.085000038146973
2005-06-13,7.749789237976074,10.125
2005-06-14,7.703863620758057,10.0649995803833
2005-06-15,7.749789237976074,10.125
2005-06-16,7.765093803405762,10.145000457763672
2005-06-17,7.7689208984375,10.149999618530273
2005-06-20,7.7574381828308105,10.135000228881836
2005-06-21,7.791884422302246,10.180000305175781
2005-06-22,7.80718994140625,10.199999809265137
2005-06-23,7.745960235595703,10.119999885559082
2005-06-24,7.650282382965088,9.994999885559082
2005-06-27,7.589048385620117,9.914999961853027
2005-06-28,7.684723854064941,10.039999961853027
2005-06-29,7.6962056159973145,10.055000305175781
2005-06-30,7.62349271774292,9.960000038146973
2005-07-01,7.642629623413086,9.984999656677246
2005-07-05,7.69237756729126,10.050000190734863
2005-07-06,7.673243522644043,10.024999618530273
2005-07-07,7.688553333282471,10.045000076293945
2005-07-08,7.826328277587891,10.225000381469727
2005-07-11,7.906693935394287,10.329999923706055
2005-07-12,7.948788642883301,10.385000228881836
2005-07-13,7.983234405517578,10.430000305175781
2005-07-14,8.052123069763184,10.520000457763672
2005-07-15,8.048295021057129,10.515000343322754
2005-07-18,8.002368927001953,10.454999923706055
2005-07-19,8.121007919311523,10.609999656677246
2005-07-20,8.094219207763672,10.574999809265137
2005-07-21,8.040642738342285,10.505000114440918
2005-07-22,8.021507263183594,10.479999542236328
2005-07-25,7.979409217834473,10.425000190734863
2005-07-26,8.040642738342285,10.505000114440918
2005-07-27,8.094219207763672,10.574999809265137
2005-07-28,8.09804916381836,10.579999923706055
2005-07-29,8.055947303771973,10.524999618530273
2005-08-01,8.059776306152344,10.529999732971191
2005-08-02,8.140142440795898,10.635000228881836
2005-08-03,8.193719863891602,10.704999923706055
2005-08-04,8.117177963256836,10.604999542236328
2005-08-05,8.09804916381836,10.579999923706055
2005-08-08,8.032989501953125,10.494999885559082
2005-08-09,8.094219207763672,10.574999809265137
2005-08-10,8.002368927001953,10.454999923706055
2005-08-11,8.063606262207031,10.53499984741211
2005-08-12,7.956447601318359,10.395000457763672
2005-08-15,7.998546123504639,10.449999809265137
2005-08-16,7.922003269195557,10.350000381469727
2005-08-17,7.990890026092529,10.4399995803833
2005-08-18,7.937307834625244,10.369999885559082
2005-08-19,7.94496488571167,10.380000114440918
2005-08-22,7.960272312164307,10.399999618530273
2005-08-23,7.956447601318359,10.395000457763672
2005-08-24,7.906693935394287,10.329999923706055
2005-08-25,7.910520553588867,10.335000038146973
2005-08-26,7.883732318878174,10.300000190734863
2005-08-29,7.937307834625244,10.369999885559082
2005-08-30,7.937307834625244,10.369999885559082
2005-08-31,7.979409217834473,10.425000190734863
2005-09-01,7.960272312164307,10.399999618530273
2005-09-02,7.937307834625244,10.369999885559082
2005-09-06,8.029159545898438,10.489999771118164
2005-09-07,8.029159545898438,10.489999771118164
2005-09-08,8.048295021057129,10.515000343322754
2005-09-09,8.055947303771973,10.524999618530273
2005-09-12,8.075088500976562,10.550000190734863
2005-09-13,8.082740783691406,10.5600004196167
2005-09-14,7.998546123504639,10.449999809265137
2005-09-15,7.979409217834473,10.425000190734863
2005-09-16,8.029159545898438,10.489999771118164
2005-09-19,7.964099407196045,10.404999732971191
2005-09-20,7.9334869384765625,10.364999771118164
2005-09-21,7.8378095626831055,10.239999771118164
2005-09-22,7.868427276611328,10.279999732971191
2005-09-23,7.872250556945801,10.28499984741211
2005-09-26,7.860770225524902,10.270000457763672
2005-09-27,7.833978652954102,10.234999656677246
2005-09-28,7.883732318878174,10.300000190734863
2005-09-29,7.94496488571167,10.380000114440918
2005-09-30,7.998546123504639,10.449999809265137
2005-10-03,7.987064838409424,10.4350004196167
2005-10-04,7.9143500328063965,10.34000015258789
2005-10-05,7.803363800048828,10.194999694824219
2005-10-06,7.715341091156006,10.079999923706055
2005-10-07,7.7344746589660645,10.104999542236328
2005-10-10,7.680899143218994,10.03499984741211
2005-10-11,7.62349271774292,9.960000038146973
2005-10-12,7.573739528656006,9.895000457763672
2005-10-13,7.627316474914551,9.96500015258789
2005-10-14,7.657934665679932,10.005000114440918
2005-10-17,7.650282382965088,9.994999885559082
2005-10-18,7.634974002838135,9.975000381469727
2005-10-19,7.730649948120117,10.100000381469727
2005-10-20,7.673243522644043,10.024999618530273
2005-10-21,7.719167709350586,10.085000038146973
2005-10-24,7.818676948547363,10.21500015258789
2005-10-25,7.765093803405762,10.145000457763672
2005-10-26,7.745960235595703,10.119999885559082
2005-10-27,7.661763668060303,10.010000228881836
2005-10-28,7.7344746589660645,10.104999542236328
2005-10-31,7.814843654632568,10.210000038146973
2005-11-01,7.79953670501709,10.1899995803833
2005-11-02,7.887561321258545,10.305000305175781
2005-11-03,7.960272312164307,10.399999618530273
2005-11-04,7.994714736938477,10.444999694824219
2005-11-07,8.010025024414062,10.46500015258789
2005-11-08,8.013854026794434,10.470000267028809
2005-11-09,8.006197929382324,10.460000038146973
2005-11-10,8.075088500976562,10.550000190734863
2005-11-11,8.094219207763672,10.574999809265137
2005-11-14,8.101875305175781,10.585000038146973
2005-11-15,8.075088500976562,10.550000190734863
2005-11-16,8.10569953918457,10.59000015258789
2005-11-17,8.201377868652344,10.71500015258789
2005-11-18,8.24730110168457,10.774999618530273
2005-11-21,8.243474006652832,10.770000457763672
2005-11-22,8.2970552444458,10.84000015258789
2005-11-23,8.342972755432129,10.899999618530273
2005-11-25,8.36594295501709,10.930000305175781
2005-11-28,8.335323333740234,10.890000343322754
2005-11-29,8.335323333740234,10.890000343322754
2005-11-30,8.308537483215332,10.854999542236328
2005-12-01,8.434828758239746,11.020000457763672
2005-12-02,8.427175521850586,11.010000228881836
2005-12-05,8.385079383850098,10.954999923706055
2005-12-06,8.396557807922363,10.970000267028809
2005-12-07,8.381250381469727,10.949999809265137
2005-12-08,8.320014953613281,10.869999885559082
2005-12-09,8.35063362121582,10.90999984741211
2005-12-12,8.373597145080566,10.9399995803833
2005-12-13,8.346807479858398,10.904999732971191
2005-12-14,8.35828971862793,10.920000076293945
2005-12-15,8.323841094970703,10.875
2005-12-16,8.311513900756836,10.78499984741211
2005-12-19,8.211324691772461,10.654999732971191
2005-12-20,8.180500030517578,10.614999771118164
2005-12-21,8.188210487365723,10.625
2005-12-22,8.226739883422852,10.675000190734863
2005-12-23,8.242154121398926,10.694999694824219
2005-12-27,8.172789573669434,10.604999542236328
2005-12-28,8.15353012084961,10.579999923706055
2005-12-29,8.107290267944336,10.520000457763672
2005-12-30,8.053346633911133,10.449999809265137
2006-01-03,8.211324691772461,10.654999732971191
2006-01-04,8.307659149169922,10.779999732971191
2006-01-05,8.346193313598633,10.829999923706055
2006-01-06,8.477200508117676,11.0
2006-01-09,8.504173278808594,11.03499984741211
2006-01-10,8.496471405029297,11.024999618530273
2006-01-11,8.577385902404785,11.130000114440918
2006-01-12,8.531150817871094,11.069999694824219
2006-01-13,8.527297019958496,11.0649995803833
2006-01-17,8.442525863647461,10.954999923706055
2006-01-18,8.342337608337402,10.824999809265137
2006-01-19,8.415555000305176,10.920000076293945
2006-01-20,8.195913314819336,10.635000228881836
2006-01-23,8.165090560913086,10.595000267028809
2006-01-24,8.192059516906738,10.630000114440918
2006-01-25,8.219033241271973,10.664999961853027
2006-01-26,8.272982597351074,10.734999656677246
2006-01-27,8.365460395812988,10.854999542236328
2006-01-30,8.39242935180664,10.890000343322754
2006-01-31,8.32307243347168,10.800000190734863
2006-02-01,8.373164176940918,10.864999771118164
2006-02-02,8.257567405700684,10.71500015258789
2006-02-03,8.199764251708984,10.640000343322754
2006-02-06,8.17664623260498,10.609999656677246
2006-02-07,8.15353012084961,10.579999923706055
2006-02-08,8.311513900756836,10.78499984741211
2006-02-09,8.272982597351074,10.734999656677246
2006-02-10,8.338483810424805,10.819999694824219
2006-02-13,8.261419296264648,10.720000267028809
2006-02-14,8.373164176940918,10.864999771118164
2006-02-15,8.41940689086914,10.925000190734863
2006-02-16,8.496471405029297,11.024999618530273
2006-02-17,8.450235366821289,10.96500015258789
2006-02-21,8.357752799987793,10.845000267028809
2006-02-22,8.400132179260254,10.899999618530273
2006-02-23,8.357752799987793,10.845000267028809
2006-02-24,8.361601829528809,10.850000381469727
2006-02-27,8.438672065734863,10.949999809265137
2006-02-28,8.342337608337402,10.824999809265137
2006-03-01,8.50802993774414,11.039999961853027
2006-03-02,8.527297019958496,11.0649995803833
2006-03-03,8.477200508117676,11.0
2006-03-06,8.442525863647461,10.954999923706055
2006-03-07,8.388577461242676,10.885000228881836
2006-03-08,8.380871772766113,10.875
2006-03-09,8.330780982971191,10.8100004196167
2006-03-10,8.369307518005371,10.859999656677246
2006-03-13,8.400132179260254,10.899999618530273
2006-03-14,8.496471405029297,11.024999618530273
2006-03-15,8.546560287475586,11.09000015258789
2006-03-16,8.492618560791016,11.020000457763672
2006-03-17,8.519588470458984,11.055000305175781
2006-03-20,8.535000801086426,11.074999809265137
2006-03-21,8.500319480895996,11.029999732971191
2006-03-22,8.504173278808594,11.03499984741211
2006-03-23,8.484911918640137,11.010000228881836
2006-03-24,8.511881828308105,11.045000076293945
2006-03-27,8.523442268371582,11.0600004196167
2006-03-28,8.42711353302002,10.9350004196167
2006-03-29,8.55427074432373,11.100000381469727
2006-03-30,8.581244468688965,11.135000228881836
2006-03-31,8.531150817871094,11.069999694824219
2006-04-03,8.581244468688965,11.135000228881836
2006-04-04,8.61207103729248,11.175000190734863
2006-04-05,8.68527889251709,11.270000457763672
2006-04-06,8.677577018737793,11.260000228881836
2006-04-07,8.577385902404785,11.130000114440918
2006-04-10,8.565829277038574,11.114999771118164
2006-04-11,8.488763809204102,11.015000343322754
2006-04-12,8.504173278808594,11.03499984741211
2006-04-13,8.515735626220703,11.050000190734863
2006-04-17,8.423257827758789,10.930000305175781
2006-04-18,8.592798233032227,11.149999618530273
2006-04-19,8.585098266601562,11.140000343322754
2006-04-20,8.592798233032227,11.149999618530273
2006-04-21,8.500319480895996,11.029999732971191
2006-04-24,8.488763809204102,11.015000343322754
2006-04-25,8.484911918640137,11.010000228881836
2006-04-26,8.515735626220703,11.050000190734863
2006-04-27,8.600508689880371,11.15999984741211
2006-04-28,8.41940689086914,10.925000190734863
2006-05-01,8.35004997253418,10.835000038146973
2006-05-02,8.388577461242676,10.885000228881836
2006-05-03,8.369307518005371,10.859999656677246
2006-05-04,8.400132179260254,10.899999618530273
2006-05-05,8.446382522583008,10.960000038146973
2006-05-08,8.457935333251953,10.975000381469727
2006-05-09,8.423257827758789,10.930000305175781
2006-05-10,8.334628105163574,10.8149995803833
2006-05-11,8.161232948303223,10.59000015258789
2006-05-12,8.084166526794434,10.489999771118164
2006-05-15,8.091874122619629,10.5
2006-05-16,8.014811515808105,10.399999618530273
2006-05-17,7.906915664672852,10.260000228881836
2006-05-18,7.879948616027832,10.225000381469727
2006-05-19,7.937745571136475,10.300000190734863
2006-05-22,7.868384838104248,10.210000038146973
2006-05-23,7.810587406158447,10.135000228881836
2006-05-24,7.887650489807129,10.234999656677246
2006-05-25,7.960865020751953,10.329999923706055
2006-05-26,7.999398708343506,10.380000114440918
2006-05-30,7.8414130210876465,10.175000190734863
2006-05-31,7.872244358062744,10.21500015258789
2006-06-01,8.007102966308594,10.390000343322754
2006-06-02,7.980134963989258,10.354999542236328
2006-06-05,7.860679626464844,10.199999809265137
2006-06-06,7.860679626464844,10.199999809265137
2006-06-07,7.752788543701172,10.0600004196167
2006-06-08,7.7142558097839355,10.010000228881836
2006-06-09,7.683426856994629,9.970000267028809
2006-06-12,7.540861129760742,9.78499984741211
2006-06-13,7.548567771911621,9.795000076293945
2006-06-14,7.598654747009277,9.859999656677246
2006-06-15,7.791322231292725,10.109999656677246
2006-06-16,7.779760837554932,10.095000267028809
2006-06-19,7.745080471038818,10.050000190734863
2006-06-20,7.733522891998291,10.03499984741211
2006-06-21,7.833706378936768,10.164999961853027
2006-06-22,7.7412285804748535,10.045000076293945
2006-06-23,7.718111991882324,10.015000343322754
2006-06-26,7.733522891998291,10.03499984741211
2006-06-27,7.629481792449951,9.899999618530273
2006-06-28,7.679572582244873,9.96500015258789
2006-06-29,7.876090049743652,10.220000267028809
2006-06-30,7.833706378936768,10.164999961853027
2006-07-03,7.891507625579834,10.239999771118164
2006-07-05,7.768200874328613,10.079999923706055
2006-07-06,7.775907039642334,10.09000015258789
2006-07-07,7.698840618133545,9.989999771118164
2006-07-10,7.610217571258545,9.875
2006-07-11,7.641042709350586,9.914999961853027
2006-07-12,7.502325534820557,9.734999656677246
2006-07-13,7.379022121429443,9.574999809265137
2006-07-14,7.359753608703613,9.550000190734863
2006-07-17,7.38287353515625,9.579999923706055
2006-07-18,7.398285388946533,9.600000381469727
2006-07-19,7.5061750411987305,9.739999771118164
2006-07-20,7.398285388946533,9.600000381469727
2006-07-21,7.321220874786377,9.5
2006-07-24,7.432966232299805,9.645000457763672
2006-07-25,7.513886451721191,9.75
2006-07-26,7.5331525802612305,9.774999618530273
2006-07-27,7.5100321769714355,9.744999885559082
2006-07-28,7.641042709350586,9.914999961853027
2006-07-31,7.629481792449951,9.899999618530273
2006-08-01,7.521594047546387,9.760000228881836
2006-08-02,7.61406946182251,9.880000114440918
2006-08-03,7.637189865112305,9.90999984741211
2006-08-04,7.61406946182251,9.880000114440918
2006-08-07,7.587096214294434,9.845000267028809
2006-08-08,7.560124397277832,9.8100004196167
2006-08-09,7.606365203857422,9.869999885559082
2006-08-10,7.637189865112305,9.90999984741211
2006-08-11,7.594803810119629,9.854999542236328
2006-08-14,7.660309791564941,9.9399995803833
2006-08-15,7.837560653686523,10.170000076293945
2006-08-16,7.960865020751953,10.329999923706055
2006-08-17,7.995541572570801,10.375
2006-08-18,8.026373863220215,10.414999961853027
2006-08-21,7.972420692443848,10.345000267028809
2006-08-22,7.976278305053711,10.350000381469727
2006-08-23,7.937745571136475,10.300000190734863
2006-08-24,7.968573093414307,10.34000015258789
2006-08-25,7.991689205169678,10.369999885559082
2006-08-28,8.06490421295166,10.46500015258789
2006-08-29,8.138116836547852,10.5600004196167
2006-08-30,8.195913314819336,10.635000228881836
2006-08-31,8.165090560913086,10.595000267028809
2006-09-01,8.199764251708984,10.640000343322754
2006-09-05,8.242154121398926,10.694999694824219
2006-09-06,8.107290267944336,10.520000457763672
2006-09-07,8.061049461364746,10.460000038146973
2006-09-08,8.126555442810059,10.545000076293945
2006-09-11,8.195913314819336,10.635000228881836
2006-09-12,8.338483810424805,10.819999694824219
2006-09-13,8.338483810424805,10.819999694824219
2006-09-14,8.357752799987793,10.845000267028809
2006-09-15,8.378599166870117,10.850000381469727
2006-09-18,8.374741554260254,10.845000267028809
2006-09-19,8.336130142211914,10.795000076293945
2006-09-20,8.471271514892578,10.970000267028809
2006-09-21,8.39018440246582,10.864999771118164
2006-09-22,8.339991569519043,10.800000190734863
2006-09-25,8.490577697753906,10.994999885559082
2006-09-26,8.54463005065918,11.0649995803833
2006-09-27,8.478989601135254,10.979999542236328
2006-09-28,8.521459579467773,11.03499984741211
2006-09-29,8.49443531036377,11.0
2006-10-02,8.432661056518555,10.920000076293945
2006-10-03,8.478989601135254,10.979999542236328
2006-10-04,8.610265731811523,11.149999618530273
2006-10-05,8.60640811920166,11.145000457763672
2006-10-06,8.610265731811523,11.149999618530273
2006-10-09,8.633437156677246,11.180000305175781
2006-10-10,8.641158103942871,11.1899995803833
2006-10-11,8.63729476928711,11.1850004196167
2006-10-12,8.764711380004883,11.350000381469727
2006-10-13,8.807184219360352,11.404999732971191
2006-10-16,8.803325653076172,11.399999618530273
2006-10-17,8.72996711730957,11.305000305175781
2006-10-18,8.70679759979248,11.274999618530273
2006-10-19,8.733829498291016,11.3100004196167
2006-10-20,8.78787899017334,11.380000114440918
2006-10-23,8.841937065124512,11.449999809265137
2006-10-24,8.780158042907715,11.369999885559082
2006-10-25,8.857379913330078,11.470000267028809
2006-10-26,8.903711318969727,11.529999732971191
2006-10-27,8.78787899017334,11.380000114440918
2006-10-30,8.818767547607422,11.420000076293945
2006-10-31,8.830349922180176,11.4350004196167
2006-11-01,8.791738510131836,11.385000228881836
2006-11-02,8.737688064575195,11.3149995803833
2006-11-03,8.737688064575195,11.3149995803833
2006-11-06,8.841937065124512,11.449999809265137
2006-11-07,8.88826847076416,11.510000228881836
2006-11-08,8.895994186401367,11.520000457763672
2006-11-09,8.892127990722656,11.515000343322754
2006-11-10,8.915294647216797,11.545000076293945
2006-11-13,8.992517471313477,11.645000457763672
2006-11-14,9.058158874511719,11.729999542236328
2006-11-15,9.077463150024414,11.755000114440918
2006-11-16,9.112212181091309,11.800000190734863
2006-11-17,9.127655982971191,11.819999694824219
2006-11-20,9.127655982971191,11.819999694824219
2006-11-21,9.123795509338379,11.8149995803833
2006-11-22,9.193294525146484,11.904999732971191
2006-11-24,9.173988342285156,11.880000114440918
2006-11-27,8.957767486572266,11.600000381469727
2006-11-28,9.004100799560547,11.65999984741211
2006-11-29,9.062019348144531,11.734999656677246
2006-11-30,9.081324577331543,11.760000228881836
2006-12-01,9.004100799560547,11.65999984741211
2006-12-04,9.11993408203125,11.8100004196167
2006-12-05,9.123795509338379,11.8149995803833
2006-12-06,9.065879821777344,11.739999771118164
2006-12-07,9.031126976013184,11.694999694824219
2006-12-08,9.031126976013184,11.694999694824219
2006-12-11,9.085186004638672,11.765000343322754
2006-12-12,9.054296493530273,11.725000381469727
2006-12-13,9.06973934173584,11.744999885559082
2006-12-14,9.146963119506836,11.845000267028809
2006-12-15,9.148903846740723,11.779999732971191
2006-12-18,9.113956451416016,11.734999656677246
2006-12-19,9.055707931518555,11.65999984741211
2006-12-20,9.059587478637695,11.664999961853027
2006-12-21,9.016873359680176,11.609999656677246
2006-12-22,8.946980476379395,11.520000457763672
2006-12-26,8.997457504272461,11.585000038146973
2006-12-27,9.063470840454102,11.670000076293945
2006-12-28,9.059587478637695,11.664999961853027
2006-12-29,9.032407760620117,11.630000114440918
2007-01-03,9.059587478637695,11.664999961853027
2007-01-04,9.199387550354004,11.845000267028809
2007-01-05,9.125603675842285,11.75
2007-01-08,9.152790069580078,11.78499984741211
2007-01-09,9.164438247680664,11.800000190734863
2007-01-10,9.21103572845459,11.859999656677246
2007-01-11,9.30423355102539,11.979999542236328
2007-01-12,9.327537536621094,12.010000228881836
2007-01-16,9.308114051818848,11.984999656677246
2007-01-17,9.187737464904785,11.829999923706055
2007-01-18,9.0828857421875,11.694999694824219
2007-01-19,9.079008102416992,11.6899995803833
2007-01-22,9.012989044189453,11.604999542236328
2007-01-23,9.012989044189453,11.604999542236328
2007-01-24,9.176087379455566,11.8149995803833
2007-01-25,9.063470840454102,11.670000076293945
2007-01-26,9.067358016967773,11.675000190734863
2007-01-29,9.106188774108887,11.725000381469727
2007-01-30,9.160552978515625,11.795000076293945
2007-01-31,9.214919090270996,11.864999771118164
2007-02-01,9.176087379455566,11.8149995803833
2007-02-02,9.222687721252441,11.875
2007-02-05,9.199387550354004,11.845000267028809
2007-02-06,9.187737464904785,11.829999923706055
2007-02-07,9.230454444885254,11.885000228881836
2007-02-08,9.24210262298584,11.899999618530273
2007-02-09,9.141139030456543,11.770000457763672
2007-02-12,9.10230541229248,11.720000267028809
2007-02-13,9.13725471496582,11.765000343322754
2007-02-14,9.265397071838379,11.930000305175781
2007-02-15,9.300350189208984,11.975000381469727
2007-02-16,9.280935287475586,11.949999809265137
2007-02-20,9.284820556640625,11.954999923706055
2007-02-21,9.269280433654785,11.9350004196167
2007-02-22,9.319767951965332,12.0
2007-02-23,9.311999320983887,11.989999771118164
2007-02-26,9.288700103759766,11.960000038146973
2007-02-27,8.93144416809082,11.5
2007-02-28,8.966390609741211,11.545000076293945
2007-03-01,8.958624839782715,11.53499984741211
2007-03-02,8.791646003723145,11.319999694824219
2007-03-05,8.811064720153809,11.345000267028809
2007-03-06,8.946980476379395,11.520000457763672
2007-03-07,8.83436107635498,11.375
2007-03-08,8.9081449508667,11.470000267028809
2007-03-09,8.93144416809082,11.5
2007-03-12,8.985804557800293,11.569999694824219
2007-03-13,8.84212589263916,11.385000228881836
2007-03-14,8.923681259155273,11.489999771118164
2007-03-15,8.927559852600098,11.494999885559082
2007-03-16,8.912026405334473,11.475000381469727
2007-03-19,8.970277786254883,11.550000190734863
2007-03-20,9.028522491455078,11.625
2007-03-21,9.21103572845459,11.859999656677246
2007-03-22,9.176087379455566,11.8149995803833
2007-03-23,9.152790069580078,11.78499984741211
2007-03-26,9.164438247680664,11.800000190734863
2007-03-27,9.16832160949707,11.805000305175781
2007-03-28,9.063470840454102,11.670000076293945
2007-03-29,9.075126647949219,11.6850004196167
2007-03-30,9.055707931518555,11.65999984741211
2007-04-02,9.10230541229248,11.720000267028809
2007-04-03,9.176087379455566,11.8149995803833
2007-04-04,9.230454444885254,11.885000228881836
2007-04-05,9.265397071838379,11.930000305175781
2007-04-09,9.265397071838379,11.930000305175781
2007-04-10,9.257635116577148,11.920000076293945
2007-04-11,9.172202110290527,11.8100004196167
2007-04-12,9.269280433654785,11.9350004196167
2007-04-13,9.277052879333496,11.944999694824219
2007-04-16,9.354718208312988,12.045000076293945
2007-04-17,9.374131202697754,12.069999694824219
2007-04-18,9.350828170776367,12.039999961853027
2007-04-19,9.354718208312988,12.045000076293945
2007-04-20,9.409078598022461,12.114999771118164
2007-04-23,9.389659881591797,12.09000015258789
2007-04-24,9.440143585205078,12.154999732971191
2007-04-25,9.51004409790039,12.244999885559082
2007-04-26,9.564407348632812,12.3149995803833
2007-04-27,9.556640625,12.305000305175781
2007-04-30,9.482863426208496,12.210000038146973
2007-05-01,9.529461860656738,12.270000457763672
2007-05-02,9.57994270324707,12.335000038146973
2007-05-03,9.673141479492188,12.454999923706055
2007-05-04,9.711973190307617,12.505000114440918
2007-05-07,9.700323104858398,12.489999771118164
2007-05-08,9.73915958404541,12.539999961853027
2007-05-09,9.727507591247559,12.524999618530273
2007-05-10,9.677023887634277,12.460000038146973
2007-05-11,9.781872749328613,12.595000267028809
2007-05-14,9.735271453857422,12.53499984741211
2007-05-15,9.719740867614746,12.515000343322754
2007-05-16,9.80517292022705,12.625
2007-05-17,9.777990341186523,12.59000015258789
2007-05-18,9.828474044799805,12.654999732971191
2007-05-21,9.871185302734375,12.710000038146973
2007-05-22,9.859533309936523,12.694999694824219
2007-05-23,9.824586868286133,12.649999618530273
2007-05-24,9.700323104858398,12.489999771118164
2007-05-25,9.781872749328613,12.595000267028809
2007-05-29,9.84012222290039,12.670000076293945
2007-05-30,9.913905143737793,12.765000343322754
2007-05-31,9.960500717163086,12.824999809265137
2007-06-01,9.960500717163086,12.824999809265137
2007-06-04,9.995451927185059,12.869999885559082
2007-06-05,9.960500717163086,12.824999809265137
2007-06-06,9.844000816345215,12.675000190734863
2007-06-07,9.704206466674805,12.494999885559082
2007-06-08,9.84012222290039,12.670000076293945
2007-06-11,9.859533309936523,12.694999694824219
2007-06-12,9.743038177490234,12.545000076293945
2007-06-13,9.867297172546387,12.704999923706055
2007-06-14,9.960500717163086,12.824999809265137
2007-06-15,10.018014907836914,12.890000343322754
2007-06-18,10.04521369934082,12.925000190734863
2007-06-19,10.041327476501465,12.920000076293945
2007-06-20,9.983036041259766,12.845000267028809
2007-06-21,10.033554077148438,12.90999984741211
2007-06-22,9.920860290527344,12.765000343322754
2007-06-25,9.885890007019043,12.720000267028809
2007-06-26,9.850920677185059,12.675000190734863
2007-06-27,9.948065757751465,12.800000190734863
2007-06-28,9.983036041259766,12.845000267028809
2007-06-29,9.948065757751465,12.800000190734863
2007-07-02,10.033554077148438,12.90999984741211
2007-07-03,10.103506088256836,13.0
2007-07-05,10.142363548278809,13.050000190734863
2007-07-06,10.161794662475586,13.074999809265137
2007-07-09,10.220083236694336,13.149999618530273
2007-07-10,10.103506088256836,13.0
2007-07-11,10.161794662475586,13.074999809265137
2007-07-12,10.332777976989746,13.295000076293945
2007-07-13,10.356091499328613,13.324999809265137
2007-07-16,10.387179374694824,13.364999771118164
2007-07-17,10.42215347290039,13.40999984741211
2007-07-18,10.36775016784668,13.34000015258789
2007-07-19,10.45323657989502,13.449999809265137
2007-07-20,10.414385795593262,13.399999618530273
2007-07-23,10.429922103881836,13.420000076293945
2007-07-24,10.325002670288086,13.28499984741211
2007-07-25,10.33665943145752,13.300000190734863
2007-07-26,10.181222915649414,13.100000381469727
2007-07-27,9.963606834411621,12.819999694824219
2007-07-30,9.998583793640137,12.864999771118164
2007-07-31,9.928637504577637,12.774999618530273
2007-08-01,10.025782585144043,12.899999618530273
2007-08-02,10.04521369934082,12.925000190734863
2007-08-03,9.850920677185059,12.675000190734863
2007-08-06,10.006352424621582,12.875
2007-08-07,10.025782585144043,12.899999618530273
2007-08-08,10.181222915649414,13.100000381469727
2007-08-09,9.948065757751465,12.800000190734863
2007-08-10,9.808168411254883,12.619999885559082
2007-08-13,9.94417667388916,12.795000076293945
2007-08-14,9.742111206054688,12.53499984741211
2007-08-15,9.61776065826416,12.375
2007-08-16,9.555582046508789,12.295000076293945
2007-08-17,9.648845672607422,12.414999961853027
2007-08-20,9.683820724487305,12.460000038146973
2007-08-21,9.7149076461792,12.5
2007-08-22,9.84314250946045,12.664999961853027
2007-08-23,9.870343208312988,12.699999809265137
2007-08-24,10.010238647460938,12.880000114440918
2007-08-27,9.955839157104492,12.8100004196167
2007-08-28,9.777076721191406,12.579999923706055
2007-08-29,10.010238647460938,12.880000114440918
2007-08-30,10.052984237670898,12.9350004196167
2007-08-31,10.119047164916992,13.020000457763672
2007-09-04,10.274484634399414,13.220000267028809
2007-09-05,10.165678024291992,13.079999923706055
2007-09-06,10.216198921203613,13.145000457763672
2007-09-07,10.006352424621582,12.875
2007-09-10,9.986923217773438,12.850000381469727
2007-09-11,10.130703926086426,13.03499984741211
2007-09-12,10.103506088256836,13.0
2007-09-13,10.103506088256836,13.0
2007-09-14,10.052984237670898,12.9350004196167
2007-09-17,10.049100875854492,12.930000305175781
2007-09-18,10.247278213500977,13.1850004196167
2007-09-19,10.28614330291748,13.234999656677246
2007-09-20,10.325002670288086,13.28499984741211
2007-09-21,10.404043197631836,13.359999656677246
2007-09-24,10.376791000366211,13.324999809265137
2007-09-25,10.481919288635254,13.460000038146973
2007-09-26,10.548113822937012,13.545000076293945
2007-09-27,10.540326118469238,13.53499984741211
2007-09-28,10.501389503479004,13.484999656677246
2007-10-01,10.614309310913086,13.630000114440918
2007-10-02,10.653246879577637,13.680000305175781
2007-10-03,10.528647422790527,13.520000457763672
2007-10-04,10.555903434753418,13.555000305175781
2007-10-05,10.668819427490234,13.699999809265137
2007-10-08,10.688289642333984,13.725000381469727
2007-10-09,10.766162872314453,13.824999809265137
2007-10-10,10.801201820373535,13.869999885559082
2007-10-11,10.684393882751465,13.720000267028809
2007-10-12,10.789527893066406,13.854999542236328
2007-10-15,10.711648941040039,13.755000114440918
2007-10-16,10.711648941040039,13.755000114440918
2007-10-17,10.801201820373535,13.869999885559082
2007-10-18,10.828462600708008,13.904999732971191
2007-10-19,10.5714750289917,13.574999809265137
2007-10-22,10.637669563293457,13.65999984741211
2007-10-23,10.754484176635742,13.8100004196167
2007-10-24,10.645459175109863,13.670000076293945
2007-10-25,10.735015869140625,13.78499984741211
2007-10-26,10.879084587097168,13.970000267028809
2007-10-29,10.910229682922363,14.010000228881836
2007-10-30,10.929699897766113,14.03499984741211
2007-10-31,11.05819034576416,14.199999809265137
2007-11-01,10.93748950958252,14.045000076293945
2007-11-02,10.96084976196289,14.074999809265137
2007-11-05,10.945272445678711,14.055000305175781
2007-11-06,11.003678321838379,14.130000114440918
2007-11-07,10.707754135131836,13.75
2007-11-08,10.326170921325684,13.260000228881836
2007-11-09,10.112017631530762,12.984999656677246
2007-11-12,9.948481559753418,12.774999618530273
2007-11-13,10.287235260009766,13.210000038146973
2007-11-14,10.228830337524414,13.135000228881836
2007-11-15,10.104223251342773,12.975000381469727
2007-11-16,10.248297691345215,13.15999984741211
2007-11-19,10.045823097229004,12.899999618530273
2007-11-20,10.131484985351562,13.010000228881836
2007-11-21,9.940690994262695,12.765000343322754
2007-11-23,10.038036346435547,12.890000343322754
2007-11-26,9.827773094177246,12.619999885559082
2007-11-27,9.936799049377441,12.760000228881836
2007-11-28,10.228830337524414,13.135000228881836
2007-11-29,10.27944564819336,13.199999809265137
2007-11-30,10.224934577941895,13.130000114440918
2007-12-03,10.162635803222656,13.050000190734863
2007-12-04,10.123699188232422,13.0
2007-12-05,10.357319831848145,13.300000190734863
2007-12-06,10.46245002746582,13.4350004196167
2007-12-07,10.474132537841797,13.449999809265137
2007-12-10,10.52475357055664,13.515000343322754
2007-12-11,10.361217498779297,13.305000305175781
2007-12-12,10.540326118469238,13.53499984741211
2007-12-13,10.485815048217773,13.46500015258789
2007-12-14,10.419620513916016,13.380000114440918
2007-12-17,10.221040725708008,13.125
2007-12-18,10.221040725708008,13.125
2007-12-19,10.287235260009766,13.210000038146973
2007-12-20,10.435202598571777,13.399999618530273
2007-12-21,10.569366455078125,13.510000228881836
2007-12-24,10.647601127624512,13.609999656677246
2007-12-26,10.706276893615723,13.6850004196167
2007-12-27,10.557635307312012,13.494999885559082
2007-12-28,10.506778717041016,13.430000305175781
2007-12-31,10.428546905517578,13.329999923706055
2008-01-02,10.217317581176758,13.0600004196167
2008-01-03,10.232962608337402,13.079999923706055
2008-01-04,9.833969116210938,12.569999694824219
2008-01-07,9.74791431427002,12.460000038146973
2008-01-08,9.489741325378418,12.130000114440918
2008-01-09,9.622739791870117,12.300000190734863
2008-01-10,9.638386726379395,12.319999694824219
2008-01-11,9.497566223144531,12.140000343322754
2008-01-14,9.68923568725586,12.385000228881836
2008-01-15,9.485834121704102,12.125
2008-01-16,9.278512954711914,11.859999656677246
2008-01-17,9.196364402770996,11.755000114440918
2008-01-18,9.035988807678223,11.550000190734863
2008-01-22,8.867786407470703,11.335000038146973
2008-01-23,8.94602108001709,11.4350004196167
2008-01-24,9.075103759765625,11.600000381469727
2008-01-25,8.934281349182129,11.420000076293945
2008-01-28,8.97339916229248,11.470000267028809
2008-01-29,9.051634788513184,11.569999694824219
2008-01-30,8.981223106384277,11.479999542236328
2008-01-31,9.094661712646484,11.625
2008-02-01,9.251131057739258,11.824999809265137
2008-02-04,9.059455871582031,11.579999923706055
2008-02-05,8.83258056640625,11.289999961853027
2008-02-06,8.73478889465332,11.164999961853027
2008-02-07,8.789549827575684,11.234999656677246
2008-02-08,8.723051071166992,11.149999618530273
2008-02-11,8.875608444213867,11.345000267028809
2008-02-12,8.89516544342041,11.369999885559082
2008-02-13,9.0985746383667,11.630000114440918
2008-02-14,8.918634414672852,11.399999618530273
2008-02-15,8.887340545654297,11.359999656677246
2008-02-19,8.80520248413086,11.255000114440918
2008-02-20,8.820846557617188,11.274999618530273
2008-02-21,8.80520248413086,11.255000114440918
2008-02-22,8.79737377166748,11.244999885559082
2008-02-25,8.848226547241211,11.3100004196167
2008-02-26,8.949932098388672,11.4399995803833
2008-02-27,8.957756996154785,11.449999809265137
2008-02-28,8.844313621520996,11.305000305175781
2008-02-29,8.664380073547363,11.074999809265137
2008-03-03,8.660470962524414,11.069999694824219
2008-03-04,8.672201156616211,11.085000038146973
2008-03-05,8.73478889465332,11.164999961853027
2008-03-06,8.613527297973633,11.010000228881836
2008-03-07,8.613527297973633,11.010000228881836
2008-03-10,8.519644737243652,10.890000343322754
2008-03-11,8.820846557617188,11.274999618530273
2008-03-12,8.730875015258789,11.15999984741211
2008-03-13,8.695672035217285,11.114999771118164
2008-03-14,8.586145401000977,10.975000381469727
2008-03-17,8.547028541564941,10.925000190734863
2008-03-18,8.93037223815918,11.414999961853027
2008-03-19,8.664380073547363,11.074999809265137
2008-03-20,8.76063060760498,11.194999694824219
2008-03-24,9.06973648071289,11.59000015258789
2008-03-25,9.077566146850586,11.600000381469727
2008-03-26,8.901488304138184,11.375
2008-03-27,8.831060409545898,11.28499984741211
2008-03-28,8.776283264160156,11.21500015258789
2008-03-31,8.764542579650879,11.199999809265137
2008-04-01,9.018874168395996,11.524999618530273
2008-04-02,9.128429412841797,11.664999961853027
2008-04-03,9.12451457977295,11.65999984741211
2008-04-04,9.093214988708496,11.619999885559082
2008-04-07,9.101038932800293,11.630000114440918
2008-04-08,9.046260833740234,11.5600004196167
2008-04-09,9.007136344909668,11.510000228881836
2008-04-10,9.081475257873535,11.604999542236328
2008-04-11,8.838887214660645,11.295000076293945
2008-04-14,8.803671836853027,11.25
2008-04-15,8.803671836853027,11.25
2008-04-16,9.163643836975098,11.710000038146973
2008-04-17,9.159730911254883,11.704999923706055
2008-04-18,9.32015609741211,11.90999984741211
2008-04-21,9.37884521484375,11.984999656677246
2008-04-22,9.331892013549805,11.925000190734863
2008-04-23,9.390583038330078,12.0
2008-04-24,9.50405216217041,12.145000457763672
2008-04-25,9.390583038330078,12.0
2008-04-28,9.390583038330078,12.0
2008-04-29,9.480574607849121,12.114999771118164
2008-04-30,9.312329292297363,11.899999618530273
2008-05-01,9.70359992980957,12.399999618530273
2008-05-02,9.699687004089355,12.395000457763672
2008-05-05,9.656649589538574,12.34000015258789
2008-05-06,9.774032592773438,12.489999771118164
2008-05-07,9.601869583129883,12.270000457763672
2008-05-08,9.617523193359375,12.289999961853027
2008-05-09,9.586219787597656,12.25
2008-05-12,9.74272632598877,12.449999809265137
2008-05-13,9.74272632598877,12.449999809265137
2008-05-14,9.762296676635742,12.475000381469727
2008-05-15,9.950101852416992,12.71500015258789
2008-05-16,9.92663288116455,12.6850004196167
2008-05-19,9.977495193481445,12.75
2008-05-20,9.820984840393066,12.550000190734863
2008-05-21,9.562745094299316,12.220000267028809
2008-05-22,9.5979585647583,12.265000343322754
2008-05-23,9.578396797180176,12.239999771118164
2008-05-27,9.734901428222656,12.4399995803833
2008-05-28,9.789680480957031,12.510000228881836
2008-05-29,9.860111236572266,12.600000381469727
2008-05-30,9.918802261352539,12.675000190734863
2008-06-02,9.777947425842285,12.494999885559082
2008-06-03,9.723165512084961,12.425000190734863
2008-06-04,9.74272632598877,12.449999809265137
2008-06-05,9.942278861999512,12.704999923706055
2008-06-06,9.672298431396484,12.359999656677246
2008-06-09,9.65273666381836,12.335000038146973
2008-06-10,9.60969352722168,12.279999732971191
2008-06-11,9.363192558288574,11.96500015258789
2008-06-12,9.468835830688477,12.100000381469727
2008-06-13,9.570565223693848,12.229999542236328
2008-06-16,9.59404468536377,12.260000228881836
2008-06-17,9.554919242858887,12.210000038146973
2008-06-18,9.4531888961792,12.079999923706055
2008-06-19,9.488404273986816,12.125
2008-06-20,9.3192777633667,11.875
2008-06-23,9.232955932617188,11.765000343322754
2008-06-24,9.221181869506836,11.75
2008-06-25,9.299660682678223,11.850000381469727
2008-06-26,9.123086929321289,11.625
2008-06-27,9.001442909240723,11.470000267028809
2008-06-30,8.989669799804688,11.454999923706055
2008-07-01,8.926888465881348,11.375
2008-07-02,8.809173583984375,11.225000381469727
2008-07-03,8.769933700561523,11.175000190734863
2008-07-07,8.868030548095703,11.300000190734863
2008-07-08,8.958281517028809,11.414999961853027
2008-07-09,8.691452980041504,11.074999809265137
2008-07-10,8.801321983337402,11.21500015258789
2008-07-11,8.718924522399902,11.109999656677246
2008-07-14,8.652215957641602,11.024999618530273
2008-07-15,8.632596969604492,11.0
2008-07-16,8.758162498474121,11.15999984741211
2008-07-17,8.84841537475586,11.274999618530273
2008-07-18,8.946507453918457,11.399999618530273
2008-07-21,8.769933700561523,11.175000190734863
2008-07-22,8.722846984863281,11.114999771118164
2008-07-23,8.879806518554688,11.3149995803833
2008-07-24,8.652215957641602,11.024999618530273
2008-07-25,8.773857116699219,11.180000305175781
2008-07-28,8.589434623718262,10.944999694824219
2008-07-29,8.762084007263184,11.164999961853027
2008-07-30,8.820943832397461,11.239999771118164
2008-07-31,8.769933700561523,11.175000190734863
2008-08-01,8.671838760375977,11.050000190734863
2008-08-04,8.714997291564941,11.104999542236328
2008-08-05,8.879806518554688,11.3149995803833
2008-08-06,9.005370140075684,11.475000381469727
2008-08-07,8.989669799804688,11.454999923706055
2008-08-08,9.162323951721191,11.675000190734863
2008-08-11,9.221181869506836,11.75
2008-08-12,9.240803718566895,11.774999618530273
2008-08-13,9.205488204956055,11.729999542236328
2008-08-14,9.276115417480469,11.819999694824219
2008-08-15,9.31143569946289,11.864999771118164
2008-08-18,9.193717002868652,11.71500015258789
2008-08-19,9.03283405303955,11.510000228881836
2008-08-20,9.052454948425293,11.53499984741211
2008-08-21,9.01713752746582,11.489999771118164
2008-08-22,9.142704963684082,11.649999618530273
2008-08-25,9.024985313415527,11.5
2008-08-26,8.989669799804688,11.454999923706055
2008-08-27,9.075996398925781,11.5649995803833
2008-08-28,9.130929946899414,11.635000228881836
2008-08-29,8.926888465881348,11.375
2008-09-02,8.875880241394043,11.3100004196167
2008-09-03,8.758162498474121,11.15999984741211
2008-09-04,8.444249153137207,10.760000228881836
2008-09-05,8.444249153137207,10.760000228881836
2008-09-08,8.546269416809082,10.890000343322754
2008-09-09,8.397163391113281,10.699999809265137
2008-09-10,8.35792350769043,10.649999618530273
2008-09-11,8.495260238647461,10.824999809265137
2008-09-12,8.534502983093262,10.875
2008-09-15,8.122485160827637,10.350000381469727
2008-09-16,8.275520324707031,10.545000076293945
2008-09-17,7.816420555114746,9.960000038146973
2008-09-18,8.149957656860352,10.385000228881836
2008-09-19,8.209410667419434,10.425000190734863
2008-09-22,7.996796131134033,10.154999732971191
2008-09-23,7.992855072021484,10.149999618530273
2008-09-24,8.012540817260742,10.175000190734863
2008-09-25,8.150347709655762,10.350000381469727
2008-09-26,8.18972110748291,10.399999618530273
2008-09-29,7.48099946975708,9.5
2008-09-30,7.815674304962158,9.925000190734863
2008-10-01,7.744803428649902,9.835000038146973
2008-10-02,7.441624164581299,9.449999809265137
2008-10-03,7.335313320159912,9.3149995803833
2008-10-06,6.9297661781311035,8.800000190734863
2008-10-07,6.575405597686768,8.350000381469727
2008-10-08,6.516343116760254,8.274999618530273
2008-10-09,6.299787998199463,8.0
2008-10-10,6.2604146003723145,7.949999809265137
2008-10-13,6.992766380310059,8.880000114440918
2008-10-14,6.756524562835693,8.579999923706055
2008-10-15,6.248599529266357,7.934999942779541
2008-10-16,6.575405597686768,8.350000381469727
2008-10-17,6.512404441833496,8.270000457763672
2008-10-20,6.772270202636719,8.600000381469727
2008-10-21,6.417907238006592,8.149999618530273
2008-10-22,6.083230495452881,7.724999904632568
2008-10-23,6.221041679382324,7.900000095367432
2008-10-24,5.9296746253967285,7.53000020980835
2008-10-27,5.807616233825684,7.375
2008-10-28,6.614776134490967,8.399999618530273
2008-10-29,6.35884952545166,8.074999809265137
2008-10-30,6.595090389251709,8.375
2008-10-31,6.5557146072387695,8.324999809265137
2008-11-03,6.5557146072387695,8.324999809265137
2008-11-04,6.831332206726074,8.675000190734863
2008-11-05,6.417907238006592,8.149999618530273
2008-11-06,6.063545227050781,7.699999809265137
2008-11-07,6.236789226531982,7.920000076293945
2008-11-10,6.16985559463501,7.835000038146973
2008-11-11,6.035982608795166,7.664999961853027
2008-11-12,5.752493381500244,7.304999828338623
2008-11-13,6.110793590545654,7.760000228881836
2008-11-14,5.831241130828857,7.40500020980835
2008-11-17,5.665870666503906,7.195000171661377
2008-11-18,5.7446184158325195,7.295000076293945
2008-11-19,5.425690174102783,6.889999866485596
2008-11-20,5.193385124206543,6.59499979019165
2008-11-21,5.469002723693848,6.945000171661377
2008-11-24,5.7367448806762695,7.284999847412109
2008-11-25,5.815492153167725,7.385000228881836
2008-11-26,5.996613025665283,7.614999771118164
2008-11-28,6.004484176635742,7.625
2008-12-01,5.571374416351318,7.074999809265137
2008-12-02,5.768243312835693,7.324999809265137
2008-12-03,5.933610916137695,7.534999847412109
2008-12-04,5.693432807922363,7.230000019073486
2008-12-05,5.9178619384765625,7.514999866485596
2008-12-08,6.193476676940918,7.864999771118164
2008-12-09,6.154106140136719,7.815000057220459
2008-12-10,6.102919578552246,7.75
2008-12-11,5.972986698150635,7.585000038146973
2008-12-12,6.043858528137207,7.675000190734863
2008-12-15,5.976922512054443,7.590000152587891
2008-12-16,6.287976264953613,7.985000133514404
2008-12-17,6.1659159660339355,7.829999923706055
2008-12-18,5.992673397064209,7.610000133514404
2008-12-19,6.044527530670166,7.635000228881836
2008-12-22,5.961400508880615,7.53000020980835
2008-12-23,5.878273963928223,7.425000190734863
2008-12-24,5.917858123779297,7.474999904632568
2008-12-26,5.909943580627441,7.465000152587891
2008-12-29,5.913898468017578,7.46999979019165
2008-12-30,6.0247368812561035,7.610000133514404
2008-12-31,6.099945545196533,7.704999923706055
2009-01-02,6.329534530639648,7.994999885559082
2009-01-05,6.309743404388428,7.96999979019165
2009-01-06,6.456204414367676,8.154999732971191
2009-01-07,6.250367641448975,7.894999980926514
2009-01-08,6.293910503387451,7.949999809265137
2009-01-09,6.155362129211426,7.775000095367432
2009-01-12,6.044527530670166,7.635000228881836
2009-01-13,6.016818523406982,7.599999904632568
2009-01-14,5.83473014831543,7.369999885559082
2009-01-15,5.8743157386779785,7.420000076293945
2009-01-16,5.913898468017578,7.46999979019165
2009-01-20,5.672434329986572,7.164999961853027
2009-01-21,5.9455671310424805,7.510000228881836
2009-01-22,5.81097936630249,7.340000152587891
2009-01-23,5.894107341766357,7.445000171661377
2009-01-26,5.965358734130859,7.534999847412109
2009-01-27,6.000984191894531,7.579999923706055
2009-01-28,6.17119836807251,7.795000076293945
2009-01-29,5.989108085632324,7.565000057220459
2009-01-30,5.81097936630249,7.340000152587891
2009-02-02,5.90202522277832,7.454999923706055
2009-02-03,6.020778179168701,7.605000019073486
2009-02-04,6.016818523406982,7.599999904632568
2009-02-05,6.111821174621582,7.71999979019165
2009-02-06,6.321619033813477,7.985000133514404
2009-02-09,6.337454319000244,8.005000114440918
2009-02-10,6.080153465270996,7.679999828338623
2009-02-11,6.0920281410217285,7.695000171661377
2009-02-12,6.119739055633545,7.730000019073486
2009-02-13,6.0920281410217285,7.695000171661377
2009-02-17,5.838688373565674,7.375
2009-02-18,5.842648506164551,7.380000114440918
2009-02-19,5.700143814086914,7.199999809265137
2009-02-20,5.7555623054504395,7.269999980926514
2009-02-23,5.490346431732178,6.934999942779541
2009-02-24,5.6368088722229,7.119999885559082
2009-02-25,5.68826961517334,7.184999942779541
2009-02-26,5.62889289855957,7.110000133514404
2009-02-27,5.5893073081970215,7.059999942779541
2009-03-02,5.454720497131348,6.889999866485596
2009-03-03,5.403261184692383,6.824999809265137
2009-03-04,5.545762538909912,7.005000114440918
2009-03-05,5.375552177429199,6.789999961853027
2009-03-06,5.403261184692383,6.824999809265137
2009-03-09,5.233048439025879,6.610000133514404
2009-03-10,5.533891201019287,6.989999771118164
2009-03-11,5.656598091125488,7.144999980926514
2009-03-12,5.8188958168029785,7.349999904632568
2009-03-13,5.8188958168029785,7.349999904632568
2009-03-16,5.767437934875488,7.284999847412109
2009-03-17,5.977236747741699,7.550000190734863
2009-03-18,6.060360908508301,7.65500020980835
2009-03-19,6.076195240020752,7.675000190734863
2009-03-20,5.983497619628906,7.519999980926514
2009-03-23,6.337575435638428,7.965000152587891
2009-03-24,6.234138011932373,7.835000038146973
2009-03-25,6.2699432373046875,7.880000114440918
2009-03-26,6.433056831359863,8.085000038146973
2009-03-27,6.293813228607178,7.909999847412109
2009-03-30,6.098873615264893,7.664999961853027
2009-03-31,6.21424674987793,7.809999942779541
2009-04-01,6.3892927169799805,8.029999732971191
2009-04-02,6.556386470794678,8.239999771118164
2009-04-03,6.64788818359375,8.354999542236328
2009-04-06,6.580257415771484,8.270000457763672
2009-04-07,6.397251605987549,8.039999961853027
2009-04-08,6.492733955383301,8.15999984741211
2009-04-09,6.655848503112793,8.364999771118164
2009-04-13,6.655848503112793,8.364999771118164
2009-04-14,6.584238052368164,8.274999618530273
2009-04-15,6.564342498779297,8.25
2009-04-16,6.759283542633057,8.494999885559082
2009-04-17,6.747346878051758,8.479999542236328
2009-04-20,6.532516002655029,8.210000038146973
2009-04-21,6.643911838531494,8.350000381469727
2009-04-22,6.675737380981445,8.390000343322754
2009-04-23,6.707565784454346,8.430000305175781
2009-04-24,6.803048610687256,8.550000190734863
2009-04-27,6.7712202072143555,8.510000228881836
2009-04-28,6.767241477966309,8.505000114440918
2009-04-29,6.842833042144775,8.600000381469727
2009-04-30,6.862721920013428,8.625
2009-05-01,6.954225063323975,8.739999771118164
2009-05-04,7.0815324783325195,8.899999618530273
2009-05-05,7.037771701812744,8.845000267028809
2009-05-06,7.077554702758789,8.895000457763672
2009-05-07,6.807027816772461,8.555000305175781
2009-05-08,6.799067974090576,8.545000076293945
2009-05-11,6.8189616203308105,8.569999694824219
2009-05-12,6.7831549644470215,8.524999618530273
2009-05-13,6.612086296081543,8.3100004196167
2009-05-14,6.683695316314697,8.399999618530273
2009-05-15,6.683695316314697,8.399999618530273
2009-05-18,6.866700649261475,8.630000114440918
2009-05-19,6.906484603881836,8.680000305175781
2009-05-20,6.834874629974365,8.59000015258789
2009-05-21,6.715521812438965,8.4399995803833
2009-05-22,6.73939323425293,8.470000267028809
2009-05-26,6.914441108703613,8.6899995803833
2009-05-27,6.846808433532715,8.604999542236328
2009-05-28,6.946271896362305,8.729999542236328
2009-05-29,7.021856784820557,8.824999809265137
2009-06-01,7.220776081085205,9.074999809265137
2009-06-02,7.204867839813232,9.055000305175781
2009-06-03,7.125295639038086,8.954999923706055
2009-06-04,7.224755764007568,9.079999923706055
2009-06-05,7.2963643074035645,9.170000076293945
2009-06-08,7.252606391906738,9.114999771118164
2009-06-09,7.284431457519531,9.154999732971191
2009-06-10,7.304323196411133,9.180000305175781
2009-06-11,7.332174777984619,9.21500015258789
2009-06-12,7.312281131744385,9.1899995803833
2009-06-15,7.236692428588867,9.095000267028809
2009-06-16,7.145186901092529,8.979999542236328
2009-06-17,7.184970855712891,9.029999732971191
2009-06-18,7.153143405914307,8.989999771118164
2009-06-19,7.241467475891113,9.0600004196167
2009-06-22,7.0616278648376465,8.835000038146973
2009-06-23,7.0656256675720215,8.84000015258789
2009-06-24,7.1655354499816895,8.96500015258789
2009-06-25,7.269443035125732,9.095000267028809
2009-06-26,7.257452487945557,9.079999923706055
2009-06-29,7.333380222320557,9.175000190734863
2009-06-30,7.277431011199951,9.104999542236328
2009-07-01,7.309406280517578,9.145000457763672
2009-07-02,7.125570297241211,8.914999961853027
2009-07-06,7.105586528778076,8.890000343322754
2009-07-07,6.92974853515625,8.670000076293945
2009-07-08,6.933743000030518,8.675000190734863
2009-07-09,6.977705001831055,8.729999542236328
2009-07-10,7.00567626953125,8.765000343322754
2009-07-13,7.1375603675842285,8.930000305175781
2009-07-14,7.145552158355713,8.9399995803833
2009-07-15,7.413310527801514,9.274999618530273
2009-07-16,7.521214485168457,9.40999984741211
2009-07-17,7.593145370483398,9.5
2009-07-20,7.6610870361328125,9.585000038146973
2009-07-21,7.705047607421875,9.640000343322754
2009-07-22,7.749008655548096,9.694999694824219
2009-07-23,7.900869846343994,9.885000228881836
2009-07-24,7.852917194366455,9.824999809265137
2009-07-27,7.852917194366455,9.824999809265137
2009-07-28,7.868899822235107,9.845000267028809
2009-07-29,7.860913276672363,9.835000038146973
2009-07-30,7.900869846343994,9.885000228881836
2009-07-31,7.872897148132324,9.850000381469727
2009-08-03,7.98079776763916,9.984999656677246
2009-08-04,7.956817626953125,9.954999923706055
2009-08-05,7.884883403778076,9.864999771118164
2009-08-06,7.828934669494629,9.795000076293945
2009-08-07,7.908862113952637,9.895000457763672
2009-08-10,7.872897148132324,9.850000381469727
2009-08-11,7.760996341705322,9.710000038146973
2009-08-12,7.9168524742126465,9.904999732971191
2009-08-13,7.952822685241699,9.949999809265137
2009-08-14,7.87689208984375,9.854999542236328
2009-08-17,7.689060211181641,9.619999885559082
2009-08-18,7.804960250854492,9.765000343322754
2009-08-19,7.824936866760254,9.789999961853027
2009-08-20,7.912855625152588,9.899999618530273
2009-08-21,8.028754234313965,10.045000076293945
2009-08-24,8.004776954650879,10.015000343322754
2009-08-25,8.024759292602539,10.039999961853027
2009-08-26,8.060728073120117,10.085000038146973
2009-08-27,8.076714515686035,10.104999542236328
2009-08-28,8.104682922363281,10.140000343322754
2009-08-31,8.00078010559082,10.010000228881836
2009-09-01,7.8369317054748535,9.805000305175781
2009-09-02,7.852917194366455,9.824999809265137
2009-09-03,7.88887882232666,9.869999885559082
2009-09-04,8.028754234313965,10.045000076293945
2009-09-08,8.088698387145996,10.119999885559082
2009-09-09,8.14864730834961,10.194999694824219
2009-09-10,8.260547637939453,10.335000038146973
2009-09-11,8.268537521362305,10.345000267028809
2009-09-14,8.240565299987793,10.3100004196167
2009-09-15,8.296514511108398,10.380000114440918
2009-09-16,8.360457420349121,10.460000038146973
2009-09-17,8.328485488891602,10.420000076293945
2009-09-18,8.379427909851074,10.444999694824219
2009-09-21,8.343328475952148,10.399999618530273
2009-09-22,8.387452125549316,10.454999923706055
2009-09-23,8.387452125549316,10.454999923706055
2009-09-24,8.307228088378906,10.354999542236328
2009-09-25,8.255083084106445,10.289999961853027
2009-09-28,8.391457557678223,10.460000038146973
2009-09-29,8.347336769104004,10.404999732971191
2009-09-30,8.371408462524414,10.4350004196167
2009-10-01,8.122709274291992,10.125
2009-10-02,8.122709274291992,10.125
2009-10-05,8.19090461730957,10.210000038146973
2009-10-06,8.339316368103027,10.395000457763672
2009-10-07,8.323270797729492,10.375
2009-10-08,8.37541675567627,10.4399995803833
2009-10-09,8.431570053100586,10.510000228881836
2009-10-12,8.435586929321289,10.515000343322754
2009-10-13,8.46767520904541,10.555000305175781
2009-10-14,8.567953109741211,10.680000305175781
2009-10-15,8.55190658569336,10.65999984741211
2009-10-16,8.471683502197266,10.5600004196167
2009-10-19,8.563944816589355,10.675000190734863
2009-10-20,8.53586483001709,10.640000343322754
2009-10-21,8.539872169494629,10.645000457763672
2009-10-22,8.579987525939941,10.694999694824219
2009-10-23,8.555923461914062,10.664999961853027
2009-10-26,8.499765396118164,10.595000267028809
2009-10-27,8.45564079284668,10.539999961853027
2009-10-28,8.331295013427734,10.385000228881836
2009-10-29,8.491742134094238,10.585000038146973
2009-10-30,8.267112731933594,10.305000305175781
2009-11-02,8.3152494430542,10.364999771118164
2009-11-03,8.283156394958496,10.324999809265137
2009-11-04,8.331295013427734,10.385000228881836
2009-11-05,8.511795043945312,10.609999656677246
2009-11-06,8.523831367492676,10.625
2009-11-09,8.720380783081055,10.869999885559082
2009-11-10,8.716367721557617,10.864999771118164
2009-11-11,8.768515586853027,10.930000305175781
2009-11-12,8.704334259033203,10.850000381469727
2009-11-13,8.784558296203613,10.949999809265137
2009-11-16,8.880827903747559,11.069999694824219
2009-11-17,8.920940399169922,11.119999885559082
2009-11-18,8.87280559539795,11.0600004196167
2009-11-19,8.744446754455566,10.899999618530273
2009-11-20,8.700321197509766,10.845000267028809
2009-11-23,8.852749824523926,11.03499984741211
2009-11-24,8.836706161499023,11.015000343322754
2009-11-25,8.852749824523926,11.03499984741211
2009-11-27,8.708348274230957,10.854999542236328
2009-11-30,8.72438907623291,10.875
2009-12-01,8.86478328704834,11.050000190734863
2009-12-02,8.852749824523926,11.03499984741211
2009-12-03,8.85676097869873,11.039999961853027
2009-12-04,8.912918090820312,11.109999656677246
2009-12-07,8.896871566772461,11.09000015258789
2009-12-08,8.816651344299316,10.989999771118164
2009-12-09,8.900885581970215,11.095000267028809
2009-12-10,8.940998077392578,11.145000457763672
2009-12-11,8.920940399169922,11.119999885559082
2009-12-14,8.993144989013672,11.210000038146973
2009-12-15,8.936985969543457,11.140000343322754
2009-12-16,8.965067863464355,11.175000190734863
2009-12-17,8.85676097869873,11.039999961853027
2009-12-18,8.989204406738281,11.164999961853027
2009-12-21,9.069717407226562,11.265000343322754
2009-12-22,9.142180442810059,11.354999542236328
2009-12-23,9.178411483764648,11.399999618530273
2009-12-24,9.262948989868164,11.505000114440918
2009-12-28,9.291126251220703,11.539999961853027
2009-12-29,9.279047012329102,11.524999618530273
2009-12-30,9.311251640319824,11.5649995803833
2009-12-31,9.23073959350586,11.46500015258789
2010-01-04,9.367613792419434,11.635000228881836
2010-01-05,9.355533599853516,11.619999885559082
2010-01-06,9.250870704650879,11.489999771118164
2010-01-07,9.214638710021973,11.444999694824219
2010-01-08,9.275022506713867,11.520000457763672
2010-01-11,9.238797187805176,11.475000381469727
2010-01-12,9.13815689086914,11.350000381469727
2010-01-13,9.226716995239258,11.460000038146973
2010-01-14,9.250870704650879,11.489999771118164
2010-01-15,9.122050285339355,11.329999923706055
2010-01-19,9.279047012329102,11.524999618530273
2010-01-20,9.130098342895508,11.34000015258789
2010-01-21,9.033486366271973,11.220000267028809
2010-01-22,8.719486236572266,10.829999923706055
2010-01-25,8.791950225830078,10.920000076293945
2010-01-26,8.767796516418457,10.890000343322754
2010-01-27,8.840258598327637,10.979999542236328
2010-01-28,8.586642265319824,10.664999961853027
2010-01-29,8.437691688537598,10.479999542236328
2010-02-01,8.534309387207031,10.600000381469727
2010-02-02,8.61884593963623,10.704999923706055
2010-02-03,8.63897705078125,10.729999542236328
2010-02-04,8.397438049316406,10.430000305175781
2010-02-05,8.481975555419922,10.53499984741211
2010-02-08,8.445746421813965,10.489999771118164
2010-02-09,8.518208503723145,10.579999923706055
2010-02-10,8.494051933288574,10.550000190734863
2010-02-11,8.58261775970459,10.65999984741211
2010-02-12,8.598722457885742,10.680000305175781
2010-02-16,8.727537155151367,10.84000015258789
2010-02-17,8.751690864562988,10.869999885559082
2010-02-18,8.808053970336914,10.9399995803833
2010-02-19,8.783896446228027,10.90999984741211
2010-02-22,8.767796516418457,10.890000343322754
2010-02-23,8.65910816192627,10.755000114440918
2010-02-24,8.743639945983887,10.859999656677246
2010-02-25,8.719486236572266,10.829999923706055
2010-02-26,8.73156452178955,10.845000267028809
2010-03-01,8.844282150268555,10.984999656677246
2010-03-02,8.832205772399902,10.970000267028809
2010-03-03,8.836231231689453,10.975000381469727
2010-03-04,8.87246322631836,11.020000457763672
2010-03-05,8.98115348815918,11.154999732971191
2010-03-08,9.029459953308105,11.21500015258789
2010-03-09,9.069717407226562,11.265000343322754
2010-03-10,9.130098342895508,11.34000015258789
2010-03-11,9.16633415222168,11.385000228881836
2010-03-12,9.158281326293945,11.375
2010-03-15,9.150230407714844,11.364999771118164
2010-03-16,9.21866512298584,11.449999809265137
2010-03-17,9.246841430664062,11.484999656677246
2010-03-18,9.258919715881348,11.5
2010-03-19,9.203595161437988,11.395000457763672
2010-03-22,9.272246360778809,11.479999542236328
2010-03-23,9.361093521118164,11.59000015258789
2010-03-24,9.316670417785645,11.53499984741211
2010-03-25,9.332823753356934,11.555000305175781
2010-03-26,9.288400650024414,11.5
2010-03-29,9.316670417785645,11.53499984741211
2010-03-30,9.357054710388184,11.585000038146973
2010-03-31,9.32878589630127,11.550000190734863
2010-04-01,9.312631607055664,11.529999732971191
2010-04-05,9.42166805267334,11.664999961853027
2010-04-06,9.4297513961792,11.675000190734863
2010-04-07,9.393404960632324,11.630000114440918
2010-04-08,9.40955638885498,11.649999618530273
2010-04-09,9.482251167297363,11.739999771118164
2010-04-12,9.502440452575684,11.765000343322754
2010-04-13,9.530706405639648,11.800000190734863
2010-04-14,9.668014526367188,11.970000267028809
2010-04-15,9.712437629699707,12.024999618530273
2010-04-16,9.583207130432129,11.864999771118164
2010-04-19,9.603400230407715,11.890000343322754
2010-04-20,9.655898094177246,11.954999923706055
2010-04-21,9.67608642578125,11.979999542236328
2010-04-22,9.700322151184082,12.010000228881836
2010-04-23,9.724552154541016,12.039999961853027
2010-04-26,9.712437629699707,12.024999618530273
2010-04-27,9.522629737854004,11.789999961853027
2010-04-28,9.550897598266602,11.824999809265137
2010-04-29,9.647820472717285,11.944999694824219
2010-04-30,9.445903778076172,11.694999694824219
2010-05-03,9.575133323669434,11.854999542236328
2010-05-04,9.300517082214355,11.515000343322754
2010-05-05,9.2601318359375,11.46500015258789
2010-05-06,8.981481552124023,11.119999885559082
2010-05-07,8.78359603881836,10.875
2010-05-10,9.187440872192383,11.375
2010-05-11,9.126864433288574,11.300000190734863
2010-05-12,9.365132331848145,11.595000267028809
2010-05-13,9.227826118469238,11.425000190734863
2010-05-14,9.050131797790527,11.204999923706055
2010-05-17,9.09455394744873,11.260000228881836
2010-05-18,8.95724868774414,11.09000015258789
2010-05-19,8.888598442077637,11.005000114440918
2010-05-20,8.60590648651123,10.654999732971191
2010-05-21,8.670519828796387,10.734999656677246
2010-05-24,8.630134582519531,10.6850004196167
2010-05-25,8.60590648651123,10.654999732971191
2010-05-26,8.521098136901855,10.550000190734863
2010-05-27,8.81186580657959,10.90999984741211
2010-05-28,8.739174842834473,10.819999694824219
2010-06-01,8.654369354248047,10.71500015258789
2010-06-02,8.848213195800781,10.954999923706055
2010-06-03,8.937057495117188,11.0649995803833
2010-06-04,8.6503267288208,10.710000038146973
2010-06-07,8.525136947631836,10.555000305175781
2010-06-08,8.541291236877441,10.574999809265137
2010-06-09,8.496867179870605,10.520000457763672
2010-06-10,8.702828407287598,10.774999618530273
2010-06-11,8.779557228088379,10.869999885559082
2010-06-14,8.763405799865723,10.850000381469727
2010-06-15,8.993597030639648,11.135000228881836
2010-06-16,9.017827033996582,11.164999961853027
2010-06-17,9.050131797790527,11.204999923706055
2010-06-18,9.049729347229004,11.164999961853027
2010-06-21,8.984883308410645,11.085000038146973
2010-06-22,8.907886505126953,10.989999771118164
2010-06-23,8.891672134399414,10.970000267028809
2010-06-24,8.713354110717773,10.75
2010-06-25,8.705248832702637,10.739999771118164
2010-06-28,8.721460342407227,10.760000228881836
2010-06-29,8.39724063873291,10.359999656677246
2010-06-30,8.267555236816406,10.199999809265137
2010-07-01,8.235135078430176,10.15999984741211
2010-07-02,8.222975730895996,10.145000457763672
2010-07-06,8.304030418395996,10.244999885559082
2010-07-07,8.571505546569824,10.574999809265137
2010-07-08,8.624191284179688,10.640000343322754
2010-07-09,8.66877269744873,10.694999694824219
2010-07-12,8.709299087524414,10.744999885559082
2010-07-13,8.83493423461914,10.899999618530273
2010-07-14,8.887621879577637,10.96500015258789
2010-07-15,8.915987014770508,11.0
2010-07-16,8.660664558410645,10.6850004196167
2010-07-19,8.745772361755371,10.789999961853027
2010-07-20,8.802510261535645,10.859999656677246
2010-07-21,8.697141647338867,10.729999542236328
2010-07-22,8.932199478149414,11.020000457763672
2010-07-23,8.992990493774414,11.095000267028809
2010-07-26,9.049729347229004,11.164999961853027
2010-07-27,9.074045181274414,11.194999694824219
2010-07-28,9.001094818115234,11.104999542236328
2010-07-29,8.920042991638184,11.005000114440918
2010-07-30,8.883567810058594,10.960000038146973
2010-08-02,9.069990158081055,11.1899995803833
2010-08-03,9.021357536315918,11.130000114440918
2010-08-04,9.094307899475098,11.220000267028809
2010-08-05,9.053778648376465,11.170000076293945
2010-08-06,9.029463768005371,11.140000343322754
2010-08-09,9.090258598327637,11.21500015258789
2010-08-10,8.997039794921875,11.100000381469727
2010-08-11,8.782252311706543,10.835000038146973
2010-08-12,8.660664558410645,10.6850004196167
2010-08-13,8.620139122009277,10.635000228881836
2010-08-16,8.636354446411133,10.654999732971191
2010-08-17,8.72956371307373,10.770000457763672
2010-08-18,8.778192520141602,10.829999923706055
2010-08-19,8.672828674316406,10.699999809265137
2010-08-20,8.652562141418457,10.675000190734863
2010-08-23,8.575557708740234,10.579999923706055
2010-08-24,8.458029747009277,10.4350004196167
2010-08-25,8.510716438293457,10.5
2010-08-26,8.42560863494873,10.395000457763672
2010-08-27,8.526926040649414,10.520000457763672
2010-08-30,8.413450241088867,10.380000114440918
2010-08-31,8.385083198547363,10.345000267028809
2010-09-01,8.59987735748291,10.609999656677246
2010-09-02,8.6768798828125,10.704999923706055
2010-09-03,8.806562423706055,10.864999771118164
2010-09-07,8.733616828918457,10.774999618530273
2010-09-08,8.782252311706543,10.835000038146973
2010-09-09,8.806562423706055,10.864999771118164
2010-09-10,8.810614585876465,10.869999885559082
2010-09-13,8.968673706054688,11.0649995803833
2010-09-14,9.005146026611328,11.109999656677246
2010-09-15,9.06188678741455,11.180000305175781
2010-09-16,9.114567756652832,11.244999885559082
2010-09-17,9.163787841796875,11.265000343322754
2010-09-20,9.298014640808105,11.430000305175781
2010-09-21,9.28173828125,11.40999984741211
2010-09-22,9.237000465393066,11.354999542236328
2010-09-23,9.224796295166016,11.34000015258789
2010-09-24,9.403759956359863,11.5600004196167
2010-09-27,9.407827377319336,11.5649995803833
2010-09-28,9.42003059387207,11.579999923706055
2010-09-29,9.399698257446289,11.555000305175781
2010-09-30,9.363091468811035,11.510000228881836
2010-10-01,9.367156982421875,11.515000343322754
2010-10-04,9.289876937866211,11.420000076293945
2010-10-05,9.472906112670898,11.645000457763672
2010-10-06,9.428167343139648,11.59000015258789
2010-10-07,9.428167343139648,11.59000015258789
2010-10-08,9.481039047241211,11.654999732971191
2010-10-11,9.497310638427734,11.675000190734863
2010-10-12,9.5542573928833,11.744999885559082
2010-10-13,9.6315336227417,11.84000015258789
2010-10-14,9.635599136352539,11.845000267028809
2010-10-15,9.798296928405762,12.045000076293945
2010-10-18,9.86337661743164,12.125
2010-10-19,9.688477516174316,11.90999984741211
2010-10-20,9.769828796386719,12.010000228881836
2010-10-21,9.777965545654297,12.020000457763672
2010-10-22,9.806431770324707,12.055000305175781
2010-10-25,9.834904670715332,12.09000015258789
2010-10-26,9.859305381774902,12.119999885559082
2010-10-27,9.887777328491211,12.154999732971191
2010-10-28,9.887777328491211,12.154999732971191
2010-10-29,9.90404987335205,12.175000190734863
2010-11-01,9.912181854248047,12.1850004196167
2010-11-02,10.00979995727539,12.305000305175781
2010-11-03,10.066741943359375,12.375
2010-11-04,10.21723461151123,12.5600004196167
2010-11-05,10.209102630615234,12.550000190734863
2010-11-08,10.21723461151123,12.5600004196167
2010-11-09,10.188766479492188,12.524999618530273
2010-11-10,10.196897506713867,12.53499984741211
2010-11-11,10.042343139648438,12.345000267028809
2010-11-12,9.899982452392578,12.170000076293945
2010-11-15,9.871512413024902,12.135000228881836
2010-11-16,9.692543029785156,11.914999961853027
2010-11-17,9.696611404418945,11.920000076293945
2010-11-18,9.859305381774902,12.119999885559082
2010-11-19,9.887777328491211,12.154999732971191
2010-11-22,9.944723129272461,12.225000381469727
2010-11-23,9.798296928405762,12.045000076293945
2010-11-24,9.960990905761719,12.244999885559082
2010-11-26,9.86337661743164,12.125
2010-11-29,9.838971138000488,12.095000267028809
2010-11-30,9.741354942321777,11.975000381469727
2010-12-01,9.9487886428833,12.229999542236328
2010-12-02,10.066741943359375,12.375
2010-12-03,10.091148376464844,12.404999732971191
2010-12-06,10.091148376464844,12.404999732971191
2010-12-07,10.103351593017578,12.420000076293945
2010-12-08,10.188766479492188,12.524999618530273
2010-12-09,10.196897506713867,12.53499984741211
2010-12-10,10.245704650878906,12.595000267028809
2010-12-13,10.225371360778809,12.569999694824219
2010-12-14,10.241639137268066,12.59000015258789
2010-12-15,10.200966835021973,12.539999961853027
2010-12-16,10.21723461151123,12.5600004196167
2010-12-17,10.23764705657959,12.539999961853027
2010-12-20,10.245811462402344,12.550000190734863
2010-12-21,10.30704116821289,12.625
2010-12-22,10.294793128967285,12.609999656677246
2010-12-23,10.290709495544434,12.604999542236328
2010-12-27,10.311120986938477,12.630000114440918
2010-12-28,10.298874855041504,12.614999771118164
2010-12-29,10.319281578063965,12.640000343322754
2010-12-30,10.294793128967285,12.609999656677246
2010-12-31,10.282546997070312,12.595000267028809
2011-01-03,10.396844863891602,12.734999656677246
2011-01-04,10.437664985656738,12.78499984741211
2011-01-05,10.498896598815918,12.859999656677246
2011-01-06,10.560126304626465,12.9350004196167
2011-01-07,10.511139869689941,12.875
2011-01-10,10.519306182861328,12.885000228881836
2011-01-11,10.502975463867188,12.864999771118164
2011-01-12,10.596860885620117,12.979999542236328
2011-01-13,10.588698387145996,12.970000267028809
2011-01-14,10.682581901550293,13.085000038146973
2011-01-18,10.694831848144531,13.100000381469727
2011-01-19,10.617270469665527,13.005000114440918
2011-01-20,10.560126304626465,12.9350004196167
2011-01-21,10.498896598815918,12.859999656677246
2011-01-24,10.645845413208008,13.039999961853027
2011-01-25,10.694831848144531,13.100000381469727
2011-01-26,10.756059646606445,13.175000190734863
2011-01-27,10.792795181274414,13.220000267028809
2011-01-28,10.543791770935059,12.914999961853027
2011-01-31,10.609107971191406,12.994999885559082
2011-02-01,10.788714408874512,13.21500015258789
2011-02-02,10.809125900268555,13.239999771118164
2011-02-03,10.825455665588379,13.260000228881836
2011-02-04,10.894845962524414,13.345000267028809
2011-02-07,10.947911262512207,13.40999984741211
2011-02-08,10.992815017700195,13.46500015258789
2011-02-09,10.972402572631836,13.4399995803833
2011-02-10,10.923421859741211,13.380000114440918
2011-02-11,10.98056697845459,13.449999809265137
2011-02-14,10.996898651123047,13.470000267028809
2011-02-15,10.956077575683594,13.420000076293945
2011-02-16,11.017305374145508,13.494999885559082
2011-02-17,11.03771686553955,13.520000457763672
2011-02-18,11.021388053894043,13.5
2011-02-22,10.75197696685791,13.170000076293945
2011-02-23,10.625438690185547,13.015000343322754
2011-02-24,10.662169456481934,13.0600004196167
2011-02-25,10.796883583068848,13.225000381469727
2011-02-28,10.841779708862305,13.279999732971191
2011-03-01,10.633599281311035,13.024999618530273
2011-03-02,10.698909759521484,13.104999542236328
2011-03-03,10.870356559753418,13.3149995803833
2011-03-04,10.78463363647461,13.210000038146973
2011-03-07,10.645845413208008,13.039999961853027
2011-03-08,10.735650062561035,13.149999618530273
2011-03-09,10.690746307373047,13.095000267028809
2011-03-10,10.490729331970215,12.850000381469727
2011-03-11,10.531549453735352,12.899999618530273
2011-03-14,10.482563018798828,12.84000015258789
2011-03-15,10.327446937561035,12.649999618530273
2011-03-16,10.074363708496094,12.34000015258789
2011-03-17,10.180496215820312,12.470000267028809
2011-03-18,10.198519706726074,12.449999809265137
2011-03-21,10.370545387268066,12.65999984741211
2011-03-22,10.354156494140625,12.640000343322754
2011-03-23,10.411500930786133,12.710000038146973
2011-03-24,10.575331687927246,12.90999984741211
2011-03-25,10.599905967712402,12.9399995803833
2011-03-28,10.575331687927246,12.90999984741211
2011-03-29,10.64905834197998,13.0
2011-03-30,10.694108009338379,13.055000305175781
2011-03-31,10.673630714416504,13.029999732971191
2011-04-01,10.653151512145996,13.005000114440918
2011-04-04,10.616288185119629,12.960000038146973
2011-04-05,10.599905967712402,12.9399995803833
2011-04-06,10.677729606628418,13.03499984741211
2011-04-07,10.681819915771484,13.039999961853027
2011-04-08,10.620387077331543,12.96500015258789
2011-04-11,10.60400676727295,12.944999694824219
2011-04-12,10.517989158630371,12.84000015258789
2011-04-13,10.583526611328125,12.920000076293945
2011-04-14,10.563047409057617,12.895000457763672
2011-04-15,10.542567253112793,12.869999885559082
2011-04-18,10.44836139678955,12.755000114440918
2011-04-19,10.477034568786621,12.789999961853027
2011-04-20,10.698203086853027,13.0600004196167
2011-04-21,10.792407035827637,13.175000190734863
2011-04-25,10.800603866577148,13.1850004196167
2011-04-26,10.890708923339844,13.295000076293945
2011-04-27,10.956239700317383,13.375
2011-04-28,10.960336685180664,13.380000114440918
2011-04-29,10.952139854431152,13.369999885559082
2011-05-02,10.91118335723877,13.319999694824219
2011-05-03,10.915282249450684,13.324999809265137
2011-05-04,10.88251781463623,13.28499984741211
2011-05-05,10.82517147064209,13.21500015258789
2011-05-06,10.845657348632812,13.239999771118164
2011-05-09,10.890708923339844,13.295000076293945
2011-05-10,10.989008903503418,13.414999961853027
2011-05-11,10.890708923339844,13.295000076293945
2011-05-12,10.972623825073242,13.395000457763672
2011-05-13,10.837461471557617,13.229999542236328
2011-05-16,10.681819915771484,13.039999961853027
2011-05-17,10.681819915771484,13.039999961853027
2011-05-18,10.75964069366455,13.135000228881836
2011-05-19,10.780120849609375,13.15999984741211
2011-05-20,10.718685150146484,13.085000038146973
2011-05-23,10.567140579223633,12.899999618530273
2011-05-24,10.534375190734863,12.859999656677246
2011-05-25,10.567140579223633,12.899999618530273
2011-05-26,10.636770248413086,12.984999656677246
2011-05-27,10.690016746520996,13.050000190734863
2011-05-31,10.837461471557617,13.229999542236328
2011-06-01,10.61219310760498,12.954999923706055
2011-06-02,10.620387077331543,12.96500015258789
2011-06-03,10.460648536682129,12.770000457763672
2011-06-06,10.382829666137695,12.675000190734863
2011-06-07,10.350059509277344,12.635000228881836
2011-06-08,10.280436515808105,12.550000190734863
2011-06-09,10.288629531860352,12.5600004196167
2011-06-10,10.14527416229248,12.385000228881836
2011-06-13,10.15346622467041,12.395000457763672
2011-06-14,10.280436515808105,12.550000190734863
2011-06-15,10.087931632995605,12.3149995803833
2011-06-16,10.063359260559082,12.28499984741211
2011-06-17,10.05431079864502,12.225000381469727
2011-06-20,10.091320991516113,12.270000457763672
2011-06-21,10.272257804870605,12.489999771118164
2011-06-22,10.198236465454102,12.399999618530273
2011-06-23,10.268146514892578,12.484999656677246
2011-06-24,10.091320991516113,12.270000457763672
2011-06-27,10.22702407836914,12.4350004196167
2011-06-28,10.354500770568848,12.59000015258789
2011-06-29,10.436744689941406,12.6899995803833
2011-06-30,10.568337440490723,12.850000381469727
2011-07-01,10.741053581237793,13.0600004196167
2011-07-05,10.75749683380127,13.079999923706055
2011-07-06,10.806844711303711,13.140000343322754
2011-07-07,10.938434600830078,13.300000190734863
2011-07-08,10.884973526000977,13.234999656677246
2011-07-11,10.7040376663208,13.015000343322754
2011-07-12,10.609457969665527,12.899999618530273
2011-07-13,10.63413143157959,12.930000305175781
2011-07-14,10.543662071228027,12.819999694824219
2011-07-15,10.65880298614502,12.960000038146973
2011-07-18,10.621796607971191,12.914999961853027
2011-07-19,10.876754760742188,13.225000381469727
2011-07-20,10.843854904174805,13.1850004196167
2011-07-21,10.893200874328613,13.244999885559082
2011-07-22,10.987778663635254,13.359999656677246
2011-07-25,10.958992004394531,13.324999809265137
2011-07-26,11.008339881896973,13.385000228881836
2011-07-27,10.716375350952148,13.029999732971191
2011-07-28,10.699925422668457,13.010000228881836
2011-07-29,10.613571166992188,12.904999732971191
2011-08-01,10.605347633361816,12.895000457763672
2011-08-02,10.383288383483887,12.625
2011-08-03,10.490206718444824,12.755000114440918
2011-08-04,10.06664752960205,12.239999771118164
2011-08-05,10.004964828491211,12.164999961853027
2011-08-08,9.441595077514648,11.479999542236328
2011-08-09,9.87337589263916,12.005000114440918
2011-08-10,9.486830711364746,11.53499984741211
2011-08-11,9.848698616027832,11.975000381469727
2011-08-12,9.918608665466309,12.0600004196167
2011-08-15,10.09543228149414,12.274999618530273
2011-08-16,10.021411895751953,12.1850004196167
2011-08-17,9.976180076599121,12.130000114440918
2011-08-18,9.490941047668457,11.539999961853027
2011-08-19,9.260658264160156,11.260000228881836
2011-08-22,9.310006141662598,11.319999694824219
2011-08-23,9.651317596435547,11.734999656677246
2011-08-24,9.737669944763184,11.84000015258789
2011-08-25,9.597860336303711,11.670000076293945
2011-08-26,9.787020683288574,11.899999618530273
2011-08-29,10.033750534057617,12.199999809265137
2011-08-30,10.074872016906738,12.25
2011-08-31,10.05019760131836,12.220000267028809
2011-09-01,9.939170837402344,12.085000038146973
2011-09-02,9.713000297546387,11.8100004196167
2011-09-06,9.667766571044922,11.755000114440918
2011-09-07,9.918608665466309,12.0600004196167
2011-09-08,9.869267463684082,12.0
2011-09-09,9.659537315368652,11.744999885559082
2011-09-12,9.77468204498291,11.885000228881836
2011-09-13,9.889822959899902,12.024999618530273
2011-09-14,10.037862777709961,12.204999923706055
2011-09-15,10.198236465454102,12.399999618530273
2011-09-16,10.311339378356934,12.489999771118164
2011-09-19,10.286575317382812,12.460000038146973
2011-09-20,10.261807441711426,12.430000305175781
2011-09-21,10.109078407287598,12.244999885559082
2011-09-22,9.79536247253418,11.864999771118164
2011-09-23,9.906813621520996,12.0
2011-09-26,10.030647277832031,12.149999618530273
2011-09-27,10.158611297607422,12.305000305175781
2011-09-28,10.014139175415039,12.130000114440918
2011-09-29,9.993496894836426,12.104999542236328
2011-09-30,9.74169921875,11.800000190734863
2011-10-03,9.52292537689209,11.53499984741211
2011-10-04,9.716934204101562,11.770000457763672
2011-10-05,9.919198036193848,12.015000343322754
2011-10-06,10.06779956817627,12.194999694824219
2011-10-07,10.030647277832031,12.149999618530273
2011-10-10,10.340238571166992,12.524999618530273
2011-10-11,10.38564395904541,12.579999923706055
2011-10-12,10.431048393249512,12.635000228881836
2011-10-13,10.546626091003418,12.774999618530273
2011-10-14,10.732379913330078,13.0
2011-10-17,10.563140869140625,12.795000076293945
2011-10-18,10.65807819366455,12.90999984741211
2011-10-19,10.451688766479492,12.65999984741211
2011-10-20,10.406281471252441,12.604999542236328
2011-10-21,10.538371086120605,12.765000343322754
2011-10-24,10.703486442565918,12.96500015258789
2011-10-25,10.534247398376465,12.760000228881836
2011-10-26,10.579651832580566,12.8149995803833
2011-10-27,10.893365859985352,13.194999694824219
2011-10-28,10.930519104003906,13.239999771118164
2011-10-31,10.736506462097168,13.005000114440918
2011-11-01,10.439305305480957,12.645000457763672
2011-11-02,10.567270278930664,12.800000190734863
2011-11-03,10.819064140319824,13.104999542236328
2011-11-04,10.753018379211426,13.024999618530273
2011-11-07,10.819064140319824,13.104999542236328
2011-11-08,10.942898750305176,13.255000114440918
2011-11-09,10.563140869140625,12.795000076293945
2011-11-10,10.596162796020508,12.835000038146973
2011-11-11,10.798423767089844,13.079999923706055
2011-11-14,10.715868949890137,12.979999542236328
2011-11-15,10.860343933105469,13.154999732971191
2011-11-16,10.699356079101562,12.960000038146973
2011-11-17,10.492963790893555,12.710000038146973
2011-11-18,10.406281471252441,12.604999542236328
2011-11-21,10.224656105041504,12.385000228881836
2011-11-22,10.208139419555664,12.364999771118164
2011-11-23,9.964600563049316,12.069999694824219
2011-11-25,9.910940170288086,12.005000114440918
2011-11-28,10.237037658691406,12.399999618530273
2011-11-29,10.183382034301758,12.335000038146973
2011-11-30,10.57552433013916,12.8100004196167
2011-12-01,10.633313179016113,12.880000114440918
2011-12-02,10.625054359436035,12.869999885559082
2011-12-05,10.74476432800293,13.015000343322754
2011-12-06,10.740638732910156,13.010000228881836
2011-12-07,10.753018379211426,13.024999618530273
2011-12-08,10.583778381347656,12.819999694824219
2011-12-09,10.748891830444336,13.020000457763672
2011-12-12,10.61267375946045,12.854999542236328
2011-12-13,10.513608932495117,12.734999656677246
2011-12-14,10.352621078491211,12.539999961853027
2011-12-15,10.327850341796875,12.510000228881836
2011-12-16,10.35645866394043,12.489999771118164
2011-12-19,10.256957054138184,12.369999885559082
2011-12-20,10.547170639038086,12.720000267028809
2011-12-21,10.373042106628418,12.510000228881836
2011-12-22,10.493273735046387,12.654999732971191
2011-12-23,10.596922874450684,12.779999732971191
2011-12-27,10.613506317138672,12.800000190734863
2011-12-28,10.50571060180664,12.670000076293945
2011-12-29,10.584484100341797,12.765000343322754
2011-12-30,10.55131721496582,12.725000381469727
2012-01-03,10.700568199157715,12.904999732971191
2012-01-04,10.729591369628906,12.9399995803833
2012-01-05,10.762757301330566,12.979999542236328
2012-01-06,10.766901016235352,12.984999656677246
2012-01-09,10.75031852722168,12.96500015258789
2012-01-10,10.787635803222656,13.010000228881836
2012-01-11,10.820799827575684,13.050000190734863
2012-01-12,10.874693870544434,13.114999771118164
2012-01-13,10.812507629394531,13.039999961853027
2012-01-17,10.862258911132812,13.100000381469727
2012-01-18,11.019801139831543,13.289999961853027
2012-01-19,11.098576545715332,13.385000228881836
2012-01-20,11.111010551452637,13.399999618530273
2012-01-23,11.148324966430664,13.444999694824219
2012-01-24,11.140035629272461,13.4350004196167
2012-01-25,11.227095603942871,13.539999961853027
2012-01-26,11.152473449707031,13.449999809265137
2012-01-27,11.152473449707031,13.449999809265137
2012-01-30,11.185639381408691,13.489999771118164
2012-01-31,11.206372261047363,13.515000343322754
2012-02-01,11.318303108215332,13.649999618530273
2012-02-02,11.347329139709473,13.6850004196167
2012-02-03,11.492435455322266,13.859999656677246
2012-02-06,11.496585845947266,13.864999771118164
2012-02-07,11.525601387023926,13.899999618530273
2012-02-08,11.59608268737793,13.984999656677246
2012-02-09,11.70802116394043,14.119999885559082
2012-02-10,11.620957374572754,14.015000343322754
2012-02-13,11.695586204528809,14.104999542236328
2012-02-14,11.71631145477295,14.130000114440918
2012-02-15,11.654129028320312,14.055000305175781
2012-02-16,11.824109077453613,14.260000228881836
2012-02-17,11.824109077453613,14.260000228881836
2012-02-21,11.873859405517578,14.319999694824219
2012-02-22,11.83240032196045,14.270000457763672
2012-02-23,11.87800407409668,14.324999809265137
2012-02-24,11.948486328125,14.40999984741211
2012-02-27,11.969216346740723,14.4350004196167
2012-02-28,12.056279182434082,14.539999961853027
2012-02-29,12.002378463745117,14.475000381469727
2012-03-01,12.072861671447754,14.5600004196167
2012-03-02,12.056279182434082,14.539999961853027
2012-03-05,11.952630043029785,14.414999961853027
2012-03-06,11.836543083190918,14.274999618530273
2012-03-07,11.923608779907227,14.380000114440918
2012-03-08,12.043841361999512,14.524999618530273
2012-03-09,12.097738265991211,14.59000015258789
2012-03-12,12.114323616027832,14.609999656677246
2012-03-13,12.354783058166504,14.899999618530273
2012-03-14,12.400388717651367,14.954999923706055
2012-03-15,12.433555603027344,14.994999885559082
2012-03-16,12.427730560302734,14.9399995803833
2012-03-19,12.519233703613281,15.050000190734863
2012-03-20,12.506759643554688,15.03499984741211
2012-03-21,12.502596855163574,15.029999732971191
2012-03-22,12.47348403930664,14.994999885559082
2012-03-23,12.47348403930664,14.994999885559082
2012-03-26,12.656489372253418,15.21500015258789
2012-03-27,12.652326583862305,15.210000038146973
2012-03-28,12.606582641601562,15.154999732971191
2012-03-29,12.581621170043945,15.125
2012-03-30,12.544190406799316,15.079999923706055
2012-04-02,12.677281379699707,15.239999771118164
2012-04-03,12.668968200683594,15.229999542236328
2012-04-04,12.519233703613281,15.050000190734863
2012-04-05,12.54835033416748,15.085000038146973
2012-04-09,12.461006164550781,14.979999542236328
2012-04-10,12.286320686340332,14.770000457763672
2012-04-11,12.357025146484375,14.854999542236328
2012-04-12,12.510915756225586,15.039999961853027
2012-04-13,12.3154296875,14.805000305175781
2012-04-16,12.18649959564209,14.649999618530273
2012-04-17,12.452690124511719,14.970000267028809
2012-04-18,12.361183166503906,14.859999656677246
2012-04-19,12.223930358886719,14.694999694824219
2012-04-20,12.178179740905762,14.640000343322754
2012-04-23,12.08251953125,14.524999618530273
2012-04-24,12.057561874389648,14.494999885559082
2012-04-25,12.398619651794434,14.904999732971191
2012-04-26,12.494281768798828,15.020000457763672
2012-04-27,12.490118026733398,15.015000343322754
2012-04-30,12.402776718139648,14.90999984741211
2012-05-01,12.44437026977539,14.960000038146973
2012-05-02,12.452690124511719,14.970000267028809
2012-05-03,12.348705291748047,14.845000267028809
2012-05-04,12.090835571289062,14.53499984741211
2012-05-07,12.057561874389648,14.494999885559082
2012-05-08,12.015971183776855,14.444999694824219
2012-05-09,12.015971183776855,14.444999694824219
2012-05-10,11.924468040466309,14.335000038146973
2012-05-11,11.932787895202637,14.345000267028809
2012-05-14,11.828804969787598,14.220000267028809
2012-05-15,11.7955322265625,14.180000305175781
2012-05-16,11.699869155883789,14.0649995803833
2012-05-17,11.533500671386719,13.864999771118164
2012-05-18,11.425363540649414,13.734999656677246
2012-05-21,11.708186149597168,14.074999809265137
2012-05-22,11.670754432678223,14.029999732971191
2012-05-23,11.683233261108398,14.045000076293945
2012-05-24,11.616684913635254,13.96500015258789
2012-05-25,11.591728210449219,13.9350004196167
2012-05-29,11.745620727539062,14.119999885559082
2012-05-30,11.670754432678223,14.029999732971191
2012-05-31,11.616684913635254,13.96500015258789
2012-06-01,11.313066482543945,13.600000381469727
2012-06-04,11.379609107971191,13.680000305175781
2012-06-05,11.4503173828125,13.765000343322754
2012-06-06,11.712348937988281,14.079999923706055
2012-06-07,11.654120445251465,14.010000228881836
2012-06-08,11.783053398132324,14.164999961853027
2012-06-11,11.616684913635254,13.96500015258789
2012-06-12,11.733137130737305,14.104999542236328
2012-06-13,11.662436485290527,14.020000457763672
2012-06-14,11.720664978027344,14.09000015258789
2012-06-15,11.845508575439453,14.1850004196167
2012-06-18,11.93319320678711,14.289999961853027
2012-06-19,12.025049209594727,14.399999618530273
2012-06-20,12.045926094055176,14.425000190734863
2012-06-21,11.762001991271973,14.085000038146973
2012-06-22,11.891438484191895,14.239999771118164
2012-06-25,11.64926815032959,13.949999809265137
2012-06-26,11.695198059082031,14.005000114440918
2012-06-27,11.766178131103516,14.09000015258789
2012-06-28,11.670144081115723,13.975000381469727
2012-06-29,11.99582576751709,14.364999771118164
2012-07-02,12.062626838684082,14.444999694824219
2012-07-03,12.158659934997559,14.5600004196167
2012-07-05,12.158659934997559,14.5600004196167
2012-07-06,11.979124069213867,14.345000267028809
2012-07-09,11.954070091247559,14.3149995803833
2012-07-10,11.820454597473145,14.154999732971191
2012-07-11,11.766178131103516,14.09000015258789
2012-07-12,11.64926815032959,13.949999809265137
2012-07-13,11.803753852844238,14.135000228881836
2012-07-16,11.791228294372559,14.119999885559082
2012-07-17,11.837158203125,14.175000190734863
2012-07-18,12.04175090789795,14.420000076293945
2012-07-19,12.146135330200195,14.545000076293945
2012-07-20,12.00834846496582,14.380000114440918
2012-07-23,11.891438484191895,14.239999771118164
2012-07-24,11.770354270935059,14.095000267028809
2012-07-25,11.724425315856934,14.039999961853027
2012-07-26,11.903963088989258,14.255000114440918
2012-07-27,12.162837028503418,14.5649995803833
2012-07-30,12.167010307312012,14.569999694824219
2012-07-31,12.217120170593262,14.630000114440918
2012-08-01,12.175363540649414,14.579999923706055
2012-08-02,12.096029281616211,14.484999656677246
2012-08-03,12.334027290344238,14.770000457763672
2012-08-06,12.421707153320312,14.875
2012-08-07,12.505217552185059,14.975000381469727
2012-08-08,12.509392738342285,14.979999542236328
2012-08-09,12.55114459991455,15.029999732971191
2012-08-10,12.580374717712402,15.0649995803833
2012-08-13,12.617951393127441,15.109999656677246
2012-08-14,12.59289836883545,15.079999923706055
2012-08-15,12.597073554992676,15.085000038146973
2012-08-16,12.768263816833496,15.289999961853027
2012-08-17,12.83924674987793,15.375
2012-08-20,12.851770401000977,15.390000343322754
2012-08-21,12.768263816833496,15.289999961853027
2012-08-22,12.789137840270996,15.3149995803833
2012-08-23,12.684754371643066,15.1899995803833
2012-08-24,12.764092445373535,15.28499984741211
2012-08-27,12.776615142822266,15.300000190734863
2012-08-28,12.747386932373047,15.265000343322754
2012-08-29,12.772438049316406,15.295000076293945
2012-08-30,12.630475044250488,15.125
2012-08-31,12.73068618774414,15.244999885559082
2012-09-04,12.73068618774414,15.244999885559082
2012-09-05,12.718158721923828,15.229999542236328
2012-09-06,13.002082824707031,15.569999694824219
2012-09-07,12.981212615966797,15.545000076293945
2012-09-10,12.843416213989258,15.380000114440918
2012-09-11,12.876826286315918,15.420000076293945
2012-09-12,12.947805404663086,15.505000114440918
2012-09-13,13.123172760009766,15.71500015258789
2012-09-14,13.185802459716797,15.789999961853027
2012-09-17,13.198325157165527,15.805000305175781
2012-09-18,13.206681251525879,15.8149995803833
2012-09-19,13.219202041625977,15.829999923706055
2012-09-20,13.194151878356934,15.800000190734863
2012-09-21,13.21092414855957,15.755000114440918
2012-09-24,13.12707233428955,15.654999732971191
2012-09-25,12.942595481872559,15.4350004196167
2012-09-26,12.850358009338379,15.324999809265137
2012-09-27,13.018059730529785,15.524999618530273
2012-09-28,12.925822257995605,15.414999961853027
2012-10-01,12.89647102355957,15.380000114440918
2012-10-02,12.91324520111084,15.399999618530273
2012-10-03,12.980326652526855,15.479999542236328
2012-10-04,13.018059730529785,15.524999618530273
2012-10-05,12.95097541809082,15.444999694824219
2012-10-08,12.816817283630371,15.28499984741211
2012-10-09,12.653306007385254,15.09000015258789
2012-10-10,12.602992057800293,15.029999732971191
2012-10-11,12.552684783935547,14.970000267028809
2012-10-12,12.544296264648438,14.960000038146973
2012-10-15,12.607189178466797,15.03499984741211
2012-10-16,12.779080390930176,15.239999771118164
2012-10-17,12.712002754211426,15.15999984741211
2012-10-18,12.565262794494629,14.984999656677246
2012-10-19,12.280160903930664,14.645000457763672
2012-10-22,12.364013671875,14.744999885559082
2012-10-23,12.229852676391602,14.585000038146973
2012-10-24,12.158576011657715,14.5
2012-10-25,12.133419036865234,14.470000267028809
2012-10-26,12.15438461303711,14.494999885559082
2012-10-31,12.104074478149414,14.4350004196167
2012-11-01,12.301126480102539,14.670000076293945
2012-11-02,12.141803741455078,14.479999542236328
2012-11-05,12.208887100219727,14.5600004196167
2012-11-06,12.263391494750977,14.625
2012-11-07,11.957334518432617,14.260000228881836
2012-11-08,11.785435676574707,14.055000305175781
2012-11-09,11.839938163757324,14.119999885559082
2012-11-12,11.823166847229004,14.100000381469727
2012-11-13,11.7644681930542,14.029999732971191
2012-11-14,11.647074699401855,13.890000343322754
2012-11-15,11.579998016357422,13.8100004196167
2012-11-16,11.596765518188477,13.829999923706055
2012-11-19,11.915406227111816,14.210000038146973
2012-11-20,11.865090370178223,14.149999618530273
2012-11-21,11.902828216552734,14.194999694824219
2012-11-23,12.095687866210938,14.425000190734863
2012-11-26,12.150189399719238,14.489999771118164
2012-11-27,12.095687866210938,14.425000190734863
2012-11-28,12.166960716247559,14.510000228881836
2012-11-29,12.22565746307373,14.579999923706055
2012-11-30,12.213082313537598,14.5649995803833
2012-12-03,12.196310997009277,14.545000076293945
2012-12-04,12.175347328186035,14.520000457763672
2012-12-05,12.053765296936035,14.375
2012-12-06,12.125032424926758,14.460000038146973
2012-12-07,12.062145233154297,14.385000228881836
2012-12-10,12.091493606567383,14.420000076293945
2012-12-11,12.25500774383545,14.614999771118164
2012-12-12,12.234044075012207,14.59000015258789
2012-12-13,12.14599609375,14.484999656677246
2012-12-14,12.028607368469238,14.345000267028809
2012-12-17,12.175347328186035,14.520000457763672
2012-12-18,12.35562801361084,14.734999656677246
2012-12-19,12.292736053466797,14.65999984741211
2012-12-20,12.313701629638672,14.6850004196167
2012-12-21,12.207441329956055,14.475000381469727
2012-12-24,12.173711776733398,14.4350004196167
2012-12-26,12.106242179870605,14.354999542236328
2012-12-27,12.093585968017578,14.34000015258789
2012-12-28,11.958658218383789,14.180000305175781
2012-12-31,12.165276527404785,14.425000190734863
2013-01-02,12.57008171081543,14.904999732971191
2013-01-03,12.489962577819824,14.8100004196167
2013-01-04,12.439363479614258,14.75
2013-01-07,12.422494888305664,14.729999542236328
2013-01-08,12.376111030578613,14.675000190734863
2013-01-09,12.397196769714355,14.699999809265137
2013-01-10,12.460440635681152,14.774999618530273
2013-01-11,12.477313041687012,14.795000076293945
2013-01-14,12.397196769714355,14.699999809265137
2013-01-15,12.31707763671875,14.604999542236328
2013-01-16,12.35924243927002,14.654999732971191
2013-01-17,12.409845352172852,14.71500015258789
2013-01-18,12.392974853515625,14.694999694824219
2013-01-22,12.426712036132812,14.734999656677246
2013-01-23,12.557432174682617,14.890000343322754
2013-01-24,12.342376708984375,14.635000228881836
2013-01-25,12.355027198791504,14.649999618530273
2013-01-28,12.397196769714355,14.699999809265137
2013-01-29,12.414060592651367,14.720000267028809
2013-01-30,12.376111030578613,14.675000190734863
2013-01-31,12.397196769714355,14.699999809265137
2013-02-01,12.536346435546875,14.864999771118164
2013-02-04,12.371893882751465,14.670000076293945
2013-02-05,12.515259742736816,14.84000015258789
2013-02-06,12.511043548583984,14.835000038146973
2013-02-07,12.511043548583984,14.835000038146973
2013-02-08,12.620684623718262,14.96500015258789
2013-02-11,12.645983695983887,14.994999885559082
2013-02-12,12.603816032409668,14.944999694824219
2013-02-13,12.59959602355957,14.9399995803833
2013-02-14,12.565863609313965,14.899999618530273
2013-02-15,12.557432174682617,14.890000343322754
2013-02-19,12.641763687133789,14.989999771118164
2013-02-20,12.468877792358398,14.78499984741211
2013-02-21,12.36767864227295,14.664999961853027
2013-02-22,12.519478797912598,14.845000267028809
2013-02-25,12.342376708984375,14.635000228881836
2013-02-26,12.414060592651367,14.720000267028809
2013-02-27,12.519478797912598,14.845000267028809
2013-02-28,12.49417781829834,14.8149995803833
2013-03-01,12.515259742736816,14.84000015258789
2013-03-04,12.55321979522705,14.885000228881836
2013-03-05,12.72610092163086,15.09000015258789
2013-03-06,12.717666625976562,15.079999923706055
2013-03-07,12.747182846069336,15.114999771118164
2013-03-08,12.77248477935791,15.145000457763672
2013-03-11,12.802000045776367,15.180000305175781
2013-03-12,12.755615234375,15.125
2013-03-13,12.747182846069336,15.114999771118164
2013-03-14,12.83995246887207,15.225000381469727
2013-03-15,12.786601066589355,15.100000381469727
2013-03-18,12.790838241577148,15.104999542236328
2013-03-19,12.773902893066406,15.085000038146973
2013-03-20,12.83741283416748,15.15999984741211
2013-03-21,12.69345474243164,14.989999771118164
2013-03-22,12.773902893066406,15.085000038146973
2013-03-25,12.744267463684082,15.050000190734863
2013-03-26,12.82470989227295,15.145000457763672
2013-03-27,12.790838241577148,15.104999542236328
2013-03-28,12.816241264343262,15.135000228881836
2013-04-01,12.73156452178955,15.03499984741211
2013-04-02,12.782373428344727,15.095000267028809
2013-04-03,12.680756568908691,14.975000381469727
2013-04-04,12.68498706817627,14.979999542236328
2013-04-05,12.587606430053711,14.864999771118164
2013-04-08,12.642647743225098,14.930000305175781
2013-04-09,12.73156452178955,15.03499984741211
2013-04-10,12.955965995788574,15.300000190734863
2013-04-11,12.913622856140137,15.25
2013-04-12,12.858582496643066,15.1850004196167
2013-04-15,12.646879196166992,14.9350004196167
2013-04-16,12.803536415100098,15.119999885559082
2013-04-17,12.541033744812012,14.8100004196167
2013-04-18,12.40977668762207,14.654999732971191
2013-04-19,12.426715850830078,14.675000190734863
2013-04-22,12.524093627929688,14.789999961853027
2013-04-23,12.659584999084473,14.949999809265137
2013-04-24,12.680756568908691,14.975000381469727
2013-04-25,12.723092079162598,15.024999618530273
2013-04-26,12.71886157989502,15.020000457763672
2013-04-29,12.900923728942871,15.234999656677246
2013-04-30,13.040640830993652,15.399999618530273
2013-05-01,12.926323890686035,15.265000343322754
2013-05-02,13.091451644897461,15.460000038146973
2013-05-03,13.21423625946045,15.604999542236328
2013-05-06,13.277745246887207,15.680000305175781
2013-05-07,13.269275665283203,15.670000076293945
2013-05-08,13.375127792358398,15.795000076293945
2013-05-09,13.337019920349121,15.75
2013-05-10,13.375127792358398,15.795000076293945
2013-05-13,13.341257095336914,15.755000114440918
2013-05-14,13.38359260559082,15.805000305175781
2013-05-15,13.425932884216309,15.854999542236328
2013-05-16,13.49791431427002,15.9399995803833
2013-05-17,13.63339900970459,16.100000381469727
2013-05-20,13.63339900970459,16.100000381469727
2013-05-21,13.591056823730469,16.049999237060547
2013-05-22,13.44286823272705,15.875
2013-05-23,13.438633918762207,15.869999885559082
2013-05-24,13.417468070983887,15.845000267028809
2013-05-28,13.480974197387695,15.920000076293945
2013-05-29,13.447107315063477,15.880000114440918
2013-05-30,13.531784057617188,15.979999542236328
2013-05-31,13.404765129089355,15.829999923706055
2013-06-03,13.47250747680664,15.90999984741211
2013-06-04,13.413232803344727,15.84000015258789
2013-06-05,13.281975746154785,15.6850004196167
2013-06-06,13.311614990234375,15.720000267028809
2013-06-07,13.434398651123047,15.864999771118164
2013-06-10,13.464035987854004,15.899999618530273
2013-06-11,13.324317932128906,15.734999656677246
2013-06-12,13.235404014587402,15.630000114440918
2013-06-13,13.387825965881348,15.8100004196167
2013-06-14,13.286212921142578,15.6899995803833
2013-06-17,13.409000396728516,15.835000038146973
2013-06-18,13.514846801757812,15.960000038146973
2013-06-19,13.358193397521973,15.774999618530273
2013-06-20,13.061810493469238,15.425000190734863
2013-06-21,12.983091354370117,15.255000114440918
2013-06-24,12.825641632080078,15.069999694824219
2013-06-25,12.932025909423828,15.194999694824219
2013-06-26,13.008618354797363,15.28499984741211
2013-06-27,13.07244873046875,15.359999656677246
2013-06-28,13.01712703704834,15.295000076293945
2013-07-01,13.085213661193848,15.375
2013-07-02,13.106492042541504,15.399999618530273
2013-07-03,13.183090209960938,15.489999771118164
2013-07-05,13.268197059631348,15.59000015258789
2013-07-08,13.259682655334473,15.579999923706055
2013-07-09,13.310749053955078,15.640000343322754
2013-07-10,13.353302955627441,15.6899995803833
2013-07-11,13.578837394714355,15.954999923706055
2013-07-12,13.587348937988281,15.96500015258789
2013-07-15,13.625645637512207,16.010000228881836
2013-07-16,13.6341552734375,16.020000457763672
2013-07-17,13.646923065185547,16.03499984741211
2013-07-18,13.61288070678711,15.994999885559082
2013-07-19,13.383091926574707,15.725000381469727
2013-07-22,13.421388626098633,15.770000457763672
2013-07-23,13.366068840026855,15.704999923706055
2013-07-24,13.455430030822754,15.8100004196167
2013-07-25,13.463942527770996,15.819999694824219
2013-07-26,13.502241134643555,15.864999771118164
2013-07-29,13.480964660644531,15.84000015258789
2013-07-30,13.549051284790039,15.920000076293945
2013-07-31,13.502241134643555,15.864999771118164
2013-08-01,13.646923065185547,16.03499984741211
2013-08-02,13.706494331359863,16.104999542236328
2013-08-05,13.736282348632812,16.139999389648438
2013-08-06,13.663945198059082,16.05500030517578
2013-08-07,13.629902839660645,16.014999389648438
2013-08-08,13.672457695007324,16.065000534057617
2013-08-09,13.604368209838867,15.984999656677246
2013-08-12,13.693735122680664,16.09000015258789
2013-08-13,13.787346839904785,16.200000762939453
2013-08-14,13.774580001831055,16.184999465942383
2013-08-15,13.553306579589844,15.925000190734863
2013-08-16,13.540541648864746,15.90999984741211
2013-08-19,13.497986793518066,15.859999656677246
2013-08-20,13.51926040649414,15.885000228881836
2013-08-21,13.489479064941406,15.850000381469727
2013-08-22,13.549051284790039,15.920000076293945
2013-08-23,13.646923065185547,16.03499984741211
2013-08-26,13.583093643188477,15.960000038146973
2013-08-27,13.344793319702148,15.680000305175781
2013-08-28,13.353302955627441,15.6899995803833
2013-08-29,13.425649642944336,15.774999618530273
2013-08-30,13.36181354522705,15.699999809265137
2013-09-03,13.374579429626465,15.71500015258789
2013-09-04,13.502241134643555,15.864999771118164
2013-09-05,13.510750770568848,15.875
2013-09-06,13.51926040649414,15.885000228881836
2013-09-09,13.68096923828125,16.075000762939453
2013-09-10,13.766075134277344,16.174999237060547
2013-09-11,13.70224666595459,16.100000381469727
2013-09-12,13.715006828308105,16.114999771118164
2013-09-13,13.727773666381836,16.1299991607666
2013-09-16,13.706494331359863,16.104999542236328
2013-09-17,13.774580001831055,16.184999465942383
2013-09-18,13.949051856994629,16.389999389648438
2013-09-19,13.957565307617188,16.399999618530273
2013-09-20,13.858362197875977,16.204999923706055
2013-09-23,13.901119232177734,16.2549991607666
2013-09-24,13.841257095336914,16.184999465942383
2013-09-25,13.819877624511719,16.15999984741211
2013-09-26,13.871187210083008,16.219999313354492
2013-09-27,13.785670280456543,16.1200008392334
2013-09-30,13.700148582458496,16.020000457763672
2013-10-01,13.819877624511719,16.15999984741211
2013-10-02,13.824151992797852,16.165000915527344
2013-10-03,13.704425811767578,16.024999618530273
2013-10-04,13.760014533996582,16.09000015258789
2013-10-07,13.700148582458496,16.020000457763672
2013-10-08,13.482078552246094,15.765000343322754
2013-10-09,13.533390045166016,15.824999809265137
2013-10-10,13.760014533996582,16.09000015258789
2013-10-11,13.875467300415039,16.225000381469727
2013-10-14,13.922501564025879,16.280000686645508
2013-10-15,13.836983680725098,16.18000030517578
2013-10-16,13.969537734985352,16.334999084472656
2013-10-17,13.973814010620117,16.34000015258789
2013-10-18,14.21327018737793,16.6200008392334
2013-10-21,14.290230751037598,16.709999084472656
2013-10-22,14.2859525680542,16.704999923706055
2013-10-23,14.21753978729248,16.625
2013-10-24,14.251749038696289,16.665000915527344
2013-10-25,14.324443817138672,16.75
2013-10-28,14.371475219726562,16.80500030517578
2013-10-29,14.465553283691406,16.915000915527344
2013-10-30,14.435614585876465,16.8799991607666
2013-10-31,14.388582229614258,16.825000762939453
2013-11-01,14.392855644226074,16.829999923706055
2013-11-04,14.448443412780762,16.895000457763672
2013-11-05,14.409961700439453,16.850000381469727
2013-11-06,14.555346488952637,17.020000457763672
2013-11-07,14.367202758789062,16.799999237060547
2013-11-08,14.495478630065918,16.950000762939453
2013-11-11,14.512575149536133,16.969999313354492
2013-11-12,14.551069259643555,17.014999389648438
2013-11-13,14.67507266998291,17.15999984741211
2013-11-14,14.636589050292969,17.114999771118164
2013-11-15,14.666520118713379,17.149999618530273
2013-11-18,14.610928535461426,17.084999084472656
2013-11-19,14.559619903564453,17.024999618530273
2013-11-20,14.512575149536133,16.969999313354492
2013-11-21,14.636589050292969,17.114999771118164
2013-11-22,14.606654167175293,17.079999923706055
2013-11-25,14.606654167175293,17.079999923706055
2013-11-26,14.657963752746582,17.139999389648438
2013-11-27,14.773416519165039,17.274999618530273
2013-11-29,14.833279609680176,17.344999313354492
2013-12-02,14.786239624023438,17.290000915527344
2013-12-03,14.820450782775879,17.329999923706055
2013-12-04,14.833279609680176,17.344999313354492
2013-12-05,14.786239624023438,17.290000915527344
2013-12-06,14.888867378234863,17.40999984741211
2013-12-09,14.935903549194336,17.46500015258789
2013-12-10,14.905970573425293,17.43000030517578
2013-12-11,14.769139289855957,17.270000457763672
2013-12-12,14.670792579650879,17.155000686645508
2013-12-13,14.62375545501709,17.100000381469727
2013-12-16,14.769139289855957,17.270000457763672
2013-12-17,14.764863967895508,17.264999389648438
2013-12-18,14.880315780639648,17.399999618530273
2013-12-19,14.905970573425293,17.43000030517578
2013-12-20,15.022418975830078,17.479999542236328
2013-12-23,15.220087051391602,17.709999084472656
2013-12-24,15.263057708740234,17.760000228881836
2013-12-26,15.301730155944824,17.80500030517578
2013-12-27,15.288836479187012,17.790000915527344
2013-12-30,15.258752822875977,17.7549991607666
2013-12-31,15.357590675354004,17.8700008392334
2014-01-02,15.207195281982422,17.69499969482422
2014-01-03,15.13414478302002,17.610000610351562
2014-01-06,15.108363151550293,17.579999923706055
2014-01-07,15.245866775512695,17.739999771118164
2014-01-08,15.245866775512695,17.739999771118164
2014-01-09,15.147035598754883,17.625
2014-01-10,15.177116394042969,17.65999984741211
2014-01-13,15.013827323913574,17.469999313354492
2014-01-14,15.267349243164062,17.764999389648438
2014-01-15,15.452116966247559,17.979999542236328
2014-01-16,15.447827339172363,17.975000381469727
2014-01-17,15.361891746520996,17.875
2014-01-21,15.439226150512695,17.96500015258789
2014-01-22,15.422043800354004,17.94499969482422
2014-01-23,15.391965866088867,17.90999984741211
2014-01-24,15.095471382141113,17.565000534057617
2014-01-27,14.953666687011719,17.399999618530273
2014-01-28,14.863430976867676,17.295000076293945
2014-01-29,14.747411727905273,17.15999984741211
2014-01-30,14.92789077758789,17.3700008392334
2014-01-31,14.962263107299805,17.40999984741211
2014-02-03,14.648579597473145,17.045000076293945
2014-02-04,14.704437255859375,17.110000610351562
2014-02-05,14.717327117919922,17.125
2014-02-06,14.880615234375,17.315000534057617
2014-02-07,15.082576751708984,17.549999237060547
2014-02-10,15.112651824951172,17.584999084472656
2014-02-11,15.29742431640625,17.799999237060547
2014-02-12,15.357590675354004,17.8700008392334
2014-02-13,15.46930980682373,18.0
2014-02-14,15.49938678741455,18.03499984741211
2014-02-18,15.507988929748535,18.045000076293945
2014-02-19,15.456418991088867,17.985000610351562
2014-02-20,15.507988929748535,18.045000076293945
2014-02-21,15.447827339172363,17.975000381469727
2014-02-24,15.507988929748535,18.045000076293945
2014-02-25,15.465022087097168,17.9950008392334
2014-02-26,15.477904319763184,18.010000228881836
2014-02-27,15.602523803710938,18.155000686645508
2014-02-28,15.619705200195312,18.174999237060547
2014-03-03,15.452116966247559,17.979999542236328
2014-03-04,15.654078483581543,18.21500015258789
2014-03-05,15.675570487976074,18.239999771118164
2014-03-06,15.697050094604492,18.264999389648438
2014-03-07,15.64978313446045,18.209999084472656
2014-03-10,15.624001502990723,18.18000030517578
2014-03-11,15.589632034301758,18.139999389648438
2014-03-12,15.615407943725586,18.170000076293945
2014-03-13,15.404854774475098,17.924999237060547
2014-03-14,15.310327529907227,17.815000534057617
2014-03-17,15.490796089172363,18.024999618530273
2014-03-18,15.692755699157715,18.260000228881836
2014-03-19,15.628301620483398,18.184999465942383
2014-03-20,15.748618125915527,18.325000762939453
2014-03-21,15.669645309448242,18.155000686645508
2014-03-24,15.656702995300293,18.139999389648438
2014-03-25,15.751640319824219,18.25
2014-03-26,15.561750411987305,18.030000686645508
2014-03-27,15.505651473999023,17.96500015258789
2014-03-28,15.566069602966309,18.03499984741211
2014-03-31,15.68690013885498,18.174999237060547
2014-04-01,15.872476577758789,18.389999389648438
2014-04-02,15.881103515625,18.399999618530273
2014-04-03,15.803426742553711,18.309999465942383
2014-04-04,15.5013427734375,17.959999084472656
2014-04-07,15.380501747131348,17.81999969482422
2014-04-08,15.518593788146973,17.979999542236328
2014-04-09,15.72574520111084,18.219999313354492
2014-04-10,15.36324691772461,17.799999237060547
2014-04-11,15.190625190734863,17.600000381469727
2014-04-14,15.341670036315918,17.774999618530273
2014-04-15,15.419342994689941,17.864999771118164
2014-04-16,15.570388793945312,18.040000915527344
2014-04-17,15.548810005187988,18.014999389648438
2014-04-21,15.609225273132324,18.084999084472656
2014-04-22,15.673954963684082,18.15999984741211
2014-04-23,15.505651473999023,17.96500015258789
2014-04-24,15.626484870910645,18.104999542236328
2014-04-25,15.427971839904785,17.875
2014-04-28,15.57470703125,18.045000076293945
2014-04-29,15.682586669921875,18.170000076293945
2014-04-30,15.73006534576416,18.225000381469727
2014-05-01,15.74732494354248,18.2450008392334
2014-05-02,15.704168319702148,18.19499969482422
2014-05-05,15.786162376403809,18.290000915527344
2014-05-06,15.609225273132324,18.084999084472656
2014-05-07,15.617855072021484,18.094999313354492
2014-05-08,15.661016464233398,18.145000457763672
2014-05-09,15.678276062011719,18.165000915527344
2014-05-12,15.889740943908691,18.40999984741211
2014-05-13,15.898366928100586,18.420000076293945
2014-05-14,15.82499885559082,18.334999084472656
2014-05-15,15.73006534576416,18.225000381469727
2014-05-16,15.82932186126709,18.34000015258789
2014-05-19,15.932890892028809,18.459999084472656
2014-05-20,15.84227180480957,18.354999542236328
2014-05-21,15.950149536132812,18.479999542236328
2014-05-22,15.980367660522461,18.514999389648438
2014-05-23,16.114145278930664,18.670000076293945
2014-05-27,16.252241134643555,18.829999923706055
2014-05-28,16.209095001220703,18.780000686645508
2014-05-29,16.30402183532715,18.889999389648438
2014-05-30,16.321292877197266,18.90999984741211
2014-06-02,16.295394897460938,18.8799991607666
2014-06-03,16.269500732421875,18.850000381469727
2014-06-04,16.299713134765625,18.885000228881836
2014-06-05,16.4075927734375,19.010000228881836
2014-06-06,16.4809627532959,19.094999313354492
2014-06-09,16.532747268676758,19.155000686645508
2014-06-10,16.5413818359375,19.165000915527344
2014-06-11,16.502540588378906,19.1200008392334
2014-06-12,16.36012840270996,18.954999923706055
2014-06-13,16.4550724029541,19.065000534057617
2014-06-16,16.4550724029541,19.065000534057617
2014-06-17,16.493907928466797,19.110000610351562
2014-06-18,16.580215454101562,19.209999084472656
2014-06-19,16.550004959106445,19.174999237060547
2014-06-20,16.513587951660156,19.045000076293945
2014-06-23,16.561281204223633,19.100000381469727
2014-06-24,16.474573135375977,19.0
2014-06-25,16.53960609436035,19.075000762939453
2014-06-26,16.522266387939453,19.05500030517578
2014-06-27,16.621976852416992,19.170000076293945
2014-06-30,16.626310348510742,19.174999237060547
2014-07-01,16.79539680480957,19.3700008392334
2014-07-02,16.812734603881836,19.389999389648438
2014-07-03,16.886438369750977,19.475000381469727
2014-07-07,16.903778076171875,19.4950008392334
2014-07-08,16.752038955688477,19.31999969482422
2014-07-09,16.834409713745117,19.415000915527344
2014-07-10,16.786720275878906,19.360000610351562
2014-07-11,16.87343406677246,19.459999084472656
2014-07-14,16.994829177856445,19.600000381469727
2014-07-15,16.9644775390625,19.565000534057617
2014-07-16,17.120555877685547,19.7450008392334
2014-07-17,16.899444580078125,19.489999771118164
2014-07-18,17.103212356567383,19.725000381469727
2014-07-21,17.08153533935547,19.700000762939453
2014-07-22,17.22460174560547,19.864999771118164
2014-07-23,17.25495147705078,19.899999618530273
2014-07-24,17.241941452026367,19.885000228881836
2014-07-25,17.220264434814453,19.860000610351562
2014-07-28,17.250612258911133,19.895000457763672
2014-07-29,17.21593475341797,19.854999542236328
2014-07-30,17.2332706451416,19.875
2014-07-31,16.90812110900879,19.5
2014-08-01,16.817068099975586,19.395000457763672
2014-08-04,16.938457489013672,19.53499984741211
2014-08-05,16.77804946899414,19.350000381469727
2014-08-06,16.726030349731445,19.290000915527344
2014-08-07,16.656661987304688,19.209999084472656
2014-08-08,16.76504898071289,19.334999084472656
2014-08-11,16.847423553466797,19.43000030517578
2014-08-12,16.83875274658203,19.420000076293945
2014-08-13,17.003494262695312,19.610000610351562
2014-08-14,17.033845901489258,19.645000457763672
2014-08-15,17.033845901489258,19.645000457763672
2014-08-18,17.194252014160156,19.829999923706055
2014-08-19,17.30263900756836,19.954999923706055
2014-08-20,17.30263900756836,19.954999923706055
2014-08-21,17.385011672973633,20.049999237060547
2014-08-22,17.38934326171875,20.05500030517578
2014-08-25,17.40668487548828,20.075000762939453
2014-08-26,17.415359497070312,20.084999084472656
2014-08-27,17.411027908325195,20.079999923706055
2014-08-28,17.385011672973633,20.049999237060547
2014-08-29,17.46305274963379,20.139999389648438
2014-09-02,17.467388153076172,20.145000457763672
2014-09-03,17.372011184692383,20.03499984741211
2014-09-04,17.36332893371582,20.024999618530273
2014-09-05,17.467388153076172,20.145000457763672
2014-09-08,17.493398666381836,20.174999237060547
2014-09-09,17.3676700592041,20.030000686645508
2014-09-10,17.471723556518555,20.149999618530273
2014-09-11,17.510740280151367,20.19499969482422
2014-09-12,17.43703842163086,20.110000610351562
2014-09-15,17.33298110961914,19.989999771118164
2014-09-16,17.46305274963379,20.139999389648438
2014-09-17,17.49773406982422,20.18000030517578
2014-09-18,17.601783752441406,20.299999237060547
2014-09-19,17.56433868408203,20.170000076293945
2014-09-22,17.44677734375,20.03499984741211
2014-09-23,17.4075927734375,19.989999771118164
2014-09-24,17.520795822143555,20.1200008392334
2014-09-25,17.13763999938965,19.68000030517578
2014-09-26,17.324859619140625,19.895000457763672
2014-09-29,17.32050895690918,19.889999389648438
2014-09-30,17.372764587402344,19.950000762939453
2014-10-01,17.102800369262695,19.639999389648438
2014-10-02,17.094099044799805,19.6299991607666
2014-10-03,17.23343276977539,19.790000915527344
2014-10-06,17.237781524658203,19.795000076293945
2014-10-07,16.967823028564453,19.485000610351562
2014-10-08,17.290035247802734,19.854999542236328
2014-10-09,17.002653121948242,19.524999618530273
2014-10-10,16.567249298095703,19.024999618530273
2014-10-13,16.384380340576172,18.815000534057617
2014-10-14,16.410507202148438,18.844999313354492
2014-10-15,16.297298431396484,18.71500015258789
2014-10-16,16.201513290405273,18.604999542236328
2014-10-17,16.393096923828125,18.825000762939453
2014-10-20,16.510643005371094,18.959999084472656
2014-10-21,16.832849502563477,19.329999923706055
2014-10-22,16.754486083984375,19.239999771118164
2014-10-23,16.94169807434082,19.454999923706055
2014-10-24,17.08974266052246,19.625
2014-10-27,17.107154846191406,19.645000457763672
2014-10-28,17.342283248901367,19.915000915527344
2014-10-29,17.324859619140625,19.895000457763672
2014-10-30,17.381473541259766,19.959999084472656
2014-10-31,17.65142059326172,20.270000457763672
2014-11-03,17.725431442260742,20.354999542236328
2014-11-04,17.721078872680664,20.350000381469727
2014-11-05,17.768980026245117,20.405000686645508
2014-11-06,17.76027488708496,20.395000457763672
2014-11-07,17.782032012939453,20.420000076293945
2014-11-10,17.829944610595703,20.475000381469727
2014-11-11,17.838640213012695,20.485000610351562
2014-11-12,17.89524269104004,20.549999237060547
2014-11-13,17.991031646728516,20.65999984741211
2014-11-14,18.117305755615234,20.80500030517578
2014-11-17,18.08246421813965,20.764999389648438
2014-11-18,18.143428802490234,20.834999084472656
2014-11-19,18.0258731842041,20.700000762939453
2014-11-20,18.117305755615234,20.80500030517578
2014-11-21,18.143428802490234,20.834999084472656
2014-11-24,18.23921012878418,20.94499969482422
2014-11-25,18.247922897338867,20.954999923706055
2014-11-26,18.41338539123535,21.145000457763672
2014-11-28,18.500465393066406,21.2450008392334
2014-12-01,18.291471481323242,21.0049991607666
2014-12-02,18.295820236206055,21.010000228881836
2014-12-03,18.36113739013672,21.084999084472656
2014-12-04,18.36113739013672,21.084999084472656
2014-12-05,18.3393611907959,21.059999465942383
2014-12-08,18.152132034301758,20.844999313354492
2014-12-09,18.14777946472168,20.84000015258789
2014-12-10,17.873485565185547,20.524999618530273
2014-12-11,17.951845169067383,20.614999771118164
2014-12-12,17.686250686645508,20.309999465942383
2014-12-15,17.57740020751953,20.184999465942383
2014-12-16,17.342283248901367,19.915000915527344
2014-12-17,17.668838500976562,20.290000915527344
2014-12-18,18.173912048339844,20.8700008392334
2014-12-19,18.19404411315918,20.78499984741211
2014-12-22,18.412878036499023,21.03499984741211
2014-12-23,18.46101951599121,21.09000015258789
2014-12-24,18.443506240844727,21.06999969482422
2014-12-26,18.522296905517578,21.15999984741211
2014-12-29,18.43038558959961,21.05500030517578
2014-12-30,18.2990779876709,20.905000686645508
2014-12-31,18.097753524780273,20.674999237060547
2015-01-02,18.062740325927734,20.635000228881836
2015-01-05,17.787002563476562,20.31999969482422
2015-01-06,17.572547912597656,20.075000762939453
2015-01-07,17.721355438232422,20.2450008392334
2015-01-08,18.110877990722656,20.690000534057617
2015-01-09,18.053987503051758,20.625
2015-01-12,17.84390640258789,20.385000228881836
2015-01-13,17.830772399902344,20.3700008392334
2015-01-14,17.73011016845703,20.2549991607666
2015-01-15,17.502517700195312,19.9950008392334
2015-01-16,17.6732177734375,20.190000534057617
2015-01-20,17.822017669677734,20.360000610351562
2015-01-21,17.8526554107666,20.395000457763672
2015-01-22,18.145891189575195,20.729999542236328
2015-01-23,18.141525268554688,20.725000381469727
2015-01-26,18.067115783691406,20.639999389648438
2015-01-27,17.546281814575195,20.045000076293945
2015-01-28,17.515644073486328,20.010000228881836
2015-01-29,17.681962966918945,20.200000762939453
2015-01-30,17.463132858276367,19.950000762939453
2015-02-02,17.642568588256836,20.155000686645508
2015-02-03,17.84390640258789,20.385000228881836
2015-02-04,17.878915786743164,20.424999237060547
2015-02-05,18.045230865478516,20.614999771118164
2015-02-06,17.988330841064453,20.549999237060547
2015-02-09,17.962078094482422,20.520000457763672
2015-02-10,18.229049682617188,20.825000762939453
2015-02-11,18.2990779876709,20.905000686645508
2015-02-12,18.548553466796875,21.190000534057617
2015-02-13,18.666730880737305,21.325000762939453
2015-02-17,18.67548179626465,21.334999084472656
2015-02-18,18.69298553466797,21.354999542236328
2015-02-19,18.758636474609375,21.43000030517578
2015-02-20,18.85492706298828,21.540000915527344
2015-02-23,18.868051528930664,21.55500030517578
2015-02-24,18.92495346069336,21.6200008392334
2015-02-25,18.80677604675293,21.485000610351562
2015-02-26,18.92495346069336,21.6200008392334
2015-02-27,18.859298706054688,21.545000076293945
2015-03-02,19.00811004638672,21.71500015258789
2015-03-03,18.881179809570312,21.56999969482422
2015-03-04,18.80677604675293,21.485000610351562
2015-03-05,18.784896850585938,21.459999084472656
2015-03-06,18.55293083190918,21.19499969482422
2015-03-09,18.640470504760742,21.295000076293945
2015-03-10,18.259689331054688,20.860000610351562
2015-03-11,18.141525268554688,20.725000381469727
2015-03-12,18.259689331054688,20.860000610351562
2015-03-13,18.159027099609375,20.7450008392334
2015-03-16,18.373483657836914,20.989999771118164
2015-03-17,18.377866744995117,20.9950008392334
2015-03-18,18.627336502075195,21.280000686645508
2015-03-19,18.574817657470703,21.219999313354492
2015-03-20,18.694793701171875,21.270000457763672
2015-03-23,18.694793701171875,21.270000457763672
2015-03-24,18.633264541625977,21.200000762939453
2015-03-25,18.154247283935547,20.655000686645508
2015-03-26,18.16742706298828,20.670000076293945
2015-03-27,18.180618286132812,20.684999465942383
2015-03-30,18.40034294128418,20.934999465942383
2015-03-31,18.211376190185547,20.719999313354492
2015-04-01,18.185014724731445,20.690000534057617
2015-04-02,18.180618286132812,20.684999465942383
2015-04-06,18.356399536132812,20.885000228881836
2015-04-07,18.316848754882812,20.84000015258789
2015-04-08,18.373971939086914,20.905000686645508
2015-04-09,18.42231559753418,20.959999084472656
2015-04-10,18.492633819580078,21.040000915527344
2015-04-13,18.439897537231445,20.979999542236328
2015-04-14,18.38277244567871,20.915000915527344
2015-04-15,18.545368194580078,21.100000381469727
2015-04-16,18.479450225830078,21.024999618530273
2015-04-17,18.224563598632812,20.735000610351562
2015-04-20,18.536577224731445,21.09000015258789
2015-04-21,18.527790069580078,21.079999923706055
2015-04-22,18.716764450073242,21.295000076293945
2015-04-23,18.79146957397461,21.3799991607666
2015-04-24,18.954065322875977,21.565000534057617
2015-04-27,19.006805419921875,21.625
2015-04-28,19.06833839416504,21.69499969482422
2015-04-29,18.976045608520508,21.59000015258789
2015-04-30,18.71236801147461,21.290000915527344
2015-05-01,18.94089126586914,21.549999237060547
2015-05-04,18.95846176147461,21.56999969482422
2015-05-05,18.664026260375977,21.235000610351562
2015-05-06,18.505817413330078,21.05500030517578
2015-05-07,18.64204978942871,21.209999084472656
2015-05-08,18.910125732421875,21.514999389648438
2015-05-11,18.813444137573242,21.405000686645508
2015-05-12,18.71236801147461,21.290000915527344
2015-05-13,18.79146957397461,21.3799991607666
2015-05-14,19.09469985961914,21.725000381469727
2015-05-15,19.033178329467773,21.655000686645508
2015-05-18,19.125463485717773,21.760000228881836
2015-05-19,19.077119827270508,21.704999923706055
2015-05-20,19.090307235717773,21.719999313354492
2015-05-21,19.173803329467773,21.815000534057617
2015-05-22,19.160615921020508,21.799999237060547
2015-05-26,18.883752822875977,21.485000610351562
2015-05-27,19.239721298217773,21.889999389648438
2015-05-28,19.200166702270508,21.844999313354492
2015-05-29,19.05954360961914,21.684999465942383
2015-06-01,19.112279891967773,21.7450008392334
2015-06-02,19.072729110717773,21.700000762939453
2015-06-03,19.112279891967773,21.7450008392334
2015-06-04,18.936498641967773,21.545000076293945
2015-06-05,18.87496566772461,21.475000381469727
2015-06-08,18.664026260375977,21.235000610351562
2015-06-09,18.620080947875977,21.184999465942383
2015-06-10,18.910125732421875,21.514999389648438
2015-06-11,18.91891098022461,21.524999618530273
2015-06-12,18.75191879272461,21.334999084472656
2015-06-15,18.637653350830078,21.204999923706055
2015-06-16,18.760711669921875,21.344999313354492
2015-06-17,18.76949691772461,21.354999542236328
2015-06-18,18.936498641967773,21.545000076293945
2015-06-19,18.778905868530273,21.270000457763672
2015-06-22,18.933401107788086,21.44499969482422
2015-06-23,18.946640014648438,21.459999084472656
2015-06-24,18.858356475830078,21.360000610351562
2015-06-25,18.814210891723633,21.309999465942383
2015-06-26,18.655290603637695,21.1299991607666
2015-06-29,18.257999420166016,20.68000030517578
2015-06-30,18.275657653808594,20.700000762939453
2015-07-01,18.399259567260742,20.84000015258789
2015-07-02,18.42574691772461,20.8700008392334
2015-07-06,18.35069465637207,20.78499984741211
2015-07-07,18.37718963623047,20.815000534057617
2015-07-08,18.077007293701172,20.475000381469727
2015-07-09,18.006378173828125,20.395000457763672
2015-07-10,18.293315887451172,20.719999313354492
2015-07-13,18.57141876220703,21.03499984741211
2015-07-14,18.642051696777344,21.114999771118164
2015-07-15,18.646467208862305,21.1200008392334
2015-07-16,18.88484001159668,21.389999389648438
2015-07-17,19.176197052001953,21.719999313354492
2015-07-20,19.277725219726562,21.834999084472656
2015-07-21,19.14971160888672,21.690000534057617
2015-07-22,18.840702056884766,21.34000015258789
2015-07-23,18.80097198486328,21.295000076293945
2015-07-24,18.699440002441406,21.18000030517578
2015-07-27,18.53169059753418,20.989999771118164
2015-07-28,18.699440002441406,21.18000030517578
2015-07-29,18.823040008544922,21.31999969482422
2015-07-30,18.858356475830078,21.360000610351562
2015-07-31,18.79655647277832,21.290000915527344
2015-08-03,18.695024490356445,21.174999237060547
2015-08-04,18.584659576416016,21.049999237060547
2015-08-05,18.765655517578125,21.2549991607666
2015-08-06,18.580251693725586,21.045000076293945
2015-08-07,18.593490600585938,21.059999465942383
2015-08-10,18.88484001159668,21.389999389648438
2015-08-11,18.60231590270996,21.06999969482422
2015-08-12,18.686203002929688,21.165000915527344
2015-08-13,18.633224487304688,21.104999542236328
2015-08-14,18.725921630859375,21.209999084472656
2015-08-17,18.83186912536621,21.329999923706055
2015-08-18,18.734752655029297,21.219999313354492
2015-08-19,18.61115074157715,21.079999923706055
2015-08-20,18.15646743774414,20.565000534057617
2015-08-21,17.463411331176758,19.780000686645508
2015-08-24,16.774757385253906,19.0
2015-08-25,16.6423282623291,18.850000381469727
2015-08-26,17.481060028076172,19.799999237060547
2015-08-27,17.887191772460938,20.260000228881836
2015-08-28,17.922502517700195,20.299999237060547
2015-08-31,17.759166717529297,20.114999771118164
2015-09-01,17.1897029876709,19.469999313354492
2015-09-02,17.60466766357422,19.940000534057617
2015-09-03,17.617916107177734,19.954999923706055
2015-09-04,17.348628997802734,19.649999618530273
2015-09-08,17.834218978881836,20.200000762939453
2015-09-09,17.600248336791992,19.934999465942383
2015-09-10,17.77682876586914,20.135000228881836
2015-09-11,17.860706329345703,20.229999542236328
2015-09-14,17.816556930541992,20.18000030517578
2015-09-15,18.046112060546875,20.440000534057617
2015-09-16,18.121152877807617,20.524999618530273
2015-09-17,17.997560501098633,20.385000228881836
2015-09-18,17.763856887817383,20.030000686645508
2015-09-21,17.94123649597168,20.229999542236328
2015-09-22,17.63969612121582,19.889999389648438
2015-09-23,17.684043884277344,19.940000534057617
2015-09-24,17.684043884277344,19.940000534057617
2015-09-25,17.65300750732422,19.905000686645508
2015-09-28,17.24947738647461,19.450000762939453
2015-09-29,17.174095153808594,19.364999771118164
2015-09-30,17.515539169311523,19.75
2015-10-01,17.524412155151367,19.760000228881836
2015-10-02,17.77273178100586,20.040000915527344
2015-10-05,18.123043060302734,20.434999465942383
2015-10-06,18.145212173461914,20.459999084472656
2015-10-07,18.229461669921875,20.55500030517578
2015-10-08,18.31371307373047,20.649999618530273
2015-10-09,18.39353370666504,20.739999771118164
2015-10-12,18.415700912475586,20.764999389648438
2015-10-13,18.375795364379883,20.719999313354492
2015-10-14,18.340320587158203,20.68000030517578
2015-10-15,18.575336456298828,20.94499969482422
2015-10-16,18.610809326171875,20.985000610351562
2015-10-19,18.681758880615234,21.065000534057617
2015-10-20,18.632986068725586,21.010000228881836
2015-10-21,18.491092681884766,20.850000381469727
2015-10-22,18.90791130065918,21.31999969482422
2015-10-23,19.435590744018555,21.915000915527344
2015-10-26,19.36021614074707,21.829999923706055
2015-10-27,19.24935531616211,21.704999923706055
2015-10-28,19.537588119506836,22.030000686645508
2015-10-29,19.484371185302734,21.969999313354492
2015-10-30,19.35578155517578,21.825000762939453
2015-11-02,19.528722763061523,22.020000457763672
2015-11-03,19.630706787109375,22.135000228881836
2015-11-04,19.65287208557129,22.15999984741211
2015-11-05,19.595230102539062,22.094999313354492
2015-11-06,19.6617431640625,22.170000076293945
2015-11-09,19.4710636138916,21.954999923706055
2015-11-10,19.342472076416016,21.809999465942383
2015-11-11,19.333602905273438,21.799999237060547
2015-11-12,19.16510009765625,21.610000610351562
2015-11-13,18.788188934326172,21.184999465942383
2015-11-16,19.0764217376709,21.510000228881836
2015-11-17,19.080852508544922,21.514999389648438
2015-11-18,19.369077682495117,21.84000015258789
2015-11-19,19.457778930664062,21.940000534057617
2015-11-20,19.59966278076172,22.100000381469727
2015-11-23,19.484371185302734,21.969999313354492
2015-11-24,19.488805770874023,21.975000381469727
2015-11-25,19.42673110961914,21.905000686645508
2015-11-27,19.4710636138916,21.954999923706055
2015-11-30,19.49325180053711,21.979999542236328
2015-12-01,19.666181564331055,22.174999237060547
2015-12-02,19.542022705078125,22.03499984741211
2015-12-03,19.289264678955078,21.75
2015-12-04,19.763734817504883,22.28499984741211
2015-12-07,19.666181564331055,22.174999237060547
2015-12-08,19.617403030395508,22.1200008392334
2015-12-09,19.32917594909668,21.795000076293945
2015-12-10,19.38237953186035,21.854999542236328
2015-12-11,18.978862762451172,21.399999618530273
2015-12-14,19.12519073486328,21.565000534057617
2015-12-15,19.209447860717773,21.65999984741211
2015-12-16,19.4710636138916,21.954999923706055
2015-12-17,19.16510009765625,21.610000610351562
2015-12-18,18.79342269897461,21.084999084472656
2015-12-21,18.985057830810547,21.299999237060547
2015-12-22,19.123212814331055,21.454999923706055
2015-12-23,19.283649444580078,21.635000228881836
2015-12-24,19.274734497070312,21.625
2015-12-28,19.261362075805664,21.610000610351562
2015-12-29,19.524307250976562,21.905000686645508
2015-12-30,19.359413146972656,21.719999313354492
2015-12-31,19.08756446838379,21.415000915527344
2016-01-04,18.83799171447754,21.135000228881836
2016-01-05,18.788965225219727,21.079999923706055
2016-01-06,18.55722427368164,20.81999969482422
2016-01-07,18.00905990600586,20.204999923706055
2016-01-08,17.866453170776367,20.045000076293945
2016-01-11,17.982324600219727,20.174999237060547
2016-01-12,18.196243286132812,20.415000915527344
2016-01-13,17.70602035522461,19.864999771118164
2016-01-14,18.040258407592773,20.239999771118164
2016-01-15,17.53221321105957,19.670000076293945
2016-01-19,17.55004119873047,19.690000534057617
2016-01-20,17.41187858581543,19.53499984741211
2016-01-21,17.50992774963379,19.645000457763672
2016-01-22,17.995695114135742,20.190000534057617
2016-01-25,17.78624153137207,19.954999923706055
2016-01-26,17.960046768188477,20.149999618530273
2016-01-27,17.590145111083984,19.735000610351562
2016-01-28,17.817428588867188,19.989999771118164
2016-01-29,18.37896156311035,20.6200008392334
2016-02-01,18.445804595947266,20.69499969482422
2016-02-02,18.11602020263672,20.325000762939453
2016-02-03,18.093738555908203,20.299999237060547
2016-02-04,18.11156463623047,20.31999969482422
2016-02-05,17.603513717651367,19.75
2016-02-08,17.349489212036133,19.46500015258789
2016-02-09,17.269271850585938,19.375
2016-02-10,17.29601287841797,19.405000686645508
2016-02-11,17.26035499572754,19.364999771118164
2016-02-12,17.501014709472656,19.635000228881836
2016-02-16,17.812971115112305,19.985000610351562
2016-02-17,18.17841339111328,20.395000457763672
2016-02-18,18.107112884521484,20.315000534057617
2016-02-19,18.1204833984375,20.329999923706055
2016-02-22,18.36113166809082,20.600000381469727
2016-02-23,18.071456909179688,20.274999618530273
2016-02-24,18.20960807800293,20.43000030517578
2016-02-25,18.4368953704834,20.684999465942383
2016-02-26,18.387874603271484,20.6299991607666
2016-02-29,18.258636474609375,20.485000610351562
2016-03-01,18.802337646484375,21.094999313354492
2016-03-02,18.85582160949707,21.155000686645508
2016-03-03,18.85582160949707,21.155000686645508
2016-03-04,18.90483283996582,21.209999084472656
2016-03-07,18.788965225219727,21.079999923706055
2016-03-08,18.673097610473633,20.950000762939453
2016-03-09,18.833532333374023,21.1299991607666
2016-03-10,18.815704345703125,21.110000610351562
2016-03-11,19.10538673400879,21.434999465942383
2016-03-14,19.127666473388672,21.459999084472656
2016-03-15,19.198974609375,21.540000915527344
2016-03-16,19.421798706054688,21.790000915527344
2016-03-17,19.493101119995117,21.8700008392334
2016-03-18,19.52446937561035,21.795000076293945
2016-03-21,19.591650009155273,21.8700008392334
2016-03-22,19.596126556396484,21.875
2016-03-23,19.48414421081543,21.75
2016-03-24,19.537899017333984,21.809999465942383
2016-03-28,19.488630294799805,21.7549991607666
2016-03-29,19.79320526123047,22.094999313354492
2016-03-30,19.90966796875,22.225000381469727
2016-03-31,19.869348526000977,22.18000030517578
2016-04-01,20.021644592285156,22.350000381469727
2016-04-04,19.945497512817383,22.264999389648438
2016-04-05,19.752899169921875,22.049999237060547
2016-04-06,19.945497512817383,22.264999389648438
2016-04-07,19.65884017944336,21.94499969482422
2016-04-08,19.65884017944336,21.94499969482422
2016-04-11,19.60508918762207,21.885000228881836
2016-04-12,19.739458084106445,22.03499984741211
2016-04-13,19.941022872924805,22.260000228881836
2016-04-14,19.936538696289062,22.2549991607666
2016-04-15,19.860393524169922,22.170000076293945
2016-04-18,19.945497512817383,22.264999389648438
2016-04-19,19.833520889282227,22.139999389648438
2016-04-20,19.87383270263672,22.184999465942383
2016-04-21,19.802162170410156,22.104999542236328
2016-04-22,19.457279205322266,21.719999313354492
2016-04-25,19.461753845214844,21.725000381469727
2016-04-26,19.367691040039062,21.6200008392334
2016-04-27,19.278106689453125,21.520000457763672
2016-04-28,19.036237716674805,21.25
2016-04-29,18.87051010131836,21.065000534057617
2016-05-02,19.009363174438477,21.219999313354492
2016-05-03,18.83467674255371,21.024999618530273
2016-05-04,18.776447296142578,20.959999084472656
2016-05-05,18.785404205322266,20.969999313354492
2016-05-06,18.92426300048828,21.125
2016-05-09,18.92426300048828,21.125
2016-05-10,19.170608520507812,21.399999618530273
2016-05-11,19.031757354736328,21.2450008392334
2016-05-12,18.97800636291504,21.184999465942383
2016-05-13,18.906339645385742,21.104999542236328
2016-05-16,19.170608520507812,21.399999618530273
2016-05-17,18.97800636291504,21.184999465942383
2016-05-18,19.01384735107422,21.225000381469727
2016-05-19,18.910825729370117,21.110000610351562
2016-05-20,19.139259338378906,21.364999771118164
2016-05-23,19.10342788696289,21.325000762939453
2016-05-24,19.461753845214844,21.725000381469727
2016-05-25,19.596126556396484,21.875
2016-05-26,19.65884017944336,21.94499969482422
2016-05-27,19.752899169921875,22.049999237060547
2016-05-31,19.79320526123047,22.094999313354492
2016-06-01,19.74393653869629,22.040000915527344
2016-06-02,19.726024627685547,22.020000457763672
2016-06-03,19.68122673034668,21.969999313354492
2016-06-06,19.717069625854492,22.010000228881836
2016-06-07,19.797685623168945,22.100000381469727
2016-06-08,19.837997436523438,22.145000457763672
2016-06-09,19.842477798461914,22.149999618530273
2016-06-10,19.690189361572266,21.979999542236328
2016-06-13,19.47071647644043,21.735000610351562
2016-06-14,19.515501022338867,21.78499984741211
2016-06-15,19.46623420715332,21.729999542236328
2016-06-16,19.506542205810547,21.774999618530273
2016-06-17,19.37646484375,21.524999618530273
2016-06-20,19.457481384277344,21.614999771118164
2016-06-21,19.592512130737305,21.764999389648438
2016-06-22,19.524993896484375,21.690000534057617
2016-06-23,19.790550231933594,21.985000610351562
2016-06-24,19.029895782470703,21.139999389648438
2016-06-27,18.64731788635254,20.71500015258789
2016-06-28,19.01639747619629,21.125
2016-06-29,19.308958053588867,21.450000762939453
2016-06-30,19.52049446105957,21.684999465942383
2016-07-01,19.565515518188477,21.735000610351562
2016-07-05,19.42148208618164,21.575000762939453
2016-07-06,19.556507110595703,21.725000381469727
2016-07-07,19.556507110595703,21.725000381469727
2016-07-08,19.862571716308594,22.065000534057617
2016-07-11,19.979589462280273,22.19499969482422
2016-07-12,20.141632080078125,22.375
2016-07-13,20.146121978759766,22.3799991607666
2016-07-14,20.27664566040039,22.524999618530273
2016-07-15,20.258649826049805,22.5049991607666
2016-07-18,20.3936824798584,22.655000686645508
2016-07-19,20.348670959472656,22.604999542236328
2016-07-20,20.614219665527344,22.899999618530273
2016-07-21,20.506202697753906,22.780000686645508
2016-07-22,20.627729415893555,22.915000915527344
2016-07-25,20.6007137298584,22.885000228881836
2016-07-26,20.64572525024414,22.934999465942383
2016-07-27,20.81676483154297,23.125
2016-07-28,20.830265045166016,23.139999389648438
2016-07-29,20.906784057617188,23.225000381469727
2016-08-01,20.947284698486328,23.270000457763672
2016-08-02,20.789751052856445,23.094999313354492
2016-08-03,20.86176872253418,23.174999237060547
2016-08-04,20.974294662475586,23.299999237060547
2016-08-05,21.176836013793945,23.524999618530273
2016-08-08,21.17233657836914,23.520000457763672
2016-08-09,21.217350006103516,23.56999969482422
2016-08-10,21.149837493896484,23.4950008392334
2016-08-11,21.226346969604492,23.579999923706055
2016-08-12,21.203840255737305,23.55500030517578
2016-08-15,21.307361602783203,23.670000076293945
2016-08-16,21.149837493896484,23.4950008392334
2016-08-17,21.140827178955078,23.485000610351562
2016-08-18,21.149837493896484,23.4950008392334
2016-08-19,21.16333770751953,23.510000228881836
2016-08-22,21.16333770751953,23.510000228881836
2016-08-23,21.23984718322754,23.594999313354492
2016-08-24,21.122831344604492,23.46500015258789
2016-08-25,21.167837142944336,23.514999389648438
2016-08-26,21.176836013793945,23.524999618530273
2016-08-29,21.257856369018555,23.614999771118164
2016-08-30,21.185848236083984,23.53499984741211
2016-08-31,21.149837493896484,23.4950008392334
2016-09-01,21.217350006103516,23.56999969482422
2016-09-02,21.31186294555664,23.674999237060547
2016-09-06,21.419893264770508,23.795000076293945
2016-09-07,21.473901748657227,23.854999542236328
2016-09-08,21.298355102539062,23.65999984741211
2016-09-09,20.776248931884766,23.079999923706055
2016-09-12,21.122831344604492,23.46500015258789
2016-09-13,20.969797134399414,23.295000076293945
2016-09-14,21.068824768066406,23.405000686645508
2016-09-15,21.415390014648438,23.790000915527344
2016-09-16,21.33674430847168,23.604999542236328
2016-09-19,21.29606819152832,23.559999465942383
2016-09-20,21.282503128051758,23.545000076293945
2016-09-21,21.522050857543945,23.809999465942383
2016-09-22,21.653112411499023,23.954999923706055
2016-09-23,21.46329689025879,23.7450008392334
2016-09-26,21.33674430847168,23.604999542236328
2016-09-27,21.571760177612305,23.864999771118164
2016-09-28,21.61244010925293,23.90999984741211
2016-09-29,21.481369018554688,23.764999389648438
2016-09-30,21.594362258911133,23.889999389648438
2016-10-03,21.531082153320312,23.81999969482422
2016-10-04,21.45425796508789,23.735000610351562
2016-10-05,21.531082153320312,23.81999969482422
2016-10-06,21.580801010131836,23.875
2016-10-07,21.522050857543945,23.809999465942383
2016-10-10,21.67119026184082,23.975000381469727
2016-10-11,21.427135467529297,23.704999923706055
2016-10-12,21.46329689025879,23.7450008392334
2016-10-13,21.32770347595215,23.594999313354492
2016-10-14,21.4090633392334,23.684999465942383
2016-10-17,21.363861083984375,23.635000228881836
2016-10-18,21.481369018554688,23.764999389648438
2016-10-19,21.522050857543945,23.809999465942383
2016-10-20,21.42261505126953,23.700000762939453
2016-10-21,21.481369018554688,23.764999389648438
2016-10-24,21.689271926879883,23.9950008392334
2016-10-25,21.61244010925293,23.90999984741211
2016-10-26,21.490406036376953,23.774999618530273
2016-10-27,21.46329689025879,23.7450008392334
2016-10-28,21.440692901611328,23.719999313354492
2016-10-31,21.431657791137695,23.709999084472656
2016-11-01,21.24635887145996,23.5049991607666
2016-11-02,21.110767364501953,23.354999542236328
2016-11-03,20.907386779785156,23.1299991607666
2016-11-04,20.871232986450195,23.09000015258789
2016-11-07,21.323190689086914,23.59000015258789
2016-11-08,21.427135467529297,23.704999923706055
2016-11-09,21.40001678466797,23.674999237060547
2016-11-10,21.056535720825195,23.295000076293945
2016-11-11,21.11980628967285,23.364999771118164
2016-11-14,20.798921585083008,23.010000228881836
2016-11-15,21.092695236206055,23.334999084472656
2016-11-16,21.287031173706055,23.549999237060547
2016-11-17,21.42261505126953,23.700000762939453
2016-11-18,21.4045352935791,23.68000030517578
2016-11-21,21.621477127075195,23.920000076293945
2016-11-22,21.689271926879883,23.9950008392334
2016-11-23,21.603395462036133,23.899999618530273
2016-11-25,21.693790435791016,24.0
2016-11-28,21.711868286132812,24.020000457763672
2016-11-29,21.72542953491211,24.03499984741211
2016-11-30,21.46781349182129,23.75
2016-12-01,21.0248966217041,23.260000228881836
2016-12-02,21.101728439331055,23.344999313354492
2016-12-05,21.30511474609375,23.56999969482422
2016-12-06,21.368385314941406,23.639999389648438
2016-12-07,21.775142669677734,24.09000015258789
2016-12-08,21.829376220703125,24.149999618530273
2016-12-09,21.987565994262695,24.325000762939453
2016-12-12,21.91976547241211,24.25
2016-12-13,22.19546127319336,24.55500030517578
2016-12-14,22.118635177612305,24.469999313354492
2016-12-15,22.218061447143555,24.579999923706055
2016-12-16,22.05735969543457,24.295000076293945
2016-12-19,22.216238021850586,24.469999313354492
2016-12-20,22.297956466674805,24.559999465942383
2016-12-21,22.2525577545166,24.510000228881836
2016-12-22,22.207162857055664,24.459999084472656
2016-12-23,22.229856491088867,24.485000610351562
2016-12-27,22.320648193359375,24.584999084472656
2016-12-28,22.120912551879883,24.364999771118164
2016-12-29,22.125446319580078,24.3700008392334
2016-12-30,21.95294952392578,24.18000030517578
2017-01-03,22.148155212402344,24.395000457763672
2017-01-04,22.225318908691406,24.479999542236328
2017-01-05,22.26163101196289,24.520000457763672
2017-01-06,22.425060272216797,24.700000762939453
2017-01-09,22.420516967773438,24.69499969482422
2017-01-10,22.425060272216797,24.700000762939453
2017-01-11,22.52947425842285,24.815000534057617
2017-01-12,22.474990844726562,24.7549991607666
2017-01-13,22.543081283569336,24.829999923706055
2017-01-17,22.45683479309082,24.735000610351562
2017-01-18,22.515846252441406,24.799999237060547
2017-01-19,22.48407745361328,24.764999389648438
2017-01-20,22.606632232666016,24.899999618530273
2017-01-23,22.64748764038086,24.94499969482422
2017-01-24,22.78821563720703,25.100000381469727
2017-01-25,23.00611114501953,25.34000015258789
2017-01-26,22.94255256652832,25.270000457763672
2017-01-27,23.033348083496094,25.3700008392334
2017-01-30,22.847230911254883,25.165000915527344
2017-01-31,22.733739852905273,25.040000915527344
2017-02-01,22.9062442779541,25.229999542236328
2017-02-02,22.8608455657959,25.18000030517578
2017-02-03,23.01064682006836,25.344999313354492
2017-02-06,23.024269104003906,25.360000610351562
2017-02-07,23.11505699157715,25.459999084472656
2017-02-08,23.15591049194336,25.5049991607666
2017-02-09,23.22854232788086,25.584999084472656
2017-02-10,23.29664421081543,25.65999984741211
2017-02-13,23.40104866027832,25.774999618530273
2017-02-14,23.47821617126465,25.860000610351562
2017-02-15,23.555389404296875,25.94499969482422
2017-02-16,23.609859466552734,26.0049991607666
2017-02-17,23.69157600402832,26.094999313354492
2017-02-21,23.81414222717285,26.229999542236328
2017-02-22,23.84137725830078,26.260000228881836
2017-02-23,23.836841583251953,26.2549991607666
2017-02-24,23.891311645507812,26.315000534057617
2017-02-27,23.87769317626953,26.299999237060547
2017-02-28,23.76420783996582,26.174999237060547
2017-03-01,24.100130081176758,26.545000076293945
2017-03-02,23.94124412536621,26.3700008392334
2017-03-03,23.99571990966797,26.43000030517578
2017-03-06,23.95940399169922,26.389999389648438
2017-03-07,23.95940399169922,26.389999389648438
2017-03-08,23.98664093017578,26.420000076293945
2017-03-09,23.98210334777832,26.415000915527344
2017-03-10,24.109207153320312,26.55500030517578
2017-03-13,24.13190269470215,26.579999923706055
2017-03-14,24.077434539794922,26.520000457763672
2017-03-15,24.240846633911133,26.700000762939453
2017-03-16,24.25446891784668,26.71500015258789
2017-03-17,24.306875228881836,26.670000076293945
2017-03-20,24.32966423034668,26.69499969482422
2017-03-21,23.974214553833008,26.30500030517578
2017-03-22,24.12459945678711,26.469999313354492
2017-03-23,24.060792922973633,26.399999618530273
2017-03-24,24.079021453857422,26.420000076293945
2017-03-27,24.079021453857422,26.420000076293945
2017-03-28,24.2521915435791,26.610000610351562
2017-03-29,24.29320526123047,26.655000686645508
2017-03-30,24.338773727416992,26.704999923706055
2017-03-31,24.29320526123047,26.655000686645508
2017-04-03,24.27042007446289,26.6299991607666
2017-04-04,24.28864097595215,26.649999618530273
2017-04-05,24.188398361206055,26.540000915527344
2017-04-06,24.19294548034668,26.545000076293945
2017-04-07,24.179285049438477,26.530000686645508
2017-04-10,24.133708953857422,26.479999542236328
2017-04-11,24.042570114135742,26.3799991607666
2017-04-12,23.960546493530273,26.290000915527344
2017-04-13,23.864850997924805,26.184999465942383
2017-04-17,24.083587646484375,26.424999237060547
2017-04-18,24.079021453857422,26.420000076293945
2017-04-19,24.060792922973633,26.399999618530273
2017-04-20,24.2795352935791,26.639999389648438
2017-04-21,24.229406356811523,26.584999084472656
2017-04-24,24.516496658325195,26.899999618530273
2017-04-25,24.644094467163086,27.040000915527344
2017-04-26,24.616748809814453,27.010000228881836
2017-04-27,24.717008590698242,27.1200008392334
2017-04-28,24.78079605102539,27.190000534057617
2017-05-01,24.96763801574707,27.395000457763672
2017-05-02,25.022314071655273,27.454999923706055
2017-05-03,24.976747512817383,27.405000686645508
2017-05-04,24.958515167236328,27.385000228881836
2017-05-05,25.049659729003906,27.485000610351562
2017-05-08,25.159032821655273,27.604999542236328
2017-05-09,25.19092559814453,27.639999389648438
2017-05-10,25.286623001098633,27.7450008392334
2017-05-11,25.25472068786621,27.709999084472656
2017-05-12,25.318523406982422,27.780000686645508
2017-05-15,25.459789276123047,27.934999465942383
2017-05-16,25.578269958496094,28.065000534057617
2017-05-17,24.881057739257812,27.299999237060547
2017-05-18,25.02687644958496,27.459999084472656
2017-05-19,25.172697067260742,27.6200008392334
2017-05-22,25.373205184936523,27.84000015258789
2017-05-23,25.418779373168945,27.889999389648438
2017-05-24,25.523588180541992,28.0049991607666
2017-05-25,25.705869674682617,28.204999923706055
2017-05-26,25.69219398498535,28.190000534057617
2017-05-30,25.801565170288086,28.309999465942383
2017-05-31,25.76054573059082,28.264999389648438
2017-06-01,25.8243408203125,28.334999084472656
2017-06-02,26.061311721801758,28.594999313354492
2017-06-05,26.084096908569336,28.6200008392334
2017-06-06,26.033967971801758,28.565000534057617
2017-06-07,26.115991592407227,28.655000686645508
2017-06-08,26.175233840942383,28.719999313354492
2017-06-09,25.528139114379883,28.010000228881836
2017-06-12,25.377763748168945,27.844999313354492
2017-06-13,25.560047149658203,28.045000076293945
2017-06-14,25.437002182006836,27.90999984741211
2017-06-15,25.32308006286621,27.78499984741211
2017-06-16,25.27869415283203,27.625
2017-06-19,25.65387725830078,28.03499984741211
2017-06-20,25.447980880737305,27.809999465942383
2017-06-21,25.589818954467773,27.96500015258789
2017-06-22,25.59897232055664,27.975000381469727
2017-06-23,25.759105682373047,28.149999618530273
2017-06-26,25.62184715270996,28.0
2017-06-27,25.20091438293457,27.540000915527344
2017-06-28,25.51661491394043,27.885000228881836
2017-06-29,25.059085845947266,27.385000228881836
2017-06-30,25.03620719909668,27.360000610351562
2017-07-03,24.862348556518555,27.170000076293945
2017-07-05,25.10941505432129,27.440000534057617
2017-07-06,24.88064193725586,27.190000534057617
2017-07-07,25.16889190673828,27.5049991607666
2017-07-10,25.351900100708008,27.704999923706055
2017-07-11,25.406808853149414,27.764999389648438
2017-07-12,25.736228942871094,28.125
2017-07-13,25.786558151245117,28.18000030517578
2017-07-14,26.015323638916016,28.43000030517578
2017-07-17,26.019899368286133,28.434999465942383
2017-07-18,26.13886260986328,28.565000534057617
2017-07-19,26.271547317504883,28.709999084472656
2017-07-20,26.32645034790039,28.770000457763672
2017-07-21,26.294422149658203,28.735000610351562
2017-07-24,26.358476638793945,28.80500030517578
2017-07-25,26.30814552307129,28.75
2017-07-26,26.40880584716797,28.860000610351562
2017-07-27,26.30814552307129,28.75
2017-07-28,26.28069496154785,28.719999313354492
2017-07-31,26.152585983276367,28.579999923706055
2017-08-01,26.2852725982666,28.725000381469727
2017-08-02,26.358476638793945,28.80500030517578
2017-08-03,26.29899787902832,28.739999771118164
2017-08-04,26.358476638793945,28.80500030517578
2017-08-07,26.518613815307617,28.979999542236328
2017-08-08,26.48201560974121,28.940000534057617
2017-08-09,26.468286514282227,28.924999237060547
2017-08-10,25.946699142456055,28.354999542236328
2017-08-11,26.12512969970703,28.549999237060547
2017-08-14,26.541492462158203,29.0049991607666
2017-08-15,26.582664489746094,29.049999237060547
2017-08-16,26.660449981689453,29.135000228881836
2017-08-17,26.13886260986328,28.565000534057617
2017-08-18,26.111408233642578,28.53499984741211
2017-08-21,26.102252960205078,28.524999618530273
2017-08-22,26.49116325378418,28.950000762939453
2017-08-23,26.42711067199707,28.8799991607666
2017-08-24,26.40423583984375,28.854999542236328
2017-08-25,26.399654388427734,28.850000381469727
2017-08-28,26.449987411499023,28.905000686645508
2017-08-29,26.56436538696289,29.030000686645508
2017-08-30,26.75653076171875,29.239999771118164
2017-08-31,26.916664123535156,29.415000915527344
2017-09-01,26.8937931060791,29.389999389648438
2017-09-05,26.655872344970703,29.1299991607666
2017-09-06,26.67875099182129,29.155000686645508
2017-09-07,26.770263671875,29.2549991607666
2017-09-08,26.550640106201172,29.014999389648438
2017-09-11,26.92582130432129,29.424999237060547
2017-09-12,26.989871978759766,29.4950008392334
2017-09-13,26.953275680541992,29.454999923706055
2017-09-14,26.861764907836914,29.354999542236328
2017-09-15,26.971508026123047,29.3700008392334
2017-09-18,26.994461059570312,29.395000457763672
2017-09-19,27.11385154724121,29.524999618530273
2017-09-20,27.003644943237305,29.405000686645508
2017-09-21,26.856714248657227,29.2450008392334
2017-09-22,26.870485305786133,29.260000228881836
2017-09-25,26.553661346435547,28.915000915527344
2017-09-26,26.65009117126465,29.020000457763672
2017-09-27,26.920997619628906,29.315000534057617
2017-09-28,26.953140258789062,29.350000381469727
2017-09-29,27.136802673339844,29.549999237060547
2017-10-02,27.178131103515625,29.594999313354492
2017-10-03,27.24241065979004,29.665000915527344
2017-10-04,27.22404670715332,29.645000457763672
2017-10-05,27.48577117919922,29.93000030517578
2017-10-06,27.527097702026367,29.975000381469727
2017-10-09,27.59597396850586,30.049999237060547
2017-10-10,27.623523712158203,30.079999923706055
2017-10-11,27.715356826782227,30.18000030517578
2017-10-12,27.646482467651367,30.104999542236328
2017-10-13,27.77963638305664,30.25
2017-10-16,27.880659103393555,30.360000610351562
2017-10-17,27.880659103393555,30.360000610351562
2017-10-18,27.94953155517578,30.434999465942383
2017-10-19,27.866884231567383,30.344999313354492
2017-10-20,28.055137634277344,30.549999237060547
2017-10-23,27.921977996826172,30.405000686645508
2017-10-24,28.000041961669922,30.489999771118164
2017-10-25,27.8485164642334,30.325000762939453
2017-10-26,27.96331214904785,30.450000762939453
2017-10-27,28.716341018676758,31.270000457763672
2017-10-30,28.780628204345703,31.34000015258789
2017-10-31,28.90460777282715,31.475000381469727
2017-11-01,28.909194946289062,31.479999542236328
2017-11-02,28.922971725463867,31.4950008392334
2017-11-03,29.152555465698242,31.7450008392334
2017-11-06,29.21683120727539,31.815000534057617
2017-11-07,29.23061180114746,31.829999923706055
2017-11-08,29.391311645507812,32.005001068115234
2017-11-09,29.157140731811523,31.75
2017-11-10,29.157140731811523,31.75
2017-11-13,29.14795684814453,31.739999771118164
2017-11-14,29.088266372680664,31.674999237060547
2017-11-15,28.872453689575195,31.440000534057617
2017-11-16,29.27652931213379,31.8799991607666
2017-11-17,29.088266372680664,31.674999237060547
2017-11-20,29.198469161987305,31.795000076293945
2017-11-21,29.5061092376709,32.130001068115234
2017-11-22,29.451004028320312,32.06999969482422
2017-11-24,29.616310119628906,32.25
2017-11-27,29.616310119628906,32.25
2017-11-28,29.71273422241211,32.35499954223633
2017-11-29,29.056123733520508,31.639999389648438
2017-11-30,29.313264846801758,31.920000076293945
2017-12-01,29.161731719970703,31.7549991607666
2017-12-04,28.693382263183594,31.2450008392334
2017-12-05,28.702564239501953,31.2549991607666
2017-12-06,28.886234283447266,31.454999923706055
2017-12-07,29.0653076171875,31.649999618530273
2017-12-08,29.203062057495117,31.799999237060547
2017-12-11,29.45560073852539,32.07500076293945
2017-12-12,29.4464168548584,32.064998626708984
2017-12-13,29.45560073852539,32.07500076293945
2017-12-14,29.418867111206055,32.03499984741211
2017-12-15,29.754383087158203,32.279998779296875
2017-12-18,30.017091751098633,32.564998626708984
2017-12-19,29.832740783691406,32.3650016784668
2017-12-20,29.823522567749023,32.35499954223633
2017-12-21,29.763607025146484,32.290000915527344
2017-12-22,29.745174407958984,32.27000045776367
2017-12-26,29.546995162963867,32.05500030517578
2017-12-27,29.579254150390625,32.09000015258789
2017-12-28,29.629953384399414,32.14500045776367
2017-12-29,29.47325325012207,31.975000381469727
2018-01-02,29.837350845336914,32.369998931884766
2018-01-03,30.08621597290039,32.63999938964844
2018-01-04,30.23831558227539,32.80500030517578
2018-01-05,30.556320190429688,33.150001525878906
2018-01-08,30.671537399291992,33.275001525878906
2018-01-09,30.593196868896484,33.189998626708984
2018-01-10,30.487186431884766,33.07500076293945
2018-01-11,30.611623764038086,33.209999084472656
2018-01-12,30.791364669799805,33.404998779296875
2018-01-16,30.671537399291992,33.275001525878906
2018-01-17,31.13241958618164,33.775001525878906
2018-01-18,31.187728881835938,33.834999084472656
2018-01-19,31.247636795043945,33.900001525878906
2018-01-22,31.55181884765625,34.22999954223633
2018-01-23,31.690082550048828,34.380001068115234
2018-01-24,31.445816040039062,34.1150016784668
2018-01-25,31.390514373779297,34.05500030517578
2018-01-26,31.888269424438477,34.595001220703125
2018-01-29,31.597902297973633,34.279998779296875
2018-01-30,31.312164306640625,33.970001220703125
2018-01-31,31.547216415405273,34.224998474121094
2018-02-01,31.57487678527832,34.255001068115234
2018-02-02,30.639278411865234,33.2400016784668
2018-02-05,29.3580322265625,31.850000381469727
2018-02-06,30.201444625854492,32.76499938964844
2018-02-07,29.814302444458008,32.345001220703125
2018-02-08,28.579145431518555,31.0049991607666
2018-02-09,29.279682159423828,31.764999389648438
2018-02-12,29.805082321166992,32.334999084472656
2018-02-13,29.878820419311523,32.415000915527344
2018-02-14,30.42726707458496,33.0099983215332
2018-02-15,31.007980346679688,33.63999938964844
2018-02-16,30.961891174316406,33.59000015258789
2018-02-20,30.98954200744629,33.619998931884766
2018-02-21,30.791364669799805,33.404998779296875
2018-02-22,30.828245162963867,33.44499969482422
2018-02-23,31.47347068786621,34.14500045776367
2018-02-26,31.966604232788086,34.68000030517578
2018-02-27,31.64398765563965,34.33000183105469
2018-02-28,31.418167114257812,34.084999084472656
2018-03-01,30.89736557006836,33.52000045776367
2018-03-02,31.192333221435547,33.84000015258789
2018-03-05,31.510330200195312,34.185001373291016
2018-03-06,31.579463958740234,34.2599983215332
2018-03-07,31.75460433959961,34.45000076293945
2018-03-08,31.892866134643555,34.599998474121094
2018-03-09,32.49662780761719,35.255001068115234
2018-03-12,32.5980224609375,35.3650016784668
2018-03-13,32.22469711303711,34.959999084472656
2018-03-14,32.197044372558594,34.93000030517578
2018-03-15,32.21548843383789,34.95000076293945
2018-03-16,32.182193756103516,34.80500030517578
2018-03-19,31.544198989868164,34.1150016784668
2018-03-20,31.53032684326172,34.099998474121094
2018-03-21,31.340774536132812,33.89500045776367
2018-03-22,30.53171157836914,33.02000045776367
2018-03-23,29.71802520751953,32.13999938964844
2018-03-26,30.846084594726562,33.36000061035156
2018-03-27,29.85672378540039,32.290000915527344
2018-03-28,29.65792465209961,32.07500076293945
2018-03-29,30.245073318481445,32.709999084472656
2018-04-02,29.52385139465332,31.93000030517578
2018-04-03,29.815113067626953,32.244998931884766
2018-04-04,30.23119354248047,32.69499969482422
2018-04-05,30.356019973754883,32.83000183105469
2018-04-06,29.611692428588867,32.025001525878906
2018-04-09,29.842849731445312,32.275001525878906
2018-04-10,30.577938079833984,33.06999969482422
2018-04-11,30.397640228271484,32.875
2018-04-12,30.762866973876953,33.27000045776367
2018-04-13,30.661157608032227,33.15999984741211
2018-04-16,30.896942138671875,33.415000915527344
2018-04-17,31.47022819519043,34.03499984741211
2018-04-18,31.387014389038086,33.94499969482422
2018-04-19,31.04026222229004,33.56999969482422
2018-04-20,30.61029815673828,33.10499954223633
2018-04-23,30.49934959411621,32.98500061035156
2018-04-24,29.967679977416992,32.40999984741211
2018-04-25,29.97229766845703,32.415000915527344
2018-04-26,30.517837524414062,33.005001068115234
2018-04-27,30.462358474731445,32.94499969482422
2018-04-30,30.26355743408203,32.72999954223633
2018-05-01,30.642667770385742,33.13999938964844
2018-05-02,30.61029815673828,33.10499954223633
2018-05-03,30.67965316772461,33.18000030517578
2018-05-04,31.262174606323242,33.810001373291016
2018-05-07,31.47946548461914,34.04499816894531
2018-05-08,31.548812866210938,34.119998931884766
2018-05-09,31.93716812133789,34.540000915527344
2018-05-10,32.3532600402832,34.9900016784668
2018-05-11,32.307029724121094,34.939998626708984
2018-05-14,32.30242156982422,34.935001373291016
2018-05-15,31.997264862060547,34.60499954223633
2018-05-16,32.14058303833008,34.7599983215332
2018-05-17,31.974149703979492,34.58000183105469
2018-05-18,31.840076446533203,34.435001373291016
2018-05-21,32.11747360229492,34.73500061035156
2018-05-22,32.07123565673828,34.685001373291016
2018-05-23,32.307029724121094,34.939998626708984
2018-05-24,32.27004623413086,34.900001525878906
2018-05-25,32.246925354003906,34.875
2018-05-29,32.07123565673828,34.685001373291016
2018-05-30,32.307029724121094,34.939998626708984
2018-05-31,32.31627655029297,34.95000076293945
2018-06-01,32.866424560546875,35.54499816894531
2018-06-04,33.12995529174805,35.83000183105469
2018-06-05,33.24553680419922,35.95500183105469
2018-06-06,33.46281433105469,36.189998626708984
2018-06-07,33.19468688964844,35.900001525878906
2018-06-08,33.13920593261719,35.84000015258789
2018-06-11,33.17618942260742,35.880001068115234
2018-06-12,33.33799743652344,36.05500030517578
2018-06-13,33.16694259643555,35.869998931884766
2018-06-14,33.402732849121094,36.125
2018-06-15,33.2751350402832,35.86000061035156
2018-06-18,33.312259674072266,35.900001525878906
2018-06-19,33.140602111816406,35.71500015258789
2018-06-20,33.21018981933594,35.790000915527344
2018-06-21,32.95500946044922,35.51499938964844
2018-06-22,32.84830093383789,35.400001525878906
2018-06-25,32.166282653808594,34.665000915527344
2018-06-26,32.29618835449219,34.80500030517578
2018-06-27,31.855422973632812,34.33000183105469
2018-06-28,32.245147705078125,34.75
2018-06-29,32.23122787475586,34.73500061035156
2018-07-02,32.51887893676758,35.04499816894531
2018-07-03,32.1338005065918,34.630001068115234
2018-07-05,32.5884895324707,35.119998931884766
2018-07-06,32.968929290771484,35.529998779296875
2018-07-09,33.21946716308594,35.79999923706055
2018-07-10,33.29833221435547,35.8849983215332
2018-07-11,33.168426513671875,35.744998931884766
2018-07-12,33.692691802978516,36.310001373291016
2018-07-13,33.65557098388672,36.27000045776367
2018-07-16,33.576725006103516,36.185001373291016
2018-07-17,33.8272590637207,36.45500183105469
2018-07-18,33.771568298339844,36.39500045776367
2018-07-19,33.65093994140625,36.26499938964844
2018-07-20,33.66023635864258,36.275001525878906
2018-07-23,33.83189010620117,36.459999084472656
2018-07-24,34.017486572265625,36.65999984741211
2018-07-25,34.44432067871094,37.119998931884766
2018-07-26,33.915401458740234,36.54999923706055
2018-07-27,33.33544921875,35.92499923706055
2018-07-30,32.81582260131836,35.3650016784668
2018-07-31,32.90397644042969,35.459999084472656
2018-08-01,33.20090866088867,35.779998779296875
2018-08-02,33.61846160888672,36.22999954223633
2018-08-03,33.73908996582031,36.36000061035156
2018-08-06,33.920040130615234,36.55500030517578
2018-08-07,34.049949645996094,36.69499969482422
2018-08-08,34.14274215698242,36.79499816894531
2018-08-09,34.15666198730469,36.810001373291016
2018-08-10,33.882904052734375,36.51499938964844
2018-08-13,33.8365364074707,36.46500015258789
2018-08-14,34.045310974121094,36.689998626708984
2018-08-15,33.73908996582031,36.36000061035156
2018-08-16,33.88756561279297,36.52000045776367
2018-08-17,33.938594818115234,36.57500076293945
2018-08-20,33.88756561279297,36.52000045776367
2018-08-21,33.943233489990234,36.58000183105469
2018-08-22,34.045310974121094,36.689998626708984
2018-08-23,34.119544982910156,36.77000045776367
2018-08-24,34.46287155151367,37.13999938964844
2018-08-27,34.77836608886719,37.47999954223633
2018-08-28,34.838687896728516,37.54499816894531
2018-08-29,35.1541748046875,37.8849983215332
2018-08-30,35.047454833984375,37.77000045776367
2018-08-31,35.07529067993164,37.79999923706055
2018-09-04,34.94075012207031,37.654998779296875
2018-09-05,34.504634857177734,37.185001373291016
2018-09-06,34.25408935546875,36.915000915527344
2018-09-07,34.138099670410156,36.790000915527344
2018-09-10,34.244815826416016,36.904998779296875
2018-09-11,34.5371208190918,37.220001220703125
2018-09-12,34.393280029296875,37.064998626708984
2018-09-13,34.79692840576172,37.5
2018-09-14,34.76908493041992,37.470001220703125
2018-09-17,34.332969665527344,37.0
2018-09-18,34.551029205322266,37.23500061035156
2018-09-19,34.46287155151367,37.13999938964844
2018-09-20,34.87117004394531,37.58000183105469
2018-09-21,34.733360290527344,37.30500030517578
2018-09-24,34.90561294555664,37.4900016784668
2018-09-25,34.86370086669922,37.44499969482422
2018-09-26,34.733360290527344,37.30500030517578
2018-09-27,34.93820571899414,37.525001525878906
2018-09-28,35.06853485107422,37.665000915527344
2018-10-01,35.23612976074219,37.845001220703125
2018-10-02,35.240787506103516,37.849998474121094
2018-10-03,35.347862243652344,37.96500015258789
2018-10-04,34.710086822509766,37.279998779296875
2018-10-05,34.27248001098633,36.810001373291016
2018-10-08,33.88608932495117,36.39500045776367
2018-10-09,34.00712966918945,36.525001525878906
2018-10-10,32.35914993286133,34.755001068115234
2018-10-11,31.949481964111328,34.314998626708984
2018-10-12,32.97365188598633,35.415000915527344
2018-10-15,32.43363952636719,34.834999084472656
2018-10-16,33.41123962402344,35.8849983215332
2018-10-17,33.257625579833984,35.720001220703125
2018-10-18,32.60588455200195,35.02000045776367
2018-10-19,32.5919075012207,35.005001068115234
2018-10-22,32.8619270324707,35.29499816894531
2018-10-23,32.736228942871094,35.15999984741211
2018-10-24,31.269794464111328,33.584999084472656
2018-10-25,32.34517288208008,34.7400016784668
2018-10-26,31.698091506958008,34.04499816894531
2018-10-29,31.162738800048828,33.470001220703125
2018-10-30,31.511878967285156,33.845001220703125
2018-10-31,32.26138687133789,34.650001525878906
2018-11-01,32.638458251953125,35.05500030517578
2018-11-02,32.00068283081055,34.369998931884766
2018-11-05,31.968097686767578,34.334999084472656
2018-11-06,32.16827392578125,34.54999923706055
2018-11-07,33.113304138183594,35.564998626708984
2018-11-08,33.085384368896484,35.53499984741211
2018-11-09,32.51277160644531,34.91999816894531
2018-11-12,31.36756134033203,33.689998626708984
2018-11-13,31.40479850769043,33.72999954223633
2018-11-14,31.027719497680664,33.32500076293945
2018-11-15,31.805166244506836,34.15999984741211
2018-11-16,31.75395965576172,34.10499954223633
2018-11-19,30.54357147216797,32.80500030517578
2018-11-20,29.887168884277344,32.099998474121094
2018-11-21,30.105972290039062,32.334999084472656
2018-11-23,29.8313045501709,32.040000915527344
2018-11-26,30.506328582763672,32.76499938964844
2018-11-27,30.566843032836914,32.83000183105469
2018-11-28,31.6375675201416,33.97999954223633
2018-11-29,31.330318450927734,33.650001525878906
2018-11-30,31.628263473510742,33.970001220703125
2018-12-03,32.3265495300293,34.720001220703125
2018-12-04,31.102209091186523,33.404998779296875
2018-12-06,31.172042846679688,33.47999954223633
2018-12-07,30.073383331298828,32.29999923706055
2018-12-10,30.487701416015625,32.744998931884766
2018-12-11,30.524948120117188,32.78499984741211
2018-12-12,30.762361526489258,33.040000915527344
2018-12-13,30.813581466674805,33.095001220703125
2018-12-14,30.059419631958008,32.28499984741211
2018-12-17,29.4216365814209,31.600000381469727
2018-12-18,29.65440559387207,31.850000381469727
2018-12-19,29.067832946777344,31.219999313354492
2018-12-20,28.54643440246582,30.65999984741211
2018-12-21,27.67913055419922,29.600000381469727
2018-12-24,26.94039535522461,28.809999465942383
2018-12-26,28.567480087280273,30.549999237060547
2018-12-27,28.77320098876953,30.770000457763672
2018-12-28,28.70774269104004,30.700000762939453
2018-12-31,28.978925704956055,30.989999771118164
2019-01-02,28.997629165649414,31.010000228881836
2019-01-03,27.53418731689453,29.44499969482422
2019-01-04,28.754499435424805,30.75
2019-01-07,29.01164436340332,31.024999618530273
2019-01-08,29.25478744506836,31.28499984741211
2019-01-09,29.633501052856445,31.690000534057617
2019-01-10,29.76441192626953,31.829999923706055
2019-01-11,29.70830535888672,31.770000457763672
2019-01-14,29.432445526123047,31.475000381469727
2019-01-15,29.87662124633789,31.950000762939453
2019-01-16,29.90467643737793,31.979999542236328
2019-01-17,30.09637451171875,32.185001373291016
2019-01-18,30.554576873779297,32.67499923706055
2019-01-22,30.04026985168457,32.125
2019-01-23,30.14313507080078,32.23500061035156
2019-01-24,30.395610809326172,32.505001068115234
2019-01-25,30.825754165649414,32.96500015258789
2019-01-28,30.414310455322266,32.525001525878906
2019-01-29,30.087018966674805,32.17499923706055
2019-01-30,31.022127151489258,33.17499923706055
2019-01-31,30.989397048950195,33.13999938964844
2019-02-01,31.171749114990234,33.334999084472656
2019-02-04,31.672029495239258,33.869998931884766
2019-02-05,31.938526153564453,34.154998779296875
2019-02-06,32.04606246948242,34.27000045776367
2019-02-07,31.60657501220703,33.79999923706055
2019-02-08,31.788917541503906,33.994998931884766
2019-02-11,31.774887084960938,33.97999954223633
2019-02-12,32.195682525634766,34.43000030517578
2019-02-13,32.23775863647461,34.474998474121094
2019-02-14,32.29386901855469,34.53499984741211
2019-02-15,32.551021575927734,34.810001373291016
2019-02-19,32.56036376953125,34.81999969482422
2019-02-20,32.597782135009766,34.86000061035156
2019-02-21,32.611812591552734,34.875
2019-02-22,33.02792739868164,35.31999969482422
2019-02-25,33.18689727783203,35.4900016784668
2019-02-26,33.257022857666016,35.564998626708984
2019-02-27,33.224300384521484,35.529998779296875
2019-02-28,33.13079071044922,35.43000030517578
2019-03-01,33.355220794677734,35.66999816894531
2019-03-04,33.228981018066406,35.53499984741211
2019-03-05,33.13079071044922,35.43000030517578
2019-03-06,32.95779037475586,35.244998931884766
2019-03-07,32.644535064697266,34.90999984741211
2019-03-08,32.639854431152344,34.904998779296875
2019-03-11,33.341190338134766,35.654998779296875
2019-03-12,33.537559509277344,35.8650016784668
2019-03-13,33.75730895996094,36.099998474121094
2019-03-14,33.82744216918945,36.17499923706055
2019-03-15,34.236942291259766,36.494998931884766
2019-03-18,34.382347106933594,36.650001525878906
2019-03-19,34.45270919799805,36.724998474121094
2019-03-20,34.358890533447266,36.625
2019-03-21,35.22196960449219,37.54499816894531
2019-03-22,34.39173126220703,36.65999984741211
2019-03-25,34.24162292480469,36.5
2019-03-26,34.429256439208984,36.70000076293945
2019-03-27,34.232261657714844,36.4900016784668
2019-03-28,34.372962951660156,36.63999938964844
2019-03-29,34.710689544677734,37.0
2019-04-01,35.184444427490234,37.505001068115234
2019-04-02,35.306400299072266,37.6349983215332
2019-04-03,35.592525482177734,37.939998626708984
2019-04-04,35.44242858886719,37.779998779296875
2019-04-05,35.611289978027344,37.959999084472656
2019-04-08,35.74732208251953,38.10499954223633
2019-04-09,35.57846450805664,37.92499923706055
2019-04-10,35.827056884765625,38.189998626708984
2019-04-11,35.78017044067383,38.13999938964844
2019-04-12,36.02875518798828,38.404998779296875
2019-04-15,36.01469802856445,38.38999938964844
2019-04-16,36.19761657714844,38.584999084472656
2019-04-17,36.399322509765625,38.79999923706055
2019-04-18,36.50251770019531,38.90999984741211
2019-04-22,36.586944580078125,39.0
2019-04-23,36.985660552978516,39.42499923706055
2019-04-24,36.999725341796875,39.439998626708984
2019-04-25,36.99033737182617,39.43000030517578
2019-04-26,36.849609375,39.279998779296875
2019-04-29,36.859004974365234,39.290000915527344
2019-04-30,36.919979095458984,39.35499954223633
2019-05-01,36.82617950439453,39.255001068115234
2019-05-02,36.63385772705078,39.04999923706055
2019-05-03,36.980953216552734,39.41999816894531
2019-05-06,36.6948356628418,39.1150016784668
2019-05-07,35.90680694580078,38.275001525878906
2019-05-08,35.864593505859375,38.22999954223633
2019-05-09,35.620670318603516,37.970001220703125
2019-05-10,35.733245849609375,38.09000015258789
2019-05-13,34.38703918457031,36.654998779296875
2019-05-14,34.94053649902344,37.244998931884766
2019-05-15,35.32048034667969,37.650001525878906
2019-05-16,35.644126892089844,37.994998931884766
2019-05-17,35.357994079589844,37.689998626708984
2019-05-20,34.743534088134766,37.03499984741211
2019-05-21,35.170372009277344,37.4900016784668
2019-05-22,34.9874382019043,37.29499816894531
2019-05-23,34.372962951660156,36.63999938964844
2019-05-24,34.382347106933594,36.650001525878906
2019-05-28,34.28382873535156,36.54499816894531
2019-05-29,34.0821418762207,36.33000183105469
2019-05-30,34.29322814941406,36.55500030517578
2019-05-31,33.720970153808594,35.94499969482422
2019-06-03,33.12993621826172,35.314998626708984
2019-06-04,34.236942291259766,36.494998931884766
2019-06-05,34.68254852294922,36.970001220703125
2019-06-06,35.0859489440918,37.400001525878906
2019-06-07,35.737937927246094,38.095001220703125
2019-06-10,36.10382080078125,38.48500061035156
2019-06-11,36.10382080078125,38.48500061035156
2019-06-12,35.902122497558594,38.27000045776367
2019-06-13,36.00999069213867,38.3849983215332
2019-06-14,35.69572830200195,38.04999923706055
2019-06-17,35.72386932373047,38.08000183105469
2019-06-18,36.37117385864258,38.77000045776367
2019-06-19,36.50251770019531,38.90999984741211
2019-06-20,37.0372428894043,39.47999954223633
2019-06-21,36.86213684082031,39.154998779296875
2019-06-24,36.93274688720703,39.22999954223633
2019-06-25,36.254913330078125,38.5099983215332
2019-06-26,36.64560317993164,38.92499923706055
2019-06-27,36.73975372314453,39.025001525878906
2019-06-28,36.735042572021484,39.02000045776367
2019-07-01,37.318748474121094,39.63999938964844
2019-07-02,37.41758346557617,39.744998931884766
2019-07-03,37.70472717285156,40.04999923706055
2019-07-05,37.634117126464844,39.974998474121094
2019-07-08,37.34697723388672,39.66999816894531
2019-07-09,37.47878646850586,39.810001373291016
2019-07-10,37.77534484863281,40.125
2019-07-11,37.91654968261719,40.275001525878906
2019-07-12,38.19428634643555,40.56999969482422
2019-07-15,38.321372985839844,40.70500183105469
2019-07-16,37.963626861572266,40.32500076293945
2019-07-17,37.86476516723633,40.220001220703125
2019-07-18,38.1472053527832,40.52000045776367
2019-07-19,37.98244857788086,40.345001220703125
2019-07-22,38.420230865478516,40.810001373291016
2019-07-23,38.632041931152344,41.03499984741211
2019-07-24,38.95212936401367,41.375
2019-07-25,38.79209899902344,41.20500183105469
2019-07-26,38.87681198120117,41.29499816894531
2019-07-29,38.85329055786133,41.27000045776367
2019-07-30,38.60380935668945,41.005001068115234
2019-07-31,38.020103454589844,40.3849983215332
2019-08-01,37.827125549316406,40.18000030517578
2019-08-02,37.21046829223633,39.525001525878906
2019-08-05,35.6570930480957,37.875
2019-08-06,36.25020217895508,38.505001068115234
2019-08-07,36.47614669799805,38.744998931884766
2019-08-08,37.370506286621094,39.69499969482422
2019-08-09,36.946868896484375,39.244998931884766
2019-08-12,36.462032318115234,38.72999954223633
2019-08-13,37.37521743774414,39.70000076293945
2019-08-14,36.22666549682617,38.47999954223633
2019-08-15,36.16075897216797,38.40999984741211
2019-08-16,36.8480110168457,39.13999938964844
2019-08-19,37.408180236816406,39.73500061035156
2019-08-20,37.219886779785156,39.53499984741211
2019-08-21,37.65766143798828,40.0
2019-08-22,37.56822204589844,39.904998779296875
2019-08-23,36.32551574707031,38.584999084472656
2019-08-26,36.82918930053711,39.119998931884766
2019-08-27,36.772701263427734,39.060001373291016
2019-08-28,36.80564880371094,39.095001220703125
2019-08-29,37.445831298828125,39.775001525878906
2019-08-30,37.43640899658203,39.76499938964844
2019-09-03,36.97981643676758,39.279998779296875
2019-09-04,37.6105842590332,39.95000076293945
2019-09-05,38.39668655395508,40.78499984741211
2019-09-06,38.363739013671875,40.75
2019-09-09,38.07660675048828,40.44499969482422
2019-09-10,37.883602142333984,40.2400016784668
2019-09-11,38.27901077270508,40.65999984741211
2019-09-12,38.48612594604492,40.880001068115234
2019-09-13,38.20370101928711,40.58000183105469
2019-09-16,38.10955047607422,40.47999954223633
2019-09-17,38.26487731933594,40.64500045776367
2019-09-18,38.26018524169922,40.63999938964844
2019-09-19,38.344905853271484,40.72999954223633
2019-09-20,37.89775085449219,40.130001068115234
2019-09-23,38.01578903198242,40.255001068115234
2019-09-24,37.64748764038086,39.8650016784668
2019-09-25,38.096065521240234,40.34000015258789
2019-09-26,38.138553619384766,40.3849983215332
2019-09-27,37.62860870361328,39.845001220703125
2019-09-30,38.025230407714844,40.26499938964844
2019-10-01,37.67108917236328,39.88999938964844
2019-10-02,36.96281051635742,39.13999938964844
2019-10-03,37.41611099243164,39.619998931884766
2019-10-04,38.03468322753906,40.275001525878906
2019-10-07,37.8741340637207,40.10499954223633
2019-10-08,37.18002700805664,39.369998931884766
2019-10-09,37.73249816894531,39.95500183105469
2019-10-10,37.992183685302734,40.22999954223633
2019-10-11,38.51631546020508,40.78499984741211
2019-10-14,38.49270248413086,40.7599983215332
2019-10-15,38.917659759521484,41.209999084472656
2019-10-16,38.64852523803711,40.92499923706055
2019-10-17,38.572967529296875,40.845001220703125
2019-10-18,38.204673767089844,40.45500183105469
2019-10-21,38.615482330322266,40.88999938964844
2019-10-22,38.096065521240234,40.34000015258789
2019-10-23,38.12912368774414,40.375
2019-10-24,38.68629455566406,40.96500015258789
2019-10-25,39.153770446777344,41.459999084472656
2019-10-28,39.64956283569336,41.98500061035156
2019-10-29,39.290706634521484,41.60499954223633
2019-10-30,39.531517028808594,41.86000061035156
2019-10-31,39.507904052734375,41.834999084472656
2019-11-01,39.980106353759766,42.334999084472656
2019-11-04,40.18785095214844,42.55500030517578
2019-11-05,40.14064025878906,42.505001068115234
2019-11-06,40.12174606323242,42.48500061035156
2019-11-07,40.43811798095703,42.81999969482422
2019-11-08,40.664772033691406,43.060001373291016
2019-11-11,40.683650970458984,43.08000183105469
2019-11-12,40.82058334350586,43.224998474121094
2019-11-13,40.910308837890625,43.31999969482422
2019-11-14,40.86308288574219,43.27000045776367
2019-11-15,41.19362258911133,43.619998931884766
2019-11-18,41.31638717651367,43.75
2019-11-19,41.39665603637695,43.834999084472656
2019-11-20,41.14639663696289,43.56999969482422
2019-11-21,40.93863296508789,43.349998474121094
2019-11-22,40.88669204711914,43.29499816894531
2019-11-25,41.48164749145508,43.92499923706055
2019-11-26,41.51941680908203,43.96500015258789
2019-11-27,41.750797271728516,44.209999084472656
2019-11-29,41.62802505493164,44.08000183105469
2019-12-02,41.033084869384766,43.45000076293945
2019-12-03,40.66947937011719,43.064998626708984
2019-12-04,40.834747314453125,43.2400016784668
2019-12-05,40.98584747314453,43.400001525878906
2019-12-06,41.439144134521484,43.880001068115234
2019-12-09,41.22195053100586,43.650001525878906
2019-12-10,41.2549934387207,43.685001373291016
2019-12-11,41.53359603881836,43.97999954223633
2019-12-12,41.977447509765625,44.45000076293945
2019-12-13,42.25603485107422,44.744998931884766
2019-12-16,42.63378143310547,45.14500045776367
2019-12-17,42.53462219238281,45.040000915527344
2019-12-18,42.529903411865234,45.03499984741211
2019-12-19,42.83682632446289,45.36000061035156
2019-12-20,43.08552551269531,45.474998474121094
2019-12-23,43.20871353149414,45.60499954223633
2019-12-24,43.22292709350586,45.619998931884766
2019-12-26,43.545047760009766,45.959999084472656
2019-12-27,43.54031753540039,45.95500183105469
2019-12-30,43.289241790771484,45.689998626708984
2019-12-31,43.426612854003906,45.834999084472656
2020-01-02,44.241432189941406,46.69499969482422
2020-01-03,43.744014739990234,46.16999816894531
2020-01-06,43.848236083984375,46.279998779296875
2020-01-07,43.829280853271484,46.2599983215332
2020-01-08,44.298282623291016,46.755001068115234
2020-01-09,44.8004264831543,47.28499984741211
2020-01-10,44.69620895385742,47.17499923706055
2020-01-13,45.255210876464844,47.76499938964844
2020-01-14,45.042030334472656,47.540000915527344
2020-01-15,45.09414291381836,47.595001220703125
2020-01-16,45.70050811767578,48.23500061035156
2020-01-17,46.0084342956543,48.560001373291016
2020-01-21,45.9894905090332,48.540000915527344
2020-01-22,46.155296325683594,48.71500015258789
2020-01-23,46.373207092285156,48.94499969482422
2020-01-24,46.155296325683594,48.71500015258789
2020-01-27,45.056236267089844,47.55500030517578
2020-01-28,45.918426513671875,48.46500015258789
2020-01-29,46.036861419677734,48.59000015258789
2020-01-30,46.43478775024414,49.0099983215332
2020-01-31,45.160465240478516,47.665000915527344
2020-02-03,45.75736618041992,48.29499816894531
2020-02-04,46.95589828491211,49.560001373291016
2020-02-05,47.23064422607422,49.849998474121094
2020-02-06,47.6617431640625,50.30500030517578
2020-02-07,47.225921630859375,49.845001220703125
2020-02-10,47.86545181274414,50.52000045776367
2020-02-11,47.704383850097656,50.349998474121094
2020-02-12,48.22074890136719,50.89500045776367
2020-02-13,48.092830657958984,50.7599983215332
2020-02-14,48.30127716064453,50.97999954223633
2020-02-18,48.12125778198242,50.790000915527344
2020-02-19,48.69447708129883,51.39500045776367
2020-02-20,48.18758010864258,50.86000061035156
2020-02-21,47.107486724853516,49.720001220703125
2020-02-24,45.160465240478516,47.665000915527344
2020-02-25,43.71558380126953,46.13999938964844
2020-02-26,43.91455841064453,46.349998474121094
2020-02-27,41.545921325683594,43.849998474121094
2020-02-28,41.86331558227539,44.185001373291016
2020-03-02,44.28404998779297,46.7400016784668
2020-03-03,42.602333068847656,44.96500015258789
2020-03-04,44.43092346191406,46.89500045776367
2020-03-05,43.028682708740234,45.415000915527344
2020-03-06,42.11912536621094,44.45500183105469
2020-03-09,38.921478271484375,41.08000183105469
2020-03-10,41.51749038696289,43.81999969482422
2020-03-11,39.5562629699707,41.75
2020-03-12,35.69538879394531,37.67499923706055
2020-03-13,39.883148193359375,42.095001220703125
2020-03-16,34.373687744140625,36.279998779296875
2020-03-17,36.713890075683594,38.75
2020-03-18,35.33061218261719,37.290000915527344
2020-03-19,35.458518981933594,37.42499923706055
2020-03-20,33.8336296081543,35.709999084472656
2020-03-23,33.52457809448242,35.20000076293945
2020-03-24,36.958003997802734,38.80500030517578
2020-03-25,36.91036605834961,38.755001068115234
2020-03-26,39.19612503051758,41.154998779296875
2020-03-27,37.4246711730957,39.29499816894531
2020-03-30,39.000892639160156,40.95000076293945
2020-03-31,38.27229309082031,40.185001373291016
2020-04-01,36.448455810546875,38.27000045776367
2020-04-02,37.30085754394531,39.165000915527344
2020-04-03,36.72465515136719,38.560001373291016
2020-04-06,39.858055114746094,41.849998474121094
2020-04-07,39.500911712646484,41.474998474121094
2020-04-08,40.562835693359375,42.59000015258789
2020-04-09,40.57235336303711,42.599998474121094
2020-04-13,40.6628303527832,42.69499969482422
2020-04-14,42.367637634277344,44.48500061035156
2020-04-15,41.44380187988281,43.51499938964844
2020-04-16,41.948577880859375,44.04499816894531
2020-04-17,42.505733489990234,44.630001068115234
2020-04-20,41.824771881103516,43.915000915527344
2020-04-21,40.072349548339844,42.07500076293945
2020-04-22,41.6152458190918,43.69499969482422
2020-04-23,41.32951736450195,43.39500045776367
2020-04-24,42.20572280883789,44.314998626708984
2020-04-27,42.56764602661133,44.69499969482422
2020-04-28,42.00096893310547,44.099998474121094
2020-04-29,43.72481155395508,45.90999984741211
2020-04-30,43.52957534790039,45.70500183105469
2020-05-01,42.33430480957031,44.45000076293945
2020-05-04,42.89621353149414,45.040000915527344
2020-05-05,43.48671340942383,45.65999984741211
2020-05-06,43.824806213378906,46.01499938964844
2020-05-07,44.481971740722656,46.70500183105469
2020-05-08,45.13435745239258,47.38999938964844
2020-05-11,45.43436813354492,47.70500183105469
2020-05-12,44.496253967285156,46.720001220703125
2020-05-13,43.72957229614258,45.915000915527344
2020-05-14,44.28672790527344,46.5
2020-05-15,44.51054382324219,46.73500061035156
2020-05-18,45.601051330566406,47.880001068115234
2020-05-19,45.43436813354492,47.70500183105469
2020-05-20,46.42964553833008,48.75
2020-05-21,45.78199768066406,48.06999969482422
2020-05-22,45.94865417480469,48.244998931884766
2020-05-26,45.90105438232422,48.19499969482422
2020-05-27,46.16297149658203,48.470001220703125
2020-05-28,46.072471618652344,48.375
2020-05-29,46.653446197509766,48.98500061035156
2020-06-01,46.639156341552734,48.970001220703125
2020-06-02,47.07726287841797,49.43000030517578
2020-06-03,47.44393539428711,49.814998626708984
2020-06-04,47.053462982177734,49.404998779296875
2020-06-05,48.29158401489258,50.70500183105469
2020-06-08,48.53444290161133,50.959999084472656
2020-06-09,48.76301193237305,51.20000076293945
2020-06-10,49.57732009887695,52.05500030517578
2020-06-11,46.734405517578125,49.06999969482422
2020-06-12,47.33917999267578,49.70500183105469
2020-06-15,47.79633712768555,50.185001373291016
2020-06-16,48.81540298461914,51.255001068115234
2020-06-17,48.805877685546875,51.244998931884766
2020-06-18,49.02492904663086,51.474998474121094
2020-06-19,48.68681716918945,51.119998931884766
2020-06-22,49.604129791259766,51.939998626708984
2020-06-23,49.96225357055664,52.314998626708984
2020-06-24,48.835330963134766,51.1349983215332
2020-06-25,49.46088409423828,51.790000915527344
2020-06-26,48.48675537109375,50.77000045776367
2020-06-29,49.01678466796875,51.32500076293945
2020-06-30,49.895416259765625,52.244998931884766
2020-07-01,49.97658920288086,52.33000183105469
2020-07-02,50.26787567138672,52.6349983215332
2020-07-06,51.1464958190918,53.55500030517578
2020-07-07,50.6116828918457,52.994998931884766
2020-07-08,51.43779373168945,53.86000061035156
2020-07-09,51.62403106689453,54.05500030517578
2020-07-10,51.60969543457031,54.040000915527344
2020-07-13,50.540061950683594,52.91999816894531
2020-07-14,51.12261962890625,53.529998779296875
2020-07-15,51.39957809448242,53.81999969482422
2020-07-16,50.76448440551758,53.154998779296875
2020-07-17,51.01280212402344,53.415000915527344
2020-07-20,52.316410064697266,54.779998779296875
2020-07-21,51.79114532470703,54.22999954223633
2020-07-22,52.20658874511719,54.665000915527344
2020-07-23,50.850440979003906,53.244998931884766
2020-07-24,50.23445129394531,52.599998474121094
2020-07-27,51.027130126953125,53.43000030517578
2020-07-28,50.430233001708984,52.80500030517578
2020-07-29,51.16082763671875,53.56999969482422
2020-07-30,51.44732666015625,53.869998931884766
2020-07-31,52.731842041015625,55.21500015258789
2020-08-03,54.030696868896484,56.57500076293945
2020-08-04,54.169166564941406,56.720001220703125
2020-08-05,54.369712829589844,56.93000030517578
2020-08-06,55.13373947143555,57.72999954223633
2020-08-07,54.31241226196289,56.869998931884766
2020-08-10,54.159610748291016,56.709999084472656
2020-08-11,53.18549346923828,55.689998626708984
2020-08-12,54.39360427856445,56.95500183105469
2020-08-13,54.41746520996094,56.97999954223633
2020-08-14,54.37926483154297,56.939998626708984
2020-08-17,54.74216842651367,57.31999969482422
2020-08-18,54.947505950927734,57.53499984741211
2020-08-19,54.88065719604492,57.46500015258789
2020-08-20,55.611263275146484,58.22999954223633
2020-08-21,56.31798553466797,58.970001220703125
2020-08-24,56.80503463745117,59.47999954223633
2020-08-25,57.091556549072266,59.779998779296875
2020-08-26,58.25189971923828,60.994998931884766
2020-08-27,58.299659729003906,61.04499816894531
2020-08-28,58.81059646606445,61.58000183105469
2020-08-31,58.996826171875,61.775001525878906
2020-09-01,60.12376403808594,62.95500183105469
2020-09-02,60.658573150634766,63.51499938964844
2020-09-03,57.201377868652344,59.89500045776367
2020-09-04,56.4039306640625,59.060001373291016
2020-09-08,53.854000091552734,56.38999938964844
2020-09-09,55.611263275146484,58.22999954223633
2020-09-10,54.355403900146484,56.915000915527344
2020-09-11,53.9399528503418,56.47999954223633
2020-09-14,55.0716667175293,57.665000915527344
2020-09-15,55.61603546142578,58.23500061035156
2020-09-16,54.756507873535156,57.334999084472656
2020-09-17,54.30287170410156,56.86000061035156
2020-09-18,53.366943359375,55.880001068115234
2020-09-21,53.81058120727539,56.220001220703125
2020-09-22,54.66244125366211,57.11000061035156
2020-09-23,52.95872116088867,55.33000183105469
2020-09-24,53.25543212890625,55.63999938964844
2020-09-25,54.52842712402344,56.970001220703125
2020-09-28,55.57172393798828,58.060001373291016
2020-09-29,55.38507843017578,57.8650016784668
2020-09-30,55.84928894042969,58.349998474121094
2020-10-01,56.43792724609375,58.96500015258789
2020-10-02,55.00699996948242,57.470001220703125
2020-10-05,56.2130126953125,58.72999954223633
2020-10-06,55.342002868652344,57.81999969482422
2020-10-07,56.356571197509766,58.880001068115234
2020-10-08,56.64851379394531,59.185001373291016
2020-10-09,57.514713287353516,60.09000015258789
2020-10-12,59.08443832397461,61.72999954223633
2020-10-13,58.706363677978516,61.334999084472656
2020-10-14,58.395294189453125,61.0099983215332
2020-10-15,58.132083892822266,60.73500061035156
2020-10-16,57.964569091796875,60.560001373291016
2020-10-19,56.90214920043945,59.45000076293945
2020-10-20,57.098365783691406,59.654998779296875
2020-10-21,57.01222229003906,59.564998626708984
2020-10-22,56.74422073364258,59.28499984741211
2020-10-23,56.6820182800293,59.220001220703125
2020-10-26,55.45207595825195,57.935001373291016
2020-10-27,55.729644775390625,58.224998474121094
2020-10-28,53.365501403808594,55.755001068115234
2020-10-29,54.25565719604492,56.685001373291016
2020-10-30,53.0544319152832,55.43000030517578
2020-11-02,53.18843078613281,55.56999969482422
2020-11-03,54.12643814086914,56.54999923706055
2020-11-04,56.232154846191406,58.75
2020-11-05,57.978939056396484,60.57500076293945
2020-11-06,58.184722900390625,60.790000915527344
2020-11-09,57.76356506347656,60.349998474121094
2020-11-10,56.68678283691406,59.224998474121094
2020-11-11,58.031585693359375,60.630001068115234
2020-11-12,57.514713287353516,60.09000015258789
2020-11-13,58.00285720825195,60.599998474121094
2020-11-16,58.56278991699219,61.185001373291016
2020-11-17,58.237361907958984,60.845001220703125
2020-11-18,57.61521911621094,60.19499969482422
2020-11-19,58.079437255859375,60.68000030517578
2020-11-20,57.48121643066406,60.05500030517578
2020-11-23,57.46685791015625,60.040000915527344
2020-11-24,58.266075134277344,60.875
2020-11-25,58.390506744384766,61.005001068115234
2020-11-27,58.701576232910156,61.33000183105469
2020-11-30,59.09401321411133,61.7400016784668
2020-12-01,59.85014724731445,62.529998779296875
2020-12-02,59.759220123291016,62.435001373291016
2020-12-03,59.720943450927734,62.39500045776367
2020-12-04,60.31915283203125,63.02000045776367
2020-12-07,60.49142837524414,63.20000076293945
2020-12-08,60.68764877319336,63.404998779296875
2020-12-09,59.52471160888672,62.189998626708984
2020-12-10,59.61085510253906,62.279998779296875
2020-12-11,59.48644256591797,62.150001525878906
2020-12-14,59.70178985595703,62.375
2020-12-15,60.69721984863281,63.415000915527344
2020-12-16,61.10879135131836,63.845001220703125
2020-12-17,61.5921516418457,64.3499984741211
2020-12-18,61.37678909301758,64.125
2020-12-21,61.438194274902344,64.04000091552734
2020-12-22,61.97064208984375,64.59500122070312
2020-12-23,61.50054931640625,64.1050033569336
2020-12-24,61.90828323364258,64.52999877929688
2020-12-28,62.60861587524414,65.26000213623047
2020-12-29,62.31122589111328,64.94999694824219
2020-12-30,62.27764129638672,64.91500091552734
2020-12-31,62.36878204345703,65.01000213623047
2021-01-04,61.351844787597656,63.95000076293945
2021-01-05,61.74998092651367,64.36499786376953
2021-01-06,60.68507766723633,63.255001068115234
2021-01-07,62.32080841064453,64.95999908447266
2021-01-08,62.723758697509766,65.37999725341797
2021-01-11,62.205684661865234,64.83999633789062
2021-01-12,61.90828323364258,64.52999877929688
2021-01-13,62.30162048339844,64.94000244140625
2021-01-14,61.75478744506836,64.37000274658203
2021-01-15,61.12159729003906,63.709999084472656
2021-01-19,61.91787338256836,64.54000091552734
2021-01-20,63.14588165283203,65.81999969482422
2021-01-21,63.96131134033203,66.66999816894531
2021-01-22,63.716705322265625,66.41500091552734
2021-01-25,64.2491455078125,66.97000122070312
2021-01-26,64.29231262207031,67.01499938964844
2021-01-27,63.078704833984375,65.75
2021-01-28,63.337738037109375,66.0199966430664
2021-01-29,61.84591293334961,64.46499633789062
2021-02-01,63.39529037475586,66.08000183105469
2021-02-02,64.25394439697266,66.9749984741211
2021-02-03,64.03328704833984,66.74500274658203
2021-02-04,65.05500793457031,67.80999755859375
2021-02-05,64.9111328125,67.66000366210938
2021-02-08,65.59228515625,68.37000274658203
2021-02-09,65.5155258178711,68.29000091552734
2021-02-10,65.41958618164062,68.19000244140625
2021-02-11,66.13910675048828,68.94000244140625
2021-02-12,66.47969818115234,69.29499816894531
2021-02-16,66.26383972167969,69.06999969482422
2021-02-17,65.67859649658203,68.45999908447266
2021-02-18,65.35722351074219,68.125
2021-02-19,65.26128387451172,68.0250015258789
2021-02-22,63.82221984863281,66.5250015258789
2021-02-23,63.64472961425781,66.33999633789062
2021-02-24,64.61851501464844,67.3550033569336
2021-02-25,62.359188079833984,65.0
2021-02-26,62.6901741027832,65.34500122070312
2021-03-01,64.70964050292969,67.44999694824219
2021-03-02,63.6831169128418,66.37999725341797
2021-03-03,62.080970764160156,64.70999908447266
2021-03-04,60.70907211303711,63.279998779296875
2021-03-05,61.85552215576172,64.4749984741211
2021-03-08,60.35890197753906,62.915000915527344
2021-03-09,62.411956787109375,65.05500030517578
2021-03-10,62.16250991821289,64.79499816894531
2021-03-11,63.49124526977539,66.18000030517578
2021-03-12,63.03554916381836,65.70500183105469
2021-03-15,63.70711898803711,66.40499877929688
2021-03-16,64.18678283691406,66.90499877929688
2021-03-17,64.13402557373047,66.8499984741211
2021-03-18,62.35439682006836,64.99500274658203
2021-03-19,62.167320251464844,64.80000305175781
2021-03-22,63.38972854614258,65.93499755859375
2021-03-23,62.995567321777344,65.5250015258789
2021-03-24,62.23124313354492,64.7300033569336
2021-03-25,62.19279479980469,64.69000244140625
2021-03-26,63.774295806884766,66.33499908447266
2021-03-29,63.44261169433594,65.98999786376953
2021-03-30,62.841732025146484,65.36499786376953
2021-03-31,63.84160232543945,66.40499877929688
2021-04-01,65.12504577636719,67.73999786376953
2021-04-05,66.47101593017578,69.13999938964844
2021-04-06,66.18741607666016,68.84500122070312
2021-04-07,66.53829956054688,69.20999908447266
2021-04-08,67.49969482421875,70.20999908447266
2021-04-09,68.14864349365234,70.88500213623047
2021-04-12,67.82177734375,70.54499816894531
2021-04-13,68.46110534667969,71.20999908447266
2021-04-14,67.7352523803711,70.45500183105469
2021-04-15,68.8985366821289,71.66500091552734
2021-04-16,68.88411712646484,71.6500015258789
2021-04-19,68.31205749511719,71.05500030517578
2021-04-20,67.70640563964844,70.42500305175781
2021-04-21,68.38899230957031,71.13500213623047
2021-04-22,67.58621978759766,70.30000305175781
2021-04-23,68.59569549560547,71.3499984741211
2021-04-26,68.94660186767578,71.71499633789062
2021-04-27,68.77835845947266,71.54000091552734
2021-04-28,68.13903045654297,70.875
2021-04-29,68.08135223388672,70.81500244140625
2021-04-30,67.1535873413086,69.8499984741211
2021-05-03,66.96613311767578,69.65499877929688
2021-05-04,65.76438903808594,68.40499877929688
2021-05-05,65.60575103759766,68.23999786376953
2021-05-06,66.26431274414062,68.92500305175781
2021-05-07,66.8315200805664,69.51499938964844
2021-05-10,65.14429473876953,67.76000213623047
2021-05-11,64.94719696044922,67.55500030517578
2021-05-12,63.12052917480469,65.65499877929688
2021-05-13,63.956947326660156,66.5250015258789
2021-05-14,65.36539459228516,67.98999786376953
2021-05-17,64.88468933105469,67.48999786376953
2021-05-18,64.36555480957031,66.94999694824219
2021-05-19,64.59147644042969,67.18499755859375
2021-05-20,65.82686614990234,68.47000122070312
2021-05-21,65.46634674072266,68.09500122070312
2021-05-24,66.629638671875,69.30500030517578
2021-05-25,66.64886474609375,69.32499694824219
2021-05-26,66.64405822753906,69.31999969482422
2021-05-27,66.29315185546875,68.95500183105469
2021-05-28,66.5286865234375,69.19999694824219
2021-06-01,66.20182037353516,68.86000061035156
2021-06-02,66.65848541259766,69.33499908447266
2021-06-03,66.03839111328125,68.69000244140625
2021-06-04,67.30741119384766,70.01000213623047
2021-06-07,67.29302215576172,69.99500274658203
2021-06-08,67.29779815673828,70.0
2021-06-09,67.34587860107422,70.05000305175781
2021-06-10,67.84100341796875,70.56500244140625
2021-06-11,68.24478912353516,70.98500061035156
2021-06-14,68.93699645996094,71.70500183105469
2021-06-15,68.51399230957031,71.26499938964844
2021-06-16,68.14384460449219,70.87999725341797
2021-06-17,68.93217468261719,71.69999694824219
2021-06-18,68.30245971679688,71.04499816894531
2021-06-21,69.03447723388672,71.67500305175781
2021-06-22,69.6605224609375,72.32499694824219
2021-06-23,69.58346557617188,72.24500274658203
2021-06-24,70.02169799804688,72.69999694824219
2021-06-25,69.93982696533203,72.61499786376953
2021-06-28,70.67184448242188,73.375
2021-06-29,71.18711853027344,73.91000366210938
2021-06-30,71.11006927490234,73.83000183105469
2021-07-01,71.23047637939453,73.95500183105469
2021-07-02,72.1695556640625,74.93000030517578
2021-07-06,72.44405364990234,75.21499633789062
2021-07-07,72.83894348144531,75.625
2021-07-08,72.15030670166016,74.91000366210938
2021-07-09,72.81486511230469,75.5999984741211
2021-07-12,72.8726577758789,75.66000366210938
2021-07-13,73.1712417602539,75.97000122070312
2021-07-14,73.71061706542969,76.52999877929688
2021-07-15,73.10382843017578,75.9000015258789
2021-07-16,72.38143920898438,75.1500015258789
2021-07-19,71.38457489013672,74.11499786376953
2021-07-20,72.44405364990234,75.21499633789062
2021-07-21,73.14232635498047,75.94000244140625
2021-07-22,73.68171691894531,76.5
2021-07-23,74.41371154785156,77.26000213623047
2021-07-26,74.37519073486328,77.22000122070312
2021-07-27,73.67207336425781,76.48999786376953
2021-07-28,73.58058166503906,76.3949966430664
2021-07-29,73.92249298095703,76.75
2021-07-30,73.87434387207031,76.69999694824219
2021-08-02,73.60948181152344,76.42500305175781
2021-08-03,74.0814437866211,76.91500091552734
2021-08-04,74.23072814941406,77.06999969482422
2021-08-05,74.64005279541016,77.49500274658203
2021-08-06,74.57746124267578,77.43000030517578
2021-08-09,74.3366470336914,77.18000030517578
2021-08-10,73.8021240234375,76.625
2021-08-11,73.8117446899414,76.63500213623047
2021-08-12,74.23551940917969,77.07499694824219
2021-08-13,74.64005279541016,77.49500274658203
2021-08-16,74.97716522216797,77.84500122070312
2021-08-17,74.35594177246094,77.19999694824219
2021-08-18,73.33016204833984,76.13500213623047
2021-08-19,74.0477066040039,76.87999725341797
2021-08-20,75.00123596191406,77.87000274658203
2021-08-23,75.96922302246094,78.875
2021-08-24,75.8825454711914,78.78500366210938
2021-08-25,75.83921813964844,78.73999786376953
2021-08-26,75.3624267578125,78.24500274658203
2021-08-27,76.08960723876953,79.0
2021-08-30,76.9083023071289,79.8499984741211
2021-08-31,76.5037612915039,79.43000030517578
2021-09-01,76.52302551269531,79.44999694824219
2021-09-02,76.44116973876953,79.36499786376953
2021-09-03,76.74456787109375,79.68000030517578
2021-09-07,76.76382446289062,79.69999694824219
2021-09-08,76.47007751464844,79.3949966430664
2021-09-09,76.18110656738281,79.09500122070312
2021-09-10,75.42986297607422,78.31500244140625
2021-09-13,75.45394134521484,78.33999633789062
2021-09-14,75.35758972167969,78.23999786376953
2021-09-15,76.01737213134766,78.92500305175781
2021-09-16,76.06072998046875,78.97000122070312
2021-09-17,74.87603759765625,77.73999786376953
2021-09-20,73.51222229003906,76.19000244140625
2021-09-21,73.5411376953125,76.22000122070312
2021-09-22,74.54942321777344,77.26499938964844
2021-09-23,75.54803466796875,78.30000305175781
2021-09-24,75.60111236572266,78.3550033569336
2021-09-27,74.86783599853516,77.59500122070312
2021-09-28,72.64867401123047,75.29499816894531
2021-09-29,72.55701446533203,75.19999694824219
2021-09-30,72.0359878540039,74.66000366210938
2021-10-01,73.1214599609375,75.78500366210938
2021-10-04,71.42813110351562,74.02999877929688
2021-10-05,72.446044921875,75.08499908447266
2021-10-06,72.9188232421875,75.57499694824219
2021-10-07,73.58456420898438,76.26499938964844
2021-10-08,73.30957794189453,75.9800033569336
2021-10-11,72.90435791015625,75.55999755859375
2021-10-12,72.52804565429688,75.16999816894531
2021-10-13,72.9719009399414,75.62999725341797
2021-10-14,74.61695861816406,77.33499908447266
2021-10-15,75.21519470214844,77.95500183105469
2021-10-18,75.85198974609375,78.61499786376953
2021-10-19,76.60456085205078,79.3949966430664
2021-10-20,76.3923110961914,79.17500305175781
2021-10-21,76.68658447265625,79.4800033569336
2021-10-22,76.42123413085938,79.20500183105469
2021-10-25,76.67211151123047,79.46499633789062
2021-10-26,76.88919830322266,79.69000244140625
2021-10-27,76.82166290283203,79.62000274658203
2021-10-28,77.5935287475586,80.41999816894531
2021-10-29,77.9264144897461,80.76499938964844
2021-11-01,77.81065368652344,80.6449966430664
2021-11-02,78.49568939208984,81.3550033569336
2021-11-03,78.95399475097656,81.83000183105469
2021-11-04,80.18901062011719,83.11000061035156
2021-11-05,80.60388946533203,83.54000091552734
2021-11-08,81.03807067871094,83.98999786376953
2021-11-09,80.70518493652344,83.6449966430664
2021-11-10,79.3736801147461,82.26499938964844
2021-11-11,79.74516296386719,82.6500015258789
2021-11-12,80.71483612060547,83.65499877929688
2021-11-15,80.6328353881836,83.56999969482422
2021-11-16,81.48190307617188,84.44999694824219
2021-11-17,81.23587799072266,84.19499969482422
2021-11-18,82.04633331298828,85.03500366210938
2021-11-19,82.6445541381836,85.65499877929688
2021-11-22,81.72311401367188,84.69999694824219
2021-11-23,81.53495788574219,84.50499725341797
2021-11-24,82.12837219238281,85.12000274658203
2021-11-26,80.07804107666016,82.99500274658203
2021-11-29,82.08010864257812,85.06999969482422
2021-11-30,81.39507293701172,84.36000061035156
2021-12-01,80.28067016601562,83.20500183105469
2021-12-02,81.01876831054688,83.97000122070312
2021-12-03,79.66314697265625,82.56500244140625
2021-12-06,80.4205551147461,83.3499984741211
2021-12-07,83.2282943725586,86.26000213623047
2021-12-08,83.60941314697266,86.65499877929688
2021-12-09,82.707275390625,85.72000122070312
2021-12-10,84.3668212890625,87.44000244140625
2021-12-13,83.11249542236328,86.13999938964844
2021-12-14,81.74723052978516,84.7249984741211
2021-12-15,83.91334533691406,86.97000122070312
2021-12-16,81.53495788574219,84.50499725341797
2021-12-17,80.98983764648438,83.94000244140625
2021-12-20,80.02654266357422,82.78500366210938
2021-12-21,82.05171203613281,84.87999725341797
2021-12-22,83.12474822998047,85.98999786376953
2021-12-23,83.58872985839844,86.47000122070312
2021-12-27,85.38194274902344,88.32499694824219
2021-12-28,84.93726348876953,87.86499786376953
2021-12-29,85.009765625,87.94000244140625
2021-12-30,84.44908142089844,87.36000061035156
2021-12-31,84.03823852539062,86.93499755859375
2022-01-03,84.83576965332031,87.76000213623047
2022-01-04,83.9367446899414,86.83000183105469
2022-01-05,81.35572052001953,84.16000366210938
2022-01-06,80.94488525390625,83.73500061035156
2022-01-07,80.2005386352539,82.96499633789062
2022-01-10,80.21503448486328,82.9800033569336
2022-01-11,81.17687225341797,83.9749984741211
2022-01-12,81.55872344970703,84.37000274658203
2022-01-13,79.446533203125,82.18499755859375
2022-01-14,80.11837768554688,82.87999725341797
2022-01-18,78.19467163085938,80.88999938964844
2022-01-19,77.10233306884766,79.76000213623047
2022-01-20,76.10665130615234,78.7300033569336
2022-01-21,74.59379577636719,77.16500091552734
2022-01-24,74.98046875,77.56500244140625
2022-01-25,73.2452621459961,75.7699966430664
2022-01-26,73.6754379272461,76.21499633789062
2022-01-27,73.16793823242188,75.69000244140625
2022-01-28,76.3676528930664,79.0
2022-01-31,78.28651428222656,80.98500061035156
2022-02-01,78.48951721191406,81.19499969482422
2022-02-02,79.12752532958984,81.8550033569336
2022-02-03,76.83164978027344,79.4800033569336
2022-02-04,77.14099884033203,79.80000305175781
2022-02-07,76.62864685058594,79.2699966430664
2022-02-08,77.57598876953125,80.25
2022-02-09,79.29668426513672,82.02999877929688
2022-02-10,77.22315979003906,79.88500213623047
2022-02-11,74.86446380615234,77.44499969482422
2022-02-14,74.8403091430664,77.41999816894531
2022-02-15,76.80747985839844,79.45500183105469
2022-02-16,76.73015594482422,79.375
2022-02-17,74.43427276611328,77.0
2022-02-18,73.6802749633789,76.22000122070312
2022-02-22,72.99878692626953,75.51499938964844
2022-02-23,71.17176818847656,73.625
2022-02-24,73.60294342041016,76.13999938964844
2022-02-25,74.60346984863281,77.17500305175781
2022-02-28,74.46812438964844,77.03500366210938
2022-03-01,72.97944641113281,75.49500274658203
2022-03-02,74.55997467041016,77.12999725341797
2022-03-03,73.67060089111328,76.20999908447266
2022-03-04,72.38011169433594,74.875
2022-03-07,69.73139190673828,72.13500213623047
2022-03-08,69.39306640625,71.78500366210938
2022-03-09,72.138427734375,74.625
2022-03-10,70.87691497802734,73.31999969482422
2022-03-11,69.62991333007812,72.02999877929688
2022-03-14,68.33939361572266,70.69499969482422
2022-03-15,70.63525390625,73.06999969482422
2022-03-16,72.93109893798828,75.44499969482422
2022-03-17,73.44829559326172,75.9800033569336
2022-03-18,74.95147705078125,77.53500366210938
2022-03-21,74.80912780761719,77.24500274658203
2022-03-22,75.88410186767578,78.3550033569336
2022-03-23,74.71710205078125,77.1500015258789
2022-03-24,76.65888214111328,79.15499877929688
2022-03-25,76.61528778076172,79.11000061035156
2022-03-28,77.52565002441406,80.05000305175781
2022-03-29,79.17204284667969,81.75
2022-03-30,78.11640930175781,80.66000366210938
2022-03-31,76.95909118652344,79.46499633789062
2022-04-01,76.73149871826172,79.2300033569336
2022-04-04,78.18904876708984,80.73500061035156
2022-04-05,76.54266357421875,79.03500366210938
2022-04-06,74.73162841796875,77.16500091552734
2022-04-07,74.84784698486328,77.28500366210938
2022-04-08,73.80191040039062,76.20500183105469
2022-04-11,71.94245147705078,74.28500366210938
2022-04-12,71.62284851074219,73.95500183105469
2022-04-13,72.77532958984375,75.1449966430664
2022-04-14,71.00788116455078,73.31999969482422
2022-04-18,71.24030303955078,73.55999755859375
2022-04-19,72.57678985595703,74.94000244140625
2022-04-20,72.50898742675781,74.87000274658203
2022-04-21,71.27904510498047,73.5999984741211
2022-04-22,69.28401947021484,71.54000091552734
2022-04-25,70.32511138916016,72.61499786376953
2022-04-26,67.70540618896484,69.91000366210938
2022-04-27,68.70777130126953,70.94499969482422
2022-04-28,71.45820617675781,73.78500366210938
2022-04-29,68.48017120361328,70.70999908447266
2022-05-02,69.52128601074219,71.78500366210938
2022-05-03,69.642333984375,71.91000366210938
2022-05-04,72.08770751953125,74.43499755859375
2022-05-05,68.62061309814453,70.8550033569336
2022-05-06,68.06859588623047,70.28500366210938
2022-05-09,65.43435668945312,67.56500244140625
2022-05-10,66.43187713623047,68.59500122070312
2022-05-11,64.33514404296875,66.43000030517578
2022-05-12,63.67176055908203,65.74500274658203
2022-05-13,65.78784942626953,67.93000030517578
2022-05-16,65.20677185058594,67.33000183105469
2022-05-17,67.09526824951172,69.27999877929688
2022-05-18,64.02521514892578,66.11000061035156
2022-05-19,63.32311248779297,65.38500213623047
2022-05-20,63.463531494140625,65.52999877929688
2022-05-23,64.92106628417969,67.03500366210938
2022-05-24,63.95744323730469,66.04000091552734
2022-05-25,64.70316314697266,66.80999755859375
2022-05-26,66.2575454711914,68.41500091552734
2022-05-27,68.49955749511719,70.7300033569336
2022-05-31,68.0104751586914,70.2249984741211
2022-06-01,67.80709838867188,70.01499938964844
2022-06-02,69.44864654541016,71.70999908447266
2022-06-03,67.78773498535156,69.99500274658203
2022-06-06,67.79254913330078,70.0
2022-06-07,68.60124206542969,70.83499908447266
2022-06-08,67.82646942138672,70.03500366210938
2022-06-09,66.01544189453125,68.16500091552734
2022-06-10,63.47804641723633,65.54499816894531
2022-06-13,60.66466522216797,62.63999938964844
2022-06-14,61.047203063964844,63.03499984741211
2022-06-15,62.33527755737305,64.36499786376953
2022-06-16,59.79788589477539,61.744998931884766
2022-06-17,60.34507751464844,62.310001373291016
2022-06-21,61.88068389892578,63.72999954223633
2022-06-22,61.61852264404297,63.459999084472656
2022-06-23,62.54095458984375,64.41000366210938
2022-06-24,64.78877258300781,66.7249984741211
2022-06-27,64.35183715820312,66.2750015258789
2022-06-28,62.42444610595703,64.29000091552734
2022-06-29,62.550662994384766,64.41999816894531
2022-06-30,61.71561813354492,63.560001373291016
2022-07-01,61.856414794921875,63.70500183105469
2022-07-05,62.63319778442383,64.50499725341797
2022-07-06,63.17209243774414,65.05999755859375
2022-07-07,64.47806549072266,66.40499877929688
2022-07-08,64.50718688964844,66.43499755859375
2022-07-11,63.61874008178711,65.5199966430664
2022-07-12,62.749717712402344,64.625
2022-07-13,62.58464050292969,64.45500183105469
2022-07-14,63.157527923583984,65.04499816894531
2022-07-15,64.26929473876953,66.19000244140625
2022-07-18,63.647884368896484,65.55000305175781
2022-07-19,65.58983612060547,67.55000305175781
2022-07-20,66.61422729492188,68.6050033569336
2022-07-21,67.55122375488281,69.56999969482422
2022-07-22,66.61907196044922,68.61000061035156
2022-07-25,66.19670104980469,68.17500305175781
2022-07-26,65.12374877929688,67.06999969482422
2022-07-27,67.92506408691406,69.95500183105469
2022-07-28,68.95913696289062,71.0199966430664
2022-07-29,70.01752471923828,72.11000061035156
2022-08-01,69.86701202392578,71.95500183105469
2022-08-02,69.37181091308594,71.44499969482422
2022-08-03,71.21669006347656,73.34500122070312
2022-08-04,71.54196166992188,73.68000030517578
2022-08-05,71.37689208984375,73.51000213623047
2022-08-08,70.77002716064453,72.88500213623047
2022-08-09,70.06120300292969,72.15499877929688
2022-08-10,71.97406005859375,74.125
2022-08-11,71.69245910644531,73.83499908447266
2022-08-12,73.11979675292969,75.30500030517578
2022-08-15,73.58100891113281,75.77999877929688
2022-08-16,73.38197326660156,75.57499694824219
2022-08-17,72.8576431274414,75.03500366210938
2022-08-18,73.23632049560547,75.42500305175781
2022-08-19,71.90607452392578,74.05500030517578
2022-08-22,69.90098571777344,71.98999786376953
2022-08-23,69.71650695800781,71.80000305175781
2022-08-24,69.76020050048828,71.84500122070312
2022-08-25,70.93994903564453,73.05999755859375
2022-08-26,67.9104995727539,69.94000244140625
2022-08-29,67.01232147216797,69.01499938964844
2022-08-30,66.3132095336914,68.29499816894531
2022-08-31,65.66751098632812,67.62999725341797
2022-09-01,65.34709930419922,67.30000305175781
2022-09-02,64.49748992919922,66.42500305175781
2022-09-06,64.07025146484375,65.98500061035156
2022-09-07,65.09463500976562,67.04000091552734
2022-09-08,65.31795501708984,67.2699966430664
2022-09-09,66.60935974121094,68.5999984741211
2022-09-12,67.67745971679688,69.69999694824219
2022-09-13,64.0848159790039,66.0
2022-09-14,64.31784057617188,66.23999786376953
2022-09-15,62.83710479736328,64.71499633789062
2022-09-16,62.487552642822266,64.3550033569336
2022-09-19,62.99711990356445,64.72000122070312
2022-09-20,62.627220153808594,64.33999633789062
2022-09-21,61.648983001708984,63.334999084472656
2022-09-22,61.02115249633789,62.689998626708984
2022-09-23,60.222984313964844,61.869998931884766
2022-09-26,59.80442428588867,61.439998626708984
2022-09-27,59.88230514526367,61.52000045776367
2022-09-28,60.51498794555664,62.16999816894531
2022-09-29,58.93811798095703,60.54999923706055
2022-09-30,57.808998107910156,59.38999938964844
2022-10-03,59.60002136230469,61.22999954223633
2022-10-04,61.60030746459961,63.28499984741211
2022-10-05,61.804725646972656,63.494998931884766
2022-10-06,61.298561096191406,62.974998474121094
2022-10-07,58.77750778198242,60.3849983215332
2022-10-10,57.78953170776367,59.369998931884766
2022-10-11,56.903751373291016,58.459999084472656
2022-10-12,56.72855758666992,58.279998779296875
2022-10-13,58.49036407470703,60.09000015258789
2022-10-14,56.845359802246094,58.400001525878906
2022-10-17,58.57796859741211,60.18000030517578
2022-10-18,59.07439041137695,60.689998626708984
2022-10-19,58.904052734375,60.51499938964844
2022-10-20,58.93811798095703,60.54999923706055
2022-10-21,60.51498794555664,62.16999816894531
2022-10-24,61.35210037231445,63.029998779296875
2022-10-25,62.5250244140625,64.23500061035156
2022-10-26,61.13309860229492,62.80500030517578
2022-10-27,60.437129974365234,62.09000015258789
2022-10-28,63.06524658203125,64.79000091552734
2022-10-31,62.23301696777344,63.935001373291016
2022-11-01,61.71225357055664,63.400001525878906
2022-11-02,59.58055114746094,61.209999084472656
2022-11-03,57.828468322753906,59.40999984741211
2022-11-04,58.884586334228516,60.494998931884766
2022-11-07,59.86770248413086,61.505001068115234
2022-11-08,60.44200134277344,62.095001220703125
2022-11-09,58.8699836730957,60.47999954223633
2022-11-10,63.707698822021484,65.44999694824219
2022-11-11,64.79786682128906,66.56999969482422
2022-11-14,64.24304962158203,66.0
2022-11-15,65.02175903320312,66.80000305175781
2022-11-16,64.13109588623047,65.88500213623047
2022-11-17,64.21385192871094,65.97000122070312
2022-11-18,64.2868423461914,66.04499816894531
2022-11-21,63.595733642578125,65.33499908447266
2022-11-22,64.82706451416016,66.5999984741211
2022-11-23,65.40135955810547,67.19000244140625
2022-11-25,65.02175903320312,66.80000305175781
2022-11-28,63.62981033325195,65.37000274658203
2022-11-29,63.006866455078125,64.7300033569336
2022-11-30,66.17031860351562,67.9800033569336
2022-12-01,66.26278686523438,68.07499694824219
2022-12-02,65.87831115722656,67.68000030517578
2022-12-05,64.78326416015625,66.55500030517578
2022-12-06,63.39619445800781,65.12999725341797
2022-12-07,63.07499694824219,64.80000305175781
2022-12-08,64.10676574707031,65.86000061035156
2022-12-09,63.712547302246094,65.45500183105469
2022-12-12,65.1044921875,66.88500213623047
2022-12-13,65.87345123291016,67.67500305175781
2022-12-14,65.31861114501953,67.1050033569336
2022-12-15,62.87544631958008,64.59500122070312
2022-12-16,62.043209075927734,63.7400016784668
2022-12-19,61.21588897705078,62.709999084472656
2022-12-20,61.308631896972656,62.80500030517578
2022-12-21,62.3238525390625,63.845001220703125
2022-12-22,60.7522087097168,62.23500061035156
2022-12-23,60.81565856933594,62.29999923706055
2022-12-27,60.239715576171875,61.709999084472656
2022-12-28,59.268436431884766,60.71500015258789
2022-12-29,60.82054901123047,62.30500030517578
2022-12-30,60.737571716308594,62.220001220703125
2023-01-03,60.16162109375,61.630001068115234
2023-01-04,60.31781768798828,61.790000915527344
2023-01-05,59.14640426635742,60.59000015258789
2023-01-06,60.879112243652344,62.3650016784668
2023-01-09,61.58683776855469,63.09000015258789
2023-01-10,61.96754455566406,63.47999954223633
2023-01-11,63.041343688964844,64.58000183105469
2023-01-12,63.5098991394043,65.05999755859375
2023-01-13,63.690486907958984,65.24500274658203
2023-01-17,63.97845458984375,65.54000091552734
2023-01-18,63.153602600097656,64.69499969482422
2023-01-19,62.416587829589844,63.939998626708984
2023-01-20,64.10535430908203,65.66999816894531
2023-01-23,65.56475067138672,67.16500091552734
2023-01-24,65.53546142578125,67.13500213623047
2023-01-25,65.39879608154297,66.99500274658203
2023-01-26,66.44329833984375,68.06500244140625
2023-01-27,66.72151947021484,68.3499984741211
2023-01-30,65.44760131835938,67.04499816894531
2023-01-31,66.36031341552734,67.9800033569336
2023-02-01,67.9222183227539,69.58000183105469
2023-02-02,69.77694702148438,71.4800033569336
2023-02-03,69.19612121582031,70.88500213623047
2023-02-06,68.35171508789062,70.0199966430664
2023-02-07,70.06002807617188,71.7699966430664
2023-02-08,69.21562194824219,70.90499877929688
2023-02-09,68.83493041992188,70.51499938964844
2023-02-10,68.51766967773438,70.19000244140625
2023-02-13,69.7037124633789,71.40499877929688
2023-02-14,70.00146484375,71.70999908447266
2023-02-15,70.3284912109375,72.04499816894531
2023-02-16,69.10826873779297,70.79499816894531
2023-02-17,68.24434661865234,69.91000366210938
2023-02-21,66.6239013671875,68.25
2023-02-22,66.52628326416016,68.1500015258789
2023-02-23,67.62935638427734,69.27999877929688
2023-02-24,66.42378234863281,68.04499816894531
2023-02-27,66.78009033203125,68.41000366210938
2023-02-28,66.6336669921875,68.26000213623047
2023-03-01,66.14556121826172,67.76000213623047
2023-03-02,66.96067810058594,68.59500122070312
2023-03-03,68.4005355834961,70.06999969482422
2023-03-06,68.72754669189453,70.40499877929688
2023-03-07,67.87340545654297,69.52999877929688
2023-03-08,68.43470764160156,70.1050033569336
2023-03-09,67.45365142822266,69.0999984741211
2023-03-10,66.26759338378906,67.88500213623047
2023-03-13,66.62879180908203,68.25499725341797
2023-03-14,68.16624450683594,69.83000183105469
2023-03-15,68.20531463623047,69.87000274658203
2023-03-16,70.11861419677734,71.83000183105469
2023-03-17,70.02098846435547,71.7300033569336
2023-03-20,70.20980834960938,71.76499938964844
2023-03-21,70.7772445678711,72.34500122070312
2023-03-22,70.07283020019531,71.625
2023-03-23,71.21259307861328,72.79000091552734
2023-03-24,71.39848327636719,72.9800033569336
2023-03-27,70.84573364257812,72.41500091552734
2023-03-28,70.5130844116211,72.07499694824219
2023-03-29,71.99037170410156,73.58499908447266
2023-03-30,72.82684326171875,74.44000244140625
2023-03-31,73.86875915527344,75.50499725341797
2023-04-03,73.75135803222656,75.38500213623047
2023-04-04,73.34534454345703,74.97000122070312
2023-04-05,72.50886535644531,74.11499786376953
2023-04-06,72.9197769165039,74.53500366210938
2023-04-10,72.8806381225586,74.49500274658203
2023-04-11,72.19580841064453,73.79499816894531
2023-04-12,71.784912109375,73.375
2023-04-13,73.12032318115234,74.73999786376953
2023-04-14,72.71432495117188,74.32499694824219
2023-04-17,72.97846984863281,74.59500122070312
2023-04-18,73.2034912109375,74.82499694824219
2023-04-19,72.99314880371094,74.61000061035156
2023-04-20,72.51377868652344,74.12000274658203
2023-04-21,72.27896881103516,73.87999725341797
2023-04-24,71.96102142333984,73.55500030517578
2023-04-25,70.4250259399414,71.98500061035156
2023-04-26,71.47184753417969,73.05500030517578
2023-04-27,72.98827362060547,74.6050033569336
2023-04-28,73.78070831298828,75.41500091552734
2023-05-01,73.8247299194336,75.45999908447266
2023-05-02,73.135009765625,74.75499725341797
2023-05-03,72.51866149902344,74.125
2023-05-04,72.17134857177734,73.7699966430664
2023-05-05,73.98126220703125,75.62000274658203
2023-05-08,73.942138671875,75.58000183105469
2023-05-09,73.37471008300781,75.0
2023-05-10,74.2698745727539,75.91500091552734
2023-05-11,73.93724060058594,75.57499694824219
2023-05-12,73.83940124511719,75.4749984741211
2023-05-15,74.45083618164062,76.0999984741211
2023-05-16,74.52912902832031,76.18000030517578
2023-05-17,75.52213287353516,77.19499969482422
2023-05-18,77.06788635253906,78.7750015258789
2023-05-19,77.03365325927734,78.73999786376953
2023-05-22,77.18040466308594,78.88999938964844
2023-05-23,76.04063415527344,77.7249984741211
2023-05-24,75.4830093383789,77.15499877929688
2023-05-25,78.37885284423828,80.11499786376953
2023-05-26,80.60454559326172,82.38999938964844
2023-05-30,81.0350112915039,82.83000183105469
2023-05-31,80.3599624633789,82.13999938964844
2023-06-01,81.17686462402344,82.9749984741211
2023-06-02,81.64159393310547,83.44999694824219
2023-06-05,81.1719970703125,82.97000122070312
2023-06-06,81.15241241455078,82.94999694824219
2023-06-07,79.93928527832031,81.70999908447266
2023-06-08,80.80510711669922,82.59500122070312
2023-06-09,81.20623016357422,83.00499725341797
2023-06-12,82.97211456298828,84.80999755859375
2023-06-13,83.47594451904297,85.32499694824219
2023-06-14,84.33688354492188,86.20500183105469
2023-06-15,85.4228286743164,87.31500244140625
2023-06-16,84.71842956542969,86.59500122070312
2023-06-20,84.1458969116211,85.83000183105469
2023-06-21,82.90079498291016,84.55999755859375
2023-06-22,83.57726287841797,85.25
2023-06-23,82.67042541503906,84.32499694824219
2023-06-26,82.0772933959961,83.72000122070312
2023-06-27,83.69491577148438,85.37000274658203
2023-06-28,83.74393463134766,85.41999816894531
2023-06-29,83.89099884033203,85.56999969482422
2023-06-30,85.22431182861328,86.93000030517578
2023-07-03,85.04293823242188,86.74500274658203
2023-07-05,84.5184326171875,86.20999908447266
2023-07-06,84.2929458618164,85.9800033569336
2023-07-07,83.92530059814453,85.6050033569336
2023-07-10,84.1458969116211,85.83000183105469
2023-07-11,84.32725524902344,86.01499938964844
2023-07-12,85.28311920166016,86.98999786376953
2023-07-13,86.3958511352539,88.125
2023-07-14,86.2684097290039,87.99500274658203
2023-07-17,87.37133026123047,89.12000274658203
2023-07-18,88.36151885986328,90.12999725341797
2023-07-19,88.14091491699219,89.90499877929688
2023-07-20,86.38115692138672,88.11000061035156
2023-07-21,86.3370361328125,88.06500244140625
2023-07-24,86.4889907836914,88.22000122070312
2023-07-25,87.47917938232422,89.2300033569336
2023-07-26,86.30272674560547,88.02999877929688
2023-07-27,86.05272674560547,87.7750015258789
2023-07-28,87.22428894042969,88.97000122070312
2023-07-31,87.42526245117188,89.17500305175781
2023-08-01,87.57230377197266,89.32499694824219
2023-08-02,85.40567016601562,87.11499786376953
2023-08-03,85.05762481689453,86.76000213623047
2023-08-04,83.90078735351562,85.58000183105469
2023-08-07,84.13607788085938,85.81999969482422
2023-08-08,83.48902893066406,85.16000366210938
2023-08-09,82.4106216430664,84.05999755859375
2023-08-10,82.42041778564453,84.06999969482422
2023-08-11,81.8125991821289,83.44999694824219
2023-08-14,83.11649322509766,84.77999877929688
2023-08-15,82.29788208007812,83.94499969482422
2023-08-16,81.51358032226562,83.1449966430664
2023-08-17,80.73906707763672,82.3550033569336
2023-08-18,80.86161041259766,82.4800033569336
2023-08-21,82.40570831298828,84.05500030517578
2023-08-22,82.31258392333984,83.95999908447266
2023-08-23,83.79785919189453,85.4749984741211
2023-08-24,81.86650085449219,83.50499725341797
2023-08-25,82.6998291015625,84.3550033569336
2023-08-28,83.37628936767578,85.04499816894531
2023-08-29,85.04784393310547,86.75
2023-08-30,85.68997955322266,87.40499877929688
2023-08-31,86.10665893554688,87.83000183105469
2023-09-01,86.371337890625,88.0999984741211
2023-09-05,86.68017578125,88.41500091552734
2023-09-06,85.76351928710938,87.4800033569336
2023-09-07,84.5233383178711,86.21499633789062
2023-09-08,84.69978332519531,86.3949966430664
2023-09-11,85.1409683227539,86.84500122070312
2023-09-12,83.59686279296875,85.2699966430664
2023-09-13,83.80765533447266,85.48500061035156
2023-09-14,84.41548919677734,86.1050033569336
2023-09-15,82.79296875,84.44999694824219
2023-09-18,83.19087982177734,84.67500305175781
2023-09-19,83.14665222167969,84.62999725341797
2023-09-20,81.83998107910156,83.30000305175781
2023-09-21,80.59223937988281,82.02999877929688
2023-09-22,80.76416015625,82.20500183105469
2023-09-25,81.0245132446289,82.47000122070312
2023-09-26,79.56554412841797,80.98500061035156
2023-09-27,79.6883544921875,81.11000061035156
2023-09-28,80.2532730102539,81.68499755859375
2023-09-29,80.52837371826172,81.96499633789062
2023-10-02,81.39293670654297,82.84500122070312
2023-10-03,80.01258087158203,81.44000244140625
2023-10-04,81.00977325439453,82.45500183105469
2023-10-05,81.11785888671875,82.56500244140625
2023-10-06,82.6357650756836,84.11000061035156
2023-10-09,83.06314086914062,84.54499816894531
2023-10-10,83.19087982177734,84.67500305175781
2023-10-11,83.96210479736328,85.45999908447266
2023-10-12,84.04071044921875,85.54000091552734
2023-10-13,82.83717346191406,84.31500244140625
2023-10-16,83.63298797607422,85.125
2023-10-17,83.24491119384766,84.7300033569336
2023-10-18,82.39015197753906,83.86000061035156
2023-10-19,81.9185562133789,83.37999725341797
2023-10-20,80.53327178955078,81.97000122070312
2023-10-23,80.6266098022461,82.06500244140625
2023-10-24,81.18170928955078,82.62999725341797
2023-10-25,80.22379302978516,81.65499877929688
2023-10-26,78.69115447998047,80.09500122070312
2023-10-27,79.14800262451172,80.55999755859375
2023-10-30,79.99784088134766,81.42500305175781
2023-10-31,80.56765747070312,82.00499725341797
2023-11-01,82.12488555908203,83.58999633789062
2023-11-02,83.51508331298828,85.00499725341797
2023-11-03,84.37474060058594,85.87999725341797
2023-11-06,84.92984008789062,86.44499969482422
2023-11-07,85.85828399658203,87.38999938964844
2023-11-08,86.3446044921875,87.88500213623047
2023-11-09,85.9417953491211,87.4749984741211
2023-11-10,88.18672943115234,89.76000213623047
2023-11-13,87.67094421386719,89.23500061035156
2023-11-14,89.42464447021484,91.0199966430664
2023-11-15,89.53763580322266,91.13500213623047
2023-11-16,89.98466491699219,91.58999633789062
2023-11-17,89.7979965209961,91.4000015258789
2023-11-20,91.09976196289062,92.7249984741211
2023-11-21,90.36290740966797,91.9749984741211
2023-11-22,90.76571655273438,92.38500213623047
2023-11-24,90.5888900756836,92.20500183105469
2023-11-27,90.58397674560547,92.19999694824219
2023-11-28,90.75591278076172,92.375
2023-11-29,90.82466125488281,92.44499969482422
2023-11-30,90.95732879638672,92.58000183105469
2023-12-01,91.16364288330078,92.79000091552734
2023-12-04,90.05345153808594,91.66000366210938
2023-12-05,90.59380340576172,92.20999908447266
2023-12-06,89.82746124267578,91.43000030517578
2023-12-07,90.91800689697266,92.54000091552734
2023-12-08,91.69418334960938,93.33000183105469
2023-12-11,92.494873046875,94.1449966430664
2023-12-12,93.10892486572266,94.7699966430664
2023-12-13,93.92929077148438,95.6050033569336
2023-12-14,93.69840240478516,95.37000274658203
2023-12-15,94.16999053955078,95.8499984741211
2023-12-18,94.45161437988281,95.92500305175781
2023-12-19,94.8110122680664,96.29000091552734
2023-12-20,93.37834167480469,94.83499908447266
2023-12-21,94.42698669433594,95.9000015258789
2023-12-22,94.5500717163086,96.0250015258789
2023-12-26,94.94393920898438,96.42500305175781
2023-12-27,94.93901062011719,96.41999816894531
2023-12-28,95.05224609375,96.53500366210938
2023-12-29,94.76177215576172,96.23999786376953
2024-01-02,92.28047943115234,93.72000122070312
2024-01-03,91.34014129638672,92.76499938964844
2024-01-04,90.67059326171875,92.08499908447266
2024-01-05,90.64598083496094,92.05999755859375
2024-01-08,92.9205093383789,94.37000274658203
2024-01-09,93.06818389892578,94.5199966430664
2024-01-10,93.8608169555664,95.32499694824219
2024-01-11,94.33837127685547,95.80999755859375
2024-01-12,94.64361572265625,96.12000274658203
2024-01-16,94.87992858886719,96.36000061035156
2024-01-17,94.4122314453125,95.88500213623047
2024-01-18,96.32735443115234,97.83000183105469
2024-01-19,98.54769134521484,100.08499908447266
2024-01-22,98.98096466064453,100.5250015258789
2024-01-23,99.37972259521484,100.93000030517578
2024-01-24,100.06404876708984,101.625
2024-01-25,100.48252868652344,102.05000305175781
2024-01-26,99.32556915283203,100.875
2024-01-29,100.23637390136719,101.80000305175781
2024-01-30,99.4092788696289,100.95999908447266
2024-01-31,97.32183074951172,98.83999633789062
2024-02-01,98.54769134521484,100.08499908447266
2024-02-02,99.56681823730469,101.12000274658203
2024-02-05,99.79327392578125,101.3499984741211
2024-02-06,99.3354263305664,100.88500213623047
2024-02-07,100.6499252319336,102.22000122070312
2024-02-08,100.96501159667969,102.54000091552734
2024-02-09,102.32380676269531,103.91999816894531
2024-02-12,101.54592895507812,103.12999725341797
2024-02-13,99.82281494140625,101.37999725341797
2024-02-14,100.86653137207031,102.44000244140625
2024-02-15,100.65485382080078,102.2249984741211
2024-02-16,99.72928619384766,101.28500366210938
2024-02-20,98.715087890625,100.25499725341797
2024-02-21,98.09478759765625,99.625
2024-02-22,101.30470275878906,102.88500213623047
2024-02-23,101.0683822631836,102.6449966430664
2024-02-26,101.16686248779297,102.74500274658203
2024-02-27,101.25547790527344,102.83499908447266
2024-02-28,100.77791595458984,102.3499984741211
2024-02-29,101.90040588378906,103.48999786376953
2024-03-01,103.76138305664062,105.37999725341797
2024-03-04,103.76138305664062,105.37999725341797
2024-03-05,101.21116638183594,102.79000091552734
2024-03-06,102.0136489868164,103.6050033569336
2024-03-07,103.62351989746094,105.23999786376953
2024-03-08,102.08257293701172,103.67500305175781
2024-03-11,101.80194091796875,103.38999938964844
2024-03-12,103.88938903808594,105.51000213623047
2024-03-13,102.76689910888672,104.37000274658203
2024-03-14,102.78659057617188,104.38999938964844
2024-03-15,101.23577880859375,102.81500244140625
2024-03-18,101.73334503173828,103.1500015258789
2024-03-19,102.26100158691406,103.68499755859375
2024-03-20,103.40507507324219,104.84500122070312
2024-03-21,103.47904205322266,104.91999816894531
2024-03-22,103.51355743408203,104.95500183105469
2024-03-25,102.82810974121094,104.26000213623047
2024-03-26,102.40400695800781,103.83000183105469
2024-03-27,102.9267349243164,104.36000061035156
2024-03-28,102.70482635498047,104.13500213623047
2024-04-01,102.99085235595703,104.42500305175781
2024-04-02,101.9996337890625,103.41999816894531
2024-04-03,102.2708740234375,103.69499969482422
2024-04-04,100.65338897705078,102.05500030517578
2024-04-05,101.80731964111328,103.2249984741211
2024-04-08,101.68898010253906,103.1050033569336
2024-04-09,102.20183563232422,103.625
2024-04-10,100.94927978515625,102.3550033569336
2024-04-11,102.96617889404297,104.4000015258789
2024-04-12,101.29939270019531,102.70999908447266
2024-04-15,99.37619018554688,100.76000213623047
2024-04-16,99.49451446533203,100.87999725341797
2024-04-17,98.05951690673828,99.42500305175781
2024-04-18,96.94010162353516,98.29000091552734
2024-04-19,94.94291687011719,96.26499938964844
2024-04-22,95.79108428955078,97.125
2024-04-23,97.21131896972656,98.56500244140625
2024-04-24,97.65513610839844,99.01499938964844
2024-04-25,97.44309997558594,98.80000305175781
2024-04-26,98.54277801513672,99.91500091552734
2024-04-29,98.96688079833984,100.34500122070312
2024-04-30,96.78722381591797,98.13500213623047
2024-05-01,95.7960205078125,97.12999725341797
2024-05-02,97.17681121826172,98.52999877929688
2024-05-03,99.88411712646484,101.2750015258789
2024-05-06,101.05775451660156,102.46499633789062
2024-05-07,100.72735595703125,102.12999725341797
2024-05-08,101.01338195800781,102.41999816894531
2024-05-09,100.9837875366211,102.38999938964844
2024-05-10,101.35856628417969,102.7699966430664
2024-05-13,101.83689880371094,103.25499725341797
2024-05-14,102.73934173583984,104.16999816894531
2024-05-15,105.05213928222656,106.51499938964844
2024-05-16,104.68722534179688,106.1449966430664
2024-05-17,104.4554443359375,105.91000366210938
2024-05-20,105.68333435058594,107.15499877929688
2024-05-21,105.85594940185547,107.33000183105469
2024-05-22,106.09264373779297,107.56999969482422
2024-05-23,105.22966003417969,106.69499969482422
2024-05-24,106.11730194091797,107.59500122070312
2024-05-28,106.5660629272461,108.05000305175781
2024-05-29,105.89045715332031,107.36499786376953
2024-05-30,103.47411346435547,104.91500091552734
2024-05-31,103.63684844970703,105.08000183105469
2024-06-03,103.89820861816406,105.34500122070312
2024-06-04,104.11518859863281,105.56500244140625
2024-06-05,106.427978515625,107.91000366210938
2024-06-06,106.07292175292969,107.55000305175781
2024-06-07,106.3194808959961,107.80000305175781
2024-06-10,106.59071350097656,108.07499694824219
2024-06-11,108.57310485839844,110.08499908447266
2024-06-12,110.97464752197266,112.5199966430664
2024-06-13,111.8524398803711,113.41000366210938
2024-06-14,112.2716064453125,113.83499908447266
2024-06-17,113.97290802001953,115.55999755859375
2024-06-18,114.11592102050781,115.70500183105469
2024-06-20,112.83377075195312,114.40499877929688
2024-06-21,112.63652801513672,114.20500183105469
2024-06-24,109.87506866455078,111.20999908447266
2024-06-25,111.89059448242188,113.25
2024-06-26,111.76215362548828,113.12000274658203
2024-06-27,111.81648254394531,113.17500305175781
2024-06-28,111.7572021484375,113.11499786376953
2024-07-01,112.6019515991211,113.97000122070312
2024-07-02,113.16510009765625,114.54000091552734
2024-07-03,114.6915512084961,116.08499908447266
2024-07-05,115.04230499267578,116.44000244140625
2024-07-08,115.8277587890625,117.23500061035156
2024-07-09,115.73389434814453,117.13999938964844
2024-07-10,117.4134750366211,118.83999633789062
2024-07-11,114.47418975830078,115.86499786376953
2024-07-12,115.49678039550781,116.9000015258789
2024-07-15,115.70426177978516,117.11000061035156
2024-07-16,115.3189468383789,116.72000122070312
2024-07-17,110.83342742919922,112.18000030517578
2024-07-18,110.84330749511719,112.19000244140625
2024-07-19,109.10938262939453,110.43499755859375
2024-07-22,111.69298553466797,113.05000305175781
2024-07-23,111.24839782714844,112.5999984741211
2024-07-24,106.64433288574219,107.94000244140625
2024-07-25,105.5031967163086,106.78500366210938
2024-07-26,106.8419189453125,108.13999938964844
2024-07-29,106.36769104003906,107.66000366210938
2024-07-30,103.69515991210938,104.95500183105469
2024-07-31,108.08679962158203,109.4000015258789
2024-08-01,104.05577850341797,105.31999969482422
2024-08-02,101.13131713867188,102.36000061035156
2024-08-05,97.76224517822266,98.94999694824219
2024-08-06,99.0910873413086,100.29499816894531
2024-08-07,97.485595703125,98.66999816894531
2024-08-08,101.12637329101562,102.3550033569336
2024-08-09,101.58084106445312,102.81500244140625
2024-08-12,102.4107666015625,103.65499877929688
2024-08-13,105.55753326416016,106.83999633789062
2024-08-14,106.13551330566406,107.42500305175781
2024-08-15,109.18840789794922,110.51499938964844
2024-08-16,109.3711929321289,110.69999694824219
2024-08-19,111.17428588867188,112.5250015258789
2024-08-20,110.78401947021484,112.12999725341797
2024-08-21,111.43611145019531,112.79000091552734
2024-08-22,108.87225341796875,110.19499969482422
2024-08-23,110.6358413696289,111.9800033569336
2024-08-26,109.24769592285156,110.57499694824219
2024-08-27,109.90966033935547,111.24500274658203
2024-08-28,108.39308166503906,109.70999908447266
2024-08-29,107.41495513916016,108.72000122070312
2024-08-30,108.84262084960938,110.16500091552734
2024-09-03,103.8433609008789,105.1050033569336
2024-09-04,103.57659149169922,104.83499908447266
2024-09-05,103.41851806640625,104.67500305175781
2024-09-06,100.7361068725586,101.95999908447266
2024-09-09,102.38604736328125,103.62999725341797
2024-09-10,103.91744995117188,105.18000030517578
2024-09-11,107.46435546875,108.7699966430664
2024-09-12,108.35355377197266,109.66999816894531
2024-09-13,108.89695739746094,110.22000122070312
2024-09-16,108.48199462890625,109.80000305175781
2024-09-17,108.26958465576172,109.58499908447266
2024-09-18,107.28158569335938,108.58499908447266
2024-09-19,110.46786499023438,111.80999755859375
2024-09-20,109.92941284179688,111.26499938964844
2024-09-23,109.90912628173828,111.04499816894531
2024-09-24,110.66134643554688,111.80500030517578
2024-09-25,110.97807312011719,112.125
2024-09-26,112.44789123535156,113.61000061035156
2024-09-27,111.39873504638672,112.55000305175781
2024-09-30,111.72534942626953,112.87999725341797
2024-10-01,109.00348663330078,110.12999725341797
2024-10-02,109.81015014648438,110.94499969482422
2024-10-03,110.26543426513672,111.40499877929688
2024-10-04,111.49275207519531,112.6449966430664
2024-10-07,110.7256851196289,111.87000274658203
2024-10-08,112.79430389404297,113.95999908447266
2024-10-09,114.05625915527344,115.23500061035156
2024-10-10,114.02657318115234,115.20500183105469
2024-10-11,114.22453308105469,115.40499877929688
2024-10-14,115.7141342163086,116.91000366210938
2024-10-15,113.17041778564453,114.33999633789062
2024-10-16,113.52179718017578,114.69499969482422
2024-10-17,113.86820983886719,115.04499816894531
2024-10-18,114.27400970458984,115.45500183105469
2024-10-21,114.8084945678711,115.99500274658203
2024-10-22,114.6897201538086,115.875
2024-10-23,113.04669952392578,114.21499633789062
2024-10-24,113.37828063964844,114.55000305175781
2024-10-25,113.96717071533203,115.1449966430664
2024-10-28,113.93254852294922,115.11000061035156
2024-10-29,115.4666976928711,116.66000366210938
2024-10-30,113.63066101074219,114.80500030517578
2024-10-31,109.98335266113281,111.12000274658203
2024-11-01,110.80982208251953,111.95500183105469
2024-11-04,110.7256851196289,111.87000274658203
2024-11-05,112.2845687866211,113.44499969482422
2024-11-06,115.48153686523438,116.67500305175781
2024-11-07,117.49571990966797,118.70999908447266
2024-11-08,117.36705780029297,118.58000183105469
2024-11-11,116.71875,117.92500305175781
2024-11-12,116.86720275878906,118.07499694824219
2024-11-13,116.46141815185547,117.66500091552734
2024-11-14,116.06549835205078,117.26499938964844
2024-11-15,113.18527221679688,114.3550033569336
2024-11-18,113.55147552490234,114.7249984741211
2024-11-19,114.48186492919922,115.66500091552734
2024-11-20,114.38288879394531,115.56500244140625
2024-11-21,115.54586791992188,116.73999786376953
2024-11-22,115.60525512695312,116.80000305175781
2024-11-25,115.60031127929688,116.79499816894531
2024-11-26,116.17931365966797,117.37999725341797
2024-11-27,114.60558319091797,115.79000091552734
2024-11-29,115.66960144042969,116.86499786376953
2024-12-02,116.76824951171875,117.9749984741211
2024-12-03,117.18889617919922,118.4000015258789
2024-12-04,119.33174133300781,120.56500244140625
2024-12-05,118.72798156738281,119.95500183105469
2024-12-06,119.18822479248047,120.41999816894531
2024-12-09,118.41127014160156,119.63500213623047
2024-12-10,116.76824951171875,117.9749984741211
2024-12-11,118.46074676513672,119.68499755859375
2024-12-12,117.797607421875,119.01499938964844
2024-12-13,118.30238342285156,119.5250015258789
2024-12-16,119.48516082763672,120.72000122070312
2024-12-17,118.76261901855469,119.98999786376953
2024-12-18,114.93222045898438,116.12000274658203
2024-12-19,115.0559310913086,116.24500274658203
2024-12-20,116.773193359375,117.9800033569336
2024-12-23,118.01044464111328,119.03500366210938
2024-12-24,119.22985076904297,120.26499938964844
2024-12-26,119.30917358398438,120.34500122070312
2024-12-27,117.72294616699219,118.74500274658203
2024-12-30,116.22594451904297,117.23500061035156
2024-12-31,115.25932312011719,116.26000213623047
2025-01-02,114.9866943359375,115.98500061035156
2025-01-03,116.86042022705078,117.875
2025-01-06,118.3475112915039,119.375
2025-01-07,115.97312927246094,116.9800033569336
2025-01-08,115.93348693847656,116.94000244140625
2025-01-10,113.40542602539062,114.38999938964844
2025-01-13,112.60240173339844,113.58000183105469
2025-01-14,112.89981842041016,113.87999725341797
2025-01-15,115.14530944824219,116.1449966430664
2025-01-16,114.25802612304688,115.25
2025-01-17,116.0474853515625,117.05500030517578
2025-01-21,117.01408386230469,118.02999877929688
2025-01-22,119.6561508178711,120.69499969482422
2025-01-23,119.86930847167969,120.91000366210938
2025-01-24,118.62014770507812,119.6500015258789
2025-01-27,112.80562591552734,113.78500366210938
2025-01-28,115.81449890136719,116.81999969482422
2025-01-29,114.87268829345703,115.87000274658203
2025-01-30,115.08583068847656,116.08499908447266
2025-01-31,114.41168212890625,115.40499877929688
2025-02-03,112.87007141113281,113.8499984741211
2025-02-04,114.49595642089844,115.48999786376953
2025-02-05,116.08715057373047,117.09500122070312
2025-02-06,116.40438842773438,117.41500091552734
2025-02-07,115.40804290771484,116.41000366210938
2025-02-10,117.09341430664062,118.11000061035156
2025-02-11,117.14793395996094,118.16500091552734
2025-02-12,116.89513397216797,117.91000366210938
2025-02-13,118.5507583618164,119.58000183105469
2025-02-14,118.9522705078125,119.98500061035156
2025-02-18,120.03785705566406,121.08000183105469
2025-02-19,120.0477523803711,121.08999633789062
2025-02-20,119.66607666015625,120.70500183105469
2025-02-21,116.4242172241211,117.43499755859375
2025-02-24,114.75867462158203,115.75499725341797
2025-02-25,113.2715835571289,114.25499725341797
2025-02-26,114.50587463378906,115.5
2025-02-27,110.33706665039062,111.29499816894531
2025-02-28,111.7944107055664,112.76499938964844
2025-03-03,108.3939437866211,109.33499908447266
2025-03-04,108.30966186523438,109.25
2025-03-05,109.83145904541016,110.78500366210938
2025-03-06,106.78292083740234,107.70999908447266
2025-03-07,108.3294906616211,109.2699966430664
2025-03-10,103.7244644165039,104.625
2025-03-11,103.3031234741211,104.19999694824219
2025-03-12,104.92900848388672,105.83999633789062
2025-03-13,102.93630981445312,103.83000183105469
2025-03-14,106.0492935180664,106.97000122070312
2025-03-17,106.78787231445312,107.71499633789062
2025-03-18,105.1619873046875,106.07499694824219
2025-03-19,106.53012084960938,107.45500183105469
2025-03-20,105.77169799804688,106.69000244140625
2025-03-21,106.0592041015625,106.9800033569336
2025-03-24,108.06781768798828,108.81500244140625
2025-03-25,108.42534637451172,109.17500305175781
2025-03-26,106.00706481933594,106.73999786376953
2025-03-27,105.02882385253906,105.75499725341797
2025-03-28,102.4814453125,103.19000244140625
2025-03-31,102.5311050415039,103.23999786376953
2025-04-01,103.28091430664062,103.99500274658203
2025-04-02,104.04562377929688,104.76499938964844
2025-04-03,96.9447250366211,97.61499786376953
2025-04-04,90.55886840820312,91.18499755859375
2025-04-07,91.10013580322266,91.7300033569336
2025-04-08,89.24794006347656,89.86499786376953
2025-04-09,101.2301025390625,101.93000030517578
2025-04-10,96.5176773071289,97.18499755859375
2025-04-11,98.49401092529297,99.17500305175781
2025-04-14,99.39279174804688,100.08000183105469
2025-04-15,99.75528717041016,100.44499969482422
2025-04-16,96.28925323486328,96.95500183105469
2025-04-17,95.76786041259766,96.43000030517578
2025-04-21,93.29496002197266,93.94000244140625
2025-04-22,95.56922912597656,96.2300033569336
2025-04-23,98.34007263183594,99.0199966430664
2025-04-24,102.00970458984375,102.71499633789062
2025-04-25,103.51927185058594,104.23500061035156
2025-04-28,103.35042572021484,104.06500244140625
2025-04-29,103.83211517333984,104.55000305175781
2025-04-30,104.26411437988281,104.98500061035156
2025-05-01,105.79354095458984,106.5250015258789
2025-05-02,107.56130981445312,108.30500030517578
2025-05-05,106.99027252197266,107.7300033569336
2025-05-06,106.10140991210938,106.83499908447266
2025-05-07,107.1640625,107.90499877929688
2025-05-08,108.18699645996094,108.93499755859375
2025-05-09,108.05291748046875,108.80000305175781
2025-05-12,113.0682373046875,113.8499984741211
2025-05-13,115.51134490966797,116.30999755859375
2025-05-14,116.26117706298828,117.06500244140625
2025-05-15,116.4200668334961,117.2249984741211
2025-05-16,116.63855743408203,117.44499969482422
2025-05-19,116.46971893310547,117.2750015258789
2025-05-20,116.0327377319336,116.83499908447266
2025-05-21,113.85281372070312,114.63999938964844
2025-05-22,113.88260650634766,114.66999816894531
2025-05-23,112.62630462646484,113.40499877929688
2025-05-27,115.30279541015625,116.0999984741211
2025-05-28,114.82608795166016,115.62000274658203
2025-05-29,115.0197525024414,115.81500244140625
2025-05-30,114.6622314453125,115.45500183105469
2025-06-02,115.67521667480469,116.4749984741211
2025-06-03,117.41319274902344,118.2249984741211
2025-06-04,117.58700561523438,118.4000015258789
2025-06-05,117.25430297851562,118.06500244140625
2025-06-06,118.36164855957031,119.18000030517578
2025-06-09,118.942626953125,119.76499938964844
2025-06-10,119.60802459716797,120.43499755859375
2025-06-11,119.3448486328125,120.16999816894531
2025-06-12,120.45219421386719,121.28500366210938
2025-06-13,118.76385498046875,119.58499908447266
2025-06-16,120.6855697631836,121.5199966430664
2025-06-17,119.83148956298828,120.66000366210938
2025-06-18,119.97547912597656,120.80500030517578
2025-06-20,119.44415283203125,120.2699966430664
2025-06-23,120.80601501464844,121.44000244140625
2025-06-24,122.97463989257812,123.62000274658203
2025-06-25,124.02412414550781,124.67500305175781
2025-06-26,124.87964630126953,125.53500366210938
2025-06-27,124.73042297363281,125.38500213623047
2025-06-30,125.95399475097656,126.61499786376953
2025-07-01,124.82990264892578,125.48500061035156
2025-07-02,126.14797973632812,126.80999755859375
2025-07-03,127.80924987792969,128.47999572753906
2025-07-07,126.79458618164062,127.45999908447266
2025-07-08,127.47600555419922,128.14500427246094
2025-07-09,128.24197387695312,128.9149932861328
2025-07-10,127.81922149658203,128.49000549316406
2025-07-11,127.25716400146484,127.92500305175781
2025-07-14,127.15270233154297,127.81999969482422
2025-07-15,128.2817840576172,128.9550018310547
2025-07-16,128.67970275878906,129.35499572753906
2025-07-17,129.84854125976562,130.52999877929688
2025-07-18,129.76400756835938,130.44500732421875
2025-07-21,129.93312072753906,130.61500549316406
2025-07-22,128.7294464111328,129.40499877929688
2025-07-23,129.46559143066406,130.14500427246094
2025-07-24,130.0126953125,130.69500732421875
2025-07-25,130.31112670898438,130.9949951171875
2025-07-28,131.3506622314453,132.0399932861328
2025-07-29,131.35565185546875,132.0449981689453
2025-07-30,131.64910888671875,132.33999633789062
2025-07-31,130.6841583251953,131.3699951171875
2025-08-01,127.86398315429688,128.53500366210938
2025-08-04,130.4603729248047,131.14500427246094
2025-08-05,129.3810272216797,130.05999755859375
2025-08-06,130.83836364746094,131.52499389648438
2025-08-07,130.95774841308594,131.64500427246094
2025-08-08,132.265869140625,132.9600067138672
2025-08-11,131.37057495117188,132.05999755859375
2025-08-12,133.40489196777344,134.10499572753906
2025-08-13,133.45465087890625,134.15499877929688
2025-08-14,133.16615295410156,133.86500549316406
2025-08-15,132.1564483642578,132.85000610351562
2025-08-18,132.43995666503906,133.13499450683594
2025-08-19,130.12710571289062,130.80999755859375
2025-08-20,129.2467041015625,129.9250030517578
2025-08-21,128.77919006347656,129.4550018310547
2025-08-22,130.52500915527344,131.2100067138672
2025-08-25,130.23153686523438,130.9149932861328
2025-08-26,130.82843017578125,131.51499938964844
2025-08-27,131.53472900390625,132.22500610351562
2025-08-28,132.57424926757812,133.27000427246094
2025-08-29,130.53994750976562,131.22500610351562
2025-09-02,129.22183227539062,129.89999389648438
2025-09-03,129.99281311035156,130.6750030517578
2025-09-04,130.63442993164062,131.32000732421875
2025-09-05,130.7438507080078,131.42999267578125
2025-09-08,131.72372436523438,132.4149932861328
2025-09-09,131.97738647460938,132.6699981689453
2025-09-10,134.36981201171875,135.0749969482422
2025-09-11,134.82244873046875,135.52999877929688
2025-09-12,134.73292541503906,135.44000244140625
2025-09-15,135.9465789794922,136.66000366210938
2025-09-16,135.4740447998047,136.18499755859375
2025-09-17,135.00648498535156,135.71499633789062
2025-09-18,137.33924865722656,138.05999755859375
2025-09-19,138.73194885253906,139.4600067138672
2025-09-22,140.77285766601562,141.3300018310547
2025-09-23,139.5576629638672,140.11000061035156
2025-09-24,138.69607543945312,139.2449951171875
2025-09-25,138.45204162597656,139.0
2025-09-26,138.87039184570312,139.4199981689453
2025-09-29,139.61245727539062,140.1649932861328
2025-09-30,140.3744354248047,140.92999267578125
2025-10-01,141.74900817871094,142.30999755859375
2025-10-02,142.51596069335938,143.0800018310547
2025-10-03,141.79881286621094,142.36000061035156
2025-10-06,143.23312377929688,143.8000030517578
2025-10-07,142.2769012451172,142.83999633789062
2025-10-08,144.77203369140625,145.34500122070312
2025-10-09,144.5279998779297,145.10000610351562
2025-10-10,138.64630126953125,139.19500732421875
2025-10-13,142.02291870117188,142.5850067138672
2025-10-14,140.20013427734375,140.7550048828125
2025-10-15,141.58963012695312,142.14999389648438
2025-10-16,141.6942138671875,142.2550048828125
2025-10-17,141.9432373046875,142.5050048828125
2025-10-20,143.52696228027344,144.09500122070312
2025-10-21,143.60166931152344,144.1699981689453
2025-10-22,142.18228149414062,142.7449951171875
2025-10-23,143.9751739501953,144.5449981689453
2025-10-24,146.21133422851562,146.7899932861328
2025-10-27,148.91064453125,149.5
2025-10-28,150.3848114013672,150.97999572753906
2025-10-29,151.46554565429688,152.06500244140625
2025-10-30,149.60292053222656,150.19500732421875
2025-10-31,149.74734497070312,150.33999633789062
2025-11-03,150.35992431640625,150.9550018310547
2025-11-04,146.39064025878906,146.97000122070312
2025-11-05,146.96336364746094,147.5449981689453
2025-11-06,144.01004028320312,144.5800018310547
2025-11-07,143.51202392578125,144.0800018310547
2025-11-10,147.1824951171875,147.76499938964844
2025-11-11,145.92745971679688,146.5050048828125
2025-11-12,146.38067626953125,146.9600067138672
2025-11-13,142.73011779785156,143.2949981689453
2025-11-14,143.5070343017578,144.0749969482422
2025-11-17,141.2609405517578,141.82000732421875
2025-11-18,138.96502685546875,139.51499938964844
2025-11-19,139.9311981201172,140.48500061035156
2025-11-20,135.53857421875,136.0749969482422
2025-11-21,136.06150817871094,136.60000610351562
2025-11-24,139.3036651611328,139.85499572753906
2025-11-25,139.6772003173828,140.22999572753906
2025-11-26,141.33065795898438,141.88999938964844
2025-11-28,142.5458526611328,143.11000061035156
2025-12-01,142.610595703125,143.1750030517578
2025-12-02,144.07977294921875,144.64999389648438
2025-12-03,144.4234161376953,144.9949951171875
2025-12-04,144.96128845214844,145.53500366210938
2025-12-05,146.02210998535156,146.60000610351562
2025-12-08,147.04803466796875,147.6300048828125
2025-12-09,147.43649291992188,148.02000427246094
2025-12-10,148.14370727539062,148.72999572753906
2025-12-11,147.38668823242188,147.97000122070312
2025-12-12,143.12356567382812,143.69000244140625
2025-12-15,141.73904418945312,142.3000030517578
2025-12-16,141.9980010986328,142.55999755859375
2025-12-17,138.84051513671875,139.38999938964844
2025-12-18,140.98202514648438,141.5399932861328
2025-12-19,144.0299835205078,144.60000610351562
2025-12-22,144.8070831298828,145.16000366210938
2025-12-23,145.5951385498047,145.9499969482422
2025-12-24,145.94430541992188,146.3000030517578
2025-12-26,146.17373657226562,146.52999877929688
2025-12-29,145.51535034179688,145.8699951171875
2025-12-30,145.0564727783203,145.41000366210938
2025-12-31,143.61996459960938,143.97000122070312
2026-01-02,143.94915771484375,144.3000030517578
2026-01-05,144.26837158203125,144.6199951171875
2026-01-06,146.29344177246094,146.64999389648438
2026-01-07,146.17373657226562,146.52999877929688
2026-01-08,143.88931274414062,144.24000549316406
2026-01-09,145.79466247558594,146.14999389648438
2026-01-12,146.43310546875,146.7899932861328
2026-01-13,146.1238555908203,146.47999572753906
2026-01-14,144.3481903076172,144.6999969482422
2026-01-15,145.10635375976562,145.4600067138672
2026-01-16,145.2659454345703,145.6199951171875
2026-01-20,141.49513244628906,141.83999633789062
2026-01-21,143.46035766601562,143.80999755859375
2026-01-22,144.5277557373047,144.8800048828125
2026-01-23,144.73724365234375,145.08999633789062
2026-01-26,145.72483825683594,146.0800018310547
2026-01-27,147.6900634765625,148.0500030517578
2026-01-28,148.86717224121094,149.22999572753906
2026-01-29,146.51292419433594,146.8699951171875
2026-01-30,143.5301971435547,143.8800048828125
2026-02-02,144.9068145751953,145.25999450683594
2026-02-03,141.7345733642578,142.0800018310547
2026-02-04,137.78419494628906,138.1199951171875
2026-02-05,135.3002471923828,135.6300048828125
2026-02-06,140.78688049316406,141.1300048828125
2026-02-09,143.00148010253906,143.35000610351562
2026-02-10,142.20343017578125,142.5500030517578
2026-02-11,142.62240600585938,142.97000122070312
2026-02-12,138.87155151367188,139.2100067138672
2026-02-13,139.22068786621094,139.55999755859375
2026-02-17,139.140869140625,139.47999572753906
2026-02-18,140.56741333007812,140.91000366210938
2026-02-19,139.86911010742188,140.2100067138672
2026-02-20,140.5374755859375,140.8800048828125
2026-02-23,138.18321228027344,138.52000427246094
2026-02-24,139.97885131835938,140.32000732421875
2026-02-25,142.66229248046875,143.00999450683594
2026-02-26,140.6671600341797,141.00999450683594
2026-02-27,138.42263793945312,138.75999450683594
2026-03-02,139.2007293701172,139.5399932861328
2026-03-03,137.1656951904297,137.5
2026-03-04,139.5,139.83999633789062
2026-03-05,139.83917236328125,140.17999267578125
2026-03-06,136.95619201660156,137.2899932861328
2026-03-09,139.42019653320312,139.75999450683594
2026-03-10,139.42019653320312,139.75999450683594
2026-03-11,140.08856201171875,140.42999267578125
2026-03-12,137.50486755371094,137.83999633789062
2026-03-13,136.4674072265625,136.8000030517578
2026-03-16,138.4425811767578,138.77999877929688
2026-03-17,139.2007293701172,139.5399932861328
2026-03-18,137.6245880126953,137.9600067138672
2026-03-19,138.0934295654297,138.42999267578125
2026-03-20,134.96107482910156,135.2899932861328
2026-03-23,136.78689575195312,136.9499969482422
2026-03-24,135.9878387451172,136.14999389648438
2026-03-25,136.5971221923828,136.75999450683594
2026-03-26,132.34219360351562,132.5
2026-03-27,129.76527404785156,129.9199981689453
2026-03-30,127.34815216064453,127.5
2026-03-31,132.74171447753906,132.89999389648438
2026-04-01,134.74932861328125,134.91000366210938
2026-04-02,135.8280487060547,135.99000549316406
2026-04-06,136.61709594726562,136.77999877929688
2026-04-07,137.2663116455078,137.42999267578125
2026-04-08,141.52125549316406,141.69000244140625
2026-04-09,141.9008026123047,142.07000732421875
2026-04-10,142.45013427734375,142.6199951171875
2026-04-13,145.43658447265625,145.61000061035156
2026-04-14,147.76380920410156,147.94000244140625
2026-04-15,150.12100219726562,150.3000030517578
2026-04-16,151.83895874023438,152.02000427246094
2026-04-17,154.1661834716797,154.35000610351562
2026-04-20,154.37591552734375,154.55999755859375
2026-04-21,154.50576782226562,154.69000244140625
2026-04-22,157.90171813964844,158.08999633789062
2026-04-23,155.65440368652344,155.83999633789062
2026-04-24,160.02919006347656,160.22000122070312
2026-04-27,160.37876892089844,160.57000732421875
2026-04-28,157.66201782226562,157.85000610351562
2026-04-29,158.92050170898438,159.11000061035156
2026-04-30,159.31004333496094,159.5
2026-05-01,161.67721557617188,161.8699951171875
2026-05-04,161.8570098876953,162.0500030517578
2026-05-05,165.4327392578125,165.6300048828125
2026-05-06,169.82749938964844,170.02999877929688
2026-05-07,169.4879150390625,169.69000244140625
2026-05-08,175.31097412109375,175.52000427246094
2026-05-11,177.66815185546875,177.8800048828125
2026-05-12,174.99134826660156,175.1999969482422
2026-05-13,176.63938903808594,176.85000610351562
2026-05-14,179.28622436523438,179.5
2026-05-15,176.05007934570312,176.25999450683594
2026-05-18,174.15234375,174.36000061035156
2026-05-19,173.03367614746094,173.24000549316406
2026-05-20,176.9290313720703,177.13999938964844
2026-05-21,178.38729858398438,178.60000610351562
2026-05-22,180.17515563964844,180.38999938964844
2026-05-26,184.9195098876953,185.13999938964844
2026-05-27,184.21034240722656,184.42999267578125
2026-05-28,186.62747192382812,186.85000610351562
2026-05-29,190.79251098632812,191.02000427246094
2026-06-01,195.52685546875,195.75999450683594
2026-06-02,197.9739532470703,198.2100067138672
2026-06-03,195.9962921142578,196.22999572753906
2026-06-04,192.93994140625,193.1699981689453
2026-06-05,180.08526611328125,180.3000030517578
2026-06-08,183.9606475830078,184.17999267578125
2026-06-09,180.55471801757812,180.77000427246094
2026-06-10,176.41964721679688,176.6300048828125
2026-06-11,182.99180603027344,183.2100067138672
2026-06-12,184.5799102783203,184.8000030517578
2026-06-15,191.56158447265625,191.7899932861328
2026-06-16,186.21795654296875,186.44000244140625
2026-06-17,185.57872009277344,185.8000030517578
2026-06-18,191.21200561523438,191.44000244140625
2026-06-22,192.14999389648438,192.14999389648438
2026-06-23,184.19000244140625,184.19000244140625
2026-06-24,183.0500030517578,183.0500030517578
2026-06-25,184.57000732421875,184.57000732421875
2026-06-26,181.11000061035156,181.11000061035156
2026-06-29,185.41000366210938,185.41000366210938
2026-06-30,190.52000427246094,190.52000427246094
2026-07-01,185.6199951171875,185.6199951171875
2026-07-02,180.58999633789062,180.58999633789062
2026-07-06,183.57000732421875,183.57000732421875
2026-07-07,179.17999267578125,179.17999267578125
2026-07-08,181.39999389648438,181.39999389648438
2026-07-09,185.35000610351562,185.35000610351562
2026-07-10,185.77999877929688,185.77999877929688
2026-07-13,181.27999877929688,181.27999877929688
2026-07-14,183.6199951171875,183.6199951171875
2026-07-15,181.5800018310547,181.5800018310547
2026-07-16,177.52000427246094,177.52000427246094
2026-07-17,175.58999633789062,175.58999633789062
2026-07-20,175.7100067138672,175.7100067138672
2026-07-21,180.77999877929688,180.77999877929688
2026-07-22,180.27000427246094,180.27000427246094
2026-07-23,178.4499969482422,178.4499969482422
2026-07-24,175.8800048828125,175.8800048828125
2026-07-27,174.3000030517578,174.3000030517578
2026-07-28,171.08999633789062,171.08999633789062
2026-07-29,166.57000732421875,166.57000732421875
2026-07-30,175.72999572753906,175.72999572753906
2026-07-31,175.35000610351562,175.35000610351562
2026-08-03,178.0399932861328,178.0399932861328
2026-08-04,186.89999389648438,186.89999389648438
2026-08-05,185.91000366210938,185.91000366210938
2026-08-06,185.3300018310547,185.3300018310547
2026-08-07,187.97000122070312,187.97000122070312
2026-08-10,186.32000732421875,186.32000732421875
2026-08-11,186.08999633789062,186.08999633789062
2026-08-12,188.86000061035156,188.86000061035156
2026-08-13,190.77000427246094,190.77000427246094
2026-08-14,190.00999450683594,190.00999450683594
2026-08-17,190.32000732421875,190.32000732421875
2026-08-18,185.6199951171875,185.6199951171875
2026-08-19,183.63999938964844,183.63999938964844
2026-08-20,183.10000610351562,183.10000610351562
2026-08-21,183.30999755859375,183.30999755859375
