date,adj_close,split_adj_close
2015-10-08,20.8613224029541,30.209999084472656
2015-10-09,20.82679557800293,30.15999984741211
2015-10-12,20.957998275756836,30.350000381469727
2015-10-13,20.82679557800293,30.15999984741211
2015-10-14,20.82679557800293,30.15999984741211
2015-10-15,20.764644622802734,30.06999969482422
2015-10-16,21.159635543823242,30.642000198364258
2015-10-19,21.4068546295166,31.0
2015-10-20,21.427570343017578,31.030000686645508
2015-10-21,21.444833755493164,31.05500030517578
2015-10-22,21.716217041015625,31.447999954223633
2015-10-23,21.455190658569336,31.06999969482422
2015-10-26,21.482810974121094,31.110000610351562
2015-10-27,21.488340377807617,31.118000030517578
2015-10-28,21.410295486450195,31.0049991607666
2015-10-29,21.507675170898438,31.145999908447266
2015-10-30,21.372323989868164,30.950000762939453
2015-11-02,21.372323989868164,30.950000762939453
2015-11-03,21.64854621887207,31.350000381469727
2015-11-04,21.55877113342285,31.219999313354492
2015-11-05,21.47589874267578,31.100000381469727
2015-11-06,20.681777954101562,29.950000762939453
2015-11-09,20.516054153442383,29.709999084472656
2015-11-10,20.73702621459961,30.030000686645508
2015-11-11,20.80884552001953,30.134000778198242
2015-11-12,20.681777954101562,29.950000762939453
2015-11-13,20.41246795654297,29.559999465942383
2015-11-16,20.391752243041992,29.530000686645508
2015-11-17,20.709402084350586,29.989999771118164
2015-11-18,20.95454978942871,30.344999313354492
2015-11-19,21.0684814453125,30.510000228881836
2015-11-20,21.241117477416992,30.760000228881836
2015-11-23,21.35160255432129,30.920000076293945
2015-11-24,21.027053833007812,30.450000762939453
2015-11-25,21.027053833007812,30.450000762939453
2015-11-27,21.185874938964844,30.68000030517578
2015-11-30,21.234210968017578,30.75
2015-12-01,21.58570098876953,31.259000778198242
2015-12-02,21.14444923400879,30.6200008392334
2015-12-03,20.723217010498047,30.010000228881836
2015-12-04,21.14444923400879,30.6200008392334
2015-12-07,21.14444923400879,30.6200008392334
2015-12-08,21.2135009765625,30.719999313354492
2015-12-09,21.096105575561523,30.549999237060547
2015-12-10,20.92346954345703,30.299999237060547
2015-12-11,20.811603546142578,30.13800048828125
2015-12-14,20.875823974609375,30.231000900268555
2015-12-15,21.116819381713867,30.579999923706055
2015-12-16,21.496614456176758,31.1299991607666
2015-12-17,21.468997955322266,31.09000015258789
2015-12-18,21.189727783203125,30.350000381469727
2015-12-21,21.224637985229492,30.399999618530273
2015-12-22,21.420127868652344,30.68000030517578
2015-12-23,21.629587173461914,30.979999542236328
2015-12-24,21.650527954101562,31.010000228881836
2015-12-28,21.592580795288086,30.927000045776367
2015-12-29,21.95074462890625,31.440000534057617
2015-12-30,21.95074462890625,31.440000534057617
2015-12-31,21.77200698852539,31.18400001525879
2016-01-04,21.26652717590332,30.459999084472656
2016-01-05,21.910947799682617,31.382999420166016
2016-01-06,21.69940185546875,31.079999923706055
2016-01-07,21.301433563232422,30.510000228881836
2016-01-08,21.022171020507812,30.110000610351562
2016-01-11,21.14783477783203,30.290000915527344
2016-01-12,20.917442321777344,29.959999084472656
2016-01-13,20.70100212097168,29.649999618530273
2016-01-14,20.770824432373047,29.75
2016-01-15,20.421730041503906,29.25
2016-01-19,20.561368942260742,29.450000762939453
2016-01-20,20.009803771972656,28.65999984741211
2016-01-21,20.163408279418945,28.8799991607666
2016-01-22,20.582319259643555,29.479999542236328
2016-01-25,20.582319259643555,29.479999542236328
2016-01-26,20.765241622924805,29.742000579833984
2016-01-27,20.582319259643555,29.479999542236328
2016-01-28,20.358896255493164,29.15999984741211
2016-01-29,20.379838943481445,29.190000534057617
2016-02-01,20.812715530395508,29.809999465942383
2016-02-02,20.547405242919922,29.43000030517578
2016-02-03,20.568349838256836,29.459999084472656
2016-02-04,20.691932678222656,29.636999130249023
2016-02-05,20.31560707092285,29.097999572753906
2016-02-08,19.239017486572266,27.555999755859375
2016-02-09,19.08820915222168,27.34000015258789
2016-02-10,19.493152618408203,27.920000076293945
2016-02-11,19.00442886352539,27.219999313354492
2016-02-12,19.19293785095215,27.489999771118164
2016-02-16,19.19293785095215,27.489999771118164
2016-02-17,19.793373107910156,28.350000381469727
2016-02-18,20.03773307800293,28.700000762939453
2016-02-19,20.009803771972656,28.65999984741211
2016-02-22,20.317005157470703,29.100000381469727
2016-02-23,20.2122802734375,28.950000762939453
2016-02-24,20.229036331176758,28.974000930786133
2016-02-25,20.358896255493164,29.15999984741211
2016-02-26,20.505508422851562,29.3700008392334
2016-02-29,20.477588653564453,29.329999923706055
2016-03-01,20.96631622314453,30.030000686645508
2016-03-02,21.19670867919922,30.360000610351562
2016-03-03,21.226030349731445,30.402000427246094
2016-03-04,21.287473678588867,30.489999771118164
2016-03-07,21.273509979248047,30.469999313354492
2016-03-08,21.241392135620117,30.423999786376953
2016-03-09,21.17646598815918,30.33099937438965
2016-03-10,21.07662582397461,30.187999725341797
2016-03-11,21.566747665405273,30.889999389648438
2016-03-14,21.636566162109375,30.989999771118164
2016-03-15,21.779687881469727,31.19499969482422
2016-03-16,21.615617752075195,30.959999084472656
2016-03-17,22.338930130004883,31.996000289916992
2016-03-18,22.181751251220703,31.469999313354492
2016-03-21,22.068971633911133,31.309999465942383
2016-03-22,22.030202865600586,31.2549991607666
2016-03-23,21.949146270751953,31.139999389648438
2016-03-24,21.984390258789062,31.190000534057617
2016-03-28,22.125356674194336,31.389999389648438
2016-03-29,22.60466194152832,32.06999969482422
2016-03-30,22.55532455444336,32.0
2016-03-31,22.66809844970703,32.15999984741211
2016-04-01,22.71532440185547,32.22700119018555
2016-04-04,22.682191848754883,32.18000030517578
2016-04-05,22.47920036315918,31.892000198364258
2016-04-06,22.541223526000977,31.979999542236328
2016-04-07,22.357959747314453,31.719999313354492
2016-04-08,22.56941795349121,32.02000045776367
2016-04-11,22.55532455444336,32.0
2016-04-12,22.654001235961914,32.13999938964844
2016-04-13,22.567306518554688,32.016998291015625
2016-04-14,22.477781295776367,31.889999389648438
2016-04-15,22.63285255432129,32.11000061035156
2016-04-18,22.717435836791992,32.22999954223633
2016-04-19,22.639904022216797,32.119998931884766
2016-04-20,22.414348602294922,31.799999237060547
2016-04-21,21.89557456970215,31.06399917602539
2016-04-22,22.17470359802246,31.459999084472656
2016-04-25,22.330472946166992,31.680999755859375
2016-04-26,22.393203735351562,31.770000457763672
2016-04-27,22.30862045288086,31.649999618530273
2016-04-28,22.3311710357666,31.68199920654297
2016-04-29,22.118310928344727,31.3799991607666
2016-05-02,22.35091209411621,31.709999084472656
2016-05-03,22.46368980407715,31.8700008392334
2016-05-04,22.78792381286621,32.33000183105469
2016-05-05,22.80906867980957,32.36000061035156
2016-05-06,22.92889404296875,32.529998779296875
2016-05-09,23.160093307495117,32.858001708984375
2016-05-10,23.246076583862305,32.97999954223633
2016-05-11,22.823165893554688,32.380001068115234
2016-05-12,22.900697708129883,32.4900016784668
2016-05-13,22.57012176513672,32.020999908447266
2016-05-16,22.87813949584961,32.45800018310547
2016-05-17,22.498931884765625,31.920000076293945
2016-05-18,21.9442195892334,31.132999420166016
2016-05-19,21.89980697631836,31.06999969482422
2016-05-20,22.049238204956055,31.281999588012695
2016-05-23,22.118310928344727,31.3799991607666
2016-05-24,22.266334533691406,31.59000015258789
2016-05-25,22.41716957092285,31.804000854492188
2016-05-26,22.400259017944336,31.780000686645508
2016-05-27,22.488357543945312,31.905000686645508
2016-05-31,22.498931884765625,31.920000076293945
2016-06-01,22.414348602294922,31.799999237060547
2016-06-02,22.48483657836914,31.899999618530273
2016-06-03,22.586332321166992,32.04399871826172
2016-06-06,22.597606658935547,32.060001373291016
2016-06-07,22.615942001342773,32.08599853515625
2016-06-08,22.724491119384766,32.2400016784668
2016-06-09,22.772418975830078,32.30799865722656
2016-06-10,22.66104507446289,32.150001525878906
2016-06-13,22.654001235961914,32.13999938964844
2016-06-14,22.548274993896484,31.989999771118164
2016-06-15,22.78087615966797,32.31999969482422
2016-06-16,22.897876739501953,32.486000061035156
2016-06-17,22.862346649169922,32.16999816894531
2016-06-20,22.883668899536133,32.20000076293945
2016-06-21,23.068445205688477,32.459999084472656
2016-06-22,23.047122955322266,32.43000030517578
2016-06-23,23.146615982055664,32.56999969482422
2016-06-24,22.855236053466797,32.15999984741211
2016-06-27,22.8197021484375,32.11000061035156
2016-06-28,23.239004135131836,32.70000076293945
2016-06-29,23.67962074279785,33.31999969482422
2016-06-30,23.87150764465332,33.59000015258789
2016-07-01,23.85729217529297,33.56999969482422
2016-07-05,24.031402587890625,33.814998626708984
2016-07-06,23.999425888061523,33.77000045776367
2016-07-07,23.700937271118164,33.349998474121094
2016-07-08,24.111709594726562,33.928001403808594
2016-07-11,24.29790687561035,34.189998626708984
2016-07-12,24.34764862060547,34.2599983215332
2016-07-13,24.46135139465332,34.41999816894531
2016-07-14,24.325618743896484,34.229000091552734
2016-07-15,24.29008674621582,34.17900085449219
2016-07-18,24.29790687561035,34.189998626708984
2016-07-19,24.3675479888916,34.28799819946289
2016-07-20,24.333433151245117,34.2400016784668
2016-07-21,24.404508590698242,34.34000015258789
2016-07-22,24.589284896850586,34.599998474121094
2016-07-25,24.55375099182129,34.54999923706055
2016-07-26,24.415164947509766,34.35499954223633
2016-07-27,24.23394203186035,34.099998474121094
2016-07-28,24.383190155029297,34.310001373291016
2016-07-29,24.64470863342285,34.678001403808594
2016-08-01,24.724315643310547,34.790000915527344
2016-08-02,24.34764862060547,34.2599983215332
2016-08-03,24.162874221801758,34.0
2016-08-04,24.1202335357666,33.939998626708984
2016-08-05,24.1202335357666,33.939998626708984
2016-08-08,24.113126754760742,33.93000030517578
2016-08-09,24.276588439941406,34.15999984741211
2016-08-10,24.226839065551758,34.09000015258789
2016-08-11,23.999425888061523,33.77000045776367
2016-08-12,24.077600479125977,33.880001068115234
2016-08-15,24.04917335510254,33.84000015258789
2016-08-16,23.757795333862305,33.43000030517578
2016-08-17,23.85729217529297,33.56999969482422
2016-08-18,23.807544708251953,33.5
2016-08-19,23.622770309448242,33.2400016784668
2016-08-22,23.736474990844727,33.400001525878906
2016-08-23,23.722265243530273,33.380001068115234
2016-08-24,23.658292770385742,33.290000915527344
2016-08-25,23.757795333862305,33.43000030517578
2016-08-26,23.523271560668945,33.099998474121094
2016-08-29,23.757795333862305,33.43000030517578
2016-08-30,23.68673324584961,33.33000183105469
2016-08-31,23.722265243530273,33.380001068115234
2016-09-01,23.71515464782715,33.369998931884766
2016-09-02,23.87150764465332,33.59000015258789
2016-09-06,24.070491790771484,33.869998931884766
2016-09-07,24.190509796142578,33.86000061035156
2016-09-08,23.883312225341797,33.43000030517578
2016-09-09,22.975982666015625,32.15999984741211
2016-09-12,23.068864822387695,32.290000915527344
2016-09-13,22.661638259887695,31.719999313354492
2016-09-14,22.704504013061523,31.780000686645508
2016-09-15,22.875965118408203,32.02000045776367
2016-09-16,22.79737663269043,31.90999984741211
2016-09-19,23.03314208984375,32.2400016784668
2016-09-20,22.99027442932129,32.18000030517578
2016-09-21,23.25461196899414,32.54999923706055
2016-09-22,23.71184730529785,33.189998626708984
2016-09-23,23.804723739624023,33.31999969482422
2016-09-26,23.85472869873047,33.38999938964844
2016-09-27,23.647550582885742,33.099998474121094
2016-09-28,23.811872482299805,33.33000183105469
2016-09-29,23.518949508666992,32.91999816894531
2016-09-30,23.411787033081055,32.77000045776367
2016-10-03,22.961698532104492,32.13999938964844
2016-10-04,22.611629486083984,31.649999618530273
2016-10-05,22.19011878967285,31.059999465942383
2016-10-06,22.232988357543945,31.1200008392334
2016-10-07,22.175825119018555,31.040000915527344
2016-10-10,22.261564254760742,31.15999984741211
2016-10-11,22.09010124206543,30.920000076293945
2016-10-12,22.404449462890625,31.360000610351562
2016-10-13,22.47588348388672,31.459999084472656
2016-10-14,22.44731330871582,31.420000076293945
2016-10-17,22.468738555908203,31.450000762939453
2016-10-18,22.583053588867188,31.610000610351562
2016-10-19,22.66878318786621,31.729999542236328
2016-10-20,22.59019660949707,31.6200008392334
2016-10-21,22.575902938842773,31.600000381469727
2016-10-24,22.604488372802734,31.639999389648438
2016-10-25,22.575902938842773,31.600000381469727
2016-10-26,22.282995223999023,31.190000534057617
2016-10-27,21.754316329956055,30.450000762939453
2016-10-28,21.81146812438965,30.530000686645508
2016-10-31,22.111528396606445,30.950000762939453
2016-11-01,21.675731658935547,30.34000015258789
2016-11-02,21.339948654174805,29.8700008392334
2016-11-03,21.247074127197266,29.739999771118164
2016-11-04,21.389957427978516,29.940000534057617
2016-11-07,21.782899856567383,30.489999771118164
2016-11-08,21.918630599975586,30.68000030517578
2016-11-09,21.42568016052246,29.989999771118164
2016-11-10,21.104188919067383,29.540000915527344
2016-11-11,21.125619888305664,29.56999969482422
2016-11-14,21.539987564086914,30.149999618530273
2016-11-15,21.39710235595703,29.950000762939453
2016-11-16,21.382808685302734,29.93000030517578
2016-11-17,21.18277359008789,29.649999618530273
2016-11-18,21.22564125061035,29.709999084472656
2016-11-21,21.168481826782227,29.6299991607666
2016-11-22,21.5328426361084,30.139999389648438
2016-11-23,21.382808685302734,29.93000030517578
2016-11-25,21.47568702697754,30.059999465942383
2016-11-28,21.55428123474121,30.170000076293945
2016-11-29,21.704303741455078,30.3799991607666
2016-11-30,21.439960479736328,30.010000228881836
2016-12-01,21.1113338470459,29.549999237060547
2016-12-02,21.311372756958008,29.829999923706055
2016-12-05,21.482837677001953,30.06999969482422
2016-12-06,21.575712203979492,30.200000762939453
2016-12-07,22.025794982910156,30.829999923706055
2016-12-08,22.140106201171875,30.989999771118164
2016-12-09,22.125823974609375,30.969999313354492
2016-12-12,22.35443687438965,31.290000915527344
2016-12-13,22.41159439086914,31.3700008392334
2016-12-14,22.018653869628906,30.81999969482422
2016-12-15,21.840049743652344,30.56999969482422
2016-12-16,22.146345138549805,30.440000534057617
2016-12-19,22.3427791595459,30.709999084472656
2016-12-20,22.35732650756836,30.729999542236328
2016-12-21,22.073589324951172,30.34000015258789
2016-12-22,22.04448890686035,30.299999237060547
2016-12-23,22.066312789916992,30.329999923706055
2016-12-27,22.12451934814453,30.40999984741211
2016-12-28,21.957176208496094,30.18000030517578
2016-12-29,22.160888671875,30.459999084472656
2016-12-30,22.371877670288086,30.75
2017-01-03,22.444631576538086,30.850000381469727
2017-01-04,22.728374481201172,31.239999771118164
2017-01-05,22.844785690307617,31.399999618530273
2017-01-06,22.844785690307617,31.399999618530273
2017-01-09,22.699270248413086,31.200000762939453
2017-01-10,22.41553497314453,30.809999465942383
2017-01-11,22.291852951049805,30.639999389648438
2017-01-12,22.3791561126709,30.760000228881836
2017-01-13,22.32822608947754,30.690000534057617
2017-01-17,22.510116577148438,30.940000534057617
2017-01-18,22.561038970947266,31.010000228881836
2017-01-19,22.3427791595459,30.709999084472656
2017-01-20,22.48100471496582,30.899999618530273
2017-01-23,22.61924171447754,31.09000015258789
2017-01-24,22.626514434814453,31.100000381469727
2017-01-25,22.48828887939453,30.90999984741211
2017-01-26,22.47373390197754,30.889999389648438
2017-01-27,22.284574508666992,30.6299991607666
2017-01-30,22.160888671875,30.459999084472656
2017-01-31,22.3427791595459,30.709999084472656
2017-02-01,22.09541130065918,30.3700008392334
2017-02-02,22.35732650756836,30.729999542236328
2017-02-03,22.502838134765625,30.93000030517578
2017-02-06,22.364606857299805,30.739999771118164
2017-02-07,22.320947647094727,30.68000030517578
2017-02-08,22.510116577148438,30.940000534057617
2017-02-09,22.604690551757812,31.06999969482422
2017-02-10,22.757478713989258,31.280000686645508
2017-02-13,22.866609573364258,31.43000030517578
2017-02-14,22.750202178955078,31.270000457763672
2017-02-15,22.684720993041992,31.18000030517578
2017-02-16,22.779300689697266,31.309999465942383
2017-02-17,22.844785690307617,31.399999618530273
2017-02-21,23.157625198364258,31.829999923706055
2017-02-22,23.070314407348633,31.709999084472656
2017-02-23,23.22310447692871,31.920000076293945
2017-02-24,23.339509963989258,32.08000183105469
2017-02-27,23.455915451049805,32.2400016784668
2017-02-28,23.383161544799805,32.13999938964844
2017-03-01,23.324954986572266,32.060001373291016
2017-03-02,23.252201080322266,31.959999084472656
2017-03-03,23.179454803466797,31.860000610351562
2017-03-06,23.084871292114258,31.729999542236328
2017-03-07,23.004840850830078,31.6200008392334
2017-03-08,22.66289520263672,31.149999618530273
2017-03-09,22.371877670288086,30.75
2017-03-10,22.35005760192871,30.719999313354492
2017-03-13,22.3791561126709,30.760000228881836
2017-03-14,22.35005760192871,30.719999313354492
2017-03-15,22.779300689697266,31.309999465942383
2017-03-16,22.728374481201172,31.239999771118164
2017-03-17,22.770835876464844,31.100000381469727
2017-03-20,22.79281234741211,31.1299991607666
2017-03-21,22.756196975708008,31.079999923706055
2017-03-22,22.807449340820312,31.149999618530273
2017-03-23,22.975852966308594,31.3799991607666
2017-03-24,22.953887939453125,31.350000381469727
2017-03-27,22.770835876464844,31.100000381469727
2017-03-28,22.90263557434082,31.280000686645508
2017-03-29,22.98317527770996,31.389999389648438
2017-03-30,23.034425735473633,31.459999084472656
2017-03-31,23.136930465698242,31.600000381469727
2017-04-03,23.166223526000977,31.639999389648438
2017-04-04,23.100322723388672,31.549999237060547
2017-04-05,23.136930465698242,31.600000381469727
2017-04-06,23.268726348876953,31.780000686645508
2017-04-07,23.298004150390625,31.81999969482422
2017-04-10,23.45909309387207,32.040000915527344
2017-04-11,23.568918228149414,32.189998626708984
2017-04-12,23.53230857849121,32.13999938964844
2017-04-13,23.48105812072754,32.06999969482422
2017-04-17,23.75196075439453,32.439998626708984
2017-04-18,23.810537338256836,32.52000045776367
2017-04-19,23.759286880493164,32.45000076293945
2017-04-20,23.75196075439453,32.439998626708984
2017-04-21,23.671424865722656,32.33000183105469
2017-04-24,23.43712043762207,32.0099983215332
2017-04-25,23.488380432128906,32.08000183105469
2017-04-26,23.29068946838379,31.809999465942383
2017-04-27,23.305335998535156,31.829999923706055
2017-04-28,23.173542022705078,31.649999618530273
2017-05-01,23.319976806640625,31.850000381469727
2017-05-02,23.327299118041992,31.860000610351562
2017-05-03,23.0417423248291,31.469999313354492
2017-05-04,23.063716888427734,31.5
2017-05-05,23.246755599975586,31.75
2017-05-08,23.12228775024414,31.579999923706055
2017-05-09,23.034425735473633,31.459999084472656
2017-05-10,23.15889549255371,31.6299991607666
2017-05-11,23.049068450927734,31.479999542236328
2017-05-12,22.961206436157227,31.360000610351562
2017-05-15,23.063716888427734,31.5
2017-05-16,22.94655990600586,31.34000015258789
2017-05-17,23.093000411987305,31.540000915527344
2017-05-18,23.136930465698242,31.600000381469727
2017-05-19,23.268726348876953,31.780000686645508
2017-05-22,23.327299118041992,31.860000610351562
2017-05-23,23.356582641601562,31.899999618530273
2017-05-24,23.488380432128906,32.08000183105469
2017-05-25,23.576244354248047,32.20000076293945
2017-05-26,23.4298038482666,32.0
2017-05-30,23.363908767700195,31.90999984741211
2017-05-31,23.327299118041992,31.860000610351562
2017-06-01,23.400516510009766,31.959999084472656
2017-06-02,23.605531692504883,32.2400016784668
2017-06-05,23.546953201293945,32.15999984741211
2017-06-06,23.43712043762207,32.0099983215332
2017-06-07,23.561594009399414,32.18000030517578
2017-06-08,23.451770782470703,32.029998779296875
2017-06-09,23.561594009399414,32.18000030517578
2017-06-12,23.715351104736328,32.38999938964844
2017-06-13,23.773927688598633,32.470001220703125
2017-06-14,23.847148895263672,32.56999969482422
2017-06-15,23.96429443359375,32.72999954223633
2017-06-16,23.951007843017578,32.439998626708984
2017-06-19,23.96577262878418,32.459999084472656
2017-06-20,23.921476364135742,32.400001525878906
2017-06-21,23.86979103088379,32.33000183105469
2017-06-22,23.88455581665039,32.349998474121094
2017-06-23,23.987918853759766,32.4900016784668
2017-06-26,24.09866714477539,32.63999938964844
2017-06-27,24.002689361572266,32.5099983215332
2017-06-28,24.0322208404541,32.54999923706055
2017-06-29,23.7885799407959,32.220001220703125
2017-06-30,23.77381706237793,32.20000076293945
2017-07-03,23.99530601501465,32.5
2017-07-05,23.70736312866211,32.11000061035156
2017-07-06,23.27913475036621,31.530000686645508
2017-07-07,23.412036895751953,31.709999084472656
2017-07-10,23.227460861206055,31.459999084472656
2017-07-11,23.19053840637207,31.40999984741211
2017-07-12,23.493247985839844,31.81999969482422
2017-07-13,23.537551879882812,31.8799991607666
2017-07-14,23.77381706237793,32.20000076293945
2017-07-17,23.82549476623535,32.27000045776367
2017-07-18,23.795955657958984,32.22999954223633
2017-07-19,23.973154067993164,32.470001220703125
2017-07-20,23.906709671020508,32.380001068115234
2017-07-21,23.951007843017578,32.439998626708984
2017-07-24,23.93623924255371,32.41999816894531
2017-07-25,23.93623924255371,32.41999816894531
2017-07-26,24.135583877563477,32.689998626708984
2017-07-27,24.11343765258789,32.65999984741211
2017-07-28,24.09866714477539,32.63999938964844
2017-07-31,24.061758041381836,32.59000015258789
2017-08-01,24.165119171142578,32.72999954223633
2017-08-02,24.04698944091797,32.56999969482422
2017-08-03,23.987918853759766,32.4900016784668
2017-08-04,24.061758041381836,32.59000015258789
2017-08-07,24.04698944091797,32.56999969482422
2017-08-08,23.93623924255371,32.41999816894531
2017-08-09,23.96577262878418,32.459999084472656
2017-08-10,23.751657485961914,32.16999816894531
2017-08-11,23.596616744995117,31.959999084472656
2017-08-14,23.987918853759766,32.4900016784668
2017-08-15,23.943620681762695,32.43000030517578
2017-08-16,24.017459869384766,32.529998779296875
2017-08-17,23.847646713256836,32.29999923706055
2017-08-18,23.670446395874023,32.060001373291016
2017-08-21,23.914087295532227,32.38999938964844
2017-08-22,23.89932632446289,32.369998931884766
2017-08-23,24.142969131469727,32.70000076293945
2017-08-24,24.09866714477539,32.63999938964844
2017-08-25,24.2168025970459,32.79999923706055
2017-08-28,24.091291427612305,32.630001068115234
2017-08-29,24.07652473449707,32.61000061035156
2017-08-30,24.18726921081543,32.7599983215332
2017-08-31,24.305404663085938,32.91999816894531
2017-09-01,24.305404663085938,32.91999816894531
2017-09-05,24.283248901367188,32.88999938964844
2017-09-06,24.32016372680664,32.939998626708984
2017-09-07,24.504743576049805,33.189998626708984
2017-09-08,24.51213264465332,33.20000076293945
2017-09-11,24.6893253326416,33.439998626708984
2017-09-12,24.423532485961914,33.08000183105469
2017-09-13,24.32016372680664,32.939998626708984
2017-09-14,24.489973068237305,33.16999816894531
2017-09-15,24.57623863220215,33.04999923706055
2017-09-18,24.434953689575195,32.86000061035156
2017-09-19,24.18956756591797,32.529998779296875
2017-09-20,24.122636795043945,32.439998626708984
2017-09-21,24.085453033447266,32.38999938964844
2017-09-22,23.877248764038086,32.11000061035156
2017-09-25,23.966476440429688,32.22999954223633
2017-09-26,23.988786697387695,32.2599983215332
2017-09-27,23.78801727294922,31.989999771118164
2017-09-28,23.959043502807617,32.220001220703125
2017-09-29,23.973922729492188,32.2400016784668
2017-10-02,23.88468360900879,32.119998931884766
2017-10-03,23.877248764038086,32.11000061035156
2017-10-04,24.085453033447266,32.38999938964844
2017-10-05,24.15981101989746,32.4900016784668
2017-10-06,24.092893600463867,32.400001525878906
2017-10-09,24.144943237304688,32.470001220703125
2017-10-10,24.182125091552734,32.52000045776367
2017-10-11,24.31597137451172,32.70000076293945
2017-10-12,24.487003326416016,32.93000030517578
2017-10-13,24.553930282592773,33.02000045776367
2017-10-16,24.434953689575195,32.86000061035156
2017-10-17,24.434953689575195,32.86000061035156
2017-10-18,24.390338897705078,32.79999923706055
2017-10-19,24.375463485717773,32.779998779296875
2017-10-20,24.33828353881836,32.72999954223633
2017-10-23,24.249052047729492,32.61000061035156
2017-10-24,24.092893600463867,32.400001525878906
2017-10-25,24.033403396606445,32.31999969482422
2017-10-26,23.899555206298828,32.13999938964844
2017-10-27,23.936735153198242,32.189998626708984
2017-10-30,24.085453033447266,32.38999938964844
2017-10-31,24.167251586914062,32.5
2017-11-01,24.144943237304688,32.470001220703125
2017-11-02,24.3531551361084,32.75
2017-11-03,24.3531551361084,32.75
2017-11-06,24.724960327148438,33.25
2017-11-07,24.955480575561523,33.560001373291016
2017-11-08,25.141382217407227,33.810001373291016
2017-11-09,25.141382217407227,33.810001373291016
2017-11-10,25.141382217407227,33.810001373291016
2017-11-13,25.21573829650879,33.90999984741211
2017-11-14,25.19343376159668,33.880001068115234
2017-11-15,25.00753402709961,33.630001068115234
2017-11-16,25.104198455810547,33.7599983215332
2017-11-17,24.955480575561523,33.560001373291016
2017-11-20,24.8959903717041,33.47999954223633
2017-11-21,25.029842376708984,33.65999984741211
2017-11-22,24.948041915893555,33.54999923706055
2017-11-24,25.03727149963379,33.66999816894531
2017-11-27,24.962919235229492,33.56999969482422
2017-11-28,24.903427124023438,33.4900016784668
2017-11-29,24.84393882751465,33.40999984741211
2017-11-30,24.873682022094727,33.45000076293945
2017-12-01,24.918296813964844,33.5099983215332
2017-12-04,24.591110229492188,33.06999969482422
2017-12-05,24.494441986083984,32.939998626708984
2017-12-06,24.53162384033203,32.9900016784668
2017-12-07,24.62828826904297,33.119998931884766
2017-12-08,24.687782287597656,33.20000076293945
2017-12-11,24.747264862060547,33.279998779296875
2017-12-12,24.858806610107422,33.43000030517578
2017-12-13,24.851367950439453,33.41999816894531
2017-12-14,24.873682022094727,33.45000076293945
2017-12-15,24.952621459960938,33.189998626708984
2017-12-18,25.035320281982422,33.29999923706055
2017-12-19,24.561677932739258,32.66999816894531
2017-12-20,24.298542022705078,32.31999969482422
2017-12-21,24.215845108032227,32.209999084472656
2017-12-22,24.373722076416016,32.41999816894531
2017-12-26,24.501537322998047,32.59000015258789
2017-12-27,24.599273681640625,32.720001220703125
2017-12-28,24.742115020751953,32.90999984741211
2017-12-29,24.764667510986328,32.939998626708984
2018-01-02,24.621822357177734,32.75
2018-01-03,24.629343032836914,32.7599983215332
2018-01-04,24.208332061767578,32.20000076293945
2018-01-05,24.260955810546875,32.27000045776367
2018-01-08,24.42635154724121,32.4900016784668
2018-01-09,24.14818572998047,32.119998931884766
2018-01-10,23.772279739379883,31.6200008392334
2018-01-11,23.621912002563477,31.420000076293945
2018-01-12,23.449003219604492,31.190000534057617
2018-01-16,23.561765670776367,31.34000015258789
2018-01-17,23.697099685668945,31.520000457763672
2018-01-18,23.47154998779297,31.219999313354492
2018-01-19,23.63694953918457,31.440000534057617
2018-01-22,23.862489700317383,31.739999771118164
2018-01-23,24.23088264465332,32.22999954223633
2018-01-24,24.16322135925293,32.13999938964844
2018-01-25,24.1105899810791,32.06999969482422
2018-01-26,24.178255081176758,32.15999984741211
2018-01-29,23.900089263916016,31.790000915527344
2018-01-30,23.802352905273438,31.65999984741211
2018-01-31,24.291032791137695,32.310001373291016
2018-02-01,23.84745979309082,31.719999313354492
2018-02-02,23.576805114746094,31.360000610351562
2018-02-05,22.96784019470215,30.549999237060547
2018-02-06,22.9227294921875,30.489999771118164
2018-02-07,22.81747055053711,30.350000381469727
2018-02-08,22.103254318237305,29.399999618530273
2018-02-09,22.622007369995117,30.09000015258789
2018-02-12,22.682147979736328,30.170000076293945
2018-02-13,22.847551345825195,30.389999389648438
2018-02-14,22.704702377319336,30.200000762939453
2018-02-15,22.915212631225586,30.479999542236328
2018-02-16,23.065576553344727,30.68000030517578
2018-02-20,22.83251190185547,30.3700008392334
2018-02-21,22.411497116088867,29.809999465942383
2018-02-22,22.6671142578125,30.149999618530273
2018-02-23,23.080612182617188,30.700000762939453
2018-02-26,23.163312911987305,30.809999465942383
2018-02-27,22.6671142578125,30.149999618530273
2018-02-28,22.637041091918945,30.110000610351562
2018-03-01,22.524276733398438,29.959999084472656
2018-03-02,22.449092864990234,29.860000610351562
2018-03-05,22.764854431152344,30.280000686645508
2018-03-06,22.85506820678711,30.399999618530273
2018-03-07,22.952804565429688,30.530000686645508
2018-03-08,23.133237838745117,30.770000457763672
2018-03-09,23.283605575561523,30.969999313354492
2018-03-12,23.396373748779297,31.1200008392334
2018-03-13,23.47154998779297,31.219999313354492
2018-03-14,23.516664505004883,31.280000686645508
2018-03-15,23.516664505004883,31.280000686645508
2018-03-16,23.63992691040039,31.260000228881836
2018-03-19,23.405498504638672,30.950000762939453
2018-03-20,23.397939682006836,30.940000534057617
2018-03-21,23.18618392944336,30.65999984741211
2018-03-22,23.102998733520508,30.549999237060547
2018-03-23,22.740005493164062,30.06999969482422
2018-03-26,23.050065994262695,30.479999542236328
2018-03-27,23.087871551513672,30.530000686645508
2018-03-28,23.511369705200195,31.09000015258789
2018-03-29,23.503808975219727,31.079999923706055
2018-04-02,23.216440200805664,30.700000762939453
2018-04-03,23.299617767333984,30.809999465942383
2018-04-04,23.571868896484375,31.170000076293945
2018-04-05,23.594554901123047,31.200000762939453
2018-04-06,23.352556228637695,30.8799991607666
2018-04-09,23.34499740600586,30.8700008392334
2018-04-10,23.18618392944336,30.65999984741211
2018-04-11,23.246685028076172,30.739999771118164
2018-04-12,22.974437713623047,30.3799991607666
2018-04-13,23.095441818237305,30.540000915527344
2018-04-16,23.201309204101562,30.68000030517578
2018-04-17,23.511369705200195,31.09000015258789
2018-04-18,23.450862884521484,31.010000228881836
2018-04-19,23.057628631591797,30.489999771118164
2018-04-20,22.853445053100586,30.219999313354492
2018-04-23,22.898822784423828,30.280000686645508
2018-04-24,22.9215030670166,30.309999465942383
2018-04-25,22.84587860107422,30.209999084472656
2018-04-26,23.14081573486328,30.600000381469727
2018-04-27,23.450862884521484,31.010000228881836
2018-04-30,23.36011505126953,30.889999389648438
2018-05-01,23.526498794555664,31.110000610351562
2018-05-02,23.42062759399414,30.969999313354492
2018-05-03,23.413057327270508,30.959999084472656
2018-05-04,23.67774200439453,31.309999465942383
2018-05-07,23.723119735717773,31.3700008392334
2018-05-08,23.556739807128906,31.149999618530273
2018-05-09,23.73824119567871,31.389999389648438
2018-05-10,23.957548141479492,31.68000030517578
2018-05-11,23.844112396240234,31.530000686645508
2018-05-14,23.67774200439453,31.309999465942383
2018-05-15,23.27692985534668,30.780000686645508
2018-05-16,23.216440200805664,30.700000762939453
2018-05-17,23.095441818237305,30.540000915527344
2018-05-18,23.110559463500977,30.559999465942383
2018-05-21,23.34499740600586,30.8700008392334
2018-05-22,23.375247955322266,30.90999984741211
2018-05-23,23.56431007385254,31.15999984741211
2018-05-24,23.473556518554688,31.040000915527344
2018-05-25,23.586992263793945,31.190000534057617
2018-05-29,23.647491455078125,31.270000457763672
2018-05-30,23.957548141479492,31.68000030517578
2018-05-31,23.881921768188477,31.579999923706055
2018-06-01,23.980236053466797,31.709999084472656
2018-06-04,24.21466827392578,32.02000045776367
2018-06-05,24.093669891357422,31.860000610351562
2018-06-06,24.161724090576172,31.950000762939453
2018-06-07,24.161724090576172,31.950000762939453
2018-06-08,24.24491310119629,32.060001373291016
2018-06-11,24.237350463867188,32.04999923706055
2018-06-12,24.373477935791016,32.22999954223633
2018-06-13,23.828990936279297,31.510000228881836
2018-06-14,24.05585479736328,31.809999465942383
2018-06-15,24.016963958740234,31.489999771118164
2018-06-18,23.99407958984375,31.459999084472656
2018-06-19,24.02458953857422,31.5
2018-06-20,24.28390121459961,31.84000015258789
2018-06-21,24.428808212280273,32.029998779296875
2018-06-22,24.642366409301758,32.310001373291016
2018-06-25,24.58134651184082,32.22999954223633
2018-06-26,24.71100616455078,32.400001525878906
2018-06-27,24.642366409301758,32.310001373291016
2018-06-28,24.886423110961914,32.630001068115234
2018-06-29,24.947433471679688,32.709999084472656
2018-07-02,24.802526473999023,32.52000045776367
2018-07-03,24.947433471679688,32.709999084472656
2018-07-05,25.275392532348633,33.13999938964844
2018-07-06,25.38216781616211,33.279998779296875
2018-07-09,25.14573860168457,32.970001220703125
2018-07-10,25.267763137817383,33.130001068115234
2018-07-11,25.191490173339844,33.029998779296875
2018-07-12,25.25250816345215,33.11000061035156
2018-07-13,25.16861915588379,33.0
2018-07-16,25.031335830688477,32.81999969482422
2018-07-17,24.86353874206543,32.599998474121094
2018-07-18,24.77202033996582,32.47999954223633
2018-07-19,25.008451461791992,32.790000915527344
2018-07-20,24.787273406982422,32.5
2018-07-23,24.718631744384766,32.40999984741211
2018-07-24,24.649988174438477,32.31999969482422
2018-07-25,24.894044876098633,32.63999938964844
2018-07-26,24.977943420410156,32.75
2018-07-27,24.749135971069336,32.45000076293945
2018-07-30,24.726253509521484,32.41999816894531
2018-07-31,25.206750869750977,33.04999923706055
2018-08-01,25.374542236328125,33.27000045776367
2018-08-02,25.25250816345215,33.11000061035156
2018-08-03,25.580467224121094,33.540000915527344
2018-08-06,25.527076721191406,33.470001220703125
2018-08-07,25.473691940307617,33.400001525878906
2018-08-08,25.31352424621582,33.189998626708984
2018-08-09,25.359285354614258,33.25
2018-08-10,25.115222930908203,32.93000030517578
2018-08-13,25.107606887817383,32.91999816894531
2018-08-14,25.206750869750977,33.04999923706055
2018-08-15,25.42792320251465,33.34000015258789
2018-08-16,25.626218795776367,33.599998474121094
2018-08-17,25.870290756225586,33.91999816894531
2018-08-20,25.900794982910156,33.959999084472656
2018-08-21,25.664363861083984,33.650001525878906
2018-08-22,25.50419807434082,33.439998626708984
2018-08-23,25.44318199157715,33.36000061035156
2018-08-24,25.61859703063965,33.59000015258789
2018-08-27,25.580467224121094,33.540000915527344
2018-08-28,25.893169403076172,33.95000076293945
2018-08-29,25.85503387451172,33.900001525878906
2018-08-30,25.717750549316406,33.720001220703125
2018-08-31,25.816896438598633,33.849998474121094
2018-09-04,25.58808708190918,33.54999923706055
2018-09-05,25.748254776000977,33.7599983215332
2018-09-06,25.8321533203125,33.869998931884766
2018-09-07,25.50419807434082,33.439998626708984
2018-09-10,25.641481399536133,33.619998931884766
2018-09-11,25.649110794067383,33.630001068115234
2018-09-12,25.671995162963867,33.65999984741211
2018-09-13,25.8321533203125,33.869998931884766
2018-09-14,25.6109676361084,33.58000183105469
2018-09-17,25.755884170532227,33.77000045776367
2018-09-18,25.603349685668945,33.56999969482422
2018-09-19,25.359285354614258,33.25
2018-09-20,25.549959182739258,33.5
2018-09-21,25.549959182739258,33.150001525878906
2018-09-24,25.048978805541992,32.5
2018-09-25,25.025856018066406,32.470001220703125
2018-09-26,24.748390197753906,32.11000061035156
2018-09-27,24.82546615600586,32.209999084472656
2018-09-28,25.133756637573242,32.61000061035156
2018-10-01,24.941076278686523,32.36000061035156
2018-10-02,24.863994598388672,32.2599983215332
2018-10-03,24.57883071899414,31.889999389648438
2018-10-04,24.463212966918945,31.739999771118164
2018-10-05,24.470930099487305,31.75
2018-10-08,24.786928176879883,32.15999984741211
2018-10-09,24.87171173095703,32.27000045776367
2018-10-10,24.4786376953125,31.760000228881836
2018-10-11,23.76184844970703,30.829999923706055
2018-10-12,23.74643325805664,30.809999465942383
2018-10-15,23.89286994934082,31.0
2018-10-16,24.339893341064453,31.579999923706055
2018-10-17,24.270536422729492,31.489999771118164
2018-10-18,24.278240203857422,31.5
2018-10-19,24.524873733520508,31.81999969482422
2018-10-22,24.17804718017578,31.3700008392334
2018-10-23,24.332191467285156,31.56999969482422
2018-10-24,24.617366790771484,31.940000534057617
2018-10-25,24.910242080688477,32.31999969482422
2018-10-26,24.2628231048584,31.479999542236328
2018-10-29,24.66360855102539,32.0
2018-10-30,25.072101593017578,32.529998779296875
2018-10-31,24.732980728149414,32.09000015258789
2018-11-01,24.82546615600586,32.209999084472656
2018-11-02,24.617366790771484,31.940000534057617
2018-11-05,25.025856018066406,32.470001220703125
2018-11-06,25.164588928222656,32.650001525878906
2018-11-07,25.44205665588379,33.0099983215332
2018-11-08,25.496007919311523,33.08000183105469
2018-11-09,25.52683448791504,33.119998931884766
2018-11-12,25.580781936645508,33.189998626708984
2018-11-13,25.634733200073242,33.2599983215332
2018-11-14,25.627029418945312,33.25
2018-11-15,25.42664337158203,32.9900016784668
2018-11-16,25.78888702392578,33.459999084472656
2018-11-19,25.858251571655273,33.54999923706055
2018-11-20,25.519128799438477,33.11000061035156
2018-11-21,25.503713607788086,33.09000015258789
2018-11-23,25.411226272583008,32.970001220703125
2018-11-26,25.465179443359375,33.040000915527344
2018-11-27,25.603912353515625,33.220001220703125
2018-11-28,25.812007904052734,33.4900016784668
2018-11-29,25.842844009399414,33.529998779296875
2018-11-30,26.089479446411133,33.849998474121094
2018-12-03,26.212797164916992,34.0099983215332
2018-12-04,25.865964889526367,33.560001373291016
2018-12-06,26.575044631958008,34.47999954223633
2018-12-07,26.174259185791016,33.959999084472656
2018-12-10,26.074060440063477,33.83000183105469
2018-12-11,26.120304107666016,33.88999938964844
2018-12-12,25.627029418945312,33.25
2018-12-13,25.80430030822754,33.47999954223633
2018-12-14,25.7580509185791,33.41999816894531
2018-12-17,24.794631958007812,32.16999816894531
2018-12-18,25.041271209716797,32.4900016784668
2018-12-19,24.810043334960938,32.189998626708984
2018-12-20,24.50946044921875,31.799999237060547
2018-12-21,24.134382247924805,30.950000762939453
2018-12-24,23.245424270629883,29.809999465942383
2018-12-26,23.986223220825195,30.760000228881836
2018-12-27,24.040807723999023,30.829999923706055
2018-12-28,24.126585006713867,30.940000534057617
2018-12-31,24.17337417602539,31.0
2019-01-02,23.61972427368164,30.290000915527344
2019-01-03,23.728900909423828,30.43000030517578
2019-01-04,23.970626831054688,30.739999771118164
2019-01-07,24.17337417602539,31.0
2019-01-08,24.594463348388672,31.540000915527344
2019-01-09,24.493087768554688,31.40999984741211
2019-01-10,24.882978439331055,31.90999984741211
2019-01-11,24.92976951599121,31.969999313354492
2019-01-14,24.851787567138672,31.8700008392334
2019-01-15,25.132509231567383,32.22999954223633
2019-01-16,25.249481201171875,32.380001068115234
2019-01-17,25.374244689941406,32.540000915527344
2019-01-18,25.467824935913086,32.65999984741211
2019-01-22,25.421031951904297,32.599998474121094
2019-01-23,25.436628341674805,32.619998931884766
2019-01-24,25.537996292114258,32.75
2019-01-25,25.83431625366211,33.130001068115234
2019-01-28,26.09164810180664,33.459999084472656
2019-01-29,26.29439353942871,33.720001220703125
2019-01-30,26.512733459472656,34.0
2019-01-31,26.77005958557129,34.33000183105469
2019-02-01,26.606307983398438,34.119998931884766
2019-02-04,26.762264251708984,34.31999969482422
2019-02-05,26.94161605834961,34.54999923706055
2019-02-06,26.731077194213867,34.279998779296875
2019-02-07,26.957212448120117,34.56999969482422
2019-02-08,26.957212448120117,34.56999969482422
2019-02-11,27.035194396972656,34.66999816894531
2019-02-12,26.848039627075195,34.43000030517578
2019-02-13,27.027387619018555,34.65999984741211
2019-02-14,27.128765106201172,34.790000915527344
2019-02-15,27.292518615722656,35.0
2019-02-19,27.323713302612305,35.040000915527344
2019-02-20,27.152156829833984,34.81999969482422
2019-02-21,27.198945999145508,34.880001068115234
2019-02-22,27.354894638061523,35.08000183105469
2019-02-25,27.128765106201172,34.790000915527344
2019-02-26,27.07418441772461,34.720001220703125
2019-02-27,26.988399505615234,34.61000061035156
2019-02-28,27.066377639770508,34.709999084472656
2019-03-01,27.035194396972656,34.66999816894531
2019-03-04,27.144365310668945,34.810001373291016
2019-03-05,27.222341537475586,34.90999984741211
2019-03-06,27.152156829833984,34.81999969482422
2019-03-07,27.128765106201172,34.790000915527344
2019-03-08,27.152156829833984,34.81999969482422
2019-03-11,27.5732421875,35.36000061035156
2019-03-12,27.72139549255371,35.54999923706055
2019-03-13,27.853965759277344,35.720001220703125
2019-03-14,27.924150466918945,35.810001373291016
2019-03-15,27.809648513793945,35.459999084472656
2019-03-18,27.66847801208496,35.279998779296875
2019-03-19,27.590063095092773,35.18000030517578
2019-03-20,27.715532302856445,35.34000015258789
2019-03-21,28.209613800048828,35.970001220703125
2019-03-22,28.076284408569336,35.79999923706055
2019-03-25,28.099821090698242,35.83000183105469
2019-03-26,28.27235221862793,36.04999923706055
2019-03-27,28.178245544433594,35.93000030517578
2019-03-28,28.41352653503418,36.22999954223633
2019-03-29,28.405677795410156,36.220001220703125
2019-04-01,28.319412231445312,36.11000061035156
2019-04-02,28.562524795532227,36.41999816894531
2019-04-03,28.531158447265625,36.380001068115234
2019-04-04,28.444889068603516,36.27000045776367
2019-04-05,28.664474487304688,36.54999923706055
2019-04-08,28.523317337036133,36.369998931884766
2019-04-09,28.437047958374023,36.2599983215332
2019-04-10,28.664474487304688,36.54999923706055
2019-04-11,28.625268936157227,36.5
2019-04-12,28.782119750976562,36.70000076293945
2019-04-15,28.60958480834961,36.47999954223633
2019-04-16,27.935117721557617,35.619998931884766
2019-04-17,27.64495849609375,35.25
2019-04-18,27.86454963684082,35.529998779296875
2019-04-22,27.55868148803711,35.13999938964844
2019-04-23,27.87238121032715,35.540000915527344
2019-04-24,28.068449020385742,35.790000915527344
2019-04-25,28.037076950073242,35.75
2019-04-26,28.22529411315918,35.9900016784668
2019-04-29,27.935117721557617,35.619998931884766
2019-04-30,28.256668090820312,36.029998779296875
2019-05-01,28.256668090820312,36.029998779296875
2019-05-02,28.31157112121582,36.099998474121094
2019-05-03,28.507627487182617,36.349998474121094
2019-05-06,28.389991760253906,36.20000076293945
2019-05-07,27.903757095336914,35.58000183105469
2019-05-08,27.903757095336914,35.58000183105469
2019-05-09,27.99787139892578,35.70000076293945
2019-05-10,28.319412231445312,36.11000061035156
2019-05-13,28.319412231445312,36.11000061035156
2019-05-14,28.42136001586914,36.2400016784668
2019-05-15,28.60958480834961,36.47999954223633
2019-05-16,28.774272918701172,36.689998626708984
2019-05-17,28.735057830810547,36.63999938964844
2019-05-20,28.27235221862793,36.04999923706055
2019-05-21,28.507627487182617,36.349998474121094
2019-05-22,28.640949249267578,36.52000045776367
2019-05-23,28.782119750976562,36.70000076293945
2019-05-24,28.821334838867188,36.75
2019-05-28,28.523317337036133,36.369998931884766
2019-05-29,28.193927764892578,35.95000076293945
2019-05-30,28.366464614868164,36.16999816894531
2019-05-31,28.60173988342285,36.470001220703125
2019-06-03,28.711532592773438,36.61000061035156
2019-06-04,28.5546817779541,36.40999984741211
2019-06-05,29.20561981201172,37.2400016784668
2019-06-06,29.260515213012695,37.310001373291016
2019-06-07,29.354623794555664,37.43000030517578
2019-06-10,29.252668380737305,37.29999923706055
2019-06-11,29.30756378173828,37.369998931884766
2019-06-12,29.417367935180664,37.5099983215332
2019-06-13,29.45657730102539,37.560001373291016
2019-06-14,29.58205795288086,37.720001220703125
2019-06-17,29.903600692749023,38.130001068115234
2019-06-18,29.81732749938965,38.02000045776367
2019-06-19,30.013395309448242,38.27000045776367
2019-06-20,30.193767547607422,38.5
2019-06-21,29.856239318847656,37.77000045776367
2019-06-24,29.7060546875,37.58000183105469
2019-06-25,29.30291175842285,37.06999969482422
2019-06-26,28.7337646484375,36.349998474121094
2019-06-27,28.97090721130371,36.650001525878906
2019-06-28,29.065778732299805,36.77000045776367
2019-07-01,29.010435104370117,36.70000076293945
2019-07-02,29.547958374023438,37.380001068115234
2019-07-03,29.974824905395508,37.91999816894531
2019-07-05,29.808818817138672,37.709999084472656
2019-07-08,29.919479370117188,37.849998474121094
2019-07-09,30.077579498291016,38.04999923706055
2019-07-10,30.243574142456055,38.2599983215332
2019-07-11,29.856239318847656,37.77000045776367
2019-07-12,29.7376651763916,37.619998931884766
2019-07-15,29.777191162109375,37.66999816894531
2019-07-16,29.729766845703125,37.61000061035156
2019-07-17,29.579570770263672,37.41999816894531
2019-07-18,29.57167625427246,37.40999984741211
2019-07-19,29.089488983154297,36.79999923706055
2019-07-22,29.057870864868164,36.7599983215332
2019-07-23,29.342437744140625,37.119998931884766
2019-07-24,29.31871795654297,37.09000015258789
2019-07-25,29.19224739074707,36.93000030517578
2019-07-26,29.2871036529541,37.04999923706055
2019-07-29,29.39777183532715,37.189998626708984
2019-07-30,29.69024085998535,37.560001373291016
2019-07-31,29.57167625427246,37.40999984741211
2019-08-01,29.642826080322266,37.5
2019-08-02,29.87205696105957,37.790000915527344
2019-08-05,29.30291175842285,37.06999969482422
2019-08-06,29.66653060913086,37.529998779296875
2019-08-07,29.943193435668945,37.880001068115234
2019-08-08,30.417482376098633,38.47999954223633
2019-08-09,30.409582138061523,38.470001220703125
2019-08-12,30.385860443115234,38.439998626708984
2019-08-13,30.401662826538086,38.459999084472656
2019-08-14,29.927385330200195,37.86000061035156
2019-08-15,30.346342086791992,38.38999938964844
2019-08-16,30.559768676757812,38.65999984741211
2019-08-19,30.83643341064453,39.0099983215332
2019-08-20,30.607200622558594,38.720001220703125
2019-08-21,30.733675003051758,38.880001068115234
2019-08-22,30.88385581970215,39.06999969482422
2019-08-23,30.496524810791016,38.58000183105469
2019-08-26,30.781097412109375,38.939998626708984
2019-08-27,30.67833709716797,38.810001373291016
2019-08-28,30.76529312133789,38.91999816894531
2019-08-29,30.986623764038086,39.20000076293945
2019-08-30,30.994524002075195,39.209999084472656
2019-09-03,31.43718910217285,39.77000045776367
2019-09-04,31.69805145263672,40.099998474121094
2019-09-05,31.4213809967041,39.75
2019-09-06,31.46091079711914,39.79999923706055
2019-09-09,31.223758697509766,39.5
2019-09-10,30.76529312133789,38.91999816894531
2019-09-11,30.69414520263672,38.83000183105469
2019-09-12,30.87596321105957,39.060001373291016
2019-09-13,30.504440307617188,38.59000015258789
2019-09-16,30.82061767578125,38.9900016784668
2019-09-17,31.25538444519043,39.540000915527344
2019-09-18,31.160526275634766,39.41999816894531
2019-09-19,31.263294219970703,39.54999923706055
2019-09-20,31.13039779663086,39.119998931884766
2019-09-23,31.24180030822754,39.2599983215332
2019-09-24,31.202011108398438,39.209999084472656
2019-09-25,31.17017936706543,39.16999816894531
2019-09-26,31.472579956054688,39.54999923706055
2019-09-27,31.265668869018555,39.290000915527344
2019-09-30,31.305469512939453,39.34000015258789
2019-10-01,31.034900665283203,39.0
2019-10-02,30.843915939331055,38.7599983215332
2019-10-03,31.209972381591797,39.220001220703125
2019-10-04,31.35321044921875,39.400001525878906
2019-10-07,31.29751205444336,39.33000183105469
2019-10-08,31.146312713623047,39.13999938964844
2019-10-09,31.24180030822754,39.2599983215332
2019-10-10,31.321382522583008,39.36000061035156
2019-10-11,31.217941284179688,39.22999954223633
2019-10-14,31.265668869018555,39.290000915527344
2019-10-15,31.28955078125,39.31999969482422
2019-10-16,31.249759674072266,39.27000045776367
2019-10-17,31.456661224365234,39.529998779296875
2019-10-18,31.75905418395996,39.90999984741211
2019-10-21,31.973913192749023,40.18000030517578
2019-10-22,31.878419876098633,40.060001373291016
2019-10-23,31.93412208557129,40.130001068115234
2019-10-24,31.81475257873535,39.97999954223633
2019-10-25,31.424829483032227,39.4900016784668
2019-10-28,31.090600967407227,39.06999969482422
2019-10-29,31.17017936706543,39.16999816894531
2019-10-30,31.40095329284668,39.459999084472656
2019-10-31,31.29751205444336,39.33000183105469
2019-11-01,31.217941284179688,39.22999954223633
2019-11-04,30.867794036865234,38.790000915527344
2019-11-05,30.334627151489258,38.119998931884766
2019-11-06,30.446033477783203,38.2599983215332
2019-11-07,30.119770050048828,37.849998474121094
2019-11-08,30.064064025878906,37.779998779296875
2019-11-11,30.119770050048828,37.849998474121094
2019-11-12,29.920827865600586,37.599998474121094
2019-11-13,30.22321891784668,37.97999954223633
2019-11-14,30.525609970092773,38.36000061035156
2019-11-15,30.67680549621582,38.54999923706055
2019-11-18,30.843915939331055,38.7599983215332
2019-11-19,30.907577514648438,38.84000015258789
2019-11-20,30.923503875732422,38.86000061035156
2019-11-21,30.509695053100586,38.34000015258789
2019-11-22,30.334627151489258,38.119998931884766
2019-11-25,30.358503341674805,38.150001525878906
2019-11-26,30.780254364013672,38.68000030517578
2019-11-27,30.87574577331543,38.79999923706055
2019-11-29,30.756385803222656,38.650001525878906
2019-12-02,30.191390991210938,37.939998626708984
2019-12-03,30.438091278076172,38.25
2019-12-04,30.597238540649414,38.45000076293945
2019-12-05,30.644969940185547,38.5099983215332
2019-12-06,30.652942657470703,38.52000045776367
2019-12-09,30.69272804260254,38.56999969482422
2019-12-10,30.477861404418945,38.29999923706055
2019-12-11,30.247089385986328,38.0099983215332
2019-12-12,29.881046295166016,37.54999923706055
2019-12-13,29.91286849975586,37.59000015258789
2019-12-16,30.14364242553711,37.880001068115234
2019-12-17,29.8173828125,37.470001220703125
2019-12-18,30.239133834838867,38.0
2019-12-19,30.525609970092773,38.36000061035156
2019-12-20,30.76131820678711,38.2400016784668
2019-12-23,30.5762939453125,38.0099983215332
2019-12-24,30.616514205932617,38.060001373291016
2019-12-26,30.801532745361328,38.290000915527344
2019-12-27,30.914155960083008,38.43000030517578
2019-12-30,30.890024185180664,38.400001525878906
2019-12-31,31.107210159301758,38.66999816894531
2020-01-02,30.745227813720703,38.220001220703125
2020-01-03,30.970462799072266,38.5
2020-01-06,30.97850227355957,38.5099983215332
2020-01-07,30.640642166137695,38.09000015258789
2020-01-08,30.793487548828125,38.279998779296875
2020-01-09,30.785446166992188,38.27000045776367
2020-01-10,31.083078384399414,38.63999938964844
2020-01-13,31.461170196533203,39.11000061035156
2020-01-14,31.308324813842773,38.91999816894531
2020-01-15,31.525503158569336,39.189998626708984
2020-01-16,31.807065963745117,39.540000915527344
2020-01-17,31.847280502319336,39.59000015258789
2020-01-21,32.1690559387207,39.9900016784668
2020-01-22,31.91164207458496,39.66999816894531
2020-01-23,32.217323303222656,40.04999923706055
2020-01-24,32.1690559387207,39.9900016784668
2020-01-27,32.03230667114258,39.81999969482422
2020-01-28,32.11274719238281,39.91999816894531
2020-01-29,31.943819046020508,39.709999084472656
2020-01-30,32.01622009277344,39.79999923706055
2020-01-31,31.55769920349121,39.22999954223633
2020-02-03,31.589868545532227,39.27000045776367
2020-02-04,32.0001335144043,39.779998779296875
2020-02-05,31.97599983215332,39.75
2020-02-06,32.11274719238281,39.91999816894531
2020-02-07,32.12882614135742,39.939998626708984
2020-02-10,32.49887466430664,40.400001525878906
2020-02-11,32.8930549621582,40.88999938964844
2020-02-12,33.10219955444336,41.150001525878906
2020-02-13,33.30330276489258,41.400001525878906
2020-02-14,33.689430236816406,41.880001068115234
2020-02-18,33.65724182128906,41.84000015258789
2020-02-19,33.18264389038086,41.25
2020-02-20,33.55266571044922,41.709999084472656
2020-02-21,33.72964859008789,41.93000030517578
2020-02-24,33.2791633605957,41.369998931884766
2020-02-25,32.44256591796875,40.33000183105469
2020-02-26,32.161014556884766,39.97999954223633
2020-02-27,30.343008041381836,37.720001220703125
2020-02-28,29.594892501831055,36.790000915527344
2020-03-02,31.06698989868164,38.619998931884766
2020-03-03,31.042865753173828,38.59000015258789
2020-03-04,32.24949645996094,40.09000015258789
2020-03-05,31.509428024291992,39.16999816894531
2020-03-06,30.970462799072266,38.5
2020-03-09,28.78241539001465,35.779998779296875
2020-03-10,30.18212890625,37.52000045776367
2020-03-11,28.56521987915039,35.5099983215332
2020-03-12,26.111711502075195,32.459999084472656
2020-03-13,28.40433692932129,35.310001373291016
2020-03-16,23.85932731628418,29.65999984741211
2020-03-17,25.307296752929688,31.459999084472656
2020-03-18,23.529502868652344,29.25
2020-03-19,23.159465789794922,28.790000915527344
2020-03-20,21.848247528076172,27.15999984741211
2020-03-23,20.63418960571289,25.459999084472656
2020-03-24,22.43340301513672,27.68000030517578
2020-03-25,23.43026351928711,28.90999984741211
2020-03-26,25.22947120666504,31.1299991607666
2020-03-27,25.2943058013916,31.209999084472656
2020-03-30,25.95077896118164,32.02000045776367
2020-03-31,25.124114990234375,31.0
2020-04-01,23.600460052490234,29.1200008392334
2020-04-02,23.948951721191406,29.549999237060547
2020-04-03,23.746339797973633,29.299999237060547
2020-04-06,25.464506149291992,31.420000076293945
2020-04-07,25.472610473632812,31.43000030517578
2020-04-08,27.385286331176758,33.790000915527344
2020-04-09,28.795475006103516,35.529998779296875
2020-04-13,27.47443199157715,33.900001525878906
2020-04-14,28.39025115966797,35.029998779296875
2020-04-15,27.296131134033203,33.68000030517578
2020-04-16,27.11783218383789,33.459999084472656
2020-04-17,27.993125915527344,34.540000915527344
2020-04-20,26.955739974975586,33.2599983215332
2020-04-21,26.55861473083496,32.77000045776367
2020-04-22,27.020580291748047,33.34000015258789
2020-04-23,26.712600708007812,32.959999084472656
2020-04-24,26.809865951538086,33.08000183105469
2020-04-27,27.5878963470459,34.040000915527344
2020-04-28,27.61220359802246,34.06999969482422
2020-04-29,27.685155868530273,34.15999984741211
2020-04-30,27.490642547607422,33.91999816894531
2020-05-01,26.64777374267578,32.880001068115234
2020-05-04,26.631561279296875,32.86000061035156
2020-05-05,26.801761627197266,33.06999969482422
2020-05-06,26.307371139526367,32.459999084472656
2020-05-07,26.54241180419922,32.75
2020-05-08,27.028682708740234,33.349998474121094
2020-05-11,26.704504013061523,32.95000076293945
2020-05-12,25.56986427307129,31.549999237060547
2020-05-13,25.16463851928711,31.049999237060547
2020-05-14,25.197057723999023,31.09000015258789
2020-05-15,25.1079044342041,30.979999542236328
2020-05-18,26.331689834594727,32.4900016784668
2020-05-19,25.821104049682617,31.860000610351562
2020-05-20,26.064241409301758,32.15999984741211
2020-05-21,25.934568405151367,32.0
2020-05-22,26.50189208984375,32.70000076293945
2020-05-26,27.344758987426758,33.7400016784668
2020-05-27,27.928287506103516,34.459999084472656
2020-05-28,28.244367599487305,34.849998474121094
2020-05-29,28.0822696685791,34.650001525878906
2020-06-01,28.6414852142334,35.34000015258789
2020-06-02,28.827884674072266,35.56999969482422
2020-06-03,29.516769409179688,36.41999816894531
2020-06-04,28.96567726135254,35.7400016784668
2020-06-05,30.027360916137695,37.04999923706055
2020-06-08,30.683837890625,37.86000061035156
2020-06-09,30.327234268188477,37.41999816894531
2020-06-10,29.759920120239258,36.720001220703125
2020-06-11,27.92018699645996,34.45000076293945
2020-06-12,28.80357551574707,35.540000915527344
2020-06-15,29.168289184570312,35.9900016784668
2020-06-16,29.654563903808594,36.59000015258789
2020-06-17,29.306062698364258,36.15999984741211
2020-06-18,28.94135856628418,35.709999084472656
2020-06-19,28.649593353271484,35.349998474121094
2020-06-22,28.56792449951172,34.97999954223633
2020-06-23,28.46175193786621,34.849998474121094
2020-06-24,27.734895706176758,33.959999084472656
2020-06-25,28.028907775878906,34.31999969482422
2020-06-26,27.54705238342285,33.72999954223633
2020-06-29,28.02073860168457,34.310001373291016
2020-06-30,28.429088592529297,34.810001373291016
2020-07-01,29.2049503326416,35.7599983215332
2020-07-02,29.106943130493164,35.63999938964844
2020-07-06,29.13960838317871,35.68000030517578
2020-07-07,28.665924072265625,35.099998474121094
2020-07-08,28.64958953857422,35.08000183105469
2020-07-09,28.55159568786621,34.959999084472656
2020-07-10,28.584257125854492,35.0
2020-07-13,28.135082244873047,34.45000076293945
2020-07-14,28.41275978088379,34.790000915527344
2020-07-15,28.543424606323242,34.95000076293945
2020-07-16,28.208581924438477,34.540000915527344
2020-07-17,28.60059356689453,35.02000045776367
2020-07-20,28.331087112426758,34.689998626708984
2020-07-21,28.339250564575195,34.70000076293945
2020-07-22,28.682266235351562,35.119998931884766
2020-07-23,28.53525733947754,34.939998626708984
2020-07-24,28.420917510986328,34.79999923706055
2020-07-27,28.755762100219727,35.209999084472656
2020-07-28,29.335607528686523,35.91999816894531
2020-07-29,29.890968322753906,36.599998474121094
2020-07-30,29.645959854125977,36.29999923706055
2020-07-31,29.61328887939453,36.2599983215332
2020-08-03,29.13960838317871,35.68000030517578
2020-08-04,29.572460174560547,36.209999084472656
2020-08-05,29.351943969726562,35.939998626708984
2020-08-06,29.409116744995117,36.0099983215332
2020-08-07,29.809303283691406,36.5
2020-08-10,29.76030158996582,36.439998626708984
2020-08-11,29.188617706298828,35.7400016784668
2020-08-12,29.55612564086914,36.189998626708984
2020-08-13,29.21310806274414,35.77000045776367
2020-08-14,29.286623001098633,35.86000061035156
2020-08-17,29.54795265197754,36.18000030517578
2020-08-18,29.515295028686523,36.13999938964844
2020-08-19,28.910938262939453,35.400001525878906
2020-08-20,29.22127914428711,35.779998779296875
2020-08-21,29.31928062438965,35.900001525878906
2020-08-24,29.360116958618164,35.95000076293945
2020-08-25,29.449949264526367,36.060001373291016
2020-08-26,29.245784759521484,35.810001373291016
2020-08-27,29.63779067993164,36.290000915527344
2020-08-28,29.86646842956543,36.56999969482422
2020-08-31,29.60512351989746,36.25
2020-09-01,29.55612564086914,36.189998626708984
2020-09-02,30.217653274536133,37.0
2020-09-03,29.71129608154297,36.380001068115234
2020-09-04,29.60512351989746,36.25
2020-09-08,29.229448318481445,35.790000915527344
2020-09-09,29.54795265197754,36.18000030517578
2020-09-10,29.131437301635742,35.66999816894531
2020-09-11,29.03343391418457,35.54999923706055
2020-09-14,29.743959426879883,36.41999816894531
2020-09-15,30.13597869873047,36.900001525878906
2020-09-16,30.331985473632812,37.13999938964844
2020-09-17,29.662294387817383,36.31999969482422
2020-09-18,29.074275970458984,35.599998474121094
2020-09-21,28.29621124267578,34.439998626708984
2020-09-22,28.633073806762695,34.849998474121094
2020-09-23,27.811464309692383,33.849998474121094
2020-09-24,27.94291877746582,34.0099983215332
2020-09-25,28.485187530517578,34.66999816894531
2020-09-28,28.9781494140625,35.27000045776367
2020-09-29,28.830263137817383,35.09000015258789
2020-09-30,28.9781494140625,35.27000045776367
2020-10-01,29.454681396484375,35.849998474121094
2020-10-02,29.931211471557617,36.43000030517578
2020-10-05,30.095539093017578,36.630001068115234
2020-10-06,29.840835571289062,36.31999969482422
2020-10-07,29.922996520996094,36.41999816894531
2020-10-08,30.424177169799805,37.029998779296875
2020-10-09,30.342018127441406,36.93000030517578
2020-10-12,30.49812126159668,37.119998931884766
2020-10-13,29.980514526367188,36.4900016784668
2020-10-14,29.63544273376465,36.06999969482422
2020-10-15,29.775110244750977,36.2400016784668
2020-10-16,29.668296813964844,36.11000061035156
2020-10-19,29.199979782104492,35.540000915527344
2020-10-20,29.397167205810547,35.779998779296875
2020-10-21,29.290361404418945,35.650001525878906
2020-10-22,29.084959030151367,35.400001525878906
2020-10-23,29.27392578125,35.630001068115234
2020-10-26,28.920637130737305,35.20000076293945
2020-10-27,28.55091094970703,34.75
2020-10-28,27.918272018432617,33.97999954223633
2020-10-29,28.238697052001953,34.369998931884766
2020-10-30,28.05794906616211,34.150001525878906
2020-11-02,28.74810028076172,34.9900016784668
2020-11-03,29.199979782104492,35.540000915527344
2020-11-04,29.282142639160156,35.63999938964844
2020-11-05,29.388948440551758,35.77000045776367
2020-11-06,29.27392578125,35.630001068115234
2020-11-09,30.046247482299805,36.56999969482422
2020-11-10,30.210561752319336,36.77000045776367
2020-11-11,30.44060516357422,37.04999923706055
2020-11-12,30.128393173217773,36.66999816894531
2020-11-13,30.818553924560547,37.5099983215332
2020-11-16,31.01573944091797,37.75
2020-11-17,31.03216552734375,37.77000045776367
2020-11-18,30.5063419342041,37.130001068115234
2020-11-19,30.55563735961914,37.189998626708984
2020-11-20,30.35023307800293,36.939998626708984
2020-11-23,30.25164031982422,36.81999969482422
2020-11-24,30.235210418701172,36.79999923706055
2020-11-25,30.309158325195312,36.88999938964844
2020-11-27,30.25164031982422,36.81999969482422
2020-11-30,29.988727569580078,36.5
2020-12-01,30.366668701171875,36.959999084472656
2020-12-02,30.046247482299805,36.56999969482422
2020-12-03,30.268075942993164,36.84000015258789
2020-12-04,30.670663833618164,37.33000183105469
2020-12-07,30.366668701171875,36.959999084472656
2020-12-08,30.22698974609375,36.790000915527344
2020-12-09,29.94764518737793,36.45000076293945
2020-12-10,29.7833194732666,36.25
2020-12-11,29.799755096435547,36.27000045776367
2020-12-14,29.58613395690918,36.0099983215332
2020-12-15,30.103748321533203,36.63999938964844
2020-12-16,30.11196517944336,36.650001525878906
2020-12-17,30.46526336669922,37.08000183105469
2020-12-18,29.939435958862305,36.439998626708984
2020-12-21,29.669780731201172,35.650001525878906
2020-12-22,29.877840042114258,35.900001525878906
2020-12-23,29.594881057739258,35.560001373291016
2020-12-24,29.88616943359375,35.90999984741211
2020-12-28,30.127521514892578,36.20000076293945
2020-12-29,29.89448356628418,35.91999816894531
2020-12-30,30.060945510864258,36.119998931884766
2020-12-31,30.427133560180664,36.560001373291016
2021-01-04,29.445077896118164,35.380001068115234
2021-01-05,29.411773681640625,35.34000015258789
2021-01-06,29.270301818847656,35.16999816894531
2021-01-07,29.361841201782227,35.279998779296875
2021-01-08,29.6781005859375,35.65999984741211
2021-01-11,29.178752899169922,35.060001373291016
2021-01-12,29.203718185424805,35.09000015258789
2021-01-13,29.60319709777832,35.56999969482422
2021-01-14,29.786296844482422,35.790000915527344
2021-01-15,30.244037628173828,36.34000015258789
2021-01-19,30.044292449951172,36.099998474121094
2021-01-20,30.668479919433594,36.849998474121094
2021-01-21,30.56861114501953,36.72999954223633
2021-01-22,30.643512725830078,36.81999969482422
2021-01-25,30.91816520690918,37.150001525878906
2021-01-26,31.234418869018555,37.529998779296875
2021-01-27,30.83492660522461,37.04999923706055
2021-01-28,30.91816520690918,37.150001525878906
2021-01-29,30.59358024597168,36.7599983215332
2021-02-01,31.284353256225586,37.59000015258789
2021-02-02,31.417509078979492,37.75
2021-02-03,31.292667388916016,37.599998474121094
2021-02-04,31.467449188232422,37.810001373291016
2021-02-05,31.575637817382812,37.939998626708984
2021-02-08,31.642223358154297,38.02000045776367
2021-02-09,31.783702850341797,38.189998626708984
2021-02-10,32.000091552734375,38.45000076293945
2021-02-11,31.941829681396484,38.380001068115234
2021-02-12,31.933500289916992,38.369998931884766
2021-02-16,31.59228515625,37.959999084472656
2021-02-17,31.617250442504883,37.9900016784668
2021-02-18,31.600603103637695,37.970001220703125
2021-02-19,31.700481414794922,38.09000015258789
2021-02-22,31.883563995361328,38.310001373291016
2021-02-23,32.000091552734375,38.45000076293945
2021-02-24,32.1498908996582,38.630001068115234
2021-02-25,31.625568389892578,38.0
2021-02-26,31.076290130615234,37.34000015258789
2021-03-01,31.10957145690918,37.380001068115234
2021-03-02,30.91816520690918,37.150001525878906
2021-03-03,30.535316467285156,36.689998626708984
2021-03-04,30.310611724853516,36.41999816894531
2021-03-05,30.6601619720459,36.84000015258789
2021-03-08,30.809965133666992,37.02000045776367
2021-03-09,31.159515380859375,37.439998626708984
2021-03-10,31.467449188232422,37.810001373291016
2021-03-11,31.933500289916992,38.369998931884766
2021-03-12,32.482791900634766,39.029998779296875
2021-03-15,32.84897994995117,39.470001220703125
2021-03-16,32.84897994995117,39.470001220703125
2021-03-17,32.799041748046875,39.40999984741211
2021-03-18,32.59098434448242,39.15999984741211
2021-03-19,32.158206939697266,38.63999938964844
2021-03-22,32.51292419433594,38.68000030517578
2021-03-23,32.613792419433594,38.79999923706055
2021-03-24,32.47089767456055,38.630001068115234
2021-03-25,32.74827575683594,38.959999084472656
2021-03-26,33.54682159423828,39.90999984741211
2021-03-29,33.471168518066406,39.81999969482422
2021-03-30,33.32828140258789,39.650001525878906
2021-03-31,33.19379425048828,39.4900016784668
2021-04-01,33.723331451416016,40.119998931884766
2021-04-05,33.899871826171875,40.33000183105469
2021-04-06,33.983909606933594,40.43000030517578
2021-04-07,34.02594757080078,40.47999954223633
2021-04-08,33.85783004760742,40.279998779296875
2021-04-09,33.90826416015625,40.34000015258789
2021-04-12,34.11000061035156,40.58000183105469
2021-04-13,34.31173324584961,40.81999969482422
2021-04-14,34.101593017578125,40.56999969482422
2021-04-15,34.74882507324219,41.34000015258789
2021-04-16,34.79925537109375,41.400001525878906
2021-04-19,34.90852737426758,41.529998779296875
2021-04-20,35.29519271850586,41.9900016784668
2021-04-21,35.45489501953125,42.18000030517578
2021-04-22,35.303585052490234,42.0
2021-04-23,35.50533676147461,42.2400016784668
2021-04-26,35.58098602294922,42.33000183105469
2021-04-27,35.58098602294922,42.33000183105469
2021-04-28,35.45489501953125,42.18000030517578
2021-04-29,35.71547317504883,42.4900016784668
2021-04-30,35.950828552246094,42.77000045776367
2021-05-03,35.75749206542969,42.540000915527344
2021-05-04,35.538944244384766,42.279998779296875
2021-05-05,35.01780700683594,41.65999984741211
2021-05-06,35.185916900634766,41.86000061035156
2021-05-07,35.61460494995117,42.369998931884766
2021-05-10,35.77430725097656,42.560001373291016
2021-05-11,35.35401916503906,42.060001373291016
2021-05-12,34.49665069580078,41.040000915527344
2021-05-13,34.933746337890625,41.560001373291016
2021-05-14,35.26156234741211,41.95000076293945
2021-05-17,35.27838897705078,41.970001220703125
2021-05-18,35.34562683105469,42.04999923706055
2021-05-19,35.21113204956055,41.88999938964844
2021-05-20,35.648223876953125,42.40999984741211
2021-05-21,35.58938217163086,42.34000015258789
2021-05-24,35.976043701171875,42.79999923706055
2021-05-25,36.076904296875,42.91999816894531
2021-05-26,36.16096878051758,43.02000045776367
2021-05-27,36.11894607543945,42.970001220703125
2021-05-28,36.362701416015625,43.2599983215332
2021-06-01,36.98472213745117,44.0
2021-06-02,37.497467041015625,44.61000061035156
2021-06-03,37.421810150146484,44.52000045776367
2021-06-04,37.45542907714844,44.560001373291016
2021-06-07,37.8084716796875,44.97999954223633
2021-06-08,38.01021194458008,45.220001220703125
2021-06-09,38.05222702026367,45.27000045776367
2021-06-10,38.43888473510742,45.72999954223633
2021-06-11,38.19512176513672,45.439998626708984
2021-06-14,38.413673400878906,45.70000076293945
2021-06-15,38.060646057128906,45.279998779296875
2021-06-16,37.715999603271484,44.869998931884766
2021-06-17,37.85890579223633,45.040000915527344
2021-06-18,37.26210021972656,44.33000183105469
2021-06-21,38.002357482910156,44.91999816894531
2021-06-22,37.83315658569336,44.720001220703125
2021-06-23,37.714717864990234,44.58000183105469
2021-06-24,37.53705596923828,44.369998931884766
2021-06-25,37.807777404785156,44.689998626708984
2021-06-28,37.82469940185547,44.709999084472656
2021-06-29,37.799312591552734,44.68000030517578
2021-06-30,37.503211975097656,44.33000183105469
2021-07-01,37.65549850463867,44.5099983215332
2021-07-02,37.83315658569336,44.720001220703125
2021-07-06,38.17155456542969,45.119998931884766
2021-07-07,38.36613845825195,45.349998474121094
2021-07-08,38.332298278808594,45.310001373291016
2021-07-09,38.839900970458984,45.90999984741211
2021-07-12,39.178306579589844,46.310001373291016
2021-07-13,38.67070007324219,45.709999084472656
2021-07-14,39.00909423828125,46.11000061035156
2021-07-15,39.06831359863281,46.18000030517578
2021-07-16,39.11061096191406,46.22999954223633
2021-07-19,38.501495361328125,45.5099983215332
2021-07-20,39.19520950317383,46.33000183105469
2021-07-21,39.076778411865234,46.189998626708984
2021-07-22,38.79759216308594,45.86000061035156
2021-07-23,39.152915954589844,46.279998779296875
2021-07-26,39.152915954589844,46.279998779296875
2021-07-27,39.4659309387207,46.650001525878906
2021-07-28,39.22905731201172,46.369998931884766
2021-07-29,39.11061096191406,46.22999954223633
2021-07-30,39.237510681152344,46.380001068115234
2021-08-02,39.25443649291992,46.400001525878906
2021-08-03,39.41517639160156,46.59000015258789
2021-08-04,39.28828430175781,46.439998626708984
2021-08-05,39.60130310058594,46.810001373291016
2021-08-06,39.53361129760742,46.72999954223633
2021-08-09,39.35595703125,46.52000045776367
2021-08-10,38.93294906616211,46.02000045776367
2021-08-11,39.14446258544922,46.27000045776367
2021-08-12,39.27981185913086,46.43000030517578
2021-08-13,39.54207229614258,46.7400016784668
2021-08-16,39.58437728881836,46.790000915527344
2021-08-17,39.660518646240234,46.880001068115234
2021-08-18,39.245975494384766,46.38999938964844
2021-08-19,39.57591247558594,46.779998779296875
2021-08-20,39.76204299926758,47.0
2021-08-23,39.6097526550293,46.81999969482422
2021-08-24,39.313655853271484,46.470001220703125
2021-08-25,39.27135467529297,46.41999816894531
2021-08-26,39.2967414855957,46.45000076293945
2021-08-27,39.61821365356445,46.83000183105469
2021-08-30,40.100440979003906,47.400001525878906
2021-08-31,40.33732604980469,47.68000030517578
2021-09-01,41.031036376953125,48.5
2021-09-02,41.22562026977539,48.72999954223633
2021-09-03,41.22562026977539,48.72999954223633
2021-09-07,40.7687873840332,48.189998626708984
2021-09-08,41.01411819458008,48.47999954223633
2021-09-09,40.142730712890625,47.45000076293945
2021-09-10,39.63513946533203,46.849998474121094
2021-09-13,39.85511016845703,47.11000061035156
2021-09-14,39.770503997802734,47.0099983215332
2021-09-15,39.92277526855469,47.189998626708984
2021-09-16,39.99892044067383,47.279998779296875
2021-09-17,39.63513946533203,46.849998474121094
2021-09-20,39.36375427246094,46.27000045776367
2021-09-21,39.37226486206055,46.279998779296875
2021-09-22,39.704044342041016,46.66999816894531
2021-09-23,39.508384704589844,46.439998626708984
2021-09-24,39.0574836730957,45.90999984741211
2021-09-27,38.41091537475586,45.150001525878906
2021-09-28,38.18122482299805,44.880001068115234
2021-09-29,38.42793655395508,45.16999816894531
2021-09-30,37.81539535522461,44.45000076293945
2021-10-01,38.223751068115234,44.93000030517578
2021-10-04,38.26628875732422,44.97999954223633
2021-10-05,37.96854019165039,44.630001068115234
2021-10-06,38.334346771240234,45.060001373291016
2021-10-07,38.376895904541016,45.11000061035156
2021-10-08,37.96003341674805,44.619998931884766
2021-10-11,38.011070251464844,44.68000030517578
2021-10-12,38.521507263183594,45.279998779296875
2021-10-13,38.74270248413086,45.540000915527344
2021-10-14,39.28718185424805,46.18000030517578
2021-10-15,39.304195404052734,46.20000076293945
2021-10-18,39.37226486206055,46.279998779296875
2021-10-19,39.5509147644043,46.4900016784668
2021-10-20,40.15493392944336,47.20000076293945
2021-10-21,40.28254318237305,47.349998474121094
2021-10-22,40.57179641723633,47.689998626708984
2021-10-25,40.69090270996094,47.83000183105469
2021-10-26,40.8780632019043,48.04999923706055
2021-10-27,40.580299377441406,47.70000076293945
2021-10-28,41.175819396972656,48.400001525878906
2021-10-29,40.682403564453125,47.81999969482422
2021-11-01,40.77598571777344,47.93000030517578
2021-11-02,41.158817291259766,48.380001068115234
2021-11-03,41.39701843261719,48.65999984741211
2021-11-04,40.929107666015625,48.11000061035156
2021-11-05,41.02269744873047,48.220001220703125
2021-11-08,41.01418685913086,48.209999084472656
2021-11-09,41.16730880737305,48.38999938964844
2021-11-10,40.96314239501953,48.150001525878906
2021-11-11,40.98015594482422,48.16999816894531
2021-11-12,40.9971809387207,48.189998626708984
2021-11-15,41.22686767578125,48.459999084472656
2021-11-16,40.97164535522461,48.15999984741211
2021-11-17,41.24388885498047,48.47999954223633
2021-11-18,41.23537826538086,48.470001220703125
2021-11-19,41.01418685913086,48.209999084472656
2021-11-22,40.81000900268555,47.970001220703125
2021-11-23,41.24388885498047,48.47999954223633
2021-11-24,41.79686737060547,49.130001068115234
2021-11-26,40.665382385253906,47.79999923706055
2021-11-29,41.175819396972656,48.400001525878906
2021-11-30,40.31657791137695,47.38999938964844
2021-12-01,39.78911590576172,46.77000045776367
2021-12-02,40.8780632019043,48.04999923706055
2021-12-03,40.67388916015625,47.810001373291016
2021-12-06,41.26089859008789,48.5
2021-12-07,41.99253845214844,49.36000061035156
2021-12-08,42.17119216918945,49.56999969482422
2021-12-09,41.635223388671875,48.939998626708984
2021-12-10,41.84790802001953,49.189998626708984
2021-12-13,42.40938949584961,49.849998474121094
2021-12-14,41.94149398803711,49.29999923706055
2021-12-15,42.56253433227539,50.029998779296875
2021-12-16,42.72417449951172,50.220001220703125
2021-12-17,42.57954406738281,50.04999923706055
2021-12-20,42.30069351196289,49.29999923706055
2021-12-21,42.54093933105469,49.58000183105469
2021-12-22,42.96136474609375,50.06999969482422
2021-12-23,42.83265686035156,49.91999816894531
2021-12-27,43.70785140991211,50.939998626708984
2021-12-28,43.8966178894043,51.15999984741211
2021-12-29,44.16260528564453,51.470001220703125
2021-12-30,44.359947204589844,51.70000076293945
2021-12-31,44.454345703125,51.810001373291016
2022-01-03,44.0424919128418,51.33000183105469
2022-01-04,43.87088394165039,51.130001068115234
2022-01-05,42.44654846191406,49.470001220703125
2022-01-06,42.498046875,49.529998779296875
2022-01-07,42.27495193481445,49.27000045776367
2022-01-10,42.026119232177734,48.97999954223633
2022-01-11,41.957481384277344,48.900001525878906
2022-01-12,42.06902313232422,49.029998779296875
2022-01-13,41.923160552978516,48.86000061035156
2022-01-14,41.434085845947266,48.290000915527344
2022-01-18,41.15093994140625,47.959999084472656
2022-01-19,40.61895751953125,47.34000015258789
2022-01-20,40.258583068847656,46.91999816894531
2022-01-21,40.23284149169922,46.88999938964844
2022-01-24,40.31864547729492,46.9900016784668
2022-01-25,40.20711135864258,46.86000061035156
2022-01-26,39.537845611572266,46.08000183105469
2022-01-27,38.825687408447266,45.25
2022-01-28,40.17278289794922,46.81999969482422
2022-01-31,40.61895751953125,47.34000015258789
2022-02-01,40.344383239746094,47.02000045776367
2022-02-02,41.039390563964844,47.83000183105469
2022-02-03,40.61895751953125,47.34000015258789
2022-02-04,40.061241149902344,46.689998626708984
2022-02-07,40.06982421875,46.70000076293945
2022-02-08,39.70944595336914,46.279998779296875
2022-02-09,40.670440673828125,47.400001525878906
2022-02-10,39.51210403442383,46.04999923706055
2022-02-11,38.9715461730957,45.41999816894531
2022-02-14,38.55111312866211,44.93000030517578
2022-02-15,38.73987579345703,45.150001525878906
2022-02-16,38.84284973144531,45.27000045776367
2022-02-17,38.508216857910156,44.880001068115234
2022-02-18,38.33660888671875,44.68000030517578
2022-02-22,38.23365020751953,44.560001373291016
2022-02-23,37.73599624633789,43.97999954223633
2022-02-24,38.38809585571289,44.7400016784668
2022-02-25,39.34907913208008,45.86000061035156
2022-02-28,38.671241760253906,45.06999969482422
2022-03-01,38.59401321411133,44.97999954223633
2022-03-02,39.28042984008789,45.779998779296875
2022-03-03,39.70944595336914,46.279998779296875
2022-03-04,40.04408264160156,46.66999816894531
2022-03-07,39.314762115478516,45.81999969482422
2022-03-08,38.96296310424805,45.40999984741211
2022-03-09,39.61506652832031,46.16999816894531
2022-03-10,39.75234603881836,46.33000183105469
2022-03-11,39.3576545715332,45.869998931884766
2022-03-14,39.1174201965332,45.59000015258789
2022-03-15,39.426300048828125,45.95000076293945
2022-03-16,39.8639030456543,46.459999084472656
2022-03-17,40.43019485473633,47.119998931884766
2022-03-18,40.52457046508789,47.22999954223633
2022-03-21,40.31660842895508,46.720001220703125
2022-03-22,40.34248733520508,46.75
2022-03-23,39.885135650634766,46.220001220703125
2022-03-24,40.19579315185547,46.58000183105469
2022-03-25,40.67041015625,47.130001068115234
2022-03-28,41.18817138671875,47.72999954223633
2022-03-29,42.39629364013672,49.130001068115234
2022-03-30,42.16330337524414,48.86000061035156
2022-03-31,41.69731521606445,48.31999969482422
2022-04-01,42.525733947753906,49.279998779296875
2022-04-04,42.39629364013672,49.130001068115234
2022-04-05,42.430809020996094,49.16999816894531
2022-04-06,43.06076431274414,49.900001525878906
2022-04-07,42.70695114135742,49.4900016784668
2022-04-08,42.86228561401367,49.66999816894531
2022-04-11,42.27548599243164,48.9900016784668
2022-04-12,42.14604187011719,48.84000015258789
2022-04-13,42.31863021850586,49.040000915527344
2022-04-14,42.07699966430664,48.7599983215332
2022-04-18,41.973453521728516,48.63999938964844
2022-04-19,42.85365676879883,49.65999984741211
2022-04-20,43.66481399536133,50.599998474121094
2022-04-21,43.38005065917969,50.27000045776367
2022-04-22,42.6034049987793,49.369998931884766
2022-04-25,42.40492630004883,49.13999938964844
2022-04-26,41.74045944213867,48.369998931884766
2022-04-27,41.49021530151367,48.08000183105469
2022-04-28,42.249595642089844,48.959999084472656
2022-04-29,40.21304702758789,46.599998474121094
2022-05-02,39.168888092041016,45.38999938964844
2022-05-03,39.64350509643555,45.939998626708984
2022-05-04,40.1095085144043,46.47999954223633
2022-05-05,39.08259963989258,45.290000915527344
2022-05-06,38.685646057128906,44.83000183105469
2022-05-09,36.88210678100586,42.7400016784668
2022-05-10,36.06230545043945,41.790000915527344
2022-05-11,36.010528564453125,41.72999954223633
2022-05-12,36.278038024902344,42.040000915527344
2022-05-13,37.18413162231445,43.09000015258789
2022-05-16,36.88210678100586,42.7400016784668
2022-05-17,37.279056549072266,43.20000076293945
2022-05-18,36.19174575805664,41.939998626708984
2022-05-19,36.12271499633789,41.86000061035156
2022-05-20,36.545555114746094,42.349998474121094
2022-05-23,37.02017593383789,42.900001525878906
2022-05-24,37.45164489746094,43.400001525878906
2022-05-25,37.658748626708984,43.63999938964844
2022-05-26,37.615604400634766,43.59000015258789
2022-05-27,38.6770133972168,44.81999969482422
2022-05-31,38.15925979614258,44.220001220703125
2022-06-01,37.74503707885742,43.7400016784668
2022-06-02,38.31458282470703,44.400001525878906
2022-06-03,37.831336975097656,43.84000015258789
2022-06-06,37.71915817260742,43.709999084472656
2022-06-07,38.15925979614258,44.220001220703125
2022-06-08,37.24453353881836,43.15999984741211
2022-06-09,36.39022445678711,42.16999816894531
2022-06-10,35.527278900146484,41.16999816894531
2022-06-13,33.81865692138672,39.189998626708984
2022-06-14,33.57704162597656,38.90999984741211
2022-06-15,34.34505844116211,39.79999923706055
2022-06-16,33.5252571105957,38.849998474121094
2022-06-17,33.7237434387207,39.08000183105469
2022-06-21,34.35179138183594,39.4900016784668
2022-06-22,34.90851974487305,40.130001068115234
2022-06-23,35.595726013183594,40.91999816894531
2022-06-24,36.369930267333984,41.810001373291016
2022-06-27,36.23944854736328,41.65999984741211
2022-06-28,35.74360656738281,41.09000015258789
2022-06-29,35.51744842529297,40.83000183105469
2022-06-30,35.54353332519531,40.86000061035156
2022-07-01,36.178550720214844,41.59000015258789
2022-07-05,36.030670166015625,41.41999816894531
2022-07-06,36.004581451416016,41.38999938964844
2022-07-07,36.030670166015625,41.41999816894531
2022-07-08,35.865394592285156,41.22999954223633
2022-07-11,35.865394592285156,41.22999954223633
2022-07-12,35.63923263549805,40.970001220703125
2022-07-13,35.447853088378906,40.75
2022-07-14,35.09989929199219,40.349998474121094
2022-07-15,35.665321350097656,41.0
2022-07-18,35.31736755371094,40.599998474121094
2022-07-19,36.2916374206543,41.720001220703125
2022-07-20,36.10896301269531,41.5099983215332
2022-07-21,36.483009338378906,41.939998626708984
2022-07-22,36.761375427246094,42.2599983215332
2022-07-25,36.787479400634766,42.290000915527344
2022-07-26,36.8570671081543,42.369998931884766
2022-07-27,37.0571403503418,42.599998474121094
2022-07-28,38.42285919189453,44.16999816894531
2022-07-29,38.570743560791016,44.34000015258789
2022-08-01,38.22278594970703,43.939998626708984
2022-08-02,37.7182502746582,43.36000061035156
2022-08-03,37.87482833862305,43.540000915527344
2022-08-04,37.90962600708008,43.58000183105469
2022-08-05,38.03141403198242,43.720001220703125
2022-08-08,38.30978012084961,44.040000915527344
2022-08-09,38.61424255371094,44.38999938964844
2022-08-10,39.13616943359375,44.9900016784668
2022-08-11,38.953487396240234,44.779998779296875
2022-08-12,39.61460876464844,45.540000915527344
2022-08-15,39.78858184814453,45.7400016784668
2022-08-16,39.63200759887695,45.560001373291016
2022-08-17,39.51891326904297,45.43000030517578
2022-08-18,39.249244689941406,45.119998931884766
2022-08-19,38.86650466918945,44.68000030517578
2022-08-22,38.0575065612793,43.75
2022-08-23,37.48337936401367,43.09000015258789
2022-08-24,37.779144287109375,43.43000030517578
2022-08-25,38.361976623535156,44.099998474121094
2022-08-26,37.3876953125,42.97999954223633
2022-08-29,37.06583786010742,42.61000061035156
2022-08-30,36.53520584106445,42.0
2022-08-31,36.404727935791016,41.849998474121094
2022-09-01,36.53520584106445,42.0
2022-09-02,35.90888595581055,41.279998779296875
2022-09-06,36.282936096191406,41.709999084472656
2022-09-07,36.978843688964844,42.5099983215332
2022-09-08,37.08323669433594,42.630001068115234
2022-09-09,37.43989181518555,43.040000915527344
2022-09-12,37.7530517578125,43.400001525878906
2022-09-13,36.3177375793457,41.75
2022-09-14,35.87409591674805,41.2400016784668
2022-09-15,35.09119415283203,40.34000015258789
2022-09-16,35.09989929199219,40.349998474121094
2022-09-19,35.033180236816406,39.90999984741211
2022-09-20,34.111488342285156,38.86000061035156
2022-09-21,33.611141204833984,38.290000915527344
2022-09-22,33.295127868652344,37.93000030517578
2022-09-23,32.88256072998047,37.459999084472656
2022-09-26,31.995975494384766,36.45000076293945
2022-09-27,31.574630737304688,35.970001220703125
2022-09-28,32.17154312133789,36.650001525878906
2022-09-29,31.276180267333984,35.630001068115234
2022-09-30,31.6097354888916,36.0099983215332
2022-10-03,32.19786834716797,36.68000030517578
2022-10-04,32.70699691772461,37.2599983215332
2022-10-05,32.101318359375,36.56999969482422
2022-10-06,31.047950744628906,35.369998931884766
2022-10-07,30.310592651367188,34.529998779296875
2022-10-10,29.96825408935547,34.13999938964844
2022-10-11,30.2491512298584,34.459999084472656
2022-10-12,29.845361709594727,34.0
2022-10-13,30.407146453857422,34.63999938964844
2022-10-14,29.643455505371094,33.77000045776367
2022-10-17,30.74949836730957,35.029998779296875
2022-10-18,31.15328598022461,35.4900016784668
2022-10-19,30.372041702270508,34.599998474121094
2022-10-20,30.222810745239258,34.43000030517578
2022-10-21,30.433481216430664,34.66999816894531
2022-10-24,30.415931701660156,34.650001525878906
2022-10-25,31.6185245513916,36.02000045776367
2022-10-26,31.55707550048828,35.95000076293945
2022-10-27,31.574630737304688,35.970001220703125
2022-10-28,32.32076644897461,36.81999969482422
2022-10-31,32.241764068603516,36.72999954223633
2022-11-01,32.189090728759766,36.66999816894531
2022-11-02,31.346405029296875,35.709999084472656
2022-11-03,31.328840255737305,35.689998626708984
2022-11-04,31.767749786376953,36.189998626708984
2022-11-07,31.758975982666016,36.18000030517578
2022-11-08,31.95208740234375,36.400001525878906
2022-11-09,31.600961685180664,36.0
2022-11-10,34.02370834350586,38.7599983215332
2022-11-11,34.00614929199219,38.7400016784668
2022-11-14,33.10200881958008,37.709999084472656
2022-11-15,33.514583587646484,38.18000030517578
2022-11-16,33.27757263183594,37.90999984741211
2022-11-17,32.979122161865234,37.56999969482422
2022-11-18,33.40046691894531,38.04999923706055
2022-11-21,33.637474060058594,38.31999969482422
2022-11-22,33.804256439208984,38.5099983215332
2022-11-23,33.8569221496582,38.56999969482422
2022-11-25,34.05881118774414,38.79999923706055
2022-11-28,33.10200881958008,37.709999084472656
2022-11-29,33.655025482177734,38.34000015258789
2022-11-30,34.44505310058594,39.2400016784668
2022-12-01,34.37483215332031,39.15999984741211
2022-12-02,34.208045959472656,38.970001220703125
2022-12-05,33.628692626953125,38.310001373291016
2022-12-06,33.374122619628906,38.02000045776367
2022-12-07,33.44435501098633,38.099998474121094
2022-12-08,33.69014358520508,38.380001068115234
2022-12-09,33.619911193847656,38.29999923706055
2022-12-12,33.90081024169922,38.619998931884766
2022-12-13,34.64695358276367,39.470001220703125
2022-12-14,34.31338119506836,39.09000015258789
2022-12-15,33.918365478515625,38.63999938964844
2022-12-16,32.91767501831055,37.5
2022-12-19,32.52793884277344,36.63999938964844
2022-12-20,32.4569206237793,36.560001373291016
2022-12-21,32.785404205322266,36.93000030517578
2022-12-22,32.62560272216797,36.75
2022-12-23,32.9185676574707,37.08000183105469
2022-12-27,32.891929626464844,37.04999923706055
2022-12-28,32.36814880371094,36.459999084472656
2022-12-29,33.08723831176758,37.27000045776367
2022-12-30,32.785404205322266,36.93000030517578
2023-01-03,32.90968704223633,37.06999969482422
2023-01-04,33.66427993774414,37.91999816894531
2023-01-05,32.67886734008789,36.810001373291016
2023-01-06,33.62877655029297,37.880001068115234
2023-01-09,33.61102294921875,37.86000061035156
2023-01-10,33.708675384521484,37.970001220703125
2023-01-11,34.93379592895508,39.349998474121094
2023-01-12,35.324424743652344,39.790000915527344
2023-01-13,35.1202392578125,39.560001373291016
2023-01-17,35.12910842895508,39.56999969482422
2023-01-18,34.58757400512695,38.959999084472656
2023-01-19,34.41889572143555,38.77000045776367
2023-01-20,34.818389892578125,39.220001220703125
2023-01-23,34.91604995727539,39.33000183105469
2023-01-24,35.06696701049805,39.5
2023-01-25,35.10247802734375,39.540000915527344
2023-01-26,35.50197982788086,39.9900016784668
2023-01-27,35.82157516479492,40.349998474121094
2023-01-30,35.386566162109375,39.86000061035156
2023-01-31,36.03464126586914,40.59000015258789
2023-02-01,36.300968170166016,40.88999938964844
2023-02-02,37.135475158691406,41.83000183105469
2023-02-03,36.36311340332031,40.959999084472656
2023-02-06,36.13229751586914,40.70000076293945
2023-02-07,35.99025344848633,40.540000915527344
2023-02-08,35.89259719848633,40.43000030517578
2023-02-09,35.54636764526367,40.040000915527344
2023-02-10,35.61738967895508,40.119998931884766
2023-02-13,35.945865631103516,40.4900016784668
2023-02-14,35.572998046875,40.06999969482422
2023-02-15,35.6706428527832,40.18000030517578
2023-02-16,35.34217834472656,39.810001373291016
2023-02-17,35.16462326049805,39.61000061035156
2023-02-21,34.47216033935547,38.83000183105469
2023-02-22,34.16143798828125,38.47999954223633
2023-02-23,34.48991012573242,38.849998474121094
2023-02-24,33.8507194519043,38.130001068115234
2023-02-27,33.90398025512695,38.189998626708984
2023-02-28,33.9217414855957,38.209999084472656
2023-03-01,33.397953033447266,37.619998931884766
2023-03-02,33.83296585083008,38.11000061035156
2023-03-03,34.40114212036133,38.75
2023-03-06,34.26797103881836,38.599998474121094
2023-03-07,33.406829833984375,37.630001068115234
2023-03-08,33.87735366821289,38.15999984741211
2023-03-09,33.1049919128418,37.290000915527344
2023-03-10,32.04854202270508,36.099998474121094
2023-03-13,32.563453674316406,36.68000030517578
2023-03-14,32.90080642700195,37.060001373291016
2023-03-15,32.9185676574707,37.08000183105469
2023-03-16,32.9185676574707,37.08000183105469
2023-03-17,32.16395568847656,36.22999954223633
2023-03-20,32.50906753540039,36.36000061035156
2023-03-21,32.32131576538086,36.150001525878906
2023-03-22,31.141115188598633,34.83000183105469
2023-03-23,30.953351974487305,34.619998931884766
2023-03-24,31.749099731445312,35.5099983215332
2023-03-27,31.641801834106445,35.38999938964844
2023-03-28,31.534515380859375,35.27000045776367
2023-03-29,32.285552978515625,36.11000061035156
2023-03-30,32.705772399902344,36.58000183105469
2023-03-31,33.42103958129883,37.380001068115234
2023-04-03,33.10811233520508,37.029998779296875
2023-04-04,33.11705017089844,37.040000915527344
2023-04-05,32.947174072265625,36.849998474121094
2023-04-06,33.17070007324219,37.099998474121094
2023-04-10,33.340576171875,37.290000915527344
2023-04-11,33.50151062011719,37.470001220703125
2023-04-12,33.403160095214844,37.36000061035156
2023-04-13,33.295875549316406,37.2400016784668
2023-04-14,32.72364807128906,36.599998474121094
2023-04-17,33.46574020385742,37.43000030517578
2023-04-18,33.4120979309082,37.369998931884766
2023-04-19,33.60879898071289,37.59000015258789
2023-04-20,33.20646286010742,37.13999938964844
2023-04-21,33.24222183227539,37.18000030517578
2023-04-24,33.15282440185547,37.08000183105469
2023-04-25,32.84883117675781,36.7400016784668
2023-04-26,32.580604553222656,36.439998626708984
2023-04-27,33.367393493652344,37.31999969482422
2023-04-28,33.75185775756836,37.75
2023-05-01,33.43892288208008,37.400001525878906
2023-05-02,32.8667106628418,36.7599983215332
2023-05-03,32.661067962646484,36.529998779296875
2023-05-04,32.965065002441406,36.869998931884766
2023-05-05,33.47468185424805,37.439998626708984
2023-05-08,33.24222183227539,37.18000030517578
2023-05-09,33.13493728637695,37.060001373291016
2023-05-10,33.44785690307617,37.40999984741211
2023-05-11,33.09917068481445,37.02000045776367
2023-05-12,33.16176223754883,37.09000015258789
2023-05-15,33.09917068481445,37.02000045776367
2023-05-16,32.21402359008789,36.029998779296875
2023-05-17,32.634246826171875,36.5
2023-05-18,32.4286003112793,36.27000045776367
2023-05-19,32.37495422363281,36.209999084472656
2023-05-22,32.58954620361328,36.45000076293945
2023-05-23,32.18720245361328,36.0
2023-05-24,31.480873107910156,35.209999084472656
2023-05-25,31.55239486694336,35.290000915527344
2023-05-26,31.918977737426758,35.70000076293945
2023-05-30,32.0173225402832,35.810001373291016
2023-05-31,32.22296142578125,36.040000915527344
2023-06-01,32.23189926147461,36.04999923706055
2023-06-02,32.91141891479492,36.810001373291016
2023-06-05,32.75941467285156,36.63999938964844
2023-06-06,32.95611572265625,36.86000061035156
2023-06-07,33.5640983581543,37.540000915527344
2023-06-08,33.358463287353516,37.310001373291016
2023-06-09,33.18857955932617,37.119998931884766
2023-06-12,33.17070007324219,37.099998474121094
2023-06-13,33.4120979309082,37.369998931884766
2023-06-14,33.59091567993164,37.56999969482422
2023-06-15,33.73396682739258,37.72999954223633
2023-06-16,33.698204040527344,37.689998626708984
2023-06-20,33.33623123168945,36.93000030517578
2023-06-21,33.191802978515625,36.77000045776367
2023-06-22,32.72240447998047,36.25
2023-06-23,32.370361328125,35.86000061035156
2023-06-26,33.092506408691406,36.65999984741211
2023-06-27,33.45358657836914,37.060001373291016
2023-06-28,33.54384994506836,37.15999984741211
2023-06-29,33.850765228271484,37.5
2023-06-30,34.02227783203125,37.689998626708984
2023-07-03,34.29308319091797,37.9900016784668
2023-07-05,34.4645881652832,38.18000030517578
2023-07-06,34.275020599365234,37.970001220703125
2023-07-07,34.112545013427734,37.790000915527344
2023-07-10,34.229888916015625,37.91999816894531
2023-07-11,34.618045806884766,38.349998474121094
2023-07-12,34.78052520751953,38.529998779296875
2023-07-13,35.015228271484375,38.790000915527344
2023-07-14,35.015228271484375,38.790000915527344
2023-07-17,34.717342376708984,38.459999084472656
2023-07-18,34.42848205566406,38.13999938964844
2023-07-19,34.807613372802734,38.560001373291016
2023-07-20,34.69026565551758,38.43000030517578
2023-07-21,34.84372329711914,38.599998474121094
2023-07-24,35.17771911621094,38.970001220703125
2023-07-25,34.915931701660156,38.68000030517578
2023-07-26,35.04230880737305,38.81999969482422
2023-07-27,34.30210494995117,38.0
2023-07-28,34.202816009521484,37.88999938964844
2023-07-31,34.47361755371094,38.189998626708984
2023-08-01,34.410430908203125,38.119998931884766
2023-08-02,34.26599884033203,37.959999084472656
2023-08-03,33.79660415649414,37.439998626708984
2023-08-04,33.462608337402344,37.06999969482422
2023-08-07,33.88687515258789,37.540000915527344
2023-08-08,33.715362548828125,37.349998474121094
2023-08-09,33.79660415649414,37.439998626708984
2023-08-10,33.68828582763672,37.31999969482422
2023-08-11,33.75147247314453,37.38999938964844
2023-08-14,33.570926666259766,37.189998626708984
2023-08-15,33.2279167175293,36.810001373291016
2023-08-16,32.82170104980469,36.36000061035156
2023-08-17,32.57797622680664,36.09000015258789
2023-08-18,32.668243408203125,36.189998626708984
2023-08-21,32.38840866088867,35.880001068115234
2023-08-22,32.48770523071289,35.9900016784668
2023-08-23,32.96612548828125,36.52000045776367
2023-08-24,32.81267547607422,36.349998474121094
2023-08-25,32.9029426574707,36.45000076293945
2023-08-28,33.16471862792969,36.7400016784668
2023-08-29,33.54384994506836,37.15999984741211
2023-08-30,33.66120147705078,37.290000915527344
2023-08-31,33.417476654052734,37.02000045776367
2023-09-01,33.399417877197266,37.0
2023-09-05,33.06542205810547,36.630001068115234
2023-09-06,33.00224304199219,36.560001373291016
2023-09-07,33.273048400878906,36.86000061035156
2023-09-08,33.056400299072266,36.619998931884766
2023-09-11,33.07445526123047,36.63999938964844
2023-09-12,33.07445526123047,36.63999938964844
2023-09-13,32.74046325683594,36.27000045776367
2023-09-14,33.33623123168945,36.93000030517578
2023-09-15,33.209861755371094,36.790000915527344
2023-09-18,32.91960525512695,36.18000030517578
2023-09-19,32.74673080444336,35.9900016784668
2023-09-20,32.810420989990234,36.060001373291016
2023-09-21,31.67306900024414,34.810001373291016
2023-09-22,31.45469093322754,34.56999969482422
2023-09-25,31.400100708007812,34.5099983215332
2023-09-26,30.845073699951172,33.900001525878906
2023-09-27,30.572107315063477,33.599998474121094
2023-09-28,30.890567779541016,33.95000076293945
2023-09-29,30.9997501373291,34.06999969482422
2023-10-02,30.435623168945312,33.45000076293945
2023-10-03,29.880592346191406,32.84000015258789
2023-10-04,30.199054718017578,33.189998626708984
2023-10-05,30.417423248291016,33.43000030517578
2023-10-06,30.53571319580078,33.560001373291016
2023-10-09,30.936054229736328,34.0
2023-10-10,31.045249938964844,34.119998931884766
2023-10-11,31.67306900024414,34.810001373291016
2023-10-12,31.2545166015625,34.349998474121094
2023-10-13,31.24541664123535,34.34000015258789
2023-10-16,31.563879013061523,34.689998626708984
2023-10-17,31.400100708007812,34.5099983215332
2023-10-18,30.708589553833008,33.75
2023-10-19,29.953380584716797,32.91999816894531
2023-10-20,29.79869842529297,32.75
2023-10-23,29.543935775756836,32.470001220703125
2023-10-24,29.9169864654541,32.880001068115234
2023-10-25,29.289165496826172,32.189998626708984
2023-10-26,29.90789031982422,32.869998931884766
2023-10-27,29.43474578857422,32.349998474121094
2023-10-30,29.525737762451172,32.45000076293945
2023-10-31,30.11716079711914,33.099998474121094
2023-11-01,30.27184295654297,33.27000045776367
2023-11-02,31.20901870727539,34.29999923706055
2023-11-03,31.946029663085938,35.11000061035156
2023-11-06,31.509281158447266,34.630001068115234
2023-11-07,31.24541664123535,34.34000015258789
2023-11-08,31.427396774291992,34.540000915527344
2023-11-09,30.945154190063477,34.0099983215332
2023-11-10,31.29091453552246,34.38999938964844
2023-11-13,31.027040481567383,34.099998474121094
2023-11-14,32.70123291015625,35.939998626708984
2023-11-15,32.774024963378906,36.02000045776367
2023-11-16,32.76491928100586,36.0099983215332
2023-11-17,32.7285270690918,35.970001220703125
2023-11-20,32.98329162597656,36.25
2023-11-21,32.81951141357422,36.06999969482422
2023-11-22,32.91960525512695,36.18000030517578
2023-11-24,33.0469856262207,36.31999969482422
2023-11-27,33.16526794433594,36.45000076293945
2023-11-28,33.34724807739258,36.650001525878906
2023-11-29,33.602020263671875,36.93000030517578
2023-11-30,33.87498474121094,37.22999954223633
2023-12-01,34.584693908691406,38.0099983215332
2023-12-04,34.7757682800293,38.220001220703125
2023-12-05,34.630184173583984,38.060001373291016
2023-12-06,34.511905670166016,37.93000030517578
2023-12-07,34.55739212036133,37.97999954223633
2023-12-08,34.4846076965332,37.900001525878906
2023-12-11,34.60288619995117,38.029998779296875
2023-12-12,34.593788146972656,38.02000045776367
2023-12-13,35.849430084228516,39.400001525878906
2023-12-14,36.84120559692383,40.4900016784668
2023-12-15,36.395362854003906,40.0
2023-12-18,36.29513168334961,39.470001220703125
2023-12-19,36.54340744018555,39.7400016784668
2023-12-20,36.08363723754883,39.2400016784668
2023-12-21,36.387081146240234,39.56999969482422
2023-12-22,36.534217834472656,39.72999954223633
2023-12-26,36.80088806152344,40.02000045776367
2023-12-27,37.01237869262695,40.25
2023-12-28,37.24227523803711,40.5
2023-12-29,36.83767318725586,40.060001373291016
2024-01-02,37.177913665771484,40.43000030517578
2024-01-03,36.29513168334961,39.470001220703125
2024-01-04,36.20317077636719,39.369998931884766
2024-01-05,36.129608154296875,39.290000915527344
2024-01-08,36.62617492675781,39.83000183105469
2024-01-09,36.368690490722656,39.54999923706055
2024-01-10,36.423866271972656,39.61000061035156
2024-01-11,36.08363723754883,39.2400016784668
2024-01-12,36.359500885009766,39.540000915527344
2024-01-16,36.1388053894043,39.29999923706055
2024-01-17,35.47671890258789,38.58000183105469
2024-01-18,35.24683380126953,38.33000183105469
2024-01-19,35.587066650390625,38.70000076293945
2024-01-22,35.752586364746094,38.880001068115234
2024-01-23,35.55947494506836,38.66999816894531
2024-01-24,35.07210922241211,38.13999938964844
2024-01-25,35.5502815246582,38.65999984741211
2024-01-26,35.39396286010742,38.4900016784668
2024-01-29,35.65142822265625,38.77000045776367
2024-01-30,35.320396423339844,38.40999984741211
2024-01-31,35.06291580200195,38.130001068115234
2024-02-01,35.679019927978516,38.79999923706055
2024-02-02,35.22844314575195,38.310001373291016
2024-02-05,34.52956771850586,37.54999923706055
2024-02-06,35.0537223815918,38.119998931884766
2024-02-07,35.03532409667969,38.099998474121094
2024-02-08,35.22844314575195,38.310001373291016
2024-02-09,35.320396423339844,38.40999984741211
2024-02-12,35.210044860839844,38.290000915527344
2024-02-13,34.56634521484375,37.59000015258789
2024-02-14,34.796241760253906,37.84000015258789
2024-02-15,35.6330451965332,38.75
2024-02-16,35.265220642089844,38.349998474121094
2024-02-20,35.210044860839844,38.290000915527344
2024-02-21,35.46751403808594,38.56999969482422
2024-02-22,35.55947494506836,38.66999816894531
2024-02-23,35.60545349121094,38.720001220703125
2024-02-26,35.20085144042969,38.279998779296875
2024-02-27,35.22844314575195,38.310001373291016
2024-02-28,35.679019927978516,38.79999923706055
2024-02-29,35.96408462524414,39.11000061035156
2024-03-01,36.359500885009766,39.540000915527344
2024-03-04,36.77330017089844,39.9900016784668
2024-03-05,36.3043212890625,39.47999954223633
2024-03-06,36.50663375854492,39.70000076293945
2024-03-07,36.50663375854492,39.70000076293945
2024-03-08,36.93882369995117,40.16999816894531
2024-03-11,36.754913330078125,39.970001220703125
2024-03-12,36.6629524230957,39.869998931884766
2024-03-13,36.43306350708008,39.619998931884766
2024-03-14,35.91810607910156,39.060001373291016
2024-03-15,35.899715423583984,39.040000915527344
2024-03-18,35.89415740966797,38.77000045776367
2024-03-19,35.89415740966797,38.77000045776367
2024-03-20,36.042293548583984,38.93000030517578
2024-03-21,36.18116760253906,39.08000183105469
2024-03-22,35.75529098510742,38.619998931884766
2024-03-25,35.61642074584961,38.470001220703125
2024-03-26,35.468284606933594,38.310001373291016
2024-03-27,36.36632537841797,39.279998779296875
2024-03-28,36.59778594970703,39.529998779296875
2024-04-01,35.95896911621094,38.84000015258789
2024-04-02,35.56087112426758,38.40999984741211
2024-04-03,35.579376220703125,38.43000030517578
2024-04-04,35.301639556884766,38.130001068115234
2024-04-05,35.53308868408203,38.380001068115234
2024-04-08,35.83860778808594,38.709999084472656
2024-04-09,36.292266845703125,39.20000076293945
2024-04-10,34.80168914794922,37.59000015258789
2024-04-11,34.838722229003906,37.630001068115234
2024-04-12,34.4776496887207,37.2400016784668
2024-04-15,33.87586975097656,36.59000015258789
2024-04-16,33.35740661621094,36.029998779296875
2024-04-17,33.07965850830078,35.72999954223633
2024-04-18,33.08891677856445,35.7400016784668
2024-04-19,33.21853256225586,35.880001068115234
2024-04-22,33.48701858520508,36.16999816894531
2024-04-23,33.79254150390625,36.5
2024-04-24,33.922157287597656,36.63999938964844
2024-04-25,33.72774124145508,36.43000030517578
2024-04-26,33.75550842285156,36.459999084472656
2024-04-29,34.135093688964844,36.869998931884766
2024-04-30,33.50553894042969,36.189998626708984
2024-05-01,33.524051666259766,36.209999084472656
2024-05-02,34.0054817199707,36.72999954223633
2024-05-03,34.27397155761719,37.02000045776367
2024-05-06,34.28322982788086,37.029998779296875
2024-05-07,34.64430236816406,37.41999816894531
2024-05-08,34.32026290893555,37.06999969482422
2024-05-09,35.13498306274414,37.95000076293945
2024-05-10,35.005374908447266,37.810001373291016
2024-05-13,35.09794998168945,37.90999984741211
2024-05-14,35.347923278808594,38.18000030517578
2024-05-15,35.949710845947266,38.83000183105469
2024-05-16,35.88490295410156,38.7599983215332
2024-05-17,35.88490295410156,38.7599983215332
2024-05-20,35.6627082824707,38.52000045776367
2024-05-21,35.63493347167969,38.4900016784668
2024-05-22,35.32940673828125,38.15999984741211
2024-05-23,34.579490661621094,37.349998474121094
2024-05-24,34.579490661621094,37.349998474121094
2024-05-28,34.37580871582031,37.130001068115234
2024-05-29,34.05177307128906,36.779998779296875
2024-05-30,34.542457580566406,37.310001373291016
2024-05-31,35.227569580078125,38.04999923706055
2024-06-03,35.08869171142578,37.900001525878906
2024-06-04,35.42198944091797,38.2599983215332
2024-06-05,35.37569808959961,38.209999084472656
2024-06-06,35.431243896484375,38.27000045776367
2024-06-07,35.15350341796875,37.970001220703125
2024-06-10,35.32940673828125,38.15999984741211
2024-06-11,35.21831130981445,38.040000915527344
2024-06-12,35.468284606933594,38.310001373291016
2024-06-13,35.644187927246094,38.5
2024-06-14,35.671958923339844,38.529998779296875
2024-06-17,35.48680114746094,38.33000183105469
2024-06-18,35.62567138671875,38.47999954223633
2024-06-20,35.53308868408203,38.380001068115234
2024-06-21,35.62567138671875,38.47999954223633
2024-06-24,35.86602783203125,38.349998474121094
2024-06-25,35.36100387573242,37.810001373291016
2024-06-26,35.314239501953125,37.7599983215332
2024-06-27,35.63220977783203,38.099998474121094
2024-06-28,35.92214584350586,38.40999984741211
2024-07-01,35.57610321044922,38.040000915527344
2024-07-02,35.725746154785156,38.20000076293945
2024-07-03,35.688331604003906,38.15999984741211
2024-07-05,35.81925964355469,38.29999923706055
2024-07-08,35.9034309387207,38.38999938964844
2024-07-09,35.91278839111328,38.400001525878906
2024-07-10,36.1652946472168,38.66999816894531
2024-07-11,37.12858963012695,39.70000076293945
2024-07-12,37.399803161621094,39.9900016784668
2024-07-15,37.55879211425781,40.15999984741211
2024-07-16,37.91417694091797,40.540000915527344
2024-07-17,38.250858306884766,40.900001525878906
2024-07-18,37.93288803100586,40.560001373291016
2024-07-19,37.8861198425293,40.5099983215332
2024-07-22,38.26021194458008,40.90999984741211
2024-07-23,38.194740295410156,40.84000015258789
2024-07-24,37.67101287841797,40.279998779296875
2024-07-25,37.46527099609375,40.060001373291016
2024-07-26,38.09186935424805,40.72999954223633
2024-07-29,38.33503341674805,40.9900016784668
2024-07-30,38.615596771240234,41.290000915527344
2024-07-31,38.522071838378906,41.189998626708984
2024-08-01,39.12062454223633,41.83000183105469
2024-08-02,39.148681640625,41.86000061035156
2024-08-05,38.017051696777344,40.650001525878906
2024-08-06,38.85875701904297,41.54999923706055
2024-08-07,38.578189849853516,41.25
2024-08-08,38.905517578125,41.599998474121094
2024-08-09,39.1019172668457,41.810001373291016
2024-08-12,38.86811447143555,41.560001373291016
2024-08-13,39.13932800292969,41.849998474121094
2024-08-14,39.27960968017578,42.0
2024-08-15,39.16738510131836,41.880001068115234
2024-08-16,39.148681640625,41.86000061035156
2024-08-19,39.382484436035156,42.11000061035156
2024-08-20,39.41989517211914,42.150001525878906
2024-08-21,39.55082702636719,42.290000915527344
2024-08-22,39.79399108886719,42.54999923706055
2024-08-23,40.56087112426758,43.369998931884766
2024-08-26,40.53281021118164,43.34000015258789
2024-08-27,40.63569641113281,43.45000076293945
2024-08-28,40.49541091918945,43.29999923706055
2024-08-29,40.336421966552734,43.130001068115234
2024-08-30,40.729209899902344,43.54999923706055
2024-09-03,40.82273864746094,43.650001525878906
2024-09-04,40.916259765625,43.75
2024-09-05,40.80403137207031,43.630001068115234
2024-09-06,40.80403137207031,43.630001068115234
2024-09-09,41.29035186767578,44.150001525878906
2024-09-10,42.019832611083984,44.93000030517578
2024-09-11,41.90760803222656,44.810001373291016
2024-09-12,41.982425689697266,44.88999938964844
2024-09-13,42.28169250488281,45.209999084472656
2024-09-16,42.42198181152344,45.36000061035156
2024-09-17,42.085296630859375,45.0
2024-09-18,41.963714599609375,44.869998931884766
2024-09-19,41.86083984375,44.7599983215332
2024-09-20,41.78602600097656,44.68000030517578
2024-09-23,42.248443603515625,44.86000061035156
2024-09-24,42.248443603515625,44.86000061035156
2024-09-25,42.06949996948242,44.66999816894531
2024-09-26,41.65511703491211,44.22999954223633
2024-09-27,41.71162414550781,44.290000915527344
2024-09-30,42.06949996948242,44.66999816894531
2024-10-01,41.815223693847656,44.400001525878906
2024-10-02,41.66453552246094,44.2400016784668
2024-10-03,41.25957107543945,43.810001373291016
2024-10-04,40.9864501953125,43.52000045776367
2024-10-07,40.685081481933594,43.20000076293945
2024-10-08,40.8075065612793,43.33000183105469
2024-10-09,40.82633972167969,43.349998474121094
2024-10-10,40.487308502197266,42.9900016784668
2024-10-11,40.90168762207031,43.43000030517578
2024-10-14,41.18422317504883,43.72999954223633
2024-10-15,41.70220184326172,44.279998779296875
2024-10-16,42.1165885925293,44.720001220703125
2024-10-17,41.84347152709961,44.43000030517578
2024-10-18,42.13542556762695,44.7400016784668
2024-10-21,41.26898193359375,43.81999969482422
2024-10-22,41.33490753173828,43.88999938964844
2024-10-23,41.7398796081543,44.31999969482422
2024-10-24,41.83405303955078,44.41999816894531
2024-10-25,41.50442886352539,44.06999969482422
2024-10-28,41.63628005981445,44.209999084472656
2024-10-29,41.25957107543945,43.810001373291016
2024-10-30,41.41025161743164,43.970001220703125
2024-10-31,40.685081481933594,43.20000076293945
2024-11-01,40.251861572265625,42.7400016784668
2024-11-04,40.70391845703125,43.220001220703125
2024-11-05,41.25957107543945,43.810001373291016
2024-11-06,40.157684326171875,42.63999938964844
2024-11-07,40.656822204589844,43.16999816894531
2024-11-08,41.35374450683594,43.90999984741211
2024-11-11,40.9958610534668,43.529998779296875
2024-11-12,40.47789001464844,42.97999954223633
2024-11-13,40.798091888427734,43.31999969482422
2024-11-14,40.4307975769043,42.93000030517578
2024-11-15,40.47789001464844,42.97999954223633
2024-11-18,40.83576583862305,43.36000061035156
2024-11-19,41.005287170410156,43.540000915527344
2024-11-20,40.939361572265625,43.470001220703125
2024-11-21,41.21247863769531,43.7599983215332
2024-11-22,41.52326583862305,44.09000015258789
2024-11-25,42.07891845703125,44.68000030517578
2024-11-26,42.28611373901367,44.900001525878906
2024-11-27,42.578067779541016,45.209999084472656
2024-11-29,42.38029098510742,45.0
2024-12-02,41.7398796081543,44.31999969482422
2024-12-03,41.49501419067383,44.060001373291016
2024-12-04,41.38200378417969,43.939998626708984
2024-12-05,41.27840042114258,43.83000183105469
2024-12-06,41.22189712524414,43.77000045776367
2024-12-09,41.30665588378906,43.86000061035156
2024-12-10,40.63799285888672,43.150001525878906
2024-12-11,40.53439712524414,43.040000915527344
2024-12-12,40.506141662597656,43.0099983215332
2024-12-13,40.33662033081055,42.83000183105469
2024-12-16,40.129425048828125,42.61000061035156
2024-12-17,39.95048522949219,42.41999816894531
2024-12-18,38.387123107910156,40.7599983215332
2024-12-19,37.72787857055664,40.060001373291016
2024-12-20,38.41537857055664,40.790000915527344
2024-12-23,38.59053039550781,40.540000915527344
2024-12-24,38.84754943847656,40.810001373291016
2024-12-26,38.904659271240234,40.869998931884766
2024-12-27,38.59053039550781,40.540000915527344
2024-12-30,38.409664154052734,40.349998474121094
2024-12-31,38.71427536010742,40.66999816894531
2025-01-02,38.35255813598633,40.290000915527344
2025-01-03,38.8760986328125,40.84000015258789
2025-01-06,38.34303665161133,40.279998779296875
2025-01-07,38.057464599609375,39.97999954223633
2025-01-08,38.21928787231445,40.150001525878906
2025-01-10,37.295928955078125,39.18000030517578
2025-01-13,37.771888732910156,39.68000030517578
2025-01-14,38.09553527832031,40.02000045776367
2025-01-15,38.257354736328125,40.189998626708984
2025-01-16,39.11408233642578,41.09000015258789
2025-01-17,39.10456466674805,41.08000183105469
2025-01-21,39.81850051879883,41.83000183105469
2025-01-22,39.12359619140625,41.099998474121094
2025-01-23,39.4377326965332,41.43000030517578
2025-01-24,39.55196762084961,41.54999923706055
2025-01-27,39.9422492980957,41.959999084472656
2025-01-28,39.45677185058594,41.45000076293945
2025-01-29,38.999855041503906,40.970001220703125
2025-01-30,39.51388168334961,41.5099983215332
2025-01-31,39.42821502685547,41.41999816894531
2025-02-03,39.361576080322266,41.349998474121094
2025-02-04,39.361576080322266,41.349998474121094
2025-02-05,39.98031997680664,42.0
2025-02-06,40.09455871582031,42.119998931884766
2025-02-07,39.95176696777344,41.970001220703125
2025-02-10,40.00887680053711,42.029998779296875
2025-02-11,40.22781753540039,42.2599983215332
2025-02-12,39.885128021240234,41.900001525878906
2025-02-13,40.19926452636719,42.22999954223633
2025-02-14,40.03744125366211,42.060001373291016
2025-02-18,40.18022918701172,42.209999084472656
2025-02-19,40.256378173828125,42.290000915527344
2025-02-20,40.532432556152344,42.58000183105469
2025-02-21,40.19926452636719,42.22999954223633
2025-02-24,40.380123138427734,42.41999816894531
2025-02-25,40.80848693847656,42.869998931884766
2025-02-26,40.608585357666016,42.65999984741211
2025-02-27,40.78944778442383,42.849998474121094
2025-02-28,41.07502365112305,43.150001525878906
2025-03-03,41.42722702026367,43.52000045776367
2025-03-04,40.951271057128906,43.02000045776367
2025-03-05,41.332035064697266,43.41999816894531
2025-03-06,40.19926452636719,42.22999954223633
2025-03-07,40.42772674560547,42.470001220703125
2025-03-10,40.03744125366211,42.060001373291016
2025-03-11,39.618595123291016,41.619998931884766
2025-03-12,39.47581481933594,41.470001220703125
2025-03-13,38.70476150512695,40.65999984741211
2025-03-14,39.45677185058594,41.45000076293945
2025-03-17,40.151668548583984,42.18000030517578
2025-03-18,39.9041633605957,41.91999816894531
2025-03-19,39.95176696777344,41.970001220703125
2025-03-20,39.9041633605957,41.91999816894531
2025-03-21,39.51388168334961,41.5099983215332
2025-03-24,40.06378173828125,41.81999969482422
2025-03-25,39.584774017333984,41.31999969482422
2025-03-26,39.78595733642578,41.529998779296875
2025-03-27,39.69015884399414,41.43000030517578
2025-03-28,39.67099380493164,41.40999984741211
2025-03-31,40.0925178527832,41.849998474121094
2025-04-01,40.12126541137695,41.880001068115234
2025-04-02,40.312862396240234,42.08000183105469
2025-04-03,39.105777740478516,40.81999969482422
2025-04-04,37.32388687133789,38.959999084472656
2025-04-07,36.42335891723633,38.02000045776367
2025-04-08,35.52283477783203,37.08000183105469
2025-04-09,37.56338882446289,39.209999084472656
2025-04-10,36.76824951171875,38.380001068115234
2025-04-11,37.285560607910156,38.91999816894531
2025-04-14,38.10944747924805,39.779998779296875
2025-04-15,38.166927337646484,39.84000015258789
2025-04-16,38.147769927978516,39.81999969482422
2025-04-17,38.751312255859375,40.45000076293945
2025-04-21,37.94658660888672,39.61000061035156
2025-04-22,38.722572326660156,40.41999816894531
2025-04-23,38.77048110961914,40.470001220703125
2025-04-24,38.885433197021484,40.59000015258789
2025-04-25,38.82794952392578,40.529998779296875
2025-04-28,39.06745147705078,40.779998779296875
2025-04-29,39.38359451293945,41.11000061035156
2025-04-30,39.56562042236328,41.29999923706055
2025-05-01,39.680580139160156,41.41999816894531
2025-05-02,40.16916275024414,41.93000030517578
2025-05-05,40.12126541137695,41.880001068115234
2025-05-06,39.84343719482422,41.59000015258789
2025-05-07,39.81470489501953,41.560001373291016
2025-05-08,39.62310028076172,41.36000061035156
2025-05-09,39.86260223388672,41.61000061035156
2025-05-12,39.90092086791992,41.650001525878906
2025-05-13,39.364437103271484,41.09000015258789
2025-05-14,39.029136657714844,40.7400016784668
2025-05-15,39.74763870239258,41.4900016784668
2025-05-16,40.24580001831055,42.0099983215332
2025-05-19,40.3320198059082,42.099998474121094
2025-05-20,40.12126541137695,41.880001068115234
2025-05-21,39.05787658691406,40.77000045776367
2025-05-22,38.923763275146484,40.630001068115234
2025-05-23,38.9333381652832,40.63999938964844
2025-05-27,39.57520294189453,41.310001373291016
2025-05-28,39.57520294189453,41.310001373291016
2025-05-29,39.939239501953125,41.689998626708984
2025-05-30,39.977561950683594,41.72999954223633
2025-06-02,40.03504180908203,41.790000915527344
2025-06-03,39.8913459777832,41.63999938964844
2025-06-04,40.01588439941406,41.77000045776367
2025-06-05,40.00629425048828,41.7599983215332
2025-06-06,40.12126541137695,41.880001068115234
2025-06-09,40.10210037231445,41.86000061035156
2025-06-10,40.456565856933594,42.22999954223633
2025-06-11,40.23622131347656,42.0
2025-06-12,40.456565856933594,42.22999954223633
2025-06-13,40.13084030151367,41.88999938964844
2025-06-16,40.16916275024414,41.93000030517578
2025-06-17,40.00629425048828,41.7599983215332
2025-06-18,40.08293914794922,41.84000015258789
2025-06-20,40.0733642578125,41.83000183105469
2025-06-23,40.658199310302734,42.060001373291016
2025-06-24,40.85152816772461,42.2599983215332
2025-06-25,39.855857849121094,41.22999954223633
2025-06-26,39.604522705078125,40.970001220703125
2025-06-27,39.74952697753906,41.119998931884766
2025-06-30,40.039527893066406,41.41999816894531
2025-07-01,40.31019592285156,41.70000076293945
2025-07-02,40.38753128051758,41.779998779296875
2025-07-03,40.4068603515625,41.79999923706055
2025-07-07,40.0975227355957,41.47999954223633
2025-07-08,40.039527893066406,41.41999816894531
2025-07-09,40.02019500732422,41.400001525878906
2025-07-10,40.22319793701172,41.61000061035156
2025-07-11,40.18452453613281,41.56999969482422
2025-07-14,40.45519256591797,41.849998474121094
2025-07-15,39.93319320678711,41.310001373291016
2025-07-16,40.368194580078125,41.7599983215332
2025-07-17,40.32952880859375,41.720001220703125
2025-07-18,40.445526123046875,41.84000015258789
2025-07-21,40.600196838378906,42.0
2025-07-22,41.30586242675781,42.72999954223633
2025-07-23,41.42186737060547,42.849998474121094
2025-07-24,41.363868713378906,42.790000915527344
2025-07-25,41.363868713378906,42.790000915527344
2025-07-28,40.648529052734375,42.04999923706055
2025-07-29,41.325199127197266,42.75
2025-07-30,40.74519729614258,42.150001525878906
2025-07-31,40.02985763549805,41.40999984741211
2025-08-01,39.91386032104492,41.290000915527344
2025-08-04,40.252197265625,41.63999938964844
2025-08-05,40.38753128051758,41.779998779296875
2025-08-06,40.049198150634766,41.43000030517578
2025-08-07,40.203857421875,41.59000015258789
2025-08-08,39.87519073486328,41.25
2025-08-11,39.643192291259766,41.0099983215332
2025-08-12,39.71086120605469,41.08000183105469
2025-08-13,39.971858978271484,41.349998474121094
2025-08-14,39.691524505615234,41.060001373291016
2025-08-15,39.9525260925293,41.33000183105469
2025-08-18,39.575523376464844,40.939998626708984
2025-08-19,40.28118896484375,41.66999816894531
2025-08-20,40.43586349487305,41.83000183105469
2025-08-21,40.290863037109375,41.68000030517578
2025-08-22,40.92886734008789,42.34000015258789
2025-08-25,40.72586441040039,42.130001068115234
2025-08-26,40.60986328125,42.0099983215332
2025-08-27,40.78386306762695,42.189998626708984
2025-08-28,40.67753219604492,42.08000183105469
2025-08-29,40.89986801147461,42.310001373291016
2025-09-02,40.203857421875,41.59000015258789
2025-09-03,40.0975227355957,41.47999954223633
2025-09-04,40.368194580078125,41.7599983215332
2025-09-05,40.774200439453125,42.18000030517578
2025-09-08,40.5035285949707,41.900001525878906
2025-09-09,40.484195709228516,41.880001068115234
2025-09-10,40.46486282348633,41.86000061035156
2025-09-11,41.12220001220703,42.540000915527344
2025-09-12,40.938533782958984,42.349998474121094
2025-09-15,40.89019775390625,42.29999923706055
2025-09-16,40.648529052734375,42.04999923706055
2025-09-17,40.62919616699219,42.029998779296875
2025-09-18,40.658199310302734,42.060001373291016
2025-09-19,40.45519256591797,41.849998474121094
2025-09-22,40.58863830566406,41.66999816894531
2025-09-23,40.91007995605469,42.0
2025-09-24,40.49123764038086,41.56999969482422
2025-09-25,40.39383316040039,41.470001220703125
2025-09-26,40.79319381713867,41.880001068115234
2025-09-29,40.87111282348633,41.959999084472656
2025-09-30,41.036705017089844,42.130001068115234
2025-10-01,41.036705017089844,42.130001068115234
2025-10-02,40.822410583496094,41.90999984741211
2025-10-03,40.98800277709961,42.08000183105469
2025-10-06,40.57889938354492,41.65999984741211
2025-10-07,40.4522705078125,41.529998779296875
2025-10-08,40.24772262573242,41.31999969482422
2025-10-09,40.06265640258789,41.130001068115234
2025-10-10,39.624332427978516,40.68000030517578
2025-10-13,39.848365783691406,40.90999984741211
2025-10-14,40.228240966796875,41.29999923706055
2025-10-15,40.81267166137695,41.900001525878906
2025-10-16,40.68605041503906,41.77000045776367
2025-10-17,40.949039459228516,42.040000915527344
2025-10-20,41.377620697021484,42.47999954223633
2025-10-21,41.25099182128906,42.349998474121094
2025-10-22,41.436065673828125,42.540000915527344
2025-10-23,41.39710235595703,42.5
2025-10-24,41.543212890625,42.650001525878906
2025-10-27,41.63087844848633,42.7400016784668
2025-10-28,40.705528259277344,41.790000915527344
2025-10-29,39.59511184692383,40.650001525878906
2025-10-30,39.81914138793945,40.880001068115234
2025-10-31,39.838626861572266,40.900001525878906
2025-11-03,39.770442962646484,40.83000183105469
2025-11-04,39.877586364746094,40.939998626708984
2025-11-05,39.86784362792969,40.93000030517578
2025-11-06,39.67303466796875,40.72999954223633
2025-11-07,40.19902038574219,41.27000045776367
2025-11-10,40.1697998046875,41.2400016784668
2025-11-11,40.617862701416016,41.70000076293945
2025-11-12,40.296424865722656,41.369998931884766
2025-11-13,39.770442962646484,40.83000183105469
2025-11-14,39.887325286865234,40.95000076293945
2025-11-17,39.624332427978516,40.68000030517578
2025-11-18,39.770442962646484,40.83000183105469
2025-11-19,39.458744049072266,40.5099983215332
2025-11-20,39.3223762512207,40.369998931884766
2025-11-21,39.838626861572266,40.900001525878906
2025-11-24,39.897064208984375,40.959999084472656
2025-11-25,40.218502044677734,41.290000915527344
2025-11-26,40.39383316040039,41.470001220703125
2025-11-28,40.58863830566406,41.66999816894531
2025-12-01,40.0236930847168,41.09000015258789
2025-12-02,39.92628860473633,40.9900016784668
2025-12-03,40.00421142578125,41.06999969482422
2025-12-04,39.93602752685547,41.0
2025-12-05,39.92628860473633,40.9900016784668
2025-12-08,39.68277359008789,40.7400016784668
2025-12-09,39.449005126953125,40.5
2025-12-10,39.52692794799805,40.58000183105469
2025-12-11,39.741214752197266,40.79999923706055
2025-12-12,39.69251251220703,40.75
2025-12-15,39.848365783691406,40.90999984741211
2025-12-16,39.497703552246094,40.54999923706055
2025-12-17,39.67303466796875,40.72999954223633
2025-12-18,39.42951965332031,40.47999954223633
2025-12-19,39.283416748046875,40.33000183105469
2025-12-22,39.57487869262695,40.189998626708984
2025-12-23,39.56503677368164,40.18000030517578
2025-12-24,39.8210563659668,40.439998626708984
2025-12-26,39.89983367919922,40.52000045776367
2025-12-29,40.00815200805664,40.630001068115234
2025-12-30,40.09677505493164,40.720001220703125
2025-12-31,39.7324333190918,40.349998474121094
2026-01-02,39.76197814941406,40.380001068115234
2026-01-05,39.81121063232422,40.43000030517578
2026-01-06,40.07707977294922,40.70000076293945
2026-01-07,39.5256462097168,40.13999938964844
2026-01-08,39.8210563659668,40.439998626708984
2026-01-09,39.88014221191406,40.5
2026-01-12,39.99829864501953,40.619998931884766
2026-01-13,40.30355453491211,40.93000030517578
2026-01-14,40.75651550292969,41.38999938964844
2026-01-15,41.06177520751953,41.70000076293945
2026-01-16,41.563968658447266,42.209999084472656
2026-01-20,40.76636505126953,41.400001525878906
2026-01-21,40.91407012939453,41.54999923706055
2026-01-22,40.51034164428711,41.13999938964844
2026-01-23,40.61865997314453,41.25
2026-01-26,40.58911895751953,41.220001220703125
2026-01-27,40.61865997314453,41.25
2026-01-28,40.22478103637695,40.849998474121094
2026-01-29,40.736820220947266,41.369998931884766
2026-01-30,40.79590606689453,41.43000030517578
2026-02-02,40.33309555053711,40.959999084472656
2026-02-03,40.18539810180664,40.810001373291016
2026-02-04,40.825443267822266,41.459999084472656
2026-02-05,40.59896469116211,41.22999954223633
2026-02-06,41.34733581542969,41.9900016784668
2026-02-09,41.60335159301758,42.25
2026-02-10,42.184326171875,42.84000015258789
2026-02-11,42.144935607910156,42.79999923706055
2026-02-12,42.2138671875,42.869998931884766
2026-02-13,42.834224700927734,43.5
2026-02-17,43.267486572265625,43.939998626708984
2026-02-18,42.686519622802734,43.349998474121094
2026-02-19,42.538814544677734,43.20000076293945
2026-02-20,42.89330291748047,43.560001373291016
2026-02-23,42.942543029785156,43.61000061035156
2026-02-24,43.060699462890625,43.72999954223633
2026-02-25,42.775142669677734,43.439998626708984
2026-02-26,42.96223449707031,43.630001068115234
2026-02-27,43.16902160644531,43.84000015258789
2026-03-02,43.24779510498047,43.91999816894531
2026-03-03,43.031166076660156,43.70000076293945
2026-03-04,43.090240478515625,43.7599983215332
2026-03-05,42.67667007446289,43.34000015258789
2026-03-06,42.233558654785156,42.88999938964844
2026-03-09,42.322181701660156,42.97999954223633
2026-03-10,42.263099670410156,42.91999816894531
2026-03-11,41.76090621948242,42.40999984741211
2026-03-12,41.49503707885742,42.13999938964844
2026-03-13,41.60335159301758,42.25
2026-03-16,41.928306579589844,42.58000183105469
2026-03-17,42.066162109375,42.720001220703125
2026-03-18,41.37687301635742,42.02000045776367
2026-03-19,41.278404235839844,41.91999816894531
2026-03-20,39.9687614440918,40.59000015258789
2026-03-23,40.26714324951172,40.619998931884766
2026-03-24,39.94001388549805,40.290000915527344
2026-03-25,39.92018508911133,40.27000045776367
2026-03-26,39.94001388549805,40.290000915527344
2026-03-27,39.66244125366211,40.0099983215332
2026-03-30,39.8607063293457,40.209999084472656
2026-03-31,40.47532272338867,40.83000183105469
2026-04-01,40.59428024291992,40.95000076293945
2026-04-02,41.2485466003418,41.61000061035156
2026-04-06,41.397239685058594,41.7599983215332
2026-04-07,41.35758972167969,41.720001220703125
2026-04-08,42.07133483886719,42.439998626708984
2026-04-09,42.35881423950195,42.72999954223633
2026-04-10,42.448036193847656,42.81999969482422
2026-04-13,42.646297454833984,43.02000045776367
2026-04-14,43.052734375,43.43000030517578
2026-04-15,43.03290939331055,43.40999984741211
2026-04-16,43.42943572998047,43.810001373291016
2026-04-17,44.09361267089844,44.47999954223633
2026-04-20,44.25222396850586,44.63999938964844
2026-04-21,43.39969253540039,43.779998779296875
2026-04-22,43.08247375488281,43.459999084472656
2026-04-23,43.57813262939453,43.959999084472656
2026-04-24,43.44926452636719,43.83000183105469
2026-04-27,43.11221694946289,43.4900016784668
2026-04-28,43.528564453125,43.90999984741211
2026-04-29,43.26091003417969,43.63999938964844
2026-04-30,44.014312744140625,44.400001525878906
2026-05-01,43.93500518798828,44.31999969482422
2026-05-04,43.69709014892578,44.08000183105469
2026-05-05,43.78630447387695,44.16999816894531
2026-05-06,44.351356506347656,44.7400016784668
2026-05-07,44.014312744140625,44.400001525878906
2026-05-08,44.02422332763672,44.40999984741211
2026-05-11,44.182830810546875,44.56999969482422
2026-05-12,44.1927490234375,44.58000183105469
2026-05-13,43.825958251953125,44.209999084472656
2026-05-14,43.528564453125,43.90999984741211
2026-05-15,42.85447311401367,43.22999954223633
2026-05-18,43.369956970214844,43.75
2026-05-19,43.55830383300781,43.939998626708984
2026-05-20,44.04404830932617,44.43000030517578
2026-05-21,44.113441467285156,44.5
2026-05-22,44.17292022705078,44.560001373291016
2026-05-26,44.321617126464844,44.709999084472656
2026-05-27,44.242313385009766,44.630001068115234
2026-05-28,44.02422332763672,44.40999984741211
2026-05-29,43.607872009277344,43.9900016784668
2026-06-01,42.894126892089844,43.27000045776367
2026-06-02,43.11221694946289,43.4900016784668
2026-06-03,43.13203811645508,43.5099983215332
2026-06-04,44.014312744140625,44.400001525878906
2026-06-05,44.311702728271484,44.70000076293945
2026-06-08,43.64752197265625,44.029998779296875
2026-06-09,44.57936096191406,44.970001220703125
2026-06-10,44.599185943603516,44.9900016784668
2026-06-11,44.529788970947266,44.91999816894531
2026-06-12,44.96596908569336,45.36000061035156
2026-06-15,44.599185943603516,44.9900016784668
2026-06-16,44.708229064941406,45.099998474121094
2026-06-17,43.58804702758789,43.970001220703125
2026-06-18,43.479000091552734,43.86000061035156
2026-06-22,44.02000045776367,44.02000045776367
2026-06-23,44.63999938964844,44.63999938964844
2026-06-24,44.5099983215332,44.5099983215332
2026-06-25,44.59000015258789,44.59000015258789
2026-06-26,45.2400016784668,45.2400016784668
2026-06-29,44.91999816894531,44.91999816894531
2026-06-30,44.029998779296875,44.029998779296875
2026-07-01,44.18000030517578,44.18000030517578
2026-07-02,44.68000030517578,44.68000030517578
2026-07-06,44.290000915527344,44.290000915527344
2026-07-07,44.88999938964844,44.88999938964844
2026-07-08,44.150001525878906,44.150001525878906
2026-07-09,44.22999954223633,44.22999954223633
2026-07-10,44.45000076293945,44.45000076293945
2026-07-13,44.70000076293945,44.70000076293945
2026-07-14,44.47999954223633,44.47999954223633
2026-07-15,44.560001373291016,44.560001373291016
2026-07-16,45.459999084472656,45.459999084472656
2026-07-17,45.41999816894531,45.41999816894531
2026-07-20,45.22999954223633,45.22999954223633
2026-07-21,45.20000076293945,45.20000076293945
2026-07-22,45.0099983215332,45.0099983215332
2026-07-23,44.95000076293945,44.95000076293945
2026-07-24,45.95000076293945,45.95000076293945
2026-07-27,45.7599983215332,45.7599983215332
2026-07-28,46.0099983215332,46.0099983215332
2026-07-29,45.959999084472656,45.959999084472656
2026-07-30,45.29999923706055,45.29999923706055
2026-07-31,45.06999969482422,45.06999969482422
2026-08-03,45.18000030517578,45.18000030517578
2026-08-04,45.16999816894531,45.16999816894531
2026-08-05,45.20000076293945,45.20000076293945
2026-08-06,44.810001373291016,44.810001373291016
2026-08-07,44.97999954223633,44.97999954223633
2026-08-10,44.400001525878906,44.400001525878906
2026-08-11,44.08000183105469,44.08000183105469
2026-08-12,44.4900016784668,44.4900016784668
2026-08-13,45.119998931884766,45.119998931884766
2026-08-14,45.27000045776367,45.27000045776367
2026-08-17,44.83000183105469,44.83000183105469
2026-08-18,44.630001068115234,44.630001068115234
2026-08-19,44.9900016784668,44.9900016784668
2026-08-20,45.08000183105469,45.08000183105469
2026-08-21,45.08000183105469,45.08000183105469
