date,adj_close,split_adj_close
2002-01-02,6.068480491638184,14.21500015258789
2002-01-03,6.10050106048584,14.289999961853027
2002-01-04,6.072749137878418,14.225000381469727
2002-01-07,6.079153060913086,14.239999771118164
2002-01-08,6.0044450759887695,14.0649995803833
2002-01-09,5.951082706451416,13.9399995803833
2002-01-10,5.998040676116943,14.050000190734863
2002-01-11,5.940410137176514,13.914999961853027
2002-01-14,5.995906352996826,14.045000076293945
2002-01-15,5.998040676116943,14.050000190734863
2002-01-16,5.972428798675537,13.989999771118164
2002-01-17,5.912661552429199,13.850000381469727
2002-01-18,5.901988506317139,13.824999809265137
2002-01-22,5.773917198181152,13.524999618530273
2002-01-23,5.859294891357422,13.725000381469727
2002-01-24,5.8464884757995605,13.694999694824219
2002-01-25,5.810201644897461,13.609999656677246
2002-01-28,5.810201644897461,13.609999656677246
2002-01-29,5.73549222946167,13.4350004196167
2002-01-30,5.729091167449951,13.420000076293945
2002-01-31,5.767510890960693,13.510000228881836
2002-02-01,5.780317783355713,13.539999961853027
2002-02-04,5.720551490783691,13.399999618530273
2002-02-05,5.643709182739258,13.220000267028809
2002-02-06,5.530579090118408,12.954999923706055
2002-02-07,5.609554767608643,13.140000343322754
2002-02-08,5.639441013336182,13.210000038146973
2002-02-11,5.677859783172607,13.300000190734863
2002-02-12,5.677859783172607,13.300000190734863
2002-02-13,5.712013244628906,13.380000114440918
2002-02-14,5.724820613861084,13.40999984741211
2002-02-15,5.71414852142334,13.385000228881836
2002-02-19,5.615959167480469,13.154999732971191
2002-02-20,5.686398506164551,13.319999694824219
2002-02-21,5.573270320892334,13.055000305175781
2002-02-22,5.650111198425293,13.234999656677246
2002-02-25,5.71414852142334,13.385000228881836
2002-02-26,5.707744598388672,13.369999885559082
2002-02-27,5.746167182922363,13.460000038146973
2002-02-28,5.756838798522949,13.484999656677246
2002-03-01,5.880642890930176,13.774999618530273
2002-03-04,5.951082706451416,13.9399995803833
2002-03-05,5.955352783203125,13.949999809265137
2002-03-06,6.072749137878418,14.225000381469727
2002-03-07,6.036464214324951,14.140000343322754
2002-03-08,6.019385814666748,14.100000381469727
2002-03-11,6.03859806060791,14.145000457763672
2002-03-12,5.9766926765441895,14.0
2002-03-13,5.9766926765441895,14.0
2002-03-14,5.955352783203125,13.949999809265137
2002-03-15,6.005703449249268,13.954999923706055
2002-03-18,6.0336785316467285,14.020000457763672
2002-03-19,6.061652660369873,14.085000038146973
2002-03-20,6.025065898895264,14.0
2002-03-21,6.089622497558594,14.149999618530273
2002-03-22,6.018613338470459,13.984999656677246
2002-03-25,6.027222156524658,14.005000114440918
2002-03-26,5.994944095611572,13.930000305175781
2002-03-27,6.010004997253418,13.96500015258789
2002-03-28,6.0638041496276855,14.09000015258789
2002-04-01,6.001400947570801,13.944999694824219
2002-04-02,6.035829067230225,14.024999618530273
2002-04-03,6.035829067230225,14.024999618530273
2002-04-04,6.044434547424316,14.045000076293945
2002-04-05,6.012161731719971,13.970000267028809
2002-04-08,5.969122409820557,13.869999885559082
2002-04-09,5.842166900634766,13.574999809265137
2002-04-10,5.964820861816406,13.859999656677246
2002-04-11,5.78621768951416,13.444999694824219
2002-04-12,5.824950218200684,13.53499984741211
2002-04-15,5.734574317932129,13.324999809265137
2002-04-16,5.874440670013428,13.649999618530273
2002-04-17,5.904566764831543,13.720000267028809
2002-04-18,5.889508247375488,13.6850004196167
2002-04-19,5.837863922119141,13.5649995803833
2002-04-22,5.749638080596924,13.359999656677246
2002-04-23,5.77761173248291,13.425000190734863
2002-04-24,5.792675495147705,13.460000038146973
2002-04-25,5.753941535949707,13.369999885559082
2002-04-26,5.661412715911865,13.154999732971191
2002-04-29,5.577493190765381,12.960000038146973
2002-04-30,5.6958417892456055,13.234999656677246
2002-05-01,5.749638080596924,13.359999656677246
2002-05-02,5.713056564331055,13.274999618530273
2002-05-03,5.680779933929443,13.199999809265137
2002-05-06,5.650653839111328,13.130000114440918
2002-05-07,5.594706058502197,13.0
2002-05-08,5.674322128295898,13.1850004196167
2002-05-09,5.626982688903809,13.074999809265137
2002-05-10,5.49787712097168,12.774999618530273
2002-05-13,5.564582347869873,12.930000305175781
2002-05-14,5.648502349853516,13.125
2002-05-15,5.618378639221191,13.055000305175781
2002-05-16,5.639892578125,13.104999542236328
2002-05-17,5.5860981941223145,12.979999542236328
2002-05-20,5.616224765777588,13.050000190734863
2002-05-21,5.657110214233398,13.145000457763672
2002-05-22,5.758243560791016,13.380000114440918
2002-05-23,5.861528396606445,13.619999885559082
2002-05-24,5.8012800216674805,13.479999542236328
2002-05-28,5.842166900634766,13.574999809265137
2002-05-29,5.745334148406982,13.350000381469727
2002-05-30,5.691539764404297,13.225000381469727
2002-05-31,5.648502349853516,13.125
2002-06-03,5.519391059875488,12.824999809265137
2002-06-04,5.538760662078857,12.869999885559082
2002-06-05,5.51724100112915,12.819999694824219
2002-06-06,5.3558549880981445,12.444999694824219
2002-06-07,5.4182586669921875,12.59000015258789
2002-06-10,5.437623023986816,12.635000228881836
2002-06-11,5.3472466468811035,12.425000190734863
2002-06-12,5.456991672515869,12.680000305175781
2002-06-13,5.450536251068115,12.664999961853027
2002-06-14,5.381678104400635,12.505000114440918
2002-06-17,5.502180099487305,12.78499984741211
2002-06-18,5.543065071105957,12.880000114440918
2002-06-19,5.390285491943359,12.524999618530273
2002-06-20,5.325729846954346,12.375
2002-06-21,5.344632625579834,12.300000190734863
2002-06-24,5.255557537078857,12.095000267028809
2002-06-25,5.220794200897217,12.015000343322754
2002-06-26,5.166479110717773,11.890000343322754
2002-06-27,5.1621317863464355,11.880000114440918
2002-06-28,5.268589973449707,12.125
2002-07-01,5.15995979309082,11.875
2002-07-02,5.051326751708984,11.625
2002-07-03,5.020911693572998,11.555000305175781
2002-07-05,5.0795722007751465,11.6899995803833
2002-07-08,5.014394283294678,11.539999961853027
2002-07-09,4.881866455078125,11.234999656677246
2002-07-10,4.6059441566467285,10.600000381469727
2002-07-11,4.766716003417969,10.970000267028809
2002-07-12,4.588563919067383,10.5600004196167
2002-07-15,4.66025972366333,10.725000381469727
2002-07-16,4.523384094238281,10.40999984741211
2002-07-17,4.438652992248535,10.21500015258789
2002-07-18,4.3343682289123535,9.975000381469727
2002-07-19,4.091034889221191,9.414999961853027
2002-07-22,3.9910953044891357,9.1850004196167
2002-07-23,3.680410385131836,8.470000267028809
2002-07-24,4.008474826812744,9.225000381469727
2002-07-25,4.127968788146973,9.5
2002-07-26,4.073652744293213,9.375
2002-07-29,4.13883113861084,9.524999618530273
2002-07-30,4.475587368011475,10.300000190734863
2002-07-31,4.4929680824279785,10.34000015258789
2002-08-01,4.4277873039245605,10.1899995803833
2002-08-02,4.340883731842041,9.989999771118164
2002-08-05,4.264842510223389,9.8149995803833
2002-08-06,4.440823554992676,10.220000267028809
2002-08-07,4.473414421081543,10.295000076293945
2002-08-08,4.555974006652832,10.484999656677246
2002-08-09,4.566836833953857,10.510000228881836
2002-08-12,4.6450514793396,10.6899995803833
2002-08-13,4.516864776611328,10.395000457763672
2002-08-14,4.653740882873535,10.710000038146973
2002-08-15,4.662431716918945,10.729999542236328
2002-08-16,4.588563919067383,10.5600004196167
2002-08-19,4.66025972366333,10.725000381469727
2002-08-20,4.64722204208374,10.694999694824219
2002-08-21,4.790616989135742,11.024999618530273
2002-08-22,4.888382911682129,11.25
2002-08-23,4.81234073638916,11.074999809265137
2002-08-26,4.888382911682129,11.25
2002-08-27,4.840587615966797,11.140000343322754
2002-08-28,4.810168266296387,11.069999694824219
2002-08-29,4.742819786071777,10.914999961853027
2002-08-30,4.671121597290039,10.75
2002-09-03,4.542938232421875,10.454999923706055
2002-09-04,4.514695167541504,10.390000343322754
2002-09-05,4.501657962799072,10.359999656677246
2002-09-06,4.501657962799072,10.359999656677246
2002-09-09,4.4929680824279785,10.34000015258789
2002-09-10,4.390854835510254,10.104999542236328
2002-09-11,4.395199775695801,10.114999771118164
2002-09-12,4.282224655151367,9.854999542236328
2002-09-13,4.345230579376221,10.0
2002-09-16,4.295259475708008,9.885000228881836
2002-09-17,4.13883113861084,9.524999618530273
2002-09-18,4.275705814361572,9.84000015258789
2002-09-19,4.186626434326172,9.635000228881836
2002-09-20,4.088109493255615,9.295000076293945
2002-09-23,3.9803552627563477,9.050000190734863
2002-09-24,3.8506076335906982,8.755000114440918
2002-09-25,3.964961051940918,9.015000343322754
2002-09-26,4.121095180511475,9.369999885559082
2002-09-27,4.050724029541016,9.210000038146973
2002-09-30,4.1057024002075195,9.335000038146973
2002-10-01,4.171675682067871,9.484999656677246
2002-10-02,4.046327114105225,9.199999809265137
2002-10-03,4.024336338043213,9.149999618530273
2002-10-04,3.839611291885376,8.729999542236328
2002-10-07,3.8044283390045166,8.649999618530273
2002-10-08,3.6614856719970703,8.324999809265137
2002-10-09,3.3492159843444824,7.614999771118164
2002-10-10,3.575721502304077,8.130000114440918
2002-10-11,3.6241021156311035,8.239999771118164
2002-10-14,3.6175053119659424,8.225000381469727
2002-10-15,3.628499746322632,8.25
2002-10-16,3.5031514167785645,7.965000152587891
2002-10-17,3.562526226043701,8.100000381469727
2002-10-18,3.5933139324188232,8.170000076293945
2002-10-21,3.8044283390045166,8.649999618530273
2002-10-22,3.7560465335845947,8.539999961853027
2002-10-23,3.8242177963256836,8.694999694824219
2002-10-24,3.82641863822937,8.699999809265137
2002-10-25,3.881394624710083,8.824999809265137
2002-10-28,3.958364963531494,9.0
2002-10-29,3.931973695755005,8.9399995803833
2002-10-30,4.0199384689331055,9.140000343322754
2002-10-31,4.011140823364258,9.119999885559082
2002-11-01,4.030935287475586,9.164999961853027
2002-11-04,4.176072597503662,9.494999885559082
2002-11-05,4.176072597503662,9.494999885559082
2002-11-06,4.264036655426025,9.694999694824219
2002-11-07,4.066119194030762,9.244999885559082
2002-11-08,3.9407715797424316,8.960000038146973
2002-11-11,3.8967905044555664,8.859999656677246
2002-11-12,3.8242177963256836,8.694999694824219
2002-11-13,3.848407506942749,8.75
2002-11-14,3.934173107147217,8.944999694824219
2002-11-15,3.991349458694458,9.074999809265137
2002-11-18,3.9803552627563477,9.050000190734863
2002-11-19,4.002344608306885,9.100000381469727
2002-11-20,4.000146389007568,9.095000267028809
2002-11-21,4.068317890167236,9.25
2002-11-22,4.182671546936035,9.510000228881836
2002-11-25,4.191466331481934,9.529999732971191
2002-11-26,4.085912227630615,9.289999961853027
2002-11-27,4.110100269317627,9.345000267028809
2002-11-29,4.127693176269531,9.385000228881836
2002-12-02,4.066119194030762,9.244999885559082
2002-12-03,4.110100269317627,9.345000267028809
2002-12-04,4.017737865447998,9.135000228881836
2002-12-05,4.00454568862915,9.104999542236328
2002-12-06,4.000146389007568,9.095000267028809
2002-12-09,4.055123329162598,9.220000267028809
2002-12-10,4.085912227630615,9.289999961853027
2002-12-11,4.123295783996582,9.375
2002-12-12,4.1364898681640625,9.404999732971191
2002-12-13,4.1782732009887695,9.5
2002-12-16,4.244245529174805,9.649999618530273
2002-12-17,4.248645305633545,9.65999984741211
2002-12-18,4.235448837280273,9.630000114440918
2002-12-19,4.239846229553223,9.640000343322754
2002-12-20,4.28368616104126,9.625
2002-12-23,4.265881538391113,9.585000038146973
2002-12-24,4.248079776763916,9.545000076293945
2002-12-26,4.274784564971924,9.604999542236328
2002-12-27,4.259207248687744,9.569999694824219
2002-12-30,4.270333766937256,9.595000267028809
2002-12-31,4.2614312171936035,9.574999809265137
2003-01-02,4.361572265625,9.800000190734863
2003-01-03,4.406075954437256,9.899999618530273
2003-01-06,4.604128837585449,10.345000267028809
2003-01-07,4.503987789154053,10.119999885559082
2003-01-08,4.535142421722412,10.1899995803833
2003-01-09,4.512890815734863,10.140000343322754
2003-01-10,4.512890815734863,10.140000343322754
2003-01-13,4.417201519012451,9.925000190734863
2003-01-14,4.42610502243042,9.944999694824219
2003-01-15,4.412750244140625,9.914999961853027
2003-01-16,4.406075954437256,9.899999618530273
2003-01-17,4.386048793792725,9.854999542236328
2003-01-21,4.294811725616455,9.649999618530273
2003-01-22,4.256979465484619,9.5649995803833
2003-01-23,4.334868431091309,9.739999771118164
2003-01-24,4.223602294921875,9.489999771118164
2003-01-27,4.061155319213867,9.125
2003-01-28,4.183546543121338,9.399999618530273
2003-01-29,4.1813225746154785,9.395000457763672
2003-01-30,4.114562511444092,9.244999885559082
2003-01-31,4.161293983459473,9.350000381469727
2003-02-03,4.174646854400635,9.380000114440918
2003-02-04,4.154617786407471,9.335000038146973
2003-02-05,4.092310428619385,9.194999694824219
2003-02-06,4.05448055267334,9.109999656677246
2003-02-07,3.9832704067230225,8.949999809265137
2003-02-10,3.996623992919922,8.979999542236328
2003-02-11,3.929863214492798,8.829999923706055
2003-02-12,3.7941200733184814,8.524999618530273
2003-02-13,3.8475277423858643,8.645000457763672
2003-02-14,3.912061929702759,8.789999961853027
2003-02-18,3.9543416500091553,8.885000228881836
2003-02-19,3.956568956375122,8.890000343322754
2003-02-20,3.9543416500091553,8.885000228881836
2003-02-21,4.005523681640625,9.0
2003-02-24,3.9788200855255127,8.9399995803833
2003-02-25,4.005523681640625,9.0
2003-02-26,3.936537742614746,8.845000267028809
2003-02-27,3.9432148933410645,8.859999656677246
2003-02-28,3.938765287399292,8.850000381469727
2003-03-03,3.965467929840088,8.90999984741211
2003-03-04,3.940990686416626,8.854999542236328
2003-03-05,3.981046676635742,8.944999694824219
2003-03-06,3.981046676635742,8.944999694824219
2003-03-07,3.994399309158325,8.975000381469727
2003-03-10,3.9009363651275635,8.765000343322754
2003-03-11,3.8942596912384033,8.75
2003-03-12,3.9009363651275635,8.765000343322754
2003-03-13,3.9699199199676514,8.920000076293945
2003-03-14,3.98549747467041,8.954999923706055
2003-03-17,4.074508190155029,9.154999732971191
2003-03-18,4.121240615844727,9.260000228881836
2003-03-19,4.098984718322754,9.210000038146973
2003-03-20,4.145716190338135,9.3149995803833
2003-03-21,4.214763641357422,9.369999885559082
2003-03-24,4.111306190490723,9.140000343322754
2003-03-25,4.167532444000244,9.265000343322754
2003-03-26,4.1315484046936035,9.1850004196167
2003-03-27,4.15178918838501,9.229999542236328
2003-03-28,4.158537864685059,9.244999885559082
2003-03-31,4.1382951736450195,9.199999809265137
2003-04-01,4.167532444000244,9.265000343322754
2003-04-02,4.169781684875488,9.270000457763672
2003-04-03,4.15403938293457,9.234999656677246
2003-04-04,4.205766677856445,9.350000381469727
2003-04-07,4.205766677856445,9.350000381469727
2003-04-08,4.1787800788879395,9.289999961853027
2003-04-09,4.169781684875488,9.270000457763672
2003-04-10,4.205766677856445,9.350000381469727
2003-04-11,4.192272663116455,9.319999694824219
2003-04-14,4.246251106262207,9.4399995803833
2003-04-15,4.300229072570801,9.5600004196167
2003-04-16,4.2957305908203125,9.550000190734863
2003-04-17,4.304723739624023,9.569999694824219
2003-04-21,4.345208644866943,9.65999984741211
2003-04-22,4.4059343338012695,9.795000076293945
2003-04-23,4.4059343338012695,9.795000076293945
2003-04-24,4.446419715881348,9.885000228881836
2003-04-25,4.435172080993652,9.859999656677246
2003-04-28,4.49589729309082,9.994999885559082
2003-04-29,4.502645492553711,10.010000228881836
2003-04-30,4.49589729309082,9.994999885559082
2003-05-01,4.435172080993652,9.859999656677246
2003-05-02,4.471157073974609,9.9399995803833
2003-05-05,4.489150524139404,9.979999542236328
2003-05-06,4.4824042320251465,9.96500015258789
2003-05-07,4.4756550788879395,9.949999809265137
2003-05-08,4.46890926361084,9.9350004196167
2003-05-09,4.498147010803223,10.0
2003-05-12,4.531883716583252,10.074999809265137
2003-05-13,4.54088020324707,10.095000267028809
2003-05-14,4.561121940612793,10.140000343322754
2003-05-15,4.630841255187988,10.295000076293945
2003-05-16,4.7275519371032715,10.510000228881836
2003-05-19,4.653334617614746,10.345000267028809
2003-05-20,4.673574447631836,10.390000343322754
2003-05-21,4.662330627441406,10.364999771118164
2003-05-22,4.745546817779541,10.550000190734863
2003-05-23,4.925472259521484,10.949999809265137
2003-05-27,4.997440338134766,11.109999656677246
2003-05-28,4.974952220916748,11.0600004196167
2003-05-29,4.900730133056641,10.895000457763672
2003-05-30,4.950210094451904,11.005000114440918
2003-06-02,4.99294376373291,11.100000381469727
2003-06-03,5.013183116912842,11.145000457763672
2003-06-04,5.082904815673828,11.300000190734863
2003-06-05,5.024430274963379,11.170000076293945
2003-06-06,4.970454692840576,11.050000190734863
2003-06-09,4.965954780578613,11.039999961853027
2003-06-10,4.988445281982422,11.09000015258789
2003-06-11,5.026679515838623,11.175000190734863
2003-06-12,5.087404727935791,11.3100004196167
2003-06-13,5.019932270050049,11.15999984741211
2003-06-16,5.116642475128174,11.375
2003-06-17,5.0919013023376465,11.319999694824219
2003-06-18,5.116642475128174,11.375
2003-06-19,5.132386684417725,11.40999984741211
2003-06-20,5.108115196228027,11.260000228881836
2003-06-23,5.053678035736084,11.140000343322754
2003-06-24,5.021919250488281,11.069999694824219
2003-06-25,5.012848854064941,11.050000190734863
2003-06-26,5.060482025146484,11.154999732971191
2003-06-27,4.994704246520996,11.010000228881836
2003-06-30,5.0173869132995605,11.0600004196167
2003-07-01,4.98336124420166,10.984999656677246
2003-07-02,5.019651412963867,11.0649995803833
2003-07-03,4.990166664123535,11.0
2003-07-07,4.999238967895508,11.020000457763672
2003-07-08,4.960677146911621,10.9350004196167
2003-07-09,4.9243855476379395,10.854999542236328
2003-07-10,4.835925102233887,10.65999984741211
2003-07-11,4.865414142608643,10.725000381469727
2003-07-14,4.858605861663818,10.710000038146973
2003-07-15,4.763340473175049,10.5
2003-07-16,4.683951377868652,10.324999809265137
2003-07-17,4.672610282897949,10.300000190734863
2003-07-18,4.745193004608154,10.460000038146973
2003-07-21,4.677146911621094,10.3100004196167
2003-07-22,4.756534576416016,10.484999656677246
2003-07-23,4.727048397064209,10.420000076293945
2003-07-24,4.724778652191162,10.414999961853027
2003-07-25,4.763340473175049,10.5
2003-07-28,4.729316711425781,10.425000190734863
2003-07-29,4.708902835845947,10.380000114440918
2003-07-30,4.67487907409668,10.305000305175781
2003-07-31,4.68168306350708,10.319999694824219
2003-08-01,4.661266803741455,10.274999618530273
2003-08-04,4.661266803741455,10.274999618530273
2003-08-05,4.588683605194092,10.114999771118164
2003-08-06,4.615903854370117,10.175000190734863
2003-08-07,4.658999443054199,10.270000457763672
2003-08-08,4.68168306350708,10.319999694824219
2003-08-11,4.68168306350708,10.319999694824219
2003-08-12,4.745193004608154,10.460000038146973
2003-08-13,4.6998291015625,10.359999656677246
2003-08-14,4.717974662780762,10.399999618530273
2003-08-15,4.708902835845947,10.380000114440918
2003-08-18,4.697559356689453,10.354999542236328
2003-08-19,4.702098369598389,10.364999771118164
2003-08-20,4.747462272644043,10.46500015258789
2003-08-21,4.7656073570251465,10.505000114440918
2003-08-22,4.6998291015625,10.359999656677246
2003-08-25,4.722511291503906,10.40999984741211
2003-08-26,4.7361226081848145,10.4399995803833
2003-08-27,4.752000331878662,10.475000381469727
2003-08-28,4.763340473175049,10.5
2003-08-29,4.774681568145752,10.524999618530273
2003-09-02,4.863143444061279,10.720000267028809
2003-09-03,4.879021644592285,10.755000114440918
2003-09-04,4.881290435791016,10.760000228881836
2003-09-05,4.872215270996094,10.739999771118164
2003-09-08,4.90850830078125,10.819999694824219
2003-09-09,4.897167682647705,10.795000076293945
2003-09-10,4.89036226272583,10.779999732971191
2003-09-11,4.8767523765563965,10.75
2003-09-12,4.913043975830078,10.829999923706055
2003-09-15,4.885826587677002,10.770000457763672
2003-09-16,4.928922653198242,10.864999771118164
2003-09-17,4.915312767028809,10.835000038146973
2003-09-18,4.969754219055176,10.954999923706055
2003-09-19,4.977762222290039,10.875
2003-09-22,4.950296878814697,10.8149995803833
2003-09-23,4.973182201385498,10.864999771118164
2003-09-24,4.913680553436279,10.734999656677246
2003-09-25,4.9228339195251465,10.755000114440918
2003-09-26,4.968607425689697,10.854999542236328
2003-09-29,5.02124547958374,10.970000267028809
2003-09-30,5.012092590332031,10.949999809265137
2003-10-01,5.018959045410156,10.96500015258789
2003-10-02,5.067015647888184,11.069999694824219
2003-10-03,5.07846212387085,11.095000267028809
2003-10-06,5.071595668792725,11.079999923706055
2003-10-07,5.055575847625732,11.045000076293945
2003-10-08,5.037265300750732,11.005000114440918
2003-10-09,5.046422004699707,11.024999618530273
2003-10-10,5.030401229858398,10.989999771118164
2003-10-13,5.062441825866699,11.0600004196167
2003-10-14,5.076172351837158,11.09000015258789
2003-10-15,5.012092590332031,10.949999809265137
2003-10-16,5.034977912902832,11.0
2003-10-17,5.0029377937316895,10.930000305175781
2003-10-20,5.028111934661865,10.984999656677246
2003-10-21,5.02124547958374,10.970000267028809
2003-10-22,5.018959045410156,10.96500015258789
2003-10-23,5.028111934661865,10.984999656677246
2003-10-24,5.012092590332031,10.949999809265137
2003-10-27,5.032688140869141,10.994999885559082
2003-10-28,5.018959045410156,10.96500015258789
2003-10-29,5.014382362365723,10.954999923706055
2003-10-30,5.055575847625732,11.045000076293945
2003-10-31,5.046422004699707,11.024999618530273
2003-11-03,5.071595668792725,11.079999923706055
2003-11-04,5.046422004699707,11.024999618530273
2003-11-05,5.044131278991699,11.020000457763672
2003-11-06,5.023533821105957,10.975000381469727
2003-11-07,4.991496562957764,10.904999732971191
2003-11-10,4.9800496101379395,10.880000114440918
2003-11-11,4.984628677368164,10.890000343322754
2003-11-12,4.996069431304932,10.914999961853027
2003-11-13,5.0029377937316895,10.930000305175781
2003-11-14,4.996069431304932,10.914999961853027
2003-11-17,4.954877853393555,10.824999809265137
2003-11-18,4.8656206130981445,10.630000114440918
2003-11-19,4.927410125732422,10.765000343322754
2003-11-20,4.9159698486328125,10.739999771118164
2003-11-21,4.906815052032471,10.720000267028809
2003-11-24,4.982339859008789,10.885000228881836
2003-11-25,5.009801387786865,10.944999694824219
2003-11-26,5.046422004699707,11.024999618530273
2003-11-28,5.057863712310791,11.050000190734863
2003-12-01,5.071595668792725,11.079999923706055
2003-12-02,5.08074951171875,11.100000381469727
2003-12-03,5.071595668792725,11.079999923706055
2003-12-04,5.0830397605896,11.104999542236328
2003-12-05,5.110501766204834,11.164999961853027
2003-12-08,5.124234199523926,11.194999694824219
2003-12-09,5.08074951171875,11.100000381469727
2003-12-10,5.103635311126709,11.149999618530273
2003-12-11,5.126523494720459,11.199999809265137
2003-12-12,5.137967109680176,11.225000381469727
2003-12-15,5.119658946990967,11.1850004196167
2003-12-16,5.151698112487793,11.255000114440918
2003-12-17,5.174582481384277,11.305000305175781
2003-12-18,5.240956783294678,11.449999809265137
2003-12-19,5.252965450286865,11.369999885559082
2003-12-22,5.30147647857666,11.475000381469727
2003-12-23,5.329194068908691,11.53499984741211
2003-12-24,5.338435649871826,11.555000305175781
2003-12-26,5.345366477966309,11.569999694824219
2003-12-29,5.384635925292969,11.654999732971191
2003-12-30,5.398499011993408,11.6850004196167
2003-12-31,5.389256477355957,11.664999961853027
2004-01-02,5.3753981590271,11.635000228881836
2004-01-05,5.384635925292969,11.654999732971191
2004-01-06,5.373088836669922,11.630000114440918
2004-01-07,5.400805473327637,11.6899995803833
2004-01-08,5.398499011993408,11.6850004196167
2004-01-09,5.380017280578613,11.645000457763672
2004-01-12,5.377708911895752,11.640000343322754
2004-01-13,5.352296352386475,11.585000038146973
2004-01-14,5.416975975036621,11.725000381469727
2004-01-15,5.398499011993408,11.6850004196167
2004-01-16,5.389256477355957,11.664999961853027
2004-01-20,5.428527355194092,11.75
2004-01-21,5.5232367515563965,11.954999923706055
2004-01-22,5.544027328491211,12.0
2004-01-23,5.495518684387207,11.895000457763672
2004-01-26,5.463174343109131,11.824999809265137
2004-01-27,5.444695472717285,11.78499984741211
2004-01-28,5.465487480163574,11.829999923706055
2004-01-29,5.509376525878906,11.925000190734863
2004-01-30,5.500139236450195,11.904999732971191
2004-02-02,5.467796325683594,11.835000038146973
2004-02-03,5.516307353973389,11.9399995803833
2004-02-04,5.42621374130249,11.744999885559082
2004-02-05,5.393878936767578,11.675000190734863
2004-02-06,5.440079212188721,11.774999618530273
2004-02-09,5.472416877746582,11.845000267028809
2004-02-10,5.518616676330566,11.944999694824219
2004-02-11,5.513996124267578,11.9350004196167
2004-02-12,5.497828960418701,11.899999618530273
2004-02-13,5.490896701812744,11.885000228881836
2004-02-17,5.532476902008057,11.975000381469727
2004-02-18,5.550958156585693,12.015000343322754
2004-02-19,5.513996124267578,11.9350004196167
2004-02-20,5.4608659744262695,11.819999694824219
2004-02-23,5.481656074523926,11.864999771118164
2004-02-24,5.451627731323242,11.800000190734863
2004-02-25,5.507065773010254,11.920000076293945
2004-02-26,5.544027328491211,12.0
2004-02-27,5.60408878326416,12.130000114440918
2004-03-01,5.63180685043335,12.1899995803833
2004-03-02,5.606396675109863,12.135000228881836
2004-03-03,5.60408878326416,12.130000114440918
2004-03-04,5.643356800079346,12.21500015258789
2004-03-05,5.687246799468994,12.3100004196167
2004-03-08,5.671078681945801,12.274999618530273
2004-03-09,5.638739109039307,12.204999923706055
2004-03-10,5.574059009552002,12.0649995803833
2004-03-11,5.4932098388671875,11.890000343322754
2004-03-12,5.546338081359863,12.005000114440918
2004-03-15,5.530166149139404,11.970000267028809
2004-03-16,5.5833001136779785,12.085000038146973
2004-03-17,5.671078681945801,12.274999618530273
2004-03-18,5.645669460296631,12.220000267028809
2004-03-19,5.612599849700928,12.050000190734863
2004-03-22,5.547387599945068,11.90999984741211
2004-03-23,5.545058250427246,11.904999732971191
2004-03-24,5.556707382202148,11.930000305175781
2004-03-25,5.566020488739014,11.949999809265137
2004-03-26,5.58465051651001,11.989999771118164
2004-03-29,5.619585990905762,12.0649995803833
2004-03-30,5.640543460845947,12.109999656677246
2004-03-31,5.663832187652588,12.15999984741211
2004-04-01,5.680132865905762,12.194999694824219
2004-04-02,5.652186870574951,12.135000228881836
2004-04-05,5.668488025665283,12.170000076293945
2004-04-06,5.670821189880371,12.175000190734863
2004-04-07,5.612599849700928,12.050000190734863
2004-04-08,5.607938766479492,12.039999961853027
2004-04-12,5.519443035125732,11.850000381469727
2004-04-13,5.419299602508545,11.635000228881836
2004-04-14,5.426284313201904,11.649999618530273
2004-04-15,5.456564903259277,11.71500015258789
2004-04-16,5.4751973152160645,11.755000114440918
2004-04-19,5.440260410308838,11.680000305175781
2004-04-20,5.379711627960205,11.550000190734863
2004-04-21,5.421630382537842,11.640000343322754
2004-04-22,5.482181072235107,11.770000457763672
2004-04-23,5.484511375427246,11.774999618530273
2004-04-26,5.500810146331787,11.8100004196167
2004-04-27,5.510128498077393,11.829999923706055
2004-04-28,5.514782428741455,11.84000015258789
2004-04-29,5.428617000579834,11.654999732971191
2004-04-30,5.421630382537842,11.640000343322754
2004-05-03,5.458889484405518,11.720000267028809
2004-05-04,5.4798502922058105,11.765000343322754
2004-05-05,5.442590236663818,11.6850004196167
2004-05-06,5.4612202644348145,11.725000381469727
2004-05-07,5.295871734619141,11.369999885559082
2004-05-10,5.221346378326416,11.210000038146973
2004-05-11,5.207371711730957,11.180000305175781
2004-05-12,5.202714920043945,11.170000076293945
2004-05-13,5.223674297332764,11.21500015258789
2004-05-14,5.251620769500732,11.274999618530273
2004-05-17,5.1957292556762695,11.154999732971191
2004-05-18,5.239976406097412,11.25
2004-05-19,5.202714920043945,11.170000076293945
2004-05-20,5.256279945373535,11.28499984741211
2004-05-21,5.249292850494385,11.270000457763672
2004-05-24,5.321486949920654,11.425000190734863
2004-05-25,5.416970729827881,11.630000114440918
2004-05-26,5.419299602508545,11.635000228881836
2004-05-27,5.4751973152160645,11.755000114440918
2004-05-28,5.486838340759277,11.779999732971191
2004-06-01,5.4798502922058105,11.765000343322754
2004-06-02,5.489168643951416,11.78499984741211
2004-06-03,5.430942535400391,11.65999984741211
2004-06-04,5.449576377868652,11.699999809265137
2004-06-07,5.496151924133301,11.800000190734863
2004-06-08,5.444917678833008,11.6899995803833
2004-06-09,5.409985542297363,11.614999771118164
2004-06-10,5.44724702835083,11.694999694824219
2004-06-14,5.409985542297363,11.614999771118164
2004-06-15,5.4332756996154785,11.664999961853027
2004-06-16,5.463547706604004,11.729999542236328
2004-06-17,5.500810146331787,11.8100004196167
2004-06-18,5.530174732208252,11.770000457763672
2004-06-21,5.567765712738037,11.850000381469727
2004-06-22,5.546623706817627,11.805000305175781
2004-06-23,5.588909149169922,11.895000457763672
2004-06-24,5.60770320892334,11.9350004196167
2004-06-25,5.574812412261963,11.864999771118164
2004-06-28,5.600655555725098,11.920000076293945
2004-06-29,5.558371067047119,11.829999923706055
2004-06-30,5.581860542297363,11.880000114440918
2004-07-01,5.5160813331604,11.739999771118164
2004-07-02,5.572464942932129,11.859999656677246
2004-07-06,5.5630669593811035,11.84000015258789
2004-07-07,5.574812412261963,11.864999771118164
2004-07-08,5.553668975830078,11.819999694824219
2004-07-09,5.541921615600586,11.795000076293945
2004-07-12,5.553668975830078,11.819999694824219
2004-07-13,5.541921615600586,11.795000076293945
2004-07-14,5.591257095336914,11.899999618530273
2004-07-15,5.617101192474365,11.954999923706055
2004-07-16,5.657037258148193,12.039999961853027
2004-07-19,5.682880878448486,12.095000267028809
2004-07-20,5.694624423980713,12.119999885559082
2004-07-21,5.605352878570557,11.930000305175781
2004-07-22,5.567765712738037,11.850000381469727
2004-07-23,5.534876823425293,11.779999732971191
2004-07-26,5.520781517028809,11.75
2004-07-27,5.513731002807617,11.734999656677246
2004-07-28,5.586560249328613,11.890000343322754
2004-07-29,5.626498699188232,11.975000381469727
2004-07-30,5.666436672210693,12.0600004196167
2004-08-02,5.708718776702881,12.149999618530273
2004-08-03,5.69697380065918,12.125
2004-08-04,5.746310234069824,12.229999542236328
2004-08-05,5.678178787231445,12.085000038146973
2004-08-06,5.720468521118164,12.175000190734863
2004-08-09,5.706371307373047,12.145000457763672
2004-08-10,5.748660087585449,12.234999656677246
2004-08-11,5.772151947021484,12.28499984741211
2004-08-12,5.769801616668701,12.279999732971191
2004-08-13,5.748660087585449,12.234999656677246
2004-08-16,5.774502277374268,12.289999961853027
2004-08-17,5.772151947021484,12.28499984741211
2004-08-18,5.809738636016846,12.364999771118164
2004-08-19,5.781545162200928,12.305000305175781
2004-08-20,5.805041313171387,12.354999542236328
2004-08-23,5.793294906616211,12.329999923706055
2004-08-24,5.805041313171387,12.354999542236328
2004-08-25,5.828536510467529,12.404999732971191
2004-08-26,5.828536510467529,12.404999732971191
2004-08-27,5.826181411743164,12.399999618530273
2004-08-30,5.8402814865112305,12.430000305175781
2004-08-31,5.896665573120117,12.550000190734863
2004-09-01,5.877869129180908,12.510000228881836
2004-09-02,5.931902885437012,12.625
2004-09-03,5.9107584953308105,12.579999923706055
2004-09-07,5.953045845031738,12.670000076293945
2004-09-08,5.896665573120117,12.550000190734863
2004-09-09,5.92250394821167,12.604999542236328
2004-09-10,5.934250831604004,12.630000114440918
2004-09-13,5.887265682220459,12.529999732971191
2004-09-14,5.877869129180908,12.510000228881836
2004-09-15,5.889614105224609,12.53499984741211
2004-09-16,5.924854278564453,12.609999656677246
2004-09-17,5.960150241851807,12.579999923706055
2004-09-20,5.938828945159912,12.53499984741211
2004-09-21,5.971994400024414,12.604999542236328
2004-09-22,5.945939540863037,12.550000190734863
2004-09-23,5.88671350479126,12.425000190734863
2004-09-24,5.8890838623046875,12.430000305175781
2004-09-27,5.896190643310547,12.444999694824219
2004-09-28,5.9340901374816895,12.524999618530273
2004-09-29,5.922247409820557,12.5
2004-09-30,5.9340901374816895,12.524999618530273
2004-10-01,5.981472015380859,12.625
2004-10-04,6.005159378051758,12.675000190734863
2004-10-05,6.031216621398926,12.729999542236328
2004-10-06,6.054909706115723,12.779999732971191
2004-10-07,6.021742343902588,12.710000038146973
2004-10-08,6.047799110412598,12.765000343322754
2004-10-11,6.031216621398926,12.729999542236328
2004-10-12,6.080966949462891,12.835000038146973
2004-10-13,6.000422954559326,12.664999961853027
2004-10-14,6.012265205383301,12.6899995803833
2004-10-15,6.05964469909668,12.789999961853027
2004-10-18,6.017003059387207,12.699999809265137
2004-10-19,6.0075297355651855,12.680000305175781
2004-10-20,6.014636039733887,12.694999694824219
2004-10-21,6.040691375732422,12.75
2004-10-22,6.0785932540893555,12.829999923706055
2004-10-25,6.170979976654053,13.024999618530273
2004-10-26,6.232574939727783,13.154999732971191
2004-10-27,6.225468635559082,13.140000343322754
2004-10-28,6.189935207366943,13.0649995803833
2004-10-29,6.223099708557129,13.135000228881836
2004-11-01,6.2728447914123535,13.239999771118164
2004-11-02,6.149662017822266,12.979999542236328
2004-11-03,6.279952526092529,13.255000114440918
2004-11-04,6.405502796173096,13.520000457763672
2004-11-05,6.381813049316406,13.470000267028809
2004-11-08,6.4434027671813965,13.600000381469727
2004-11-09,6.445774555206299,13.604999542236328
2004-11-10,6.4434027671813965,13.600000381469727
2004-11-11,6.5121049880981445,13.744999885559082
2004-11-12,6.590275764465332,13.90999984741211
2004-11-15,6.557112693786621,13.84000015258789
2004-11-16,6.545268535614014,13.8149995803833
2004-11-17,6.490786552429199,13.699999809265137
2004-11-18,6.490786552429199,13.699999809265137
2004-11-19,6.46709680557251,13.649999618530273
2004-11-22,6.568958759307861,13.864999771118164
2004-11-23,6.609228610992432,13.949999809265137
2004-11-24,6.632917404174805,14.0
2004-11-26,6.6589765548706055,14.055000305175781
2004-11-29,6.571327209472656,13.869999885559082
2004-11-30,6.5002617835998535,13.720000267028809
2004-12-01,6.4434027671813965,13.600000381469727
2004-12-02,6.362863063812256,13.430000305175781
2004-12-03,6.410241603851318,13.529999732971191
2004-12-06,6.4694623947143555,13.654999732971191
2004-12-07,6.419717311859131,13.550000190734863
2004-12-08,6.386552333831787,13.479999542236328
2004-12-09,6.388920783996582,13.484999656677246
2004-12-10,6.412611484527588,13.53499984741211
2004-12-13,6.507364749908447,13.734999656677246
2004-12-14,6.531055927276611,13.78499984741211
2004-12-15,6.561850547790527,13.850000381469727
2004-12-16,6.5642194747924805,13.854999542236328
2004-12-17,6.581437587738037,13.760000228881836
2004-12-20,6.617311477661133,13.835000038146973
2004-12-21,6.686666488647461,13.979999542236328
2004-12-22,6.701013088226318,14.010000228881836
2004-12-23,6.698622226715088,14.005000114440918
2004-12-27,6.655576705932617,13.914999961853027
2004-12-28,6.6723175048828125,13.949999809265137
2004-12-29,6.691449165344238,13.989999771118164
2004-12-30,6.693842887878418,13.994999885559082
2004-12-31,6.66035795211792,13.925000190734863
2005-01-03,6.583829879760742,13.765000343322754
2005-01-04,6.538393020629883,13.670000076293945
2005-01-05,6.435555458068848,13.454999923706055
2005-01-06,6.4690375328063965,13.524999618530273
2005-01-07,6.4690375328063965,13.524999618530273
2005-01-10,6.502519607543945,13.595000267028809
2005-01-11,6.4833903312683105,13.555000305175781
2005-01-12,6.502519607543945,13.595000267028809
2005-01-13,6.533609867095947,13.65999984741211
2005-01-14,6.588613510131836,13.774999618530273
2005-01-18,6.64600944519043,13.895000457763672
2005-01-19,6.617311477661133,13.835000038146973
2005-01-20,6.595787048339844,13.789999961853027
2005-01-21,6.569479942321777,13.734999656677246
2005-01-24,6.626878261566162,13.854999542236328
2005-01-25,6.588613510131836,13.774999618530273
2005-01-26,6.684275150299072,13.975000381469727
2005-01-27,6.71775484085083,14.045000076293945
2005-01-28,6.724929332733154,14.0600004196167
2005-01-31,6.801455974578857,14.220000267028809
2005-02-01,6.846896171569824,14.3149995803833
2005-02-02,6.873201847076416,14.369999885559082
2005-02-03,6.892333507537842,14.40999984741211
2005-02-04,6.959299087524414,14.550000190734863
2005-02-07,6.944949626922607,14.520000457763672
2005-02-08,6.985604286193848,14.604999542236328
2005-02-09,6.944949626922607,14.520000457763672
2005-02-10,6.9521260261535645,14.53499984741211
2005-02-11,6.956908226013184,14.545000076293945
2005-02-14,7.01908540725708,14.675000190734863
2005-02-15,7.00712776184082,14.649999618530273
2005-02-16,7.026257514953613,14.6899995803833
2005-02-17,7.011910915374756,14.65999984741211
2005-02-18,6.937775135040283,14.505000114440918
2005-02-22,6.772761344909668,14.15999984741211
2005-02-23,6.808631896972656,14.234999656677246
2005-02-24,6.861246585845947,14.345000267028809
2005-02-25,6.995167255401611,14.625
2005-02-28,6.947338581085205,14.524999618530273
2005-03-01,6.966472625732422,14.5649995803833
2005-03-02,6.959299087524414,14.550000190734863
2005-03-03,6.995167255401611,14.625
2005-03-04,7.105180263519287,14.854999542236328
2005-03-07,7.1554036140441895,14.960000038146973
2005-03-08,7.107574462890625,14.859999656677246
2005-03-09,6.98082160949707,14.595000267028809
2005-03-10,7.026257514953613,14.6899995803833
2005-03-11,6.995167255401611,14.625
2005-03-14,7.102790832519531,14.850000381469727
2005-03-15,7.071694850921631,14.78499984741211
2005-03-16,7.00712776184082,14.649999618530273
2005-03-17,7.047783374786377,14.734999656677246
2005-03-18,7.026581764221191,14.579999923706055
2005-03-21,7.024170875549316,14.574999809265137
2005-03-22,6.881997108459473,14.279999732971191
2005-03-23,6.848266124725342,14.210000038146973
2005-03-24,6.920552730560303,14.359999656677246
2005-03-28,6.9326043128967285,14.385000228881836
2005-03-29,6.845852851867676,14.204999923706055
2005-03-30,6.9566969871521,14.4350004196167
2005-03-31,7.024170875549316,14.574999809265137
2005-04-01,7.048263072967529,14.625
2005-04-04,7.067543029785156,14.664999961853027
2005-04-05,7.1085076332092285,14.75
2005-04-06,7.086821556091309,14.704999923706055
2005-04-07,7.151882171630859,14.84000015258789
2005-04-08,7.096460342407227,14.725000381469727
2005-04-11,7.166337490081787,14.869999885559082
2005-04-12,7.233809471130371,15.010000228881836
2005-04-13,7.183208465576172,14.904999732971191
2005-04-14,7.115737438201904,14.765000343322754
2005-04-15,6.990434646606445,14.505000114440918
2005-04-18,7.016937255859375,14.5600004196167
2005-04-19,7.115737438201904,14.765000343322754
2005-04-20,7.0530829429626465,14.635000228881836
2005-04-21,7.115737438201904,14.765000343322754
2005-04-22,7.161523342132568,14.859999656677246
2005-04-25,7.209713459014893,14.960000038146973
2005-04-26,7.1181488037109375,14.770000457763672
2005-04-27,7.171159267425537,14.880000114440918
2005-04-28,7.139833450317383,14.8149995803833
2005-04-29,7.241037845611572,15.024999618530273
2005-05-02,7.260319232940674,15.0649995803833
2005-05-03,7.224169731140137,14.989999771118164
2005-05-04,7.231401443481445,15.005000114440918
2005-05-05,7.202484130859375,14.944999694824219
2005-05-06,7.1856184005737305,14.90999984741211
2005-05-09,7.245859622955322,15.03499984741211
2005-05-10,7.192846775054932,14.925000190734863
2005-05-11,7.22658109664917,14.994999885559082
2005-05-12,7.144651412963867,14.824999809265137
2005-05-13,7.028987884521484,14.585000038146973
2005-05-16,7.074771881103516,14.680000305175781
2005-05-17,7.156703472137451,14.850000381469727
2005-05-18,7.159109592437744,14.854999542236328
2005-05-19,7.200076580047607,14.9399995803833
2005-05-20,7.197662830352783,14.9350004196167
2005-05-23,7.171159267425537,14.880000114440918
2005-05-24,7.171159267425537,14.880000114440918
2005-05-25,7.190436363220215,14.920000076293945
2005-05-26,7.209713459014893,14.960000038146973
2005-05-27,7.238633155822754,15.020000457763672
2005-05-31,7.236217975616455,15.015000343322754
2005-06-01,7.330193519592285,15.210000038146973
2005-06-02,7.320556640625,15.1899995803833
2005-06-03,7.344655990600586,15.239999771118164
2005-06-06,7.337424278259277,15.225000381469727
2005-06-07,7.35429573059082,15.260000228881836
2005-06-08,7.368751525878906,15.289999961853027
2005-06-09,7.375977516174316,15.305000305175781
2005-06-10,7.402486324310303,15.359999656677246
2005-06-13,7.433813571929932,15.425000190734863
2005-06-14,7.45308780670166,15.46500015258789
2005-06-15,7.4169440269470215,15.390000343322754
2005-06-16,7.404895782470703,15.364999771118164
2005-06-17,7.499400615692139,15.4350004196167
2005-06-20,7.513975620269775,15.46500015258789
2005-06-21,7.523690700531006,15.484999656677246
2005-06-22,7.591714382171631,15.625
2005-06-23,7.613574981689453,15.670000076293945
2005-06-24,7.560131549835205,15.5600004196167
2005-06-27,7.606288433074951,15.654999732971191
2005-06-28,7.681597709655762,15.8100004196167
2005-06-29,7.659735202789307,15.765000343322754
2005-06-30,7.66702127456665,15.779999732971191
2005-07-01,7.737472057342529,15.925000190734863
2005-07-05,7.752049922943115,15.954999923706055
2005-07-06,7.620865821838379,15.6850004196167
2005-07-07,7.681597709655762,15.8100004196167
2005-07-08,7.771483421325684,15.994999885559082
2005-07-11,7.81520938873291,16.084999084472656
2005-07-12,7.837076663970947,16.1299991607666
2005-07-13,7.858939170837402,16.174999237060547
2005-07-14,7.781205177307129,16.014999389648438
2005-07-15,7.778769016265869,16.010000228881836
2005-07-18,7.77391242980957,16.0
2005-07-19,7.781205177307129,16.014999389648438
2005-07-20,7.82250452041626,16.100000381469727
2005-07-21,7.681597709655762,15.8100004196167
2005-07-22,7.7253289222717285,15.899999618530273
2005-07-25,7.727757453918457,15.904999732971191
2005-07-26,7.754479885101318,15.960000038146973
2005-07-27,7.788488388061523,16.030000686645508
2005-07-28,7.837076663970947,16.1299991607666
2005-07-29,7.839504718780518,16.135000228881836
2005-08-01,7.737472057342529,15.925000190734863
2005-08-02,7.917247772216797,16.295000076293945
2005-08-03,7.9391093254089355,16.34000015258789
2005-08-04,7.888092041015625,16.235000610351562
2005-08-05,7.752049922943115,15.954999923706055
2005-08-08,7.594143390655518,15.630000114440918
2005-08-09,7.674311637878418,15.795000076293945
2005-08-10,7.671879291534424,15.789999961853027
2005-08-11,7.718039512634277,15.885000228881836
2005-08-12,7.710753917694092,15.869999885559082
2005-08-15,7.73990535736084,15.930000305175781
2005-08-16,7.618434906005859,15.680000305175781
2005-08-17,7.611146450042725,15.664999961853027
2005-08-18,7.640300273895264,15.725000381469727
2005-08-19,7.686457633972168,15.819999694824219
2005-08-22,7.737472057342529,15.925000190734863
2005-08-23,7.800635814666748,16.05500030517578
2005-08-24,7.764195442199707,15.979999542236328
2005-08-25,7.82250452041626,16.100000381469727
2005-08-26,7.810354709625244,16.075000762939453
2005-08-29,7.841934680938721,16.139999389648438
2005-08-30,7.829786777496338,16.114999771118164
2005-08-31,7.890521049499512,16.239999771118164
2005-09-01,8.014419555664062,16.4950008392334
2005-09-02,8.016845703125,16.5
2005-09-06,8.092158317565918,16.655000686645508
2005-09-07,8.097018241882324,16.665000915527344
2005-09-08,8.026565551757812,16.520000457763672
2005-09-09,8.121312141418457,16.71500015258789
2005-09-12,8.11402416229248,16.700000762939453
2005-09-13,8.043574333190918,16.55500030517578
2005-09-14,8.072724342346191,16.614999771118164
2005-09-15,8.148036003112793,16.770000457763672
2005-09-16,8.221710205078125,16.795000076293945
2005-09-19,8.19723129272461,16.7450008392334
2005-09-20,8.165411949157715,16.68000030517578
2005-09-21,8.02345085144043,16.389999389648438
2005-09-22,7.979389667510986,16.299999237060547
2005-09-23,7.998971462249756,16.34000015258789
2005-09-26,8.065054893493652,16.475000381469727
2005-09-27,8.067506790161133,16.479999542236328
2005-09-28,8.150725364685059,16.649999618530273
2005-09-29,8.231497764587402,16.815000534057617
2005-09-30,8.22415542602539,16.799999237060547
2005-10-03,8.317169189453125,16.989999771118164
2005-10-04,8.172754287719727,16.69499969482422
2005-10-05,7.93532657623291,16.209999084472656
2005-10-06,7.830080986022949,15.994999885559082
2005-10-07,7.898617744445801,16.135000228881836
2005-10-10,7.759099960327148,15.850000381469727
2005-10-11,7.776233673095703,15.885000228881836
2005-10-12,7.629374980926514,15.585000038146973
2005-10-13,7.467827320098877,15.255000114440918
2005-10-14,7.553494453430176,15.430000305175781
2005-10-17,7.636714935302734,15.600000381469727
2005-10-18,7.509438514709473,15.34000015258789
2005-10-19,7.529018402099609,15.380000114440918
2005-10-20,7.330758094787598,14.975000381469727
2005-10-21,7.4286627769470215,15.175000190734863
2005-10-24,7.619580268859863,15.5649995803833
2005-10-25,7.629374980926514,15.585000038146973
2005-10-26,7.536358833312988,15.395000457763672
2005-10-27,7.450692653656006,15.220000267028809
2005-10-28,7.600002288818359,15.524999618530273
2005-10-31,7.697912693023682,15.725000381469727
2005-11-01,7.546150207519531,15.414999961853027
2005-11-02,7.575524806976318,15.475000381469727
2005-11-03,7.570627689361572,15.46500015258789
2005-11-04,7.560836315155029,15.444999694824219
2005-11-07,7.54125452041626,15.404999732971191
2005-11-08,7.538811206817627,15.399999618530273
2005-11-09,7.60489559173584,15.53499984741211
2005-11-10,7.568180084228516,15.460000038146973
2005-11-11,7.49964714050293,15.319999694824219
2005-11-14,7.450692653656006,15.220000267028809
2005-11-15,7.465381622314453,15.25
2005-11-16,7.533915996551514,15.390000343322754
2005-11-17,7.6440582275390625,15.614999771118164
2005-11-18,7.629374980926514,15.585000038146973
2005-11-21,7.646507263183594,15.619999885559082
2005-11-22,7.646507263183594,15.619999885559082
2005-11-23,7.741962432861328,15.8149995803833
2005-11-25,7.771337032318115,15.875
2005-11-28,7.741962432861328,15.8149995803833
2005-11-29,7.761544704437256,15.854999542236328
2005-11-30,7.685669898986816,15.699999809265137
2005-12-01,7.715040683746338,15.760000228881836
2005-12-02,7.7272844314575195,15.78499984741211
2005-12-05,7.722382068634033,15.774999618530273
2005-12-06,7.700355052947998,15.729999542236328
2005-12-07,7.663639068603516,15.654999732971191
2005-12-08,7.744417667388916,15.819999694824219
2005-12-09,7.832528591156006,16.0
2005-12-12,7.759099960327148,15.850000381469727
2005-12-13,7.874142169952393,16.084999084472656
2005-12-14,7.962255954742432,16.264999389648438
2005-12-15,7.979389667510986,16.299999237060547
2005-12-16,7.978898048400879,16.155000686645508
2005-12-19,7.872705936431885,15.9399995803833
2005-12-20,7.885056495666504,15.96500015258789
2005-12-21,7.813438892364502,15.819999694824219
2005-12-22,7.8480119705200195,15.890000343322754
2005-12-23,7.862829208374023,15.920000076293945
2005-12-27,7.8480119705200195,15.890000343322754
2005-12-28,7.808503150939941,15.8100004196167
2005-12-29,7.79368257522583,15.779999732971191
2005-12-30,7.751702785491943,15.694999694824219
2006-01-03,7.90233850479126,16.0
2006-01-04,7.914690017700195,16.024999618530273
2006-01-05,7.862829208374023,15.920000076293945
2006-01-06,7.94679069519043,16.09000015258789
2006-01-09,7.897406101226807,15.989999771118164
2006-01-10,7.909749984741211,16.014999389648438
2006-01-11,7.897406101226807,15.989999771118164
2006-01-12,7.897406101226807,15.989999771118164
2006-01-13,7.9517340660095215,16.100000381469727
2006-01-17,8.035691261291504,16.270000457763672
2006-01-18,8.052980422973633,16.30500030517578
2006-01-19,8.124595642089844,16.450000762939453
2006-01-20,8.077672958374023,16.354999542236328
2006-01-23,8.065322875976562,16.329999923706055
2006-01-24,8.136945724487305,16.475000381469727
2006-01-25,8.025815963745117,16.25
2006-01-26,7.954202175140381,16.104999542236328
2006-01-27,7.9986491203308105,16.19499969482422
2006-01-30,7.9443254470825195,16.084999084472656
2006-01-31,7.9393815994262695,16.075000762939453
2006-02-01,7.961611270904541,16.1200008392334
2006-02-02,7.857891082763672,15.90999984741211
2006-02-03,7.818376541137695,15.829999923706055
2006-02-06,7.865298748016357,15.925000190734863
2006-02-07,7.818376541137695,15.829999923706055
2006-02-08,7.815911293029785,15.824999809265137
2006-02-09,7.843075275421143,15.880000114440918
2006-02-10,7.8480119705200195,15.890000343322754
2006-02-13,7.838134288787842,15.869999885559082
2006-02-14,7.830726623535156,15.854999542236328
2006-02-15,7.843075275421143,15.880000114440918
2006-02-16,7.904810428619385,16.0049991607666
2006-02-17,7.9764251708984375,16.149999618530273
2006-02-21,7.988777160644531,16.174999237060547
2006-02-22,8.018404960632324,16.235000610351562
2006-02-23,8.008527755737305,16.21500015258789
2006-02-24,8.033224105834961,16.264999389648438
2006-02-27,8.097430229187012,16.395000457763672
2006-02-28,8.043100357055664,16.28499984741211
2006-03-01,8.020877838134766,16.239999771118164
2006-03-02,8.015937805175781,16.229999542236328
2006-03-03,7.9764251708984375,16.149999618530273
2006-03-06,7.8480119705200195,15.890000343322754
2006-03-07,7.810971260070801,15.8149995803833
2006-03-08,7.803565979003906,15.800000190734863
2006-03-09,7.781341075897217,15.755000114440918
2006-03-10,7.830726623535156,15.854999542236328
2006-03-13,7.840602397918701,15.875
2006-03-14,7.924570083618164,16.045000076293945
2006-03-15,7.9764251708984375,16.149999618530273
2006-03-16,8.018404960632324,16.235000610351562
2006-03-17,7.999001979827881,16.075000762939453
2006-03-20,7.882063865661621,15.84000015258789
2006-03-21,7.822350025177002,15.720000267028809
2006-03-22,7.8596720695495605,15.795000076293945
2006-03-23,7.8497161865234375,15.774999618530273
2006-03-24,7.834787845611572,15.744999885559082
2006-03-27,7.782543659210205,15.640000343322754
2006-03-28,7.750197887420654,15.574999809265137
2006-03-29,7.797468662261963,15.670000076293945
2006-03-30,7.727804183959961,15.529999732971191
2006-03-31,7.670578956604004,15.414999961853027
2006-04-03,7.6805338859558105,15.4350004196167
2006-04-04,7.76263952255249,15.600000381469727
2006-04-05,7.837277889251709,15.75
2006-04-06,7.740245342254639,15.555000305175781
2006-04-07,7.630772590637207,15.335000038146973
2006-04-10,7.628286838531494,15.329999923706055
2006-04-11,7.54120397567749,15.154999732971191
2006-04-12,7.558619022369385,15.1899995803833
2006-04-13,7.523787021636963,15.119999885559082
2006-04-17,7.516323566436768,15.104999542236328
2006-04-18,7.660627841949463,15.395000457763672
2006-04-19,7.685512542724609,15.444999694824219
2006-04-20,7.740245342254639,15.555000305175781
2006-04-21,7.7750773429870605,15.625
2006-04-24,7.847230911254883,15.770000457763672
2006-04-25,7.735270977020264,15.545000076293945
2006-04-26,7.658144474029541,15.390000343322754
2006-04-27,7.7601494789123535,15.595000267028809
2006-04-28,7.792496681213379,15.65999984741211
2006-05-01,7.720344543457031,15.515000343322754
2006-05-02,7.844741344451904,15.765000343322754
2006-05-03,7.819863319396973,15.71500015258789
2006-05-04,7.829812526702881,15.734999656677246
2006-05-05,8.006465911865234,16.09000015258789
2006-05-08,7.944262981414795,15.96500015258789
2006-05-09,7.877084255218506,15.829999923706055
2006-05-10,7.939288139343262,15.954999923706055
2006-05-11,7.864645004272461,15.805000305175781
2006-05-12,7.777565002441406,15.630000114440918
2006-05-15,7.827327728271484,15.729999542236328
2006-05-16,7.792496681213379,15.65999984741211
2006-05-17,7.673067569732666,15.420000076293945
2006-05-18,7.670578956604004,15.414999961853027
2006-05-19,7.735270977020264,15.545000076293945
2006-05-22,7.79498291015625,15.664999961853027
2006-05-23,7.685512542724609,15.444999694824219
2006-05-24,7.712875843048096,15.5
2006-05-25,7.785030364990234,15.645000457763672
2006-05-26,7.869624137878418,15.8149995803833
2006-05-30,7.790005207061768,15.654999732971191
2006-05-31,7.919384002685547,15.914999961853027
2006-06-01,7.999001979827881,16.075000762939453
2006-06-02,8.096034049987793,16.270000457763672
2006-06-05,7.999001979827881,16.075000762939453
2006-06-06,8.013930320739746,16.104999542236328
2006-06-07,7.984073638916016,16.045000076293945
2006-06-08,8.011441230773926,16.100000381469727
2006-06-09,8.078619003295898,16.235000610351562
2006-06-12,8.096034049987793,16.270000457763672
2006-06-13,7.999001979827881,16.075000762939453
2006-06-14,7.939288139343262,15.954999923706055
2006-06-15,8.061203956604004,16.200000762939453
2006-06-16,8.055933952331543,16.05500030517578
2006-06-19,7.945546627044678,15.835000038146973
2006-06-20,7.965611457824707,15.875
2006-06-21,7.958085536956787,15.859999656677246
2006-06-22,7.930488586425781,15.805000305175781
2006-06-23,7.943031311035156,15.829999923706055
2006-06-26,7.975646495819092,15.895000457763672
2006-06-27,7.945546627044678,15.835000038146973
2006-06-28,7.96812105178833,15.880000114440918
2006-06-29,8.070984840393066,16.084999084472656
2006-06-30,8.101092338562012,16.145000457763672
2006-07-03,8.191407203674316,16.325000762939453
2006-07-05,8.13621711730957,16.21500015258789
2006-07-06,8.0935640335083,16.1299991607666
2006-07-07,8.156288146972656,16.2549991607666
2006-07-10,8.201444625854492,16.344999313354492
2006-07-11,8.264164924621582,16.469999313354492
2006-07-12,8.224024772644043,16.389999389648438
2006-07-13,8.193921089172363,16.329999923706055
2006-07-14,8.193921089172363,16.329999923706055
2006-07-17,8.216499328613281,16.375
2006-07-18,8.229045867919922,16.399999618530273
2006-07-19,8.354485511779785,16.649999618530273
2006-07-20,8.374554634094238,16.690000534057617
2006-07-21,8.394625663757324,16.729999542236328
2006-07-24,8.47240161895752,16.885000228881836
2006-07-25,8.507525444030762,16.954999923706055
2006-07-26,8.537632942199707,17.014999389648438
2006-07-27,8.469893455505371,16.8799991607666
2006-07-28,8.52759838104248,16.9950008392334
2006-07-31,8.48996639251709,16.920000076293945
2006-08-01,8.595335006713867,17.1299991607666
2006-08-02,8.587808609008789,17.114999771118164
2006-08-03,8.545161247253418,17.030000686645508
2006-08-04,8.547663688659668,17.03499984741211
2006-08-07,8.447312355041504,16.834999084472656
2006-08-08,8.52759838104248,16.9950008392334
2006-08-09,8.530108451843262,17.0
2006-08-10,8.517562866210938,16.975000381469727
2006-08-11,8.497491836547852,16.934999465942383
2006-08-14,8.555193901062012,17.049999237060547
2006-08-15,8.610391616821289,17.15999984741211
2006-08-16,8.530108451843262,17.0
2006-08-17,8.52007007598877,16.979999542236328
2006-08-18,8.615408897399902,17.170000076293945
2006-08-21,8.632967948913574,17.204999923706055
2006-08-22,8.663076400756836,17.264999389648438
2006-08-23,8.572752952575684,17.084999084472656
2006-08-24,8.607881546020508,17.155000686645508
2006-08-25,8.607881546020508,17.155000686645508
2006-08-28,8.673108100891113,17.28499984741211
2006-08-29,8.680636405944824,17.299999237060547
2006-08-30,8.635478973388672,17.209999084472656
2006-08-31,8.723289489746094,17.385000228881836
2006-09-01,8.730810165405273,17.399999618530273
2006-09-05,8.637986183166504,17.21500015258789
2006-09-06,8.605372428894043,17.149999618530273
2006-09-07,8.61791706085205,17.174999237060547
2006-09-08,8.61791706085205,17.174999237060547
2006-09-11,8.587808609008789,17.114999771118164
2006-09-12,8.542649269104004,17.024999618530273
2006-09-13,8.560213088989258,17.059999465942383
2006-09-14,8.5250883102417,16.989999771118164
2006-09-15,8.528121948242188,16.860000610351562
2006-09-18,8.502832412719727,16.809999465942383
2006-09-19,8.52053451538086,16.844999313354492
2006-09-20,8.507892608642578,16.81999969482422
2006-09-21,8.495244979858398,16.795000076293945
2006-09-22,8.485128402709961,16.774999618530273
2006-09-25,8.603995323181152,17.010000228881836
2006-09-26,8.591350555419922,16.985000610351562
2006-09-27,8.710219383239746,17.219999313354492
2006-09-28,8.68239974975586,17.165000915527344
2006-09-29,8.59641170501709,16.9950008392334
2006-10-02,8.659638404846191,17.1200008392334
2006-10-03,8.69504451751709,17.190000534057617
2006-10-04,8.730451583862305,17.260000228881836
2006-10-05,8.702630996704102,17.204999923706055
2006-10-06,8.654577255249023,17.110000610351562
2006-10-09,8.646992683410645,17.094999313354492
2006-10-10,8.710219383239746,17.219999313354492
2006-10-11,8.730451583862305,17.260000228881836
2006-10-12,8.727922439575195,17.2549991607666
2006-10-13,8.738036155700684,17.274999618530273
2006-10-16,8.78103256225586,17.360000610351562
2006-10-17,8.818967819213867,17.434999465942383
2006-10-18,8.915075302124023,17.625
2006-10-19,8.950484275817871,17.69499969482422
2006-10-20,9.006119728088379,17.80500030517578
2006-10-23,9.016240119934082,17.825000762939453
2006-10-24,9.023826599121094,17.84000015258789
2006-10-25,9.119932174682617,18.030000686645508
2006-10-26,9.079468727111816,17.950000762939453
2006-10-27,9.046589851379395,17.885000228881836
2006-10-30,9.041529655456543,17.875
2006-10-31,9.051647186279297,17.895000457763672
2006-11-01,9.107287406921387,18.0049991607666
2006-11-02,9.06429386138916,17.920000076293945
2006-11-03,8.998537063598633,17.790000915527344
2006-11-06,8.9580717086792,17.709999084472656
2006-11-07,8.927720069885254,17.649999618530273
2006-11-08,9.016240119934082,17.825000762939453
2006-11-09,9.013708114624023,17.81999969482422
2006-11-10,9.08199691772461,17.954999923706055
2006-11-13,9.079468727111816,17.950000762939453
2006-11-14,9.102229118347168,17.9950008392334
2006-11-15,9.071878433227539,17.934999465942383
2006-11-16,9.104759216308594,18.0
2006-11-17,9.114875793457031,18.020000457763672
2006-11-20,9.084524154663086,17.959999084472656
2006-11-21,9.099699020385742,17.989999771118164
2006-11-22,9.119932174682617,18.030000686645508
2006-11-24,9.155338287353516,18.100000381469727
2006-11-27,9.054174423217773,17.899999618530273
2006-11-28,9.119932174682617,18.030000686645508
2006-11-29,9.233742713928223,18.2549991607666
2006-11-30,9.291912078857422,18.3700008392334
2006-12-01,9.286855697631836,18.360000610351562
2006-12-04,9.36019515991211,18.5049991607666
2006-12-05,9.382960319519043,18.549999237060547
2006-12-06,9.337435722351074,18.459999084472656
2006-12-07,9.327316284179688,18.440000534057617
2006-12-08,9.299497604370117,18.385000228881836
2006-12-11,9.350082397460938,18.485000610351562
2006-12-12,9.385485649108887,18.55500030517578
2006-12-13,9.420896530151367,18.625
2006-12-14,9.436068534851074,18.655000686645508
2006-12-15,9.42739200592041,18.469999313354492
2006-12-18,9.361041069030762,18.34000015258789
2006-12-19,9.401874542236328,18.420000076293945
2006-12-20,9.371247291564941,18.360000610351562
2006-12-21,9.366145133972168,18.350000381469727
2006-12-22,9.332964897155762,18.28499984741211
2006-12-26,9.378901481628418,18.375
2006-12-27,9.429947853088379,18.475000381469727
2006-12-28,9.373797416687012,18.364999771118164
2006-12-29,9.371247291564941,18.360000610351562
2007-01-03,9.396764755249023,18.40999984741211
2007-01-04,9.38400650024414,18.385000228881836
2007-01-05,9.215571403503418,18.05500030517578
2007-01-08,9.210464477539062,18.045000076293945
2007-01-09,9.218123435974121,18.059999465942383
2007-01-10,9.220672607421875,18.065000534057617
2007-01-11,9.230879783630371,18.084999084472656
2007-01-12,9.154321670532227,17.934999465942383
2007-01-16,9.182393074035645,17.989999771118164
2007-01-17,9.202808380126953,18.030000686645508
2007-01-18,9.197704315185547,18.020000457763672
2007-01-19,9.200254440307617,18.024999618530273
2007-01-22,9.197704315185547,18.020000457763672
2007-01-23,9.251301765441895,18.125
2007-01-24,9.281923294067383,18.184999465942383
2007-01-25,9.274266242980957,18.170000076293945
2007-01-26,9.251301765441895,18.125
2007-01-29,9.281923294067383,18.184999465942383
2007-01-30,9.309999465942383,18.239999771118164
2007-01-31,9.338072776794434,18.295000076293945
2007-02-01,9.417184829711914,18.450000762939453
2007-02-02,9.468226432800293,18.549999237060547
2007-02-05,9.570310592651367,18.75
2007-02-06,9.621354103088379,18.850000381469727
2007-02-07,9.657076835632324,18.920000076293945
2007-02-08,9.674942970275879,18.954999923706055
2007-02-09,9.708124160766602,19.020000457763672
2007-02-12,9.672392845153809,18.950000762939453
2007-02-13,9.756614685058594,19.114999771118164
2007-02-14,9.825521469116211,19.25
2007-02-15,9.741299629211426,19.084999084472656
2007-02-16,9.759162902832031,19.1200008392334
2007-02-20,9.784682273864746,19.170000076293945
2007-02-21,9.743850708007812,19.09000015258789
2007-02-22,9.756614685058594,19.114999771118164
2007-02-23,9.868900299072266,19.334999084472656
2007-02-26,10.103692054748535,19.795000076293945
2007-02-27,9.736196517944336,19.075000762939453
2007-02-28,9.833173751831055,19.264999389648438
2007-03-01,9.863797187805176,19.325000762939453
2007-03-02,9.710677146911621,19.024999618530273
2007-03-05,9.588175773620605,18.78499984741211
2007-03-06,9.731090545654297,19.065000534057617
2007-03-07,9.710677146911621,19.024999618530273
2007-03-08,9.761711120605469,19.125
2007-03-09,9.7489595413208,19.100000381469727
2007-03-12,9.845937728881836,19.290000915527344
2007-03-13,9.713225364685059,19.030000686645508
2007-03-14,9.761711120605469,19.125
2007-03-15,9.886770248413086,19.3700008392334
2007-03-16,9.85289478302002,19.200000762939453
2007-03-19,9.924741744995117,19.34000015258789
2007-03-20,10.068429946899414,19.6200008392334
2007-03-21,10.186453819274902,19.850000381469727
2007-03-22,10.176193237304688,19.829999923706055
2007-03-23,10.224943161010742,19.924999237060547
2007-03-26,10.268569946289062,20.010000228881836
2007-03-27,10.253173828125,19.979999542236328
2007-03-28,10.232645988464355,19.940000534057617
2007-03-29,10.291656494140625,20.05500030517578
2007-03-30,10.186453819274902,19.850000381469727
2007-04-02,10.430215835571289,20.325000762939453
2007-04-03,10.44304370880127,20.350000381469727
2007-04-04,10.396857261657715,20.260000228881836
2007-04-05,10.44304370880127,20.350000381469727
2007-04-09,10.520020484924316,20.5
2007-04-10,10.522587776184082,20.5049991607666
2007-04-11,10.496928215026855,20.454999923706055
2007-04-12,10.450738906860352,20.364999771118164
2007-04-13,10.448179244995117,20.360000610351562
2007-04-16,10.509758949279785,20.479999542236328
2007-04-17,10.558515548706055,20.575000762939453
2007-04-18,10.635482788085938,20.725000381469727
2007-04-19,10.584172248840332,20.625
2007-04-20,10.666275024414062,20.78499984741211
2007-04-23,10.745818138122559,20.940000534057617
2007-04-24,10.822794914245605,21.09000015258789
2007-04-25,10.8535795211792,21.149999618530273
2007-04-26,10.81766414642334,21.079999923706055
2007-04-27,10.727855682373047,20.905000686645508
2007-04-30,10.686796188354492,20.825000762939453
2007-05-01,10.7740478515625,20.9950008392334
2007-05-02,10.833057403564453,21.110000610351562
2007-05-03,10.820225715637207,21.084999084472656
2007-05-04,10.799698829650879,21.045000076293945
2007-05-07,10.92799186706543,21.295000076293945
2007-05-08,10.879240036010742,21.200000762939453
2007-05-09,10.88693618774414,21.21500015258789
2007-05-10,10.776606559753418,21.0
2007-05-11,10.827922821044922,21.100000381469727
2007-05-14,10.871546745300293,21.184999465942383
2007-05-15,10.930557250976562,21.299999237060547
2007-05-16,10.956220626831055,21.350000381469727
2007-05-17,10.930557250976562,21.299999237060547
2007-05-18,10.989575386047363,21.415000915527344
2007-05-21,10.974178314208984,21.385000228881836
2007-05-22,10.953653335571289,21.344999313354492
2007-05-23,10.781742095947266,21.010000228881836
2007-05-24,10.540550231933594,20.540000915527344
2007-05-25,10.545677185058594,20.549999237060547
2007-05-29,10.576471328735352,20.610000610351562
2007-05-30,10.707329750061035,20.864999771118164
2007-05-31,10.735551834106445,20.920000076293945
2007-06-01,10.676541328430176,20.80500030517578
2007-06-04,10.635482788085938,20.725000381469727
2007-06-05,10.494363784790039,20.450000762939453
2007-06-06,10.327584266662598,20.125
2007-06-07,10.00684928894043,19.5
2007-06-08,10.078693389892578,19.639999389648438
2007-06-11,10.212118148803711,19.899999618530273
2007-06-12,10.04533576965332,19.575000762939453
2007-06-13,10.245474815368652,19.96500015258789
2007-06-14,10.309619903564453,20.09000015258789
2007-06-15,10.448107719421387,20.219999313354492
2007-06-18,10.33442497253418,20.0
2007-06-19,10.401591300964355,20.1299991607666
2007-06-20,10.130317687988281,19.604999542236328
2007-06-21,10.194908142089844,19.729999542236328
2007-06-22,10.001139640808105,19.354999542236328
2007-06-25,10.055392265319824,19.459999084472656
2007-06-26,10.001139640808105,19.354999542236328
2007-06-27,10.148406028747559,19.639999389648438
2007-06-28,10.145817756652832,19.635000228881836
2007-06-29,10.225914001464844,19.790000915527344
2007-07-02,10.373177528381348,20.075000762939453
2007-07-03,10.373177528381348,20.075000762939453
2007-07-05,10.352511405944824,20.03499984741211
2007-07-06,10.29825496673584,19.93000030517578
2007-07-09,10.313756942749023,19.959999084472656
2007-07-10,10.218162536621094,19.774999618530273
2007-07-11,10.243998527526855,19.825000762939453
2007-07-12,10.373177528381348,20.075000762939453
2007-07-13,10.52819538116455,20.375
2007-07-16,10.375761985778809,20.079999923706055
2007-07-17,10.38609504699707,20.100000381469727
2007-07-18,10.463603973388672,20.25
2007-07-19,10.631540298461914,20.575000762939453
2007-07-20,10.515275955200195,20.350000381469727
2007-07-23,10.525611877441406,20.3700008392334
2007-07-24,10.210411071777344,19.760000228881836
2007-07-25,10.231080055236816,19.799999237060547
2007-07-26,9.99855899810791,19.350000381469727
2007-07-27,9.701437950134277,18.774999618530273
2007-07-30,9.835790634155273,19.03499984741211
2007-07-31,9.817704200744629,19.0
2007-08-01,10.039896011352539,19.43000030517578
2007-08-02,10.148406028747559,19.639999389648438
2007-08-03,9.804788589477539,18.975000381469727
2007-08-06,10.112231254577637,19.56999969482422
2007-08-07,10.295665740966797,19.924999237060547
2007-08-08,10.445516586303711,20.21500015258789
2007-08-09,10.256914138793945,19.850000381469727
2007-08-10,10.07864761352539,19.5049991607666
2007-08-13,10.130317687988281,19.604999542236328
2007-08-14,9.959803581237793,19.274999618530273
2007-08-15,9.82544994354248,19.014999389648438
2007-08-16,9.8952054977417,19.149999618530273
2007-08-17,9.980469703674316,19.315000534057617
2007-08-20,10.0347261428833,19.420000076293945
2007-08-21,10.02438735961914,19.399999618530273
2007-08-22,10.140655517578125,19.625
2007-08-23,10.171658515930176,19.684999465942383
2007-08-24,10.233663558959961,19.80500030517578
2007-08-27,9.97271728515625,19.299999237060547
2007-08-28,9.817704200744629,19.0
2007-08-29,10.01147747039795,19.375
2007-08-30,9.993387222290039,19.34000015258789
2007-08-31,9.97271728515625,19.299999237060547
2007-09-04,10.16649341583252,19.674999237060547
2007-09-05,10.140655517578125,19.625
2007-09-06,10.153572082519531,19.649999618530273
2007-09-07,10.07864761352539,19.5049991607666
2007-09-10,10.086397171020508,19.520000457763672
2007-09-11,10.153572082519531,19.649999618530273
2007-09-12,10.238831520080566,19.815000534057617
2007-09-13,10.259498596191406,19.854999542236328
2007-09-14,10.256914138793945,19.850000381469727
2007-09-17,10.264664649963379,19.864999771118164
2007-09-18,10.502357482910156,20.325000762939453
2007-09-19,10.618618965148926,20.549999237060547
2007-09-20,10.473934173583984,20.270000457763672
2007-09-21,10.490589141845703,20.15999984741211
2007-09-24,10.529617309570312,20.235000610351562
2007-09-25,10.542624473571777,20.260000228881836
2007-09-26,10.594667434692383,20.360000610351562
2007-09-27,10.519207000732422,20.21500015258789
2007-09-28,10.35529613494873,19.899999618530273
2007-10-01,10.495789527893066,20.170000076293945
2007-10-02,10.534819602966309,20.2450008392334
2007-10-03,10.501001358032227,20.18000030517578
2007-10-04,10.558241844177246,20.290000915527344
2007-10-05,10.641499519348145,20.450000762939453
2007-10-08,10.625884056091309,20.420000076293945
2007-10-09,10.742966651916504,20.645000457763672
2007-10-10,10.662309646606445,20.489999771118164
2007-10-11,10.771591186523438,20.700000762939453
2007-10-12,10.742966651916504,20.645000457763672
2007-10-15,10.664909362792969,20.4950008392334
2007-10-16,10.638900756835938,20.44499969482422
2007-10-17,10.667512893676758,20.5
2007-10-18,10.57384967803955,20.31999969482422
2007-10-19,10.339682579040527,19.8700008392334
2007-10-22,10.412540435791016,20.010000228881836
2007-10-23,10.41773796081543,20.020000457763672
2007-10-24,10.407334327697754,20.0
2007-10-25,10.662309646606445,20.489999771118164
2007-10-26,10.808013916015625,20.770000457763672
2007-10-29,10.90428352355957,20.954999923706055
2007-10-30,10.9172945022583,20.979999542236328
2007-10-31,11.044776916503906,21.225000381469727
2007-11-01,10.818421363830566,20.790000915527344
2007-11-02,10.906879425048828,20.959999084472656
2007-11-05,11.026568412780762,21.190000534057617
2007-11-06,11.036975860595703,21.209999084472656
2007-11-07,10.78459644317627,20.725000381469727
2007-11-08,10.995344161987305,21.1299991607666
2007-11-09,10.909486770629883,20.96500015258789
2007-11-12,10.719549179077148,20.600000381469727
2007-11-13,10.810615539550781,20.774999618530273
2007-11-14,10.745564460754395,20.649999618530273
2007-11-15,10.841837882995605,20.834999084472656
2007-11-16,10.844438552856445,20.84000015258789
2007-11-19,10.875659942626953,20.899999618530273
2007-11-20,11.008360862731934,21.155000686645508
2007-11-21,10.9172945022583,20.979999542236328
2007-11-23,10.906879425048828,20.959999084472656
2007-11-26,10.888670921325684,20.924999237060547
2007-11-27,10.930298805236816,21.0049991607666
2007-11-28,11.120230674743652,21.3700008392334
2007-11-29,11.044776916503906,21.225000381469727
2007-11-30,11.117630958557129,21.364999771118164
2007-12-03,11.226911544799805,21.575000762939453
2007-12-04,11.307567596435547,21.729999542236328
2007-12-05,11.502705574035645,22.104999542236328
2007-12-06,11.435054779052734,21.975000381469727
2007-12-07,11.49489974975586,22.09000015258789
2007-12-10,11.5469388961792,22.190000534057617
2007-12-11,11.278945922851562,21.674999237060547
2007-12-12,11.281546592712402,21.68000030517578
2007-12-13,11.448063850402832,22.0
2007-12-14,11.234710693359375,21.59000015258789
2007-12-17,11.130640029907227,21.389999389648438
2007-12-18,11.229507446289062,21.579999923706055
2007-12-19,11.200889587402344,21.524999618530273
2007-12-20,11.250327110290527,21.6200008392334
2007-12-21,11.27313232421875,21.5
2007-12-24,11.3281888961792,21.604999542236328
2007-12-26,11.270512580871582,21.4950008392334
2007-12-27,11.170886993408203,21.30500030517578
2007-12-28,11.25216007232666,21.459999084472656
2007-12-31,11.09748649597168,21.165000915527344
2008-01-02,11.034562110900879,21.045000076293945
2008-01-03,11.018830299377441,21.014999389648438
2008-01-04,11.102725982666016,21.174999237060547
2008-01-07,11.333429336547852,21.614999771118164
2008-01-08,11.336051940917969,21.6200008392334
2008-01-09,11.459269523620605,21.854999542236328
2008-01-10,11.388484954833984,21.719999313354492
2008-01-11,11.3858642578125,21.71500015258789
2008-01-14,11.401599884033203,21.7450008392334
2008-01-15,11.28099536895752,21.514999389648438
2008-01-16,11.079130172729492,21.1299991607666
2008-01-17,10.651803970336914,20.315000534057617
2008-01-18,10.494502067565918,20.014999389648438
2008-01-22,10.13271427154541,19.325000762939453
2008-01-23,10.40274429321289,19.84000015258789
2008-01-24,10.119603157043457,19.299999237060547
2008-01-25,10.009498596191406,19.09000015258789
2008-01-28,10.16679573059082,19.389999389648438
2008-01-29,10.200871467590332,19.454999923706055
2008-01-30,10.148441314697266,19.354999542236328
2008-01-31,10.282145500183105,19.610000610351562
2008-02-01,10.54955768585205,20.1200008392334
2008-02-04,10.701611518859863,20.40999984741211
2008-02-05,10.379151344299316,19.795000076293945
2008-02-06,10.360797882080078,19.760000228881836
2008-02-07,10.305741310119629,19.655000686645508
2008-02-08,10.224469184875488,19.5
2008-02-11,10.30836296081543,19.65999984741211
2008-02-12,10.484013557434082,19.9950008392334
2008-02-13,10.434203147888184,19.899999618530273
2008-02-14,10.303118705749512,19.649999618530273
2008-02-15,10.447310447692871,19.924999237060547
2008-02-19,10.363417625427246,19.764999389648438
2008-02-20,10.384392738342285,19.80500030517578
2008-02-21,10.156307220458984,19.3700008392334
2008-02-22,10.334582328796387,19.709999084472656
2008-02-25,10.34506607055664,19.729999542236328
2008-02-26,10.478771209716797,19.985000610351562
2008-02-27,10.227089881896973,19.5049991607666
2008-02-28,10.158926010131836,19.375
2008-02-29,9.86005973815918,18.80500030517578
2008-03-03,10.009498596191406,19.09000015258789
2008-03-04,10.182523727416992,19.420000076293945
2008-03-05,10.15368366241455,19.364999771118164
2008-03-06,9.946578025817871,18.969999313354492
2008-03-07,9.88365650177002,18.850000381469727
2008-03-10,9.8705472946167,18.825000762939453
2008-03-11,10.04095458984375,19.149999618530273
2008-03-12,10.04095458984375,19.149999618530273
2008-03-13,10.009498596191406,19.09000015258789
2008-03-14,9.936088562011719,18.950000762939453
2008-03-17,9.941333770751953,18.959999084472656
2008-03-18,10.116983413696289,19.295000076293945
2008-03-19,9.91773796081543,18.915000915527344
2008-03-20,9.888955116271973,18.725000381469727
2008-03-24,9.920639991760254,18.78499984741211
2008-03-25,9.891590118408203,18.729999542236328
2008-03-26,9.928563117980957,18.799999237060547
2008-03-27,10.028903007507324,18.989999771118164
2008-03-28,9.936481475830078,18.815000534057617
2008-03-31,10.018341064453125,18.969999313354492
2008-04-01,10.277112007141113,19.459999084472656
2008-04-02,10.409148216247559,19.709999084472656
2008-04-03,10.353693962097168,19.604999542236328
2008-04-04,10.34312915802002,19.584999084472656
2008-04-07,10.388023376464844,19.670000076293945
2008-04-08,10.45667839050293,19.799999237060547
2008-04-09,10.43027114868164,19.75
2008-04-10,10.35633659362793,19.610000610351562
2008-04-11,10.369538307189941,19.635000228881836
2008-04-14,10.353693962097168,19.604999542236328
2008-04-15,10.467238426208496,19.81999969482422
2008-04-16,10.686408996582031,20.235000610351562
2008-04-17,10.70753002166748,20.274999618530273
2008-04-18,10.741859436035156,20.34000015258789
2008-04-21,10.644159317016602,20.155000686645508
2008-04-22,10.612473487854004,20.094999313354492
2008-04-23,10.62831974029541,20.125
2008-04-24,10.617751121520996,20.104999542236328
2008-04-25,10.652079582214355,20.170000076293945
2008-04-28,10.549098014831543,19.975000381469727
2008-04-29,10.59926986694336,20.06999969482422
2008-04-30,10.530613899230957,19.940000534057617
2008-05-01,10.654722213745117,20.174999237060547
2008-05-02,10.831640243530273,20.510000228881836
2008-05-05,10.6758451461792,20.21500015258789
2008-05-06,10.67320728302002,20.209999084472656
2008-05-07,10.512126922607422,19.905000686645508
2008-05-08,10.538537979125977,19.954999923706055
2008-05-09,10.572864532470703,20.020000457763672
2008-05-12,10.6758451461792,20.21500015258789
2008-05-13,10.660001754760742,20.184999465942383
2008-05-14,10.69961166381836,20.260000228881836
2008-05-15,10.689044952392578,20.239999771118164
2008-05-16,10.76826286315918,20.389999389648438
2008-05-19,10.889729499816895,20.6200008392334
2008-05-20,10.963668823242188,20.760000228881836
2008-05-21,10.908218383789062,20.655000686645508
2008-05-22,10.971589088439941,20.774999618530273
2008-05-23,10.802593231201172,20.454999923706055
2008-05-27,10.85804557800293,20.559999465942383
2008-05-28,10.865970611572266,20.575000762939453
2008-05-29,10.98215103149414,20.795000076293945
2008-05-30,10.908218383789062,20.655000686645508
2008-06-02,10.829001426696777,20.5049991607666
2008-06-03,10.73393726348877,20.325000762939453
2008-06-04,10.863326072692871,20.56999969482422
2008-06-05,10.992717742919922,20.815000534057617
2008-06-06,10.7048921585083,20.270000457763672
2008-06-09,10.871245384216309,20.584999084472656
2008-06-10,10.860687255859375,20.565000534057617
2008-06-11,10.85012435913086,20.545000076293945
2008-06-12,10.805232048034668,20.459999084472656
2008-06-13,10.90292739868164,20.645000457763672
2008-06-16,10.913501739501953,20.665000915527344
2008-06-17,10.974228858947754,20.780000686645508
2008-06-18,10.93198013305664,20.700000762939453
2008-06-19,10.945181846618652,20.725000381469727
2008-06-20,10.818829536437988,20.334999084472656
2008-06-23,10.949176788330078,20.579999923706055
2008-06-24,10.858726501464844,20.40999984741211
2008-06-25,10.986411094665527,20.649999618530273
2008-06-26,10.659219741821289,20.03499984741211
2008-06-27,10.56877326965332,19.864999771118164
2008-06-30,10.826807022094727,20.350000381469727
2008-07-01,10.882672309875488,20.454999923706055
2008-07-02,10.85340690612793,20.399999618530273
2008-07-03,10.741682052612305,20.190000534057617
2008-07-07,10.635278701782227,19.989999771118164
2008-07-08,10.691143035888672,20.094999313354492
2008-07-09,10.818829536437988,20.334999084472656
2008-07-10,10.84543228149414,20.385000228881836
2008-07-11,10.762959480285645,20.229999542236328
2008-07-14,10.688480377197266,20.09000015258789
2008-07-15,10.613994598388672,19.950000762939453
2008-07-16,10.403840065002441,19.55500030517578
2008-07-17,10.23891544342041,19.2450008392334
2008-07-18,10.249550819396973,19.264999389648438
2008-07-21,10.43044376373291,19.604999542236328
2008-07-22,10.395865440368652,19.540000915527344
2008-07-23,10.14315128326416,19.065000534057617
2008-07-24,10.12718677520752,19.03499984741211
2008-07-25,10.004820823669434,18.80500030517578
2008-07-28,10.028763771057129,18.850000381469727
2008-07-29,10.042061805725098,18.875
2008-07-30,10.23891544342041,19.2450008392334
2008-07-31,10.129851341247559,19.040000915527344
2008-08-01,9.839897155761719,18.4950008392334
2008-08-04,9.733488082885742,18.295000076293945
2008-08-05,9.8132963180542,18.44499969482422
2008-08-06,9.866495132446289,18.545000076293945
2008-08-07,9.858512878417969,18.530000686645508
2008-08-08,9.887773513793945,18.584999084472656
2008-08-11,9.996843338012695,18.790000915527344
2008-08-12,9.879794120788574,18.56999969482422
2008-08-13,9.879794120788574,18.56999969482422
2008-08-14,9.794668197631836,18.40999984741211
2008-08-15,9.829252243041992,18.475000381469727
2008-08-18,9.84255313873291,18.5
2008-08-19,9.895751953125,18.600000381469727
2008-08-20,9.932995796203613,18.670000076293945
2008-08-21,10.028763771057129,18.850000381469727
2008-08-22,10.068665504455566,18.924999237060547
2008-08-25,9.962261199951172,18.725000381469727
2008-08-26,10.071324348449707,18.93000030517578
2008-08-27,10.14315128326416,19.065000534057617
2008-08-28,10.15910816192627,19.094999313354492
2008-08-29,10.01811695098877,18.829999923706055
2008-09-02,9.895751953125,18.600000381469727
2008-09-03,9.738804817199707,18.30500030517578
2008-09-04,9.616438865661621,18.075000762939453
2008-09-05,9.414271354675293,17.69499969482422
2008-09-08,9.651023864746094,18.139999389648438
2008-09-09,9.34776782989502,17.56999969482422
2008-09-10,9.45151138305664,17.764999389648438
2008-09-11,9.525995254516602,17.905000686645508
2008-09-12,9.7042236328125,18.239999771118164
2008-09-15,9.366388320922852,17.604999542236328
2008-09-16,9.225399017333984,17.34000015258789
2008-09-17,8.778493881225586,16.5
2008-09-18,9.100369453430176,17.104999542236328
2008-09-19,9.39289379119873,17.5
2008-09-22,9.15941333770752,17.065000534057617
2008-09-23,9.001075744628906,16.770000457763672
2008-09-24,9.084268569946289,16.924999237060547
2008-09-25,9.264074325561523,17.260000228881836
2008-09-26,9.26675796508789,17.264999389648438
2008-09-29,8.781015396118164,16.360000610351562
2008-09-30,8.91788101196289,16.614999771118164
2008-10-01,8.880311012268066,16.545000076293945
2008-10-02,8.751490592956543,16.30500030517578
2008-10-03,8.61999225616455,16.059999465942383
2008-10-06,8.198652267456055,15.274999618530273
2008-10-07,7.863192081451416,14.649999618530273
2008-10-08,7.726324558258057,14.395000457763672
2008-10-09,7.20569372177124,13.425000190734863
2008-10-10,6.913169860839844,12.880000114440918
2008-10-13,7.747793674468994,14.4350004196167
2008-10-14,7.683385372161865,14.3149995803833
2008-10-15,7.111761569976807,13.25
2008-10-16,7.318405628204346,13.635000228881836
2008-10-17,7.3559770584106445,13.704999923706055
2008-10-20,7.975909233093262,14.859999656677246
2008-10-21,7.723640441894531,14.390000343322754
2008-10-22,7.396232604980469,13.779999732971191
2008-10-23,7.573352813720703,14.109999656677246
2008-10-24,7.372079849243164,13.734999656677246
2008-10-27,7.084923267364502,13.199999809265137
2008-10-28,7.798782825469971,14.529999732971191
2008-10-29,7.549201011657715,14.0649995803833
2008-10-30,7.970541000366211,14.850000381469727
2008-10-31,7.758529186248779,14.454999923706055
2008-11-03,7.8390421867370605,14.604999542236328
2008-11-04,7.9866437911987305,14.880000114440918
2008-11-05,7.8390421867370605,14.604999542236328
2008-11-06,7.471375465393066,13.920000076293945
2008-11-07,7.798782825469971,14.529999732971191
2008-11-10,7.610926628112793,14.180000305175781
2008-11-11,7.610926628112793,14.180000305175781
2008-11-12,7.358658313751221,13.710000038146973
2008-11-13,7.916863441467285,14.75
2008-11-14,7.729007244110107,14.399999618530273
2008-11-17,7.7155890464782715,14.375
2008-11-18,7.632397174835205,14.220000267028809
2008-11-19,7.468691825866699,13.914999961853027
2008-11-20,7.033936977386475,13.104999542236328
2008-11-21,7.737061023712158,14.414999961853027
2008-11-24,7.81488561630249,14.5600004196167
2008-11-25,7.970541000366211,14.850000381469727
2008-11-26,7.943704128265381,14.800000190734863
2008-11-28,8.083256721496582,15.0600004196167
2008-12-01,7.546514987945557,14.0600004196167
2008-12-02,7.742427825927734,14.425000190734863
2008-12-03,7.876611232757568,14.675000190734863
2008-12-04,7.592141151428223,14.145000457763672
2008-12-05,7.640449047088623,14.234999656677246
2008-12-08,7.763897895812988,14.46500015258789
2008-12-09,7.65386438369751,14.260000228881836
2008-12-10,7.769263744354248,14.475000381469727
2008-12-11,7.7075395584106445,14.359999656677246
2008-12-12,7.7558465003967285,14.449999809265137
2008-12-15,7.635078430175781,14.225000381469727
2008-12-16,7.895394802093506,14.710000038146973
2008-12-17,7.656548976898193,14.265000343322754
2008-12-18,7.720956802368164,14.385000228881836
2008-12-19,7.76688289642334,14.289999961853027
2008-12-22,7.663614273071289,14.100000381469727
2008-12-23,7.576653957366943,13.9399995803833
2008-12-24,7.61469841003418,14.010000228881836
2008-12-26,7.63100528717041,14.039999961853027
2008-12-29,7.647310256958008,14.069999694824219
2008-12-30,7.764163970947266,14.28499984741211
2008-12-31,7.889178276062012,14.515000343322754
2009-01-02,8.073973655700684,14.854999542236328
2009-01-05,8.188109397888184,15.0649995803833
2009-01-06,8.071257591247559,14.850000381469727
2009-01-07,8.006034851074219,14.729999542236328
2009-01-08,7.965267658233643,14.654999732971191
2009-01-09,7.902764797210693,14.539999961853027
2009-01-12,7.905483722686768,14.545000076293945
2009-01-13,7.7560133934021,14.270000457763672
2009-01-14,7.660900592803955,14.095000267028809
2009-01-15,7.701664924621582,14.170000076293945
2009-01-16,7.853849411010742,14.449999809265137
2009-01-20,7.7179694175720215,14.199999809265137
2009-01-21,7.804930686950684,14.359999656677246
2009-01-22,7.802211761474609,14.354999542236328
2009-01-23,7.818515777587891,14.385000228881836
2009-01-26,8.006034851074219,14.729999542236328
2009-01-27,8.044076919555664,14.800000190734863
2009-01-28,8.095711708068848,14.895000457763672
2009-01-29,8.035926818847656,14.78499984741211
2009-01-30,7.875588417053223,14.489999771118164
2009-02-02,7.919071197509766,14.569999694824219
2009-02-03,7.954400539398193,14.635000228881836
2009-02-04,8.014187812805176,14.744999885559082
2009-02-05,8.071257591247559,14.850000381469727
2009-02-06,8.122889518737793,14.944999694824219
2009-02-09,8.076689720153809,14.859999656677246
2009-02-10,7.848415374755859,14.4399995803833
2009-02-11,7.823956489562988,14.395000457763672
2009-02-12,7.7560133934021,14.270000457763672
2009-02-13,7.709812641143799,14.1850004196167
2009-02-17,7.375552177429199,13.569999694824219
2009-02-18,7.264132499694824,13.364999771118164
2009-02-19,7.296741485595703,13.425000190734863
2009-02-20,7.13096809387207,13.119999885559082
2009-02-23,6.95975923538208,12.805000305175781
2009-02-24,7.160859107971191,13.175000190734863
2009-02-25,7.114660739898682,13.09000015258789
2009-02-26,6.997805118560791,12.875
2009-02-27,6.889102458953857,12.675000190734863
2009-03-02,6.671693801879883,12.274999618530273
2009-03-03,6.4325480461120605,11.835000038146973
2009-03-04,6.492332458496094,11.944999694824219
2009-03-05,6.3075385093688965,11.604999542236328
2009-03-06,6.299383163452148,11.59000015258789
2009-03-09,6.179811954498291,11.369999885559082
2009-03-10,6.261338710784912,11.520000457763672
2009-03-11,6.250469207763672,11.5
2009-03-12,6.33199405670166,11.649999618530273
2009-03-13,6.418959617614746,11.8100004196167
2009-03-16,6.592885494232178,12.130000114440918
2009-03-17,6.696152210235596,12.319999694824219
2009-03-18,6.91356086730957,12.720000267028809
2009-03-19,7.0141119956970215,12.904999732971191
2009-03-20,6.965204238891602,12.675000190734863
2009-03-23,7.234469890594482,13.164999961853027
2009-03-24,7.077854633331299,12.880000114440918
2009-03-25,7.075108051300049,12.875
2009-03-26,7.160286903381348,13.029999732971191
2009-03-27,7.088845729827881,12.899999618530273
2009-03-30,6.948718070983887,12.645000457763672
2009-03-31,7.020156383514404,12.774999618530273
2009-04-01,7.047630786895752,12.824999809265137
2009-04-02,7.138304233551025,12.989999771118164
2009-04-03,7.1850104331970215,13.074999809265137
2009-04-06,7.124564170837402,12.96500015258789
2009-04-07,7.091594696044922,12.904999732971191
2009-04-08,7.160286903381348,13.029999732971191
2009-04-09,7.163032531738281,13.03499984741211
2009-04-13,7.069614410400391,12.864999771118164
2009-04-14,6.978941917419434,12.699999809265137
2009-04-15,7.044882297515869,12.819999694824219
2009-04-16,7.094340801239014,12.90999984741211
2009-04-17,7.083350658416748,12.890000343322754
2009-04-20,7.003669738769531,12.744999885559082
2009-04-21,7.028397560119629,12.789999961853027
2009-04-22,6.954213619232178,12.654999732971191
2009-04-23,6.978941917419434,12.699999809265137
2009-04-24,6.967953205108643,12.680000305175781
2009-04-27,7.017409324645996,12.770000457763672
2009-04-28,7.044882297515869,12.819999694824219
2009-04-29,7.097089767456055,12.914999961853027
2009-04-30,7.102583885192871,12.925000190734863
2009-05-01,7.289420127868652,13.265000343322754
2009-05-04,7.399326324462891,13.46500015258789
2009-05-05,7.385593414306641,13.4399995803833
2009-05-06,7.34162712097168,13.359999656677246
2009-05-07,7.380094528198242,13.430000305175781
2009-05-08,7.487249374389648,13.625
2009-05-11,7.454277515411377,13.5649995803833
2009-05-12,7.506485462188721,13.65999984741211
2009-05-13,7.305910110473633,13.295000076293945
2009-05-14,7.300413608551025,13.28499984741211
2009-05-15,7.127316951751709,12.970000267028809
2009-05-18,7.127316951751709,12.970000267028809
2009-05-19,7.256452560424805,13.204999923706055
2009-05-20,7.124564170837402,12.96500015258789
2009-05-21,7.0393900871276855,12.8100004196167
2009-05-22,7.097089767456055,12.914999961853027
2009-05-26,7.303159713745117,13.289999961853027
2009-05-27,7.154788494110107,13.020000457763672
2009-05-28,7.303159713745117,13.289999961853027
2009-05-29,7.355363845825195,13.385000228881836
2009-06-01,7.5916595458984375,13.8149995803833
2009-06-02,7.500988483428955,13.649999618530273
2009-06-03,7.374598026275635,13.420000076293945
2009-06-04,7.443289279937744,13.545000076293945
2009-06-05,7.451533317565918,13.5600004196167
2009-06-08,7.404820442199707,13.475000381469727
2009-06-09,7.385593414306641,13.4399995803833
2009-06-10,7.500988483428955,13.649999618530273
2009-06-11,7.646613121032715,13.914999961853027
2009-06-12,7.742779731750488,14.09000015258789
2009-06-15,7.586166858673096,13.805000305175781
2009-06-16,7.53395938873291,13.710000038146973
2009-06-17,7.555941581726074,13.75
2009-06-18,7.726291179656982,14.0600004196167
2009-06-19,7.633754253387451,13.734999656677246
2009-06-22,7.611523628234863,13.694999694824219
2009-06-23,7.544828414916992,13.574999809265137
2009-06-24,7.608745574951172,13.6899995803833
2009-06-25,7.736573696136475,13.920000076293945
2009-06-26,7.708786487579346,13.869999885559082
2009-06-29,7.808831214904785,14.050000190734863
2009-06-30,7.7504706382751465,13.944999694824219
2009-07-01,7.8505096435546875,14.125
2009-07-02,7.625417709350586,13.720000267028809
2009-07-06,7.669877529144287,13.800000190734863
2009-07-07,7.5170369148254395,13.524999618530273
2009-07-08,7.483692646026611,13.46500015258789
2009-07-09,7.486470699310303,13.470000267028809
2009-07-10,7.4781341552734375,13.454999923706055
2009-07-13,7.608745574951172,13.6899995803833
2009-07-14,7.667104244232178,13.795000076293945
2009-07-15,7.819945812225342,14.069999694824219
2009-07-16,7.822724342346191,14.074999809265137
2009-07-17,7.786594867706299,14.010000228881836
2009-07-20,7.844955921173096,14.114999771118164
2009-07-21,7.922765731811523,14.255000114440918
2009-07-22,7.881082057952881,14.180000305175781
2009-07-23,8.086721420288086,14.550000190734863
2009-07-24,8.21455192565918,14.779999732971191
2009-07-27,8.195101737976074,14.744999885559082
2009-07-28,8.061710357666016,14.505000114440918
2009-07-29,8.022805213928223,14.4350004196167
2009-07-30,8.1450777053833,14.654999732971191
2009-07-31,8.042259216308594,14.470000267028809
2009-08-03,8.122847557067871,14.614999771118164
2009-08-04,8.0033540725708,14.399999618530273
2009-08-05,7.947775363922119,14.300000190734863
2009-08-06,7.961671829223633,14.324999809265137
2009-08-07,8.036701202392578,14.460000038146973
2009-08-10,8.053375244140625,14.489999771118164
2009-08-11,8.058932304382324,14.5
2009-08-12,8.09783935546875,14.569999694824219
2009-08-13,8.070047378540039,14.520000457763672
2009-08-14,8.070047378540039,14.520000457763672
2009-08-17,7.958890914916992,14.319999694824219
2009-08-18,7.975564956665039,14.350000381469727
2009-08-19,8.033921241760254,14.454999923706055
2009-08-20,8.100615501403809,14.574999809265137
2009-08-21,8.259016036987305,14.859999656677246
2009-08-24,8.272911071777344,14.885000228881836
2009-08-25,8.220109939575195,14.789999961853027
2009-08-26,8.211771965026855,14.774999618530273
2009-08-27,8.211771965026855,14.774999618530273
2009-08-28,8.19232177734375,14.739999771118164
2009-08-31,8.122847557067871,14.614999771118164
2009-09-01,8.058932304382324,14.5
2009-09-02,8.0033540725708,14.399999618530273
2009-09-03,7.997796535491943,14.390000343322754
2009-09-04,8.036701202392578,14.460000038146973
2009-09-08,8.05615234375,14.494999885559082
2009-09-09,8.045038223266602,14.475000381469727
2009-09-10,8.045038223266602,14.475000381469727
2009-09-11,8.042259216308594,14.470000267028809
2009-09-14,8.158974647521973,14.680000305175781
2009-09-15,8.220109939575195,14.789999961853027
2009-09-16,8.350722312927246,15.024999618530273
2009-09-17,8.295145034790039,14.925000190734863
2009-09-18,8.333045959472656,14.84000015258789
2009-09-21,8.293737411499023,14.770000457763672
2009-09-22,8.271276473999023,14.729999542236328
2009-09-23,8.243204116821289,14.680000305175781
2009-09-24,8.22073745727539,14.640000343322754
2009-09-25,8.19827938079834,14.600000381469727
2009-09-28,8.268472671508789,14.725000381469727
2009-09-29,8.285311698913574,14.755000114440918
2009-09-30,8.234779357910156,14.664999961853027
2009-10-01,8.09439754486084,14.414999961853027
2009-10-02,8.007359504699707,14.260000228881836
2009-10-05,8.09439754486084,14.414999961853027
2009-10-06,8.15616512298584,14.524999618530273
2009-10-07,8.161781311035156,14.53499984741211
2009-10-08,8.161781311035156,14.53499984741211
2009-10-09,8.21231746673584,14.625
2009-10-12,8.296545028686523,14.774999618530273
2009-10-13,8.237585067749023,14.670000076293945
2009-10-14,8.243204116821289,14.680000305175781
2009-10-15,8.307778358459473,14.795000076293945
2009-10-16,8.335851669311523,14.845000267028809
2009-10-19,8.453771591186523,15.055000305175781
2009-10-20,8.369546890258789,14.904999732971191
2009-10-21,8.380778312683105,14.925000190734863
2009-10-22,8.400430679321289,14.960000038146973
2009-10-23,8.262856483459473,14.71500015258789
2009-10-26,8.153355598449707,14.520000457763672
2009-10-27,8.133705139160156,14.484999656677246
2009-10-28,8.052281379699707,14.34000015258789
2009-10-29,8.122475624084473,14.46500015258789
2009-10-30,7.97086238861084,14.194999694824219
2009-11-02,7.956823348999023,14.170000076293945
2009-11-03,7.939979076385498,14.140000343322754
2009-11-04,7.993323802947998,14.234999656677246
2009-11-05,8.128087043762207,14.475000381469727
2009-11-06,8.119665145874023,14.460000038146973
2009-11-09,8.265661239624023,14.720000267028809
2009-11-10,8.304966926574707,14.789999961853027
2009-11-11,8.285311698913574,14.755000114440918
2009-11-12,8.17020034790039,14.550000190734863
2009-11-13,8.243204116821289,14.680000305175781
2009-11-16,8.358311653137207,14.885000228881836
2009-11-17,8.313392639160156,14.805000305175781
2009-11-18,8.27689266204834,14.739999771118164
2009-11-19,8.175819396972656,14.5600004196167
2009-11-20,8.21231746673584,14.625
2009-11-23,8.316203117370605,14.8100004196167
2009-11-24,8.333045959472656,14.84000015258789
2009-11-25,8.428506851196289,15.010000228881836
2009-11-27,8.285311698913574,14.755000114440918
2009-11-30,8.355506896972656,14.880000114440918
2009-12-01,8.512734413146973,15.15999984741211
2009-12-02,8.627847671508789,15.364999771118164
2009-12-03,8.65592098236084,15.414999961853027
2009-12-04,8.602577209472656,15.319999694824219
2009-12-07,8.678382873535156,15.454999923706055
2009-12-08,8.64188289642334,15.390000343322754
2009-12-09,8.672767639160156,15.444999694824219
2009-12-10,8.782267570495605,15.640000343322754
2009-12-11,8.93387508392334,15.90999984741211
2009-12-14,8.975993156433105,15.984999656677246
2009-12-15,8.919840812683105,15.885000228881836
2009-12-16,8.880536079406738,15.8149995803833
2009-12-17,8.829994201660156,15.725000381469727
2009-12-18,8.906416893005371,15.675000190734863
2009-12-21,8.931984901428223,15.720000267028809
2009-12-22,8.858121871948242,15.59000015258789
2009-12-23,8.878008842468262,15.625
2009-12-24,8.943351745605469,15.739999771118164
2009-12-28,8.949028968811035,15.75
2009-12-29,8.943351745605469,15.739999771118164
2009-12-30,8.940506935119629,15.734999656677246
2009-12-31,8.812666893005371,15.510000228881836
2010-01-04,8.829710006713867,15.539999961853027
2010-01-05,8.72459602355957,15.354999542236328
2010-01-06,8.77573299407959,15.444999694824219
2010-01-07,8.735960006713867,15.375
2010-01-08,8.727435111999512,15.359999656677246
2010-01-11,8.818346977233887,15.520000457763672
2010-01-12,8.781414985656738,15.454999923706055
2010-01-13,8.878008842468262,15.625
2010-01-14,8.838236808776855,15.555000305175781
2010-01-15,8.781414985656738,15.454999923706055
2010-01-19,8.883689880371094,15.635000228881836
2010-01-20,8.789939880371094,15.470000267028809
2010-01-21,8.66209602355957,15.244999885559082
2010-01-22,8.471749305725098,14.90999984741211
2010-01-25,8.528572082519531,15.010000228881836
2010-01-26,8.562662124633789,15.069999694824219
2010-01-27,8.505842208862305,14.970000267028809
2010-01-28,8.44050121307373,14.854999542236328
2010-01-29,8.389365196228027,14.765000343322754
2010-02-01,8.443341255187988,14.859999656677246
2010-02-02,8.511521339416504,14.979999542236328
2010-02-03,8.451863288879395,14.875
2010-02-04,8.230270385742188,14.484999656677246
2010-02-05,8.216063499450684,14.460000038146973
2010-02-08,8.122312545776367,14.295000076293945
2010-02-09,8.204700469970703,14.4399995803833
2010-02-10,8.167767524719238,14.375
2010-02-11,8.216063499450684,14.460000038146973
2010-02-12,8.18481159210205,14.404999732971191
2010-02-16,8.326858520507812,14.654999732971191
2010-02-17,8.292771339416504,14.595000267028809
2010-02-18,8.338225364685059,14.675000190734863
2010-02-19,8.454705238342285,14.880000114440918
2010-02-22,8.409248352050781,14.800000190734863
2010-02-23,8.35242748260498,14.699999809265137
2010-02-24,8.360953330993652,14.71500015258789
2010-02-25,8.343902587890625,14.6850004196167
2010-02-26,8.278565406799316,14.569999694824219
2010-03-01,8.397883415222168,14.779999732971191
2010-03-02,8.423455238342285,14.824999809265137
2010-03-03,8.409248352050781,14.800000190734863
2010-03-04,8.42629623413086,14.829999923706055
2010-03-05,8.511521339416504,14.979999542236328
2010-03-08,8.511521339416504,14.979999542236328
2010-03-09,8.500161170959473,14.960000038146973
2010-03-10,8.50300121307373,14.96500015258789
2010-03-11,8.531412124633789,15.015000343322754
2010-03-12,8.477431297302246,14.920000076293945
2010-03-15,8.508684158325195,14.975000381469727
2010-03-16,8.608116149902344,15.149999618530273
2010-03-17,8.636526107788086,15.199999809265137
2010-03-18,8.596755981445312,15.130000114440918
2010-03-19,8.587291717529297,14.979999542236328
2010-03-22,8.529969215393066,14.880000114440918
2010-03-23,8.564362525939941,14.9399995803833
2010-03-24,8.475513458251953,14.78499984741211
2010-03-25,8.421051025390625,14.6899995803833
2010-03-26,8.441117286682129,14.725000381469727
2010-03-29,8.544301986694336,14.904999732971191
2010-03-30,8.521368026733398,14.864999771118164
2010-03-31,8.501307487487793,14.829999923706055
2010-04-01,8.618823051452637,15.03499984741211
2010-04-05,8.670413970947266,15.125
2010-04-06,8.742072105407715,15.25
2010-04-07,8.656083106994629,15.100000381469727
2010-04-08,8.604494094848633,15.010000228881836
2010-04-09,8.667548179626465,15.119999885559082
2010-04-12,8.690478324890137,15.15999984741211
2010-04-13,8.644619941711426,15.079999923706055
2010-04-14,8.653221130371094,15.095000267028809
2010-04-15,8.650351524353027,15.09000015258789
2010-04-16,8.550027847290039,14.914999961853027
2010-04-19,8.558631896972656,14.930000305175781
2010-04-20,8.667548179626465,15.119999885559082
2010-04-21,8.676149368286133,15.135000228881836
2010-04-22,8.70481014251709,15.1850004196167
2010-04-23,8.773598670959473,15.305000305175781
2010-04-26,8.742072105407715,15.25
2010-04-27,8.593023300170898,14.989999771118164
2010-04-28,8.681882858276367,15.145000457763672
2010-04-29,8.690478324890137,15.15999984741211
2010-04-30,8.724872589111328,15.220000267028809
2010-05-03,8.836657524108887,15.414999961853027
2010-05-04,8.684745788574219,15.149999618530273
2010-05-05,8.624555587768555,15.045000076293945
2010-05-06,8.386658668518066,14.630000114440918
2010-05-07,8.340795516967773,14.550000190734863
2010-05-10,8.59875774383545,15.0
2010-05-11,8.615957260131836,15.029999732971191
2010-05-12,8.687610626220703,15.154999732971191
2010-05-13,8.650351524353027,15.09000015258789
2010-05-14,8.578695297241211,14.96500015258789
2010-05-17,8.587291717529297,14.979999542236328
2010-05-18,8.504175186157227,14.835000038146973
2010-05-19,8.418180465698242,14.6850004196167
2010-05-20,8.1659517288208,14.244999885559082
2010-05-21,8.203215599060059,14.3100004196167
2010-05-24,8.125824928283691,14.175000190734863
2010-05-25,8.082832336425781,14.100000381469727
2010-05-26,8.079970359802246,14.095000267028809
2010-05-27,8.234745979309082,14.364999771118164
2010-05-28,8.243342399597168,14.380000114440918
2010-06-01,8.05130386352539,14.045000076293945
2010-06-02,8.220413208007812,14.34000015258789
2010-06-03,8.306401252746582,14.489999771118164
2010-06-04,8.059904098510742,14.0600004196167
2010-06-07,8.108630180358887,14.145000457763672
2010-06-08,8.214680671691895,14.329999923706055
2010-06-09,8.168821334838867,14.25
2010-06-10,8.36945915222168,14.600000381469727
2010-06-11,8.375191688537598,14.609999656677246
2010-06-14,8.423917770385742,14.694999694824219
2010-06-15,8.587291717529297,14.979999542236328
2010-06-16,8.641751289367676,15.074999809265137
2010-06-17,8.70481014251709,15.1850004196167
2010-06-18,8.712629318237305,15.039999961853027
2010-06-21,8.651806831359863,14.9350004196167
2010-06-22,8.437461853027344,14.5649995803833
2010-06-23,8.362156867980957,14.4350004196167
2010-06-24,8.315810203552246,14.354999542236328
2010-06-25,8.35346508026123,14.420000076293945
2010-06-28,8.408499717712402,14.515000343322754
2010-06-29,8.237608909606934,14.220000267028809
2010-06-30,8.185470581054688,14.130000114440918
2010-07-01,8.147818565368652,14.0649995803833
2010-07-02,8.15650463104248,14.079999923706055
2010-07-06,8.252087593078613,14.244999885559082
2010-07-07,8.506978988647461,14.6850004196167
2010-07-08,8.57359790802002,14.800000190734863
2010-07-09,8.631532669067383,14.899999618530273
2010-07-12,8.66049575805664,14.949999809265137
2010-07-13,8.689457893371582,15.0
2010-07-14,8.692354202270508,15.005000114440918
2010-07-15,8.750288009643555,15.104999542236328
2010-07-16,8.599666595458984,14.845000267028809
2010-07-19,8.732902526855469,15.074999809265137
2010-07-20,8.811113357543945,15.210000038146973
2010-07-21,8.674976348876953,14.975000381469727
2010-07-22,8.814007759094238,15.21500015258789
2010-07-23,8.82848834991455,15.239999771118164
2010-07-26,8.8922119140625,15.350000381469727
2010-07-27,9.02255630493164,15.574999809265137
2010-07-28,8.979110717773438,15.5
2010-07-29,8.840075492858887,15.260000228881836
2010-07-30,8.796630859375,15.1850004196167
2010-08-02,8.979110717773438,15.5
2010-08-03,8.935661315917969,15.425000190734863
2010-08-04,8.973315238952637,15.489999771118164
2010-08-05,8.958830833435059,15.46500015258789
2010-08-06,8.976210594177246,15.494999885559082
2010-08-09,9.008070945739746,15.550000190734863
2010-08-10,9.060211181640625,15.640000343322754
2010-08-11,8.877732276916504,15.324999809265137
2010-08-12,8.860352516174316,15.295000076293945
2010-08-13,8.8922119140625,15.350000381469727
2010-08-16,8.8922119140625,15.350000381469727
2010-08-17,8.979110717773438,15.5
2010-08-18,8.929866790771484,15.414999961853027
2010-08-19,8.802422523498535,15.194999694824219
2010-08-20,8.825593948364258,15.234999656677246
2010-08-23,8.88352108001709,15.335000038146973
2010-08-24,8.898004531860352,15.359999656677246
2010-08-25,8.8922119140625,15.350000381469727
2010-08-26,8.85166072845459,15.279999732971191
2010-08-27,9.019658088684082,15.569999694824219
2010-08-30,8.88352108001709,15.335000038146973
2010-08-31,8.92407512664795,15.404999732971191
2010-09-01,9.118138313293457,15.739999771118164
2010-09-02,9.118138313293457,15.739999771118164
2010-09-03,9.158687591552734,15.8100004196167
2010-09-07,9.112348556518555,15.729999542236328
2010-09-08,9.06889820098877,15.654999732971191
2010-09-09,9.158687591552734,15.8100004196167
2010-09-10,9.106554985046387,15.720000267028809
2010-09-13,9.13841438293457,15.774999618530273
2010-09-14,9.126829147338867,15.755000114440918
2010-09-15,9.074690818786621,15.664999961853027
2010-09-16,9.042829513549805,15.609999656677246
2010-09-17,9.027322769165039,15.425000190734863
2010-09-20,9.147299766540527,15.630000114440918
2010-09-21,9.10047721862793,15.550000190734863
2010-09-22,9.164852142333984,15.65999984741211
2010-09-23,9.059508323669434,15.479999542236328
2010-09-24,9.20582103729248,15.729999542236328
2010-09-27,9.223377227783203,15.760000228881836
2010-09-28,9.229230880737305,15.770000457763672
2010-09-29,9.211674690246582,15.739999771118164
2010-09-30,9.182411193847656,15.6899995803833
2010-10-01,9.232154846191406,15.774999618530273
2010-10-04,9.214600563049316,15.744999885559082
2010-10-05,9.3170166015625,15.920000076293945
2010-10-06,9.273122787475586,15.845000267028809
2010-10-07,9.290679931640625,15.875
2010-10-08,9.31994342803955,15.925000190734863
2010-10-11,9.322868347167969,15.930000305175781
2010-10-12,9.284825325012207,15.864999771118164
2010-10-13,9.31994342803955,15.925000190734863
2010-10-14,9.30531120300293,15.899999618530273
2010-10-15,9.334572792053223,15.949999809265137
2010-10-18,9.334572792053223,15.949999809265137
2010-10-19,9.352126121520996,15.979999542236328
2010-10-20,9.428210258483887,16.110000610351562
2010-10-21,9.387245178222656,16.040000915527344
2010-10-22,9.325796127319336,15.9350004196167
2010-10-25,9.30531120300293,15.899999618530273
2010-10-26,9.281901359558105,15.859999656677246
2010-10-27,9.243861198425293,15.795000076293945
2010-10-28,9.2672700881958,15.835000038146973
2010-10-29,9.281901359558105,15.859999656677246
2010-11-01,9.191190719604492,15.704999923706055
2010-11-02,9.299457550048828,15.890000343322754
2010-11-03,9.281901359558105,15.859999656677246
2010-11-04,9.381390571594238,16.030000686645508
2010-11-05,9.378464698791504,16.024999618530273
2010-11-08,9.325796127319336,15.9350004196167
2010-11-09,9.29360580444336,15.880000114440918
2010-11-10,9.252635955810547,15.8100004196167
2010-11-11,9.246785163879395,15.800000190734863
2010-11-12,9.170705795288086,15.670000076293945
2010-11-15,9.20289134979248,15.725000381469727
2010-11-16,9.094620704650879,15.539999961853027
2010-11-17,9.091696739196777,15.53499984741211
2010-11-18,9.144371032714844,15.625
2010-11-19,9.109257698059082,15.5649995803833
2010-11-22,9.135590553283691,15.609999656677246
2010-11-23,9.036099433898926,15.4399995803833
2010-11-24,9.091696739196777,15.53499984741211
2010-11-26,9.030248641967773,15.430000305175781
2010-11-29,9.012690544128418,15.399999618530273
2010-11-30,9.000983238220215,15.380000114440918
2010-12-01,9.106328010559082,15.5600004196167
2010-12-02,9.132665634155273,15.604999542236328
2010-12-03,9.15314769744873,15.640000343322754
2010-12-06,9.126812934875488,15.595000267028809
2010-12-07,9.065363883972168,15.489999771118164
2010-12-08,9.033173561096191,15.4350004196167
2010-12-09,9.071215629577637,15.5
2010-12-10,9.106328010559082,15.5600004196167
2010-12-13,9.150223731994629,15.635000228881836
2010-12-14,9.173628807067871,15.675000190734863
2010-12-15,9.094620704650879,15.539999961853027
2010-12-16,9.176560401916504,15.680000305175781
2010-12-17,9.224231719970703,15.574999809265137
2010-12-20,9.236080169677734,15.595000267028809
2010-12-21,9.239038467407227,15.600000381469727
2010-12-22,9.280497550964355,15.670000076293945
2010-12-23,9.286419868469238,15.680000305175781
2010-12-27,9.292341232299805,15.6899995803833
2010-12-28,9.324914932250977,15.744999885559082
2010-12-29,9.292341232299805,15.6899995803833
2010-12-30,9.277533531188965,15.664999961853027
2010-12-31,9.280497550964355,15.670000076293945
2011-01-03,9.324914932250977,15.744999885559082
2011-01-04,9.36933422088623,15.819999694824219
2011-01-05,9.310108184814453,15.720000267028809
2011-01-06,9.318991661071777,15.734999656677246
2011-01-07,9.35156536102295,15.789999961853027
2011-01-10,9.301223754882812,15.704999923706055
2011-01-11,9.31602954864502,15.729999542236328
2011-01-12,9.363411903381348,15.8100004196167
2011-01-13,9.35452651977539,15.795000076293945
2011-01-14,9.398946762084961,15.869999885559082
2011-01-18,9.422636032104492,15.90999984741211
2011-01-19,9.398946762084961,15.869999885559082
2011-01-20,9.470011711120605,15.989999771118164
2011-01-21,9.461134910583496,15.975000381469727
2011-01-24,9.514435768127441,16.065000534057617
2011-01-25,9.499628067016602,16.040000915527344
2011-01-26,9.464091300964355,15.979999542236328
2011-01-27,9.499628067016602,16.040000915527344
2011-01-28,9.372297286987305,15.824999809265137
2011-01-31,9.393023490905762,15.859999656677246
2011-02-01,9.487785339355469,16.020000457763672
2011-02-02,9.4374418258667,15.9350004196167
2011-02-03,9.475934982299805,16.0
2011-02-04,9.416714668273926,15.899999618530273
2011-02-07,9.478899955749512,16.0049991607666
2011-02-08,9.475934982299805,16.0
2011-02-09,9.475934982299805,16.0
2011-02-10,9.493705749511719,16.030000686645508
2011-02-11,9.475934982299805,16.0
2011-02-14,9.407830238342285,15.885000228881836
2011-02-15,9.4374418258667,15.9350004196167
2011-02-16,9.416714668273926,15.899999618530273
2011-02-17,9.434483528137207,15.930000305175781
2011-02-18,9.449287414550781,15.954999923706055
2011-02-22,9.407830238342285,15.885000228881836
2011-02-23,9.387100219726562,15.850000381469727
2011-02-24,9.35156536102295,15.789999961853027
2011-02-25,9.404866218566895,15.880000114440918
2011-02-28,9.50851058959961,16.05500030517578
2011-03-01,9.413750648498535,15.895000457763672
2011-03-02,9.428553581237793,15.920000076293945
2011-03-03,9.535165786743164,16.100000381469727
2011-03-04,9.478899955749512,16.0049991607666
2011-03-07,9.514435768127441,16.065000534057617
2011-03-08,9.621036529541016,16.2450008392334
2011-03-09,9.718757629394531,16.40999984741211
2011-03-10,9.609195709228516,16.225000381469727
2011-03-11,9.629921913146973,16.260000228881836
2011-03-14,9.502588272094727,16.045000076293945
2011-03-15,9.321955680847168,15.739999771118164
2011-03-16,9.176852226257324,15.494999885559082
2011-03-17,9.188699722290039,15.515000343322754
2011-03-18,9.234450340270996,15.4399995803833
2011-03-21,9.342105865478516,15.619999885559082
2011-03-22,9.357061386108398,15.645000457763672
2011-03-23,9.351080894470215,15.635000228881836
2011-03-24,9.389954566955566,15.699999809265137
2011-03-25,9.386962890625,15.694999694824219
2011-03-28,9.354070663452148,15.640000343322754
2011-03-29,9.446771621704102,15.795000076293945
2011-03-30,9.554430961608887,15.975000381469727
2011-03-31,9.53050422668457,15.9350004196167
2011-04-01,9.605264663696289,16.059999465942383
2011-04-04,9.599283218383789,16.049999237060547
2011-04-05,9.560409545898438,15.984999656677246
2011-04-06,9.629191398620605,16.100000381469727
2011-04-07,9.590314865112305,16.03499984741211
2011-04-08,9.563396453857422,15.989999771118164
2011-04-11,9.4378023147583,15.779999732971191
2011-04-12,9.413878440856934,15.739999771118164
2011-04-13,9.4378023147583,15.779999732971191
2011-04-14,9.494623184204102,15.875
2011-04-15,9.599283218383789,16.049999237060547
2011-04-18,9.515552520751953,15.90999984741211
2011-04-19,9.51854419708252,15.914999961853027
2011-04-20,9.641148567199707,16.1200008392334
2011-04-21,9.641148567199707,16.1200008392334
2011-04-25,9.653111457824707,16.139999389648438
2011-04-26,9.730864524841309,16.270000457763672
2011-04-27,9.808612823486328,16.399999618530273
2011-04-28,9.89533519744873,16.545000076293945
2011-04-29,9.91627025604248,16.579999923706055
2011-05-02,9.919260025024414,16.584999084472656
2011-05-03,9.982062339782715,16.690000534057617
2011-05-04,9.970098495483398,16.670000076293945
2011-05-05,9.89832592010498,16.549999237060547
2011-05-06,9.955147743225098,16.645000457763672
2011-05-09,9.976078987121582,16.68000030517578
2011-05-10,10.11961555480957,16.920000076293945
2011-05-11,10.086726188659668,16.864999771118164
2011-05-12,10.18840217590332,17.03499984741211
2011-05-13,10.14055061340332,16.954999923706055
2011-05-16,10.152518272399902,16.975000381469727
2011-05-17,10.227273941040039,17.100000381469727
2011-05-18,10.194377899169922,17.045000076293945
2011-05-19,10.218302726745605,17.084999084472656
2011-05-20,10.206345558166504,17.065000534057617
2011-05-23,10.086726188659668,16.864999771118164
2011-05-24,10.07775592803955,16.850000381469727
2011-05-25,10.0568208694458,16.815000534057617
2011-05-26,10.053831100463867,16.809999465942383
2011-05-27,10.053831100463867,16.809999465942383
2011-05-31,10.128589630126953,16.934999465942383
2011-06-01,10.023924827575684,16.760000228881836
2011-06-02,9.994022369384766,16.709999084472656
2011-06-03,9.92524242401123,16.594999313354492
2011-06-06,9.880385398864746,16.520000457763672
2011-06-07,9.89234733581543,16.540000915527344
2011-06-08,9.91627025604248,16.579999923706055
2011-06-09,9.92524242401123,16.594999313354492
2011-06-10,9.859452247619629,16.485000610351562
2011-06-13,9.90430736541748,16.559999465942383
2011-06-14,9.943183898925781,16.625
2011-06-15,9.820578575134277,16.420000076293945
2011-06-16,9.89832592010498,16.549999237060547
2011-06-17,9.965997695922852,16.4950008392334
2011-06-20,10.023393630981445,16.59000015258789
2011-06-21,10.029438972473145,16.600000381469727
2011-06-22,9.96297550201416,16.489999771118164
2011-06-23,9.878389358520508,16.350000381469727
2011-06-24,9.90859603881836,16.399999618530273
2011-06-27,9.981101036071777,16.520000457763672
2011-06-28,10.02641487121582,16.594999313354492
2011-06-29,10.092875480651855,16.704999923706055
2011-06-30,10.114021301269531,16.739999771118164
2011-07-01,10.234857559204102,16.940000534057617
2011-07-05,10.174440383911133,16.84000015258789
2011-07-06,10.195588111877441,16.875
2011-07-07,10.237876892089844,16.94499969482422
2011-07-08,10.1986083984375,16.8799991607666
2011-07-11,10.08985424041748,16.700000762939453
2011-07-12,10.135167121887207,16.774999618530273
2011-07-13,10.10798168182373,16.729999542236328
2011-07-14,10.062667846679688,16.655000686645508
2011-07-15,10.077770233154297,16.68000030517578
2011-07-18,9.981101036071777,16.520000457763672
2011-07-19,10.068706512451172,16.665000915527344
2011-07-20,10.129124641418457,16.764999389648438
2011-07-21,10.280174255371094,17.014999389648438
2011-07-22,10.216730117797852,16.90999984741211
2011-07-25,10.252982139587402,16.969999313354492
2011-07-26,10.216730117797852,16.90999984741211
2011-07-27,10.186524391174316,16.860000610351562
2011-07-28,10.123083114624023,16.7549991607666
2011-07-29,10.02037239074707,16.584999084472656
2011-08-01,10.050580024719238,16.635000228881836
2011-08-02,9.878389358520508,16.350000381469727
2011-08-03,9.878389358520508,16.350000381469727
2011-08-04,9.555150985717773,15.8149995803833
2011-08-05,9.633695602416992,15.944999694824219
2011-08-08,9.12315845489502,15.100000381469727
2011-08-09,9.422233581542969,15.595000267028809
2011-08-10,9.24399471282959,15.300000190734863
2011-08-11,9.633695602416992,15.944999694824219
2011-08-12,9.57629680633545,15.850000381469727
2011-08-15,9.902555465698242,16.389999389648438
2011-08-16,9.890475273132324,16.3700008392334
2011-08-17,9.96297550201416,16.489999771118164
2011-08-18,9.845159530639648,16.295000076293945
2011-08-19,9.784740447998047,16.19499969482422
2011-08-22,9.760574340820312,16.155000686645508
2011-08-23,9.935784339904785,16.44499969482422
2011-08-24,10.150276184082031,16.799999237060547
2011-08-25,9.984123229980469,16.524999618530273
2011-08-26,9.969019889831543,16.5
2011-08-29,10.165380477905273,16.825000762939453
2011-08-30,10.171417236328125,16.834999084472656
2011-08-31,10.237876892089844,16.94499969482422
2011-09-01,10.171417236328125,16.834999084472656
2011-09-02,10.056625366210938,16.645000457763672
2011-09-06,10.008288383483887,16.565000534057617
2011-09-07,10.120062828063965,16.75
2011-09-08,10.114021301269531,16.739999771118164
2011-09-09,9.90859603881836,16.399999618530273
2011-09-12,9.99016284942627,16.53499984741211
2011-09-13,10.056625366210938,16.645000457763672
2011-09-14,10.126104354858398,16.760000228881836
2011-09-15,10.252982139587402,16.969999313354492
2011-09-16,10.369863510131836,16.989999771118164
2011-09-19,10.311882019042969,16.895000457763672
2011-09-20,10.461418151855469,17.139999389648438
2011-09-21,10.269152641296387,16.825000762939453
2011-09-22,10.095206260681152,16.540000915527344
2011-09-23,10.195916175842285,16.704999923706055
2011-09-26,10.278315544128418,16.84000015258789
2011-09-27,10.314934730529785,16.899999618530273
2011-09-28,10.21117115020752,16.729999542236328
2011-09-29,10.375967025756836,17.0
2011-09-30,10.25999927520752,16.809999465942383
2011-10-03,10.015862464904785,16.40999984741211
2011-10-04,9.967032432556152,16.329999923706055
2011-10-05,9.973136901855469,16.34000015258789
2011-10-06,10.150140762329102,16.6299991607666
2011-10-07,10.19286823272705,16.700000762939453
2011-10-10,10.391229629516602,17.024999618530273
2011-10-11,10.296623229980469,16.8700008392334
2011-10-12,10.272208213806152,16.829999923706055
2011-10-13,10.272208213806152,16.829999923706055
2011-10-14,10.369863510131836,16.989999771118164
2011-10-17,10.327138900756836,16.920000076293945
2011-10-18,10.400384902954102,17.040000915527344
2011-10-19,10.409541130065918,17.05500030517578
2011-10-20,10.467521667480469,17.149999618530273
2011-10-21,10.644521713256836,17.440000534057617
2011-10-24,10.598749160766602,17.364999771118164
2011-10-25,10.479728698730469,17.170000076293945
2011-10-26,10.522452354431152,17.239999771118164
2011-10-27,10.772695541381836,17.649999618530273
2011-10-28,10.684197425842285,17.5049991607666
2011-10-31,10.635369300842285,17.424999237060547
2011-11-01,10.412592887878418,17.059999465942383
2011-11-02,10.595693588256836,17.360000610351562
2011-11-03,10.723870277404785,17.56999969482422
2011-11-04,10.675043106079102,17.489999771118164
2011-11-07,10.733022689819336,17.584999084472656
2011-11-08,10.80321979522705,17.700000762939453
2011-11-09,10.56822681427002,17.315000534057617
2011-11-10,10.63841724395752,17.43000030517578
2011-11-11,10.791008949279785,17.68000030517578
2011-11-14,10.662834167480469,17.469999313354492
2011-11-15,10.681143760681152,17.5
2011-11-16,10.552971839904785,17.290000915527344
2011-11-17,10.498041152954102,17.200000762939453
2011-11-18,10.571277618408203,17.31999969482422
2011-11-21,10.440055847167969,17.104999542236328
2011-11-22,10.311882019042969,16.895000457763672
2011-11-23,10.150140762329102,16.6299991607666
2011-11-25,10.202018737792969,16.71500015258789
2011-11-28,10.330193519592285,16.924999237060547
2011-11-29,10.443106651306152,17.110000610351562
2011-11-30,10.745232582092285,17.604999542236328
2011-12-01,10.714717864990234,17.55500030517578
2011-12-02,10.604852676391602,17.375
2011-12-05,10.687249183654785,17.510000228881836
2011-12-06,10.717765808105469,17.559999465942383
2011-12-07,10.702508926391602,17.53499984741211
2011-12-08,10.546869277954102,17.280000686645508
2011-12-09,10.681143760681152,17.5
2011-12-12,10.589591979980469,17.350000381469727
2011-12-13,10.629262924194336,17.415000915527344
2011-12-14,10.562128067016602,17.30500030517578
2011-12-15,10.690301895141602,17.514999389648438
2011-12-16,10.658825874328613,17.270000457763672
2011-12-19,10.57858657836914,17.139999389648438
2011-12-20,10.803862571716309,17.5049991607666
2011-12-21,10.96432876586914,17.764999389648438
2011-12-22,10.976675987243652,17.78499984741211
2011-12-23,11.047652244567871,17.899999618530273
2011-12-27,11.137142181396484,18.045000076293945
2011-12-28,11.09702205657959,17.979999542236328
2011-12-29,11.183433532714844,18.1200008392334
2011-12-30,11.10319709777832,17.989999771118164
2012-01-03,10.905694961547852,17.670000076293945
2012-01-04,10.843978881835938,17.56999969482422
2012-01-05,10.865584373474121,17.604999542236328
2012-01-06,10.806949615478516,17.510000228881836
2012-01-09,10.822379112243652,17.53499984741211
2012-01-10,10.837806701660156,17.559999465942383
2012-01-11,10.788434028625488,17.479999542236328
2012-01-12,10.773001670837402,17.454999923706055
2012-01-13,10.766829490661621,17.44499969482422
2012-01-17,10.757570266723633,17.43000030517578
2012-01-18,10.754490852355957,17.424999237060547
2012-01-19,10.664996147155762,17.280000686645508
2012-01-20,10.680427551269531,17.30500030517578
2012-01-23,10.723627090454102,17.375
2012-01-24,10.637224197387695,17.235000610351562
2012-01-25,10.81312084197998,17.520000457763672
2012-01-26,10.850150108337402,17.579999923706055
2012-01-27,10.717455863952637,17.364999771118164
2012-01-30,10.649564743041992,17.2549991607666
2012-01-31,10.702027320861816,17.34000015258789
2012-02-01,10.739059448242188,17.399999618530273
2012-02-02,10.720544815063477,17.3700008392334
2012-02-03,10.748315811157227,17.415000915527344
2012-02-06,10.702027320861816,17.34000015258789
2012-02-07,10.779170036315918,17.46500015258789
2012-02-08,10.791515350341797,17.485000610351562
2012-02-09,10.760656356811523,17.434999465942383
2012-02-10,10.739059448242188,17.399999618530273
2012-02-13,10.726715087890625,17.3799991607666
2012-02-14,10.729799270629883,17.385000228881836
2012-02-15,10.708198547363281,17.350000381469727
2012-02-16,10.822379112243652,17.53499984741211
2012-02-17,10.816204071044922,17.524999618530273
2012-02-21,10.776090621948242,17.459999084472656
2012-02-22,10.788434028625488,17.479999542236328
2012-02-23,10.779170036315918,17.46500015258789
2012-02-24,10.825468063354492,17.540000915527344
2012-02-27,10.822379112243652,17.53499984741211
2012-02-28,10.769918441772461,17.450000762939453
2012-02-29,10.766829490661621,17.44499969482422
2012-03-01,10.794607162475586,17.489999771118164
2012-03-02,10.788434028625488,17.479999542236328
2012-03-05,10.81312084197998,17.520000457763672
2012-03-06,10.769918441772461,17.450000762939453
2012-03-07,10.776090621948242,17.459999084472656
2012-03-08,10.810036659240723,17.514999389648438
2012-03-09,10.853236198425293,17.584999084472656
2012-03-12,10.976675987243652,17.78499984741211
2012-03-13,11.01370620727539,17.844999313354492
2012-03-14,10.850150108337402,17.579999923706055
2012-03-15,10.84089183807373,17.565000534057617
2012-03-16,10.832170486450195,17.389999389648438
2012-03-19,10.757424354553223,17.270000457763672
2012-03-20,10.769880294799805,17.290000915527344
2012-03-21,10.748082160949707,17.2549991607666
2012-03-22,10.77299690246582,17.295000076293945
2012-03-23,10.77610969543457,17.299999237060547
2012-03-26,10.850860595703125,17.420000076293945
2012-03-27,10.90380573272705,17.5049991607666
2012-03-28,10.813486099243164,17.360000610351562
2012-03-29,10.857088088989258,17.43000030517578
2012-03-30,10.913151741027832,17.520000457763672
2012-04-02,10.96921157836914,17.610000610351562
2012-04-03,10.962984085083008,17.600000381469727
2012-04-04,10.94741153717041,17.575000762939453
2012-04-05,10.866432189941406,17.44499969482422
2012-04-09,10.810372352600098,17.354999542236328
2012-04-10,10.670218467712402,17.1299991607666
2012-04-11,10.695137023925781,17.170000076293945
2012-04-12,10.72939682006836,17.225000381469727
2012-04-13,10.692023277282715,17.165000915527344
2012-04-16,10.791685104370117,17.325000762939453
2012-04-17,10.847747802734375,17.415000915527344
2012-04-18,10.829055786132812,17.385000228881836
2012-04-19,10.801027297973633,17.34000015258789
2012-04-20,10.906916618347168,17.510000228881836
2012-04-23,10.860203742980957,17.434999465942383
2012-04-24,10.93494987487793,17.55500030517578
2012-04-25,10.991008758544922,17.645000457763672
2012-04-26,11.053297996520996,17.7450008392334
2012-04-27,11.09067440032959,17.80500030517578
2012-04-30,11.106250762939453,17.829999923706055
2012-05-01,11.162309646606445,17.920000076293945
2012-05-02,11.096905708312988,17.815000534057617
2012-05-03,11.062646865844727,17.760000228881836
2012-05-04,11.078219413757324,17.78499984741211
2012-05-07,11.056416511535645,17.75
2012-05-08,11.075102806091309,17.780000686645508
2012-05-09,11.081334114074707,17.790000915527344
2012-05-10,11.184110641479492,17.954999923706055
2012-05-11,11.190339088439941,17.96500015258789
2012-05-14,11.17788314819336,17.94499969482422
2012-05-15,11.100020408630371,17.81999969482422
2012-05-16,11.11559009552002,17.844999313354492
2012-05-17,11.053297996520996,17.7450008392334
2012-05-18,11.031505584716797,17.709999084472656
2012-05-21,11.04395866394043,17.729999542236328
2012-05-22,11.121819496154785,17.854999542236328
2012-05-23,11.062646865844727,17.760000228881836
2012-05-24,11.106250762939453,17.829999923706055
2012-05-25,11.143622398376465,17.889999389648438
2012-05-29,11.17788314819336,17.94499969482422
2012-05-30,11.109357833862305,17.834999084472656
2012-05-31,11.168536186218262,17.93000030517578
2012-06-01,11.121819496154785,17.854999542236328
2012-06-04,11.159194946289062,17.915000915527344
2012-06-05,11.199685096740723,17.979999542236328
2012-06-06,11.355406761169434,18.229999542236328
2012-06-07,11.442615509033203,18.3700008392334
2012-06-08,11.46752643585205,18.40999984741211
2012-06-11,11.458186149597168,18.395000457763672
2012-06-12,11.470641136169434,18.415000915527344
2012-06-13,11.4737548828125,18.420000076293945
2012-06-14,11.551615715026855,18.545000076293945
2012-06-15,11.608826637268066,18.46500015258789
2012-06-18,11.652838706970215,18.53499984741211
2012-06-19,11.627689361572266,18.4950008392334
2012-06-20,11.51452350616455,18.315000534057617
2012-06-21,11.395071983337402,18.125
2012-06-22,11.398219108581543,18.1299991607666
2012-06-25,11.37621021270752,18.094999313354492
2012-06-26,11.391928672790527,18.1200008392334
2012-06-27,11.520814895629883,18.325000762939453
2012-06-28,11.561676979064941,18.389999389648438
2012-06-29,11.627689361572266,18.4950008392334
2012-07-02,11.699989318847656,18.610000610351562
2012-07-03,11.671701431274414,18.565000534057617
2012-07-05,11.602545738220215,18.454999923706055
2012-07-06,11.577397346496582,18.415000915527344
2012-07-09,11.539673805236816,18.354999542236328
2012-07-10,11.55853271484375,18.385000228881836
2012-07-11,11.618264198303223,18.479999542236328
2012-07-12,11.633980751037598,18.5049991607666
2012-07-13,11.737713813781738,18.670000076293945
2012-07-16,11.731426239013672,18.65999984741211
2012-07-17,11.756570816040039,18.700000762939453
2012-07-18,11.794291496276855,18.760000228881836
2012-07-19,11.816299438476562,18.795000076293945
2012-07-20,11.841446876525879,18.834999084472656
2012-07-23,11.762860298156738,18.709999084472656
2012-07-24,11.659126281738281,18.545000076293945
2012-07-25,11.652838706970215,18.53499984741211
2012-07-26,11.835163116455078,18.825000762939453
2012-07-27,11.973472595214844,19.045000076293945
2012-07-30,12.01747989654541,19.114999771118164
2012-07-31,11.92003345489502,18.959999084472656
2012-08-01,11.828873634338379,18.815000534057617
2012-08-02,11.762860298156738,18.709999084472656
2012-08-03,11.901175498962402,18.93000030517578
2012-08-06,11.872879981994629,18.885000228881836
2012-08-07,11.750286102294922,18.690000534057617
2012-08-08,11.766003608703613,18.71500015258789
2012-08-09,11.766003608703613,18.71500015258789
2012-08-10,11.800579071044922,18.770000457763672
2012-08-13,11.788008689880371,18.75
2012-08-14,11.775437355041504,18.729999542236328
2012-08-15,11.718850135803223,18.639999389648438
2012-08-16,11.69056510925293,18.594999313354492
2012-08-17,11.659126281738281,18.545000076293945
2012-08-20,11.681127548217773,18.579999923706055
2012-08-21,11.596257209777832,18.44499969482422
2012-08-22,11.577397346496582,18.415000915527344
2012-08-23,11.457944869995117,18.225000381469727
2012-08-24,11.511382102966309,18.309999465942383
2012-08-27,11.536529541015625,18.350000381469727
2012-08-28,11.51452350616455,18.315000534057617
2012-08-29,11.495665550231934,18.28499984741211
2012-08-30,11.439085006713867,18.19499969482422
2012-08-31,11.426509857177734,18.174999237060547
2012-09-04,11.47052001953125,18.2450008392334
2012-09-05,11.420221328735352,18.165000915527344
2012-09-06,11.549104690551758,18.3700008392334
2012-09-07,11.511382102966309,18.309999465942383
2012-09-10,11.498808860778809,18.290000915527344
2012-09-11,11.47052001953125,18.2450008392334
2012-09-12,11.404507637023926,18.139999389648438
2012-09-13,11.564824104309082,18.395000457763672
2012-09-14,11.486235618591309,18.270000457763672
2012-09-17,11.413933753967285,18.155000686645508
2012-09-18,11.37936019897461,18.100000381469727
2012-09-19,11.391928672790527,18.1200008392334
2012-09-20,11.439085006713867,18.19499969482422
2012-09-21,11.445756912231445,18.014999389648438
2012-09-24,11.553762435913086,18.184999465942383
2012-09-25,11.528347969055176,18.145000457763672
2012-09-26,11.553762435913086,18.184999465942383
2012-09-27,11.506111145019531,18.110000610351562
2012-09-28,11.56011962890625,18.19499969482422
2012-10-01,11.506111145019531,18.110000610351562
2012-10-02,11.56646728515625,18.204999923706055
2012-10-03,11.623649597167969,18.295000076293945
2012-10-04,11.690359115600586,18.399999618530273
2012-10-05,11.671302795410156,18.3700008392334
2012-10-08,11.690359115600586,18.399999618530273
2012-10-09,11.668124198913574,18.364999771118164
2012-10-10,11.649060249328613,18.334999084472656
2012-10-11,11.661772727966309,18.354999542236328
2012-10-12,11.595060348510742,18.25
2012-10-15,11.642712593078613,18.325000762939453
2012-10-16,11.687186241149902,18.395000457763672
2012-10-17,11.83013916015625,18.6200008392334
2012-10-18,11.884143829345703,18.704999923706055
2012-10-19,11.78884220123291,18.55500030517578
2012-10-22,11.757073402404785,18.5049991607666
2012-10-23,11.649060249328613,18.334999084472656
2012-10-24,11.5632905960083,18.200000762939453
2012-10-25,11.620475769042969,18.290000915527344
2012-10-26,11.620475769042969,18.290000915527344
2012-10-31,11.72213363647461,18.450000762939453
2012-11-01,11.598238945007324,18.2549991607666
2012-11-02,11.518821716308594,18.1299991607666
2012-11-05,11.331389427185059,17.834999084472656
2012-11-06,11.337743759155273,17.844999313354492
2012-11-07,11.099489212036133,17.469999313354492
2012-11-08,11.080430030822754,17.440000534057617
2012-11-09,11.013716697692871,17.334999084472656
2012-11-12,10.921591758728027,17.190000534057617
2012-11-13,10.962891578674316,17.2549991607666
2012-11-14,10.886649131774902,17.135000228881836
2012-11-15,10.823116302490234,17.03499984741211
2012-11-16,10.915240287780762,17.18000030517578
2012-11-19,10.924774169921875,17.19499969482422
2012-11-20,10.90571117401123,17.165000915527344
2012-11-21,10.858059883117676,17.09000015258789
2012-11-23,10.829469680786133,17.045000076293945
2012-11-26,10.96606731414795,17.260000228881836
2012-11-27,10.994657516479492,17.30500030517578
2012-11-28,11.039131164550781,17.375
2012-11-29,11.102668762207031,17.475000381469727
2012-11-30,11.220205307006836,17.65999984741211
2012-12-03,11.150317192077637,17.549999237060547
2012-12-04,11.093137741088867,17.459999084472656
2012-12-05,11.261505126953125,17.725000381469727
2012-12-06,11.25515079498291,17.71500015258789
2012-12-07,11.264681816101074,17.729999542236328
2012-12-10,11.267857551574707,17.735000610351562
2012-12-11,11.293272018432617,17.774999618530273
2012-12-12,11.274210929870605,17.7450008392334
2012-12-13,11.229738235473633,17.674999237060547
2012-12-14,11.185260772705078,17.604999542236328
2012-12-17,11.356804847717285,17.875
2012-12-18,11.436222076416016,18.0
2012-12-19,11.350451469421387,17.864999771118164
2012-12-20,11.385398864746094,17.920000076293945
2012-12-21,11.343631744384766,17.655000686645508
2012-12-24,11.295445442199707,17.579999923706055
2012-12-26,11.199065208435059,17.43000030517578
2012-12-27,11.179790496826172,17.399999618530273
2012-12-28,11.06734848022461,17.225000381469727
2012-12-31,11.218342781066895,17.459999084472656
2013-01-02,11.423951148986816,17.780000686645508
2013-01-03,11.423951148986816,17.780000686645508
2013-01-04,11.48177719116211,17.8700008392334
2013-01-07,11.369335174560547,17.69499969482422
2013-01-08,11.333992958068848,17.639999389648438
2013-01-09,11.311504364013672,17.604999542236328
2013-01-10,11.359695434570312,17.68000030517578
2013-01-11,11.372549057006836,17.700000762939453
2013-01-14,11.350059509277344,17.665000915527344
2013-01-15,11.382182121276855,17.71500015258789
2013-01-16,11.327570915222168,17.6299991607666
2013-01-17,11.372549057006836,17.700000762939453
2013-01-18,11.462499618530273,17.84000015258789
2013-01-22,11.558876037597656,17.989999771118164
2013-01-23,11.529966354370117,17.94499969482422
2013-01-24,11.581361770629883,18.024999618530273
2013-01-25,11.639189720153809,18.114999771118164
2013-01-28,11.632762908935547,18.104999542236328
2013-01-29,11.713075637817383,18.229999542236328
2013-01-30,11.722718238830566,18.2450008392334
2013-01-31,11.751630783081055,18.290000915527344
2013-02-01,11.7837553024292,18.34000015258789
2013-02-04,11.70344352722168,18.21500015258789
2013-02-05,11.735568046569824,18.264999389648438
2013-02-06,11.770907402038574,18.31999969482422
2013-02-07,11.786967277526855,18.344999313354492
2013-02-08,11.786967277526855,18.344999313354492
2013-02-11,11.81588077545166,18.389999389648438
2013-02-12,11.867281913757324,18.469999313354492
2013-02-13,11.867281913757324,18.469999313354492
2013-02-14,11.770907402038574,18.31999969482422
2013-02-15,11.796609878540039,18.360000610351562
2013-02-19,11.899408340454102,18.520000457763672
2013-02-20,11.876920700073242,18.485000610351562
2013-02-21,11.825521469116211,18.405000686645508
2013-02-22,11.94438648223877,18.59000015258789
2013-02-25,11.83836555480957,18.424999237060547
2013-02-26,11.873710632324219,18.479999542236328
2013-02-27,11.982934951782227,18.649999618530273
2013-02-28,12.024699211120605,18.71500015258789
2013-03-01,12.04719066619873,18.75
2013-03-04,12.169268608093262,18.940000534057617
2013-03-05,12.2335205078125,19.040000915527344
2013-03-06,12.227090835571289,19.030000686645508
2013-03-07,12.172479629516602,18.94499969482422
2013-03-08,12.198182106018066,18.985000610351562
2013-03-11,12.227090835571289,19.030000686645508
2013-03-12,12.194969177246094,18.979999542236328
2013-03-13,12.24958610534668,19.065000534057617
2013-03-14,12.275282859802246,19.104999542236328
2013-03-15,12.355966567993164,19.065000534057617
2013-03-18,12.287919998168945,18.959999084472656
2013-03-19,12.320323944091797,19.010000228881836
2013-03-20,12.41105842590332,19.149999618530273
2013-03-21,12.349492073059082,19.05500030517578
2013-03-22,12.36893081665039,19.084999084472656
2013-03-25,12.343008041381836,19.045000076293945
2013-03-26,12.459664344787598,19.225000381469727
2013-03-27,12.51799488067627,19.315000534057617
2013-03-28,12.670295715332031,19.549999237060547
2013-04-01,12.641128540039062,19.5049991607666
2013-04-02,12.683259010314941,19.56999969482422
2013-04-03,12.647616386413574,19.514999389648438
2013-04-04,12.767512321472168,19.700000762939453
2013-04-05,12.822599411010742,19.78499984741211
2013-04-08,12.919816017150879,19.934999465942383
2013-04-09,12.880928039550781,19.875
2013-04-10,12.984624862670898,20.03499984741211
2013-04-11,13.013790130615234,20.079999923706055
2013-04-12,13.068880081176758,20.165000915527344
2013-04-15,12.880928039550781,19.875
2013-04-16,13.03647232055664,20.114999771118164
2013-04-17,12.961939811706543,20.0
2013-04-18,13.004066467285156,20.065000534057617
2013-04-19,13.198494911193848,20.364999771118164
2013-04-22,13.182289123535156,20.34000015258789
2013-04-23,13.214700698852539,20.389999389648438
2013-04-24,13.25682544708252,20.454999923706055
2013-04-25,13.260066032409668,20.459999084472656
2013-04-26,13.279510498046875,20.489999771118164
2013-04-29,13.389680862426758,20.65999984741211
2013-04-30,13.425331115722656,20.71500015258789
2013-05-01,13.292466163635254,20.510000228881836
2013-05-02,13.27626895904541,20.485000610351562
2013-05-03,13.25033950805664,20.44499969482422
2013-05-06,13.065634727478027,20.15999984741211
2013-05-07,13.192010879516602,20.354999542236328
2013-05-08,13.075352668762207,20.174999237060547
2013-05-09,12.87768840789795,19.8700008392334
2013-05-10,12.906853675842285,19.915000915527344
2013-05-13,12.838801383972168,19.809999465942383
2013-05-14,12.92629623413086,19.94499969482422
2013-05-15,13.049430847167969,20.135000228881836
2013-05-16,12.942493438720703,19.969999313354492
2013-05-17,13.065634727478027,20.15999984741211
2013-05-20,13.000826835632324,20.059999465942383
2013-05-21,13.026752471923828,20.100000381469727
2013-05-22,12.806396484375,19.760000228881836
2013-05-23,12.718901634216309,19.625
2013-05-24,12.582801818847656,19.415000915527344
2013-05-28,12.436982154846191,19.190000534057617
2013-05-29,12.25227165222168,18.905000686645508
2013-05-30,12.284677505493164,18.954999923706055
2013-05-31,12.210148811340332,18.84000015258789
2013-06-03,12.23607063293457,18.8799991607666
2013-06-04,12.19394588470459,18.815000534057617
2013-06-05,12.087013244628906,18.649999618530273
2013-06-06,12.229595184326172,18.8700008392334
2013-06-07,12.30412483215332,18.985000610351562
2013-06-10,12.300883293151855,18.979999542236328
2013-06-11,12.219869613647461,18.854999542236328
2013-06-12,12.099970817565918,18.670000076293945
2013-06-13,12.297642707824707,18.975000381469727
2013-06-14,12.313844680786133,19.0
2013-06-17,12.3527250289917,19.059999465942383
2013-06-18,12.436982154846191,19.190000534057617
2013-06-19,12.15181827545166,18.75
2013-06-20,11.808328628540039,18.219999313354492
2013-06-21,11.962526321411133,18.270000457763672
2013-06-24,11.952701568603516,18.2549991607666
2013-06-25,12.109847068786621,18.4950008392334
2013-06-26,12.263716697692871,18.729999542236328
2013-06-27,12.289902687072754,18.770000457763672
2013-06-28,12.319371223449707,18.815000534057617
2013-07-01,12.165502548217773,18.579999923706055
2013-07-02,12.162229537963867,18.575000762939453
2013-07-03,12.116393089294434,18.5049991607666
2013-07-05,12.080381393432617,18.450000762939453
2013-07-08,12.25389575958252,18.71500015258789
2013-07-09,12.342287063598633,18.850000381469727
2013-07-10,12.411036491394043,18.954999923706055
2013-07-11,12.610740661621094,19.260000228881836
2013-07-12,12.650025367736816,19.31999969482422
2013-07-15,12.85627555847168,19.635000228881836
2013-07-16,12.787530899047852,19.530000686645508
2013-07-17,12.780978202819824,19.520000457763672
2013-07-18,12.892289161682129,19.690000534057617
2013-07-19,12.895564079284668,19.69499969482422
2013-07-22,12.882468223571777,19.674999237060547
2013-07-23,12.915205955505371,19.725000381469727
2013-07-24,12.718777656555176,19.424999237060547
2013-07-25,12.836634635925293,19.604999542236328
2013-07-26,12.882468223571777,19.674999237060547
2013-07-29,12.905383110046387,19.709999084472656
2013-07-30,12.947945594787598,19.774999618530273
2013-07-31,12.853004455566406,19.6299991607666
2013-08-01,12.961037635803223,19.795000076293945
2013-08-02,12.944668769836426,19.770000457763672
2013-08-05,12.859549522399902,19.639999389648438
2013-08-06,12.794075965881348,19.540000915527344
2013-08-07,12.853004455566406,19.6299991607666
2013-08-08,12.902107238769531,19.704999923706055
2013-08-09,12.813716888427734,19.56999969482422
2013-08-12,12.744964599609375,19.46500015258789
2013-08-13,12.676220893859863,19.360000610351562
2013-08-14,12.59437370300293,19.235000610351562
2013-08-15,12.433954238891602,18.989999771118164
2013-08-16,12.289902687072754,18.770000457763672
2013-08-19,12.185145378112793,18.610000610351562
2013-08-20,12.299727439880371,18.78499984741211
2013-08-21,12.158952713012695,18.56999969482422
2013-08-22,12.227703094482422,18.674999237060547
2013-08-23,12.329195022583008,18.829999923706055
2013-08-26,12.237527847290039,18.690000534057617
2013-08-27,12.230978012084961,18.68000030517578
2013-08-28,12.273536682128906,18.7450008392334
2013-08-29,12.201513290405273,18.635000228881836
2013-08-30,12.211338996887207,18.649999618530273
2013-09-03,12.070560455322266,18.434999465942383
2013-09-04,12.070560455322266,18.434999465942383
2013-09-05,12.021453857421875,18.360000610351562
2013-09-06,12.106575012207031,18.489999771118164
2013-09-09,12.149131774902344,18.55500030517578
2013-09-10,12.244074821472168,18.700000762939453
2013-09-11,12.122940063476562,18.514999389648438
2013-09-12,12.090202331542969,18.46500015258789
2013-09-13,12.18187141418457,18.604999542236328
2013-09-16,12.214608192443848,18.655000686645508
2013-09-17,12.28663158416748,18.764999389648438
2013-09-18,12.653301239013672,19.325000762939453
2013-09-19,12.59437370300293,19.235000610351562
2013-09-20,12.404321670532227,18.764999389648438
2013-09-23,12.553059577941895,18.989999771118164
2013-09-24,12.5464506149292,18.979999542236328
2013-09-25,12.460512161254883,18.850000381469727
2013-09-26,12.443984985351562,18.825000762939453
2013-09-27,12.364665985107422,18.704999923706055
2013-09-30,12.35144329071045,18.684999465942383
2013-10-01,12.387800216674805,18.739999771118164
2013-10-02,12.401012420654297,18.760000228881836
2013-10-03,12.255592346191406,18.540000915527344
2013-10-04,12.278729438781738,18.575000762939453
2013-10-07,12.219232559204102,18.485000610351562
2013-10-08,12.305166244506836,18.614999771118164
2013-10-09,12.354745864868164,18.690000534057617
2013-10-10,12.539840698242188,18.969999313354492
2013-10-11,12.599325180053711,19.059999465942383
2013-10-14,12.529919624328613,18.954999923706055
2013-10-15,12.354745864868164,18.690000534057617
2013-10-16,12.467123031616211,18.860000610351562
2013-10-17,12.668737411499023,19.165000915527344
2013-10-18,12.701789855957031,19.21500015258789
2013-10-21,12.675346374511719,19.174999237060547
2013-10-22,12.837300300598145,19.420000076293945
2013-10-23,12.84721851348877,19.434999465942383
2013-10-24,12.820779800415039,19.395000457763672
2013-10-25,12.956286430358887,19.600000381469727
2013-10-28,12.929847717285156,19.559999465942383
2013-10-29,12.94637393951416,19.584999084472656
2013-10-30,12.863739013671875,19.459999084472656
2013-10-31,12.81747055053711,19.389999389648438
2013-11-01,12.91002082824707,19.530000686645508
2013-11-04,12.936456680297852,19.56999969482422
2013-11-05,12.843907356262207,19.43000030517578
2013-11-06,13.019085884094238,19.69499969482422
2013-11-07,12.896798133850098,19.510000228881836
2013-11-08,12.873659133911133,19.475000381469727
2013-11-11,12.870355606079102,19.469999313354492
2013-11-12,12.761282920837402,19.30500030517578
2013-11-13,12.824081420898438,19.399999618530273
2013-11-14,12.936456680297852,19.56999969482422
2013-11-15,13.012473106384277,19.684999465942383
2013-11-18,12.995950698852539,19.65999984741211
2013-11-19,12.900101661682129,19.514999389648438
2013-11-20,12.757980346679688,19.299999237060547
2013-11-21,12.787724494934082,19.344999313354492
2013-11-22,12.777806282043457,19.329999923706055
2013-11-25,12.728229522705078,19.2549991607666
2013-11-26,12.602633476257324,19.065000534057617
2013-11-27,12.576192855834961,19.024999618530273
2013-11-29,12.56958293914795,19.014999389648438
2013-12-02,12.516700744628906,18.934999465942383
2013-12-03,12.579498291015625,19.030000686645508
2013-12-04,12.635685920715332,19.114999771118164
2013-12-05,12.533224105834961,18.959999084472656
2013-12-06,12.705096244812012,19.219999313354492
2013-12-09,12.62907600402832,19.104999542236328
2013-12-10,12.50347900390625,18.915000915527344
2013-12-11,12.401012420654297,18.760000228881836
2013-12-12,12.4175443649292,18.78499984741211
2013-12-13,12.397712707519531,18.7549991607666
2013-12-16,12.463814735412598,18.854999542236328
2013-12-17,12.440682411193848,18.81999969482422
2013-12-18,12.605937004089355,19.06999969482422
2013-12-19,12.513394355773926,18.93000030517578
2013-12-20,12.637328147888184,18.915000915527344
2013-12-23,12.587220191955566,18.84000015258789
2013-12-24,12.637328147888184,18.915000915527344
2013-12-26,12.580543518066406,18.829999923706055
2013-12-27,12.630646705627441,18.905000686645508
2013-12-30,12.660709381103516,18.950000762939453
2013-12-31,12.684098243713379,18.985000610351562
2014-01-02,12.490345001220703,18.69499969482422
2014-01-03,12.450255393981934,18.635000228881836
2014-01-06,12.470298767089844,18.665000915527344
2014-01-07,12.580543518066406,18.829999923706055
2014-01-08,12.51373291015625,18.729999542236328
2014-01-09,12.587220191955566,18.84000015258789
2014-01-10,12.767608642578125,19.110000610351562
2014-01-13,12.637328147888184,18.915000915527344
2014-01-14,12.65402889251709,18.940000534057617
2014-01-15,12.630646705627441,18.905000686645508
2014-01-16,12.71750259399414,19.03499984741211
2014-01-17,12.71415901184082,19.030000686645508
2014-01-21,12.854466438293457,19.239999771118164
2014-01-22,12.867830276489258,19.260000228881836
2014-01-23,12.831083297729492,19.204999923706055
2014-01-24,12.6874418258667,18.989999771118164
2014-01-27,12.71750259399414,19.03499984741211
2014-01-28,12.764272689819336,19.104999542236328
2014-01-29,12.757590293884277,19.094999313354492
2014-01-30,12.954679489135742,19.389999389648438
2014-01-31,13.061579704284668,19.549999237060547
2014-02-03,12.958023071289062,19.395000457763672
2014-02-04,12.881185531616211,19.280000686645508
2014-02-05,12.8244047164917,19.19499969482422
2014-02-06,12.91793441772461,19.334999084472656
2014-02-07,12.98808479309082,19.440000534057617
2014-02-10,13.084964752197266,19.584999084472656
2014-02-11,13.208564758300781,19.770000457763672
2014-02-12,13.225265502929688,19.795000076293945
2014-02-13,13.368914604187012,20.010000228881836
2014-02-14,13.455766677856445,20.139999389648438
2014-02-18,13.502532958984375,20.209999084472656
2014-02-19,13.425704956054688,20.094999313354492
2014-02-20,13.529260635375977,20.25
2014-02-21,13.54595947265625,20.274999618530273
2014-02-24,13.512556076049805,20.225000381469727
2014-02-25,13.495854377746582,20.200000762939453
2014-02-26,13.452424049377441,20.135000228881836
2014-02-27,13.41901683807373,20.084999084472656
2014-02-28,13.512556076049805,20.225000381469727
2014-03-03,13.378931045532227,20.024999618530273
2014-03-04,13.47580623626709,20.170000076293945
2014-03-05,13.385611534118652,20.03499984741211
2014-03-06,13.318803787231445,19.934999465942383
2014-03-07,13.35888957977295,19.9950008392334
2014-03-10,13.325485229492188,19.94499969482422
2014-03-11,13.288739204406738,19.889999389648438
2014-03-12,13.455766677856445,20.139999389648438
2014-03-13,13.596067428588867,20.350000381469727
2014-03-14,13.659538269042969,20.44499969482422
2014-03-17,13.74973201751709,20.579999923706055
2014-03-18,13.729689598083496,20.549999237060547
2014-03-19,13.512556076049805,20.225000381469727
2014-03-20,13.542624473571777,20.270000457763672
2014-03-21,13.645360946655273,20.2549991607666
2014-03-24,13.682411193847656,20.309999465942383
2014-03-25,13.739668846130371,20.395000457763672
2014-03-26,13.682411193847656,20.309999465942383
2014-03-27,13.793569564819336,20.475000381469727
2014-03-28,13.813774108886719,20.5049991607666
2014-03-31,13.965356826782227,20.729999542236328
2014-04-01,13.867671966552734,20.584999084472656
2014-04-02,13.847463607788086,20.55500030517578
2014-04-03,13.891250610351562,20.6200008392334
2014-04-04,13.965356826782227,20.729999542236328
2014-04-07,13.941777229309082,20.69499969482422
2014-04-08,14.140508651733398,20.989999771118164
2014-04-09,14.11019515991211,20.94499969482422
2014-04-10,14.056302070617676,20.864999771118164
2014-04-11,14.042825698852539,20.844999313354492
2014-04-14,14.127037048339844,20.969999313354492
2014-04-15,14.322402954101562,21.260000228881836
2014-04-16,14.426823616027832,21.415000915527344
2014-04-17,14.248294830322266,21.149999618530273
2014-04-21,14.231456756591797,21.125
2014-04-22,14.251665115356445,21.155000686645508
2014-04-23,14.258403778076172,21.165000915527344
2014-04-24,14.356085777282715,21.309999465942383
2014-04-25,14.521138191223145,21.55500030517578
2014-04-28,14.591874122619629,21.65999984741211
2014-04-29,14.531245231628418,21.56999969482422
2014-04-30,14.554821014404297,21.604999542236328
2014-05-01,14.61545181274414,21.69499969482422
2014-05-02,14.315668106079102,21.25
2014-05-05,14.44366455078125,21.440000534057617
2014-05-06,14.372934341430664,21.334999084472656
2014-05-07,14.60534954071045,21.68000030517578
2014-05-08,14.44703483581543,21.44499969482422
2014-05-09,14.234827041625977,21.1299991607666
2014-05-12,14.1034574508667,20.934999465942383
2014-05-13,14.137138366699219,20.985000610351562
2014-05-14,14.207877159118652,21.09000015258789
2014-05-15,14.150614738464355,21.0049991607666
2014-05-16,14.194403648376465,21.06999969482422
2014-05-19,13.975456237792969,20.7450008392334
2014-05-20,13.975456237792969,20.7450008392334
2014-05-21,13.985567092895508,20.760000228881836
2014-05-22,14.100090980529785,20.93000030517578
2014-05-23,14.066405296325684,20.8799991607666
2014-05-27,14.177560806274414,21.045000076293945
2014-05-28,14.261771202087402,21.170000076293945
2014-05-29,14.30219554901123,21.229999542236328
2014-05-30,14.39651107788086,21.3700008392334
2014-06-02,14.39314079284668,21.364999771118164
2014-06-03,14.44703483581543,21.44499969482422
2014-06-04,14.440299034118652,21.434999465942383
2014-06-05,14.561556816101074,21.614999771118164
2014-06-06,14.51103687286377,21.540000915527344
2014-06-09,14.413350105285645,21.395000457763672
2014-06-10,14.379663467407227,21.344999313354492
2014-06-11,14.197773933410645,21.075000762939453
2014-06-12,14.241560935974121,21.139999389648438
2014-06-13,14.332513809204102,21.274999618530273
2014-06-16,14.430191993713379,21.420000076293945
2014-06-17,14.409980773925781,21.389999389648438
2014-06-18,14.73672103881836,21.875
2014-06-19,14.857975959777832,22.05500030517578
2014-06-20,14.76761245727539,21.735000610351562
2014-06-23,14.716656684875488,21.65999984741211
2014-06-24,14.760815620422363,21.725000381469727
2014-06-25,14.81517505645752,21.80500030517578
2014-06-26,14.85933780670166,21.8700008392334
2014-06-27,14.917084693908691,21.954999923706055
2014-06-30,15.035991668701172,22.1299991607666
2014-07-01,14.886520385742188,21.90999984741211
2014-07-02,14.597755432128906,21.485000610351562
2014-07-03,14.438084602355957,21.25
2014-07-07,14.506031036376953,21.350000381469727
2014-07-08,14.604551315307617,21.4950008392334
2014-07-09,14.563780784606934,21.434999465942383
2014-07-10,14.66230297088623,21.579999923706055
2014-07-11,14.550189018249512,21.415000915527344
2014-07-14,14.383732795715332,21.170000076293945
2014-07-15,14.458470344543457,21.280000686645508
2014-07-16,14.506031036376953,21.350000381469727
2014-07-17,14.373536109924316,21.155000686645508
2014-07-18,14.519615173339844,21.3700008392334
2014-07-21,14.506031036376953,21.350000381469727
2014-07-22,14.475452423095703,21.30500030517578
2014-07-23,14.489038467407227,21.325000762939453
2014-07-24,14.533203125,21.389999389648438
2014-07-25,14.417705535888672,21.219999313354492
2014-07-28,14.618133544921875,21.514999389648438
2014-07-29,14.482248306274414,21.315000534057617
2014-07-30,14.237652778625488,20.954999923706055
2014-07-31,14.013434410095215,20.625
2014-08-01,14.067790985107422,20.704999923706055
2014-08-04,13.993054389953613,20.594999313354492
2014-08-05,13.82319164276123,20.344999313354492
2014-08-06,13.646536827087402,20.084999084472656
2014-08-07,13.802806854248047,20.315000534057617
2014-08-08,14.077981948852539,20.719999313354492
2014-08-11,14.027022361755371,20.645000457763672
2014-08-12,14.016833305358887,20.6299991607666
2014-08-13,14.081377983093262,20.725000381469727
2014-08-14,14.203678131103516,20.905000686645508
2014-08-15,14.258028984069824,20.985000610351562
2014-08-18,14.22066593170166,20.93000030517578
2014-08-19,14.400712966918945,21.19499969482422
2014-08-20,14.431292533874512,21.239999771118164
2014-08-21,14.465263366699219,21.290000915527344
2014-08-22,14.421099662780762,21.225000381469727
2014-08-25,14.519615173339844,21.3700008392334
2014-08-26,14.346354484558105,21.114999771118164
2014-08-27,14.502626419067383,21.344999313354492
2014-08-28,14.60793685913086,21.5
2014-08-29,14.70306396484375,21.639999389648438
2014-09-02,14.570578575134277,21.44499969482422
2014-09-03,14.641914367675781,21.549999237060547
2014-09-04,14.635128021240234,21.540000915527344
2014-09-05,14.818570137023926,21.809999465942383
2014-09-08,14.730245590209961,21.68000030517578
2014-09-09,14.560384750366211,21.43000030517578
2014-09-10,14.495841026306152,21.334999084472656
2014-09-11,14.618133544921875,21.514999389648438
2014-09-12,14.35655403137207,21.1299991607666
2014-09-15,14.400712966918945,21.19499969482422
2014-09-16,14.5841646194458,21.46500015258789
2014-09-17,14.556988716125488,21.424999237060547
2014-09-18,14.451678276062012,21.270000457763672
2014-09-19,14.581932067871094,21.270000457763672
2014-09-22,14.472240447998047,21.110000610351562
2014-09-23,14.431107521057129,21.049999237060547
2014-09-24,14.379688262939453,20.975000381469727
2014-09-25,14.29399299621582,20.850000381469727
2014-09-26,14.314558982849121,20.8799991607666
2014-09-29,14.407114028930664,21.014999389648438
2014-09-30,14.427680969238281,21.045000076293945
2014-10-01,14.509947776794434,21.165000915527344
2014-10-02,14.4893798828125,21.135000228881836
2014-10-03,14.581932067871094,21.270000457763672
2014-10-06,14.581932067871094,21.270000457763672
2014-10-07,14.561366081237793,21.239999771118164
2014-10-08,14.890433311462402,21.719999313354492
2014-10-09,14.647062301635742,21.364999771118164
2014-10-10,14.715609550476074,21.46500015258789
2014-10-13,14.701906204223633,21.44499969482422
2014-10-14,14.835590362548828,21.639999389648438
2014-10-15,14.6402006149292,21.354999542236328
2014-10-16,14.65392017364502,21.375
2014-10-17,14.73961067199707,21.5
2014-10-20,14.945277214050293,21.799999237060547
2014-10-21,14.996698379516602,21.875
2014-10-22,15.089247703552246,22.010000228881836
2014-10-23,15.116666793823242,22.049999237060547
2014-10-24,15.264059066772461,22.264999389648438
2014-10-27,15.229787826538086,22.21500015258789
2014-10-28,15.336047172546387,22.3700008392334
2014-10-29,15.246927261352539,22.239999771118164
2014-10-30,15.582850456237793,22.729999542236328
2014-10-31,15.586280822753906,22.735000610351562
2014-11-03,15.689116477966309,22.885000228881836
2014-11-04,15.606842994689941,22.764999389648438
2014-11-05,15.959912300109863,23.280000686645508
2014-11-06,15.689116477966309,22.885000228881836
2014-11-07,15.85365104675293,23.125
2014-11-10,15.932488441467285,23.239999771118164
2014-11-11,15.874215126037598,23.155000686645508
2014-11-12,15.596556663513184,22.75
2014-11-13,15.46973705291748,22.565000534057617
2014-11-14,15.404605865478516,22.469999313354492
2014-11-17,15.606842994689941,22.764999389648438
2014-11-18,15.651405334472656,22.829999923706055
2014-11-19,15.637701034545898,22.809999465942383
2014-11-20,15.603418350219727,22.760000228881836
2014-11-21,15.665124893188477,22.850000381469727
2014-11-24,15.534867286682129,22.65999984741211
2014-11-25,15.534867286682129,22.65999984741211
2014-11-26,15.603418350219727,22.760000228881836
2014-11-28,15.767951011657715,23.0
2014-12-01,15.798806190490723,23.045000076293945
2014-12-02,15.905068397521973,23.200000762939453
2014-12-03,15.860505104064941,23.135000228881836
2014-12-04,15.846796035766602,23.114999771118164
2014-12-05,15.72339153289795,22.934999465942383
2014-12-08,15.850223541259766,23.1200008392334
2014-12-09,15.929067611694336,23.235000610351562
2014-12-10,15.730246543884277,22.94499969482422
2014-12-11,15.88792610168457,23.174999237060547
2014-12-12,15.737105369567871,22.954999923706055
2014-12-15,15.603418350219727,22.760000228881836
2014-12-16,15.589702606201172,22.739999771118164
2014-12-17,15.867362976074219,23.145000457763672
2014-12-18,16.179288864135742,23.600000381469727
2014-12-19,16.205921173095703,23.43000030517578
2014-12-22,16.247426986694336,23.489999771118164
2014-12-23,16.288917541503906,23.549999237060547
2014-12-24,16.589799880981445,23.985000610351562
2014-12-26,16.790388107299805,24.274999618530273
2014-12-29,16.984054565429688,24.55500030517578
2014-12-30,16.631301879882812,24.045000076293945
2014-12-31,16.330427169799805,23.610000610351562
2015-01-02,16.40650749206543,23.719999313354492
2015-01-05,16.205921173095703,23.43000030517578
2015-01-06,16.216297149658203,23.44499969482422
2015-01-07,16.375377655029297,23.674999237060547
2015-01-08,16.489511489868164,23.84000015258789
2015-01-09,16.385757446289062,23.690000534057617
2015-01-12,16.34771728515625,23.635000228881836
2015-01-13,16.39267349243164,23.700000762939453
2015-01-14,16.534467697143555,23.905000686645508
2015-01-15,16.665884017944336,24.094999313354492
2015-01-16,16.814594268798828,24.309999465942383
2015-01-20,16.856098175048828,24.3700008392334
2015-01-21,17.018638610839844,24.604999542236328
2015-01-22,16.946008682250977,24.5
2015-01-23,16.994436264038086,24.56999969482422
2015-01-26,16.984054565429688,24.55500030517578
2015-01-27,17.008262634277344,24.59000015258789
2015-01-28,16.863012313842773,24.3799991607666
2015-01-29,17.087806701660156,24.704999923706055
2015-01-30,16.710840225219727,24.15999984741211
2015-02-02,16.78346824645996,24.264999389648438
2015-02-03,16.845720291137695,24.354999542236328
2015-02-04,16.64166831970215,24.059999465942383
2015-02-05,16.793842315673828,24.280000686645508
2015-02-06,16.102169036865234,23.280000686645508
2015-02-09,15.960371971130371,23.075000762939453
2015-02-10,16.288917541503906,23.549999237060547
2015-02-11,15.936174392700195,23.040000915527344
2015-02-12,15.863540649414062,22.934999465942383
2015-02-13,15.62145709991455,22.584999084472656
2015-02-17,15.607625961303711,22.565000534057617
2015-02-18,15.97767162322998,23.100000381469727
2015-02-19,15.797833442687988,22.84000015258789
2015-02-20,15.801295280456543,22.844999313354492
2015-02-23,15.908500671386719,23.0
2015-02-24,16.02608299255371,23.170000076293945
2015-02-25,15.763252258300781,22.790000915527344
2015-02-26,15.659496307373047,22.639999389648438
2015-02-27,15.642208099365234,22.614999771118164
2015-03-02,15.341334342956543,22.18000030517578
2015-03-03,15.434708595275879,22.315000534057617
2015-03-04,15.348245620727539,22.190000534057617
2015-03-05,15.469293594360352,22.364999771118164
2015-03-06,15.005867004394531,21.69499969482422
2015-03-09,15.033533096313477,21.735000610351562
2015-03-10,15.005867004394531,21.69499969482422
2015-03-11,14.909034729003906,21.55500030517578
2015-03-12,15.19261360168457,21.96500015258789
2015-03-13,15.036994934082031,21.739999771118164
2015-03-16,15.296368598937988,22.114999771118164
2015-03-17,15.272163391113281,22.079999923706055
2015-03-18,15.683708190917969,22.674999237060547
2015-03-19,15.538453102111816,22.46500015258789
2015-03-20,15.678229331970215,22.489999771118164
2015-03-23,15.688682556152344,22.5049991607666
2015-03-24,15.514405250549316,22.2549991607666
2015-03-25,15.333152770996094,21.9950008392334
2015-03-26,15.20418643951416,21.809999465942383
2015-03-27,15.294811248779297,21.940000534057617
2015-03-30,15.483033180236816,22.209999084472656
2015-03-31,15.486515998840332,22.21500015258789
2015-04-01,15.500466346740723,22.235000610351562
2015-04-02,15.528346061706543,22.274999618530273
2015-04-06,15.744452476501465,22.584999084472656
2015-04-07,15.563209533691406,22.325000762939453
2015-04-08,15.517894744873047,22.260000228881836
2015-04-09,15.45166301727295,22.165000915527344
2015-04-10,15.566686630249023,22.329999923706055
2015-04-13,15.413329124450684,22.110000610351562
2015-04-14,15.490006446838379,22.219999313354492
2015-04-15,15.528346061706543,22.274999618530273
2015-04-16,15.427268028259277,22.1299991607666
2015-04-17,15.37149715423584,22.049999237060547
2015-04-20,15.601541519165039,22.3799991607666
2015-04-21,15.462126731872559,22.18000030517578
2015-04-22,15.493490219116211,22.225000381469727
2015-04-23,15.580635070800781,22.350000381469727
2015-04-24,15.737479209899902,22.575000762939453
2015-04-27,15.54926586151123,22.30500030517578
2015-04-28,15.660806655883789,22.46500015258789
2015-04-29,15.594572067260742,22.3700008392334
2015-04-30,15.413329124450684,22.110000610351562
2015-05-01,15.500466346740723,22.235000610351562
2015-05-04,15.615494728088379,22.399999618530273
2015-05-05,15.266929626464844,21.899999618530273
2015-05-06,15.183270454406738,21.780000686645508
2015-05-07,15.239044189453125,21.860000610351562
2015-05-08,15.347100257873535,22.014999389648438
2015-05-11,15.242534637451172,21.864999771118164
2015-05-12,15.225103378295898,21.84000015258789
2015-05-13,15.075215339660645,21.625
2015-05-14,15.249503135681152,21.875
2015-05-15,15.448180198669434,22.15999984741211
2015-05-18,15.50743293762207,22.2450008392334
2015-05-19,15.542290687561035,22.295000076293945
2015-05-20,15.566686630249023,22.329999923706055
2015-05-21,15.559714317321777,22.31999969482422
2015-05-22,15.535322189331055,22.28499984741211
2015-05-26,15.437719345092773,22.145000457763672
2015-05-27,15.500466346740723,22.235000610351562
2015-05-28,15.535322189331055,22.28499984741211
2015-05-29,15.510916709899902,22.25
2015-06-01,15.53183650970459,22.280000686645508
2015-06-02,15.326186180114746,21.985000610351562
2015-06-03,15.099617004394531,21.65999984741211
2015-06-04,15.07869815826416,21.6299991607666
2015-06-05,14.890483856201172,21.360000610351562
2015-06-08,14.80334186553955,21.235000610351562
2015-06-09,14.768486976623535,21.184999465942383
2015-06-10,14.841680526733398,21.290000915527344
2015-06-11,14.960189819335938,21.459999084472656
2015-06-12,14.827742576599121,21.270000457763672
2015-06-15,14.80334186553955,21.235000610351562
2015-06-16,14.873055458068848,21.334999084472656
2015-06-17,14.99853515625,21.514999389648438
2015-06-18,15.19721794128418,21.799999237060547
2015-06-19,15.050545692443848,21.395000457763672
2015-06-22,15.029444694519043,21.364999771118164
2015-06-23,14.82543659210205,21.075000762939453
2015-06-24,14.709366798400879,20.90999984741211
2015-06-25,14.61087703704834,20.770000457763672
2015-06-26,14.698816299438477,20.895000457763672
2015-06-29,14.621432304382324,20.78499984741211
2015-06-30,14.582742691040039,20.729999542236328
2015-07-01,14.670670509338379,20.854999542236328
2015-07-02,14.853572845458984,21.114999771118164
2015-07-06,14.913375854492188,21.200000762939453
2015-07-07,15.282685279846191,21.725000381469727
2015-07-08,15.201784133911133,21.610000610351562
2015-07-09,15.032955169677734,21.3700008392334
2015-07-10,15.113858222961426,21.485000610351562
2015-07-13,15.120890617370605,21.4950008392334
2015-07-14,15.099783897399902,21.46500015258789
2015-07-15,15.173651695251465,21.56999969482422
2015-07-16,15.398756980895996,21.889999389648438
2015-07-17,15.247509956359863,21.674999237060547
2015-07-20,15.170136451721191,21.565000534057617
2015-07-21,15.032955169677734,21.3700008392334
2015-07-22,15.099783897399902,21.46500015258789
2015-07-23,14.874676704406738,21.145000457763672
2015-07-24,14.888749122619629,21.165000915527344
2015-07-27,15.078686714172363,21.434999465942383
2015-07-28,15.149029731750488,21.53499984741211
2015-07-29,15.205307960510254,21.614999771118164
2015-07-30,15.31786060333252,21.774999618530273
2015-07-31,15.472624778747559,21.9950008392334
2015-08-03,15.553523063659668,22.110000610351562
2015-08-04,15.303792953491211,21.7549991607666
2015-08-05,15.342480659484863,21.809999465942383
2015-08-06,15.423379898071289,21.924999237060547
2015-08-07,15.613313674926758,22.19499969482422
2015-08-10,15.549997329711914,22.104999542236328
2015-08-11,15.62738037109375,22.21500015258789
2015-08-12,15.905250549316406,22.610000610351562
2015-08-13,15.908761978149414,22.614999771118164
2015-08-14,16.028356552124023,22.78499984741211
2015-08-17,16.10573387145996,22.895000457763672
2015-08-18,16.06705093383789,22.84000015258789
2015-08-19,16.133874893188477,22.934999465942383
2015-08-20,16.038908004760742,22.799999237060547
2015-08-21,15.845454216003418,22.524999618530273
2015-08-24,15.251030921936035,21.68000030517578
2015-08-25,14.78322982788086,21.014999389648438
2015-08-26,15.047022819519043,21.389999389648438
2015-08-27,15.222893714904785,21.639999389648438
2015-08-28,15.177172660827637,21.575000762939453
2015-08-31,14.93447208404541,21.229999542236328
2015-09-01,14.529984474182129,20.655000686645508
2015-09-02,14.540532112121582,20.670000076293945
2015-09-03,14.607364654541016,20.764999389648438
2015-09-04,14.406874656677246,20.479999542236328
2015-09-08,14.712886810302734,20.915000915527344
2015-09-09,14.529984474182129,20.655000686645508
2015-09-10,14.505362510681152,20.6200008392334
2015-09-11,14.614396095275879,20.774999618530273
2015-09-14,14.649568557739258,20.825000762939453
2015-09-15,14.726948738098145,20.934999465942383
2015-09-16,14.874676704406738,21.145000457763672
2015-09-17,15.078686714172363,21.434999465942383
2015-09-18,14.993827819824219,21.114999771118164
2015-09-21,15.054181098937988,21.200000762939453
2015-09-22,14.866006851196289,20.934999465942383
2015-09-23,14.905060768127441,20.989999771118164
2015-09-24,15.02578067779541,21.15999984741211
2015-09-25,15.171355247497559,21.364999771118164
2015-09-28,15.096793174743652,21.260000228881836
2015-09-29,15.100342750549316,21.264999389648438
2015-09-30,15.370183944702148,21.645000457763672
2015-10-01,15.189106941223145,21.389999389648438
2015-10-02,15.391484260559082,21.674999237060547
2015-10-05,15.590312957763672,21.954999923706055
2015-10-06,15.483795166015625,21.80500030517578
2015-10-07,15.43053913116455,21.729999542236328
2015-10-08,15.622271537780762,22.0
2015-10-09,15.547710418701172,21.895000457763672
2015-10-12,15.686173439025879,22.09000015258789
2015-10-13,15.650667190551758,22.040000915527344
2015-10-14,15.64712142944336,22.03499984741211
2015-10-15,15.87790584564209,22.360000610351562
2015-10-16,15.899203300476074,22.389999389648438
2015-10-19,15.909857749938965,22.405000686645508
2015-10-20,15.963114738464355,22.479999542236328
2015-10-21,15.931157112121582,22.434999465942383
2015-10-22,16.11579132080078,22.69499969482422
2015-10-23,15.831746101379395,22.295000076293945
2015-10-26,15.774934768676758,22.21500015258789
2015-10-27,15.71813678741455,22.135000228881836
2015-10-28,15.551257133483887,21.899999618530273
2015-10-29,15.462493896484375,21.774999618530273
2015-10-30,15.53350830078125,21.875
2015-11-02,15.551257133483887,21.899999618530273
2015-11-03,15.597412109375,21.96500015258789
2015-11-04,15.679078102111816,22.079999923706055
2015-11-05,15.544153213500977,21.889999389648438
2015-11-06,15.00092887878418,21.125
2015-11-09,15.039981842041016,21.18000030517578
2015-11-10,15.174903869628906,21.3700008392334
2015-11-11,15.3062744140625,21.55500030517578
2015-11-12,15.160701751708984,21.350000381469727
2015-11-13,15.103889465332031,21.270000457763672
2015-11-16,15.359527587890625,21.6299991607666
2015-11-17,15.082592964172363,21.239999771118164
2015-11-18,15.178454399108887,21.375
2015-11-19,15.341773986816406,21.604999542236328
2015-11-20,15.40568733215332,21.69499969482422
2015-11-23,15.263665199279785,21.4950008392334
2015-11-24,15.242363929748535,21.46500015258789
2015-11-25,15.150047302246094,21.334999084472656
2015-11-27,15.178454399108887,21.375
2015-11-30,15.203312873840332,21.40999984741211
2015-12-01,15.324019432067871,21.579999923706055
2015-12-02,14.983173370361328,21.100000381469727
2015-12-03,14.869555473327637,20.940000534057617
2015-12-04,15.0790376663208,21.235000610351562
2015-12-07,15.146498680114746,21.329999923706055
2015-12-08,15.125194549560547,21.299999237060547
2015-12-09,15.128745079040527,21.30500030517578
2015-12-10,14.880206108093262,20.954999923706055
2015-12-11,14.837602615356445,20.895000457763672
2015-12-14,14.9121675491333,21.0
2015-12-15,15.029327392578125,21.165000915527344
2015-12-16,15.409236907958984,21.700000762939453
2015-12-17,15.441190719604492,21.7450008392334
2015-12-18,15.249277114868164,21.2549991607666
2015-12-21,15.238511085510254,21.239999771118164
2015-12-22,15.36764907836914,21.420000076293945
2015-12-23,15.604413032531738,21.75
2015-12-24,15.593647956848145,21.735000610351562
2015-12-28,15.62234115600586,21.774999618530273
2015-12-29,15.708438873291016,21.895000457763672
2015-12-30,15.694089889526367,21.875
2015-12-31,15.52548885345459,21.639999389648438
2016-01-04,15.493202209472656,21.594999313354492
2016-01-05,15.604413032531738,21.75
2016-01-06,15.575708389282227,21.709999084472656
2016-01-07,15.47168254852295,21.565000534057617
2016-01-08,15.464507102966309,21.55500030517578
2016-01-11,15.547013282775879,21.670000076293945
2016-01-12,15.486029624938965,21.584999084472656
2016-01-13,15.47885513305664,21.575000762939453
2016-01-14,15.712026596069336,21.899999618530273
2016-01-15,15.572120666503906,21.704999923706055
2016-01-19,15.805294036865234,22.030000686645508
2016-01-20,15.450160026550293,21.53499984741211
2016-01-21,15.435811042785645,21.514999389648438
2016-01-22,15.712026596069336,21.899999618530273
2016-01-25,15.57929801940918,21.71500015258789
2016-01-26,15.686915397644043,21.864999771118164
2016-01-27,15.722784996032715,21.915000915527344
2016-01-28,15.973882675170898,22.264999389648438
2016-01-29,16.29315185546875,22.709999084472656
2016-02-01,16.447402954101562,22.924999237060547
2016-02-02,16.519147872924805,23.024999618530273
2016-02-03,16.723623275756836,23.309999465942383
2016-02-04,16.651874542236328,23.209999084472656
2016-02-05,16.7056827545166,23.28499984741211
2016-02-08,16.648290634155273,23.204999923706055
2016-02-09,16.7056827545166,23.28499984741211
2016-02-10,16.687753677368164,23.260000228881836
2016-02-11,16.393596649169922,22.850000381469727
2016-02-12,16.343381881713867,22.780000686645508
2016-02-16,16.447402954101562,22.924999237060547
2016-02-17,16.415119171142578,22.8799991607666
2016-02-18,16.68416404724121,23.2549991607666
2016-02-19,16.57296371459961,23.100000381469727
2016-02-22,16.766664505004883,23.3700008392334
2016-02-23,16.78101348876953,23.389999389648438
2016-02-24,16.85993194580078,23.5
2016-02-25,17.03211784362793,23.739999771118164
2016-02-26,16.562196731567383,23.084999084472656
2016-02-29,16.60883331298828,23.149999618530273
2016-03-01,16.526321411132812,23.03499984741211
2016-03-02,16.61241912841797,23.155000686645508
2016-03-03,16.712858200073242,23.295000076293945
2016-03-04,16.899394989013672,23.55500030517578
2016-03-07,16.99266242980957,23.684999465942383
2016-03-08,17.16126251220703,23.920000076293945
2016-03-09,17.240184783935547,24.030000686645508
2016-03-10,17.25452995300293,24.049999237060547
2016-03-11,17.27246856689453,24.075000762939453
2016-03-14,17.293989181518555,24.104999542236328
2016-03-15,17.326276779174805,24.149999618530273
2016-03-16,17.59172821044922,24.520000457763672
2016-03-17,17.688587188720703,24.655000686645508
2016-03-18,17.575820922851562,24.315000534057617
2016-03-21,17.55774688720703,24.290000915527344
2016-03-22,17.499919891357422,24.209999084472656
2016-03-23,17.630035400390625,24.389999389648438
2016-03-24,17.67701530456543,24.454999923706055
2016-03-28,17.611963272094727,24.364999771118164
2016-03-29,17.872188568115234,24.725000381469727
2016-03-30,17.82881736755371,24.665000915527344
2016-03-31,17.933624267578125,24.809999465942383
2016-04-01,18.002302169799805,24.905000686645508
2016-04-04,17.926395416259766,24.799999237060547
2016-04-05,17.59027671813965,24.334999084472656
2016-04-06,17.568593978881836,24.30500030517578
2016-04-07,17.561363220214844,24.295000076293945
2016-04-08,17.655332565307617,24.424999237060547
2016-04-11,17.579435348510742,24.31999969482422
2016-04-12,17.702314376831055,24.489999771118164
2016-04-13,17.593896865844727,24.34000015258789
2016-04-14,17.572202682495117,24.309999465942383
2016-04-15,17.669788360595703,24.44499969482422
2016-04-18,17.73845863342285,24.540000915527344
2016-04-19,17.767375946044922,24.579999923706055
2016-04-20,17.322826385498047,23.96500015258789
2016-04-21,16.961408615112305,23.46500015258789
2016-04-22,17.113204956054688,23.674999237060547
2016-04-25,17.145729064941406,23.719999313354492
2016-04-26,17.171030044555664,23.7549991607666
2016-04-27,17.420412063598633,24.100000381469727
2016-04-28,17.395111083984375,24.065000534057617
2016-04-29,17.499919891357422,24.209999084472656
2016-05-02,17.640878677368164,24.405000686645508
2016-05-03,17.62641716003418,24.385000228881836
2016-05-04,17.83243179321289,24.670000076293945
2016-05-05,17.763757705688477,24.575000762939453
2016-05-06,17.64810562133789,24.415000915527344
2016-05-09,17.74929428100586,24.55500030517578
2016-05-10,17.767375946044922,24.579999923706055
2016-05-11,17.83243179321289,24.670000076293945
2016-05-12,17.937244415283203,24.815000534057617
2016-05-13,17.85050392150879,24.69499969482422
2016-05-16,17.872188568115234,24.725000381469727
2016-05-17,17.568593978881836,24.30500030517578
2016-05-18,17.239696502685547,23.850000381469727
2016-05-19,17.41318130493164,24.09000015258789
2016-05-20,17.452939987182617,24.145000457763672
2016-05-23,17.29752540588379,23.93000030517578
2016-05-24,17.47100830078125,24.170000076293945
2016-05-25,17.420412063598633,24.100000381469727
2016-05-26,17.61919593811035,24.375
2016-05-27,17.64810562133789,24.415000915527344
2016-05-31,17.763757705688477,24.575000762939453
2016-06-01,17.810745239257812,24.639999389648438
2016-06-02,17.817970275878906,24.649999618530273
2016-06-03,18.09987449645996,25.040000915527344
2016-06-06,18.074581146240234,25.0049991607666
2016-06-07,18.06012535095215,24.985000610351562
2016-06-08,18.168546676635742,25.135000228881836
2016-06-09,18.323957443237305,25.350000381469727
2016-06-10,18.27696990966797,25.28499984741211
2016-06-13,18.25528907775879,25.2549991607666
2016-06-14,18.352872848510742,25.389999389648438
2016-06-15,18.23721694946289,25.229999542236328
2016-06-16,18.352872848510742,25.389999389648438
2016-06-17,18.419193267822266,25.274999618530273
2016-06-20,18.349958419799805,25.18000030517578
2016-06-21,18.375463485717773,25.21500015258789
2016-06-22,18.288013458251953,25.094999313354492
2016-06-23,18.339021682739258,25.165000915527344
2016-06-24,18.368183135986328,25.204999923706055
2016-06-27,18.59408950805664,25.514999389648438
2016-06-28,18.66332244873047,25.610000610351562
2016-06-29,18.714330673217773,25.68000030517578
2016-06-30,19.11878776550293,26.235000610351562
2016-07-01,19.122432708740234,26.239999771118164
2016-07-05,19.264543533325195,26.434999465942383
2016-07-06,19.304622650146484,26.489999771118164
2016-07-07,18.947534561157227,26.0
2016-07-08,19.144296646118164,26.270000457763672
2016-07-11,19.129722595214844,26.25
2016-07-12,18.86737632751465,25.889999389648438
2016-07-13,19.016759872436523,26.094999313354492
2016-07-14,18.892868041992188,25.924999237060547
2016-07-15,18.947534561157227,26.0
2016-07-18,19.002187728881836,26.075000762939453
2016-07-19,18.969396591186523,26.030000686645508
2016-07-20,18.860084533691406,25.8799991607666
2016-07-21,18.973041534423828,26.03499984741211
2016-07-22,19.22446060180664,26.3799991607666
2016-07-25,19.191659927368164,26.334999084472656
2016-07-26,19.0240535736084,26.104999542236328
2016-07-27,18.805435180664062,25.80500030517578
2016-07-28,18.878307342529297,25.905000686645508
2016-07-29,18.99125862121582,26.059999465942383
2016-08-01,19.002187728881836,26.075000762939453
2016-08-02,18.878307342529297,25.905000686645508
2016-08-03,18.765338897705078,25.75
2016-08-04,18.75441551208496,25.735000610351562
2016-08-05,18.48477554321289,25.364999771118164
2016-08-08,18.477489471435547,25.354999542236328
2016-08-09,18.47384262084961,25.350000381469727
2016-08-10,18.477489471435547,25.354999542236328
2016-08-11,18.521217346191406,25.415000915527344
2016-08-12,18.54672622680664,25.450000762939453
2016-08-15,18.262508392333984,25.059999465942383
2016-08-16,18.047523498535156,24.764999389648438
2016-08-17,18.317161560058594,25.135000228881836
2016-08-18,18.54307746887207,25.44499969482422
2016-08-19,18.317161560058594,25.135000228881836
2016-08-22,18.364534378051758,25.200000762939453
2016-08-23,18.284366607666016,25.09000015258789
2016-08-24,18.277080535888672,25.079999923706055
2016-08-25,18.288013458251953,25.094999313354492
2016-08-26,17.909061431884766,24.575000762939453
2016-08-29,18.05481719970703,24.774999618530273
2016-08-30,17.865333557128906,24.514999389648438
2016-08-31,17.938213348388672,24.614999771118164
2016-09-01,17.847118377685547,24.489999771118164
2016-09-02,18.08396339416504,24.815000534057617
2016-09-06,18.280731201171875,25.084999084472656
2016-09-07,18.284366607666016,25.09000015258789
2016-09-08,18.3463134765625,25.174999237060547
2016-09-09,17.657649993896484,24.229999542236328
2016-09-12,17.971010208129883,24.65999984741211
2016-09-13,17.723234176635742,24.31999969482422
2016-09-14,17.792465209960938,24.415000915527344
2016-09-15,17.927282333374023,24.600000381469727
2016-09-16,18.10220718383789,24.6299991607666
2016-09-19,18.282270431518555,24.875
2016-09-20,18.249195098876953,24.829999923706055
2016-09-21,18.620359420776367,25.334999084472656
2016-09-22,18.734275817871094,25.489999771118164
2016-09-23,18.719573974609375,25.469999313354492
2016-09-26,18.671798706054688,25.405000686645508
2016-09-27,18.42926597595215,25.075000762939453
2016-09-28,18.403541564941406,25.040000915527344
2016-09-29,18.127927780151367,24.665000915527344
2016-09-30,18.002981185913086,24.4950008392334
2016-10-03,17.74942398071289,24.149999618530273
2016-10-04,17.378259658813477,23.645000457763672
2016-10-05,17.341508865356445,23.594999313354492
2016-10-06,17.337841033935547,23.59000015258789
2016-10-07,17.315792083740234,23.559999465942383
2016-10-10,17.459108352661133,23.7549991607666
2016-10-11,17.260665893554688,23.485000610351562
2016-10-12,17.42970848083496,23.71500015258789
2016-10-13,17.646522521972656,24.010000228881836
2016-10-14,17.54730224609375,23.875
2016-10-17,17.642850875854492,24.0049991607666
2016-10-18,17.793516159057617,24.209999084472656
2016-10-19,17.753087997436523,24.155000686645508
2016-10-20,17.742069244384766,24.139999389648438
2016-10-21,17.639171600341797,24.0
2016-10-24,17.705324172973633,24.09000015258789
2016-10-25,17.81556510925293,24.239999771118164
2016-10-26,17.859663009643555,24.299999237060547
2016-10-27,17.753087997436523,24.155000686645508
2016-10-28,17.80821990966797,24.229999542236328
2016-10-31,18.164682388305664,24.71500015258789
2016-11-01,17.833940505981445,24.264999389648438
2016-11-02,17.609777450561523,23.959999084472656
2016-11-03,17.675920486450195,24.049999237060547
2016-11-04,17.620800018310547,23.975000381469727
2016-11-07,17.929489135742188,24.395000457763672
2016-11-08,18.069135665893555,24.584999084472656
2016-11-09,17.403980255126953,23.68000030517578
2016-11-10,16.98505401611328,23.110000610351562
2016-11-11,16.91522789001465,23.014999389648438
2016-11-14,16.904212951660156,23.0
2016-11-15,17.1761474609375,23.3700008392334
2016-11-16,17.058549880981445,23.209999084472656
2016-11-17,17.062231063842773,23.21500015258789
2016-11-18,17.01077651977539,23.145000457763672
2016-11-21,17.190847396850586,23.389999389648438
2016-11-22,17.256996154785156,23.479999542236328
2016-11-23,17.084274291992188,23.2450008392334
2016-11-25,17.330488204956055,23.579999923706055
2016-11-28,17.66489601135254,24.03499984741211
2016-11-29,17.738393783569336,24.135000228881836
2016-11-30,17.1798152923584,23.375
2016-12-01,17.04384994506836,23.190000534057617
2016-12-02,17.19819450378418,23.399999618530273
2016-12-05,17.220245361328125,23.43000030517578
2016-12-06,17.187171936035156,23.385000228881836
2016-12-07,17.411334991455078,23.690000534057617
2016-12-08,17.44073486328125,23.729999542236328
2016-12-09,17.624475479125977,23.979999542236328
2016-12-12,17.80821990966797,24.229999542236328
2016-12-13,17.991960525512695,24.479999542236328
2016-12-14,17.620800018310547,23.975000381469727
2016-12-15,17.74574851989746,24.145000457763672
2016-12-16,17.962064743041992,24.204999923706055
2016-12-19,18.028850555419922,24.295000076293945
2016-12-20,18.05110740661621,24.325000762939453
2016-12-21,17.97690773010254,24.225000381469727
2016-12-22,18.03997802734375,24.309999465942383
2016-12-23,18.03627586364746,24.30500030517578
2016-12-27,18.05110740661621,24.325000762939453
2016-12-28,17.880430221557617,24.094999313354492
2016-12-29,18.121612548828125,24.420000076293945
2016-12-30,18.021432876586914,24.28499984741211
2017-01-03,17.97690773010254,24.225000381469727
2017-01-04,18.043689727783203,24.315000534057617
2017-01-05,18.062240600585938,24.34000015258789
2017-01-06,18.11789894104004,24.415000915527344
2017-01-09,17.880430221557617,24.094999313354492
2017-01-10,17.824777603149414,24.020000457763672
2017-01-11,18.010292053222656,24.270000457763672
2017-01-12,18.025135040283203,24.290000915527344
2017-01-13,17.99916648864746,24.2549991607666
2017-01-17,18.195819854736328,24.520000457763672
2017-01-18,18.17354965209961,24.489999771118164
2017-01-19,18.014005661010742,24.274999618530273
2017-01-20,18.047399520874023,24.31999969482422
2017-01-23,17.954639434814453,24.19499969482422
2017-01-24,17.95093536376953,24.190000534057617
2017-01-25,17.95093536376953,24.190000534057617
2017-01-26,17.958351135253906,24.200000762939453
2017-01-27,17.954639434814453,24.19499969482422
2017-01-30,17.969486236572266,24.21500015258789
2017-01-31,18.24776268005371,24.59000015258789
2017-02-01,17.9323787689209,24.165000915527344
2017-02-02,18.121612548828125,24.420000076293945
2017-02-03,18.143869400024414,24.450000762939453
2017-02-06,18.106767654418945,24.399999618530273
2017-02-07,18.151294708251953,24.459999084472656
2017-02-08,18.329387664794922,24.700000762939453
2017-02-09,18.17354965209961,24.489999771118164
2017-02-10,18.288583755493164,24.645000457763672
2017-02-13,18.377628326416016,24.764999389648438
2017-02-14,18.244050979614258,24.584999084472656
2017-02-15,18.199525833129883,24.524999618530273
2017-02-16,18.381336212158203,24.770000457763672
2017-02-17,18.392465591430664,24.78499984741211
2017-02-21,18.58540916442871,25.045000076293945
2017-02-22,18.663326263427734,25.149999618530273
2017-02-23,18.85626983642578,25.40999984741211
2017-02-24,19.1419677734375,25.795000076293945
2017-02-27,19.034366607666016,25.649999618530273
2017-02-28,19.208759307861328,25.885000228881836
2017-03-01,19.038084030151367,25.655000686645508
2017-03-02,19.175365447998047,25.84000015258789
2017-03-03,19.115995407104492,25.760000228881836
2017-03-06,19.078895568847656,25.709999084472656
2017-03-07,19.06776237487793,25.69499969482422
2017-03-08,18.79319190979004,25.325000762939453
2017-03-09,18.752384185791016,25.270000457763672
2017-03-10,18.90821075439453,25.479999542236328
2017-03-13,18.9638729095459,25.55500030517578
2017-03-14,18.9453182220459,25.530000686645508
2017-03-15,19.249568939208984,25.940000534057617
2017-03-16,19.038084030151367,25.655000686645508
2017-03-17,19.152851104736328,25.614999771118164
2017-03-20,19.025741577148438,25.44499969482422
2017-03-21,19.294919967651367,25.80500030517578
2017-03-22,19.388383865356445,25.93000030517578
2017-03-23,19.328563690185547,25.850000381469727
2017-03-24,19.399599075317383,25.94499969482422
2017-03-27,19.3248291015625,25.844999313354492
2017-03-28,19.30987548828125,25.825000762939453
2017-03-29,19.25753402709961,25.7549991607666
2017-03-30,19.107986450195312,25.55500030517578
2017-03-31,19.18276596069336,25.655000686645508
2017-04-03,19.17902374267578,25.649999618530273
2017-04-04,19.238840103149414,25.729999542236328
2017-04-05,19.347259521484375,25.875
2017-04-06,19.298654556274414,25.809999465942383
2017-04-07,19.216405868530273,25.700000762939453
2017-04-10,19.25005340576172,25.7450008392334
2017-04-11,19.242576599121094,25.735000610351562
2017-04-12,19.384645462036133,25.924999237060547
2017-04-13,19.32109260559082,25.84000015258789
2017-04-17,19.40707778930664,25.954999923706055
2017-04-18,19.45193862915039,26.014999389648438
2017-04-19,19.31735610961914,25.834999084472656
2017-04-20,19.242576599121094,25.735000610351562
2017-04-21,19.339780807495117,25.864999771118164
2017-04-24,19.44072723388672,26.0
2017-04-25,19.414554595947266,25.96500015258789
2017-04-26,19.354740142822266,25.885000228881836
2017-04-27,19.422033309936523,25.975000381469727
2017-04-28,19.328563690185547,25.850000381469727
2017-05-01,19.212671279907227,25.69499969482422
2017-05-02,19.2351016998291,25.725000381469727
2017-05-03,19.167810440063477,25.635000228881836
2017-05-04,19.2351016998291,25.725000381469727
2017-05-05,19.339780807495117,25.864999771118164
2017-05-08,19.332304000854492,25.854999542236328
2017-05-09,19.190244674682617,25.665000915527344
2017-05-10,19.220142364501953,25.704999923706055
2017-05-11,19.24631690979004,25.739999771118164
2017-05-12,19.339780807495117,25.864999771118164
2017-05-15,19.422033309936523,25.975000381469727
2017-05-16,19.279966354370117,25.78499984741211
2017-05-17,19.328563690185547,25.850000381469727
2017-05-18,19.395856857299805,25.940000534057617
2017-05-19,19.47063636779785,26.040000915527344
2017-05-22,19.638870239257812,26.264999389648438
2017-05-23,19.691213607788086,26.334999084472656
2017-05-24,19.80336570739746,26.485000610351562
2017-05-25,19.96412467956543,26.700000762939453
2017-05-26,19.96412467956543,26.700000762939453
2017-05-30,20.027687072753906,26.78499984741211
2017-05-31,20.128625869750977,26.920000076293945
2017-06-01,20.27069664001465,27.110000610351562
2017-06-02,20.29313087463379,27.139999389648438
2017-06-05,20.229568481445312,27.05500030517578
2017-06-06,20.184703826904297,26.9950008392334
2017-06-07,20.252002716064453,27.084999084472656
2017-06-08,20.08376693725586,26.860000610351562
2017-06-09,20.0650634765625,26.834999084472656
2017-06-12,20.027687072753906,26.78499984741211
2017-06-13,20.07628631591797,26.850000381469727
2017-06-14,20.184703826904297,26.9950008392334
2017-06-15,20.300600051879883,27.149999618530273
2017-06-16,20.393695831298828,27.05500030517578
2017-06-19,20.325851440429688,26.96500015258789
2017-06-20,20.3371639251709,26.979999542236328
2017-06-21,20.216556549072266,26.81999969482422
2017-06-22,20.122333526611328,26.69499969482422
2017-06-23,20.054494857788086,26.604999542236328
2017-06-26,20.190174102783203,26.78499984741211
2017-06-27,19.964033126831055,26.485000610351562
2017-06-28,19.771821975708008,26.229999542236328
2017-06-29,19.61353302001953,26.020000457763672
2017-06-30,19.583375930786133,25.979999542236328
2017-07-03,19.492921829223633,25.860000610351562
2017-07-05,19.39869499206543,25.735000610351562
2017-07-06,19.39116096496582,25.725000381469727
2017-07-07,19.406234741210938,25.7450008392334
2017-07-10,19.39116096496582,25.725000381469727
2017-07-11,19.37985610961914,25.709999084472656
2017-07-12,19.545686721801758,25.93000030517578
2017-07-13,19.477846145629883,25.84000015258789
2017-07-14,19.568300247192383,25.959999084472656
2017-07-17,19.658756256103516,26.079999923706055
2017-07-18,19.715293884277344,26.155000686645508
2017-07-19,19.79820442199707,26.264999389648438
2017-07-20,19.941425323486328,26.454999923706055
2017-07-21,20.08464241027832,26.645000457763672
2017-07-24,19.89620018005371,26.395000457763672
2017-07-25,19.783130645751953,26.2450008392334
2017-07-26,19.971574783325195,26.4950008392334
2017-07-27,20.020572662353516,26.559999465942383
2017-07-28,19.990421295166016,26.520000457763672
2017-07-31,20.058263778686523,26.610000610351562
2017-08-01,20.17132568359375,26.760000228881836
2017-08-02,20.258018493652344,26.875
2017-08-03,20.359773635864258,27.010000228881836
2017-08-04,20.26932716369629,26.889999389648438
2017-08-07,20.333396911621094,26.975000381469727
2017-08-08,20.416311264038086,27.084999084472656
2017-08-09,20.310779571533203,26.94499969482422
2017-08-10,20.374855041503906,27.030000686645508
2017-08-11,20.254243850708008,26.8700008392334
2017-08-14,20.37108612060547,27.024999618530273
2017-08-15,20.484149932861328,27.174999237060547
2017-08-16,20.567062377929688,27.28499984741211
2017-08-17,20.420080184936523,27.09000015258789
2017-08-18,20.540685653686523,27.25
2017-08-21,20.616064071655273,27.350000381469727
2017-08-22,20.66128921508789,27.40999984741211
2017-08-23,20.7291316986084,27.5
2017-08-24,20.71405601501465,27.479999542236328
2017-08-25,20.78189468383789,27.56999969482422
2017-08-28,20.819591522216797,27.6200008392334
2017-08-29,20.77435874938965,27.559999465942383
2017-08-30,20.71405601501465,27.479999542236328
2017-08-31,20.717823028564453,27.485000610351562
2017-09-01,20.653751373291016,27.399999618530273
2017-09-05,20.70651626586914,27.469999313354492
2017-09-06,20.612295150756836,27.344999313354492
2017-09-07,20.766817092895508,27.549999237060547
2017-09-08,20.864818572998047,27.68000030517578
2017-09-11,21.041954040527344,27.915000915527344
2017-09-12,20.69144058227539,27.450000762939453
2017-09-13,20.589679718017578,27.315000534057617
2017-09-14,20.76305389404297,27.545000076293945
2017-09-15,20.79229164123535,27.375
2017-09-18,20.579626083374023,27.094999313354492
2017-09-19,20.537845611572266,27.040000915527344
2017-09-20,20.385942459106445,26.84000015258789
2017-09-21,20.382139205932617,26.834999084472656
2017-09-22,20.21504020690918,26.614999771118164
2017-09-25,20.401134490966797,26.860000610351562
2017-09-26,20.3631591796875,26.809999465942383
2017-09-27,20.0897216796875,26.450000762939453
2017-09-28,20.16187858581543,26.545000076293945
2017-09-29,20.146686553955078,26.524999618530273
2017-10-02,20.18086814880371,26.56999969482422
2017-10-03,20.123905181884766,26.4950008392334
2017-10-04,20.325178146362305,26.760000228881836
2017-10-05,20.306190490722656,26.735000610351562
2017-10-06,20.291004180908203,26.71500015258789
2017-10-09,20.317584991455078,26.75
2017-10-10,20.51506233215332,27.010000228881836
2017-10-11,20.60240936279297,27.125
2017-10-12,20.70874786376953,27.264999389648438
2017-10-13,20.564434051513672,27.075000762939453
2017-10-16,20.518857955932617,27.014999389648438
2017-10-17,20.640384674072266,27.174999237060547
2017-10-18,20.60240936279297,27.125
2017-10-19,20.818876266479492,27.40999984741211
2017-10-20,20.834064483642578,27.43000030517578
2017-10-23,20.845462799072266,27.44499969482422
2017-10-24,20.86444664001465,27.469999313354492
2017-10-25,20.773305892944336,27.350000381469727
2017-10-26,20.777101516723633,27.354999542236328
2017-10-27,20.90622329711914,27.524999618530273
2017-10-30,20.91002082824707,27.530000686645508
2017-10-31,20.932811737060547,27.559999465942383
2017-11-01,20.815080642700195,27.405000686645508
2017-11-02,20.891036987304688,27.5049991607666
2017-11-03,20.96698570251465,27.604999542236328
2017-11-06,20.887237548828125,27.5
2017-11-07,21.137889862060547,27.829999923706055
2017-11-08,21.153076171875,27.850000381469727
2017-11-09,21.179658889770508,27.885000228881836
2017-11-10,21.08091926574707,27.7549991607666
2017-11-13,21.331565856933594,28.084999084472656
2017-11-14,21.597402572631836,28.434999465942383
2017-11-15,21.411317825317383,28.190000534057617
2017-11-16,21.342960357666016,28.100000381469727
2017-11-17,21.194847106933594,27.905000686645508
2017-11-20,21.13028335571289,27.81999969482422
2017-11-21,21.187246322631836,27.895000457763672
2017-11-22,21.187246322631836,27.895000457763672
2017-11-24,21.221431732177734,27.940000534057617
2017-11-27,21.312576293945312,28.059999465942383
2017-11-28,21.411317825317383,28.190000534057617
2017-11-29,21.422710418701172,28.204999923706055
2017-11-30,21.4948673248291,28.299999237060547
2017-12-01,21.422710418701172,28.204999923706055
2017-12-04,21.301185607910156,28.045000076293945
2017-12-05,21.031545639038086,27.690000534057617
2017-12-06,21.111303329467773,27.795000076293945
2017-12-07,21.149272918701172,27.844999313354492
2017-12-08,21.217636108398438,27.934999465942383
2017-12-11,21.346750259399414,28.104999542236328
2017-12-12,20.982179641723633,27.625
2017-12-13,21.039138793945312,27.700000762939453
2017-12-14,21.012557983398438,27.665000915527344
2017-12-15,21.0896053314209,27.510000228881836
2017-12-18,20.85578727722168,27.204999923706055
2017-12-19,20.476308822631836,26.709999084472656
2017-12-20,20.315322875976562,26.5
2017-12-21,20.07383918762207,26.184999465942383
2017-12-22,20.104503631591797,26.225000381469727
2017-12-26,19.98567771911621,26.06999969482422
2017-12-27,20.070003509521484,26.18000030517578
2017-12-28,20.181163787841797,26.325000762939453
2017-12-29,20.192663192749023,26.34000015258789
2018-01-02,20.004837036132812,26.094999313354492
2018-01-03,19.847688674926758,25.889999389648438
2018-01-04,19.682861328125,25.674999237060547
2018-01-05,19.67519760131836,25.665000915527344
2018-01-08,19.85918617248535,25.905000686645508
2018-01-09,19.663692474365234,25.649999618530273
2018-01-10,19.449050903320312,25.3700008392334
2018-01-11,19.3762149810791,25.274999618530273
2018-01-12,19.265060424804688,25.1299991607666
2018-01-16,19.222896575927734,25.075000762939453
2018-01-17,19.341716766357422,25.229999542236328
2018-01-18,19.219058990478516,25.06999969482422
2018-01-19,19.161571502685547,24.9950008392334
2018-01-22,19.188396453857422,25.030000686645508
2018-01-23,19.372386932373047,25.270000457763672
2018-01-24,19.253559112548828,25.114999771118164
2018-01-25,19.55254364013672,25.5049991607666
2018-01-26,19.564043045043945,25.520000457763672
2018-01-29,19.31488800048828,25.19499969482422
2018-01-30,19.349388122558594,25.239999771118164
2018-01-31,19.564043045043945,25.520000457763672
2018-02-01,19.257394790649414,25.1200008392334
2018-02-02,19.119403839111328,24.940000534057617
2018-02-05,18.805091857910156,24.530000686645508
2018-02-06,18.525270462036133,24.165000915527344
2018-02-07,18.43711280822754,24.049999237060547
2018-02-08,18.23012924194336,23.780000686645508
2018-02-09,18.613439559936523,24.280000686645508
2018-02-12,18.755260467529297,24.46500015258789
2018-02-13,18.83958625793457,24.575000762939453
2018-02-14,18.628765106201172,24.299999237060547
2018-02-15,19.04273796081543,24.84000015258789
2018-02-16,19.21139907836914,25.059999465942383
2018-02-20,18.962247848510742,24.735000610351562
2018-02-21,18.713090896606445,24.40999984741211
2018-02-22,18.808917999267578,24.53499984741211
2018-02-23,19.299556732177734,25.174999237060547
2018-02-26,19.2420597076416,25.100000381469727
2018-02-27,18.93541717529297,24.700000762939453
2018-02-28,18.805091857910156,24.530000686645508
2018-03-01,18.808917999267578,24.53499984741211
2018-03-02,18.75909423828125,24.469999313354492
2018-03-05,19.14240264892578,24.969999313354492
2018-03-06,18.88558578491211,24.635000228881836
2018-03-07,18.74376106262207,24.450000762939453
2018-03-08,18.881750106811523,24.6299991607666
2018-03-09,18.93541717529297,24.700000762939453
2018-03-12,19.01590919494629,24.80500030517578
2018-03-13,19.05806541442871,24.860000610351562
2018-03-14,19.253559112548828,25.114999771118164
2018-03-15,19.2420597076416,25.100000381469727
2018-03-16,19.410865783691406,25.125
2018-03-19,19.291118621826172,24.969999313354492
2018-03-20,19.2022705078125,24.854999542236328
2018-03-21,19.13660430908203,24.770000457763672
2018-03-22,19.221590042114258,24.8799991607666
2018-03-23,18.951190948486328,24.530000686645508
2018-03-26,19.148189544677734,24.78499984741211
2018-03-27,19.422452926635742,25.139999389648438
2018-03-28,19.414731979370117,25.1299991607666
2018-03-29,19.519027709960938,25.264999389648438
2018-04-02,19.368371963500977,25.06999969482422
2018-04-03,19.434043884277344,25.155000686645508
2018-04-04,19.476533889770508,25.209999084472656
2018-04-05,19.631052017211914,25.40999984741211
2018-04-06,19.476533889770508,25.209999084472656
2018-04-09,19.51516342163086,25.260000228881836
2018-04-10,19.364513397216797,25.065000534057617
2018-04-11,19.33746910095215,25.030000686645508
2018-04-12,19.0825252532959,24.700000762939453
2018-04-13,19.23317527770996,24.895000457763672
2018-04-16,19.495853424072266,25.235000610351562
2018-04-17,19.69285774230957,25.489999771118164
2018-04-18,19.619461059570312,25.395000457763672
2018-04-19,19.607868194580078,25.3799991607666
2018-04-20,19.4301815032959,25.149999618530273
2018-04-23,19.44176483154297,25.165000915527344
2018-04-24,19.57310676574707,25.334999084472656
2018-04-25,19.57697296142578,25.34000015258789
2018-04-26,19.773977279663086,25.594999313354492
2018-04-27,19.974849700927734,25.854999542236328
2018-04-30,19.91690444946289,25.780000686645508
2018-05-01,19.855093002319336,25.700000762939453
2018-05-02,19.835779190063477,25.674999237060547
2018-05-03,19.80873680114746,25.639999389648438
2018-05-04,19.897586822509766,25.7549991607666
2018-05-07,19.793289184570312,25.6200008392334
2018-05-08,19.298845291137695,24.979999542236328
2018-05-09,19.163644790649414,24.80500030517578
2018-05-10,19.434043884277344,25.155000686645508
2018-05-11,19.46108627319336,25.190000534057617
2018-05-14,19.3876895904541,25.094999313354492
2018-05-15,19.225454330444336,24.885000228881836
2018-05-16,19.074798583984375,24.690000534057617
2018-05-17,18.9202880859375,24.489999771118164
2018-05-18,18.924144744873047,24.4950008392334
2018-05-21,19.020715713500977,24.6200008392334
2018-05-22,19.090248107910156,24.709999084472656
2018-05-23,19.26407814025879,24.934999465942383
2018-05-24,19.422452926635742,25.139999389648438
2018-05-25,19.50743293762207,25.25
2018-05-29,19.50743293762207,25.25
2018-05-30,19.66581916809082,25.454999923706055
2018-05-31,19.696718215942383,25.4950008392334
2018-06-01,19.395421981811523,25.104999542236328
2018-06-04,19.24090003967285,24.905000686645508
2018-06-05,19.140466690063477,24.774999618530273
2018-06-06,18.684650421142578,24.184999465942383
2018-06-07,18.81598663330078,24.354999542236328
2018-06-08,18.808258056640625,24.344999313354492
2018-06-11,18.769628524780273,24.295000076293945
2018-06-12,18.98595428466797,24.575000762939453
2018-06-13,18.935733795166016,24.510000228881836
2018-06-14,19.171367645263672,24.815000534057617
2018-06-15,19.307785034179688,24.770000457763672
2018-06-18,19.370140075683594,24.850000381469727
2018-06-19,19.561107635498047,25.094999313354492
2018-06-20,19.57670021057129,25.114999771118164
2018-06-21,19.64295196533203,25.200000762939453
2018-06-22,19.779361724853516,25.375
2018-06-25,20.106748580932617,25.795000076293945
2018-06-26,20.130126953125,25.825000762939453
2018-06-27,20.22756576538086,25.950000762939453
2018-06-28,20.219772338867188,25.940000534057617
2018-06-29,20.250951766967773,25.979999542236328
2018-07-02,20.39515495300293,26.165000915527344
2018-07-03,20.453617095947266,26.239999771118164
2018-07-05,20.562744140625,26.3799991607666
2018-07-06,20.722537994384766,26.584999084472656
2018-07-09,20.083362579345703,25.764999389648438
2018-07-10,20.274333953857422,26.010000228881836
2018-07-11,20.457517623901367,26.2450008392334
2018-07-12,20.473100662231445,26.264999389648438
2018-07-13,20.476999282836914,26.270000457763672
2018-07-16,20.457517623901367,26.2450008392334
2018-07-17,20.441923141479492,26.225000381469727
2018-07-18,20.336694717407227,26.09000015258789
2018-07-19,20.523771286010742,26.329999923706055
2018-07-20,20.379566192626953,26.145000457763672
2018-07-23,20.235363006591797,25.959999084472656
2018-07-24,20.305513381958008,26.049999237060547
2018-07-25,20.36397361755371,26.125
2018-07-26,20.582229614257812,26.405000686645508
2018-07-27,20.51597023010254,26.31999969482422
2018-07-30,20.39126205444336,26.15999984741211
2018-07-31,20.57443618774414,26.395000457763672
2018-08-01,20.441923141479492,26.225000381469727
2018-08-02,20.543262481689453,26.354999542236328
2018-08-03,20.77320098876953,26.649999618530273
2018-08-06,20.788793563842773,26.670000076293945
2018-08-07,20.757612228393555,26.6299991607666
2018-08-08,20.648488998413086,26.489999771118164
2018-08-09,20.742027282714844,26.610000610351562
2018-08-10,20.652381896972656,26.4950008392334
2018-08-13,20.679670333862305,26.530000686645508
2018-08-14,20.722537994384766,26.584999084472656
2018-08-15,20.91350746154785,26.829999923706055
2018-08-16,21.13956642150879,27.1200008392334
2018-08-17,21.248687744140625,27.260000228881836
2018-08-20,21.174638748168945,27.165000915527344
2018-08-21,21.02263641357422,26.969999313354492
2018-08-22,20.86674690246582,26.770000457763672
2018-08-23,20.851150512695312,26.75
2018-08-24,20.940793991088867,26.864999771118164
2018-08-27,20.812179565429688,26.700000762939453
2018-08-28,20.769311904907227,26.645000457763672
2018-08-29,20.921308517456055,26.84000015258789
2018-08-30,20.92910385131836,26.850000381469727
2018-08-31,20.839462280273438,26.735000610351562
2018-09-04,20.932994842529297,26.854999542236328
2018-09-05,21.22530174255371,27.229999542236328
2018-09-06,21.346128463745117,27.385000228881836
2018-09-07,21.08500099182129,27.049999237060547
2018-09-10,21.19022560119629,27.184999465942383
2018-09-11,21.135662078857422,27.114999771118164
2018-09-12,21.11617660522461,27.09000015258789
2018-09-13,21.275970458984375,27.295000076293945
2018-09-14,21.16294288635254,27.149999618530273
2018-09-17,21.23309898376465,27.239999771118164
2018-09-18,21.194122314453125,27.190000534057617
2018-09-19,20.734233856201172,26.600000381469727
2018-09-20,20.77710723876953,26.655000686645508
2018-09-21,20.865581512451172,26.530000686645508
2018-09-24,20.680757522583008,26.295000076293945
2018-09-25,20.397615432739258,25.934999465942383
2018-09-26,20.197063446044922,25.68000030517578
2018-09-27,20.405488967895508,25.94499969482422
2018-09-28,20.704355239868164,26.325000762939453
2018-10-01,20.633567810058594,26.235000610351562
2018-10-02,20.912769317626953,26.59000015258789
2018-10-03,20.661094665527344,26.270000457763672
2018-10-04,20.771202087402344,26.40999984741211
2018-10-05,21.089733123779297,26.815000534057617
2018-10-08,21.266691207885742,27.040000915527344
2018-10-09,21.353206634521484,27.149999618530273
2018-10-10,21.235231399536133,27.0
2018-10-11,20.845922470092773,26.5049991607666
2018-10-12,20.822324752807617,26.475000381469727
2018-10-15,20.920637130737305,26.600000381469727
2018-10-16,21.136919021606445,26.875
2018-10-17,21.097599029541016,26.825000762939453
2018-10-18,21.129060745239258,26.864999771118164
2018-10-19,21.459388732910156,27.28499984741211
2018-10-22,21.32175064086914,27.110000610351562
2018-10-23,21.20377540588379,26.959999084472656
2018-10-24,21.71892547607422,27.614999771118164
2018-10-25,21.380735397338867,27.184999465942383
2018-10-26,20.98748779296875,26.684999465942383
2018-10-29,21.282419204711914,27.059999465942383
2018-10-30,21.365005493164062,27.165000915527344
2018-10-31,21.113325119018555,26.844999313354492
2018-11-01,21.018945693969727,26.725000381469727
2018-11-02,20.900981903076172,26.575000762939453
2018-11-05,21.19590950012207,26.950000762939453
2018-11-06,21.337474822998047,27.1299991607666
2018-11-07,21.5812931060791,27.440000534057617
2018-11-08,21.5458984375,27.395000457763672
2018-11-09,21.577354431152344,27.434999465942383
2018-11-12,21.5655574798584,27.420000076293945
2018-11-13,21.65601348876953,27.53499984741211
2018-11-14,21.431854248046875,27.25
2018-11-15,21.25489616394043,27.024999618530273
2018-11-16,21.5812931060791,27.440000534057617
2018-11-19,21.675668716430664,27.559999465942383
2018-11-20,21.585222244262695,27.44499969482422
2018-11-21,21.266691207885742,27.040000915527344
2018-11-23,21.27849006652832,27.05500030517578
2018-11-26,21.404329299926758,27.21500015258789
2018-11-27,21.5655574798584,27.420000076293945
2018-11-28,21.54982566833496,27.399999618530273
2018-11-29,21.541963577270508,27.389999389648438
2018-11-30,21.860492706298828,27.795000076293945
2018-12-03,22.080707550048828,28.075000762939453
2018-12-04,22.09644317626953,28.094999313354492
2018-12-06,22.120033264160156,28.125
2018-12-07,22.202613830566406,28.229999542236328
2018-12-10,22.24587059020996,28.28499984741211
2018-12-11,22.336315155029297,28.399999618530273
2018-12-12,22.194751739501953,28.219999313354492
2018-12-13,22.3874454498291,28.46500015258789
2018-12-14,22.34418296813965,28.40999984741211
2018-12-17,21.624544143676758,27.4950008392334
2018-12-18,21.479045867919922,27.309999465942383
2018-12-19,21.443645477294922,27.264999389648438
2018-12-20,21.431854248046875,27.25
2018-12-21,21.340248107910156,26.905000686645508
2018-12-24,20.44793128967285,25.780000686645508
2018-12-26,20.72553253173828,26.1299991607666
2018-12-27,20.90003204345703,26.350000381469727
2018-12-28,20.95159149169922,26.415000915527344
2018-12-31,20.98728370666504,26.459999084472656
2019-01-02,20.62639045715332,26.0049991607666
2019-01-03,20.622421264648438,26.0
2019-01-04,20.927793502807617,26.385000228881836
2019-01-07,20.785022735595703,26.204999923706055
2019-01-08,21.04280662536621,26.530000686645508
2019-01-09,20.91590118408203,26.3700008392334
2019-01-10,21.189546585083008,26.71500015258789
2019-01-11,21.110227584838867,26.614999771118164
2019-01-14,20.634323120117188,26.014999389648438
2019-01-15,20.888134002685547,26.334999084472656
2019-01-16,20.963491439819336,26.43000030517578
2019-01-17,21.050729751586914,26.540000915527344
2019-01-18,21.074533462524414,26.56999969482422
2019-01-22,21.11418914794922,26.6200008392334
2019-01-23,21.328346252441406,26.889999389648438
2019-01-24,21.43939208984375,27.030000686645508
2019-01-25,21.145917892456055,26.65999984741211
2019-01-28,21.046770095825195,26.53499984741211
2019-01-29,21.106258392333984,26.610000610351562
2019-01-30,21.268856048583984,26.815000534057617
2019-01-31,21.71699333190918,27.3799991607666
2019-02-01,21.633716583251953,27.274999618530273
2019-02-04,21.66941261291504,27.31999969482422
2019-02-05,21.71303367614746,27.375
2019-02-06,21.701141357421875,27.360000610351562
2019-02-07,21.986679077148438,27.719999313354492
2019-02-08,22.081857681274414,27.84000015258789
2019-02-11,22.07392692565918,27.829999923706055
2019-02-12,22.12548065185547,27.895000457763672
2019-02-13,22.062026977539062,27.815000534057617
2019-02-14,22.026334762573242,27.770000457763672
2019-02-15,22.093751907348633,27.854999542236328
2019-02-19,22.22463035583496,28.020000457763672
2019-02-20,22.323776245117188,28.145000457763672
2019-02-21,22.486370086669922,28.350000381469727
2019-02-22,22.625179290771484,28.524999618530273
2019-02-25,22.47844123840332,28.34000015258789
2019-02-26,22.450685501098633,28.30500030517578
2019-02-27,22.47844123840332,28.34000015258789
2019-02-28,22.609317779541016,28.5049991607666
2019-03-01,22.656906127929688,28.565000534057617
2019-03-04,22.696565628051758,28.614999771118164
2019-03-05,22.668806076049805,28.579999923706055
2019-03-06,22.668806076049805,28.579999923706055
2019-03-07,22.744155883789062,28.674999237060547
2019-03-08,22.823476791381836,28.774999618530273
2019-03-11,22.986072540283203,28.979999542236328
2019-03-12,23.14470672607422,29.18000030517578
2019-03-13,23.16850471496582,29.209999084472656
2019-03-14,23.164535522460938,29.204999923706055
2019-03-15,23.248432159423828,29.094999313354492
2019-03-18,23.160533905029297,28.985000610351562
2019-03-19,22.896852493286133,28.655000686645508
2019-03-20,22.956783294677734,28.729999542236328
2019-03-21,23.20049476623535,29.03499984741211
2019-03-22,23.368295669555664,29.2450008392334
2019-03-25,23.388267517089844,29.270000457763672
2019-03-26,23.556072235107422,29.479999542236328
2019-03-27,23.39226722717285,29.274999618530273
2019-03-28,23.11659049987793,28.93000030517578
2019-03-29,23.24045181274414,29.084999084472656
2019-04-01,23.080631256103516,28.885000228881836
2019-04-02,23.112598419189453,28.924999237060547
2019-04-03,23.076637268066406,28.8799991607666
2019-04-04,22.996732711791992,28.780000686645508
2019-04-05,23.212480545043945,29.049999237060547
2019-04-08,23.048667907714844,28.844999313354492
2019-04-09,23.104604721069336,28.915000915527344
2019-04-10,23.032691955566406,28.825000762939453
2019-04-11,23.14855194091797,28.969999313354492
2019-04-12,23.256425857543945,29.104999542236328
2019-04-15,23.252431869506836,29.100000381469727
2019-04-16,22.964771270751953,28.739999771118164
2019-04-17,22.876876831054688,28.6299991607666
2019-04-18,22.888864517211914,28.645000457763672
2019-04-22,22.868886947631836,28.6200008392334
2019-04-23,22.93280792236328,28.700000762939453
2019-04-24,23.080631256103516,28.885000228881836
2019-04-25,23.176523208618164,29.0049991607666
2019-04-26,23.212480545043945,29.049999237060547
2019-04-29,23.076637268066406,28.8799991607666
2019-04-30,23.456188201904297,29.354999542236328
2019-05-01,23.21647834777832,29.05500030517578
2019-05-02,23.164531707763672,28.989999771118164
2019-05-03,23.29238510131836,29.149999618530273
2019-05-06,23.164531707763672,28.989999771118164
2019-05-07,23.092622756958008,28.899999618530273
2019-05-08,22.776992797851562,28.5049991607666
2019-05-09,22.749027252197266,28.469999313354492
2019-05-10,23.156545639038086,28.979999542236328
2019-05-13,23.404260635375977,29.290000915527344
2019-05-14,23.248432159423828,29.094999313354492
2019-05-15,23.208480834960938,29.045000076293945
2019-05-16,23.364299774169922,29.239999771118164
2019-05-17,23.48415756225586,29.389999389648438
2019-05-20,23.516122817993164,29.43000030517578
2019-05-21,23.56007194519043,29.485000610351562
2019-05-22,23.73586082458496,29.704999923706055
2019-05-23,23.939613342285156,29.959999084472656
2019-05-24,23.90365982055664,29.915000915527344
2019-05-28,23.51212501525879,29.424999237060547
2019-05-29,23.20049476623535,29.03499984741211
2019-05-30,23.164531707763672,28.989999771118164
2019-05-31,23.272409439086914,29.125
2019-06-03,23.50413703918457,29.415000915527344
2019-06-04,23.524110794067383,29.440000534057617
2019-06-05,24.027515411376953,30.06999969482422
2019-06-06,24.17533302307129,30.2549991607666
2019-06-07,23.995548248291016,30.030000686645508
2019-06-10,23.831743240356445,29.825000762939453
2019-06-11,23.68791961669922,29.645000457763672
2019-06-12,23.995548248291016,30.030000686645508
2019-06-13,24.043495178222656,30.09000015258789
2019-06-14,24.29519271850586,30.405000686645508
2019-06-17,24.22728157043457,30.31999969482422
2019-06-18,24.12739372253418,30.19499969482422
2019-06-19,24.311176300048828,30.424999237060547
2019-06-20,24.466991424560547,30.6200008392334
2019-06-21,24.561630249023438,30.4950008392334
2019-06-24,24.56968116760254,30.5049991607666
2019-06-25,24.420686721801758,30.31999969482422
2019-06-26,23.88909149169922,29.65999984741211
2019-06-27,23.92131233215332,29.700000762939453
2019-06-28,24.013938903808594,29.815000534057617
2019-07-01,23.95352554321289,29.739999771118164
2019-07-02,24.27972412109375,30.145000457763672
2019-07-03,24.44887351989746,30.354999542236328
2019-07-05,24.436786651611328,30.34000015258789
2019-07-08,24.473031997680664,30.385000228881836
2019-07-09,24.505250930786133,30.424999237060547
2019-07-10,24.561630249023438,30.4950008392334
2019-07-11,24.56968116760254,30.5049991607666
2019-07-12,24.408594131469727,30.30500030517578
2019-07-15,24.505250930786133,30.424999237060547
2019-07-16,24.364299774169922,30.25
2019-07-17,24.456924438476562,30.364999771118164
2019-07-18,24.670366287231445,30.6299991607666
2019-07-19,24.311946868896484,30.184999465942383
2019-07-22,24.259597778320312,30.1200008392334
2019-07-23,24.1065673828125,29.93000030517578
2019-07-24,24.126697540283203,29.954999923706055
2019-07-25,24.06629180908203,29.8799991607666
2019-07-26,24.154888153076172,29.989999771118164
2019-07-29,24.27972412109375,30.145000457763672
2019-07-30,24.094478607177734,29.915000915527344
2019-07-31,23.981719970703125,29.774999618530273
2019-08-01,24.227367401123047,30.079999923706055
2019-08-02,24.22334861755371,30.075000762939453
2019-08-05,23.87701416015625,29.645000457763672
2019-08-06,24.175018310546875,30.014999389648438
2019-08-07,24.235431671142578,30.09000015258789
2019-08-08,24.485111236572266,30.399999618530273
2019-08-09,24.513307571411133,30.434999465942383
2019-08-12,24.464977264404297,30.375
2019-08-13,24.4810848236084,30.395000457763672
2019-08-14,24.27972412109375,30.145000457763672
2019-08-15,24.593847274780273,30.53499984741211
2019-08-16,24.71868896484375,30.690000534057617
2019-08-19,24.875751495361328,30.885000228881836
2019-08-20,24.83547592163086,30.834999084472656
2019-08-21,25.00058937072754,31.040000915527344
2019-08-22,25.024747848510742,31.06999969482422
2019-08-23,24.75896644592285,30.739999771118164
2019-08-26,25.04488754272461,31.094999313354492
2019-08-27,25.089187622070312,31.149999618530273
2019-08-28,25.020727157592773,31.065000534057617
2019-08-29,25.19389533996582,31.280000686645508
2019-08-30,25.201946258544922,31.290000915527344
2019-09-03,25.64896011352539,31.844999313354492
2019-09-04,25.673128128051758,31.875
2019-09-05,25.39525032043457,31.530000686645508
2019-09-06,25.294574737548828,31.405000686645508
2019-09-09,25.169734954833984,31.25
2019-09-10,25.201946258544922,31.290000915527344
2019-09-11,25.451629638671875,31.600000381469727
2019-09-12,25.50800895690918,31.670000076293945
2019-09-13,25.346925735473633,31.469999313354492
2019-09-16,25.3670597076416,31.4950008392334
2019-09-17,25.588558197021484,31.770000457763672
2019-09-18,25.697288513183594,31.905000686645508
2019-09-19,25.818098068237305,32.05500030517578
2019-09-20,25.920372009277344,31.934999465942383
2019-09-23,25.92443084716797,31.940000534057617
2019-09-24,26.228805541992188,32.314998626708984
2019-09-25,26.212570190429688,32.29499816894531
2019-09-26,26.350553512573242,32.46500015258789
2019-09-27,26.25720977783203,32.349998474121094
2019-09-30,26.2734432220459,32.369998931884766
2019-10-01,26.212570190429688,32.29499816894531
2019-10-02,25.863555908203125,31.864999771118164
2019-10-03,25.92443084716797,31.940000534057617
2019-10-04,26.285619735717773,32.3849983215332
2019-10-07,26.184158325195312,32.2599983215332
2019-10-08,25.940662384033203,31.959999084472656
2019-10-09,26.06647300720215,32.1150016784668
2019-10-10,26.038068771362305,32.08000183105469
2019-10-11,25.940662384033203,31.959999084472656
2019-10-14,25.774274826049805,31.7549991607666
2019-10-15,25.693105697631836,31.655000686645508
2019-10-16,25.749921798706055,31.725000381469727
2019-10-17,25.81485939025879,31.80500030517578
2019-10-18,25.900075912475586,31.90999984741211
2019-10-21,26.001535415649414,32.03499984741211
2019-10-22,26.11111068725586,32.16999816894531
2019-10-23,26.216630935668945,32.29999923706055
2019-10-24,26.305908203125,32.40999984741211
2019-10-25,26.038068771362305,32.08000183105469
2019-10-28,25.68092918395996,31.639999389648438
2019-10-29,25.705280303955078,31.670000076293945
2019-10-30,25.93255043029785,31.950000762939453
2019-10-31,26.0745906829834,32.125
2019-11-01,26.00965118408203,32.04499816894531
2019-11-04,25.676876068115234,31.635000228881836
2019-11-05,25.413087844848633,31.309999465942383
2019-11-06,25.510480880737305,31.43000030517578
2019-11-07,25.16552734375,31.0049991607666
2019-11-08,25.060012817382812,30.875
2019-11-11,24.905794143676758,30.684999465942383
2019-11-12,24.966672897338867,30.760000228881836
2019-11-13,25.335973739624023,31.21500015258789
2019-11-14,25.425260543823242,31.325000762939453
2019-11-15,25.506423950195312,31.424999237060547
2019-11-18,25.55918312072754,31.489999771118164
2019-11-19,25.49424934387207,31.40999984741211
2019-11-20,25.648466110229492,31.600000381469727
2019-11-21,25.55918312072754,31.489999771118164
2019-11-22,25.567302703857422,31.5
2019-11-25,25.48207664489746,31.395000457763672
2019-11-26,25.567302703857422,31.5
2019-11-27,25.61194610595703,31.55500030517578
2019-11-29,25.58759307861328,31.524999618530273
2019-12-02,25.421199798583984,31.31999969482422
2019-12-03,25.490196228027344,31.405000686645508
2019-12-04,25.68499183654785,31.645000457763672
2019-12-05,25.729633331298828,31.700000762939453
2019-12-06,25.652524948120117,31.604999542236328
2019-12-09,25.56324005126953,31.4950008392334
2019-12-10,25.55918312072754,31.489999771118164
2019-12-11,25.628177642822266,31.575000762939453
2019-12-12,25.51860237121582,31.440000534057617
2019-12-13,25.717458724975586,31.684999465942383
2019-12-16,26.038068771362305,32.08000183105469
2019-12-17,26.123287200927734,32.185001373291016
2019-12-18,26.228805541992188,32.314998626708984
2019-12-19,26.236921310424805,32.32500076293945
2019-12-20,26.41728973388672,32.29499816894531
2019-12-23,26.171894073486328,31.9950008392334
2019-12-24,26.20870018005371,32.040000915527344
2019-12-26,26.253690719604492,32.095001220703125
2019-12-27,26.33139991760254,32.189998626708984
2019-12-30,26.327308654785156,32.185001373291016
2019-12-31,26.429561614990234,32.310001373291016
2020-01-02,26.098270416259766,31.905000686645508
2020-01-03,26.151437759399414,31.969999313354492
2020-01-06,26.175981521606445,32.0
2020-01-07,26.139169692993164,31.954999923706055
2020-01-08,26.12689971923828,31.940000534057617
2020-01-09,26.27005386352539,32.1150016784668
2020-01-10,26.33957862854004,32.20000076293945
2020-01-13,26.499088287353516,32.39500045776367
2020-01-14,26.576799392700195,32.4900016784668
2020-01-15,26.948993682861328,32.94499969482422
2020-01-16,27.116683959960938,33.150001525878906
2020-01-17,27.30482292175293,33.380001068115234
2020-01-21,27.55431365966797,33.685001373291016
2020-01-22,27.640195846557617,33.790000915527344
2020-01-23,27.885597229003906,34.09000015258789
2020-01-24,27.9592227935791,34.18000030517578
2020-01-27,27.88968849182129,34.095001220703125
2020-01-28,28.004207611083984,34.23500061035156
2020-01-29,28.07783317565918,34.32500076293945
2020-01-30,28.33959197998047,34.64500045776367
2020-01-31,28.21280288696289,34.4900016784668
2020-02-03,28.302770614624023,34.599998474121094
2020-02-04,28.02056121826172,34.255001068115234
2020-02-05,28.135087966918945,34.39500045776367
2020-02-06,28.143266677856445,34.404998779296875
2020-02-07,28.053295135498047,34.29499816894531
2020-02-10,28.15962791442871,34.42499923706055
2020-02-11,28.26188087463379,34.54999923706055
2020-02-12,28.282331466674805,34.57500076293945
2020-02-13,28.59725570678711,34.959999084472656
2020-02-14,28.789485931396484,35.19499969482422
2020-02-18,29.030799865722656,35.4900016784668
2020-02-19,28.715869903564453,35.10499954223633
2020-02-20,28.8181209564209,35.22999954223633
2020-02-21,28.76495361328125,35.165000915527344
2020-02-24,28.429569244384766,34.755001068115234
2020-02-25,27.83242416381836,34.025001525878906
2020-02-26,27.550216674804688,33.68000030517578
2020-02-27,26.310951232910156,32.165000915527344
2020-02-28,25.43160629272461,31.09000015258789
2020-03-02,26.928543090820312,32.91999816894531
2020-03-03,26.59724998474121,32.51499938964844
2020-03-04,28.10645294189453,34.36000061035156
2020-03-05,27.672922134399414,33.83000183105469
2020-03-06,27.447967529296875,33.55500030517578
2020-03-09,25.95511817932129,31.729999542236328
2020-03-10,26.196430206298828,32.025001525878906
2020-03-11,24.87944984436035,30.415000915527344
2020-03-12,22.36819076538086,27.344999313354492
2020-03-13,23.587013244628906,28.834999084472656
2020-03-16,20.908061981201172,25.559999465942383
2020-03-17,23.582918167114258,28.829999923706055
2020-03-18,22.55632972717285,27.575000762939453
2020-03-19,21.24344253540039,25.969999313354492
2020-03-20,19.558366775512695,23.90999984741211
2020-03-23,18.56032943725586,22.46500015258789
2020-03-24,20.555572509765625,24.8799991607666
2020-03-25,21.0802001953125,25.514999389648438
2020-03-26,22.877164840698242,27.690000534057617
2020-03-27,23.0010929107666,27.84000015258789
2020-03-30,23.852066040039062,28.8700008392334
2020-03-31,22.889554977416992,27.704999923706055
2020-04-01,21.51395606994629,26.040000915527344
2020-04-02,22.187292098999023,26.854999542236328
2020-04-03,21.3941593170166,25.895000457763672
2020-04-06,23.046533584594727,27.895000457763672
2020-04-07,22.757366180419922,27.545000076293945
2020-04-08,23.996652603149414,29.045000076293945
2020-04-09,25.128530502319336,30.415000915527344
2020-04-13,24.33125877380371,29.450000762939453
2020-04-14,25.04591178894043,30.315000534057617
2020-04-15,24.2197208404541,29.315000534057617
2020-04-16,24.223857879638672,29.31999969482422
2020-04-17,25.004602432250977,30.264999389648438
2020-04-20,24.058616638183594,29.1200008392334
2020-04-21,23.662046432495117,28.639999389648438
2020-04-22,24.351913452148438,29.475000381469727
2020-04-23,23.94295310974121,28.979999542236328
2020-04-24,24.091663360595703,29.15999984741211
2020-04-27,24.343647003173828,29.46500015258789
2020-04-28,24.434528350830078,29.575000762939453
2020-04-29,24.211462020874023,29.30500030517578
2020-04-30,23.65378189086914,28.6299991607666
2020-05-01,23.083715438842773,27.940000534057617
2020-05-04,23.257211685180664,28.149999618530273
2020-05-05,23.447235107421875,28.3799991607666
2020-05-06,22.649959564208984,27.415000915527344
2020-05-07,22.7408447265625,27.524999618530273
2020-05-08,23.19938087463379,28.079999923706055
2020-05-11,23.10023307800293,27.959999084472656
2020-05-12,22.89781951904297,27.71500015258789
2020-05-13,22.70366668701172,27.479999542236328
2020-05-14,22.9473876953125,27.774999618530273
2020-05-15,22.641700744628906,27.405000686645508
2020-05-18,23.571163177490234,28.530000686645508
2020-05-19,23.182857513427734,28.059999465942383
2020-05-20,23.3109188079834,28.21500015258789
2020-05-21,23.075450897216797,27.93000030517578
2020-05-22,23.331567764282227,28.239999771118164
2020-05-26,23.48440933227539,28.424999237060547
2020-05-27,23.765317916870117,28.764999389648438
2020-05-28,24.46757698059082,29.614999771118164
2020-05-29,24.6575984954834,29.844999313354492
2020-06-01,24.95090103149414,30.200000762939453
2020-06-02,25.11200714111328,30.395000457763672
2020-06-03,25.413570404052734,30.760000228881836
2020-06-04,24.95916175842285,30.209999084472656
2020-06-05,25.27724266052246,30.594999313354492
2020-06-08,25.954721450805664,31.415000915527344
2020-06-09,25.43421745300293,30.78499984741211
2020-06-10,25.285507202148438,30.604999542236328
2020-06-11,24.298208236694336,29.40999984741211
2020-06-12,24.236238479614258,29.334999084472656
2020-06-15,24.4014835357666,29.53499984741211
2020-06-16,24.513023376464844,29.670000076293945
2020-06-17,24.43866539001465,29.579999923706055
2020-06-18,24.434528350830078,29.575000762939453
2020-06-19,23.748798370361328,28.7450008392334
2020-06-22,23.980396270751953,28.78499984741211
2020-06-23,23.738798141479492,28.4950008392334
2020-06-24,23.52219009399414,28.235000610351562
2020-06-25,23.230613708496094,27.885000228881836
2020-06-26,22.98485565185547,27.59000015258789
2020-06-29,23.418058395385742,28.110000610351562
2020-06-30,23.505537033081055,28.21500015258789
2020-07-01,24.055368423461914,28.875
2020-07-02,24.117856979370117,28.950000762939453
2020-07-06,23.822105407714844,28.594999313354492
2020-07-07,23.726303100585938,28.479999542236328
2020-07-08,23.938737869262695,28.735000610351562
2020-07-09,23.617998123168945,28.350000381469727
2020-07-10,24.06369972229004,28.885000228881836
2020-07-13,24.088693618774414,28.915000915527344
2020-07-14,24.313623428344727,29.184999465942383
2020-07-15,24.21782684326172,29.06999969482422
2020-07-16,24.526063919067383,29.440000534057617
2020-07-17,25.08006477355957,30.104999542236328
2020-07-20,24.750993728637695,29.709999084472656
2020-07-21,24.863460540771484,29.844999313354492
2020-07-22,25.24668312072754,30.30500030517578
2020-07-23,25.275842666625977,30.34000015258789
2020-07-24,25.109224319458008,30.139999389648438
2020-07-27,24.805145263671875,29.774999618530273
2020-07-28,25.180036544799805,30.225000381469727
2020-07-29,25.29667091369629,30.364999771118164
2020-07-30,25.29667091369629,30.364999771118164
2020-07-31,25.33832359313965,30.415000915527344
2020-08-03,25.063404083251953,30.084999084472656
2020-08-04,25.33832359313965,30.415000915527344
2020-08-05,25.01342010498047,30.024999618530273
2020-08-06,25.159212112426758,30.200000762939453
2020-08-07,25.61324119567871,30.7450008392334
2020-08-10,25.60491180419922,30.735000610351562
2020-08-11,25.050914764404297,30.06999969482422
2020-08-12,25.413301467895508,30.5049991607666
2020-08-13,25.371644973754883,30.454999923706055
2020-08-14,25.150880813598633,30.190000534057617
2020-08-17,25.117555618286133,30.149999618530273
2020-08-18,25.00508689880371,30.014999389648438
2020-08-19,24.93010711669922,29.924999237060547
2020-08-20,24.709346771240234,29.65999984741211
2020-08-21,24.750993728637695,29.709999084472656
2020-08-24,24.967599868774414,29.969999313354492
2020-08-25,24.730167388916016,29.684999465942383
2020-08-26,24.455249786376953,29.354999542236328
2020-08-27,24.534395217895508,29.450000762939453
2020-08-28,24.605205535888672,29.53499984741211
2020-08-31,24.68018341064453,29.625
2020-09-01,24.396928787231445,29.28499984741211
2020-09-02,25.155040740966797,30.19499969482422
2020-09-03,24.871788024902344,29.854999542236328
2020-09-04,24.730167388916016,29.684999465942383
2020-09-08,24.59271240234375,29.520000457763672
2020-09-09,24.91761589050293,29.90999984741211
2020-09-10,24.488576889038086,29.395000457763672
2020-09-11,24.54688835144043,29.46500015258789
2020-09-14,24.884292602539062,29.8700008392334
2020-09-15,25.050914764404297,30.06999969482422
2020-09-16,25.017587661743164,30.030000686645508
2020-09-17,24.813472747802734,29.78499984741211
2020-09-18,24.37610626220703,29.260000228881836
2020-09-21,24.224437713623047,28.829999923706055
2020-09-22,24.375688552856445,29.010000228881836
2020-09-23,24.001773834228516,28.565000534057617
2020-09-24,24.27065658569336,28.885000228881836
2020-09-25,24.669775009155273,29.360000610351562
2020-09-28,24.732791900634766,29.434999465942383
2020-09-29,24.72439193725586,29.424999237060547
2020-09-30,24.947057723999023,29.690000534057617
2020-10-01,25.199134826660156,29.989999771118164
2020-10-02,25.49742317199707,30.344999313354492
2020-10-05,25.81671905517578,30.725000381469727
2020-10-06,26.035184860229492,30.985000610351562
2020-10-07,26.194828033447266,31.174999237060547
2020-10-08,26.673776626586914,31.7450008392334
2020-10-09,26.669572830200195,31.739999771118164
2020-10-12,26.837623596191406,31.940000534057617
2020-10-13,26.65276527404785,31.719999313354492
2020-10-14,26.619159698486328,31.68000030517578
2020-10-15,26.60235023498535,31.65999984741211
2020-10-16,26.888038635253906,32.0
2020-10-19,26.661169052124023,31.729999542236328
2020-10-20,26.820819854736328,31.920000076293945
2020-10-21,26.749391555786133,31.834999084472656
2020-10-22,27.127511978149414,32.28499984741211
2020-10-23,27.203134536743164,32.375
2020-10-26,27.194730758666992,32.3650016784668
2020-10-27,27.173723220825195,32.34000015258789
2020-10-28,26.383886337280273,31.399999618530273
2020-10-29,26.45531463623047,31.485000610351562
2020-10-30,26.207435607910156,31.190000534057617
2020-11-02,26.783008575439453,31.875
2020-11-03,27.16952133178711,32.334999084472656
2020-11-04,26.762004852294922,31.850000381469727
2020-11-05,27.0014705657959,32.1349983215332
2020-11-06,26.942657470703125,32.064998626708984
2020-11-09,27.44260597229004,32.65999984741211
2020-11-10,27.837520599365234,33.130001068115234
2020-11-11,27.942554473876953,33.255001068115234
2020-11-12,27.493017196655273,32.720001220703125
2020-11-13,27.766096115112305,33.04499816894531
2020-11-16,28.047588348388672,33.380001068115234
2020-11-17,27.497224807739258,32.724998474121094
2020-11-18,26.959457397460938,32.084999084472656
2020-11-19,26.690580368041992,31.764999389648438
2020-11-20,26.69477653503418,31.770000457763672
2020-11-23,26.6989803314209,31.774999618530273
2020-11-24,26.98466682434082,32.1150016784668
2020-11-25,27.05608367919922,32.20000076293945
2020-11-27,26.787206649780273,31.8799991607666
2020-11-30,26.40068817138672,31.420000076293945
2020-12-01,26.585542678833008,31.639999389648438
2020-12-02,26.762004852294922,31.850000381469727
2020-12-03,26.484710693359375,31.520000457763672
2020-12-04,26.22003936767578,31.204999923706055
2020-12-07,26.367080688476562,31.3799991607666
2020-12-08,26.287260055541992,31.28499984741211
2020-12-09,26.24104118347168,31.229999542236328
2020-12-10,26.10660171508789,31.06999969482422
2020-12-11,26.148616790771484,31.1200008392334
2020-12-14,26.014179229736328,30.959999084472656
2020-12-15,26.526729583740234,31.56999969482422
2020-12-16,26.22003936767578,31.204999923706055
2020-12-17,26.396493911743164,31.415000915527344
2020-12-18,26.16962242126465,31.145000457763672
2020-12-21,25.852712631225586,30.510000228881836
2020-12-22,25.80187225341797,30.450000762939453
2020-12-23,25.75103187561035,30.389999389648438
2020-12-24,25.93321418762207,30.604999542236328
2020-12-28,26.047607421875,30.739999771118164
2020-12-29,26.043371200561523,30.735000610351562
2020-12-30,26.174711227416992,30.889999389648438
2020-12-31,26.564491271972656,31.350000381469727
2021-01-04,25.89508056640625,30.559999465942383
2021-01-05,25.890844345092773,30.55500030517578
2021-01-06,26.534835815429688,31.315000534057617
2021-01-07,26.18741798400879,30.905000686645508
2021-01-08,26.407732009887695,31.165000915527344
2021-01-11,26.1619930267334,30.875
2021-01-12,26.02218246459961,30.709999084472656
2021-01-13,26.530595779418945,31.309999465942383
2021-01-14,26.42891502380371,31.190000534057617
2021-01-15,26.687358856201172,31.4950008392334
2021-01-19,26.585676193237305,31.375
2021-01-20,26.742431640625,31.559999465942383
2021-01-21,26.585676193237305,31.375
2021-01-22,26.62380027770996,31.420000076293945
2021-01-25,27.157636642456055,32.04999923706055
2021-01-26,26.88648223876953,31.729999542236328
2021-01-27,26.1619930267334,30.875
2021-01-28,26.47551918029785,31.2450008392334
2021-01-29,26.33146858215332,31.075000762939453
2021-02-01,26.458566665649414,31.225000381469727
2021-02-02,26.674646377563477,31.479999542236328
2021-02-03,26.589908599853516,31.3799991607666
2021-02-04,26.797515869140625,31.625
2021-02-05,26.941560745239258,31.795000076293945
2021-02-08,26.733959197998047,31.549999237060547
2021-02-09,26.772090911865234,31.594999313354492
2021-02-10,26.878007888793945,31.719999313354492
2021-02-11,26.725486755371094,31.540000915527344
2021-02-12,26.530595779418945,31.309999465942383
2021-02-16,26.234024047851562,30.959999084472656
2021-02-17,26.25520896911621,30.985000610351562
2021-02-18,26.411968231201172,31.170000076293945
2021-02-19,26.017946243286133,30.704999923706055
2021-02-22,25.50953483581543,30.104999542236328
2021-02-23,25.72137451171875,30.354999542236328
2021-02-24,25.420564651489258,30.0
2021-02-25,25.19178009033203,29.729999542236328
2021-02-26,24.725738525390625,29.18000030517578
2021-03-01,25.27227783203125,29.825000762939453
2021-03-02,25.19601821899414,29.735000610351562
2021-03-03,24.899444580078125,29.385000228881836
2021-03-04,24.878259658813477,29.360000610351562
2021-03-05,25.284990310668945,29.84000015258789
2021-03-08,25.64087677001953,30.260000228881836
2021-03-09,25.97981834411621,30.65999984741211
2021-03-10,26.157764434814453,30.8700008392334
2021-03-11,26.08997344970703,30.790000915527344
2021-03-12,26.441625595092773,31.204999923706055
2021-03-15,26.78056526184082,31.604999542236328
2021-03-16,26.8144588470459,31.645000457763672
2021-03-17,26.378068923950195,31.1299991607666
2021-03-18,26.280628204345703,31.014999389648438
2021-03-19,26.352649688720703,31.100000381469727
2021-03-22,26.314666748046875,30.825000762939453
2021-03-23,26.70735740661621,31.28499984741211
2021-03-24,26.715892791748047,31.295000076293945
2021-03-25,27.001873016357422,31.6299991607666
2021-03-26,27.09151268005371,31.735000610351562
2021-03-29,27.381765365600586,32.07500076293945
2021-03-30,27.13419532775879,31.78499984741211
2021-03-31,27.334808349609375,32.02000045776367
2021-04-01,27.309200286865234,31.989999771118164
2021-04-05,27.607986450195312,32.34000015258789
2021-04-06,27.753108978271484,32.5099983215332
2021-04-07,27.718961715698242,32.470001220703125
2021-04-08,27.697622299194336,32.44499969482422
2021-04-09,27.667743682861328,32.40999984741211
2021-04-12,27.6933536529541,32.439998626708984
2021-04-13,28.02202796936035,32.82500076293945
2021-04-14,28.14580535888672,32.970001220703125
2021-04-15,28.457399368286133,33.334999084472656
2021-04-16,28.68788719177246,33.60499954223633
2021-04-19,28.542770385742188,33.435001373291016
2021-04-20,28.905582427978516,33.86000061035156
2021-04-21,28.66228485107422,33.57500076293945
2021-04-22,28.457399368286133,33.334999084472656
2021-04-23,28.418983459472656,33.290000915527344
2021-04-26,28.25678253173828,33.099998474121094
2021-04-27,28.03910255432129,32.845001220703125
2021-04-28,28.00067901611328,32.79999923706055
2021-04-29,28.25678253173828,33.099998474121094
2021-04-30,28.478740692138672,33.36000061035156
2021-05-03,28.474468231201172,33.35499954223633
2021-05-04,28.367761611938477,33.22999954223633
2021-05-05,27.88970184326172,32.66999816894531
2021-05-06,28.103120803833008,32.91999816894531
2021-05-07,28.18848991394043,33.02000045776367
2021-05-10,28.474468231201172,33.35499954223633
2021-05-11,28.124467849731445,32.94499969482422
2021-05-12,27.46712875366211,32.17499923706055
2021-05-13,27.99641227722168,32.79499816894531
2021-05-14,28.132999420166016,32.95500183105469
2021-05-17,27.902507781982422,32.685001373291016
2021-05-18,27.898237228393555,32.68000030517578
2021-05-19,27.851289749145508,32.625
2021-05-20,28.094589233398438,32.90999984741211
2021-05-21,28.239715576171875,33.08000183105469
2021-05-24,28.18848991394043,33.02000045776367
2021-05-25,27.847017288208008,32.619998931884766
2021-05-26,27.851289749145508,32.625
2021-05-27,27.66347885131836,32.404998779296875
2021-05-28,27.812870025634766,32.58000183105469
2021-06-01,27.642135620117188,32.380001068115234
2021-06-02,27.787256240844727,32.54999923706055
2021-06-03,27.95372772216797,32.744998931884766
2021-06-04,27.911046981811523,32.69499969482422
2021-06-07,27.96226692199707,32.755001068115234
2021-06-08,27.723237991333008,32.474998474121094
2021-06-09,27.970806121826172,32.76499938964844
2021-06-10,28.154346466064453,32.97999954223633
2021-06-11,28.218364715576172,33.05500030517578
2021-06-14,28.27812957763672,33.125
2021-06-15,28.363494873046875,33.224998474121094
2021-06-16,27.936656951904297,32.724998474121094
2021-06-17,28.090316772460938,32.904998779296875
2021-06-18,27.36041831970215,32.04999923706055
2021-06-21,27.71486473083496,32.21500015258789
2021-06-22,27.54710578918457,32.02000045776367
2021-06-23,27.25460433959961,31.68000030517578
2021-06-24,27.228790283203125,31.649999618530273
2021-06-25,27.52130126953125,31.989999771118164
2021-06-28,27.697660446166992,32.19499969482422
2021-06-29,27.25030517578125,31.674999237060547
2021-06-30,27.19868278503418,31.614999771118164
2021-07-01,27.4954891204834,31.959999084472656
2021-07-02,27.538501739501953,32.0099983215332
2021-07-06,27.654644012451172,32.14500045776367
2021-07-07,27.835311889648438,32.35499954223633
2021-07-08,27.753578186035156,32.2599983215332
2021-07-09,27.78799057006836,32.29999923706055
2021-07-12,27.878324508666992,32.404998779296875
2021-07-13,27.66754913330078,32.15999984741211
2021-07-14,27.908435821533203,32.439998626708984
2021-07-15,28.222454071044922,32.80500030517578
2021-07-16,28.5063533782959,33.1349983215332
2021-07-19,28.0546932220459,32.61000061035156
2021-07-20,28.175134658813477,32.75
2021-07-21,27.86542320251465,32.38999938964844
2021-07-22,27.908435821533203,32.439998626708984
2021-07-23,28.265464782714844,32.85499954223633
2021-07-26,28.27407455444336,32.8650016784668
2021-07-27,28.76014518737793,33.43000030517578
2021-07-28,28.540761947631836,33.17499923706055
2021-07-29,28.618192672729492,33.26499938964844
2021-07-30,28.377307891845703,32.98500061035156
2021-08-02,28.596689224243164,33.2400016784668
2021-08-03,28.76014518737793,33.43000030517578
2021-08-04,28.717130661010742,33.380001068115234
2021-08-05,29.031143188476562,33.744998931884766
2021-08-06,29.01393699645996,33.724998474121094
2021-08-09,29.005338668823242,33.71500015258789
2021-08-10,29.035446166992188,33.75
2021-08-11,29.306440353393555,34.064998626708984
2021-08-12,29.3365478515625,34.099998474121094
2021-08-13,29.543027877807617,34.34000015258789
2021-08-16,29.723691940307617,34.54999923706055
2021-08-17,29.740894317626953,34.56999969482422
2021-08-18,29.59034538269043,34.39500045776367
2021-08-19,29.71078872680664,34.53499984741211
2021-08-20,30.080724716186523,34.96500015258789
2021-08-23,29.693572998046875,34.51499938964844
2021-08-24,29.500017166137695,34.290000915527344
2021-08-25,29.555932998657227,34.35499954223633
2021-08-26,29.482810974121094,34.27000045776367
2021-08-27,29.474199295043945,34.2599983215332
2021-08-30,29.51721954345703,34.310001373291016
2021-08-31,29.482810974121094,34.27000045776367
2021-09-01,29.869937896728516,34.720001220703125
2021-09-02,30.140941619873047,35.03499984741211
2021-09-03,29.89145278930664,34.744998931884766
2021-09-07,29.495708465576172,34.28499984741211
2021-09-08,30.024797439575195,34.900001525878906
2021-09-09,29.861337661743164,34.709999084472656
2021-09-10,29.444082260131836,34.224998474121094
2021-09-13,29.392465591430664,34.165000915527344
2021-09-14,29.293533325195312,34.04999923706055
2021-09-15,29.254823684692383,34.005001068115234
2021-09-16,29.00963592529297,33.720001220703125
2021-09-17,28.562274932861328,33.20000076293945
2021-09-20,28.50982666015625,32.88999938964844
2021-09-21,28.43181610107422,32.79999923706055
2021-09-22,28.41447639465332,32.779998779296875
2021-09-23,28.262781143188477,32.60499954223633
2021-09-24,28.232446670532227,32.56999969482422
2021-09-27,27.898717880249023,32.185001373291016
2021-09-28,27.547658920288086,31.780000686645508
2021-09-29,27.90738296508789,32.19499969482422
2021-09-30,27.686351776123047,31.940000534057617
2021-10-01,27.686351776123047,31.940000534057617
2021-10-04,28.067752838134766,32.380001068115234
2021-10-05,27.99839973449707,32.29999923706055
2021-10-06,28.43181610107422,32.79999923706055
2021-10-07,28.28011703491211,32.625
2021-10-08,28.07208251953125,32.3849983215332
2021-10-11,27.69068145751953,31.94499969482422
2021-10-12,27.877052307128906,32.15999984741211
2021-10-13,28.20210838317871,32.53499984741211
2021-10-14,28.548839569091797,32.935001373291016
2021-10-15,28.466487884521484,32.84000015258789
2021-10-18,28.193443298339844,32.525001525878906
2021-10-19,28.548839569091797,32.935001373291016
2021-10-20,28.99958610534668,33.45500183105469
2021-10-21,28.99958610534668,33.45500183105469
2021-10-22,29.146944046020508,33.625
2021-10-25,29.02126121520996,33.47999954223633
2021-10-26,29.17728614807129,33.65999984741211
2021-10-27,28.982248306274414,33.435001373291016
2021-10-28,29.172945022583008,33.654998779296875
2021-10-29,28.99958610534668,33.45500183105469
2021-11-01,29.10360336303711,33.57500076293945
2021-11-02,29.129606246948242,33.60499954223633
2021-11-03,29.02126121520996,33.47999954223633
2021-11-04,28.86089324951172,33.29499816894531
2021-11-05,29.133947372436523,33.61000061035156
2021-11-08,28.700531005859375,33.11000061035156
2021-11-09,28.8478946685791,33.279998779296875
2021-11-10,29.081939697265625,33.54999923706055
2021-11-11,28.904237747192383,33.345001220703125
2021-11-12,28.88689613342285,33.32500076293945
2021-11-15,29.26830291748047,33.76499938964844
2021-11-16,29.129606246948242,33.60499954223633
2021-11-17,29.15560531616211,33.6349983215332
2021-11-18,29.003917694091797,33.459999084472656
2021-11-19,29.16861915588379,33.650001525878906
2021-11-22,29.346317291259766,33.85499954223633
2021-11-23,29.376649856567383,33.88999938964844
2021-11-24,29.393991470336914,33.90999984741211
2021-11-26,28.93457794189453,33.380001068115234
2021-11-29,29.363649368286133,33.875
2021-11-30,28.505495071411133,32.8849983215332
2021-12-01,28.557512283325195,32.94499969482422
2021-12-02,28.921571731567383,33.3650016784668
2021-12-03,29.211959838867188,33.70000076293945
2021-12-06,29.658369064331055,34.21500015258789
2021-12-07,29.87941551208496,34.470001220703125
2021-12-08,29.849082946777344,34.435001373291016
2021-12-09,29.8100643157959,34.38999938964844
2021-12-10,29.970426559448242,34.57500076293945
2021-12-13,30.338821411132812,35.0
2021-12-14,30.156795501708984,34.790000915527344
2021-12-15,30.6508846282959,35.36000061035156
2021-12-16,30.806913375854492,35.540000915527344
2021-12-17,30.343170166015625,35.005001068115234
2021-12-20,30.371994018554688,34.76499938964844
2021-12-21,30.32831382751465,34.71500015258789
2021-12-22,30.459362030029297,34.8650016784668
2021-12-23,30.45499038696289,34.86000061035156
2021-12-27,30.603513717651367,35.029998779296875
2021-12-28,30.878705978393555,35.345001220703125
2021-12-29,31.044694900512695,35.53499984741211
2021-12-30,31.15826416015625,35.665000915527344
2021-12-31,31.267471313476562,35.790000915527344
2022-01-03,30.95733070373535,35.435001373291016
2022-01-04,30.861238479614258,35.32500076293945
2022-01-05,30.843761444091797,35.30500030517578
2022-01-06,30.52487564086914,34.939998626708984
2022-01-07,30.756393432617188,35.20500183105469
2022-01-10,30.555452346801758,34.974998474121094
2022-01-11,30.280256271362305,34.65999984741211
2022-01-12,30.376367568969727,34.77000045776367
2022-01-13,30.52487564086914,34.939998626708984
2022-01-14,30.315204620361328,34.70000076293945
2022-01-18,29.952653884887695,34.28499984741211
2022-01-19,30.08806037902832,34.439998626708984
2022-01-20,30.12737464904785,34.48500061035156
2022-01-21,30.070592880249023,34.41999816894531
2022-01-24,29.78227996826172,34.09000015258789
2022-01-25,29.314895629882812,33.55500030517578
2022-01-26,29.074644088745117,33.279998779296875
2022-01-27,29.33236312866211,33.57500076293945
2022-01-28,29.686193466186523,33.97999954223633
2022-01-31,30.24968910217285,34.625
2022-02-01,29.84781265258789,34.165000915527344
2022-02-02,30.288991928100586,34.66999816894531
2022-02-03,30.15358543395996,34.51499938964844
2022-02-04,29.913331985473633,34.2400016784668
2022-02-07,29.86965560913086,34.189998626708984
2022-02-08,29.891490936279297,34.21500015258789
2022-02-09,30.022533416748047,34.3650016784668
2022-02-10,29.262466430664062,33.494998931884766
2022-02-11,29.279949188232422,33.51499938964844
2022-02-14,29.030960083007812,33.22999954223633
2022-02-15,28.895549774169922,33.07500076293945
2022-02-16,28.961071014404297,33.150001525878906
2022-02-17,28.978538513183594,33.16999816894531
2022-02-18,28.926124572753906,33.11000061035156
2022-02-22,28.895549774169922,33.07500076293945
2022-02-23,28.40631103515625,32.51499938964844
2022-02-24,28.633459091186523,32.775001525878906
2022-02-25,29.52018928527832,33.790000915527344
2022-02-28,29.673080444335938,33.96500015258789
2022-03-01,29.41535758972168,33.66999816894531
2022-03-02,29.77355194091797,34.08000183105469
2022-03-03,30.297733306884766,34.68000030517578
2022-03-04,30.9660701751709,35.44499969482422
2022-03-07,31.36794090270996,35.904998779296875
2022-03-08,30.88306999206543,35.349998474121094
2022-03-09,30.664663314819336,35.099998474121094
2022-03-10,30.869964599609375,35.334999084472656
2022-03-11,30.765132904052734,35.21500015258789
2022-03-14,30.73018455505371,35.17499923706055
2022-03-15,31.123315811157227,35.625
2022-03-16,31.0665340423584,35.560001373291016
2022-03-17,31.197574615478516,35.709999084472656
2022-03-18,30.931110382080078,35.404998779296875
2022-03-21,31.137786865234375,35.404998779296875
2022-03-22,31.181766510009766,35.45500183105469
2022-03-23,31.225749969482422,35.505001068115234
2022-03-24,31.5467529296875,35.869998931884766
2022-03-25,32.004085540771484,36.38999938964844
2022-03-28,32.210758209228516,36.625
2022-03-29,32.5097770690918,36.96500015258789
2022-03-30,32.77801513671875,37.27000045776367
2022-03-31,32.742828369140625,37.22999954223633
2022-04-01,33.200157165527344,37.75
2022-04-04,32.94511795043945,37.459999084472656
2022-04-05,33.151798248291016,37.69499969482422
2022-04-06,33.811405181884766,38.44499969482422
2022-04-07,33.72784423828125,38.349998474121094
2022-04-08,33.842185974121094,38.47999954223633
2022-04-11,33.380455017089844,37.95500183105469
2022-04-12,33.50798034667969,38.099998474121094
2022-04-13,33.44202423095703,38.025001525878906
2022-04-14,33.45960998535156,38.04499816894531
2022-04-18,33.27931594848633,37.84000015258789
2022-04-19,33.49478530883789,38.084999084472656
2022-04-20,33.76742935180664,38.39500045776367
2022-04-21,33.20895767211914,37.7599983215332
2022-04-22,32.65049362182617,37.125
2022-04-25,32.426231384277344,36.869998931884766
2022-04-26,32.1008186340332,36.5
2022-04-27,31.94691276550293,36.32500076293945
2022-04-28,32.303104400634766,36.72999954223633
2022-04-29,31.33568000793457,35.630001068115234
2022-05-02,31.014667510986328,35.26499938964844
2022-05-03,31.13340187072754,35.400001525878906
2022-05-04,31.828176498413086,36.189998626708984
2022-05-05,31.502779006958008,35.81999969482422
2022-05-06,31.753427505493164,36.10499954223633
2022-05-09,31.515972137451172,35.834999084472656
2022-05-10,31.13340187072754,35.400001525878906
2022-05-11,31.357669830322266,35.654998779296875
2022-05-12,31.04105567932129,35.29499816894531
2022-05-13,31.410430908203125,35.71500015258789
2022-05-16,31.50717544555664,35.82500076293945
2022-05-17,31.832595825195312,36.19499969482422
2022-05-18,31.524763107299805,35.845001220703125
2022-05-19,31.458803176879883,35.77000045776367
2022-05-20,31.5467529296875,35.869998931884766
2022-05-23,31.924922943115234,36.29999923706055
2022-05-24,32.56254577636719,37.025001525878906
2022-05-25,32.540557861328125,37.0
2022-05-26,32.632904052734375,37.10499954223633
2022-05-27,33.14299392700195,37.685001373291016
2022-05-31,32.6856689453125,37.165000915527344
2022-06-01,32.632904052734375,37.10499954223633
2022-06-02,32.85276794433594,37.35499954223633
2022-06-03,32.6944694519043,37.17499923706055
2022-06-06,32.83958435058594,37.34000015258789
2022-06-07,33.03745651245117,37.564998626708984
2022-06-08,32.39105224609375,36.83000183105469
2022-06-09,31.612714767456055,35.94499969482422
2022-06-10,31.37085723876953,35.66999816894531
2022-06-13,29.92851448059082,34.029998779296875
2022-06-14,29.17216682434082,33.16999816894531
2022-06-15,29.361257553100586,33.3849983215332
2022-06-16,28.793996810913086,32.7400016784668
2022-06-17,28.525758743286133,32.435001373291016
2022-06-21,29.06875228881836,32.790000915527344
2022-06-22,29.37459373474121,33.1349983215332
2022-06-23,30.066072463989258,33.915000915527344
2022-06-24,30.589115142822266,34.505001068115234
2022-06-27,30.83733558654785,34.78499984741211
2022-06-28,30.722091674804688,34.654998779296875
2022-06-29,30.744253158569336,34.68000030517578
2022-06-30,31.085561752319336,35.064998626708984
2022-07-01,31.84796714782715,35.92499923706055
2022-07-05,30.761985778808594,34.70000076293945
2022-07-06,31.081134796142578,35.060001373291016
2022-07-07,31.05010223388672,35.025001525878906
2022-07-08,30.948156356811523,34.90999984741211
2022-07-11,31.1431884765625,35.130001068115234
2022-07-12,30.99247169494629,34.959999084472656
2022-07-13,30.86393165588379,34.814998626708984
2022-07-14,30.86393165588379,34.814998626708984
2022-07-15,30.921558380126953,34.880001068115234
2022-07-18,30.491600036621094,34.39500045776367
2022-07-19,30.686634063720703,34.6150016784668
2022-07-20,30.278833389282227,34.154998779296875
2022-07-21,30.35861587524414,34.244998931884766
2022-07-22,30.775285720825195,34.71500015258789
2022-07-25,31.16092300415039,35.150001525878906
2022-07-26,31.347084045410156,35.36000061035156
2022-07-27,31.37367820739746,35.38999938964844
2022-07-28,32.49955368041992,36.65999984741211
2022-07-29,32.778804779052734,36.974998474121094
2022-08-01,32.814266204833984,37.01499938964844
2022-08-02,32.747772216796875,36.939998626708984
2022-08-03,32.95167541503906,37.16999816894531
2022-08-04,33.02259826660156,37.25
2022-08-05,32.90291213989258,37.1150016784668
2022-08-08,32.95167541503906,37.16999816894531
2022-08-09,33.319576263427734,37.584999084472656
2022-08-10,33.465843200683594,37.75
2022-08-11,33.46141815185547,37.744998931884766
2022-08-12,34.006614685058594,38.36000061035156
2022-08-15,34.290313720703125,38.68000030517578
2022-08-16,34.3878288269043,38.790000915527344
2022-08-17,34.33019256591797,38.724998474121094
2022-08-18,34.458736419677734,38.869998931884766
2022-08-19,34.44101333618164,38.849998474121094
2022-08-22,33.971160888671875,38.31999969482422
2022-08-23,33.76726531982422,38.09000015258789
2022-08-24,33.8736457824707,38.209999084472656
2022-08-25,34.08198165893555,38.44499969482422
2022-08-26,33.558929443359375,37.85499954223633
2022-08-29,33.660884857177734,37.970001220703125
2022-08-30,33.16887283325195,37.415000915527344
2022-08-31,32.95167541503906,37.16999816894531
2022-09-01,33.42595672607422,37.70500183105469
2022-09-02,33.06692123413086,37.29999923706055
2022-09-06,33.15114212036133,37.39500045776367
2022-09-07,34.1883659362793,38.564998626708984
2022-09-08,34.16176223754883,38.53499984741211
2022-09-09,34.299171447753906,38.689998626708984
2022-09-12,34.62718963623047,39.060001373291016
2022-09-13,33.70520782470703,38.02000045776367
2022-09-14,33.98003005981445,38.33000183105469
2022-09-15,33.13340377807617,37.375
2022-09-16,33.00929260253906,37.23500061035156
2022-09-19,33.451541900634766,37.47999954223633
2022-09-20,32.965110778808594,36.935001373291016
2022-09-21,32.514400482177734,36.43000030517578
2022-09-22,32.39836502075195,36.29999923706055
2022-09-23,32.02351379394531,35.880001068115234
2022-09-26,31.25147247314453,35.01499938964844
2022-09-27,30.724897384643555,34.42499923706055
2022-09-28,31.055130004882812,34.79499816894531
2022-09-29,29.810070037841797,33.400001525878906
2022-09-30,29.23439598083496,32.755001068115234
2022-10-03,30.09120750427246,33.71500015258789
2022-10-04,30.729368209838867,34.43000030517578
2022-10-05,30.046586990356445,33.665000915527344
2022-10-06,29.05589485168457,32.55500030517578
2022-10-07,28.45344352722168,31.8799991607666
2022-10-10,28.50252914428711,31.934999465942383
2022-10-11,28.399890899658203,31.81999969482422
2022-10-12,27.453819274902344,30.760000228881836
2022-10-13,28.14105987548828,31.530000686645508
2022-10-14,27.734968185424805,31.075000762939453
2022-10-17,28.31510353088379,31.725000381469727
2022-10-18,28.8327579498291,32.30500030517578
2022-10-19,28.45790672302246,31.885000228881836
2022-10-20,27.739429473876953,31.079999923706055
2022-10-21,28.25262451171875,31.655000686645508
2022-10-24,28.4891414642334,31.920000076293945
2022-10-25,29.060354232788086,32.560001373291016
2022-10-26,29.046968460083008,32.54499816894531
2022-10-27,29.279022216796875,32.80500030517578
2022-10-28,30.082284927368164,33.70500183105469
2022-10-31,29.801137924194336,33.38999938964844
2022-11-01,29.917171478271484,33.52000045776367
2022-11-02,29.627099990844727,33.19499969482422
2022-11-03,29.756513595581055,33.34000015258789
2022-11-04,29.939476013183594,33.54499816894531
2022-11-07,29.36827278137207,32.904998779296875
2022-11-08,29.573551177978516,33.1349983215332
2022-11-09,29.34149742126465,32.875
2022-11-10,30.724897384643555,34.42499923706055
2022-11-11,30.38128089904785,34.040000915527344
2022-11-14,30.019804000854492,33.6349983215332
2022-11-15,30.35004425048828,34.005001068115234
2022-11-16,30.62225914001465,34.310001373291016
2022-11-17,30.086748123168945,33.709999084472656
2022-11-18,30.724897384643555,34.42499923706055
2022-11-21,30.86324119567871,34.58000183105469
2022-11-22,31.126527786254883,34.875
2022-11-23,31.474613189697266,35.26499938964844
2022-11-25,31.657583236694336,35.470001220703125
2022-11-28,31.331809997558594,35.10499954223633
2022-11-29,31.09975242614746,34.845001220703125
2022-11-30,31.876239776611328,35.71500015258789
2022-12-01,31.849472045898438,35.685001373291016
2022-12-02,31.697750091552734,35.51499938964844
2022-12-05,31.51923942565918,35.314998626708984
2022-12-06,31.715591430664062,35.53499984741211
2022-12-07,31.568330764770508,35.369998931884766
2022-12-08,31.773601531982422,35.599998474121094
2022-12-09,31.608484268188477,35.415000915527344
2022-12-12,32.33143615722656,36.224998474121094
2022-12-13,32.429603576660156,36.334999084472656
2022-12-14,32.389442443847656,36.290000915527344
2022-12-15,31.996734619140625,35.849998474121094
2022-12-16,31.452306747436523,35.2400016784668
2022-12-19,31.327213287353516,34.814998626708984
2022-12-20,31.336223602294922,34.82500076293945
2022-12-21,31.77263641357422,35.310001373291016
2022-12-22,31.579172134399414,35.095001220703125
2022-12-23,31.903108596801758,35.45500183105469
2022-12-27,32.10107421875,35.67499923706055
2022-12-28,31.795129776000977,35.334999084472656
2022-12-29,32.02458190917969,35.59000015258789
2022-12-30,31.71864128112793,35.25
2023-01-03,31.71864128112793,35.25
2023-01-04,32.0065803527832,35.56999969482422
2023-01-05,31.313730239868164,34.79999923706055
2023-01-06,31.943601608276367,35.5
2023-01-09,32.15956497192383,35.7400016784668
2023-01-10,32.168556213378906,35.75
2023-01-11,32.429500579833984,36.040000915527344
2023-01-12,32.209041595458984,35.79499816894531
2023-01-13,32.092071533203125,35.665000915527344
2023-01-17,32.04707717895508,35.6150016784668
2023-01-18,31.27773666381836,34.7599983215332
2023-01-19,30.962793350219727,34.40999984741211
2023-01-20,31.147268295288086,34.6150016784668
2023-01-23,31.156261444091797,34.625
2023-01-24,31.313730239868164,34.79999923706055
2023-01-25,30.890810012817383,34.33000183105469
2023-01-26,30.994291305541992,34.44499969482422
2023-01-27,30.994291305541992,34.44499969482422
2023-01-30,30.854822158813477,34.290000915527344
2023-01-31,31.084270477294922,34.54499816894531
2023-02-01,31.138259887695312,34.60499954223633
2023-02-02,31.20574951171875,34.68000030517578
2023-02-03,30.553375244140625,33.95500183105469
2023-02-06,30.814329147338867,34.244998931884766
2023-02-07,30.800830841064453,34.22999954223633
2023-02-08,30.283432006835938,33.654998779296875
2023-02-09,29.8695125579834,33.19499969482422
2023-02-10,30.46339225769043,33.85499954223633
2023-02-13,30.647859573364258,34.060001373291016
2023-02-14,30.51738739013672,33.915000915527344
2023-02-15,30.71534538269043,34.1349983215332
2023-02-16,30.481393814086914,33.875
2023-02-17,30.809831619262695,34.2400016784668
2023-02-21,30.23394012451172,33.599998474121094
2023-02-22,30.11697006225586,33.470001220703125
2023-02-23,29.959495544433594,33.29499816894531
2023-02-24,29.96849250793457,33.30500030517578
2023-02-27,29.766036987304688,33.08000183105469
2023-02-28,29.244138717651367,32.5
2023-03-01,28.762739181518555,31.96500015258789
2023-03-02,29.307126998901367,32.56999969482422
2023-03-03,29.80653190612793,33.125
2023-03-06,29.95050048828125,33.28499984741211
2023-03-07,29.460102081298828,32.7400016784668
2023-03-08,29.685054779052734,32.9900016784668
2023-03-09,29.446598052978516,32.724998474121094
2023-03-10,28.98319435119629,32.209999084472656
2023-03-13,29.428606033325195,32.70500183105469
2023-03-14,29.815526962280273,33.1349983215332
2023-03-15,30.220441818237305,33.584999084472656
2023-03-16,30.422901153564453,33.810001373291016
2023-03-17,30.130468368530273,33.48500061035156
2023-03-20,30.366140365600586,33.5
2023-03-21,29.75428581237793,32.82500076293945
2023-03-22,29.169626235961914,32.18000030517578
2023-03-23,28.870494842529297,31.850000381469727
2023-03-24,29.772418975830078,32.845001220703125
2023-03-27,29.808673858642578,32.8849983215332
2023-03-28,29.890247344970703,32.974998474121094
2023-03-29,30.325349807739258,33.45500183105469
2023-03-30,30.456787109375,33.599998474121094
2023-03-31,30.67887306213379,33.845001220703125
2023-04-03,30.470380783081055,33.6150016784668
2023-04-04,30.62447738647461,33.78499984741211
2023-04-05,31.417621612548828,34.65999984741211
2023-04-06,31.63970184326172,34.904998779296875
2023-04-10,31.576255798339844,34.834999084472656
2023-04-11,31.60344886779785,34.8650016784668
2023-04-12,31.57172393798828,34.83000183105469
2023-04-13,31.576255798339844,34.834999084472656
2023-04-14,31.22273826599121,34.44499969482422
2023-04-17,31.39495849609375,34.6349983215332
2023-04-18,31.23180389404297,34.45500183105469
2023-04-19,31.47201156616211,34.720001220703125
2023-04-20,31.46294593811035,34.709999084472656
2023-04-21,31.55359649658203,34.810001373291016
2023-04-24,31.71222686767578,34.98500061035156
2023-04-25,31.680500030517578,34.95000076293945
2023-04-26,30.937210083007812,34.130001068115234
2023-04-27,31.308856964111328,34.540000915527344
2023-04-28,31.263532638549805,34.4900016784668
2023-05-01,31.317920684814453,34.54999923706055
2023-05-02,30.937210083007812,34.130001068115234
2023-05-03,30.85109519958496,34.03499984741211
2023-05-04,31.086769104003906,34.29499816894531
2023-05-05,31.286190032958984,34.51499938964844
2023-05-08,31.191011428833008,34.40999984741211
2023-05-09,31.150222778320312,34.3650016784668
2023-05-10,31.43575096130371,34.68000030517578
2023-05-11,31.113962173461914,34.32500076293945
2023-05-12,31.286190032958984,34.51499938964844
2023-05-15,30.89188575744629,34.08000183105469
2023-05-16,30.2075138092041,33.32500076293945
2023-05-17,30.098739624023438,33.20500183105469
2023-05-18,30.008089065551758,33.10499954223633
2023-05-19,29.9627685546875,33.05500030517578
2023-05-22,29.97183609008789,33.064998626708984
2023-05-23,29.867597579956055,32.95000076293945
2023-05-24,29.672704696655273,32.73500061035156
2023-05-25,29.27386474609375,32.29499816894531
2023-05-26,29.27386474609375,32.29499816894531
2023-05-30,29.160558700561523,32.16999816894531
2023-05-31,29.42796516418457,32.46500015258789
2023-06-01,29.210412979125977,32.224998474121094
2023-06-02,29.51407814025879,32.560001373291016
2023-06-05,29.654577255249023,32.71500015258789
2023-06-06,29.631914138793945,32.689998626708984
2023-06-07,30.134994506835938,33.244998931884766
2023-06-08,30.266427993774414,33.38999938964844
2023-06-09,30.089675903320312,33.19499969482422
2023-06-12,30.03529167175293,33.1349983215332
2023-06-13,30.030757904052734,33.130001068115234
2023-06-14,30.01262664794922,33.11000061035156
2023-06-15,30.33894920349121,33.470001220703125
2023-06-16,30.50210952758789,33.650001525878906
2023-06-20,30.144380569458008,32.9900016784668
2023-06-21,30.386518478393555,33.255001068115234
2023-06-22,30.15351676940918,33.0
2023-06-23,29.710351943969727,32.51499938964844
2023-06-26,30.002750396728516,32.834999084472656
2023-06-27,30.01188850402832,32.845001220703125
2023-06-28,29.568721771240234,32.36000061035156
2023-06-29,29.568721771240234,32.36000061035156
2023-06-30,29.897672653198242,32.720001220703125
2023-07-03,30.12153434753418,32.96500015258789
2023-07-05,30.46418571472168,33.34000015258789
2023-07-06,30.094125747680664,32.935001373291016
2023-07-07,29.87482261657715,32.69499969482422
2023-07-10,29.746906280517578,32.55500030517578
2023-07-11,30.11697006225586,32.959999084472656
2023-07-12,30.55556297302246,33.439998626708984
2023-07-13,30.66064453125,33.55500030517578
2023-07-14,30.541858673095703,33.42499923706055
2023-07-17,30.1900691986084,33.040000915527344
2023-07-18,29.957067489624023,32.78499984741211
2023-07-19,30.26316261291504,33.119998931884766
2023-07-20,30.815975189208984,33.724998474121094
2023-07-21,31.277414321899414,34.22999954223633
2023-07-24,31.195188522338867,34.13999938964844
2023-07-25,31.25000762939453,34.20000076293945
2023-07-26,31.25000762939453,34.20000076293945
2023-07-27,30.697195053100586,33.595001220703125
2023-07-28,30.6286678314209,33.52000045776367
2023-07-31,30.642366409301758,33.53499984741211
2023-08-01,30.267736434936523,33.125
2023-08-02,30.267736434936523,33.125
2023-08-03,29.57785987854004,32.369998931884766
2023-08-04,29.23520851135254,31.9950008392334
2023-08-07,29.230634689331055,31.989999771118164
2023-08-08,29.36769676208496,32.13999938964844
2023-08-09,29.431657791137695,32.209999084472656
2023-08-10,29.340282440185547,32.11000061035156
2023-08-11,29.500192642211914,32.28499984741211
2023-08-14,29.26718521118164,32.029998779296875
2023-08-15,28.792041778564453,31.510000228881836
2023-08-16,28.91996192932129,31.649999618530273
2023-08-17,28.856000900268555,31.579999923706055
2023-08-18,29.00676918029785,31.7450008392334
2023-08-21,28.82402229309082,31.545000076293945
2023-08-22,28.90625762939453,31.635000228881836
2023-08-23,29.020475387573242,31.760000228881836
2023-08-24,28.85143280029297,31.575000762939453
2023-08-25,29.07073211669922,31.815000534057617
2023-08-28,29.066162109375,31.809999465942383
2023-08-29,29.175813674926758,31.93000030517578
2023-08-30,29.04332160949707,31.78499984741211
2023-08-31,28.76462745666504,31.479999542236328
2023-09-01,28.618427276611328,31.31999969482422
2023-09-05,28.179828643798828,30.84000015258789
2023-09-06,28.24379539489746,30.90999984741211
2023-09-07,28.61385726928711,31.315000534057617
2023-09-08,28.86513900756836,31.59000015258789
2023-09-11,28.983924865722656,31.719999313354492
2023-09-12,29.020475387573242,31.760000228881836
2023-09-13,29.36769676208496,32.13999938964844
2023-09-14,29.797155380249023,32.61000061035156
2023-09-15,29.669233322143555,32.470001220703125
2023-09-18,29.647125244140625,32.185001373291016
2023-09-19,29.48592185974121,32.0099983215332
2023-09-20,29.5135555267334,32.040000915527344
2023-09-21,29.204975128173828,31.704999923706055
2023-09-22,29.14970588684082,31.645000457763672
2023-09-25,29.108251571655273,31.600000381469727
2023-09-26,28.237770080566406,30.655000686645508
2023-09-27,27.694292068481445,30.065000534057617
2023-09-28,27.09554672241211,29.415000915527344
2023-09-29,27.141603469848633,29.46500015258789
2023-10-02,25.879629135131836,28.094999313354492
2023-10-03,26.17900276184082,28.420000076293945
2023-10-04,26.151371002197266,28.389999389648438
2023-10-05,25.99938201904297,28.225000381469727
2023-10-06,26.367843627929688,28.625
2023-10-09,26.630367279052734,28.90999984741211
2023-10-10,26.994218826293945,29.30500030517578
2023-10-11,27.431766510009766,29.780000686645508
2023-10-12,27.00803565979004,29.31999969482422
2023-10-13,27.312015533447266,29.649999618530273
2023-10-16,27.592966079711914,29.954999923706055
2023-10-17,27.51927375793457,29.875
2023-10-18,27.27977752685547,29.614999771118164
2023-10-19,27.00803565979004,29.31999969482422
2023-10-20,26.72708511352539,29.014999389648438
2023-10-23,26.501407623291016,28.770000457763672
2023-10-24,27.183055877685547,29.510000228881836
2023-10-25,27.33504295349121,29.674999237060547
2023-10-26,27.569936752319336,29.93000030517578
2023-10-27,27.04949188232422,29.364999771118164
2023-10-30,27.256746292114258,29.59000015258789
2023-10-31,27.491636276245117,29.844999313354492
2023-11-01,27.80483055114746,30.184999465942383
2023-11-02,28.32527732849121,30.75
2023-11-03,28.491085052490234,30.93000030517578
2023-11-06,28.41739273071289,30.850000381469727
2023-11-07,28.210134506225586,30.625
2023-11-08,28.00287628173828,30.399999618530273
2023-11-09,27.63442039489746,30.0
2023-11-10,27.781801223754883,30.15999984741211
2023-11-13,27.45018768310547,29.799999237060547
2023-11-14,28.546354293823242,30.989999771118164
2023-11-15,28.458845138549805,30.895000457763672
2023-11-16,28.610836029052734,31.059999465942383
2023-11-17,28.689130783081055,31.145000457763672
2023-11-20,28.601621627807617,31.049999237060547
2023-11-21,28.661495208740234,31.114999771118164
2023-11-22,28.799667358398438,31.264999389648438
2023-11-24,28.873361587524414,31.344999313354492
2023-11-27,28.919416427612305,31.395000457763672
2023-11-28,29.011531829833984,31.4950008392334
2023-11-29,28.781246185302734,31.2450008392334
2023-11-30,28.905601501464844,31.3799991607666
2023-12-01,29.26024055480957,31.764999389648438
2023-12-04,29.14510154724121,31.639999389648438
2023-12-05,28.937841415405273,31.415000915527344
2023-12-06,29.32472038269043,31.834999084472656
2023-12-07,29.26024055480957,31.764999389648438
2023-12-08,29.204975128173828,31.704999923706055
2023-12-11,29.393808364868164,31.90999984741211
2023-12-12,29.274063110351562,31.780000686645508
2023-12-13,30.379438400268555,32.97999954223633
2023-12-14,29.98334503173828,32.54999923706055
2023-12-15,29.462900161743164,31.985000610351562
2023-12-18,29.396413803100586,31.614999771118164
2023-12-19,29.56378173828125,31.795000076293945
2023-12-20,28.964040756225586,31.149999618530273
2023-12-21,29.01518440246582,31.204999923706055
2023-12-22,29.11281394958496,31.309999465942383
2023-12-26,29.28948211669922,31.5
2023-12-27,29.270889282226562,31.479999542236328
2023-12-28,29.4800968170166,31.704999923706055
2023-12-29,29.442903518676758,31.665000915527344
2024-01-02,29.870624542236328,32.125
2024-01-03,29.982200622558594,32.244998931884766
2024-01-04,29.889219284057617,32.14500045776367
2024-01-05,30.00079917907715,32.26499938964844
2024-01-08,30.21930503845215,32.5
2024-01-09,29.9729061126709,32.23500061035156
2024-01-10,29.9682559967041,32.22999954223633
2024-01-11,29.270889282226562,31.479999542236328
2024-01-12,29.43825340270996,31.65999984741211
2024-01-16,29.117462158203125,31.315000534057617
2024-01-17,28.69439697265625,30.860000610351562
2024-01-18,28.38755226135254,30.530000686645508
2024-01-19,28.350357055664062,30.489999771118164
2024-01-22,28.206233978271484,30.334999084472656
2024-01-23,28.257373809814453,30.389999389648438
2024-01-24,27.87150001525879,29.975000381469727
2024-01-25,28.37360191345215,30.514999389648438
2024-01-26,28.457286834716797,30.604999542236328
2024-01-29,28.63860321044922,30.799999237060547
2024-01-30,28.62930679321289,30.790000915527344
2024-01-31,28.568870544433594,30.725000381469727
2024-02-01,29.11281394958496,31.309999465942383
2024-02-02,28.58746337890625,30.7450008392334
2024-02-05,27.99237632751465,30.104999542236328
2024-02-06,28.094655990600586,30.21500015258789
2024-02-07,28.11325454711914,30.235000610351562
2024-02-08,27.913341522216797,30.020000457763672
2024-02-09,28.020273208618164,30.135000228881836
2024-02-12,28.345712661743164,30.485000610351562
2024-02-13,27.876150131225586,29.979999542236328
2024-02-14,28.029569625854492,30.145000457763672
2024-02-15,28.499128341674805,30.649999618530273
2024-02-16,28.46658706665039,30.614999771118164
2024-02-20,28.447986602783203,30.594999313354492
2024-02-21,28.824567794799805,31.0
2024-02-22,28.60141372680664,30.760000228881836
2024-02-23,28.805973052978516,30.979999542236328
2024-02-26,28.238780975341797,30.3700008392334
2024-02-27,28.773427963256836,30.94499969482422
2024-02-28,28.86176300048828,31.040000915527344
2024-02-29,28.871061325073242,31.049999237060547
2024-03-01,28.69439697265625,30.860000610351562
2024-03-04,29.177902221679688,31.3799991607666
2024-03-05,29.09421730041504,31.290000915527344
2024-03-06,29.3731632232666,31.59000015258789
2024-03-07,29.56378173828125,31.795000076293945
2024-03-08,29.638164520263672,31.875
2024-03-11,29.78693962097168,32.03499984741211
2024-03-12,29.49869155883789,31.725000381469727
2024-03-13,29.6986026763916,31.940000534057617
2024-03-14,29.46150016784668,31.684999465942383
2024-03-15,29.503341674804688,31.729999542236328
2024-03-18,29.6392822265625,31.614999771118164
2024-03-19,29.901782989501953,31.895000457763672
2024-03-20,29.93928337097168,31.934999465942383
2024-03-21,29.892410278320312,31.885000228881836
2024-03-22,29.93459701538086,31.93000030517578
2024-03-25,30.075223922729492,32.08000183105469
2024-03-26,29.7330322265625,31.71500015258789
2024-03-27,30.562721252441406,32.599998474121094
2024-03-28,30.773664474487305,32.82500076293945
2024-04-01,30.586164474487305,32.625
2024-04-02,30.637725830078125,32.68000030517578
2024-04-03,30.515850067138672,32.54999923706055
2024-04-04,30.45491600036621,32.48500061035156
2024-04-05,30.543975830078125,32.58000183105469
2024-04-08,30.745540618896484,32.79499816894531
2024-04-09,30.914283752441406,32.974998474121094
2024-04-10,30.384599685668945,32.40999984741211
2024-04-11,30.32366180419922,32.345001220703125
2024-04-12,30.093971252441406,32.099998474121094
2024-04-15,29.817407608032227,31.80500030517578
2024-04-16,29.42365264892578,31.385000228881836
2024-04-17,30.037717819213867,32.040000915527344
2024-04-18,30.206472396850586,32.220001220703125
2024-04-19,30.6705379486084,32.71500015258789
2024-04-22,30.9517879486084,33.01499938964844
2024-04-23,31.09709930419922,33.16999816894531
2024-04-24,31.28459930419922,33.369998931884766
2024-04-25,31.368980407714844,33.459999084472656
2024-04-26,31.026792526245117,33.095001220703125
2024-04-29,31.448667526245117,33.54499816894531
2024-04-30,31.28459930419922,33.369998931884766
2024-05-01,31.645544052124023,33.755001068115234
2024-05-02,31.814294815063477,33.935001373291016
2024-05-03,32.06742477416992,34.20500183105469
2024-05-06,32.231483459472656,34.380001068115234
2024-05-07,32.59712219238281,34.77000045776367
2024-05-08,32.93930435180664,35.1349983215332
2024-05-09,33.44087219238281,35.66999816894531
2024-05-10,33.408058166503906,35.6349983215332
2024-05-13,33.408058166503906,35.6349983215332
2024-05-14,33.49711990356445,35.72999954223633
2024-05-15,33.99868392944336,36.26499938964844
2024-05-16,33.881500244140625,36.13999938964844
2024-05-17,33.90961837768555,36.16999816894531
2024-05-20,33.85337448120117,36.11000061035156
2024-05-21,34.1580696105957,36.435001373291016
2024-05-22,33.75493621826172,36.005001068115234
2024-05-23,33.18305969238281,35.39500045776367
2024-05-24,33.515869140625,35.75
2024-05-28,33.483055114746094,35.71500015258789
2024-05-29,33.05180740356445,35.255001068115234
2024-05-30,33.49711990356445,35.72999954223633
2024-05-31,34.08775329589844,36.36000061035156
2024-06-03,33.69868087768555,35.94499969482422
2024-06-04,33.68461990356445,35.93000030517578
2024-06-05,33.492427825927734,35.724998474121094
2024-06-06,33.14555358886719,35.35499954223633
2024-06-07,32.78462219238281,34.970001220703125
2024-06-10,33.20649337768555,35.41999816894531
2024-06-11,33.00492858886719,35.20500183105469
2024-06-12,32.789302825927734,34.974998474121094
2024-06-13,32.86430358886719,35.05500030517578
2024-06-14,32.78462219238281,34.970001220703125
2024-06-17,32.42367935180664,34.584999084472656
2024-06-18,32.437740325927734,34.599998474121094
2024-06-20,32.718990325927734,34.900001525878906
2024-06-21,32.52680587768555,34.69499969482422
2024-06-24,32.954444885253906,34.869998931884766
2024-06-25,32.642578125,34.540000915527344
2024-06-26,32.50553894042969,34.39500045776367
2024-06-27,32.56224060058594,34.45500183105469
2024-06-28,32.198394775390625,34.06999969482422
2024-07-01,31.97629737854004,33.834999084472656
2024-07-02,32.14168930053711,34.0099983215332
2024-07-03,32.335426330566406,34.21500015258789
2024-07-05,32.39213562011719,34.275001525878906
2024-07-08,32.425209045410156,34.310001373291016
2024-07-09,32.51971435546875,34.40999984741211
2024-07-10,32.82685852050781,34.73500061035156
2024-07-11,33.42697525024414,35.369998931884766
2024-07-12,33.672698974609375,35.630001068115234
2024-07-15,32.85521697998047,34.76499938964844
2024-07-16,33.110382080078125,35.03499984741211
2024-07-17,33.12928009033203,35.05500030517578
2024-07-18,33.100929260253906,35.025001525878906
2024-07-19,33.138736724853516,35.064998626708984
2024-07-22,33.41752624511719,35.36000061035156
2024-07-23,33.20961380004883,35.13999938964844
2024-07-24,33.58291244506836,35.53499984741211
2024-07-25,33.30412292480469,35.2400016784668
2024-07-26,33.63016891479492,35.584999084472656
2024-07-29,33.78137969970703,35.744998931884766
2024-07-30,33.95621109008789,35.93000030517578
2024-07-31,34.395668029785156,36.39500045776367
2024-08-01,35.01468276977539,37.04999923706055
2024-08-02,35.07139587402344,37.11000061035156
2024-08-05,34.14522933959961,36.130001068115234
2024-08-06,34.433475494384766,36.435001373291016
2024-08-07,34.6272087097168,36.63999938964844
2024-08-08,34.66501235961914,36.68000030517578
2024-08-09,34.783145904541016,36.80500030517578
2024-08-12,34.844573974609375,36.869998931884766
2024-08-13,35.047767639160156,37.084999084472656
2024-08-14,35.024139404296875,37.060001373291016
2024-08-15,35.0194206237793,37.05500030517578
2024-08-16,35.17535400390625,37.220001220703125
2024-08-19,35.406890869140625,37.46500015258789
2024-08-20,35.33128356933594,37.3849983215332
2024-08-21,35.581729888916016,37.650001525878906
2024-08-22,35.53919982910156,37.60499954223633
2024-08-23,35.638431549072266,37.709999084472656
2024-08-26,35.86997985839844,37.95500183105469
2024-08-27,35.58645248413086,37.654998779296875
2024-08-28,35.58645248413086,37.654998779296875
2024-08-29,35.780189514160156,37.86000061035156
2024-08-30,36.049537658691406,38.14500045776367
2024-09-03,35.99755859375,38.09000015258789
2024-09-04,36.30470275878906,38.415000915527344
2024-09-05,36.21492385864258,38.31999969482422
2024-09-06,35.86997985839844,37.95500183105469
2024-09-09,36.23381805419922,38.34000015258789
2024-09-10,36.403934478759766,38.52000045776367
2024-09-11,36.51734161376953,38.63999938964844
2024-09-12,36.5976676940918,38.724998474121094
2024-09-13,37.11273193359375,39.27000045776367
2024-09-16,37.39625549316406,39.56999969482422
2024-09-17,37.3679084777832,39.540000915527344
2024-09-18,37.084381103515625,39.2400016784668
2024-09-19,36.86701965332031,39.0099983215332
2024-09-20,37.84043502807617,40.040000915527344
2024-09-23,38.215789794921875,40.165000915527344
2024-09-24,37.94462203979492,39.880001068115234
2024-09-25,38.14442825317383,40.09000015258789
2024-09-26,37.882774353027344,39.814998626708984
2024-09-27,38.25860595703125,40.209999084472656
2024-09-30,38.42987060546875,40.38999938964844
2024-10-01,38.739097595214844,40.71500015258789
2024-10-02,38.75813293457031,40.73500061035156
2024-10-03,38.74385452270508,40.720001220703125
2024-10-04,38.6820068359375,40.654998779296875
2024-10-07,37.792388916015625,39.720001220703125
2024-10-08,37.8114128112793,39.7400016784668
2024-10-09,37.487918853759766,39.400001525878906
2024-10-10,37.373741149902344,39.279998779296875
2024-10-11,37.701995849609375,39.625
2024-10-14,38.177730560302734,40.125
2024-10-15,38.3489990234375,40.30500030517578
2024-10-16,39.110172271728516,41.10499954223633
2024-10-17,38.76288986206055,40.7400016784668
2024-10-18,38.98647689819336,40.974998474121094
2024-10-21,38.8342399597168,40.814998626708984
2024-10-22,38.6962776184082,40.66999816894531
2024-10-23,39.06736373901367,41.060001373291016
2024-10-24,38.81521224975586,40.79499816894531
2024-10-25,38.23957443237305,40.189998626708984
2024-10-28,38.53929138183594,40.505001068115234
2024-10-29,37.71626663208008,39.63999938964844
2024-10-30,37.625877380371094,39.54499816894531
2024-10-31,38.01598358154297,39.95500183105469
2024-11-01,37.169166564941406,39.064998626708984
2024-11-04,36.72673797607422,38.599998474121094
2024-11-05,37.27859115600586,39.18000030517578
2024-11-06,36.893245697021484,38.775001525878906
2024-11-07,36.95985412597656,38.845001220703125
2024-11-08,37.66869354248047,39.59000015258789
2024-11-11,37.77336120605469,39.70000076293945
2024-11-12,37.34043884277344,39.244998931884766
2024-11-13,37.273834228515625,39.17499923706055
2024-11-14,37.145389556884766,39.040000915527344
2024-11-15,37.701995849609375,39.625
2024-11-18,38.03025436401367,39.970001220703125
2024-11-19,38.27287673950195,40.224998474121094
2024-11-20,38.29190444946289,40.244998931884766
2024-11-21,38.95793914794922,40.94499969482422
2024-11-22,38.74861526489258,40.724998474121094
2024-11-25,38.819976806640625,40.79999923706055
2024-11-26,39.43843078613281,41.45000076293945
2024-11-27,39.43843078613281,41.45000076293945
2024-11-29,39.452701568603516,41.46500015258789
2024-12-02,38.60589599609375,40.57500076293945
2024-12-03,38.27287673950195,40.224998474121094
2024-12-04,38.268123626708984,40.220001220703125
2024-12-05,38.38705825805664,40.345001220703125
2024-12-06,37.91132354736328,39.845001220703125
2024-12-09,37.435585021972656,39.345001220703125
2024-12-10,37.16441345214844,39.060001373291016
2024-12-11,36.93130874633789,38.814998626708984
2024-12-12,36.91227340698242,38.79499816894531
2024-12-13,36.93606185913086,38.81999969482422
2024-12-16,36.641109466552734,38.5099983215332
2024-12-17,36.48887634277344,38.349998474121094
2024-12-18,35.62779235839844,37.44499969482422
2024-12-19,35.78954315185547,37.6150016784668
2024-12-20,36.36042404174805,38.21500015258789
2024-12-23,36.48417663574219,38.029998779296875
2024-12-24,36.685646057128906,38.2400016784668
2024-12-26,36.59930419921875,38.150001525878906
2024-12-27,36.4937744140625,38.040000915527344
2024-12-30,36.34027862548828,37.880001068115234
2024-12-31,36.30670166015625,37.845001220703125
2025-01-02,36.58491134643555,38.1349983215332
2025-01-03,36.97344970703125,38.540000915527344
2025-01-06,36.56093215942383,38.11000061035156
2025-01-07,36.46979522705078,38.01499938964844
2025-01-08,36.460201263427734,38.005001068115234
2025-01-10,36.253936767578125,37.790000915527344
2025-01-13,35.83182144165039,37.349998474121094
2025-01-14,36.30190658569336,37.84000015258789
2025-01-15,36.83434295654297,38.39500045776367
2025-01-16,37.764915466308594,39.3650016784668
2025-01-17,37.81767654418945,39.41999816894531
2025-01-21,38.39809036254883,40.025001525878906
2025-01-22,37.56825637817383,39.15999984741211
2025-01-23,37.745731353759766,39.345001220703125
2025-01-24,38.12947463989258,39.744998931884766
2025-01-27,37.246864318847656,38.82500076293945
2025-01-28,36.733612060546875,38.290000915527344
2025-01-29,36.81035614013672,38.369998931884766
2025-01-30,37.57783889770508,39.16999816894531
2025-01-31,37.3571891784668,38.939998626708984
2025-02-03,37.558658599853516,39.150001525878906
2025-02-04,37.22768020629883,38.80500030517578
2025-02-05,37.601829528808594,39.19499969482422
2025-02-06,37.558658599853516,39.150001525878906
2025-02-07,37.48190689086914,39.06999969482422
2025-02-10,37.88963317871094,39.494998931884766
2025-02-11,38.08150100708008,39.69499969482422
2025-02-12,38.014347076416016,39.625
2025-02-13,38.10068893432617,39.71500015258789
2025-02-14,37.94239807128906,39.54999923706055
2025-02-18,38.2973518371582,39.91999816894531
2025-02-19,38.49882125854492,40.130001068115234
2025-02-20,38.494022369384766,40.125
2025-02-21,38.50361633300781,40.1349983215332
2025-02-24,38.31174850463867,39.935001373291016
2025-02-25,38.119876861572266,39.73500061035156
2025-02-26,38.27817153930664,39.900001525878906
2025-02-27,37.429141998291016,39.01499938964844
2025-02-28,37.999961853027344,39.61000061035156
2025-03-03,38.0527229309082,39.665000915527344
2025-03-04,37.43394470214844,39.02000045776367
2025-03-05,37.17011642456055,38.744998931884766
2025-03-06,36.39783477783203,37.939998626708984
2025-03-07,37.074188232421875,38.64500045776367
2025-03-10,37.48190689086914,39.06999969482422
2025-03-11,37.131752014160156,38.70500183105469
2025-03-12,37.01662063598633,38.584999084472656
2025-03-13,37.107757568359375,38.68000030517578
2025-03-14,37.832069396972656,39.435001373291016
2025-03-17,37.99036407470703,39.599998474121094
2025-03-18,37.72654342651367,39.32500076293945
2025-03-19,37.86565017700195,39.470001220703125
2025-03-20,38.01914596557617,39.630001068115234
2025-03-21,37.77450942993164,39.375
2025-03-24,37.76243209838867,39.084999084472656
2025-03-25,37.15858459472656,38.459999084472656
2025-03-26,37.40495300292969,38.71500015258789
2025-03-27,37.39529037475586,38.70500183105469
2025-03-28,37.67064666748047,38.9900016784668
2025-03-31,38.09092712402344,39.42499923706055
2025-04-01,38.18754196166992,39.525001525878906
2025-04-02,38.36628723144531,39.709999084472656
2025-04-03,38.12474060058594,39.459999084472656
2025-04-04,36.00402069091797,37.26499938964844
2025-04-07,35.45330810546875,36.69499969482422
2025-04-08,35.308380126953125,36.54499816894531
2025-04-09,36.69965744018555,37.98500061035156
2025-04-10,36.4243049621582,37.70000076293945
2025-04-11,36.868736267089844,38.15999984741211
2025-04-14,37.53055953979492,38.845001220703125
2025-04-15,37.525718688964844,38.84000015258789
2025-04-16,37.187564849853516,38.4900016784668
2025-04-17,37.56919860839844,38.8849983215332
2025-04-21,36.68033218383789,37.96500015258789
2025-04-22,37.6803092956543,39.0
2025-04-23,37.839725494384766,39.165000915527344
2025-04-24,37.89768981933594,39.224998474121094
2025-04-25,37.78175354003906,39.10499954223633
2025-04-28,38.013633728027344,39.345001220703125
2025-04-29,38.30831527709961,39.650001525878906
2025-04-30,38.115081787109375,39.45000076293945
2025-05-01,38.2261848449707,39.564998626708984
2025-05-02,38.525699615478516,39.875
2025-05-05,38.4290885925293,39.775001525878906
2025-05-06,38.89767074584961,40.2599983215332
2025-05-07,39.00878143310547,40.375
2025-05-08,38.69477844238281,40.04999923706055
2025-05-09,38.76240539550781,40.119998931884766
2025-05-12,38.53053283691406,39.880001068115234
2025-05-13,38.47739028930664,39.82500076293945
2025-05-14,38.30831527709961,39.650001525878906
2025-05-15,39.12472152709961,40.494998931884766
2025-05-16,39.699588775634766,41.09000015258789
2025-05-19,39.8686637878418,41.26499938964844
2025-05-20,39.98460006713867,41.3849983215332
2025-05-21,39.255157470703125,40.630001068115234
2025-05-22,38.69477844238281,40.04999923706055
2025-05-23,39.158538818359375,40.529998779296875
2025-05-27,39.453216552734375,40.834999084472656
2025-05-28,38.90250015258789,40.26499938964844
2025-05-29,39.173030853271484,40.54499816894531
2025-05-30,39.5739860534668,40.959999084472656
2025-06-02,39.699588775634766,41.09000015258789
2025-06-03,39.80586624145508,41.20000076293945
2025-06-04,39.1102294921875,40.47999954223633
2025-06-05,39.047428131103516,40.415000915527344
2025-06-06,39.22134017944336,40.595001220703125
2025-06-09,38.97013473510742,40.334999084472656
2025-06-10,39.06192398071289,40.43000030517578
2025-06-11,39.08607482910156,40.45500183105469
2025-06-12,39.55949401855469,40.94499969482422
2025-06-13,39.33244705200195,40.709999084472656
2025-06-16,39.13920974731445,40.5099983215332
2025-06-17,38.815547943115234,40.17499923706055
2025-06-18,38.916996002197266,40.279998779296875
2025-06-20,39.02326965332031,40.38999938964844
2025-06-23,39.517974853515625,40.619998931884766
2025-06-24,39.68822479248047,40.79499816894531
2025-06-25,39.158016204833984,40.25
2025-06-26,39.483924865722656,40.584999084472656
2025-06-27,39.5617561340332,40.665000915527344
2025-06-30,39.7222785949707,40.83000183105469
2025-07-01,39.858482360839844,40.970001220703125
2025-07-02,39.51311111450195,40.6150016784668
2025-07-03,39.809837341308594,40.91999816894531
2025-07-07,39.89253234863281,41.005001068115234
2025-07-08,39.46933364868164,40.56999969482422
2025-07-09,39.839027404785156,40.95000076293945
2025-07-10,40.16493225097656,41.28499984741211
2025-07-11,40.10655975341797,41.224998474121094
2025-07-14,40.267086029052734,41.38999938964844
2025-07-15,39.8828010559082,40.994998931884766
2025-07-16,39.90225601196289,41.01499938964844
2025-07-17,40.067649841308594,41.185001373291016
2025-07-18,40.738929748535156,41.875
2025-07-21,40.87026596069336,42.0099983215332
2025-07-22,41.37129592895508,42.525001525878906
2025-07-23,41.05997848510742,42.20500183105469
2025-07-24,41.006473541259766,42.150001525878906
2025-07-25,41.11347579956055,42.2599983215332
2025-07-28,40.67569351196289,41.810001373291016
2025-07-29,41.14267349243164,42.290000915527344
2025-07-30,41.449127197265625,42.60499954223633
2025-07-31,41.67288589477539,42.834999084472656
2025-08-01,41.736122131347656,42.900001525878906
2025-08-04,42.475502014160156,43.65999984741211
2025-08-05,42.02311706542969,43.19499969482422
2025-08-06,41.648563385009766,42.810001373291016
2025-08-07,42.100948333740234,43.275001525878906
2025-08-08,41.92096710205078,43.09000015258789
2025-08-11,41.789634704589844,42.95500183105469
2025-08-12,41.969608306884766,43.13999938964844
2025-08-13,42.062034606933594,43.23500061035156
2025-08-14,41.77016830444336,42.935001373291016
2025-08-15,41.648563385009766,42.810001373291016
2025-08-18,41.46857833862305,42.625
2025-08-19,41.87232208251953,43.040000915527344
2025-08-20,41.916099548339844,43.084999084472656
2025-08-21,41.62910461425781,42.790000915527344
2025-08-22,41.852867126464844,43.02000045776367
2025-08-25,41.38102722167969,42.53499984741211
2025-08-26,41.473445892333984,42.630001068115234
2025-08-27,41.483177185058594,42.63999938964844
2025-08-28,41.1669921875,42.314998626708984
2025-08-29,41.01619338989258,42.15999984741211
2025-09-02,40.8799934387207,42.02000045776367
2025-09-03,40.7778434753418,41.915000915527344
2025-09-04,40.72920227050781,41.8650016784668
2025-09-05,40.602725982666016,41.73500061035156
2025-09-08,40.18925857543945,41.310001373291016
2025-09-09,40.46652603149414,41.595001220703125
2025-09-10,41.16212463378906,42.310001373291016
2025-09-11,41.38102722167969,42.53499984741211
2025-09-12,41.59019088745117,42.75
2025-09-15,41.687477111816406,42.849998474121094
2025-09-16,40.92863845825195,42.06999969482422
2025-09-17,41.03078842163086,42.17499923706055
2025-09-18,41.05997848510742,42.20500183105469
2025-09-19,41.32264709472656,42.474998474121094
2025-09-22,41.72323226928711,42.599998474121094
2025-09-23,41.93870162963867,42.81999969482422
2025-09-24,42.2374267578125,43.125
2025-09-25,41.830963134765625,42.709999084472656
2025-09-26,42.51166534423828,43.404998779296875
2025-09-29,42.634090423583984,43.529998779296875
2025-09-30,42.707550048828125,43.60499954223633
2025-10-01,43.11890411376953,44.025001525878906
2025-10-02,43.04055404663086,43.94499969482422
2025-10-03,43.54005813598633,44.45500183105469
2025-10-06,43.961204528808594,44.8849983215332
2025-10-07,44.161983489990234,45.09000015258789
2025-10-08,44.465606689453125,45.400001525878906
2025-10-09,44.35297393798828,45.28499984741211
2025-10-10,44.17177963256836,45.099998474121094
2025-10-13,44.50967788696289,45.44499969482422
2025-10-14,44.906341552734375,45.849998474121094
2025-10-15,45.493995666503906,46.45000076293945
2025-10-16,44.9993896484375,45.94499969482422
2025-10-17,44.842681884765625,45.78499984741211
2025-10-20,44.8279914855957,45.77000045776367
2025-10-21,44.37255859375,45.30500030517578
2025-10-22,44.26972198486328,45.20000076293945
2025-10-23,44.235443115234375,45.165000915527344
2025-10-24,44.75453567504883,45.69499969482422
2025-10-27,44.87696075439453,45.81999969482422
2025-10-28,44.13749313354492,45.064998626708984
2025-10-29,44.122806549072266,45.04999923706055
2025-10-30,43.93671798706055,44.86000061035156
2025-10-31,43.63309860229492,44.54999923706055
2025-11-03,43.65758514404297,44.57500076293945
2025-11-04,43.500877380371094,44.415000915527344
2025-11-05,43.51066970825195,44.42499923706055
2025-11-06,43.31968307495117,44.22999954223633
2025-11-07,43.922027587890625,44.845001220703125
2025-11-10,43.9073371887207,44.83000183105469
2025-11-11,43.931819915771484,44.85499954223633
2025-11-12,44.03466033935547,44.959999084472656
2025-11-13,43.42742156982422,44.34000015258789
2025-11-14,43.46659469604492,44.380001068115234
2025-11-17,43.85836410522461,44.779998779296875
2025-11-18,43.69186019897461,44.61000061035156
2025-11-19,43.324581146240234,44.23500061035156
2025-11-20,43.104209899902344,44.0099983215332
2025-11-21,43.167877197265625,44.07500076293945
2025-11-24,43.65758514404297,44.57500076293945
2025-11-25,43.491085052490234,44.404998779296875
2025-11-26,44.068939208984375,44.994998931884766
2025-11-28,44.38235092163086,45.314998626708984
2025-12-01,43.34416961669922,44.255001068115234
2025-12-02,43.03565216064453,43.939998626708984
2025-12-03,42.89853286743164,43.79999923706055
2025-12-04,42.81038284301758,43.709999084472656
2025-12-05,42.4088249206543,43.29999923706055
2025-12-08,41.840763092041016,42.720001220703125
2025-12-09,41.870147705078125,42.75
2025-12-10,41.85055923461914,42.72999954223633
2025-12-11,42.1541748046875,43.040000915527344
2025-12-12,41.94850158691406,42.83000183105469
2025-12-15,42.33047103881836,43.220001220703125
2025-12-16,42.1541748046875,43.040000915527344
2025-12-17,41.87993240356445,42.7599983215332
2025-12-18,42.29129409790039,43.18000030517578
2025-12-19,41.75261688232422,42.630001068115234
2025-12-22,41.907535552978516,42.470001220703125
2025-12-23,42.055545806884766,42.619998931884766
2025-12-24,42.24303436279297,42.810001373291016
2025-12-26,42.21342849731445,42.779998779296875
2025-12-29,42.2923698425293,42.86000061035156
2025-12-30,42.39104461669922,42.959999084472656
2025-12-31,42.1246223449707,42.689998626708984
2026-01-02,42.608131408691406,43.18000030517578
2026-01-05,42.134490966796875,42.70000076293945
2026-01-06,42.341705322265625,42.90999984741211
2026-01-07,41.31547927856445,41.869998931884766
2026-01-08,41.433895111083984,41.9900016784668
2026-01-09,41.94700241088867,42.5099983215332
2026-01-12,42.016082763671875,42.58000183105469
2026-01-13,42.28250503540039,42.849998474121094
2026-01-14,42.598262786865234,43.16999816894531
2026-01-15,43.03243637084961,43.61000061035156
2026-01-16,42.81535339355469,43.38999938964844
2026-01-20,42.39104461669922,42.959999084472656
2026-01-21,42.450252532958984,43.02000045776367
2026-01-22,42.14435577392578,42.709999084472656
2026-01-23,41.99634552001953,42.560001373291016
2026-01-26,42.30223846435547,42.869998931884766
2026-01-27,42.85482406616211,43.43000030517578
2026-01-28,42.75614929199219,43.33000183105469
2026-01-29,42.75614929199219,43.33000183105469
2026-01-30,42.677207946777344,43.25
2026-02-02,42.055545806884766,42.619998931884766
2026-02-03,42.66733932495117,43.2400016784668
2026-02-04,42.50946044921875,43.08000183105469
2026-02-05,42.52919387817383,43.099998474121094
2026-02-06,42.775882720947266,43.349998474121094
2026-02-09,42.90415954589844,43.47999954223633
2026-02-10,43.614627838134766,44.20000076293945
2026-02-11,43.99946212768555,44.59000015258789
2026-02-12,44.650718688964844,45.25
2026-02-13,45.8841667175293,46.5
2026-02-17,45.76575469970703,46.380001068115234
2026-02-18,45.005950927734375,45.61000061035156
2026-02-19,45.49932861328125,46.11000061035156
2026-02-20,45.71641540527344,46.33000183105469
2026-02-23,46.0617790222168,46.68000030517578
2026-02-24,46.574893951416016,47.20000076293945
2026-02-25,46.73277282714844,47.36000061035156
2026-02-26,46.55515670776367,47.18000030517578
2026-02-27,47.09787368774414,47.72999954223633
2026-03-02,46.74264144897461,47.369998931884766
2026-03-03,46.44661331176758,47.06999969482422
2026-03-04,46.64396667480469,47.27000045776367
2026-03-05,46.27886962890625,46.900001525878906
2026-03-06,46.12098693847656,46.7400016784668
2026-03-09,46.229530334472656,46.849998474121094
2026-03-10,45.9433708190918,46.560001373291016
2026-03-11,45.55853271484375,46.16999816894531
2026-03-12,45.8841667175293,46.5
2026-03-13,46.338069915771484,46.959999084472656
2026-03-16,46.63409423828125,47.2599983215332
2026-03-17,46.505821228027344,47.130001068115234
2026-03-18,46.11111831665039,46.72999954223633
2026-03-19,45.92363739013672,46.540000915527344
2026-03-20,44.05866622924805,44.650001525878906
2026-03-23,44.495872497558594,44.779998779296875
2026-03-24,44.80390548706055,45.09000015258789
2026-03-25,44.962890625,45.25
2026-03-26,45.04238510131836,45.33000183105469
2026-03-27,45.30073165893555,45.59000015258789
2026-03-30,45.62863540649414,45.91999816894531
2026-03-31,45.59882736206055,45.88999938964844
2026-04-01,45.81743240356445,46.11000061035156
2026-04-02,46.04597473144531,46.34000015258789
2026-04-06,45.877052307128906,46.16999816894531
2026-04-07,45.976417541503906,46.27000045776367
2026-04-08,46.48318099975586,46.779998779296875
2026-04-09,46.85083770751953,47.150001525878906
2026-04-10,46.66204071044922,46.959999084472656
2026-04-13,46.09565734863281,46.38999938964844
2026-04-14,46.17515182495117,46.470001220703125
2026-04-15,45.728004455566406,46.02000045776367
2026-04-16,46.055908203125,46.349998474121094
2026-04-17,45.86711502075195,46.15999984741211
2026-04-20,45.459716796875,45.75
2026-04-21,44.664794921875,44.95000076293945
2026-04-22,44.58530044555664,44.869998931884766
2026-04-23,45.79756164550781,46.09000015258789
2026-04-24,45.88698959350586,46.18000030517578
2026-04-27,45.89692306518555,46.189998626708984
2026-04-28,45.956546783447266,46.25
2026-04-29,45.39016342163086,45.68000030517578
2026-04-30,46.552738189697266,46.849998474121094
2026-05-01,46.254642486572266,46.54999923706055
2026-05-04,46.075782775878906,46.369998931884766
2026-05-05,46.075782775878906,46.369998931884766
2026-05-06,45.41997146606445,45.709999084472656
2026-05-07,44.83371353149414,45.119998931884766
2026-05-08,44.43625259399414,44.720001220703125
2026-05-11,44.85358810424805,45.13999938964844
2026-05-12,44.90327072143555,45.189998626708984
2026-05-13,44.38656997680664,44.66999816894531
2026-05-14,44.6151123046875,44.900001525878906
2026-05-15,43.591644287109375,43.869998931884766
2026-05-18,43.66120147705078,43.939998626708984
2026-05-19,44.05866241455078,44.34000015258789
2026-05-20,44.22758483886719,44.5099983215332
2026-05-21,44.7144775390625,45.0
2026-05-22,45.062252044677734,45.349998474121094
2026-05-26,45.04238510131836,45.33000183105469
2026-05-27,44.85358810424805,45.13999938964844
2026-05-28,44.346824645996094,44.630001068115234
2026-05-29,44.138153076171875,44.41999816894531
2026-06-01,42.82653045654297,43.099998474121094
2026-06-02,43.621456146240234,43.900001525878906
2026-06-03,43.43265914916992,43.709999084472656
2026-06-04,43.66120147705078,43.939998626708984
2026-06-05,44.068599700927734,44.349998474121094
2026-06-08,43.243865966796875,43.52000045776367
2026-06-09,43.70094680786133,43.97999954223633
2026-06-10,43.720821380615234,44.0
2026-06-11,43.770503997802734,44.04999923706055
2026-06-12,44.24745559692383,44.529998779296875
2026-06-15,44.45612716674805,44.7400016784668
2026-06-16,44.77409744262695,45.060001373291016
2026-06-17,44.17790222167969,44.459999084472656
2026-06-18,44.47599792480469,44.7599983215332
2026-06-22,44.720001220703125,44.720001220703125
2026-06-23,45.06999969482422,45.06999969482422
2026-06-24,45.540000915527344,45.540000915527344
2026-06-25,45.849998474121094,45.849998474121094
2026-06-26,46.20000076293945,46.20000076293945
2026-06-29,46.02000045776367,46.02000045776367
2026-06-30,45.34000015258789,45.34000015258789
2026-07-01,44.77000045776367,44.77000045776367
2026-07-02,45.7599983215332,45.7599983215332
2026-07-06,45.29999923706055,45.29999923706055
2026-07-07,45.70000076293945,45.70000076293945
2026-07-08,45.36000061035156,45.36000061035156
2026-07-09,45.130001068115234,45.130001068115234
2026-07-10,45.40999984741211,45.40999984741211
2026-07-13,45.720001220703125,45.720001220703125
2026-07-14,45.689998626708984,45.689998626708984
2026-07-15,45.220001220703125,45.220001220703125
2026-07-16,45.470001220703125,45.470001220703125
2026-07-17,45.16999816894531,45.16999816894531
2026-07-20,44.939998626708984,44.939998626708984
2026-07-21,44.91999816894531,44.91999816894531
2026-07-22,45.93000030517578,45.93000030517578
2026-07-23,46.189998626708984,46.189998626708984
2026-07-24,46.290000915527344,46.290000915527344
2026-07-27,45.68000030517578,45.68000030517578
2026-07-28,45.52000045776367,45.52000045776367
2026-07-29,44.90999984741211,44.90999984741211
2026-07-30,44.65999984741211,44.65999984741211
2026-07-31,44.349998474121094,44.349998474121094
2026-08-03,44.36000061035156,44.36000061035156
2026-08-04,44.11000061035156,44.11000061035156
2026-08-05,43.65999984741211,43.65999984741211
2026-08-06,43.380001068115234,43.380001068115234
2026-08-07,43.61000061035156,43.61000061035156
2026-08-10,43.130001068115234,43.130001068115234
2026-08-11,43.630001068115234,43.630001068115234
2026-08-12,43.84000015258789,43.84000015258789
2026-08-13,44.040000915527344,44.040000915527344
2026-08-14,44.310001373291016,44.310001373291016
2026-08-17,44.18000030517578,44.18000030517578
2026-08-18,44.02000045776367,44.02000045776367
2026-08-19,44.02000045776367,44.02000045776367
2026-08-20,43.77000045776367,43.77000045776367
2026-08-21,42.77000045776367,42.77000045776367
