date,adj_close,split_adj_close
2002-01-02,10.787001609802246,14.345000267028809
2002-01-03,10.753158569335938,14.300000190734863
2002-01-04,10.929875373840332,14.53499984741211
2002-01-07,10.865960121154785,14.449999809265137
2002-01-08,10.903554916381836,14.5
2002-01-09,10.753158569335938,14.300000190734863
2002-01-10,10.82835865020752,14.399999618530273
2002-01-11,10.62532901763916,14.130000114440918
2002-01-14,10.54637336730957,14.024999618530273
2002-01-15,10.614048957824707,14.114999771118164
2002-01-16,10.433573722839355,13.875
2002-01-17,10.557650566101074,14.039999961853027
2002-01-18,10.527567863464355,14.0
2002-01-22,10.595246315002441,14.09000015258789
2002-01-23,10.824599266052246,14.395000457763672
2002-01-24,10.82835865020752,14.399999618530273
2002-01-25,10.715564727783203,14.25
2002-01-28,10.89979362487793,14.494999885559082
2002-01-29,10.67044448852539,14.1899995803833
2002-01-30,10.941157341003418,14.550000190734863
2002-01-31,11.106587409973145,14.770000457763672
2002-02-01,10.993789672851562,14.619999885559082
2002-02-04,10.80955982208252,14.375
2002-02-05,10.798282623291016,14.359999656677246
2002-02-06,10.71180534362793,14.244999885559082
2002-02-07,10.58397102355957,14.074999809265137
2002-02-08,10.677966117858887,14.199999809265137
2002-02-11,10.997557640075684,14.625
2002-02-12,10.903554916381836,14.5
2002-02-13,11.065223693847656,14.71500015258789
2002-02-14,11.106587409973145,14.770000457763672
2002-02-15,10.978754997253418,14.600000381469727
2002-02-19,10.850919723510742,14.430000305175781
2002-02-20,11.065223693847656,14.71500015258789
2002-02-21,10.959956169128418,14.574999809265137
2002-02-22,10.974994659423828,14.595000267028809
2002-02-25,11.159225463867188,14.84000015258789
2002-02-26,11.279540061950684,15.0
2002-02-27,11.260743141174316,14.975000381469727
2002-02-28,11.166747093200684,14.850000381469727
2002-03-01,11.272026062011719,14.989999771118164
2002-03-04,11.441216468811035,15.21500015258789
2002-03-05,11.106587409973145,14.770000457763672
2002-03-06,11.260743141174316,14.975000381469727
2002-03-07,11.34721851348877,15.09000015258789
2002-03-08,11.411141395568848,15.175000190734863
2002-03-11,11.358494758605957,15.104999542236328
2002-03-12,11.381060600280762,15.135000228881836
2002-03-13,11.354738235473633,15.100000381469727
2002-03-14,11.354738235473633,15.100000381469727
2002-03-15,11.500804901123047,15.274999618530273
2002-03-18,11.504569053649902,15.279999732971191
2002-03-19,11.553510665893555,15.345000267028809
2002-03-20,11.508336067199707,15.28499984741211
2002-03-21,11.365277290344238,15.095000267028809
2002-03-22,11.312577247619629,15.024999618530273
2002-03-25,11.105524063110352,14.75
2002-03-26,11.25610637664795,14.949999809265137
2002-03-27,11.331398963928223,15.050000190734863
2002-03-28,11.308808326721191,15.020000457763672
2002-04-01,11.097993850708008,14.739999771118164
2002-04-02,10.898466110229492,14.475000381469727
2002-04-03,10.81564998626709,14.364999771118164
2002-04-04,10.962465286254883,14.5600004196167
2002-04-05,11.030232429504395,14.649999618530273
2002-04-08,11.195874214172363,14.869999885559082
2002-04-09,11.274931907653809,14.975000381469727
2002-04-10,11.406688690185547,15.149999618530273
2002-04-11,11.233514785766602,14.920000076293945
2002-04-12,11.463160514831543,15.225000381469727
2002-04-15,11.289985656738281,14.994999885559082
2002-04-16,11.4556303024292,15.21500015258789
2002-04-17,11.338923454284668,15.0600004196167
2002-04-18,11.263632774353027,14.960000038146973
2002-04-19,11.312577247619629,15.024999618530273
2002-04-22,11.203399658203125,14.880000114440918
2002-04-23,11.222224235534668,14.904999732971191
2002-04-24,11.12434196472168,14.774999618530273
2002-04-25,11.15446662902832,14.8149995803833
2002-04-26,11.086697578430176,14.725000381469727
2002-04-29,10.966233253479004,14.5649995803833
2002-04-30,10.992588996887207,14.600000381469727
2002-05-01,11.052813529968262,14.680000305175781
2002-05-02,11.15446662902832,14.8149995803833
2002-05-03,11.003880500793457,14.614999771118164
2002-05-06,10.80435562133789,14.350000381469727
2002-05-07,10.962465286254883,14.5600004196167
2002-05-08,11.12434196472168,14.774999618530273
2002-05-09,10.954936981201172,14.550000190734863
2002-05-10,10.774235725402832,14.3100004196167
2002-05-13,10.890944480895996,14.46500015258789
2002-05-14,11.278695106506348,14.979999542236328
2002-05-15,11.210930824279785,14.890000343322754
2002-05-16,11.29374885559082,15.0
2002-05-17,11.387864112854004,15.125
2002-05-20,11.3502197265625,15.074999809265137
2002-05-21,11.067879676818848,14.699999809265137
2002-05-22,11.018939018249512,14.635000228881836
2002-05-23,11.12434196472168,14.774999618530273
2002-05-24,11.037761688232422,14.65999984741211
2002-05-28,10.864588737487793,14.430000305175781
2002-05-29,10.842002868652344,14.399999618530273
2002-05-30,10.747888565063477,14.274999618530273
2002-05-31,10.936117172241211,14.524999618530273
2002-06-03,10.64624309539795,14.140000343322754
2002-06-04,10.586009979248047,14.0600004196167
2002-06-05,10.80435562133789,14.350000381469727
2002-06-06,10.634949684143066,14.125
2002-06-07,10.64624309539795,14.140000343322754
2002-06-10,10.82318115234375,14.375
2002-06-11,10.766709327697754,14.300000190734863
2002-06-12,10.857057571411133,14.420000076293945
2002-06-13,10.608595848083496,14.09000015258789
2002-06-14,10.5408296585083,14.0
2002-06-17,10.819413185119629,14.369999885559082
2002-06-18,10.78553581237793,14.324999809265137
2002-06-19,10.74035358428955,14.265000343322754
2002-06-20,10.582249641418457,14.055000305175781
2002-06-21,10.416679382324219,13.8100004196167
2002-06-24,10.529823303222656,13.960000038146973
2002-06-25,10.352566719055176,13.725000381469727
2002-06-26,10.258278846740723,13.600000381469727
2002-06-27,10.318614959716797,13.680000305175781
2002-06-28,10.360109329223633,13.734999656677246
2002-07-01,10.047080039978027,13.319999694824219
2002-07-02,9.907541275024414,13.135000228881836
2002-07-03,10.03576946258545,13.305000305175781
2002-07-05,10.431763648986816,13.829999923706055
2002-07-08,10.2884521484375,13.640000343322754
2002-07-09,10.054624557495117,13.329999923706055
2002-07-10,9.726511001586914,12.895000457763672
2002-07-11,9.718965530395508,12.885000228881836
2002-07-12,9.594508171081543,12.720000267028809
2002-07-15,9.447423934936523,12.524999618530273
2002-07-16,9.19096565246582,12.1850004196167
2002-07-17,9.141937255859375,12.119999885559082
2002-07-18,8.99108600616455,11.920000076293945
2002-07-19,8.553596496582031,11.34000015258789
2002-07-22,8.414052963256836,11.154999732971191
2002-07-23,8.278281211853027,10.975000381469727
2002-07-24,8.764798164367676,11.619999885559082
2002-07-25,8.621479988098145,11.430000305175781
2002-07-26,8.723309516906738,11.5649995803833
2002-07-29,9.202280044555664,12.199999809265137
2002-07-30,9.168338775634766,12.154999732971191
2002-07-31,9.123080253601074,12.095000267028809
2002-08-01,8.843996047973633,11.725000381469727
2002-08-02,8.451767921447754,11.204999923706055
2002-08-05,8.255653381347656,10.944999694824219
2002-08-06,8.500798225402832,11.270000457763672
2002-08-07,8.621479988098145,11.430000305175781
2002-08-08,8.734623908996582,11.579999923706055
2002-08-09,8.768569946289062,11.625
2002-08-12,8.644105911254883,11.460000038146973
2002-08-13,8.54605484008789,11.329999923706055
2002-08-14,9.01370906829834,11.949999809265137
2002-08-15,9.383308410644531,12.4399995803833
2002-08-16,9.371994972229004,12.425000190734863
2002-08-19,9.590739250183105,12.71500015258789
2002-08-20,9.52285099029541,12.625
2002-08-21,9.681249618530273,12.835000038146973
2002-08-22,9.828338623046875,13.029999732971191
2002-08-23,9.556801795959473,12.670000076293945
2002-08-26,9.613369941711426,12.744999885559082
2002-08-27,9.417251586914062,12.484999656677246
2002-08-28,9.307881355285645,12.34000015258789
2002-08-29,9.394623756408691,12.454999923706055
2002-08-30,9.398394584655762,12.460000038146973
2002-09-03,9.062737464904785,12.015000343322754
2002-09-04,9.232447624206543,12.239999771118164
2002-09-05,9.062737464904785,12.015000343322754
2002-09-06,9.34559440612793,12.390000343322754
2002-09-09,9.470051765441895,12.555000305175781
2002-09-10,9.586970329284668,12.710000038146973
2002-09-11,9.590739250183105,12.71500015258789
2002-09-12,9.353134155273438,12.399999618530273
2002-09-13,9.447423934936523,12.524999618530273
2002-09-16,9.473824501037598,12.5600004196167
2002-09-17,9.3682222366333,12.420000076293945
2002-09-18,9.379538536071777,12.4350004196167
2002-09-19,9.051427841186523,12.0
2002-09-20,9.187366485595703,12.164999961853027
2002-09-23,8.900376319885254,11.78499984741211
2002-09-24,8.760663032531738,11.600000381469727
2002-09-25,8.934365272521973,11.829999923706055
2002-09-26,9.149604797363281,12.114999771118164
2002-09-27,8.881497383117676,11.760000228881836
2002-09-30,8.560525894165039,11.335000038146973
2002-10-01,8.798419952392578,11.649999618530273
2002-10-02,8.602062225341797,11.390000343322754
2002-10-03,8.560525894165039,11.335000038146973
2002-10-04,8.45101547241211,11.1899995803833
2002-10-07,8.122486114501953,10.755000114440918
2002-10-08,8.364165306091309,11.074999809265137
2002-10-09,8.062071800231934,10.675000190734863
2002-10-10,8.205564498901367,10.864999771118164
2002-10-11,8.602062225341797,11.390000343322754
2002-10-14,8.670028686523438,11.479999542236328
2002-10-15,9.100513458251953,12.050000190734863
2002-10-16,8.938138961791992,11.835000038146973
2002-10-17,9.036323547363281,11.96500015258789
2002-10-18,9.160933494567871,12.130000114440918
2002-10-21,9.364840507507324,12.399999618530273
2002-10-22,9.311979293823242,12.329999923706055
2002-10-23,9.417707443237305,12.470000267028809
2002-10-24,9.30064868927002,12.3149995803833
2002-10-25,9.489459037780762,12.5649995803833
2002-10-28,9.338408470153809,12.364999771118164
2002-10-29,9.327088356018066,12.350000381469727
2002-10-30,9.164709091186523,12.135000228881836
2002-10-31,9.138277053833008,12.100000381469727
2002-11-01,9.274216651916504,12.279999732971191
2002-11-04,9.23267936706543,12.225000381469727
2002-11-05,9.357293128967285,12.390000343322754
2002-11-06,9.463020324707031,12.529999732971191
2002-11-07,9.23267936706543,12.225000381469727
2002-11-08,9.111839294433594,12.0649995803833
2002-11-11,8.964571952819824,11.869999885559082
2002-11-12,9.100513458251953,12.050000190734863
2002-11-13,9.126949310302734,12.085000038146973
2002-11-14,9.383727073669434,12.425000190734863
2002-11-15,9.459250450134277,12.524999618530273
2002-11-18,9.304421424865723,12.319999694824219
2002-11-19,9.111839294433594,12.0649995803833
2002-11-20,9.198691368103027,12.180000305175781
2002-11-21,9.440364837646484,12.5
2002-11-22,9.466801643371582,12.53499984741211
2002-11-25,9.527214050292969,12.614999771118164
2002-11-26,9.266660690307617,12.270000457763672
2002-11-27,9.65182876586914,12.779999732971191
2002-11-29,9.561202049255371,12.65999984741211
2002-12-02,9.629175186157227,12.75
2002-12-03,9.327088356018066,12.350000381469727
2002-12-04,9.327088356018066,12.350000381469727
2002-12-05,9.262885093688965,12.265000343322754
2002-12-06,9.251558303833008,12.25
2002-12-09,8.949466705322266,11.850000381469727
2002-12-10,9.111839294433594,12.0649995803833
2002-12-11,9.100513458251953,12.050000190734863
2002-12-12,9.04387092590332,11.975000381469727
2002-12-13,8.881497383117676,11.760000228881836
2002-12-16,9.100513458251953,12.050000190734863
2002-12-17,8.968347549438477,11.875
2002-12-18,8.85506820678711,11.725000381469727
2002-12-19,8.77576732635498,11.619999885559082
2002-12-20,8.886655807495117,11.739999771118164
2002-12-23,8.761764526367188,11.574999809265137
2002-12-24,8.716349601745605,11.515000343322754
2002-12-26,8.814746856689453,11.645000457763672
2002-12-27,8.610369682312012,11.375
2002-12-30,8.693639755249023,11.484999656677246
2002-12-31,8.746623992919922,11.555000305175781
2003-01-02,9.075900077819824,11.989999771118164
2003-01-03,8.867732048034668,11.71500015258789
2003-01-06,9.030482292175293,11.930000305175781
2003-01-07,8.981279373168945,11.864999771118164
2003-01-08,8.898015975952148,11.755000114440918
2003-01-09,9.144023895263672,12.079999923706055
2003-01-10,9.166733741760254,12.109999656677246
2003-01-13,9.21214771270752,12.170000076293945
2003-01-14,9.223505020141602,12.1850004196167
2003-01-15,9.113744735717773,12.039999961853027
2003-01-16,9.079683303833008,11.994999885559082
2003-01-17,8.98884391784668,11.875
2003-01-21,8.735268592834473,11.539999961853027
2003-01-22,8.610369682312012,11.375
2003-01-23,8.81096363067627,11.640000343322754
2003-01-24,8.56495189666748,11.3149995803833
2003-01-27,8.428701400756836,11.135000228881836
2003-01-28,8.553597450256348,11.300000190734863
2003-01-29,8.629292488098145,11.399999618530273
2003-01-30,8.383282661437988,11.074999809265137
2003-01-31,8.455191612243652,11.170000076293945
2003-02-03,8.485475540161133,11.210000038146973
2003-02-04,8.311376571655273,10.979999542236328
2003-02-05,8.288662910461426,10.949999809265137
2003-02-06,8.258386611938477,10.90999984741211
2003-02-07,8.19404411315918,10.824999809265137
2003-02-10,8.19782829284668,10.829999923706055
2003-02-11,8.228104591369629,10.869999885559082
2003-02-12,8.159981727600098,10.779999732971191
2003-02-13,8.057792663574219,10.645000457763672
2003-02-14,8.231892585754395,10.875
2003-02-18,8.458986282348633,11.175000190734863
2003-02-19,8.34165096282959,11.020000457763672
2003-02-20,8.262170791625977,10.914999961853027
2003-02-21,8.387070655822754,11.079999923706055
2003-02-24,8.152410507202148,10.770000457763672
2003-02-25,8.318944931030273,10.989999771118164
2003-02-26,8.205398559570312,10.84000015258789
2003-02-27,8.318944931030273,10.989999771118164
2003-02-28,8.41734790802002,11.119999885559082
2003-03-03,8.288662910461426,10.949999809265137
2003-03-04,8.057792663574219,10.645000457763672
2003-03-05,8.159981727600098,10.779999732971191
2003-03-06,8.065360069274902,10.654999732971191
2003-03-07,8.18647575378418,10.8149995803833
2003-03-10,7.9934492111206055,10.5600004196167
2003-03-11,7.925323009490967,10.470000267028809
2003-03-12,7.91018533706665,10.449999809265137
2003-03-13,8.330296516418457,11.005000114440918
2003-03-14,8.345437049865723,11.024999618530273
2003-03-17,8.746623992919922,11.555000305175781
2003-03-18,8.689849853515625,11.479999542236328
2003-03-19,8.856377601623535,11.699999809265137
2003-03-20,8.924503326416016,11.789999961853027
2003-03-21,9.20271110534668,12.140000343322754
2003-03-24,8.781993865966797,11.585000038146973
2003-03-25,8.91086483001709,11.755000114440918
2003-03-26,8.922234535217285,11.770000457763672
2003-03-27,8.8881196975708,11.725000381469727
2003-03-28,8.797158241271973,11.604999542236328
2003-03-31,8.61522388458252,11.364999771118164
2003-04-01,8.717561721801758,11.5
2003-04-02,8.94497299194336,11.800000190734863
2003-04-03,8.990458488464355,11.859999656677246
2003-04-04,9.054888725280762,11.944999694824219
2003-04-07,9.13448429107666,12.050000190734863
2003-04-08,9.142066955566406,12.0600004196167
2003-04-09,9.020776748657227,11.899999618530273
2003-04-10,9.123112678527832,12.03499984741211
2003-04-11,9.028359413146973,11.90999984741211
2003-04-14,9.259567260742188,12.21500015258789
2003-04-15,9.327788352966309,12.305000305175781
2003-04-16,9.198920249938965,12.135000228881836
2003-04-17,9.373266220092773,12.364999771118164
2003-04-21,9.377059936523438,12.369999885559082
2003-04-22,9.56657600402832,12.619999885559082
2003-04-23,9.665119171142578,12.75
2003-04-24,9.51351261138916,12.550000190734863
2003-04-25,9.36948299407959,12.359999656677246
2003-04-28,9.585527420043945,12.645000457763672
2003-04-29,9.665119171142578,12.75
2003-04-30,9.623425483703613,12.694999694824219
2003-05-01,9.536252975463867,12.579999923706055
2003-05-02,9.627220153808594,12.699999809265137
2003-05-05,9.59310245513916,12.654999732971191
2003-05-06,9.718181610107422,12.819999694824219
2003-05-07,9.710602760314941,12.8100004196167
2003-05-08,9.619641304016113,12.6899995803833
2003-05-09,9.729557991027832,12.835000038146973
2003-05-12,9.877371788024902,13.029999732971191
2003-05-13,9.86600399017334,13.015000343322754
2003-05-14,9.79019832611084,12.914999961853027
2003-05-15,9.812934875488281,12.944999694824219
2003-05-16,9.828097343444824,12.96500015258789
2003-05-19,9.532459259033203,12.574999809265137
2003-05-20,9.536252975463867,12.579999923706055
2003-05-21,9.577945709228516,12.635000228881836
2003-05-22,9.740927696228027,12.850000381469727
2003-05-23,9.70681381225586,12.805000305175781
2003-05-27,9.93043327331543,13.100000381469727
2003-05-28,9.934226989746094,13.104999542236328
2003-05-29,9.922857284545898,13.09000015258789
2003-05-30,10.135114669799805,13.369999885559082
2003-06-02,10.229867935180664,13.494999885559082
2003-06-03,10.214703559875488,13.475000381469727
2003-06-04,10.373896598815918,13.6850004196167
2003-06-05,10.430752754211426,13.760000228881836
2003-06-06,10.377683639526367,13.6899995803833
2003-06-09,10.229867935180664,13.494999885559082
2003-06-10,10.343576431274414,13.645000457763672
2003-06-11,10.457279205322266,13.795000076293945
2003-06-12,10.521706581115723,13.880000114440918
2003-06-13,10.408007621765137,13.729999542236328
2003-06-16,10.650585174560547,14.050000190734863
2003-06-17,10.650585174560547,14.050000190734863
2003-06-18,10.552034378051758,13.920000076293945
2003-06-19,10.377683639526367,13.6899995803833
2003-06-20,10.392109870910645,13.6899995803833
2003-06-23,10.263057708740234,13.520000457763672
2003-06-24,10.263057708740234,13.520000457763672
2003-06-25,10.202332496643066,13.4399995803833
2003-06-26,10.278244018554688,13.539999961853027
2003-06-27,10.217516899108887,13.460000038146973
2003-06-30,10.282042503356934,13.545000076293945
2003-07-01,10.259264945983887,13.515000343322754
2003-07-02,10.354154586791992,13.640000343322754
2003-07-03,10.342769622802734,13.625
2003-07-07,10.551523208618164,13.899999618530273
2003-07-08,10.699549674987793,14.095000267028809
2003-07-09,10.566704750061035,13.920000076293945
2003-07-10,10.430063247680664,13.739999771118164
2003-07-11,10.585678100585938,13.944999694824219
2003-07-14,10.642616271972656,14.020000457763672
2003-07-15,10.578086853027344,13.9350004196167
2003-07-16,10.547721862792969,13.895000457763672
2003-07-17,10.42626667022705,13.734999656677246
2003-07-18,10.494585990905762,13.824999809265137
2003-07-21,10.376921653747559,13.670000076293945
2003-07-22,10.452839851379395,13.770000457763672
2003-07-23,10.407291412353516,13.710000038146973
2003-07-24,10.395906448364258,13.694999694824219
2003-07-25,10.532539367675781,13.875
2003-07-28,10.585678100585938,13.944999694824219
2003-07-29,10.517362594604492,13.854999542236328
2003-07-30,10.449042320251465,13.765000343322754
2003-07-31,10.471817016601562,13.795000076293945
2003-08-01,10.460426330566406,13.779999732971191
2003-08-04,10.380722999572754,13.675000190734863
2003-08-05,10.209927558898926,13.449999809265137
2003-08-06,10.244086265563965,13.494999885559082
2003-08-07,10.331381797790527,13.609999656677246
2003-08-08,10.430063247680664,13.739999771118164
2003-08-11,10.475610733032227,13.800000190734863
2003-08-12,10.616040229797363,13.984999656677246
2003-08-13,10.578086853027344,13.9350004196167
2003-08-14,10.627429008483887,14.0
2003-08-15,10.703341484069824,14.100000381469727
2003-08-18,10.764067649841309,14.180000305175781
2003-08-19,10.775452613830566,14.194999694824219
2003-08-20,10.839975357055664,14.279999732971191
2003-08-21,10.923480033874512,14.390000343322754
2003-08-22,10.775452613830566,14.194999694824219
2003-08-25,10.741292953491211,14.149999618530273
2003-08-26,10.8134126663208,14.244999885559082
2003-08-27,10.828593254089355,14.265000343322754
2003-08-28,10.904502868652344,14.364999771118164
2003-08-29,11.006983757019043,14.5
2003-09-02,11.15880298614502,14.699999809265137
2003-09-03,11.155006408691406,14.694999694824219
2003-09-04,11.189167976379395,14.739999771118164
2003-09-05,11.079095840454102,14.595000267028809
2003-09-08,11.082890510559082,14.600000381469727
2003-09-09,10.866546630859375,14.3149995803833
2003-09-10,10.729907035827637,14.135000228881836
2003-09-11,10.817204475402832,14.25
2003-09-12,10.779251098632812,14.199999809265137
2003-09-15,10.817204475402832,14.25
2003-09-16,10.976621627807617,14.460000038146973
2003-09-17,10.972820281982422,14.454999923706055
2003-09-18,11.044936180114746,14.550000190734863
2003-09-19,10.979569435119629,14.444999694824219
2003-09-22,10.81234359741211,14.225000381469727
2003-09-23,10.911158561706543,14.354999542236328
2003-09-24,10.698328018188477,14.074999809265137
2003-09-25,10.656527519226074,14.020000457763672
2003-09-26,10.53870964050293,13.864999771118164
2003-09-29,10.523515701293945,13.845000267028809
2003-09-30,10.481705665588379,13.789999961853027
2003-10-01,10.770540237426758,14.170000076293945
2003-10-02,10.827550888061523,14.244999885559082
2003-10-03,10.949164390563965,14.404999732971191
2003-10-06,11.028974533081055,14.510000228881836
2003-10-07,11.074581146240234,14.569999694824219
2003-10-08,10.994775772094727,14.46500015258789
2003-10-09,11.135385513305664,14.649999618530273
2003-10-10,11.158188819885254,14.680000305175781
2003-10-13,11.27220630645752,14.829999923706055
2003-10-14,11.333013534545898,14.90999984741211
2003-10-15,11.287403106689453,14.850000381469727
2003-10-16,11.336817741394043,14.914999961853027
2003-10-17,11.177190780639648,14.704999923706055
2003-10-20,11.165790557861328,14.6899995803833
2003-10-21,11.199996948242188,14.734999656677246
2003-10-22,11.044178009033203,14.529999732971191
2003-10-23,11.044178009033203,14.529999732971191
2003-10-24,11.05557918548584,14.545000076293945
2003-10-27,11.177190780639648,14.704999923706055
2003-10-28,11.428022384643555,15.03499984741211
2003-10-29,11.405220985412598,15.005000114440918
2003-10-30,11.443225860595703,15.055000305175781
2003-10-31,11.435626029968262,15.045000076293945
2003-11-03,11.523036003112793,15.15999984741211
2003-11-04,11.454622268676758,15.069999694824219
2003-11-05,11.443225860595703,15.055000305175781
2003-11-06,11.526836395263672,15.164999961853027
2003-11-07,11.557245254516602,15.204999923706055
2003-11-10,11.42042064666748,15.024999618530273
2003-11-11,11.401422500610352,15.0
2003-11-12,11.515437126159668,15.149999618530273
2003-11-13,11.473634719848633,15.095000267028809
2003-11-14,11.348215103149414,14.930000305175781
2003-11-17,11.245600700378418,14.795000076293945
2003-11-18,11.101181030273438,14.604999542236328
2003-11-19,11.173397064208984,14.699999809265137
2003-11-20,11.161993026733398,14.6850004196167
2003-11-21,11.211398124694824,14.75
2003-11-24,11.435626029968262,15.045000076293945
2003-11-25,11.54583740234375,15.1899995803833
2003-11-26,11.542037963867188,15.1850004196167
2003-11-28,11.538235664367676,15.180000305175781
2003-12-01,11.648445129394531,15.324999809265137
2003-12-02,11.561040878295898,15.210000038146973
2003-12-03,11.515437126159668,15.149999618530273
2003-12-04,11.4888334274292,15.114999771118164
2003-12-05,11.371014595031738,14.960000038146973
2003-12-08,11.42042064666748,15.024999618530273
2003-12-09,11.363418579101562,14.949999809265137
2003-12-10,11.310212135314941,14.880000114440918
2003-12-11,11.485028266906738,15.109999656677246
2003-12-12,11.54583740234375,15.1899995803833
2003-12-15,11.49643611907959,15.125
2003-12-16,11.469829559326172,15.09000015258789
2003-12-17,11.576242446899414,15.229999542236328
2003-12-18,11.724461555480957,15.425000190734863
2003-12-19,11.760281562805176,15.430000305175781
2003-12-22,11.79838752746582,15.479999542236328
2003-12-23,11.836506843566895,15.529999732971191
2003-12-24,11.790771484375,15.470000267028809
2003-12-26,11.844122886657715,15.539999961853027
2003-12-29,11.95082950592041,15.680000305175781
2003-12-30,11.9127197265625,15.630000114440918
2003-12-31,12.000367164611816,15.744999885559082
2004-01-02,11.897475242614746,15.609999656677246
2004-01-05,12.000367164611816,15.744999885559082
2004-01-06,12.046097755432129,15.805000305175781
2004-01-07,12.099447250366211,15.875
2004-01-08,12.06134033203125,15.824999809265137
2004-01-09,12.011800765991211,15.760000228881836
2004-01-12,11.985125541687012,15.725000381469727
2004-01-13,11.966071128845215,15.699999809265137
2004-01-14,12.06134033203125,15.824999809265137
2004-01-15,12.095638275146484,15.869999885559082
2004-01-16,12.095638275146484,15.869999885559082
2004-01-20,12.007990837097168,15.755000114440918
2004-01-21,12.156614303588867,15.949999809265137
2004-01-22,12.251882553100586,16.075000762939453
2004-01-23,12.213772773742676,16.024999618530273
2004-01-26,12.236644744873047,16.05500030517578
2004-01-27,12.152802467346191,15.944999694824219
2004-01-28,11.863178253173828,15.5649995803833
2004-01-29,11.93939208984375,15.664999961853027
2004-01-30,11.931768417358398,15.654999732971191
2004-02-02,11.897475242614746,15.609999656677246
2004-02-03,11.832688331604004,15.524999618530273
2004-02-04,11.8174467086792,15.505000114440918
2004-02-05,11.908906936645508,15.625
2004-02-06,12.034663200378418,15.789999961853027
2004-02-09,12.049910545349121,15.8100004196167
2004-02-10,12.152802467346191,15.944999694824219
2004-02-11,12.274746894836426,16.104999542236328
2004-02-12,12.213772773742676,16.024999618530273
2004-02-13,12.091827392578125,15.864999771118164
2004-02-17,12.24807357788086,16.06999969482422
2004-02-18,12.175663948059082,15.975000381469727
2004-02-19,12.187097549438477,15.989999771118164
2004-02-20,12.095638275146484,15.869999885559082
2004-02-23,12.007990837097168,15.755000114440918
2004-02-24,12.030853271484375,15.78499984741211
2004-02-25,12.095638275146484,15.869999885559082
2004-02-26,12.171858787536621,15.970000267028809
2004-02-27,12.190906524658203,15.994999885559082
2004-03-01,12.267127990722656,16.094999313354492
2004-03-02,12.23282527923584,16.049999237060547
2004-03-03,12.24425983428955,16.065000534057617
2004-03-04,12.29379940032959,16.1299991607666
2004-03-05,12.381449699401855,16.2450008392334
2004-03-08,12.209965705871582,16.020000457763672
2004-03-09,12.129936218261719,15.914999961853027
2004-03-10,11.981315612792969,15.720000267028809
2004-03-11,11.760281562805176,15.430000305175781
2004-03-12,11.947016716003418,15.675000190734863
2004-03-15,11.710741996765137,15.364999771118164
2004-03-16,11.81363582611084,15.5
2004-03-17,11.981315612792969,15.720000267028809
2004-03-18,11.95082950592041,15.680000305175781
2004-03-19,11.882905006408691,15.569999694824219
2004-03-22,11.699729919433594,15.329999923706055
2004-03-23,11.676839828491211,15.300000190734863
2004-03-24,11.734081268310547,15.375
2004-03-25,11.940146446228027,15.645000457763672
2004-03-26,11.928694725036621,15.630000114440918
2004-03-29,12.039360046386719,15.774999618530273
2004-03-30,12.130940437316895,15.895000457763672
2004-03-31,12.115678787231445,15.875
2004-04-01,12.169099807739258,15.944999694824219
2004-04-02,12.279763221740723,16.09000015258789
2004-04-05,12.405691146850586,16.2549991607666
2004-04-06,12.378971099853516,16.219999313354492
2004-04-07,12.287395477294922,16.100000381469727
2004-04-08,12.211073875427246,16.0
2004-04-12,12.314105987548828,16.135000228881836
2004-04-13,12.085150718688965,15.835000038146973
2004-04-14,12.066064834594727,15.8100004196167
2004-04-15,12.05461597442627,15.795000076293945
2004-04-16,12.169099807739258,15.944999694824219
2004-04-19,12.176733016967773,15.954999923706055
2004-04-20,12.100414276123047,15.854999542236328
2004-04-21,12.115678787231445,15.875
2004-04-22,12.359892845153809,16.19499969482422
2004-04-23,12.310285568237305,16.1299991607666
2004-04-26,12.211073875427246,16.0
2004-04-27,12.295026779174805,16.110000610351562
2004-04-28,12.150017738342285,15.920000076293945
2004-04-29,12.0698823928833,15.8149995803833
2004-04-30,11.97829818725586,15.694999694824219
2004-05-03,12.039360046386719,15.774999618530273
2004-05-04,12.016461372375488,15.744999885559082
2004-05-05,12.04317569732666,15.779999732971191
2004-05-06,11.863823890686035,15.545000076293945
2004-05-07,11.577624320983887,15.170000076293945
2004-05-10,11.4326171875,14.979999542236328
2004-05-11,11.600520133972168,15.199999809265137
2004-05-12,11.63868236541748,15.25
2004-05-13,11.600520133972168,15.199999809265137
2004-05-14,11.604333877563477,15.204999923706055
2004-05-17,11.421170234680176,14.96500015258789
2004-05-18,11.600520133972168,15.199999809265137
2004-05-19,11.550911903381348,15.135000228881836
2004-05-20,11.577624320983887,15.170000076293945
2004-05-21,11.634861946105957,15.244999885559082
2004-05-24,11.756972312927246,15.404999732971191
2004-05-25,11.993563652038574,15.71500015258789
2004-05-26,12.001194953918457,15.725000381469727
2004-05-27,12.05461597442627,15.795000076293945
2004-05-28,12.05461597442627,15.795000076293945
2004-06-01,12.04317569732666,15.779999732971191
2004-06-02,12.08896255493164,15.84000015258789
2004-06-03,12.012648582458496,15.739999771118164
2004-06-04,12.062252044677734,15.805000305175781
2004-06-07,12.230156898498535,16.024999618530273
2004-06-08,12.27213191986084,16.079999923706055
2004-06-09,12.180542945861816,15.960000038146973
2004-06-10,12.230156898498535,16.024999618530273
2004-06-14,12.073700904846191,15.819999694824219
2004-06-15,12.14620590209961,15.914999961853027
2004-06-16,12.157649993896484,15.930000305175781
2004-06-17,12.188179969787598,15.970000267028809
2004-06-18,12.185121536254883,15.944999694824219
2004-06-21,12.143088340759277,15.890000343322754
2004-06-22,12.089598655700684,15.819999694824219
2004-06-23,12.185121536254883,15.944999694824219
2004-06-24,12.188937187194824,15.949999809265137
2004-06-25,12.17747974395752,15.9350004196167
2004-06-28,12.15455150604248,15.904999732971191
2004-06-29,12.062847137451172,15.78499984741211
2004-06-30,12.085775375366211,15.8149995803833
2004-07-01,12.013181686401367,15.720000267028809
2004-07-02,11.948221206665039,15.635000228881836
2004-07-06,11.871801376342773,15.53499984741211
2004-07-07,11.837411880493164,15.489999771118164
2004-07-08,11.676926612854004,15.279999732971191
2004-07-09,11.741883277893066,15.364999771118164
2004-07-12,11.77245044708252,15.404999732971191
2004-07-13,11.818305969238281,15.46500015258789
2004-07-14,11.768631935119629,15.399999618530273
2004-07-15,11.711316108703613,15.324999809265137
2004-07-16,11.581399917602539,15.154999732971191
2004-07-19,11.53555679321289,15.095000267028809
2004-07-20,11.6654691696167,15.265000343322754
2004-07-21,11.562300682067871,15.130000114440918
2004-07-22,11.581399917602539,15.154999732971191
2004-07-23,11.512626647949219,15.0649995803833
2004-07-26,11.413283348083496,14.9350004196167
2004-07-27,11.60815143585205,15.1899995803833
2004-07-28,11.558479309082031,15.125
2004-07-29,11.615793228149414,15.199999809265137
2004-07-30,11.627256393432617,15.21500015258789
2004-08-02,11.696035385131836,15.305000305175781
2004-08-03,11.577583312988281,15.149999618530273
2004-08-04,11.516447067260742,15.069999694824219
2004-08-05,11.313941955566406,14.805000305175781
2004-08-06,11.149637222290039,14.59000015258789
2004-08-09,11.134349822998047,14.569999694824219
2004-08-10,11.298649787902832,14.78499984741211
2004-08-11,11.218412399291992,14.680000305175781
2004-08-12,11.065573692321777,14.479999542236328
2004-08-13,11.092318534851074,14.515000343322754
2004-08-16,11.355966567993164,14.859999656677246
2004-08-17,11.501165390014648,15.050000190734863
2004-08-18,11.60051155090332,15.180000305175781
2004-08-19,11.547014236450195,15.109999656677246
2004-08-20,11.650186538696289,15.244999885559082
2004-08-23,11.589043617248535,15.164999961853027
2004-08-24,11.619622230529785,15.204999923706055
2004-08-25,11.707500457763672,15.319999694824219
2004-08-26,11.703672409057617,15.3149995803833
2004-08-27,11.703672409057617,15.3149995803833
2004-08-30,11.611971855163574,15.194999694824219
2004-08-31,11.604328155517578,15.1850004196167
2004-09-01,11.64254379272461,15.234999656677246
2004-09-02,11.825948715209961,15.475000381469727
2004-09-03,11.814482688903809,15.460000038146973
2004-09-07,11.894728660583496,15.5649995803833
2004-09-08,11.85651683807373,15.515000343322754
2004-09-09,11.795380592346191,15.4350004196167
2004-09-10,11.902369499206543,15.574999809265137
2004-09-13,11.940581321716309,15.625
2004-09-14,11.994068145751953,15.694999694824219
2004-09-15,11.925299644470215,15.604999542236328
2004-09-16,11.997894287109375,15.699999809265137
2004-09-17,12.023144721984863,15.710000038146973
2004-09-20,11.931307792663574,15.59000015258789
2004-09-21,12.023144721984863,15.710000038146973
2004-09-22,11.862431526184082,15.5
2004-09-23,11.904526710510254,15.555000305175781
2004-09-24,11.938960075378418,15.600000381469727
2004-09-27,11.854778289794922,15.489999771118164
2004-09-28,11.847127914428711,15.479999542236328
2004-09-29,11.889219284057617,15.53499984741211
2004-09-30,11.938960075378418,15.600000381469727
2004-10-01,12.0881986618042,15.795000076293945
2004-10-04,12.202999114990234,15.944999694824219
2004-10-05,12.187688827514648,15.925000190734863
2004-10-06,12.2527437210083,16.010000228881836
2004-10-07,12.164732933044434,15.895000457763672
2004-10-08,12.069068908691406,15.770000457763672
2004-10-11,12.114985466003418,15.829999923706055
2004-10-12,12.084376335144043,15.789999961853027
2004-10-13,12.046107292175293,15.739999771118164
2004-10-14,11.942791938781738,15.604999542236328
2004-10-15,12.02697467803955,15.71500015258789
2004-10-18,12.11115837097168,15.824999809265137
2004-10-19,12.034626960754395,15.725000381469727
2004-10-20,11.969575881958008,15.640000343322754
2004-10-21,12.0767240524292,15.779999732971191
2004-10-22,11.973402976989746,15.645000457763672
2004-10-25,11.961921691894531,15.630000114440918
2004-10-26,12.160905838012695,15.890000343322754
2004-10-27,12.36754322052002,16.15999984741211
2004-10-28,12.436420440673828,16.25
2004-10-29,12.421111106872559,16.229999542236328
2004-11-01,12.470860481262207,16.295000076293945
2004-11-02,12.516777992248535,16.354999542236328
2004-11-03,12.547391891479492,16.395000457763672
2004-11-04,12.822903633117676,16.7549991607666
2004-11-05,12.868824005126953,16.815000534057617
2004-11-08,12.87647819519043,16.825000762939453
2004-11-09,12.887956619262695,16.84000015258789
2004-11-10,12.887956619262695,16.84000015258789
2004-11-11,13.00658130645752,16.9950008392334
2004-11-12,13.090766906738281,17.104999542236328
2004-11-15,13.129030227661133,17.155000686645508
2004-11-16,13.00658130645752,16.9950008392334
2004-11-17,13.018062591552734,17.010000228881836
2004-11-18,13.079291343688965,17.09000015258789
2004-11-19,12.91474437713623,16.875
2004-11-22,12.995104789733887,16.979999542236328
2004-11-23,13.067809104919434,17.075000762939453
2004-11-24,13.155824661254883,17.190000534057617
2004-11-26,13.171125411987305,17.209999084472656
2004-11-29,13.083108901977539,17.094999313354492
2004-11-30,12.9415283203125,16.90999984741211
2004-12-01,13.144342422485352,17.174999237060547
2004-12-02,13.159650802612305,17.19499969482422
2004-12-03,13.11755084991455,17.139999389648438
2004-12-06,13.094589233398438,17.110000610351562
2004-12-07,13.002755165100098,16.989999771118164
2004-12-08,13.079291343688965,17.09000015258789
2004-12-09,13.178776741027832,17.219999313354492
2004-12-10,13.163472175598145,17.200000762939453
2004-12-13,13.209393501281738,17.260000228881836
2004-12-14,13.278275489807129,17.350000381469727
2004-12-15,13.33566951751709,17.424999237060547
2004-12-16,13.312712669372559,17.395000457763672
2004-12-17,13.254361152648926,17.264999389648438
2004-12-20,13.239013671875,17.2450008392334
2004-12-21,13.311944961547852,17.34000015258789
2004-12-22,13.404059410095215,17.459999084472656
2004-12-23,13.381035804748535,17.43000030517578
2004-12-27,13.388715744018555,17.440000534057617
2004-12-28,13.546089172363281,17.645000457763672
2004-12-29,13.557610511779785,17.65999984741211
2004-12-30,13.595989227294922,17.709999084472656
2004-12-31,13.546089172363281,17.645000457763672
2005-01-03,13.45780086517334,17.530000686645508
2005-01-04,13.300426483154297,17.325000762939453
2005-01-05,13.250526428222656,17.260000228881836
2005-01-06,13.181434631347656,17.170000076293945
2005-01-07,13.177594184875488,17.165000915527344
2005-01-10,13.227493286132812,17.229999542236328
2005-01-11,13.143047332763672,17.1200008392334
2005-01-12,13.219818115234375,17.219999313354492
2005-01-13,13.123855590820312,17.094999313354492
2005-01-14,13.246688842773438,17.2549991607666
2005-01-18,13.35800552368164,17.399999618530273
2005-01-19,13.223650932312012,17.225000381469727
2005-01-20,12.985671997070312,16.915000915527344
2005-01-21,12.939604759216309,16.854999542236328
2005-01-24,12.812933921813965,16.690000534057617
2005-01-25,12.847487449645996,16.735000610351562
2005-01-26,12.916577339172363,16.825000762939453
2005-01-27,12.889710426330566,16.790000915527344
2005-01-28,12.828289985656738,16.709999084472656
2005-01-31,12.966473579406738,16.889999389648438
2005-02-01,12.977992057800293,16.905000686645508
2005-02-02,13.016371726989746,16.954999923706055
2005-02-03,12.98950481414795,16.920000076293945
2005-02-04,13.108506202697754,17.075000762939453
2005-02-07,13.143047332763672,17.1200008392334
2005-02-08,13.112337112426758,17.079999923706055
2005-02-09,12.966473579406738,16.889999389648438
2005-02-10,13.020217895507812,16.959999084472656
2005-02-11,13.085474014282227,17.045000076293945
2005-02-14,13.066278457641602,17.020000457763672
2005-02-15,13.169916152954102,17.155000686645508
2005-02-16,13.14688777923584,17.125
2005-02-17,13.081632614135742,17.040000915527344
2005-02-18,13.054760932922363,17.0049991607666
2005-02-22,12.797582626342773,16.670000076293945
2005-02-23,12.878190040588379,16.774999618530273
2005-02-24,12.889710426330566,16.790000915527344
2005-02-25,12.951122283935547,16.8700008392334
2005-02-28,12.897382736206055,16.799999237060547
2005-03-01,13.043245315551758,16.989999771118164
2005-03-02,13.050923347473145,17.0
2005-03-03,13.035568237304688,16.979999542236328
2005-03-04,13.14688777923584,17.125
2005-03-07,13.15839672088623,17.139999389648438
2005-03-08,13.089309692382812,17.049999237060547
2005-03-09,12.94344425201416,16.860000610351562
2005-03-10,12.966473579406738,16.889999389648438
2005-03-11,12.951122283935547,16.8700008392334
2005-03-14,12.970316886901855,16.895000457763672
2005-03-15,12.985671997070312,16.915000915527344
2005-03-16,12.908892631530762,16.815000534057617
2005-03-17,12.920416831970215,16.829999923706055
2005-03-18,12.846609115600586,16.709999084472656
2005-03-21,12.785104751586914,16.6299991607666
2005-03-22,12.67747688293457,16.489999771118164
2005-03-23,12.635193824768066,16.434999465942383
2005-03-24,12.654410362243652,16.459999084472656
2005-03-28,12.74282455444336,16.575000762939453
2005-03-29,12.581371307373047,16.364999771118164
2005-03-30,12.785104751586914,16.6299991607666
2005-03-31,12.746667861938477,16.579999923706055
2005-04-01,12.646719932556152,16.450000762939453
2005-04-04,12.681320190429688,16.4950008392334
2005-04-05,12.758203506469727,16.594999313354492
2005-04-06,12.704386711120605,16.524999618530273
2005-04-07,12.762042999267578,16.600000381469727
2005-04-08,12.66209888458252,16.469999313354492
2005-04-11,12.592904090881348,16.3799991607666
2005-04-12,12.712072372436523,16.53499984741211
2005-04-13,12.519868850708008,16.28499984741211
2005-04-14,12.346891403198242,16.059999465942383
2005-04-15,12.097030639648438,15.734999656677246
2005-04-18,12.120094299316406,15.765000343322754
2005-04-19,12.135469436645508,15.78499984741211
2005-04-20,11.935578346252441,15.524999618530273
2005-04-21,12.231572151184082,15.90999984741211
2005-04-22,12.047056198120117,15.670000076293945
2005-04-25,12.154691696166992,15.8100004196167
2005-04-26,12.070122718811035,15.699999809265137
2005-04-27,12.085497856140137,15.720000267028809
2005-04-28,11.908677101135254,15.489999771118164
2005-04-29,11.935578346252441,15.524999618530273
2005-05-02,11.997090339660645,15.604999542236328
2005-05-03,12.043214797973633,15.664999961853027
2005-05-04,12.300764083862305,16.0
2005-05-05,12.227726936340332,15.904999732971191
2005-05-06,12.227726936340332,15.904999732971191
2005-05-09,12.296918869018555,15.994999885559082
2005-05-10,12.147003173828125,15.800000190734863
2005-05-11,12.143156051635742,15.795000076293945
2005-05-12,12.081655502319336,15.71500015258789
2005-05-13,12.073967933654785,15.704999923706055
2005-05-16,12.223884582519531,15.899999618530273
2005-05-17,12.327672004699707,16.03499984741211
2005-05-18,12.569845199584961,16.350000381469727
2005-05-19,12.669785499572754,16.479999542236328
2005-05-20,12.635193824768066,16.434999465942383
2005-05-23,12.715917587280273,16.540000915527344
2005-05-24,12.692856788635254,16.510000228881836
2005-05-25,12.654410362243652,16.459999084472656
2005-05-26,12.719759941101074,16.545000076293945
2005-05-27,12.719759941101074,16.545000076293945
2005-05-31,12.673630714416504,16.485000610351562
2005-06-01,12.727446556091309,16.55500030517578
2005-06-02,12.792795181274414,16.639999389648438
2005-06-03,12.700536727905273,16.520000457763672
2005-06-06,12.719759941101074,16.545000076293945
2005-06-07,12.738974571228027,16.56999969482422
2005-06-08,12.685165405273438,16.5
2005-06-09,12.735132217407227,16.565000534057617
2005-06-10,12.735132217407227,16.565000534057617
2005-06-13,12.754352569580078,16.59000015258789
2005-06-14,12.888895988464355,16.764999389648438
2005-06-15,12.888895988464355,16.764999389648438
2005-06-16,12.915800094604492,16.799999237060547
2005-06-17,12.969310760498047,16.844999313354492
2005-06-20,12.977009773254395,16.854999542236328
2005-06-21,12.984709739685059,16.864999771118164
2005-06-22,12.980857849121094,16.860000610351562
2005-06-23,12.753732681274414,16.565000534057617
2005-06-24,12.642094612121582,16.420000076293945
2005-06-27,12.584349632263184,16.344999313354492
2005-06-28,12.761439323425293,16.575000762939453
2005-06-29,12.68443775177002,16.475000381469727
2005-06-30,12.618992805480957,16.389999389648438
2005-07-01,12.649797439575195,16.43000030517578
2005-07-05,12.769132614135742,16.584999084472656
2005-07-06,12.653640747070312,16.434999465942383
2005-07-07,12.692140579223633,16.485000610351562
2005-07-08,12.888471603393555,16.739999771118164
2005-07-11,12.957762718200684,16.829999923706055
2005-07-12,13.042451858520508,16.940000534057617
2005-07-13,13.007806777954102,16.895000457763672
2005-07-14,13.077099800109863,16.985000610351562
2005-07-15,13.130996704101562,17.05500030517578
2005-07-18,13.142546653747559,17.06999969482422
2005-07-19,13.22338581085205,17.174999237060547
2005-07-20,13.273431777954102,17.239999771118164
2005-07-21,13.242637634277344,17.200000762939453
2005-07-22,13.308072090148926,17.28499984741211
2005-07-25,13.204140663146973,17.149999618530273
2005-07-26,13.311925888061523,17.290000915527344
2005-07-27,13.346567153930664,17.334999084472656
2005-07-28,13.481305122375488,17.510000228881836
2005-07-29,13.335023880004883,17.31999969482422
2005-08-01,13.33887004852295,17.325000762939453
2005-08-02,13.404318809509277,17.40999984741211
2005-08-03,13.346567153930664,17.334999084472656
2005-08-04,13.231082916259766,17.184999465942383
2005-08-05,13.130996704101562,17.05500030517578
2005-08-08,13.100198745727539,17.014999389648438
2005-08-09,13.246487617492676,17.204999923706055
2005-08-10,13.23878288269043,17.19499969482422
2005-08-11,13.296527862548828,17.270000457763672
2005-08-12,13.261876106262207,17.225000381469727
2005-08-15,13.358123779296875,17.350000381469727
2005-08-16,13.080946922302246,16.989999771118164
2005-08-17,13.157943725585938,17.09000015258789
2005-08-18,13.104043960571289,17.020000457763672
2005-08-19,13.038606643676758,16.934999465942383
2005-08-22,13.030902862548828,16.924999237060547
2005-08-23,12.988557815551758,16.8700008392334
2005-08-24,12.896172523498535,16.75
2005-08-25,12.93081283569336,16.795000076293945
2005-08-26,12.876921653747559,16.725000381469727
2005-08-29,12.915411949157715,16.774999618530273
2005-08-30,12.784527778625488,16.604999542236328
2005-08-31,12.896172523498535,16.75
2005-09-01,12.769132614135742,16.584999084472656
2005-09-02,12.722940444946289,16.524999618530273
2005-09-06,12.942364692687988,16.809999465942383
2005-09-07,13.034754753112793,16.93000030517578
2005-09-08,12.911568641662598,16.770000457763672
2005-09-09,13.019357681274414,16.90999984741211
2005-09-12,13.054000854492188,16.954999923706055
2005-09-13,12.865374565124512,16.709999084472656
2005-09-14,12.746037483215332,16.55500030517578
2005-09-15,12.769132614135742,16.584999084472656
2005-09-16,12.780316352844238,16.56999969482422
2005-09-19,12.626059532165527,16.3700008392334
2005-09-20,12.406241416931152,16.084999084472656
2005-09-21,12.209556579589844,15.829999923706055
2005-09-22,12.406241416931152,16.084999084472656
2005-09-23,12.45251750946045,16.145000457763672
2005-09-26,12.437092781066895,16.125
2005-09-27,12.433231353759766,16.1200008392334
2005-09-28,12.321396827697754,15.975000381469727
2005-09-29,12.444805145263672,16.135000228881836
2005-09-30,12.529645919799805,16.2450008392334
2005-10-03,12.494935035705566,16.200000762939453
2005-10-04,12.410096168518066,16.09000015258789
2005-10-05,12.2018461227417,15.819999694824219
2005-10-06,12.213414192199707,15.835000038146973
2005-10-07,12.224985122680664,15.850000381469727
2005-10-10,12.132429122924805,15.729999542236328
2005-10-11,12.086151123046875,15.670000076293945
2005-10-12,11.951175689697266,15.494999885559082
2005-10-13,11.985886573791504,15.539999961853027
2005-10-14,12.105430603027344,15.694999694824219
2005-10-17,12.128575325012207,15.725000381469727
2005-10-18,12.001312255859375,15.5600004196167
2005-10-19,12.228840827941895,15.854999542236328
2005-10-20,12.07844066619873,15.65999984741211
2005-10-21,12.063010215759277,15.640000343322754
2005-10-24,12.271257400512695,15.90999984741211
2005-10-25,12.182562828063965,15.795000076293945
2005-10-26,12.109294891357422,15.699999809265137
2005-10-27,11.866338729858398,15.385000228881836
2005-10-28,12.074581146240234,15.654999732971191
2005-10-31,12.275121688842773,15.914999961853027
2005-11-01,12.28283405303955,15.925000190734863
2005-11-02,12.498791694641113,16.204999923706055
2005-11-03,12.502649307250977,16.209999084472656
2005-11-04,12.548925399780273,16.270000457763672
2005-11-07,12.649199485778809,16.399999618530273
2005-11-08,12.506505012512207,16.21500015258789
2005-11-09,12.502649307250977,16.209999084472656
2005-11-10,12.691615104675293,16.454999923706055
2005-11-11,12.730181694030762,16.5049991607666
2005-11-14,12.737892150878906,16.514999389648438
2005-11-15,12.548925399780273,16.270000457763672
2005-11-16,12.541217803955078,16.260000228881836
2005-11-17,12.70704174041748,16.475000381469727
2005-11-18,12.79188346862793,16.584999084472656
2005-11-21,12.83816146850586,16.645000457763672
2005-11-22,12.896007537841797,16.719999313354492
2005-11-23,12.98855972290039,16.84000015258789
2005-11-25,12.98855972290039,16.84000015258789
2005-11-28,12.869014739990234,16.684999465942383
2005-11-29,12.84973430633545,16.65999984741211
2005-11-30,12.764891624450684,16.549999237060547
2005-12-01,12.9114351272583,16.739999771118164
2005-12-02,12.95385456085205,16.795000076293945
2005-12-05,12.876725196838379,16.69499969482422
2005-12-06,12.915294647216797,16.7450008392334
2005-12-07,12.903719902038574,16.729999542236328
2005-12-08,12.84973430633545,16.65999984741211
2005-12-09,12.869014739990234,16.684999465942383
2005-12-12,12.884439468383789,16.704999923706055
2005-12-13,12.942285537719727,16.780000686645508
2005-12-14,13.00784683227539,16.864999771118164
2005-12-15,12.980852127075195,16.829999923706055
2005-12-16,12.950228691101074,16.704999923706055
2005-12-19,12.81069278717041,16.524999618530273
2005-12-20,12.783551216125488,16.489999771118164
2005-12-21,12.795183181762695,16.5049991607666
2005-12-22,12.79906177520752,16.510000228881836
2005-12-23,12.822318077087402,16.540000915527344
2005-12-27,12.713788032531738,16.399999618530273
2005-12-28,12.737043380737305,16.43000030517578
2005-12-29,12.733166694641113,16.424999237060547
2005-12-30,12.655641555786133,16.325000762939453
2006-01-03,12.791309356689453,16.5
2006-01-04,12.802932739257812,16.514999389648438
2006-01-05,12.814566612243652,16.530000686645508
2006-01-06,12.919221878051758,16.665000915527344
2006-01-09,13.051007270812988,16.834999084472656
2006-01-10,13.05488395690918,16.84000015258789
2006-01-11,13.120779037475586,16.924999237060547
2006-01-12,13.00449275970459,16.774999618530273
2006-01-13,13.008376121520996,16.780000686645508
2006-01-17,12.93860149383545,16.690000534057617
2006-01-18,12.895967483520508,16.635000228881836
2006-01-19,12.99286937713623,16.760000228881836
2006-01-20,12.77192497253418,16.475000381469727
2006-01-23,12.764174461364746,16.46500015258789
2006-01-24,12.892088890075684,16.6299991607666
2006-01-25,12.84557056427002,16.56999969482422
2006-01-26,12.8998384475708,16.639999389648438
2006-01-27,12.957984924316406,16.71500015258789
2006-01-30,12.926971435546875,16.674999237060547
2006-01-31,12.880461692810059,16.614999771118164
2006-02-01,12.923096656799316,16.670000076293945
2006-02-02,12.907591819763184,16.649999618530273
2006-02-03,12.84557056427002,16.56999969482422
2006-02-06,12.841697692871094,16.565000534057617
2006-02-07,12.764174461364746,16.46500015258789
2006-02-08,12.853323936462402,16.579999923706055
2006-02-09,12.849452018737793,16.575000762939453
2006-02-10,12.895967483520508,16.635000228881836
2006-02-13,12.864953994750977,16.594999313354492
2006-02-14,13.008376121520996,16.780000686645508
2006-02-15,13.06651496887207,16.854999542236328
2006-02-16,13.10915470123291,16.90999984741211
2006-02-17,13.03162956237793,16.809999465942383
2006-02-21,12.961857795715332,16.719999313354492
2006-02-22,13.058762550354004,16.844999313354492
2006-02-23,12.98898983001709,16.7549991607666
2006-02-24,12.965733528137207,16.725000381469727
2006-02-27,13.082016944885254,16.875
2006-02-28,12.973487854003906,16.735000610351562
2006-03-01,13.070387840270996,16.860000610351562
2006-03-02,12.985114097595215,16.75
2006-03-03,12.977363586425781,16.739999771118164
2006-03-06,12.895967483520508,16.635000228881836
2006-03-07,12.837818145751953,16.559999465942383
2006-03-08,12.86108112335205,16.59000015258789
2006-03-09,12.81069278717041,16.524999618530273
2006-03-10,12.930848121643066,16.68000030517578
2006-03-13,12.926971435546875,16.674999237060547
2006-03-14,13.06651496887207,16.854999542236328
2006-03-15,13.14016342163086,16.950000762939453
2006-03-16,13.16729736328125,16.985000610351562
2006-03-17,13.189393997192383,17.010000228881836
2006-03-20,13.15837574005127,16.969999313354492
2006-03-21,13.084714889526367,16.875
2006-03-22,13.127358436584473,16.93000030517578
2006-03-23,13.119607925415039,16.920000076293945
2006-03-24,13.100221633911133,16.895000457763672
2006-03-27,13.096342086791992,16.889999389648438
2006-03-28,13.026559829711914,16.799999237060547
2006-03-29,13.14287281036377,16.950000762939453
2006-03-30,13.08858585357666,16.8799991607666
2006-03-31,13.049822807312012,16.829999923706055
2006-04-03,13.003296852111816,16.770000457763672
2006-04-04,13.076959609985352,16.864999771118164
2006-04-05,13.162256240844727,16.975000381469727
2006-04-06,13.189393997192383,17.010000228881836
2006-04-07,13.131241798400879,16.934999465942383
2006-04-10,13.111854553222656,16.90999984741211
2006-04-11,13.007171630859375,16.774999618530273
2006-04-12,12.995545387268066,16.760000228881836
2006-04-13,13.026559829711914,16.799999237060547
2006-04-17,12.960654258728027,16.71500015258789
2006-04-18,13.15062141418457,16.959999084472656
2006-04-19,13.104100227355957,16.899999618530273
2006-04-20,13.154500961303711,16.96500015258789
2006-04-21,13.053698539733887,16.834999084472656
2006-04-24,13.049822807312012,16.829999923706055
2006-04-25,13.030436515808105,16.80500030517578
2006-04-26,13.119607925415039,16.920000076293945
2006-04-27,13.224288940429688,17.05500030517578
2006-04-28,13.216532707214355,17.045000076293945
2006-05-01,13.14287281036377,16.950000762939453
2006-05-02,13.154500961303711,16.96500015258789
2006-05-03,13.189393997192383,17.010000228881836
2006-05-04,13.263054847717285,17.104999542236328
2006-05-05,13.418130874633789,17.30500030517578
2006-05-08,13.437521934509277,17.329999923706055
2006-05-09,13.476285934448242,17.3799991607666
2006-05-10,13.484042167663574,17.389999389648438
2006-05-11,13.348347663879395,17.21500015258789
2006-05-12,13.216532707214355,17.045000076293945
2006-05-15,13.251423835754395,17.09000015258789
2006-05-16,13.15837574005127,16.969999313354492
2006-05-17,12.976165771484375,16.735000610351562
2006-05-18,12.968406677246094,16.725000381469727
2006-05-19,13.057575225830078,16.84000015258789
2006-05-22,12.964529037475586,16.719999313354492
2006-05-23,12.867608070373535,16.594999313354492
2006-05-24,12.886987686157227,16.6200008392334
2006-05-25,13.011055946350098,16.780000686645508
2006-05-26,13.053698539733887,16.834999084472656
2006-05-30,12.855976104736328,16.579999923706055
2006-05-31,12.995545387268066,16.760000228881836
2006-06-01,13.19714641571045,17.020000457763672
2006-06-02,13.170013427734375,16.985000610351562
2006-06-05,12.960654258728027,16.71500015258789
2006-06-06,12.894744873046875,16.6299991607666
2006-06-07,12.8986234664917,16.635000228881836
2006-06-08,12.87923812866211,16.610000610351562
2006-06-09,12.84821605682373,16.56999969482422
2006-06-12,12.677630424499512,16.350000381469727
2006-06-13,12.576836585998535,16.219999313354492
2006-06-14,12.634992599487305,16.295000076293945
2006-06-15,12.910255432128906,16.649999618530273
2006-06-16,12.879560470581055,16.575000762939453
2006-06-19,12.8096284866333,16.485000610351562
2006-06-20,12.7630033493042,16.424999237060547
2006-06-21,12.887330055236816,16.584999084472656
2006-06-22,12.786314964294434,16.454999923706055
2006-06-23,12.774659156799316,16.440000534057617
2006-06-26,12.840709686279297,16.524999618530273
2006-06-27,12.67752742767334,16.315000534057617
2006-06-28,12.68918228149414,16.329999923706055
2006-06-29,12.965036392211914,16.684999465942383
2006-06-30,12.972805976867676,16.69499969482422
2006-07-03,12.992229461669922,16.719999313354492
2006-07-05,12.871785163879395,16.565000534057617
2006-07-06,12.879560470581055,16.575000762939453
2006-07-07,12.782430648803711,16.450000762939453
2006-07-10,12.797966003417969,16.469999313354492
2006-07-11,12.786314964294434,16.454999923706055
2006-07-12,12.584278106689453,16.19499969482422
2006-07-13,12.355057716369629,15.899999618530273
2006-07-14,12.195755004882812,15.694999694824219
2006-07-17,12.281230926513672,15.805000305175781
2006-07-18,12.207409858703613,15.710000038146973
2006-07-19,12.45218276977539,16.024999618530273
2006-07-20,12.288999557495117,15.8149995803833
2006-07-21,12.176332473754883,15.670000076293945
2006-07-24,12.44052791595459,16.010000228881836
2006-07-25,12.553197860717773,16.155000686645508
2006-07-26,12.409446716308594,15.970000267028809
2006-07-27,12.38224983215332,15.9350004196167
2006-07-28,12.533769607543945,16.1299991607666
2006-07-31,12.541544914245605,16.139999389648438
2006-08-01,12.424983024597168,15.989999771118164
2006-08-02,12.5260009765625,16.1200008392334
2006-08-03,12.60370922088623,16.219999313354492
2006-08-04,12.607592582702637,16.225000381469727
2006-08-07,12.580399513244629,16.190000534057617
2006-08-08,12.45218276977539,16.024999618530273
2006-08-09,12.281230926513672,15.805000305175781
2006-08-10,12.4483003616333,16.020000457763672
2006-08-11,12.444411277770996,16.014999389648438
2006-08-14,12.479375839233398,16.059999465942383
2006-08-15,12.654210090637207,16.28499984741211
2006-08-16,12.782430648803711,16.450000762939453
2006-08-17,12.860135078430176,16.549999237060547
2006-08-18,12.85624885559082,16.545000076293945
2006-08-21,12.716379165649414,16.364999771118164
2006-08-22,12.704719543457031,16.350000381469727
2006-08-23,12.592050552368164,16.204999923706055
2006-08-24,12.5260009765625,16.1200008392334
2006-08-25,12.5260009765625,16.1200008392334
2006-08-28,12.650328636169434,16.280000686645508
2006-08-29,12.74358081817627,16.399999618530273
2006-08-30,12.751348495483398,16.40999984741211
2006-08-31,12.790192604064941,16.459999084472656
2006-09-01,12.895103454589844,16.594999313354492
2006-09-05,12.933947563171387,16.645000457763672
2006-09-06,12.774659156799316,16.440000534057617
2006-09-07,12.817397117614746,16.4950008392334
2006-09-08,12.933947563171387,16.645000457763672
2006-09-11,13.034965515136719,16.774999618530273
2006-09-12,13.338014602661133,17.165000915527344
2006-09-13,13.39240837097168,17.235000610351562
2006-09-14,13.357442855834961,17.190000534057617
2006-09-15,13.414277076721191,17.229999542236328
2006-09-18,13.34420394897461,17.139999389648438
2006-09-19,13.3714599609375,17.174999237060547
2006-09-20,13.468774795532227,17.299999237060547
2006-09-21,13.394817352294922,17.204999923706055
2006-09-22,13.383131980895996,17.190000534057617
2006-09-25,13.589451789855957,17.454999923706055
2006-09-26,13.706230163574219,17.604999542236328
2006-09-27,13.682870864868164,17.575000762939453
2006-09-28,13.67897891998291,17.56999969482422
2006-09-29,13.605018615722656,17.475000381469727
2006-10-02,13.636161804199219,17.514999389648438
2006-10-03,13.752944946289062,17.665000915527344
2006-10-04,13.951470375061035,17.920000076293945
2006-10-05,13.99039363861084,17.969999313354492
2006-10-06,13.963150024414062,17.934999465942383
2006-10-09,14.060467720031738,18.059999465942383
2006-10-10,14.146103858947754,18.170000076293945
2006-10-11,14.111075401306152,18.125
2006-10-12,14.297924041748047,18.364999771118164
2006-10-13,14.258986473083496,18.315000534057617
2006-10-16,14.247319221496582,18.299999237060547
2006-10-17,14.196710586547852,18.235000610351562
2006-10-18,14.208390235900879,18.25
2006-10-19,14.200604438781738,18.239999771118164
2006-10-20,14.181143760681152,18.21500015258789
2006-10-23,14.36799144744873,18.454999923706055
2006-10-24,14.422487258911133,18.524999618530273
2006-10-25,14.371882438659668,18.459999084472656
2006-10-26,14.570408821105957,18.71500015258789
2006-10-27,14.426383018493652,18.530000686645508
2006-10-30,14.51591682434082,18.645000457763672
2006-10-31,14.484773635864258,18.604999542236328
2006-11-01,14.371882438659668,18.459999084472656
2006-11-02,14.356318473815918,18.440000534057617
2006-11-03,14.247319221496582,18.299999237060547
2006-11-06,14.422487258911133,18.524999618530273
2006-11-07,14.461419105529785,18.575000762939453
2006-11-08,14.531484603881836,18.665000915527344
2006-11-09,14.484773635864258,18.604999542236328
2006-11-10,14.531484603881836,18.665000915527344
2006-11-13,14.55095386505127,18.690000534057617
2006-11-14,14.710552215576172,18.895000457763672
2006-11-15,14.765059471130371,18.96500015258789
2006-11-16,14.862363815307617,19.09000015258789
2006-11-17,14.835115432739258,19.05500030517578
2006-11-20,14.776721954345703,18.979999542236328
2006-11-21,14.819539070129395,19.03499984741211
2006-11-22,14.850687980651855,19.075000762939453
2006-11-24,14.772835731506348,18.975000381469727
2006-11-27,14.558727264404297,18.700000762939453
2006-11-28,14.55095386505127,18.690000534057617
2006-11-29,14.652153015136719,18.81999969482422
2006-11-30,14.667728424072266,18.84000015258789
2006-12-01,14.64826774597168,18.815000534057617
2006-12-04,14.803977966308594,19.014999389648438
2006-12-05,14.928540229797363,19.174999237060547
2006-12-06,14.916861534118652,19.15999984741211
2006-12-07,14.84680461883545,19.06999969482422
2006-12-08,14.877944946289062,19.110000610351562
2006-12-11,14.932437896728516,19.18000030517578
2006-12-12,14.850687980651855,19.075000762939453
2006-12-13,14.928540229797363,19.174999237060547
2006-12-14,15.08425235748291,19.375
2006-12-15,15.02096176147461,19.225000381469727
2006-12-18,15.009244918823242,19.209999084472656
2006-12-19,15.017056465148926,19.219999313354492
2006-12-20,15.013147354125977,19.21500015258789
2006-12-21,14.946741104125977,19.1299991607666
2006-12-22,14.935009956359863,19.114999771118164
2006-12-26,14.981892585754395,19.174999237060547
2006-12-27,15.079560279846191,19.299999237060547
2006-12-28,15.06393814086914,19.280000686645508
2006-12-29,14.98580265045166,19.18000030517578
2007-01-03,15.048309326171875,19.260000228881836
2007-01-04,15.044401168823242,19.2549991607666
2007-01-05,14.942829132080078,19.125
2007-01-08,14.966270446777344,19.155000686645508
2007-01-09,15.048309326171875,19.260000228881836
2007-01-10,15.126440048217773,19.360000610351562
2007-01-11,15.294438362121582,19.575000762939453
2007-01-12,15.337397575378418,19.6299991607666
2007-01-16,15.392093658447266,19.700000762939453
2007-01-17,15.392093658447266,19.700000762939453
2007-01-18,15.47804069519043,19.809999465942383
2007-01-19,15.474130630493164,19.80500030517578
2007-01-22,15.376466751098633,19.68000030517578
2007-01-23,15.431156158447266,19.75
2007-01-24,15.489760398864746,19.825000762939453
2007-01-25,15.243636131286621,19.510000228881836
2007-01-26,15.169411659240723,19.415000915527344
2007-01-29,15.208476066589355,19.46500015258789
2007-01-30,15.251450538635254,19.520000457763672
2007-01-31,15.41553020477295,19.729999542236328
2007-02-01,15.47022533416748,19.799999237060547
2007-02-02,15.51319694519043,19.854999542236328
2007-02-05,15.462403297424316,19.790000915527344
2007-02-06,15.51710319519043,19.860000610351562
2007-02-07,15.591324806213379,19.954999923706055
2007-02-08,15.560081481933594,19.915000915527344
2007-02-09,15.41553020477295,19.729999542236328
2007-02-12,15.341307640075684,19.635000228881836
2007-02-13,15.474130630493164,19.80500030517578
2007-02-14,15.556170463562012,19.90999984741211
2007-02-15,15.606954574584961,19.975000381469727
2007-02-16,15.587419509887695,19.950000762939453
2007-02-20,15.700709342956543,20.094999313354492
2007-02-21,15.63821029663086,20.014999389648438
2007-02-22,15.603048324584961,19.969999313354492
2007-02-23,15.567886352539062,19.924999237060547
2007-02-26,15.435068130493164,19.7549991607666
2007-02-27,14.903764724731445,19.075000762939453
2007-02-28,14.954556465148926,19.139999389648438
2007-03-01,14.868607521057129,19.030000686645508
2007-03-02,14.759222030639648,18.889999389648438
2007-03-05,14.563883781433105,18.639999389648438
2007-03-06,14.8139066696167,18.959999084472656
2007-03-07,14.798285484313965,18.940000534057617
2007-03-08,14.915487289428711,19.09000015258789
2007-03-09,14.946741104125977,19.1299991607666
2007-03-12,14.927201271057129,19.104999542236328
2007-03-13,14.653736114501953,18.7549991607666
2007-03-14,14.626387596130371,18.719999313354492
2007-03-15,14.657641410827637,18.760000228881836
2007-03-16,14.605986595153809,18.65999984741211
2007-03-19,14.821235656738281,18.934999465942383
2007-03-20,14.930825233459473,19.075000762939453
2007-03-21,15.165654182434082,19.375
2007-03-22,15.122597694396973,19.31999969482422
2007-03-23,15.130417823791504,19.329999923706055
2007-03-26,15.05606746673584,19.235000610351562
2007-03-27,14.962126731872559,19.114999771118164
2007-03-28,14.793841361999512,18.899999618530273
2007-03-29,14.8447265625,18.96500015258789
2007-03-30,14.88386344909668,19.014999389648438
2007-04-02,14.934735298156738,19.079999923706055
2007-04-03,15.126505851745605,19.325000762939453
2007-04-04,15.08346176147461,19.270000457763672
2007-04-05,15.204787254333496,19.424999237060547
2007-04-09,15.193044662475586,19.40999984741211
2007-04-10,15.22435188293457,19.450000762939453
2007-04-11,15.106941223144531,19.299999237060547
2007-04-12,15.212606430053711,19.434999465942383
2007-04-13,15.22435188293457,19.450000762939453
2007-04-16,15.376992225646973,19.645000457763672
2007-04-17,15.439607620239258,19.725000381469727
2007-04-18,15.427860260009766,19.709999084472656
2007-04-19,15.306539535522461,19.55500030517578
2007-04-20,15.48657512664795,19.78499984741211
2007-04-23,15.455257415771484,19.7450008392334
2007-04-24,15.400468826293945,19.674999237060547
2007-04-25,15.557015419006348,19.875
2007-04-26,15.533539772033691,19.844999313354492
2007-04-27,15.431774139404297,19.71500015258789
2007-04-30,15.236088752746582,19.46500015258789
2007-05-01,15.279141426086426,19.520000457763672
2007-05-02,15.455257415771484,19.7450008392334
2007-05-03,15.423948287963867,19.704999923706055
2007-05-04,15.459172248840332,19.75
2007-05-07,15.459172248840332,19.75
2007-05-08,15.392642974853516,19.665000915527344
2007-05-09,15.48657512664795,19.78499984741211
2007-05-10,15.31828498840332,19.56999969482422
2007-05-11,15.380904197692871,19.649999618530273
2007-05-14,15.380904197692871,19.649999618530273
2007-05-15,15.326109886169434,19.579999923706055
2007-05-16,15.380904197692871,19.649999618530273
2007-05-17,15.404386520385742,19.68000030517578
2007-05-18,15.545275688171387,19.860000610351562
2007-05-21,15.603987693786621,19.934999465942383
2007-05-22,15.588329315185547,19.915000915527344
2007-05-23,15.596150398254395,19.924999237060547
2007-05-24,15.470911979675293,19.764999389648438
2007-05-25,15.525708198547363,19.834999084472656
2007-05-29,15.513976097106934,19.81999969482422
2007-05-30,15.654862403869629,20.0
2007-05-31,15.694005966186523,20.049999237060547
2007-06-01,15.784013748168945,20.165000915527344
2007-06-04,15.815324783325195,20.204999923706055
2007-06-05,15.721392631530762,20.084999084472656
2007-06-06,15.521797180175781,19.829999923706055
2007-06-07,15.232179641723633,19.459999084472656
2007-06-08,15.427860260009766,19.709999084472656
2007-06-11,15.376992225646973,19.645000457763672
2007-06-12,15.251752853393555,19.485000610351562
2007-06-13,15.427860260009766,19.709999084472656
2007-06-14,15.537444114685059,19.850000381469727
2007-06-15,15.615859985351562,19.915000915527344
2007-06-18,15.54922103881836,19.829999923706055
2007-06-19,15.600180625915527,19.895000457763672
2007-06-20,15.572731971740723,19.860000610351562
2007-06-21,15.545294761657715,19.825000762939453
2007-06-22,15.443346977233887,19.69499969482422
2007-06-25,15.380620002746582,19.614999771118164
2007-06-26,15.274765968322754,19.479999542236328
2007-06-27,15.431594848632812,19.68000030517578
2007-06-28,15.400233268737793,19.639999389648438
2007-06-29,15.419832229614258,19.665000915527344
2007-07-02,15.502167701721191,19.770000457763672
2007-07-03,15.52568531036377,19.799999237060547
2007-07-05,15.608027458190918,19.905000686645508
2007-07-06,15.749159812927246,20.084999084472656
2007-07-09,15.690360069274902,20.010000228881836
2007-07-10,15.411993980407715,19.655000686645508
2007-07-11,15.502167701721191,19.770000457763672
2007-07-12,15.623703002929688,19.924999237060547
2007-07-13,15.702116012573242,20.024999618530273
2007-07-16,15.639389991760254,19.94499969482422
2007-07-17,15.655069351196289,19.96500015258789
2007-07-18,15.635466575622559,19.940000534057617
2007-07-19,15.670748710632324,19.985000610351562
2007-07-20,15.47079849243164,19.729999542236328
2007-07-23,15.494321823120117,19.760000228881836
2007-07-24,15.25124740600586,19.450000762939453
2007-07-25,15.200278282165527,19.385000228881836
2007-07-26,14.753327369689941,18.815000534057617
2007-07-27,14.522003173828125,18.520000457763672
2007-07-30,14.729804992675781,18.78499984741211
2007-07-31,14.506318092346191,18.5
2007-08-01,14.525933265686035,18.524999618530273
2007-08-02,14.71019458770752,18.760000228881836
2007-08-03,14.259324073791504,18.184999465942383
2007-08-06,14.486726760864258,18.475000381469727
2007-08-07,14.569058418273926,18.579999923706055
2007-08-08,14.733723640441895,18.790000915527344
2007-08-09,14.318140983581543,18.260000228881836
2007-08-10,14.255407333374023,18.18000030517578
2007-08-13,14.333818435668945,18.280000686645508
2007-08-14,13.969197273254395,17.815000534057617
2007-08-15,13.820216178894043,17.625
2007-08-16,13.839814186096191,17.649999618530273
2007-08-17,13.937830924987793,17.774999618530273
2007-08-20,14.0123291015625,17.8700008392334
2007-08-21,14.106425285339355,17.989999771118164
2007-08-22,14.294607162475586,18.229999542236328
2007-08-23,14.239724159240723,18.15999984741211
2007-08-24,14.525933265686035,18.524999618530273
2007-08-27,14.325973510742188,18.270000457763672
2007-08-28,13.98095989227295,17.829999923706055
2007-08-29,14.420065879821777,18.389999389648438
2007-08-30,14.361263275146484,18.315000534057617
2007-08-31,14.596501350402832,18.614999771118164
2007-09-04,14.61609935760498,18.639999389648438
2007-09-05,14.384784698486328,18.344999313354492
2007-09-06,14.420065879821777,18.389999389648438
2007-09-07,14.075060844421387,17.950000762939453
2007-09-10,14.000565528869629,17.854999542236328
2007-09-11,14.157384872436523,18.05500030517578
2007-09-12,14.16523551940918,18.065000534057617
2007-09-13,14.361263275146484,18.315000534057617
2007-09-14,14.45534896850586,18.434999465942383
2007-09-17,14.27892780303955,18.209999084472656
2007-09-18,14.835658073425293,18.920000076293945
2007-09-19,14.863099098205566,18.954999923706055
2007-09-20,14.569058418273926,18.579999923706055
2007-09-21,14.57415771484375,18.549999237060547
2007-09-24,14.452383041381836,18.395000457763672
2007-09-25,14.263823509216309,18.155000686645508
2007-09-26,14.468090057373047,18.415000915527344
2007-09-27,14.397383689880371,18.325000762939453
2007-09-28,14.468090057373047,18.415000915527344
2007-10-01,14.656659126281738,18.655000686645508
2007-10-02,14.652721405029297,18.649999618530273
2007-10-03,14.735218048095703,18.7549991607666
2007-10-04,14.66058349609375,18.65999984741211
2007-10-05,14.986639022827148,19.075000762939453
2007-10-08,14.888425827026367,18.950000762939453
2007-10-09,14.911995887756348,18.979999542236328
2007-10-10,14.84914493560791,18.899999618530273
2007-10-11,14.782367706298828,18.815000534057617
2007-10-12,14.857003211975098,18.90999984741211
2007-10-15,14.621298789978027,18.610000610351562
2007-10-16,14.57415771484375,18.549999237060547
2007-10-17,14.589874267578125,18.56999969482422
2007-10-18,14.456313133239746,18.399999618530273
2007-10-19,14.134191513061523,17.989999771118164
2007-10-22,14.259891510009766,18.149999618530273
2007-10-23,14.326679229736328,18.235000610351562
2007-10-24,14.27953815460205,18.174999237060547
2007-10-25,14.193117141723633,18.065000534057617
2007-10-26,14.358101844787598,18.274999618530273
2007-10-29,14.397383689880371,18.325000762939453
2007-10-30,14.354171752929688,18.270000457763672
2007-10-31,14.397383689880371,18.325000762939453
2007-11-01,14.032051086425781,17.860000610351562
2007-11-02,14.024191856384277,17.850000381469727
2007-11-05,13.83563232421875,17.610000610351562
2007-11-06,13.957409858703613,17.764999389648438
2007-11-07,13.670639991760254,17.399999618530273
2007-11-08,13.631366729736328,17.350000381469727
2007-11-09,13.321016311645508,16.954999923706055
2007-11-12,13.340660095214844,16.979999542236328
2007-11-13,13.70992374420166,17.450000762939453
2007-11-14,13.493866920471191,17.174999237060547
2007-11-15,13.364227294921875,17.010000228881836
2007-11-16,13.36030101776123,17.0049991607666
2007-11-19,13.065673828125,16.6299991607666
2007-11-20,13.077457427978516,16.645000457763672
2007-11-21,12.95175552368164,16.485000610351562
2007-11-23,13.179595947265625,16.774999618530273
2007-11-26,12.837835311889648,16.34000015258789
2007-11-27,13.042108535766602,16.600000381469727
2007-11-28,13.54886531829834,17.2450008392334
2007-11-29,13.415299415588379,17.075000762939453
2007-11-30,13.61171817779541,17.325000762939453
2007-12-03,13.54100227355957,17.235000610351562
2007-12-04,13.497798919677734,17.18000030517578
2007-12-05,13.478154182434082,17.155000686645508
2007-12-06,13.59599781036377,17.30500030517578
2007-12-07,13.70992374420166,17.450000762939453
2007-12-10,13.717782020568848,17.459999084472656
2007-12-11,13.277807235717773,16.899999618530273
2007-12-12,13.321016311645508,16.954999923706055
2007-12-13,13.234591484069824,16.844999313354492
2007-12-14,13.061746597290039,16.625
2007-12-17,12.939970016479492,16.469999313354492
2007-12-18,13.061746597290039,16.625
2007-12-19,12.943894386291504,16.475000381469727
2007-12-20,13.006756782531738,16.55500030517578
2007-12-21,13.032464981079102,16.469999313354492
2007-12-24,13.273808479309082,16.774999618530273
2007-12-26,13.230284690856934,16.719999313354492
2007-12-27,13.044336318969727,16.485000610351562
2007-12-28,12.984990119934082,16.40999984741211
2007-12-31,12.937514305114746,16.350000381469727
2008-01-02,12.739694595336914,16.100000381469727
2008-01-03,12.597257614135742,15.920000076293945
2008-01-04,12.201620101928711,15.420000076293945
2008-01-07,12.24514102935791,15.475000381469727
2008-01-08,12.007749557495117,15.175000190734863
2008-01-09,12.094796180725098,15.28499984741211
2008-01-10,12.264924049377441,15.5
2008-01-11,11.972146987915039,15.130000114440918
2008-01-14,12.086883544921875,15.274999618530273
2008-01-15,11.865323066711426,14.994999885559082
2008-01-16,11.932583808898926,15.079999923706055
2008-01-17,11.734761238098145,14.829999923706055
2008-01-18,11.679372787475586,14.760000228881836
2008-01-22,11.908843040466309,15.050000190734863
2008-01-23,12.344048500061035,15.600000381469727
2008-01-24,12.46670150756836,15.755000114440918
2008-01-25,12.209531784057617,15.430000305175781
2008-01-28,12.411311149597168,15.6850004196167
2008-01-29,12.450870513916016,15.734999656677246
2008-01-30,12.371746063232422,15.635000228881836
2008-01-31,12.89003849029541,16.290000915527344
2008-02-01,13.00477123260498,16.434999465942383
2008-02-04,12.818821907043457,16.200000762939453
2008-02-05,12.458785057067871,15.744999885559082
2008-02-06,12.32426929473877,15.574999809265137
2008-02-07,12.561653137207031,15.875
2008-02-08,12.490434646606445,15.78499984741211
2008-02-11,12.620999336242676,15.949999809265137
2008-02-12,12.644734382629395,15.979999542236328
2008-02-13,12.806949615478516,16.184999465942383
2008-02-14,12.684304237365723,16.030000686645508
2008-02-15,12.751556396484375,16.114999771118164
2008-02-19,12.605175018310547,15.930000305175781
2008-02-20,12.779255867004395,16.149999618530273
2008-02-21,12.474611282348633,15.765000343322754
2008-02-22,12.747611045837402,16.110000610351562
2008-02-25,12.917729377746582,16.325000762939453
2008-02-26,13.044336318969727,16.485000610351562
2008-02-27,13.016645431518555,16.450000762939453
2008-02-28,12.708035469055176,16.059999465942383
2008-02-29,12.391529083251953,15.65999984741211
2008-03-03,12.36383056640625,15.625
2008-03-04,12.344048500061035,15.600000381469727
2008-03-05,12.348005294799805,15.604999542236328
2008-03-06,12.047317504882812,15.225000381469727
2008-03-07,11.932583808898926,15.079999923706055
2008-03-10,11.794103622436523,14.904999732971191
2008-03-11,12.11457633972168,15.3100004196167
2008-03-12,12.047317504882812,15.225000381469727
2008-03-13,12.059186935424805,15.239999771118164
2008-03-14,11.885104179382324,15.020000457763672
2008-03-17,11.726850509643555,14.819999694824219
2008-03-18,12.189745903015137,15.404999732971191
2008-03-19,12.02753734588623,15.199999809265137
2008-03-20,12.380119323730469,15.625
2008-03-24,12.792130470275879,16.145000457763672
2008-03-25,12.689129829406738,16.014999389648438
2008-03-26,12.45142936706543,15.71500015258789
2008-03-27,12.332581520080566,15.5649995803833
2008-03-28,12.09488296508789,15.265000343322754
2008-03-31,12.17015266418457,15.359999656677246
2008-04-01,12.716859817504883,16.049999237060547
2008-04-02,12.716859817504883,16.049999237060547
2008-04-03,12.756477355957031,16.100000381469727
2008-04-04,12.69705581665039,16.024999618530273
2008-04-07,12.649511337280273,15.96500015258789
2008-04-08,12.62177848815918,15.930000305175781
2008-04-09,12.344467163085938,15.579999923706055
2008-04-10,12.475199699401855,15.744999885559082
2008-04-11,12.245423316955566,15.454999923706055
2008-04-14,12.158269882202148,15.345000267028809
2008-04-15,12.14242172241211,15.324999809265137
2008-04-16,12.411815643310547,15.664999961853027
2008-04-17,12.467273712158203,15.734999656677246
2008-04-18,12.704976081848145,16.03499984741211
2008-04-21,12.704976081848145,16.03499984741211
2008-04-22,12.522735595703125,15.805000305175781
2008-04-23,12.518775939941406,15.800000190734863
2008-04-24,12.693089485168457,16.020000457763672
2008-04-25,12.819865226745605,16.18000030517578
2008-04-28,12.80401611328125,16.15999984741211
2008-04-29,12.907021522521973,16.290000915527344
2008-04-30,12.45935344696045,15.725000381469727
2008-05-01,13.176407814025879,16.6299991607666
2008-05-02,13.148677825927734,16.594999313354492
2008-05-05,13.00210189819336,16.40999984741211
2008-05-06,13.057563781738281,16.479999542236328
2008-05-07,12.811938285827637,16.170000076293945
2008-05-08,12.831742286682129,16.19499969482422
2008-05-09,12.756477355957031,16.100000381469727
2008-05-12,13.017946243286133,16.43000030517578
2008-05-13,13.065483093261719,16.489999771118164
2008-05-14,13.212064743041992,16.674999237060547
2008-05-15,13.338836669921875,16.834999084472656
2008-05-16,13.247720718383789,16.719999313354492
2008-05-19,13.251684188842773,16.725000381469727
2008-05-20,13.045676231384277,16.46500015258789
2008-05-21,12.768357276916504,16.114999771118164
2008-05-22,12.712898254394531,16.045000076293945
2008-05-23,12.558390617370605,15.850000381469727
2008-05-27,12.653471946716309,15.970000267028809
2008-05-28,12.653471946716309,15.970000267028809
2008-05-29,12.89909553527832,16.280000686645508
2008-05-30,12.800052642822266,16.155000686645508
2008-06-02,12.673280715942383,15.994999885559082
2008-06-03,12.689129829406738,16.014999389648438
2008-06-04,12.764402389526367,16.110000610351562
2008-06-05,12.930790901184082,16.31999969482422
2008-06-06,12.38408374786377,15.630000114440918
2008-06-09,12.376161575317383,15.619999885559082
2008-06-10,12.423698425292969,15.680000305175781
2008-06-11,12.162229537963867,15.350000381469727
2008-06-12,12.261272430419922,15.475000381469727
2008-06-13,12.566315650939941,15.859999656677246
2008-06-16,12.526700973510742,15.8100004196167
2008-06-17,12.399928092956543,15.649999618530273
2008-06-18,12.126575469970703,15.305000305175781
2008-06-19,12.281082153320312,15.5
2008-06-20,11.920061111450195,14.989999771118164
2008-06-23,11.713308334350586,14.729999542236328
2008-06-24,11.761017799377441,14.789999961853027
2008-06-25,11.848488807678223,14.899999618530273
2008-06-26,11.570173263549805,14.550000190734863
2008-06-27,11.375344276428223,14.305000305175781
2008-06-30,11.323659896850586,14.239999771118164
2008-07-01,11.180526733398438,14.0600004196167
2008-07-02,11.057266235351562,13.904999732971191
2008-07-03,11.152688026428223,14.024999618530273
2008-07-07,11.02546215057373,13.864999771118164
2008-07-08,11.311732292175293,14.225000381469727
2008-07-09,11.07317066192627,13.925000190734863
2008-07-10,10.87834644317627,13.680000305175781
2008-07-11,10.651712417602539,13.395000457763672
2008-07-14,10.596048355102539,13.324999809265137
2008-07-15,10.596048355102539,13.324999809265137
2008-07-16,11.021479606628418,13.859999656677246
2008-07-17,11.07317066192627,13.925000190734863
2008-07-18,11.415104866027832,14.354999542236328
2008-07-21,11.212329864501953,14.100000381469727
2008-07-22,11.510533332824707,14.475000381469727
2008-07-23,11.73318862915039,14.755000114440918
2008-07-24,11.482698440551758,14.4399995803833
2008-07-25,11.303779602050781,14.21500015258789
2008-07-28,11.03738784790039,13.880000114440918
2008-07-29,11.431005477905273,14.375
2008-07-30,11.419082641601562,14.359999656677246
2008-07-31,11.343539237976074,14.265000343322754
2008-08-01,11.232211112976074,14.125
2008-08-04,11.315705299377441,14.229999542236328
2008-08-05,11.82065486907959,14.864999771118164
2008-08-06,11.761017799377441,14.789999961853027
2008-08-07,11.530409812927246,14.5
2008-08-08,12.079094886779785,15.1899995803833
2008-08-11,12.448866844177246,15.654999732971191
2008-08-12,12.285852432250977,15.449999809265137
2008-08-13,12.087051391601562,15.199999809265137
2008-08-14,12.269944190979004,15.430000305175781
2008-08-15,12.413084030151367,15.609999656677246
2008-08-18,12.202357292175293,15.345000267028809
2008-08-19,11.975725173950195,15.0600004196167
2008-08-20,11.828611373901367,14.875
2008-08-21,11.924036979675293,14.994999885559082
2008-08-22,12.202357292175293,15.345000267028809
2008-08-25,11.860417366027832,14.914999961853027
2008-08-26,11.95186710357666,15.029999732971191
2008-08-27,11.987648963928223,15.074999809265137
2008-08-28,12.265973091125488,15.425000190734863
2008-08-29,12.126810073852539,15.25
2008-09-02,12.365370750427246,15.550000190734863
2008-09-03,12.428985595703125,15.630000114440918
2008-09-04,12.015482902526855,15.109999656677246
2008-09-05,12.039340019226074,15.140000343322754
2008-09-08,12.5840482711792,15.824999809265137
2008-09-09,12.345489501953125,15.524999618530273
2008-09-10,12.218259811401367,15.364999771118164
2008-09-11,12.405134201049805,15.600000381469727
2008-09-12,12.405134201049805,15.600000381469727
2008-09-15,11.987648963928223,15.074999809265137
2008-09-16,12.067170143127441,15.175000190734863
2008-09-17,11.59005355834961,14.574999809265137
2008-09-18,11.8882474899292,14.949999809265137
2008-09-19,12.049846649169922,15.100000381469727
2008-09-22,11.555081367492676,14.479999542236328
2008-09-23,11.39149284362793,14.274999618530273
2008-09-24,11.351597785949707,14.225000381469727
2008-09-25,11.555081367492676,14.479999542236328
2008-09-26,11.670795440673828,14.625
2008-09-29,10.892744064331055,13.649999618530273
2008-09-30,11.132143020629883,13.949999809265137
2008-10-01,11.132143020629883,13.949999809265137
2008-10-02,10.72915267944336,13.444999694824219
2008-10-03,10.354089736938477,12.975000381469727
2008-10-06,10.062819480895996,12.609999656677246
2008-10-07,9.416437149047852,11.800000190734863
2008-10-08,9.23289680480957,11.569999694824219
2008-10-09,8.646360397338867,10.835000038146973
2008-10-10,8.82990550994873,11.0649995803833
2008-10-13,9.17703628540039,11.5
2008-10-14,9.23289680480957,11.569999694824219
2008-10-15,8.159575462341309,10.225000381469727
2008-10-16,8.698230743408203,10.899999618530273
2008-10-17,8.873794555664062,11.119999885559082
2008-10-20,8.921673774719238,11.180000305175781
2008-10-21,8.82192325592041,11.055000305175781
2008-10-22,8.219430923461914,10.300000190734863
2008-10-23,8.219430923461914,10.300000190734863
2008-10-24,7.748610496520996,9.710000038146973
2008-10-27,7.632900714874268,9.5649995803833
2008-10-28,8.379035949707031,10.5
2008-10-29,8.550600051879883,10.71500015258789
2008-10-30,8.809953689575195,11.039999961853027
2008-10-31,9.16905403137207,11.489999771118164
2008-11-03,8.90571403503418,11.15999984741211
2008-11-04,9.2568359375,11.600000381469727
2008-11-05,8.746116638183594,10.960000038146973
2008-11-06,8.283272743225098,10.380000114440918
2008-11-07,8.426913261413574,10.5600004196167
2008-11-10,8.231402397155762,10.3149995803833
2008-11-11,7.944121360778809,9.954999923706055
2008-11-12,7.461324214935303,9.350000381469727
2008-11-13,8.043874740600586,10.079999923706055
2008-11-14,7.652851104736328,9.59000015258789
2008-11-17,7.433400630950928,9.3149995803833
2008-11-18,7.397489070892334,9.270000457763672
2008-11-19,6.92268180847168,8.675000190734863
2008-11-20,6.515695095062256,8.164999961853027
2008-11-21,6.9625773429870605,8.725000381469727
2008-11-24,7.509209632873535,9.40999984741211
2008-11-25,7.60496711730957,9.529999732971191
2008-11-26,8.051852226257324,10.09000015258789
2008-11-28,8.175543785095215,10.244999885559082
2008-12-01,7.461324214935303,9.350000381469727
2008-12-02,7.80845832824707,9.78499984741211
2008-12-03,8.087760925292969,10.135000228881836
2008-12-04,8.175543785095215,10.244999885559082
2008-12-05,8.41494369506836,10.545000076293945
2008-12-08,8.730149269104004,10.9399995803833
2008-12-09,8.554590225219727,10.720000267028809
2008-12-10,8.754097938537598,10.970000267028809
2008-12-11,8.383025169372559,10.505000114440918
2008-12-12,8.355094909667969,10.470000267028809
2008-12-15,8.32716178894043,10.4350004196167
2008-12-16,8.770051956176758,10.989999771118164
2008-12-17,8.817934036254883,11.050000190734863
2008-12-18,8.57055377960205,10.739999771118164
2008-12-19,8.535175323486328,10.614999771118164
2008-12-22,8.306015968322754,10.329999923706055
2008-12-23,8.217565536499023,10.220000267028809
2008-12-24,8.277873039245605,10.295000076293945
2008-12-26,8.370339393615723,10.40999984741211
2008-12-29,8.209522247314453,10.210000038146973
2008-12-30,8.51909351348877,10.595000267028809
2008-12-31,8.671866416931152,10.78499984741211
2009-01-02,9.106061935424805,11.324999809265137
2009-01-05,9.065858840942383,11.274999618530273
2009-01-06,9.21863079071045,11.46500015258789
2009-01-07,8.85278034210205,11.010000228881836
2009-01-08,8.905040740966797,11.074999809265137
2009-01-09,8.631664276123047,10.734999656677246
2009-01-12,8.42662239074707,10.479999542236328
2009-01-13,8.318077087402344,10.345000267028809
2009-01-14,7.992427349090576,9.9399995803833
2009-01-15,8.189421653747559,10.1850004196167
2009-01-16,8.285913467407227,10.305000305175781
2009-01-20,7.799455642700195,9.699999809265137
2009-01-21,8.036650657653809,9.994999885559082
2009-01-22,7.936145782470703,9.869999885559082
2009-01-23,7.912023544311523,9.84000015258789
2009-01-26,7.968307018280029,9.90999984741211
2009-01-27,7.94418478012085,9.880000114440918
2009-01-28,8.281892776489258,10.300000190734863
2009-01-29,7.948205947875977,9.885000228881836
2009-01-30,7.751206874847412,9.640000343322754
2009-02-02,7.678842544555664,9.550000190734863
2009-02-03,7.895940780639648,9.819999694824219
2009-02-04,7.723065376281738,9.604999542236328
2009-02-05,7.867796421051025,9.78499984741211
2009-02-06,8.092934608459473,10.0649995803833
2009-02-09,8.06881332397461,10.03499984741211
2009-02-10,7.686882495880127,9.5600004196167
2009-02-11,7.747189521789551,9.635000228881836
2009-02-12,7.759250164031982,9.649999618530273
2009-02-13,7.634618759155273,9.494999885559082
2009-02-17,7.345155715942383,9.135000228881836
2009-02-18,7.296910285949707,9.074999809265137
2009-02-19,7.220521450042725,8.979999542236328
2009-02-20,7.172281265258789,8.920000076293945
2009-02-23,7.011467933654785,8.720000267028809
2009-02-24,7.317013740539551,9.100000381469727
2009-02-25,7.248667240142822,9.015000343322754
2009-02-26,7.09589147567749,8.824999809265137
2009-02-27,7.047647953033447,8.765000343322754
2009-03-02,6.78230619430542,8.4350004196167
2009-03-03,6.730043888092041,8.369999885559082
2009-03-04,6.878792762756348,8.555000305175781
2009-03-05,6.5571699142456055,8.154999732971191
2009-03-06,6.561189651489258,8.15999984741211
2009-03-09,6.476763725280762,8.055000305175781
2009-03-10,6.874777317047119,8.550000190734863
2009-03-11,6.983325481414795,8.6850004196167
2009-03-12,7.24062442779541,9.005000114440918
2009-03-13,7.325053691864014,9.109999656677246
2009-03-16,7.152181148529053,8.895000457763672
2009-03-17,7.497925281524658,9.324999809265137
2009-03-18,7.735126972198486,9.619999885559082
2009-03-19,7.650698184967041,9.515000343322754
2009-03-20,7.497910976409912,9.274999618530273
2009-03-23,8.02741527557373,9.930000305175781
2009-03-24,7.922323703765869,9.800000190734863
2009-03-25,7.978909969329834,9.869999885559082
2009-03-26,8.346733093261719,10.324999809265137
2009-03-27,8.124423027038574,10.050000190734863
2009-03-30,7.881905555725098,9.75
2009-03-31,7.942535400390625,9.824999809265137
2009-04-01,8.088046073913574,10.005000114440918
2009-04-02,8.532665252685547,10.555000305175781
2009-04-03,8.645842552185059,10.694999694824219
2009-04-06,8.524582862854004,10.545000076293945
2009-04-07,8.273974418640137,10.234999656677246
2009-04-08,8.508411407470703,10.524999618530273
2009-04-09,8.856024742126465,10.954999923706055
2009-04-13,8.860066413879395,10.960000038146973
2009-04-14,8.662004470825195,10.71500015258789
2009-04-15,8.690301895141602,10.75
2009-04-16,8.993449211120605,11.125
2009-04-17,9.102590560913086,11.260000228881836
2009-04-20,8.754976272583008,10.829999923706055
2009-04-21,8.900489807128906,11.010000228881836
2009-04-22,8.98941421508789,11.119999885559082
2009-04-23,8.98941421508789,11.119999885559082
2009-04-24,9.211723327636719,11.395000457763672
2009-04-27,9.090459823608398,11.244999885559082
2009-04-28,9.090459823608398,11.244999885559082
2009-04-29,9.256182670593262,11.449999809265137
2009-04-30,9.413820266723633,11.645000457763672
2009-05-01,9.369361877441406,11.59000015258789
2009-05-04,9.672511100769043,11.96500015258789
2009-05-05,9.668466567993164,11.960000038146973
2009-05-06,9.769514083862305,12.085000038146973
2009-05-07,9.555294036865234,11.819999694824219
2009-05-08,9.696762084960938,11.994999885559082
2009-05-11,9.526994705200195,11.78499984741211
2009-05-12,9.324894905090332,11.53499984741211
2009-05-13,8.997493743896484,11.130000114440918
2009-05-14,9.009620666503906,11.145000457763672
2009-05-15,8.9449462890625,11.0649995803833
2009-05-18,9.385528564453125,11.609999656677246
2009-05-19,9.349148750305176,11.5649995803833
2009-05-20,9.248100280761719,11.4399995803833
2009-05-21,9.029829025268555,11.170000076293945
2009-05-22,9.126840591430664,11.289999961853027
2009-05-26,9.434032440185547,11.670000076293945
2009-05-27,9.227887153625488,11.414999961853027
2009-05-28,9.191513061523438,11.369999885559082
2009-05-29,9.345108985900879,11.5600004196167
2009-06-01,9.793770790100098,12.114999771118164
2009-06-02,9.874611854553223,12.21500015258789
2009-06-03,9.74526596069336,12.055000305175781
2009-06-04,9.765473365783691,12.079999923706055
2009-06-05,9.704846382141113,12.005000114440918
2009-06-08,9.793770790100098,12.114999771118164
2009-06-09,9.850357055664062,12.1850004196167
2009-06-10,9.704846382141113,12.005000114440918
2009-06-11,9.656340599060059,11.944999694824219
2009-06-12,9.64421272277832,11.930000305175781
2009-06-15,9.450194358825684,11.6899995803833
2009-06-16,9.211723327636719,11.395000457763672
2009-06-17,9.341060638427734,11.555000305175781
2009-06-18,9.312768936157227,11.520000457763672
2009-06-19,9.389084815979004,11.5649995803833
2009-06-22,9.108997344970703,11.220000267028809
2009-06-23,9.015630722045898,11.104999542236328
2009-06-24,9.068400382995605,11.170000076293945
2009-06-25,9.385026931762695,11.5600004196167
2009-06-26,9.320075988769531,11.479999542236328
2009-06-29,9.437797546386719,11.625
2009-06-30,9.36878776550293,11.539999961853027
2009-07-01,9.429677963256836,11.614999771118164
2009-07-02,9.048107147216797,11.145000457763672
2009-07-06,9.092756271362305,11.199999809265137
2009-07-07,8.849198341369629,10.899999618530273
2009-07-08,8.92226505279541,10.989999771118164
2009-07-09,8.987217903137207,11.069999694824219
2009-07-10,8.970979690551758,11.050000190734863
2009-07-13,9.117114067077637,11.229999542236328
2009-07-14,9.259190559387207,11.404999732971191
2009-07-15,9.514923095703125,11.720000267028809
2009-07-16,9.632638931274414,11.864999771118164
2009-07-17,9.648876190185547,11.885000228881836
2009-07-20,9.851844787597656,12.135000228881836
2009-07-21,9.851844787597656,12.135000228881836
2009-07-22,9.920848846435547,12.220000267028809
2009-07-23,10.152228355407715,12.505000114440918
2009-07-24,10.1441068649292,12.494999885559082
2009-07-27,10.18470287322998,12.545000076293945
2009-07-28,10.152228355407715,12.505000114440918
2009-07-29,10.099456787109375,12.4399995803833
2009-07-30,10.257766723632812,12.635000228881836
2009-07-31,10.257766723632812,12.635000228881836
2009-08-03,10.468850135803223,12.895000457763672
2009-08-04,10.513503074645996,12.949999809265137
2009-08-05,10.424196243286133,12.84000015258789
2009-08-06,10.416080474853516,12.829999923706055
2009-08-07,10.757057189941406,13.25
2009-08-10,10.659635543823242,13.130000114440918
2009-08-11,10.545974731445312,12.989999771118164
2009-08-12,10.6231050491333,13.085000038146973
2009-08-13,10.651516914367676,13.119999885559082
2009-08-14,10.505382537841797,12.9399995803833
2009-08-17,10.172521591186523,12.529999732971191
2009-08-18,10.286187171936035,12.670000076293945
2009-08-19,10.39172077178955,12.800000190734863
2009-08-20,10.468850135803223,12.895000457763672
2009-08-21,10.683990478515625,13.15999984741211
2009-08-24,10.606864929199219,13.0649995803833
2009-08-25,10.716465950012207,13.199999809265137
2009-08-26,10.777352333068848,13.274999618530273
2009-08-27,10.797649383544922,13.300000190734863
2009-08-28,10.801708221435547,13.305000305175781
2009-08-31,10.619043350219727,13.079999923706055
2009-09-01,10.428254127502441,12.845000267028809
2009-09-02,10.37548542022705,12.779999732971191
2009-09-03,10.485086441040039,12.914999961853027
2009-09-04,10.675872802734375,13.149999618530273
2009-09-08,10.769235610961914,13.265000343322754
2009-09-09,10.882899284362793,13.404999732971191
2009-09-10,11.029030799865723,13.585000038146973
2009-09-11,10.992491722106934,13.539999961853027
2009-09-14,11.029030799865723,13.585000038146973
2009-09-15,11.08180046081543,13.649999618530273
2009-09-16,11.29288101196289,13.90999984741211
2009-09-17,11.280706405639648,13.895000457763672
2009-09-18,11.321422576904297,13.899999618530273
2009-09-21,11.276628494262695,13.845000267028809
2009-09-22,11.321422576904297,13.899999618530273
2009-09-23,11.158526420593262,13.699999809265137
2009-09-24,11.05264663696289,13.569999694824219
2009-09-25,10.9874849319458,13.489999771118164
2009-09-28,11.195181846618652,13.744999885559082
2009-09-29,11.248125076293945,13.8100004196167
2009-09-30,11.187037467956543,13.734999656677246
2009-10-01,10.942688941955566,13.4350004196167
2009-10-02,10.804227828979492,13.265000343322754
2009-10-05,10.971196174621582,13.470000267028809
2009-10-06,11.138169288635254,13.675000190734863
2009-10-07,11.14631175994873,13.6850004196167
2009-10-08,11.3255033493042,13.904999732971191
2009-10-09,11.321422576904297,13.899999618530273
2009-10-12,11.378443717956543,13.970000267028809
2009-10-13,11.398799896240234,13.994999885559082
2009-10-14,11.541342735290527,14.170000076293945
2009-10-15,11.55762767791748,14.1899995803833
2009-10-16,11.537263870239258,14.164999961853027
2009-10-19,11.667583465576172,14.324999809265137
2009-10-20,11.549487113952637,14.180000305175781
2009-10-21,11.398799896240234,13.994999885559082
2009-10-22,11.549487113952637,14.180000305175781
2009-10-23,11.504687309265137,14.125
2009-10-26,11.435455322265625,14.039999961853027
2009-10-27,11.239978790283203,13.800000190734863
2009-10-28,10.922327041625977,13.40999984741211
2009-10-29,11.215542793273926,13.770000457763672
2009-10-30,10.922327041625977,13.40999984741211
2009-11-02,11.028210639953613,13.539999961853027
2009-11-03,11.036354064941406,13.550000190734863
2009-11-04,11.040427207946777,13.555000305175781
2009-11-05,11.341788291931152,13.925000190734863
2009-11-06,11.443602561950684,14.050000190734863
2009-11-09,11.692018508911133,14.354999542236328
2009-11-10,11.732748985290527,14.404999732971191
2009-11-11,11.744961738586426,14.420000076293945
2009-11-12,11.614642143249512,14.260000228881836
2009-11-13,11.81826400756836,14.510000228881836
2009-11-16,12.009672164916992,14.744999885559082
2009-11-17,11.91193675994873,14.625
2009-11-18,11.879359245300293,14.585000038146973
2009-11-19,11.744961738586426,14.420000076293945
2009-11-20,11.683873176574707,14.345000267028809
2009-11-23,11.785688400268555,14.470000267028809
2009-11-24,11.77347183227539,14.454999923706055
2009-11-25,11.88749885559082,14.595000267028809
2009-11-27,11.655367851257324,14.3100004196167
2009-11-30,11.655367851257324,14.3100004196167
2009-12-01,11.838630676269531,14.53499984741211
2009-12-02,11.875279426574707,14.579999923706055
2009-12-03,11.793834686279297,14.479999542236328
2009-12-04,11.871210098266602,14.574999809265137
2009-12-07,11.907858848571777,14.619999885559082
2009-12-08,11.81826400756836,14.510000228881836
2009-12-09,11.81826400756836,14.510000228881836
2009-12-10,12.00152587890625,14.734999656677246
2009-12-11,12.119630813598633,14.880000114440918
2009-12-14,12.21329402923584,14.994999885559082
2009-12-15,12.197004318237305,14.975000381469727
2009-12-16,12.209223747253418,14.989999771118164
2009-12-17,12.062616348266602,14.8100004196167
2009-12-18,12.124443054199219,14.805000305175781
2009-12-21,12.280045509338379,14.994999885559082
2009-12-22,12.271857261657715,14.984999656677246
2009-12-23,12.349652290344238,15.079999923706055
2009-12-24,12.357843399047852,15.09000015258789
2009-12-28,12.349652290344238,15.079999923706055
2009-12-29,12.390603065490723,15.130000114440918
2009-12-30,12.304611206054688,15.024999618530273
2009-12-31,12.189964294433594,14.885000228881836
2010-01-04,12.284139633178711,15.0
2010-01-05,12.329181671142578,15.055000305175781
2010-01-06,12.345561027526855,15.074999809265137
2010-01-07,12.447928428649902,15.199999809265137
2010-01-08,12.44383430480957,15.194999694824219
2010-01-11,12.419267654418945,15.164999961853027
2010-01-12,12.25956916809082,14.970000267028809
2010-01-13,12.398792266845703,15.140000343322754
2010-01-14,12.398792266845703,15.140000343322754
2010-01-15,12.275949478149414,14.989999771118164
2010-01-19,12.439737319946289,15.1899995803833
2010-01-20,12.271857261657715,14.984999656677246
2010-01-21,12.116256713867188,14.795000076293945
2010-01-22,11.882859230041504,14.510000228881836
2010-01-25,11.944280624389648,14.585000038146973
2010-01-26,11.96065902709961,14.604999542236328
2010-01-27,11.981132507324219,14.630000114440918
2010-01-28,11.911520957946777,14.545000076293945
2010-01-29,11.837821006774902,14.454999923706055
2010-02-01,11.989319801330566,14.640000343322754
2010-02-02,12.157203674316406,14.845000267028809
2010-02-03,12.16539192199707,14.854999542236328
2010-02-04,11.813248634338379,14.425000190734863
2010-02-05,11.780489921569824,14.385000228881836
2010-02-08,11.70678424835205,14.295000076293945
2010-02-09,11.886950492858887,14.515000343322754
2010-02-10,11.837821006774902,14.454999923706055
2010-02-11,11.977034568786621,14.625
2010-02-12,11.977034568786621,14.625
2010-02-16,12.169490814208984,14.859999656677246
2010-02-17,12.267762184143066,14.979999542236328
2010-02-18,12.345561027526855,15.074999809265137
2010-02-19,12.37421989440918,15.109999656677246
2010-02-22,12.370126724243164,15.104999542236328
2010-02-23,12.296420097351074,15.015000343322754
2010-02-24,12.4561185836792,15.210000038146973
2010-02-25,12.476588249206543,15.234999656677246
2010-02-26,12.497061729431152,15.260000228881836
2010-03-01,12.693613052368164,15.5
2010-03-02,12.628097534179688,15.420000076293945
2010-03-03,12.664948463439941,15.46500015258789
2010-03-04,12.779603004455566,15.604999542236328
2010-03-05,13.017094612121582,15.895000457763672
2010-03-08,13.049848556518555,15.9350004196167
2010-03-09,13.029377937316895,15.90999984741211
2010-03-10,13.058040618896484,15.944999694824219
2010-03-11,13.152215957641602,16.059999465942383
2010-03-12,13.189067840576172,16.104999542236328
2010-03-15,13.172694206237793,16.084999084472656
2010-03-16,13.270963668823242,16.204999923706055
2010-03-17,13.336477279663086,16.28499984741211
2010-03-18,13.332385063171387,16.280000686645508
2010-03-19,13.292181968688965,16.200000762939453
2010-03-22,13.43166732788086,16.3700008392334
2010-03-23,13.485001564025879,16.434999465942383
2010-03-24,13.43166732788086,16.3700008392334
2010-03-25,13.509613037109375,16.46500015258789
2010-03-26,13.56295108795166,16.530000686645508
2010-03-29,13.583460807800293,16.55500030517578
2010-03-30,13.571150779724121,16.540000915527344
2010-03-31,13.472688674926758,16.420000076293945
2010-04-01,13.56705379486084,16.53499984741211
2010-04-05,13.731151580810547,16.735000610351562
2010-04-06,13.751665115356445,16.760000228881836
2010-04-07,13.702431678771973,16.700000762939453
2010-04-08,13.833718299865723,16.860000610351562
2010-04-09,13.936280250549316,16.985000610351562
2010-04-12,13.936280250549316,16.985000610351562
2010-04-13,14.010124206542969,17.075000762939453
2010-04-14,14.227560043334961,17.34000015258789
2010-04-15,14.289097785949707,17.415000915527344
2010-04-16,14.10037899017334,17.184999465942383
2010-04-19,14.124990463256836,17.21500015258789
2010-04-20,14.297303199768066,17.424999237060547
2010-04-21,14.362940788269043,17.5049991607666
2010-04-22,14.621397018432617,17.81999969482422
2010-04-23,14.633709907531738,17.834999084472656
2010-04-26,14.748576164245605,17.975000381469727
2010-04-27,14.321913719177246,17.454999923706055
2010-04-28,14.272683143615723,17.395000457763672
2010-04-29,14.588576316833496,17.780000686645508
2010-04-30,14.284992218017578,17.40999984741211
2010-05-03,14.572168350219727,17.760000228881836
2010-05-04,14.145506858825684,17.239999771118164
2010-05-05,13.944483757019043,16.9950008392334
2010-05-06,13.448081970214844,16.389999389648438
2010-05-07,13.201926231384277,16.09000015258789
2010-05-10,13.891152381896973,16.93000030517578
2010-05-11,13.887045860290527,16.924999237060547
2010-05-12,14.088071823120117,17.170000076293945
2010-05-13,13.772174835205078,16.78499984741211
2010-05-14,13.54243278503418,16.5049991607666
2010-05-17,13.644994735717773,16.6299991607666
2010-05-18,13.390643119812012,16.31999969482422
2010-05-19,13.308591842651367,16.219999313354492
2010-05-20,12.791671752929688,15.59000015258789
2010-05-21,13.017313003540039,15.864999771118164
2010-05-24,12.927056312561035,15.755000114440918
2010-05-25,13.058337211608887,15.914999961853027
2010-05-26,13.017313003540039,15.864999771118164
2010-05-27,13.485001564025879,16.434999465942383
2010-05-28,13.279871940612793,16.184999465942383
2010-06-01,13.078848838806152,15.9399995803833
2010-06-02,13.407055854797363,16.34000015258789
2010-06-03,13.452177047729492,16.395000457763672
2010-06-04,12.931157112121582,15.760000228881836
2010-06-07,12.68500804901123,15.460000038146973
2010-06-08,12.791671752929688,15.59000015258789
2010-06-09,12.808083534240723,15.609999656677246
2010-06-10,13.242948532104492,16.139999389648438
2010-06-11,13.230645179748535,16.125
2010-06-14,13.267566680908203,16.170000076293945
2010-06-15,13.583460807800293,16.55500030517578
2010-06-16,13.489103317260742,16.440000534057617
2010-06-17,13.407055854797363,16.34000015258789
2010-06-18,13.363837242126465,16.235000610351562
2010-06-21,13.256830215454102,16.104999542236328
2010-06-22,12.960492134094238,15.744999885559082
2010-06-23,12.952259063720703,15.734999656677246
2010-06-24,12.643580436706543,15.359999656677246
2010-06-25,12.680619239807129,15.404999732971191
2010-06-28,12.58596134185791,15.289999961853027
2010-06-29,12.137343406677246,14.744999885559082
2010-06-30,11.989177703857422,14.5649995803833
2010-07-01,12.087955474853516,14.6850004196167
2010-07-02,11.952136039733887,14.520000457763672
2010-07-06,11.952136039733887,14.520000457763672
2010-07-07,12.289628982543945,14.930000305175781
2010-07-08,12.396636962890625,15.0600004196167
2010-07-09,12.51599407196045,15.204999923706055
2010-07-12,12.532454490661621,15.225000381469727
2010-07-13,12.84525203704834,15.604999542236328
2010-07-14,12.762932777404785,15.505000114440918
2010-07-15,12.804094314575195,15.555000305175781
2010-07-16,12.35548210144043,15.010000228881836
2010-07-19,12.474836349487305,15.154999732971191
2010-07-20,12.651810646057129,15.369999885559082
2010-07-21,12.425444602966309,15.095000267028809
2010-07-22,12.799978256225586,15.550000190734863
2010-07-23,12.985186576843262,15.774999618530273
2010-07-26,13.178628921508789,16.010000228881836
2010-07-27,13.009876251220703,15.805000305175781
2010-07-28,12.91933536529541,15.694999694824219
2010-07-29,12.853482246398926,15.614999771118164
2010-07-30,12.93991470336914,15.720000267028809
2010-08-02,13.215670585632324,16.05500030517578
2010-08-03,13.013995170593262,15.8100004196167
2010-08-04,13.232133865356445,16.075000762939453
2010-08-05,13.27328872680664,16.125
2010-08-06,13.182744979858398,16.014999389648438
2010-08-09,13.310330390930176,16.170000076293945
2010-08-10,13.195087432861328,16.030000686645508
2010-08-11,12.849369049072266,15.609999656677246
2010-08-12,12.799978256225586,15.550000190734863
2010-08-13,12.655929565429688,15.375
2010-08-16,12.651810646057129,15.369999885559082
2010-08-17,12.857599258422852,15.619999885559082
2010-08-18,12.976953506469727,15.765000343322754
2010-08-19,12.725895881652832,15.460000038146973
2010-08-20,12.717663764953613,15.449999809265137
2010-08-23,12.602422714233398,15.3100004196167
2010-08-24,12.38840103149414,15.050000190734863
2010-08-25,12.51599407196045,15.204999923706055
2010-08-26,12.429566383361816,15.100000381469727
2010-08-27,12.631235122680664,15.345000267028809
2010-08-30,12.408985137939453,15.074999809265137
2010-08-31,12.425444602966309,15.095000267028809
2010-09-01,12.853482246398926,15.614999771118164
2010-09-02,13.09219741821289,15.904999732971191
2010-09-03,13.285637855529785,16.139999389648438
2010-09-07,13.071619033813477,15.880000114440918
2010-09-08,13.166278839111328,15.994999885559082
2010-09-09,13.178628921508789,16.010000228881836
2010-09-10,13.289755821228027,16.145000457763672
2010-09-13,13.450270652770996,16.34000015258789
2010-09-14,13.462613105773926,16.354999542236328
2010-09-15,13.487309455871582,16.385000228881836
2010-09-16,13.487309455871582,16.385000228881836
2010-09-17,13.522405624389648,16.375
2010-09-20,13.7825288772583,16.690000534057617
2010-09-21,13.724722862243652,16.6200008392334
2010-09-22,13.63388729095459,16.510000228881836
2010-09-23,13.563693046569824,16.424999237060547
2010-09-24,13.91466236114502,16.850000381469727
2010-09-27,13.823820114135742,16.739999771118164
2010-09-28,13.93117618560791,16.8700008392334
2010-09-29,13.832076072692871,16.75
2010-09-30,13.79491901397705,16.704999923706055
2010-10-01,13.81143569946289,16.725000381469727
2010-10-04,13.7825288772583,16.690000534057617
2010-10-05,14.071561813354492,17.040000915527344
2010-10-06,13.976587295532227,16.924999237060547
2010-10-07,14.042655944824219,17.0049991607666
2010-10-08,14.18716812133789,17.18000030517578
2010-10-11,14.191299438476562,17.184999465942383
2010-10-12,14.224329948425293,17.225000381469727
2010-10-13,14.244976997375488,17.25
2010-10-14,14.228460311889648,17.229999542236328
2010-10-15,14.331681251525879,17.354999542236328
2010-10-18,14.352333068847656,17.3799991607666
2010-10-19,14.092207908630371,17.065000534057617
2010-10-20,14.273879051208496,17.28499984741211
2010-10-21,14.356459617614746,17.385000228881836
2010-10-22,14.434910774230957,17.479999542236328
2010-10-25,14.525752067565918,17.59000015258789
2010-10-26,14.587682723999023,17.665000915527344
2010-10-27,14.496844291687012,17.55500030517578
2010-10-28,14.562910079956055,17.635000228881836
2010-10-29,14.558777809143066,17.6299991607666
2010-11-01,14.529876708984375,17.594999313354492
2010-11-02,14.695034980773926,17.795000076293945
2010-11-03,14.769357681274414,17.885000228881836
2010-11-04,15.000579833984375,18.165000915527344
2010-11-05,15.074902534484863,18.2549991607666
2010-11-08,15.050127029418945,18.225000381469727
2010-11-09,14.91386604309082,18.059999465942383
2010-11-10,15.045998573303223,18.219999313354492
2010-11-11,15.025359153747559,18.19499969482422
2010-11-12,14.868453025817871,18.0049991607666
2010-11-15,14.839547157287598,17.969999313354492
2010-11-16,14.637228965759277,17.725000381469727
2010-11-17,14.765230178833008,17.8799991607666
2010-11-18,14.89322566986084,18.03499984741211
2010-11-19,14.963418960571289,18.1200008392334
2010-11-22,15.033608436584473,18.204999923706055
2010-11-23,14.81064510345459,17.934999465942383
2010-11-24,15.116186141967773,18.30500030517578
2010-11-26,14.992328643798828,18.155000686645508
2010-11-29,14.959285736083984,18.114999771118164
2010-11-30,14.926259994506836,18.075000762939453
2010-12-01,15.244187355041504,18.459999084472656
2010-12-02,15.442378997802734,18.700000762939453
2010-12-03,15.450642585754395,18.709999084472656
2010-12-06,15.467156410217285,18.729999542236328
2010-12-07,15.47541332244873,18.739999771118164
2010-12-08,15.434123992919922,18.690000534057617
2010-12-09,15.454753875732422,18.71500015258789
2010-12-10,15.508444786071777,18.780000686645508
2010-12-13,15.434123992919922,18.690000534057617
2010-12-14,15.429994583129883,18.684999465942383
2010-12-15,15.380449295043945,18.625
2010-12-16,15.491928100585938,18.760000228881836
2010-12-17,15.516854286193848,18.68000030517578
2010-12-20,15.608211517333984,18.790000915527344
2010-12-21,15.674673080444336,18.8700008392334
2010-12-22,15.69544506072998,18.895000457763672
2010-12-23,15.628995895385742,18.815000534057617
2010-12-27,15.583301544189453,18.760000228881836
2010-12-28,15.55007266998291,18.719999313354492
2010-12-29,15.599922180175781,18.780000686645508
2010-12-30,15.570841789245605,18.7450008392334
2010-12-31,15.537618637084961,18.704999923706055
2011-01-03,15.72036075592041,18.924999237060547
2011-01-04,15.633147239685059,18.81999969482422
2011-01-05,15.761894226074219,18.975000381469727
2011-01-06,15.66636848449707,18.860000610351562
2011-01-07,15.658065795898438,18.850000381469727
2011-01-10,15.645606994628906,18.834999084472656
2011-01-11,15.641450881958008,18.829999923706055
2011-01-12,15.678828239440918,18.875
2011-01-13,15.653911590576172,18.844999313354492
2011-01-14,15.749434471130371,18.959999084472656
2011-01-18,15.795120239257812,19.014999389648438
2011-01-19,15.637299537658691,18.825000762939453
2011-01-20,15.670523643493652,18.864999771118164
2011-01-21,15.707901954650879,18.90999984741211
2011-01-24,15.770196914672852,18.985000610351562
2011-01-25,15.778512001037598,18.9950008392334
2011-01-26,15.803426742553711,19.024999618530273
2011-01-27,15.928030967712402,19.174999237060547
2011-01-28,15.408859252929688,18.549999237060547
2011-01-31,15.442095756530762,18.59000015258789
2011-02-01,15.624835014343262,18.809999465942383
2011-02-02,15.579143524169922,18.7549991607666
2011-02-03,15.761894226074219,18.975000381469727
2011-02-04,15.869887351989746,19.104999542236328
2011-02-07,15.952947616577148,19.204999923706055
2011-02-08,16.143999099731445,19.434999465942383
2011-02-09,16.25198745727539,19.565000534057617
2011-02-10,16.272747039794922,19.59000015258789
2011-02-11,16.438886642456055,19.790000915527344
2011-02-14,16.372432708740234,19.709999084472656
2011-02-15,16.39320182800293,19.735000610351562
2011-02-16,16.526107788085938,19.895000457763672
2011-02-17,16.53026008605957,19.899999618530273
2011-02-18,16.617477416992188,20.0049991607666
2011-02-22,16.218753814697266,19.524999618530273
2011-02-23,15.982016563415527,19.239999771118164
2011-02-24,16.077550888061523,19.354999542236328
2011-02-25,16.243675231933594,19.55500030517578
2011-02-28,16.3682804107666,19.704999923706055
2011-03-01,16.056785583496094,19.329999923706055
2011-03-02,16.11907958984375,19.405000686645508
2011-03-03,16.40566062927246,19.75
2011-03-04,16.28520965576172,19.604999542236328
2011-03-07,16.123239517211914,19.40999984741211
2011-03-08,16.25198745727539,19.565000534057617
2011-03-09,16.289365768432617,19.610000610351562
2011-03-10,16.102466583251953,19.385000228881836
2011-03-11,16.202150344848633,19.5049991607666
2011-03-14,16.002792358398438,19.264999389648438
2011-03-15,15.869887351989746,19.104999542236328
2011-03-16,15.599922180175781,18.780000686645508
2011-03-17,15.670523643493652,18.864999771118164
2011-03-18,15.660517692565918,18.790000915527344
2011-03-21,15.902222633361816,19.079999923706055
2011-03-22,15.777198791503906,18.93000030517578
2011-03-23,15.914719581604004,19.094999313354492
2011-03-24,16.148086547851562,19.375
2011-03-25,16.177257537841797,19.40999984741211
2011-03-28,16.01057243347168,19.209999084472656
2011-03-29,16.156421661376953,19.385000228881836
2011-03-30,16.331443786621094,19.594999313354492
2011-03-31,16.273103713989258,19.524999618530273
2011-04-01,16.377286911010742,19.649999618530273
2011-04-04,16.414796829223633,19.69499969482422
2011-04-05,16.46896743774414,19.760000228881836
2011-04-06,16.439804077148438,19.725000381469727
2011-04-07,16.373125076293945,19.645000457763672
2011-04-08,16.27726936340332,19.530000686645508
2011-04-11,16.281442642211914,19.53499984741211
2011-04-12,16.260608673095703,19.510000228881836
2011-04-13,16.314775466918945,19.575000762939453
2011-04-14,16.27726936340332,19.530000686645508
2011-04-15,16.356449127197266,19.625
2011-04-18,16.210596084594727,19.450000762939453
2011-04-19,16.24810218811035,19.4950008392334
2011-04-20,16.539813995361328,19.844999313354492
2011-04-21,16.631488800048828,19.954999923706055
2011-04-25,16.61482048034668,19.934999465942383
2011-04-26,16.64398765563965,19.969999313354492
2011-04-27,16.844013214111328,20.209999084472656
2011-04-28,16.91069221496582,20.290000915527344
2011-04-29,16.898193359375,20.274999618530273
2011-05-02,16.9565372467041,20.344999313354492
2011-05-03,16.860685348510742,20.229999542236328
2011-05-04,16.823183059692383,20.184999465942383
2011-05-05,16.777345657348633,20.1299991607666
2011-05-06,16.789846420288086,20.145000457763672
2011-05-09,16.81067657470703,20.170000076293945
2011-05-10,17.027376174926758,20.43000030517578
2011-05-11,16.864849090576172,20.235000610351562
2011-05-12,17.031545639038086,20.434999465942383
2011-05-13,16.902362823486328,20.280000686645508
2011-05-16,16.677330017089844,20.010000228881836
2011-05-17,16.694000244140625,20.030000686645508
2011-05-18,16.889862060546875,20.264999389648438
2011-05-19,16.944026947021484,20.329999923706055
2011-05-20,16.781511306762695,20.135000228881836
2011-05-23,16.623151779174805,19.94499969482422
2011-05-24,16.539813995361328,19.844999313354492
2011-05-25,16.543973922729492,19.850000381469727
2011-05-26,16.694000244140625,20.030000686645508
2011-05-27,16.735666275024414,20.079999923706055
2011-05-31,16.852354049682617,20.219999313354492
2011-06-01,16.46896743774414,19.760000228881836
2011-06-02,16.431459426879883,19.71500015258789
2011-06-03,16.218929290771484,19.459999084472656
2011-06-06,16.048076629638672,19.2549991607666
2011-06-07,16.064743041992188,19.274999618530273
2011-06-08,15.939727783203125,19.125
2011-06-09,16.07307243347168,19.28499984741211
2011-06-10,15.777198791503906,18.93000030517578
2011-06-13,15.756364822387695,18.905000686645508
2011-06-14,16.03557014465332,19.239999771118164
2011-06-15,15.789704322814941,18.94499969482422
2011-06-16,15.752208709716797,18.899999618530273
2011-06-17,15.870550155639648,18.975000381469727
2011-06-20,16.00019073486328,19.1299991607666
2011-06-21,16.326379776000977,19.520000457763672
2011-06-22,16.200925827026367,19.3700008392334
2011-06-23,16.259469985961914,19.440000534057617
2011-06-24,16.10055923461914,19.25
2011-06-27,16.29711151123047,19.485000610351562
2011-06-28,16.60657501220703,19.854999542236328
2011-06-29,16.681848526000977,19.94499969482422
2011-06-30,16.815673828125,20.104999542236328
2011-07-01,17.154407501220703,20.510000228881836
2011-07-05,17.229692459106445,20.600000381469727
2011-07-06,17.16696548461914,20.524999618530273
2011-07-07,17.405324935913086,20.809999465942383
2011-07-08,17.3007755279541,20.684999465942383
2011-07-11,16.96622657775879,20.28499984741211
2011-07-12,16.882579803466797,20.184999465942383
2011-07-13,16.97040557861328,20.290000915527344
2011-07-14,16.840761184692383,20.135000228881836
2011-07-15,16.8491268157959,20.145000457763672
2011-07-18,16.686037063598633,19.950000762939453
2011-07-19,17.008041381835938,20.334999084472656
2011-07-20,16.92021369934082,20.229999542236328
2011-07-21,17.116769790649414,20.46500015258789
2011-07-22,17.183685302734375,20.545000076293945
2011-07-25,17.07076072692871,20.40999984741211
2011-07-26,17.041488647460938,20.375
2011-07-27,16.744585037231445,20.020000457763672
2011-07-28,16.660940170288086,19.920000076293945
2011-07-29,16.58147621154785,19.825000762939453
2011-08-01,16.493661880493164,19.719999313354492
2011-08-02,15.870550155639648,18.975000381469727
2011-08-03,15.987645149230957,19.114999771118164
2011-08-04,15.20980167388916,18.184999465942383
2011-08-05,15.197257995605469,18.170000076293945
2011-08-08,14.243766784667969,17.030000686645508
2011-08-09,14.904512405395508,17.81999969482422
2011-08-10,14.268860816955566,17.059999465942383
2011-08-11,14.900334358215332,17.815000534057617
2011-08-12,15.084343910217285,18.03499984741211
2011-08-15,15.305983543395996,18.299999237060547
2011-08-16,15.222338676452637,18.200000762939453
2011-08-17,15.201428413391113,18.174999237060547
2011-08-18,14.448681831359863,17.274999618530273
2011-08-19,14.239583015441895,17.024999618530273
2011-08-22,14.281402587890625,17.075000762939453
2011-08-23,14.833428382873535,17.735000610351562
2011-08-24,15.096880912780762,18.049999237060547
2011-08-25,14.795783996582031,17.690000534057617
2011-08-26,15.105250358581543,18.059999465942383
2011-08-29,15.544355392456055,18.584999084472656
2011-08-30,15.61545467376709,18.670000076293945
2011-08-31,15.711630821228027,18.78499984741211
2011-09-01,15.519257545471191,18.55500030517578
2011-09-02,15.080158233642578,18.030000686645508
2011-09-06,15.034157752990723,17.975000381469727
2011-09-07,15.423075675964355,18.440000534057617
2011-09-08,15.213982582092285,18.190000534057617
2011-09-09,14.812517166137695,17.709999084472656
2011-09-12,14.988155364990234,17.920000076293945
2011-09-13,15.163799285888672,18.1299991607666
2011-09-14,15.414708137512207,18.43000030517578
2011-09-15,15.674003601074219,18.739999771118164
2011-09-16,15.849401473999023,18.885000228881836
2011-09-19,15.82003402709961,18.850000381469727
2011-09-20,15.736100196838379,18.75
2011-09-21,15.228347778320312,18.145000457763672
2011-09-22,14.770954132080078,17.600000381469727
2011-09-23,14.99336051940918,17.864999771118164
2011-09-26,15.345841407775879,18.28499984741211
2011-09-27,15.450754165649414,18.40999984741211
2011-09-28,15.18638801574707,18.094999313354492
2011-09-29,15.060498237609863,17.94499969482422
2011-09-30,14.62828540802002,17.43000030517578
2011-10-03,14.2002534866333,16.920000076293945
2011-10-04,14.649259567260742,17.454999923706055
2011-10-05,14.91782283782959,17.774999618530273
2011-10-06,15.266117095947266,18.190000534057617
2011-10-07,15.253522872924805,18.174999237060547
2011-10-10,15.769670486450195,18.790000915527344
2011-10-11,15.836812973022461,18.8700008392334
2011-10-12,15.979484558105469,19.040000915527344
2011-10-13,15.966896057128906,19.024999618530273
2011-10-14,16.22706413269043,19.334999084472656
2011-10-17,15.895559310913086,18.940000534057617
2011-10-18,16.218677520751953,19.325000762939453
2011-10-19,15.975296974182129,19.03499984741211
2011-10-20,16.05501937866211,19.1299991607666
2011-10-21,16.49983787536621,19.65999984741211
2011-10-24,16.743213653564453,19.950000762939453
2011-10-25,16.378135681152344,19.514999389648438
2011-10-26,16.3151912689209,19.440000534057617
2011-10-27,16.760000228881836,19.969999313354492
2011-10-28,16.62990951538086,19.815000534057617
2011-10-31,16.37393569946289,19.510000228881836
2011-11-01,16.02145004272461,19.09000015258789
2011-11-02,16.185100555419922,19.28499984741211
2011-11-03,16.39491844177246,19.53499984741211
2011-11-04,16.33197021484375,19.459999084472656
2011-11-07,16.4368839263916,19.584999084472656
2011-11-08,16.596343994140625,19.774999618530273
2011-11-09,16.004661560058594,19.06999969482422
2011-11-10,16.155731201171875,19.25
2011-11-11,16.562772750854492,19.735000610351562
2011-11-14,16.44108009338379,19.59000015258789
2011-11-15,16.49983787536621,19.65999984741211
2011-11-16,16.18930435180664,19.290000915527344
2011-11-17,15.903955459594727,18.950000762939453
2011-11-18,15.895559310913086,18.940000534057617
2011-11-21,15.647979736328125,18.645000457763672
2011-11-22,15.639579772949219,18.635000228881836
2011-11-23,15.329056739807129,18.264999389648438
2011-11-25,15.245134353637695,18.165000915527344
2011-11-28,15.710922241210938,18.719999313354492
2011-11-29,15.765472412109375,18.78499984741211
2011-11-30,16.25644302368164,19.3700008392334
2011-12-01,16.269031524658203,19.385000228881836
2011-12-02,16.39491844177246,19.53499984741211
2011-12-05,16.54599380493164,19.71500015258789
2011-12-06,16.491443634033203,19.649999618530273
2011-12-07,16.596343994140625,19.774999618530273
2011-12-08,16.243852615356445,19.354999542236328
2011-12-09,16.512414932250977,19.674999237060547
2011-12-12,16.46206283569336,19.614999771118164
2011-12-13,16.138948440551758,19.229999542236328
2011-12-14,15.971098899841309,19.030000686645508
2011-12-15,15.996270179748535,19.059999465942383
2011-12-16,15.9962739944458,18.950000762939453
2011-12-19,15.819010734558105,18.739999771118164
2011-12-20,16.253738403320312,19.2549991607666
2011-12-21,16.308603286743164,19.31999969482422
2011-12-22,16.35502815246582,19.375
2011-12-23,16.536514282226562,19.59000015258789
2011-12-27,16.587173461914062,19.649999618530273
2011-12-28,16.405675888061523,19.434999465942383
2011-12-29,16.57450294494629,19.635000228881836
2011-12-30,16.468982696533203,19.510000228881836
2012-01-03,16.608264923095703,19.674999237060547
2012-01-04,16.739103317260742,19.829999923706055
2012-01-05,16.878393173217773,19.9950008392334
2012-01-06,16.903711318969727,20.024999618530273
2012-01-09,16.878393173217773,19.9950008392334
2012-01-10,16.988128662109375,20.125
2012-01-11,17.01344871520996,20.155000686645508
2012-01-12,17.064096450805664,20.21500015258789
2012-01-13,17.042997360229492,20.190000534057617
2012-01-17,17.089435577392578,20.2450008392334
2012-01-18,17.363767623901367,20.56999969482422
2012-01-19,17.51570701599121,20.75
2012-01-20,17.372209548950195,20.579999923706055
2012-01-23,17.35954475402832,20.565000534057617
2012-01-24,17.410194396972656,20.625
2012-01-25,17.53681182861328,20.774999618530273
2012-01-26,17.50727081298828,20.739999771118164
2012-01-27,17.494598388671875,20.725000381469727
2012-01-30,17.44396209716797,20.665000915527344
2012-01-31,17.439735412597656,20.65999984741211
2012-02-01,17.498823165893555,20.729999542236328
2012-02-02,17.477718353271484,20.704999923706055
2012-02-03,17.836467742919922,21.1299991607666
2012-02-06,17.79848861694336,21.084999084472656
2012-02-07,17.882904052734375,21.184999465942383
2012-02-08,17.92511558532715,21.235000610351562
2012-02-09,17.95465660095215,21.270000457763672
2012-02-10,17.857576370239258,21.155000686645508
2012-02-13,18.001079559326172,21.325000762939453
2012-02-14,17.979976654052734,21.299999237060547
2012-02-15,17.899789810180664,21.204999923706055
2012-02-16,17.975757598876953,21.295000076293945
2012-02-17,18.13191795349121,21.479999542236328
2012-02-21,18.068607330322266,21.405000686645508
2012-02-22,18.022180557250977,21.350000381469727
2012-02-23,18.110816955566406,21.454999923706055
2012-02-24,18.089717864990234,21.43000030517578
2012-02-27,18.19523811340332,21.55500030517578
2012-02-28,18.296518325805664,21.674999237060547
2012-02-29,18.22900390625,21.594999313354492
2012-03-01,18.380943298339844,21.774999618530273
2012-03-02,18.36827278137207,21.760000228881836
2012-03-05,18.351394653320312,21.739999771118164
2012-03-06,18.064395904541016,21.399999618530273
2012-03-07,18.271203994750977,21.645000457763672
2012-03-08,18.45691680908203,21.864999771118164
2012-03-09,18.56242561340332,21.989999771118164
2012-03-12,18.511781692504883,21.93000030517578
2012-03-13,18.798786163330078,22.270000457763672
2012-03-14,18.773456573486328,22.239999771118164
2012-03-15,18.83677101135254,22.315000534057617
2012-03-16,18.776227951049805,22.174999237060547
2012-03-19,18.873613357543945,22.290000915527344
2012-03-20,18.903244018554688,22.325000762939453
2012-03-21,18.92864227294922,22.354999542236328
2012-03-22,18.882078170776367,22.299999237060547
2012-03-23,18.903244018554688,22.325000762939453
2012-03-26,19.203832626342773,22.68000030517578
2012-03-27,19.174192428588867,22.645000457763672
2012-03-28,19.009084701538086,22.450000762939453
2012-03-29,19.004846572875977,22.44499969482422
2012-03-30,19.089519500732422,22.545000076293945
2012-04-02,19.140323638916016,22.604999542236328
2012-04-03,19.102218627929688,22.559999465942383
2012-04-04,18.924407958984375,22.350000381469727
2012-04-05,19.05565071105957,22.5049991607666
2012-04-09,18.882078170776367,22.299999237060547
2012-04-10,18.420604705810547,21.7549991607666
2012-04-11,18.674617767333984,22.05500030517578
2012-04-12,18.911706924438477,22.334999084472656
2012-04-13,18.86090850830078,22.274999618530273
2012-04-16,18.79316520690918,22.19499969482422
2012-04-17,18.992141723632812,22.43000030517578
2012-04-18,19.02178192138672,22.46500015258789
2012-04-19,18.86937141418457,22.28499984741211
2012-04-20,18.899002075195312,22.31999969482422
2012-04-23,18.69578742980957,22.079999923706055
2012-04-24,18.632282257080078,22.0049991607666
2012-04-25,18.945573806762695,22.375
2012-04-26,19.182661056518555,22.655000686645508
2012-04-27,19.41974449157715,22.934999465942383
2012-04-30,19.30967140197754,22.80500030517578
2012-05-01,19.436681747436523,22.954999923706055
2012-05-02,19.542524337768555,23.079999923706055
2012-05-03,19.390106201171875,22.899999618530273
2012-05-04,19.01331901550293,22.454999923706055
2012-05-07,19.004846572875977,22.44499969482422
2012-05-08,18.776227951049805,22.174999237060547
2012-05-09,18.704259872436523,22.09000015258789
2012-05-10,18.767763137817383,22.165000915527344
2012-05-11,18.729660034179688,22.1200008392334
2012-05-14,18.467174530029297,21.809999465942383
2012-05-15,18.437541961669922,21.774999618530273
2012-05-16,18.407901763916016,21.739999771118164
2012-05-17,17.92103385925293,21.165000915527344
2012-05-18,17.785551071166992,21.0049991607666
2012-05-21,18.098846435546875,21.375
2012-05-22,18.170812606811523,21.459999084472656
2012-05-23,18.2681941986084,21.575000762939453
2012-05-24,18.352861404418945,21.674999237060547
2012-05-25,18.323232650756836,21.639999389648438
2012-05-29,18.577241897583008,21.940000534057617
2012-05-30,18.28512954711914,21.594999313354492
2012-05-31,18.247028350830078,21.549999237060547
2012-06-01,17.671253204345703,20.8700008392334
2012-06-04,17.734750747680664,20.94499969482422
2012-06-05,17.83213233947754,21.059999465942383
2012-06-06,18.217384338378906,21.514999389648438
2012-06-07,18.217384338378906,21.514999389648438
2012-06-08,18.378273010253906,21.704999923706055
2012-06-11,18.098846435546875,21.375
2012-06-12,18.293598175048828,21.604999542236328
2012-06-13,18.02687644958496,21.290000915527344
2012-06-14,18.2681941986084,21.575000762939453
2012-06-15,18.447479248046875,21.709999084472656
2012-06-18,18.579193115234375,21.864999771118164
2012-06-19,18.749143600463867,22.065000534057617
2012-06-20,18.727895736694336,22.040000915527344
2012-06-21,18.32002830505371,21.559999465942383
2012-06-22,18.4007511138916,21.655000686645508
2012-06-25,18.116090774536133,21.31999969482422
2012-06-26,18.34126853942871,21.584999084472656
2012-06-27,18.315780639648438,21.55500030517578
2012-06-28,18.21381187438965,21.434999465942383
2012-06-29,18.600433349609375,21.889999389648438
2012-07-02,18.65567398071289,21.954999923706055
2012-07-03,18.6386661529541,21.934999465942383
2012-07-05,18.685401916503906,21.989999771118164
2012-07-06,18.596181869506836,21.885000228881836
2012-07-09,18.494216918945312,21.764999389648438
2012-07-10,18.383758544921875,21.635000228881836
2012-07-11,18.27753448486328,21.510000228881836
2012-07-12,18.23504638671875,21.459999084472656
2012-07-13,18.53245735168457,21.809999465942383
2012-07-16,18.413496017456055,21.670000076293945
2012-07-17,18.596181869506836,21.885000228881836
2012-07-18,18.69390106201172,22.0
2012-07-19,18.81711769104004,22.145000457763672
2012-07-20,18.587688446044922,21.875
2012-07-23,18.315780639648438,21.55500030517578
2012-07-24,18.192567825317383,21.40999984741211
2012-07-25,18.154329299926758,21.364999771118164
2012-07-26,18.447479248046875,21.709999084472656
2012-07-27,18.812862396240234,22.139999389648438
2012-07-30,18.740633010864258,22.05500030517578
2012-07-31,18.498464584350586,21.770000457763672
2012-08-01,18.421987533569336,21.68000030517578
2012-08-02,18.468727111816406,21.735000610351562
2012-08-03,18.8341064453125,22.165000915527344
2012-08-06,18.902088165283203,22.2450008392334
2012-08-07,19.08053207397461,22.454999923706055
2012-08-08,18.987051010131836,22.344999313354492
2012-08-09,18.97430992126465,22.329999923706055
2012-08-10,18.95731544494629,22.309999465942383
2012-08-13,18.965810775756836,22.31999969482422
2012-08-14,19.012548446655273,22.375
2012-08-15,19.07202911376953,22.44499969482422
2012-08-16,19.22922706604004,22.6299991607666
2012-08-17,19.30145263671875,22.71500015258789
2012-08-20,19.220731735229492,22.6200008392334
2012-08-21,19.195247650146484,22.59000015258789
2012-08-22,19.250471115112305,22.655000686645508
2012-08-23,19.118762969970703,22.5
2012-08-24,19.275962829589844,22.684999465942383
2012-08-27,19.2462158203125,22.649999618530273
2012-08-28,19.284460067749023,22.69499969482422
2012-08-29,19.3779296875,22.80500030517578
2012-08-30,19.271717071533203,22.68000030517578
2012-08-31,19.352436065673828,22.774999618530273
2012-09-04,19.305707931518555,22.719999313354492
2012-09-05,19.33544158935547,22.7549991607666
2012-09-06,19.768802642822266,23.264999389648438
2012-09-07,19.875017166137695,23.389999389648438
2012-09-10,19.84527587890625,23.354999542236328
2012-09-11,19.836769104003906,23.344999313354492
2012-09-12,19.934497833251953,23.459999084472656
2012-09-13,20.189424514770508,23.760000228881836
2012-09-14,20.270143508911133,23.854999542236328
2012-09-17,20.193666458129883,23.764999389648438
2012-09-18,20.095945358276367,23.649999618530273
2012-09-19,20.304136276245117,23.895000457763672
2012-09-20,20.27863883972168,23.864999771118164
2012-09-21,20.264142990112305,23.764999389648438
2012-09-24,20.20871353149414,23.700000762939453
2012-09-25,19.9699649810791,23.420000076293945
2012-09-26,19.83353614807129,23.260000228881836
2012-09-27,20.033912658691406,23.4950008392334
2012-09-28,19.948640823364258,23.395000457763672
2012-10-01,19.935850143432617,23.3799991607666
2012-10-02,19.897478103637695,23.334999084472656
2012-10-03,20.05523109436035,23.520000457763672
2012-10-04,20.23856544494629,23.735000610351562
2012-10-05,20.298248291015625,23.80500030517578
2012-10-08,20.259883880615234,23.760000228881836
2012-10-09,19.935850143432617,23.3799991607666
2012-10-10,19.812211990356445,23.235000610351562
2012-10-11,19.722684860229492,23.1299991607666
2012-10-12,19.718421936035156,23.125
2012-10-15,19.914535522460938,23.354999542236328
2012-10-16,20.093605041503906,23.565000534057617
2012-10-17,20.20871353149414,23.700000762939453
2012-10-18,20.22150421142578,23.71500015258789
2012-10-19,19.85910987854004,23.290000915527344
2012-10-22,19.795166015625,23.21500015258789
2012-10-23,19.637418746948242,23.030000686645508
2012-10-24,19.560670852661133,22.940000534057617
2012-10-25,19.51377296447754,22.885000228881836
2012-10-26,19.577722549438477,22.959999084472656
2012-10-31,19.64168357849121,23.03499984741211
2012-11-01,19.867633819580078,23.299999237060547
2012-11-02,19.85484504699707,23.28499984741211
2012-11-05,19.9060001373291,23.344999313354492
2012-11-06,20.012596130371094,23.469999313354492
2012-11-07,19.778114318847656,23.19499969482422
2012-11-08,19.458345413208008,22.81999969482422
2012-11-09,19.36455726623535,22.709999084472656
2012-11-12,19.381607055664062,22.729999542236328
2012-11-13,19.437036514282227,22.795000076293945
2012-11-14,19.147123336791992,22.454999923706055
2012-11-15,19.134328842163086,22.440000534057617
2012-11-16,19.262237548828125,22.59000015258789
2012-11-19,19.675792694091797,23.075000762939453
2012-11-20,19.773855209350586,23.190000534057617
2012-11-21,19.842063903808594,23.270000457763672
2012-11-23,20.10638999938965,23.579999923706055
2012-11-26,20.012596130371094,23.469999313354492
2012-11-27,19.93159294128418,23.375
2012-11-28,20.191665649414062,23.68000030517578
2012-11-29,20.24709129333496,23.7450008392334
2012-11-30,20.264142990112305,23.764999389648438
2012-12-03,20.15755271911621,23.639999389648438
2012-12-04,20.072277069091797,23.540000915527344
2012-12-05,20.012596130371094,23.469999313354492
2012-12-06,20.140504837036133,23.6200008392334
2012-12-07,20.21724510192871,23.709999084472656
2012-12-10,20.102128982543945,23.575000762939453
2012-12-11,20.166080474853516,23.649999618530273
2012-12-12,20.191665649414062,23.68000030517578
2012-12-13,20.059492111206055,23.524999618530273
2012-12-14,19.974224090576172,23.424999237060547
2012-12-17,20.33235740661621,23.844999313354492
2012-12-18,20.57110595703125,24.125
2012-12-19,20.4261474609375,23.954999923706055
2012-12-20,20.46878433227539,24.0049991607666
2012-12-21,20.2868595123291,23.639999389648438
2012-12-24,20.30402374267578,23.65999984741211
2012-12-26,20.093769073486328,23.415000915527344
2012-12-27,20.119516372680664,23.44499969482422
2012-12-28,19.956472396850586,23.2549991607666
2012-12-31,20.355506896972656,23.719999313354492
2013-01-02,20.780298233032227,24.21500015258789
2013-01-03,20.831785202026367,24.274999618530273
2013-01-04,20.909021377563477,24.364999771118164
2013-01-07,20.857528686523438,24.30500030517578
2013-01-08,20.797466278076172,24.235000610351562
2013-01-09,20.831785202026367,24.274999618530273
2013-01-10,20.951927185058594,24.415000915527344
2013-01-11,20.96908950805664,24.434999465942383
2013-01-14,21.02057647705078,24.4950008392334
2013-01-15,21.175045013427734,24.674999237060547
2013-01-16,21.12784767150879,24.6200008392334
2013-01-17,21.35097312927246,24.8799991607666
2013-01-18,21.376707077026367,24.90999984741211
2013-01-22,21.432497024536133,24.975000381469727
2013-01-23,21.449657440185547,24.9950008392334
2013-01-24,21.612709045410156,25.184999465942383
2013-01-25,21.840120315551758,25.450000762939453
2013-01-28,21.737138748168945,25.329999923706055
2013-01-29,21.651330947875977,25.229999542236328
2013-01-30,21.612709045410156,25.184999465942383
2013-01-31,21.509729385375977,25.065000534057617
2013-02-01,21.63416290283203,25.209999084472656
2013-02-04,21.368133544921875,24.899999618530273
2013-02-05,21.595548629760742,25.165000915527344
2013-02-06,21.642751693725586,25.219999313354492
2013-02-07,21.595548629760742,25.165000915527344
2013-02-08,21.76288414001465,25.360000610351562
2013-02-11,21.68994140625,25.274999618530273
2013-02-12,21.7757568359375,25.375
2013-02-13,21.822959899902344,25.43000030517578
2013-02-14,21.8315372467041,25.440000534057617
2013-02-15,21.857280731201172,25.469999313354492
2013-02-19,21.938804626464844,25.565000534057617
2013-02-20,21.60413360595703,25.174999237060547
2013-02-21,21.423921585083008,24.96500015258789
2013-02-22,21.54405403137207,25.104999542236328
2013-02-25,21.209369659423828,24.71500015258789
2013-02-26,21.419626235961914,24.959999084472656
2013-02-27,21.7457218170166,25.34000015258789
2013-02-28,21.85299301147461,25.46500015258789
2013-03-01,21.90447998046875,25.524999618530273
2013-03-04,22.097566604614258,25.75
2013-03-05,22.320680618286133,26.010000228881836
2013-03-06,22.303529739379883,25.989999771118164
2013-03-07,22.342145919799805,26.03499984741211
2013-03-08,22.578134536743164,26.309999465942383
2013-03-11,22.633909225463867,26.375
2013-03-12,22.569549560546875,26.299999237060547
2013-03-13,22.693994522094727,26.44499969482422
2013-03-14,22.71973991394043,26.475000381469727
2013-03-15,22.63279914855957,26.295000076293945
2013-03-18,22.46065330505371,26.094999313354492
2013-03-19,22.301424026489258,25.90999984741211
2013-03-20,22.559635162353516,26.209999084472656
2013-03-21,22.370285034179688,25.989999771118164
2013-03-22,22.645713806152344,26.309999465942383
2013-03-25,22.606979370117188,26.264999389648438
2013-03-26,22.718873977661133,26.395000457763672
2013-03-27,22.72748565673828,26.405000686645508
2013-03-28,22.80925178527832,26.5
2013-04-01,22.637100219726562,26.299999237060547
2013-04-02,22.826461791992188,26.520000457763672
2013-04-03,22.61557960510254,26.274999618530273
2013-04-04,22.74469566345215,26.424999237060547
2013-04-05,22.63279914855957,26.295000076293945
2013-04-08,22.891016006469727,26.594999313354492
2013-04-09,22.830766677856445,26.524999618530273
2013-04-10,23.09758758544922,26.834999084472656
2013-04-11,23.291257858276367,27.059999465942383
2013-04-12,23.41605567932129,27.204999923706055
2013-04-15,22.80063819885254,26.489999771118164
2013-04-16,23.127717971801758,26.8700008392334
2013-04-17,22.891016006469727,26.594999313354492
2013-04-18,22.64140510559082,26.30500030517578
2013-04-19,22.91252899169922,26.6200008392334
2013-04-22,23.01151466369629,26.735000610351562
2013-04-23,23.243911743164062,27.0049991607666
2013-04-24,23.261125564575195,27.024999618530273
2013-04-25,23.45909309387207,27.2549991607666
2013-04-26,23.355810165405273,27.135000228881836
2013-04-29,23.437576293945312,27.229999542236328
2013-04-30,23.502134323120117,27.30500030517578
2013-05-01,23.377334594726562,27.15999984741211
2013-05-02,23.605417251586914,27.424999237060547
2013-05-03,23.902376174926758,27.770000457763672
2013-05-06,23.979835510253906,27.860000610351562
2013-05-07,24.182106018066406,28.094999313354492
2013-05-08,24.199317932128906,28.114999771118164
2013-05-09,24.24236297607422,28.165000915527344
2013-05-10,24.431713104248047,28.385000228881836
2013-05-13,24.43602180480957,28.389999389648438
2013-05-14,24.685630798339844,28.68000030517578
2013-05-15,24.819042205810547,28.834999084472656
2013-05-16,24.530702590942383,28.5
2013-05-17,24.76739501953125,28.774999618530273
2013-05-20,24.694238662719727,28.690000534057617
2013-05-21,24.806133270263672,28.81999969482422
2013-05-22,24.569433212280273,28.545000076293945
2013-05-23,24.517791748046875,28.485000610351562
2013-05-24,24.44463348388672,28.399999618530273
2013-05-28,24.68132781982422,28.674999237060547
2013-05-29,24.42740821838379,28.3799991607666
2013-05-30,24.42740821838379,28.3799991607666
2013-05-31,24.15198516845703,28.059999465942383
2013-06-03,24.259571075439453,28.184999465942383
2013-06-04,24.173494338989258,28.084999084472656
2013-06-05,23.77326011657715,27.6200008392334
2013-06-06,24.022872924804688,27.90999984741211
2013-06-07,24.461849212646484,28.420000076293945
2013-06-10,24.388687133789062,28.334999084472656
2013-06-11,24.147674560546875,28.05500030517578
2013-06-12,23.8808536529541,27.7450008392334
2013-06-13,24.328432083129883,28.264999389648438
2013-06-14,24.250967025756836,28.174999237060547
2013-06-17,24.38437843322754,28.329999923706055
2013-06-18,24.63398551940918,28.6200008392334
2013-06-19,24.354259490966797,28.295000076293945
2013-06-20,23.717315673828125,27.55500030517578
2013-06-21,23.763080596923828,27.520000457763672
2013-06-24,23.547208786010742,27.270000457763672
2013-06-25,23.758760452270508,27.514999389648438
2013-06-26,24.05666732788086,27.860000610351562
2013-06-27,24.26389503479004,28.100000381469727
2013-06-28,24.350250244140625,28.200000762939453
2013-07-01,24.51862144470215,28.395000457763672
2013-07-02,24.561805725097656,28.44499969482422
2013-07-03,24.674049377441406,28.575000762939453
2013-07-05,24.94173812866211,28.885000228881836
2013-07-08,25.174877166748047,29.155000686645508
2013-07-09,25.274173736572266,29.270000457763672
2013-07-10,25.300079345703125,29.299999237060547
2013-07-11,25.662750244140625,29.719999313354492
2013-07-12,25.783632278442383,29.860000610351562
2013-07-15,25.718868255615234,29.78499984741211
2013-07-16,25.580707550048828,29.625
2013-07-17,25.59366226196289,29.639999389648438
2013-07-18,25.740463256835938,29.809999465942383
2013-07-19,25.718868255615234,29.78499984741211
2013-07-22,25.701601028442383,29.764999389648438
2013-07-23,25.66706085205078,29.725000381469727
2013-07-24,25.580707550048828,29.625
2013-07-25,25.615245819091797,29.665000915527344
2013-07-26,25.697288513183594,29.760000228881836
2013-07-29,25.563440322875977,29.604999542236328
2013-07-30,25.498685836791992,29.530000686645508
2013-07-31,25.632518768310547,29.684999465942383
2013-08-01,26.029722213745117,30.145000457763672
2013-08-02,26.21537208557129,30.360000610351562
2013-08-05,26.15924835205078,30.295000076293945
2013-08-06,26.051313400268555,30.170000076293945
2013-08-07,25.822494506835938,29.905000686645508
2013-08-08,25.99517822265625,30.104999542236328
2013-08-09,25.939062118530273,30.040000915527344
2013-08-12,25.90452003479004,30.0
2013-08-13,25.90452003479004,30.0
2013-08-14,25.619571685791016,29.670000076293945
2013-08-15,25.170560836791992,29.149999618530273
2013-08-16,25.079891204833984,29.045000076293945
2013-08-19,24.97195816040039,28.920000076293945
2013-08-20,25.226682662963867,29.21500015258789
2013-08-21,25.01081657409668,28.96500015258789
2013-08-22,25.261226654052734,29.2549991607666
2013-08-23,25.265539169311523,29.260000228881836
2013-08-26,25.213735580444336,29.200000762939453
2013-08-27,24.80357551574707,28.725000381469727
2013-08-28,24.93741798400879,28.8799991607666
2013-08-29,25.058303833007812,29.020000457763672
2013-08-30,24.902883529663086,28.84000015258789
2013-09-03,25.079891204833984,29.045000076293945
2013-09-04,25.343257904052734,29.350000381469727
2013-09-05,25.35189437866211,29.360000610351562
2013-09-06,25.32166290283203,29.325000762939453
2013-09-09,25.546173095703125,29.584999084472656
2013-09-10,25.792264938354492,29.8700008392334
2013-09-11,25.98223876953125,30.09000015258789
2013-09-12,25.921785354614258,30.020000457763672
2013-09-13,25.99517822265625,30.104999542236328
2013-09-16,26.111751556396484,30.239999771118164
2013-09-17,26.262868881225586,30.415000915527344
2013-09-18,26.565080642700195,30.764999389648438
2013-09-19,26.556442260742188,30.7549991607666
2013-09-20,26.3962345123291,30.479999542236328
2013-09-23,26.19272232055664,30.2450008392334
2013-09-24,26.262008666992188,30.325000762939453
2013-09-25,26.101789474487305,30.139999389648438
2013-09-26,26.348609924316406,30.424999237060547
2013-09-27,26.352935791015625,30.43000030517578
2013-09-30,26.253341674804688,30.315000534057617
2013-10-01,26.46552085876465,30.559999465942383
2013-10-02,26.45685386657715,30.549999237060547
2013-10-03,26.1580810546875,30.204999923706055
2013-10-04,26.40489387512207,30.489999771118164
2013-10-07,26.032508850097656,30.059999465942383
2013-10-08,25.62114715576172,29.584999084472656
2013-10-09,25.504234313964844,29.450000762939453
2013-10-10,26.097457885742188,30.135000228881836
2013-10-11,26.32261848449707,30.395000457763672
2013-10-14,26.43087387084961,30.520000457763672
2013-10-15,26.179737091064453,30.229999542236328
2013-10-16,26.504491806030273,30.604999542236328
2013-10-17,26.6993465423584,30.829999923706055
2013-10-18,26.863895416259766,31.020000457763672
2013-10-21,26.93316650390625,31.100000381469727
2013-10-22,27.115032196044922,31.309999465942383
2013-10-23,26.941829681396484,31.110000610351562
2013-10-24,27.21028709411621,31.420000076293945
2013-10-25,27.4138126373291,31.655000686645508
2013-10-28,27.361841201782227,31.594999313354492
2013-10-29,27.522056579589844,31.780000686645508
2013-10-30,27.387826919555664,31.625
2013-10-31,27.45709991455078,31.704999923706055
2013-11-01,27.522056579589844,31.780000686645508
2013-11-04,27.617321014404297,31.889999389648438
2013-11-05,27.617321014404297,31.889999389648438
2013-11-06,27.548046112060547,31.809999465942383
2013-11-07,26.976469039916992,31.149999618530273
2013-11-08,27.405147552490234,31.645000457763672
2013-11-11,27.44844627380371,31.69499969482422
2013-11-12,27.400815963745117,31.639999389648438
2013-11-13,27.833826065063477,32.13999938964844
2013-11-14,28.028682708740234,32.3650016784668
2013-11-15,28.123945236206055,32.474998474121094
2013-11-18,27.903112411499023,32.220001220703125
2013-11-19,27.781871795654297,32.08000183105469
2013-11-20,27.638975143432617,31.915000915527344
2013-11-21,27.924762725830078,32.244998931884766
2013-11-22,28.080638885498047,32.42499923706055
2013-11-25,28.106624603271484,32.45500183105469
2013-11-26,28.27116584777832,32.64500045776367
2013-11-27,28.379411697387695,32.77000045776367
2013-11-29,28.4054012298584,32.79999923706055
2013-12-02,28.27116584777832,32.64500045776367
2013-12-03,28.00269889831543,32.334999084472656
2013-12-04,27.937744140625,32.2599983215332
2013-12-05,27.96806526184082,32.29499816894531
2013-12-06,28.201887130737305,32.564998626708984
2013-12-09,28.180240631103516,32.540000915527344
2013-12-10,28.197551727294922,32.560001373291016
2013-12-11,27.937744140625,32.2599983215332
2013-12-12,27.85114288330078,32.15999984741211
2013-12-13,27.920434951782227,32.2400016784668
2013-12-16,28.102293014526367,32.45000076293945
2013-12-17,28.028682708740234,32.3650016784668
2013-12-18,28.444368362426758,32.845001220703125
2013-12-19,28.42705726623535,32.82500076293945
2013-12-20,28.54530143737793,32.83000183105469
2013-12-23,28.6713809967041,32.974998474121094
2013-12-24,28.732234954833984,33.04499816894531
2013-12-26,28.94526481628418,33.290000915527344
2013-12-27,28.810487747192383,33.1349983215332
2013-12-30,28.940906524658203,33.28499984741211
2013-12-31,29.053943634033203,33.415000915527344
2014-01-02,28.91918182373047,33.2599983215332
2014-01-03,28.840923309326172,33.16999816894531
2014-01-06,28.662683486938477,32.96500015258789
2014-01-07,28.836572647094727,33.165000915527344
2014-01-08,28.75832748413086,33.07500076293945
2014-01-09,28.753982543945312,33.06999969482422
2014-01-10,28.840923309326172,33.16999816894531
2014-01-13,28.262725830078125,32.505001068115234
2014-01-14,28.506174087524414,32.78499984741211
2014-01-15,28.575735092163086,32.8650016784668
2014-01-16,28.42357063293457,32.689998626708984
2014-01-17,28.2974910736084,32.54499816894531
2014-01-21,28.271404266357422,32.51499938964844
2014-01-22,28.345321655273438,32.599998474121094
2014-01-23,28.145339965820312,32.369998931884766
2014-01-24,27.606252670288086,31.75
2014-01-27,27.4975643157959,31.625
2014-01-28,27.688854217529297,31.844999313354492
2014-01-29,27.245410919189453,31.334999084472656
2014-01-30,27.701904296875,31.860000610351562
2014-01-31,27.31062889099121,31.40999984741211
2014-02-03,26.593299865722656,30.584999084472656
2014-02-04,26.919353485107422,30.959999084472656
2014-02-05,26.954133987426758,31.0
2014-02-06,27.523649215698242,31.655000686645508
2014-02-07,27.862754821777344,32.04499816894531
2014-02-10,27.845361709594727,32.025001525878906
2014-02-11,28.049686431884766,32.2599983215332
2014-02-12,28.075780868530273,32.290000915527344
2014-02-13,28.162715911865234,32.38999938964844
2014-02-14,28.332273483276367,32.584999084472656
2014-02-18,28.367053985595703,32.625
2014-02-19,28.13665008544922,32.36000061035156
2014-02-20,28.28879165649414,32.53499984741211
2014-02-21,28.345321655273438,32.599998474121094
2014-02-24,28.46269989013672,32.73500061035156
2014-02-25,28.662683486938477,32.96500015258789
2014-02-26,28.823535919189453,33.150001525878906
2014-02-27,28.940906524658203,33.28499984741211
2014-02-28,29.058292388916016,33.41999816894531
2014-03-03,28.78440284729004,33.10499954223633
2014-03-04,29.14524269104004,33.52000045776367
2014-03-05,29.26698875427246,33.65999984741211
2014-03-06,29.34088897705078,33.744998931884766
2014-03-07,29.297407150268555,33.69499969482422
2014-03-10,29.219146728515625,33.60499954223633
2014-03-11,29.04960060119629,33.40999984741211
2014-03-12,29.006145477294922,33.36000061035156
2014-03-13,28.65398597717285,32.95500183105469
2014-03-14,28.62790298461914,32.92499923706055
2014-03-17,28.81919288635254,33.14500045776367
2014-03-18,28.94526481628418,33.290000915527344
2014-03-19,28.753982543945312,33.06999969482422
2014-03-20,28.8278751373291,33.154998779296875
2014-03-21,28.64384651184082,32.84000015258789
2014-03-24,28.35600471496582,32.5099983215332
2014-03-25,28.185922622680664,32.314998626708984
2014-03-26,27.959148406982422,32.05500030517578
2014-03-27,27.823957443237305,31.899999618530273
2014-03-28,28.033288955688477,32.13999938964844
2014-03-31,28.225177764892578,32.36000061035156
2014-04-01,28.617685317993164,32.810001373291016
2014-04-02,28.809568405151367,33.029998779296875
2014-04-03,28.670001983642578,32.869998931884766
2014-04-04,28.19465446472168,32.32500076293945
2014-04-07,27.645145416259766,31.69499969482422
2014-04-08,27.92426109313965,32.01499938964844
2014-04-09,28.225177764892578,32.36000061035156
2014-04-10,27.523040771484375,31.55500030517578
2014-04-11,27.143627166748047,31.1200008392334
2014-04-14,27.357316970825195,31.364999771118164
2014-04-15,27.39220428466797,31.405000686645508
2014-04-16,27.775976181030273,31.844999313354492
2014-04-17,27.810867309570312,31.885000228881836
2014-04-21,27.885005950927734,31.969999313354492
2014-04-22,28.124876022338867,32.244998931884766
2014-04-23,27.99403953552246,32.095001220703125
2014-04-24,28.146678924560547,32.27000045776367
2014-04-25,27.66695213317871,31.719999313354492
2014-04-28,27.59717559814453,31.639999389648438
2014-04-29,27.72364616394043,31.78499984741211
2014-04-30,27.841392517089844,31.920000076293945
2014-05-01,27.950416564941406,32.04499816894531
2014-05-02,28.020200729370117,32.125
2014-05-05,28.046369552612305,32.154998779296875
2014-05-06,27.645145416259766,31.69499969482422
2014-05-07,27.610261917114258,31.655000686645508
2014-05-08,27.688758850097656,31.7450008392334
2014-05-09,27.841392517089844,31.920000076293945
2014-05-12,28.190282821655273,32.31999969482422
2014-05-13,28.111791610717773,32.22999954223633
2014-05-14,27.797780990600586,31.8700008392334
2014-05-15,27.59717559814453,31.639999389648438
2014-05-16,27.802148818969727,31.875
2014-05-19,27.928619384765625,32.02000045776367
2014-05-20,27.67567253112793,31.729999542236328
2014-05-21,28.01148796081543,32.1150016784668
2014-05-22,28.159761428833008,32.28499984741211
2014-05-23,28.382173538208008,32.540000915527344
2014-05-27,28.53044891357422,32.709999084472656
2014-05-28,28.49993896484375,32.67499923706055
2014-05-29,28.617685317993164,32.810001373291016
2014-05-30,28.64384651184082,32.84000015258789
2014-06-02,28.739791870117188,32.95000076293945
2014-06-03,28.687458038330078,32.88999938964844
2014-06-04,28.827014923095703,33.04999923706055
2014-06-05,29.01453971862793,33.26499938964844
2014-06-06,29.184619903564453,33.459999084472656
2014-06-09,29.1933536529541,33.470001220703125
2014-06-10,29.13665008544922,33.404998779296875
2014-06-11,29.04943084716797,33.30500030517578
2014-06-12,28.678735733032227,32.880001068115234
2014-06-13,28.691822052001953,32.89500045776367
2014-06-16,28.757238388061523,32.970001220703125
2014-06-17,28.870624542236328,33.099998474121094
2014-06-18,29.088682174682617,33.349998474121094
2014-06-19,29.018901824951172,33.27000045776367
2014-06-20,28.910409927368164,33.040000915527344
2014-06-23,28.945392608642578,33.08000183105469
2014-06-24,28.875398635864258,33.0
2014-06-25,29.12039566040039,33.279998779296875
2014-06-26,29.142276763916016,33.30500030517578
2014-06-27,29.212278366088867,33.3849983215332
2014-06-30,29.19915199279785,33.369998931884766
2014-07-01,29.50978660583496,33.724998474121094
2014-07-02,29.553537368774414,33.775001525878906
2014-07-03,29.781034469604492,34.03499984741211
2014-07-07,29.597274780273438,33.82500076293945
2014-07-08,29.308530807495117,33.494998931884766
2014-07-09,29.662906646728516,33.900001525878906
2014-07-10,29.387283325195312,33.584999084472656
2014-07-11,29.483539581298828,33.69499969482422
2014-07-14,29.566661834716797,33.790000915527344
2014-07-15,29.466033935546875,33.67499923706055
2014-07-16,29.540403366088867,33.7599983215332
2014-07-17,29.260398864746094,33.439998626708984
2014-07-18,29.531646728515625,33.75
2014-07-21,29.396024703979492,33.595001220703125
2014-07-22,29.518531799316406,33.73500061035156
2014-07-23,29.496646881103516,33.709999084472656
2014-07-24,29.562286376953125,33.78499984741211
2014-07-25,29.23415756225586,33.40999984741211
2014-07-28,29.291030883789062,33.474998474121094
2014-07-29,29.20790672302246,33.380001068115234
2014-07-30,29.369775772094727,33.564998626708984
2014-07-31,28.8272705078125,32.94499969482422
2014-08-01,28.722272872924805,32.82500076293945
2014-08-04,29.002286911010742,33.14500045776367
2014-08-05,28.8010196685791,32.915000915527344
2014-08-06,28.739778518676758,32.845001220703125
2014-08-07,28.59103012084961,32.67499923706055
2014-08-08,29.03290367126465,33.18000030517578
2014-08-11,29.164146423339844,33.33000183105469
2014-08-12,29.08976936340332,33.244998931884766
2014-08-13,29.19477653503418,33.3650016784668
2014-08-14,29.42228126525879,33.625
2014-08-15,29.365406036376953,33.560001373291016
2014-08-18,29.636655807495117,33.869998931884766
2014-08-19,29.85978889465332,34.125
2014-08-20,29.999792098999023,34.28499984741211
2014-08-21,29.973533630371094,34.255001068115234
2014-08-22,30.030410766601562,34.31999969482422
2014-08-25,30.117910385131836,34.41999816894531
2014-08-26,30.122291564941406,34.42499923706055
2014-08-27,30.152912139892578,34.459999084472656
2014-08-28,30.113554000854492,34.415000915527344
2014-08-29,30.109163284301758,34.40999984741211
2014-09-02,30.166046142578125,34.474998474121094
2014-09-03,30.087289810180664,34.3849983215332
2014-09-04,30.2010555267334,34.51499938964844
2014-09-05,30.30167007446289,34.630001068115234
2014-09-08,30.17479133605957,34.48500061035156
2014-09-09,29.872909545898438,34.13999938964844
2014-09-10,29.977909088134766,34.2599983215332
2014-09-11,29.991031646728516,34.275001525878906
2014-09-12,29.903533935546875,34.17499923706055
2014-09-15,29.781034469604492,34.03499984741211
2014-09-16,29.934162139892578,34.209999084472656
2014-09-17,29.921037673950195,34.19499969482422
2014-09-18,30.052305221557617,34.345001220703125
2014-09-19,30.06501579284668,34.244998931884766
2014-09-22,29.643606185913086,33.76499938964844
2014-09-23,29.389007568359375,33.474998474121094
2014-09-24,29.722623825073242,33.85499954223633
2014-09-25,29.288057327270508,33.36000061035156
2014-09-26,29.5909423828125,33.70500183105469
2014-09-29,29.437286376953125,33.529998779296875
2014-09-30,29.274879455566406,33.345001220703125
2014-10-01,28.88419532775879,32.900001525878906
2014-10-02,29.015886306762695,33.04999923706055
2014-10-03,29.389007568359375,33.474998474121094
2014-10-06,29.230976104736328,33.29499816894531
2014-10-07,28.796403884887695,32.79999923706055
2014-10-08,29.24853515625,33.314998626708984
2014-10-09,28.58570098876953,32.560001373291016
2014-10-10,28.335481643676758,32.275001525878906
2014-10-13,27.760425567626953,31.6200008392334
2014-10-14,27.96235466003418,31.850000381469727
2014-10-15,27.72970199584961,31.584999084472656
2014-10-16,27.760425567626953,31.6200008392334
2014-10-17,28.067705154418945,31.969999313354492
2014-10-20,28.45839500427246,32.415000915527344
2014-10-21,29.011489868164062,33.04499816894531
2014-10-22,28.76127815246582,32.7599983215332
2014-10-23,29.151962280273438,33.20500183105469
2014-10-24,29.125621795654297,33.17499923706055
2014-10-27,29.182697296142578,33.2400016784668
2014-10-28,29.498750686645508,33.599998474121094
2014-10-29,29.41094970703125,33.5
2014-10-30,29.60409927368164,33.720001220703125
2014-10-31,29.893823623657227,34.04999923706055
2014-11-03,29.893823623657227,34.04999923706055
2014-11-04,29.53386878967285,33.63999938964844
2014-11-05,29.652387619018555,33.775001525878906
2014-11-06,29.902597427368164,34.060001373291016
2014-11-07,29.85432243347168,34.005001068115234
2014-11-10,29.83675765991211,33.98500061035156
2014-11-11,29.96406364440918,34.130001068115234
2014-11-12,30.104534149169922,34.290000915527344
2014-11-13,30.29327964782715,34.505001068115234
2014-11-14,30.41180992126465,34.63999938964844
2014-11-17,30.37668800354004,34.599998474121094
2014-11-18,30.43376350402832,34.665000915527344
2014-11-19,30.561052322387695,34.810001373291016
2014-11-20,30.692750930786133,34.959999084472656
2014-11-21,30.767358779907227,35.04499816894531
2014-11-24,31.052703857421875,35.369998931884766
2014-11-25,31.149267196655273,35.47999954223633
2014-11-26,31.14488410949707,35.474998474121094
2014-11-28,31.522397994995117,35.904998779296875
2014-12-01,31.17561149597168,35.5099983215332
2014-12-02,31.29412841796875,35.64500045776367
2014-12-03,31.346818923950195,35.70500183105469
2014-12-04,31.329259872436523,35.685001373291016
2014-12-05,31.399486541748047,35.76499938964844
2014-12-08,31.14488410949707,35.474998474121094
2014-12-09,31.08781623840332,35.40999984741211
2014-12-10,30.675189971923828,34.939998626708984
2014-12-11,30.925390243530273,35.224998474121094
2014-12-12,30.72785758972168,35.0
2014-12-15,30.54349708557129,34.790000915527344
2014-12-16,30.073801040649414,34.255001068115234
2014-12-17,30.648845672607422,34.90999984741211
2014-12-18,31.15365982055664,35.48500061035156
2014-12-19,31.23872947692871,35.435001373291016
2014-12-22,31.542879104614258,35.779998779296875
2014-12-23,31.71920394897461,35.97999954223633
2014-12-24,31.666303634643555,35.91999816894531
2014-12-26,31.838191986083984,36.1150016784668
2014-12-29,32.08064270019531,36.38999938964844
2014-12-30,31.930768966674805,36.220001220703125
2014-12-31,31.802946090698242,36.07500076293945
2015-01-02,31.573732376098633,35.814998626708984
2015-01-05,30.9698543548584,35.130001068115234
2015-01-06,30.661304473876953,34.779998779296875
2015-01-07,31.14616584777832,35.33000183105469
2015-01-08,31.6134090423584,35.86000061035156
2015-01-09,31.247554779052734,35.44499969482422
2015-01-12,31.080055236816406,35.255001068115234
2015-01-13,31.080055236816406,35.255001068115234
2015-01-14,30.705392837524414,34.83000183105469
2015-01-15,30.30867576599121,34.380001068115234
2015-01-16,30.70977783203125,34.834999084472656
2015-01-20,30.533470153808594,34.6349983215332
2015-01-21,30.731836318969727,34.86000061035156
2015-01-22,31.30926513671875,35.51499938964844
2015-01-23,31.265180587768555,35.46500015258789
2015-01-26,31.428272247314453,35.650001525878906
2015-01-27,31.177026748657227,35.3650016784668
2015-01-28,30.771495819091797,34.904998779296875
2015-01-29,31.190250396728516,35.380001068115234
2015-01-30,30.85084342956543,34.994998931884766
2015-02-02,31.1285457611084,35.310001373291016
2015-02-03,31.789724349975586,36.060001373291016
2015-02-04,32.001312255859375,36.29999923706055
2015-02-05,32.19965362548828,36.525001525878906
2015-02-06,32.151180267333984,36.470001220703125
2015-02-09,32.02774429321289,36.33000183105469
2015-02-10,32.42005157470703,36.775001525878906
2015-02-11,32.428863525390625,36.78499984741211
2015-02-12,32.81236267089844,37.220001220703125
2015-02-13,33.010719299316406,37.44499969482422
2015-02-17,32.935760498046875,37.36000061035156
2015-02-18,32.918155670166016,37.34000015258789
2015-02-19,33.01952362060547,37.45500183105469
2015-02-20,33.25314712524414,37.720001220703125
2015-02-23,33.2222900390625,37.685001373291016
2015-02-24,33.38097381591797,37.8650016784668
2015-02-25,33.63661193847656,38.154998779296875
2015-02-26,33.53084182739258,38.03499984741211
2015-02-27,33.48676300048828,37.98500061035156
2015-03-02,33.88788986206055,38.439998626708984
2015-03-03,33.79530715942383,38.334999084472656
2015-03-04,33.61899948120117,38.1349983215332
2015-03-05,33.64104080200195,38.15999984741211
2015-03-06,33.239925384521484,37.70500183105469
2015-03-09,33.4294548034668,37.91999816894531
2015-03-10,32.90932846069336,37.33000183105469
2015-03-11,32.72861099243164,37.125
2015-03-12,33.394203186035156,37.880001068115234
2015-03-13,33.129730224609375,37.58000183105469
2015-03-16,33.517608642578125,38.02000045776367
2015-03-17,33.332489013671875,37.810001373291016
2015-03-18,33.627803802490234,38.14500045776367
2015-03-19,33.579315185546875,38.09000015258789
2015-03-20,33.95304489135742,38.3849983215332
2015-03-23,33.89554977416992,38.31999969482422
2015-03-24,33.71864318847656,38.119998931884766
2015-03-25,33.17023849487305,37.5
2015-03-26,32.96236038208008,37.26499938964844
2015-03-27,33.13041687011719,37.45500183105469
2015-03-30,33.470985412597656,37.84000015258789
2015-03-31,33.32501983642578,37.67499923706055
2015-04-01,33.179073333740234,37.5099983215332
2015-04-02,33.47539138793945,37.845001220703125
2015-04-06,33.63460922241211,38.025001525878906
2015-04-07,33.448856353759766,37.814998626708984
2015-04-08,33.76286315917969,38.16999816894531
2015-04-09,33.7938232421875,38.20500183105469
2015-04-10,33.908817291259766,38.334999084472656
2015-04-13,33.72306823730469,38.125
2015-04-14,33.70539093017578,38.10499954223633
2015-04-15,33.70539093017578,38.10499954223633
2015-04-16,33.77170944213867,38.18000030517578
2015-04-17,33.27195358276367,37.6150016784668
2015-04-20,33.6390266418457,38.029998779296875
2015-04-21,33.674400329589844,38.06999969482422
2015-04-22,33.70539093017578,38.10499954223633
2015-04-23,33.87343978881836,38.29499816894531
2015-04-24,34.3333854675293,38.814998626708984
2015-04-27,34.03264617919922,38.474998474121094
2015-04-28,33.91323471069336,38.34000015258789
2015-04-29,33.68326187133789,38.08000183105469
2015-04-30,33.30733108520508,37.654998779296875
2015-05-01,33.76729965209961,38.17499923706055
2015-05-04,33.83805847167969,38.255001068115234
2015-05-05,33.48423385620117,37.85499954223633
2015-05-06,33.347145080566406,37.70000076293945
2015-05-07,33.51960754394531,37.89500045776367
2015-05-08,33.877864837646484,38.29999923706055
2015-05-11,33.72749710083008,38.130001068115234
2015-05-12,33.665565490722656,38.060001373291016
2015-05-13,33.45328903198242,37.81999969482422
2015-05-14,33.60364532470703,37.9900016784668
2015-05-15,33.87343978881836,38.29499816894531
2015-05-18,34.00170135498047,38.439998626708984
2015-05-19,33.99284744262695,38.43000030517578
2015-05-20,33.95304489135742,38.3849983215332
2015-05-21,34.08572769165039,38.53499984741211
2015-05-22,34.028236389160156,38.470001220703125
2015-05-26,33.78498458862305,38.19499969482422
2015-05-27,34.037078857421875,38.47999954223633
2015-05-28,33.97957992553711,38.415000915527344
2015-05-29,33.745182037353516,38.150001525878906
2015-06-01,33.842472076416016,38.2599983215332
2015-06-02,33.91767120361328,38.345001220703125
2015-06-03,34.183021545410156,38.64500045776367
2015-06-04,33.93976974487305,38.369998931884766
2015-06-05,33.842472076416016,38.2599983215332
2015-06-08,33.60364532470703,37.9900016784668
2015-06-09,33.568275451660156,37.95000076293945
2015-06-10,33.91323471069336,38.34000015258789
2015-06-11,34.028236389160156,38.470001220703125
2015-06-12,33.87343978881836,38.29499816894531
2015-06-15,33.714229583740234,38.1150016784668
2015-06-16,33.91767120361328,38.345001220703125
2015-06-17,34.07245635986328,38.52000045776367
2015-06-18,34.483768463134766,38.98500061035156
2015-06-19,34.36265182495117,38.724998474121094
2015-06-22,34.55343246459961,38.939998626708984
2015-06-23,34.69096374511719,39.095001220703125
2015-06-24,34.451377868652344,38.82500076293945
2015-06-25,34.424766540527344,38.79499816894531
2015-06-26,34.562286376953125,38.95000076293945
2015-06-29,33.78142166137695,38.06999969482422
2015-06-30,33.93227767944336,38.2400016784668
2015-07-01,34.31828308105469,38.67499923706055
2015-07-02,34.2517204284668,38.599998474121094
2015-07-06,34.185184478759766,38.525001525878906
2015-07-07,34.48243713378906,38.86000061035156
2015-07-08,33.82579040527344,38.119998931884766
2015-07-09,33.96778106689453,38.279998779296875
2015-07-10,34.460243225097656,38.834999084472656
2015-07-13,34.95716857910156,39.39500045776367
2015-07-14,35.00153732299805,39.44499969482422
2015-07-15,34.96604537963867,39.404998779296875
2015-07-16,35.17900466918945,39.64500045776367
2015-07-17,35.11688995361328,39.57500076293945
2015-07-20,35.134639739990234,39.595001220703125
2015-07-21,35.02372360229492,39.470001220703125
2015-07-22,35.19231414794922,39.65999984741211
2015-07-23,34.983787536621094,39.42499923706055
2015-07-24,34.983787536621094,39.42499923706055
2015-07-27,34.72202682495117,39.130001068115234
2015-07-28,34.992652893066406,39.435001373291016
2015-07-29,35.352027893066406,39.84000015258789
2015-07-30,35.48070526123047,39.98500061035156
2015-07-31,35.591636657714844,40.11000061035156
2015-08-03,35.47183609008789,39.974998474121094
2015-08-04,35.62268829345703,40.14500045776367
2015-08-05,35.23668670654297,39.709999084472656
2015-08-06,34.75752258300781,39.16999816894531
2015-08-07,34.73090362548828,39.13999938964844
2015-08-10,35.01041793823242,39.45500183105469
2015-08-11,34.69540023803711,39.099998474121094
2015-08-12,34.544551849365234,38.93000030517578
2015-08-13,34.74421691894531,39.154998779296875
2015-08-14,34.76639175415039,39.18000030517578
2015-08-17,35.099151611328125,39.55500030517578
2015-08-18,35.13019943237305,39.59000015258789
2015-08-19,35.06808090209961,39.52000045776367
2015-08-20,34.083133697509766,38.40999984741211
2015-08-21,32.991695404052734,37.18000030517578
2015-08-24,31.67397689819336,35.69499969482422
2015-08-25,31.545303344726562,35.54999923706055
2015-08-26,32.74322509765625,36.900001525878906
2015-08-27,33.51078796386719,37.76499938964844
2015-08-28,33.52410125732422,37.779998779296875
2015-08-31,33.26676559448242,37.4900016784668
2015-09-01,32.42378616333008,36.540000915527344
2015-09-02,33.10703659057617,37.310001373291016
2015-09-03,33.120361328125,37.32500076293945
2015-09-04,32.765419006347656,36.92499923706055
2015-09-08,33.52410125732422,37.779998779296875
2015-09-09,33.16474151611328,37.375
2015-09-10,33.25788497924805,37.47999954223633
2015-09-11,33.506351470947266,37.7599983215332
2015-09-14,33.32887268066406,37.560001373291016
2015-09-15,33.679386138916016,37.95500183105469
2015-09-16,34.060943603515625,38.3849983215332
2015-09-17,34.1496696472168,38.48500061035156
2015-09-18,33.60591506958008,37.72999954223633
2015-09-21,33.89984893798828,38.060001373291016
2015-09-22,33.45004653930664,37.55500030517578
2015-09-23,33.36098098754883,37.45500183105469
2015-09-24,33.27190399169922,37.35499954223633
2015-09-25,33.26744842529297,37.349998474121094
2015-09-28,32.30995559692383,36.275001525878906
2015-09-29,32.203060150146484,36.154998779296875
2015-09-30,33.07149887084961,37.130001068115234
2015-10-01,33.316436767578125,37.404998779296875
2015-10-02,33.792964935302734,37.939998626708984
2015-10-05,34.291751861572266,38.5
2015-10-06,34.03789520263672,38.21500015258789
2015-10-07,34.1536865234375,38.345001220703125
2015-10-08,34.57230758666992,38.814998626708984
2015-10-09,34.61240768432617,38.86000061035156
2015-10-12,34.77717208862305,39.04499816894531
2015-10-13,34.590126037597656,38.834999084472656
2015-10-14,34.238311767578125,38.439998626708984
2015-10-15,34.683658599853516,38.939998626708984
2015-10-16,34.86624526977539,39.14500045776367
2015-10-19,35.03102493286133,39.33000183105469
2015-10-20,34.98649215698242,39.279998779296875
2015-10-21,34.830631256103516,39.10499954223633
2015-10-22,35.28932189941406,39.619998931884766
2015-10-23,35.463008880615234,39.814998626708984
2015-10-26,35.712406158447266,40.095001220703125
2015-10-27,35.54317855834961,39.904998779296875
2015-10-28,35.88162612915039,40.28499984741211
2015-10-29,35.98405838012695,40.400001525878906
2015-10-30,36.059776306152344,40.48500061035156
2015-11-02,36.22455596923828,40.66999816894531
2015-11-03,36.36261749267578,40.82500076293945
2015-11-04,36.12657165527344,40.560001373291016
2015-11-05,36.2557487487793,40.70500183105469
2015-11-06,36.26017761230469,40.709999084472656
2015-11-09,35.76139831542969,40.150001525878906
2015-11-10,36.099853515625,40.529998779296875
2015-11-11,35.88609313964844,40.290000915527344
2015-11-12,35.552085876464844,39.915000915527344
2015-11-13,34.61684799194336,38.8650016784668
2015-11-16,35.03548812866211,39.334999084472656
2015-11-17,35.102272033691406,39.40999984741211
2015-11-18,35.7034912109375,40.084999084472656
2015-11-19,35.7480354309082,40.1349983215332
2015-11-20,36.17557144165039,40.6150016784668
2015-11-23,36.30917739868164,40.76499938964844
2015-11-24,36.23345947265625,40.68000030517578
2015-11-25,36.41604995727539,40.8849983215332
2015-11-27,36.28245544433594,40.73500061035156
2015-11-30,35.975162506103516,40.38999938964844
2015-12-01,36.34478759765625,40.80500030517578
2015-12-02,36.02861022949219,40.45000076293945
2015-12-03,35.48527526855469,39.84000015258789
2015-12-04,36.171119689941406,40.61000061035156
2015-12-07,36.01969909667969,40.439998626708984
2015-12-08,35.91279983520508,40.31999969482422
2015-12-09,35.4541015625,39.80500030517578
2015-12-10,35.57434844970703,39.939998626708984
2015-12-11,34.76381301879883,39.029998779296875
2015-12-14,34.941951751708984,39.22999954223633
2015-12-15,35.13344192504883,39.44499969482422
2015-12-16,35.721309661865234,40.10499954223633
2015-12-17,35.13344192504883,39.44499969482422
2015-12-18,34.58116912841797,38.665000915527344
2015-12-21,34.755584716796875,38.86000061035156
2015-12-22,35.0104866027832,39.14500045776367
2015-12-23,35.18935012817383,39.345001220703125
2015-12-24,35.0954475402832,39.2400016784668
2015-12-28,35.18486785888672,39.34000015258789
2015-12-29,35.59182357788086,39.79499816894531
2015-12-30,35.30561447143555,39.474998474121094
2015-12-31,34.95233917236328,39.08000183105469
2016-01-04,34.35310363769531,38.40999984741211
2016-01-05,34.30838394165039,38.36000061035156
2016-01-06,33.972999572753906,37.98500061035156
2016-01-07,33.275390625,37.20500183105469
2016-01-08,32.91762161254883,36.80500030517578
2016-01-11,33.1769905090332,37.095001220703125
2016-01-12,33.543701171875,37.505001068115234
2016-01-13,32.41230392456055,36.2400016784668
2016-01-14,32.64484786987305,36.5
2016-01-15,31.97406768798828,35.75
2016-01-19,32.09480285644531,35.8849983215332
2016-01-20,31.813079833984375,35.56999969482422
2016-01-21,32.22001647949219,36.025001525878906
2016-01-22,32.783477783203125,36.654998779296875
2016-01-25,32.407833099365234,36.23500061035156
2016-01-26,32.88185119628906,36.76499938964844
2016-01-27,32.36758804321289,36.189998626708984
2016-01-28,32.783477783203125,36.654998779296875
2016-01-29,33.14122009277344,37.05500030517578
2016-02-01,33.34244918823242,37.279998779296875
2016-02-02,32.694034576416016,36.55500030517578
2016-02-03,32.60907745361328,36.459999084472656
2016-02-04,32.421260833740234,36.25
2016-02-05,31.374834060668945,35.08000183105469
2016-02-08,30.76664161682129,34.400001525878906
2016-02-09,30.71746826171875,34.345001220703125
2016-02-10,30.663795471191406,34.28499984741211
2016-02-11,30.645904541015625,34.26499938964844
2016-02-12,31.209362030029297,34.89500045776367
2016-02-16,31.965112686157227,35.7400016784668
2016-02-17,32.65380096435547,36.5099983215332
2016-02-18,32.43913650512695,36.27000045776367
2016-02-19,32.5285758972168,36.369998931884766
2016-02-22,33.15911102294922,37.07500076293945
2016-02-23,32.97575378417969,36.869998931884766
2016-02-24,33.16804885864258,37.084999084472656
2016-02-25,33.498992919921875,37.45500183105469
2016-02-26,33.463191986083984,37.415000915527344
2016-02-29,33.28880310058594,37.220001220703125
2016-03-01,34.169761657714844,38.20500183105469
2016-03-02,34.138465881347656,38.16999816894531
2016-03-03,34.33969497680664,38.39500045776367
2016-03-04,34.30838394165039,38.36000061035156
2016-03-07,34.16081619262695,38.19499969482422
2016-03-08,33.89250564575195,37.89500045776367
2016-03-09,33.9595832824707,37.970001220703125
2016-03-10,34.044551849365234,38.064998626708984
2016-03-11,34.567771911621094,38.650001525878906
2016-03-14,34.69744110107422,38.79499816894531
2016-03-15,34.688514709472656,38.78499984741211
2016-03-16,34.9702262878418,39.099998474121094
2016-03-17,35.0194206237793,39.154998779296875
2016-03-18,35.064762115478516,39.04499816894531
2016-03-21,35.08272933959961,39.064998626708984
2016-03-22,35.02435302734375,39.0
2016-03-23,34.77739334106445,38.724998474121094
2016-03-24,34.822303771972656,38.775001525878906
2016-03-28,34.979454040527344,38.95000076293945
2016-03-29,35.33418273925781,39.345001220703125
2016-03-30,35.55870819091797,39.595001220703125
2016-03-31,35.51829528808594,39.54999923706055
2016-04-01,35.666473388671875,39.71500015258789
2016-04-04,35.38806915283203,39.404998779296875
2016-04-05,35.08723068237305,39.06999969482422
2016-04-06,35.41950988769531,39.439998626708984
2016-04-07,35.01987838745117,38.994998931884766
2016-04-08,34.96599197387695,38.935001373291016
2016-04-11,34.83576202392578,38.790000915527344
2016-04-12,35.10070037841797,39.084999084472656
2016-04-13,35.59462356567383,39.6349983215332
2016-04-14,35.59462356567383,39.6349983215332
2016-04-15,35.693416595458984,39.744998931884766
2016-04-18,36.030181884765625,40.119998931884766
2016-04-19,35.832618713378906,39.900001525878906
2016-04-20,35.87751007080078,39.95000076293945
2016-04-21,35.75178909301758,39.810001373291016
2016-04-22,35.679931640625,39.72999954223633
2016-04-25,35.7203483581543,39.775001525878906
2016-04-26,35.805667877197266,39.869998931884766
2016-04-27,35.76974868774414,39.83000183105469
2016-04-28,35.38358688354492,39.400001525878906
2016-04-29,35.56318283081055,39.599998474121094
2016-05-02,36.061622619628906,40.154998779296875
2016-05-03,35.729331970214844,39.78499984741211
2016-05-04,35.56767654418945,39.60499954223633
2016-05-05,35.338680267333984,39.349998474121094
2016-05-06,35.59912109375,39.63999938964844
2016-05-09,35.697906494140625,39.75
2016-05-10,36.155914306640625,40.2599983215332
2016-05-11,35.42849349975586,39.45000076293945
2016-05-12,35.4958381652832,39.525001525878906
2016-05-13,35.07375717163086,39.05500030517578
2016-05-16,35.29378128051758,39.29999923706055
2016-05-17,34.89414596557617,38.85499954223633
2016-05-18,34.69207000732422,38.630001068115234
2016-05-19,34.66062927246094,38.595001220703125
2016-05-20,34.88964080810547,38.849998474121094
2016-05-23,34.768409729003906,38.71500015258789
2016-05-24,35.18600845336914,39.18000030517578
2016-05-25,35.37909698486328,39.39500045776367
2016-05-26,35.450931549072266,39.474998474121094
2016-05-27,35.6170654296875,39.65999984741211
2016-05-31,35.58115768432617,39.619998931884766
2016-06-01,35.55870819091797,39.595001220703125
2016-06-02,35.75627517700195,39.814998626708984
2016-06-03,35.52278137207031,39.55500030517578
2016-06-06,35.612586975097656,39.654998779296875
2016-06-07,35.65749740600586,39.70500183105469
2016-06-08,35.697906494140625,39.75
2016-06-09,35.6170654296875,39.65999984741211
2016-06-10,35.24437713623047,39.244998931884766
2016-06-13,35.05129623413086,39.029998779296875
2016-06-14,34.96149444580078,38.93000030517578
2016-06-15,35.060279846191406,39.040000915527344
2016-06-16,35.172542572021484,39.165000915527344
2016-06-17,35.117103576660156,38.96500015258789
2016-06-20,35.432552337646484,39.314998626708984
2016-06-21,35.3514289855957,39.224998474121094
2016-06-22,35.301856994628906,39.16999816894531
2016-06-23,35.64885711669922,39.55500030517578
2016-06-24,34.324012756347656,38.084999084472656
2016-06-27,33.69314193725586,37.3849983215332
2016-06-28,34.36457061767578,38.130001068115234
2016-06-29,34.91884231567383,38.744998931884766
2016-06-30,35.175689697265625,39.029998779296875
2016-07-01,35.54069137573242,39.435001373291016
2016-07-05,35.25230407714844,39.1150016784668
2016-07-06,35.554229736328125,39.45000076293945
2016-07-07,35.70744323730469,39.619998931884766
2016-07-08,36.32929611206055,40.310001373291016
2016-07-11,36.54107666015625,40.54499816894531
2016-07-12,36.685279846191406,40.70500183105469
2016-07-13,36.505027770996094,40.505001068115234
2016-07-14,36.65373611450195,40.66999816894531
2016-07-15,36.49152374267578,40.4900016784668
2016-07-18,36.6312141418457,40.64500045776367
2016-07-19,36.5635986328125,40.56999969482422
2016-07-20,36.716827392578125,40.7400016784668
2016-07-21,36.6176872253418,40.630001068115234
2016-07-22,36.770904541015625,40.79999923706055
2016-07-25,36.8294792175293,40.8650016784668
2016-07-26,36.784420013427734,40.814998626708984
2016-07-27,36.671775817871094,40.689998626708984
2016-07-28,36.739349365234375,40.76499938964844
2016-07-29,36.779911041259766,40.810001373291016
2016-08-01,36.83849334716797,40.875
2016-08-02,36.288734436035156,40.26499938964844
2016-08-03,36.39237976074219,40.380001068115234
2016-08-04,36.374351501464844,40.36000061035156
2016-08-05,36.75739288330078,40.78499984741211
2016-08-08,36.63571548461914,40.650001525878906
2016-08-09,36.527549743652344,40.529998779296875
2016-08-10,36.604183197021484,40.6150016784668
2016-08-11,36.969173431396484,41.02000045776367
2016-08-12,36.951148986816406,41.0
2016-08-15,37.023250579833984,41.08000183105469
2016-08-16,36.81146240234375,40.845001220703125
2016-08-17,36.7258415222168,40.75
2016-08-18,36.70330047607422,40.724998474121094
2016-08-19,36.7258415222168,40.75
2016-08-22,36.68978500366211,40.709999084472656
2016-08-23,36.87454605102539,40.915000915527344
2016-08-24,36.69881057739258,40.720001220703125
2016-08-25,36.577144622802734,40.584999084472656
2016-08-26,36.47348403930664,40.470001220703125
2016-08-29,36.59967041015625,40.61000061035156
2016-08-30,36.39687728881836,40.3849983215332
2016-08-31,36.30226135253906,40.279998779296875
2016-09-01,36.374351501464844,40.36000061035156
2016-09-02,36.44645690917969,40.439998626708984
2016-09-06,36.51405715942383,40.51499938964844
2016-09-07,36.53207015991211,40.53499984741211
2016-09-08,36.21662902832031,40.185001373291016
2016-09-09,35.34243392944336,39.21500015258789
2016-09-12,35.8381233215332,39.76499938964844
2016-09-13,35.32889938354492,39.20000076293945
2016-09-14,35.33341979980469,39.20500183105469
2016-09-15,35.59026336669922,39.4900016784668
2016-09-16,35.513370513916016,39.255001068115234
2016-09-19,35.486236572265625,39.224998474121094
2016-09-20,35.513370513916016,39.255001068115234
2016-09-21,35.857147216796875,39.6349983215332
2016-09-22,36.119503021240234,39.92499923706055
2016-09-23,36.03809356689453,39.834999084472656
2016-09-26,35.6400260925293,39.39500045776367
2016-09-27,36.001895904541016,39.79499816894531
2016-09-28,36.101417541503906,39.904998779296875
2016-09-29,35.915958404541016,39.70000076293945
2016-09-30,36.20545959472656,40.02000045776367
2016-10-03,36.182838439941406,39.994998931884766
2016-10-04,36.05618667602539,39.85499954223633
2016-10-05,36.20545959472656,40.02000045776367
2016-10-06,36.23259353637695,40.04999923706055
2016-10-07,36.06974411010742,39.869998931884766
2016-10-10,36.12855911254883,39.935001373291016
2016-10-11,35.68977737426758,39.45000076293945
2016-10-12,35.857147216796875,39.6349983215332
2016-10-13,35.7259635925293,39.4900016784668
2016-10-14,35.68526840209961,39.44499969482422
2016-10-17,35.3912353515625,39.119998931884766
2016-10-18,35.62646484375,39.380001068115234
2016-10-19,35.78477478027344,39.55500030517578
2016-10-20,35.7169189453125,39.47999954223633
2016-10-21,36.001895904541016,39.79499816894531
2016-10-24,36.25974655151367,40.08000183105469
2016-10-25,35.83454132080078,39.61000061035156
2016-10-26,35.68073272705078,39.439998626708984
2016-10-27,35.3822021484375,39.11000061035156
2016-10-28,35.300777435302734,39.02000045776367
2016-10-31,35.327911376953125,39.04999923706055
2016-11-01,35.07912063598633,38.775001525878906
2016-11-02,34.86650848388672,38.540000915527344
2016-11-03,34.77604675292969,38.439998626708984
2016-11-04,34.708194732666016,38.3650016784668
2016-11-07,35.50883102416992,39.25
2016-11-08,35.65359878540039,39.40999984741211
2016-11-09,35.7259635925293,39.4900016784668
2016-11-10,35.857147216796875,39.6349983215332
2016-11-11,36.060699462890625,39.86000061035156
2016-11-14,36.065242767333984,39.8650016784668
2016-11-15,36.20545959472656,40.02000045776367
2016-11-16,36.40448760986328,40.2400016784668
2016-11-17,36.84324645996094,40.724998474121094
2016-11-18,36.73017883300781,40.599998474121094
2016-11-21,36.96990966796875,40.8650016784668
2016-11-22,37.40868377685547,41.349998474121094
2016-11-23,37.444854736328125,41.38999938964844
2016-11-25,37.535343170166016,41.4900016784668
2016-11-28,37.23678970336914,41.15999984741211
2016-11-29,37.336299896240234,41.27000045776367
2016-11-30,37.024192810058594,40.92499923706055
2016-12-01,37.04228591918945,40.94499969482422
2016-12-02,36.83872985839844,40.720001220703125
2016-12-05,37.24131393432617,41.165000915527344
2016-12-06,37.3272590637207,41.2599983215332
2016-12-07,38.051002502441406,42.060001373291016
2016-12-08,38.051002502441406,42.060001373291016
2016-12-09,38.13694763183594,42.154998779296875
2016-12-12,37.8203239440918,41.80500030517578
2016-12-13,38.15957260131836,42.18000030517578
2016-12-14,37.901737213134766,41.89500045776367
2016-12-15,37.8112678527832,41.79499816894531
2016-12-16,37.62562942504883,41.345001220703125
2016-12-19,37.72572708129883,41.45500183105469
2016-12-20,38.026031494140625,41.78499984741211
2016-12-21,38.00782775878906,41.76499938964844
2016-12-22,37.598323822021484,41.314998626708984
2016-12-23,37.516414642333984,41.224998474121094
2016-12-27,37.662010192871094,41.3849983215332
2016-12-28,37.40266036987305,41.099998474121094
2016-12-29,37.35260009765625,41.04499816894531
2016-12-30,37.03864669799805,40.70000076293945
2017-01-03,37.25703811645508,40.939998626708984
2017-01-04,37.75302505493164,41.48500061035156
2017-01-05,37.72572708129883,41.45500183105469
2017-01-06,37.91227722167969,41.65999984741211
2017-01-09,37.880428314208984,41.625
2017-01-10,38.01694107055664,41.775001525878906
2017-01-11,38.09884262084961,41.8650016784668
2017-01-12,38.062442779541016,41.82500076293945
2017-01-13,38.20349884033203,41.97999954223633
2017-01-17,38.267189025878906,42.04999923706055
2017-01-18,38.198936462402344,41.974998474121094
2017-01-19,38.08064270019531,41.845001220703125
2017-01-20,38.18983840942383,41.96500015258789
2017-01-23,38.2171516418457,41.994998931884766
2017-01-24,38.5311164855957,42.34000015258789
2017-01-25,38.7677116394043,42.599998474121094
2017-01-26,38.826866149902344,42.665000915527344
2017-01-27,38.70402526855469,42.529998779296875
2017-01-30,38.658504486083984,42.47999954223633
2017-01-31,38.59937286376953,42.415000915527344
2017-02-01,38.52655029296875,42.334999084472656
2017-02-02,38.49470901489258,42.29999923706055
2017-02-03,38.444644927978516,42.244998931884766
2017-02-06,38.330902099609375,42.119998931884766
2017-02-07,38.29450988769531,42.08000183105469
2017-02-08,38.5311164855957,42.34000015258789
2017-02-09,38.77227020263672,42.60499954223633
2017-02-10,39.00888442993164,42.8650016784668
2017-02-13,39.05438232421875,42.915000915527344
2017-02-14,39.27734375,43.15999984741211
2017-02-15,39.48209762573242,43.3849983215332
2017-02-16,39.281898498535156,43.165000915527344
2017-02-17,39.40930938720703,43.30500030517578
2017-02-21,39.636802673339844,43.55500030517578
2017-02-22,39.636802673339844,43.55500030517578
2017-02-23,39.36834716796875,43.2599983215332
2017-02-24,39.55034255981445,43.459999084472656
2017-02-27,39.59586715698242,43.5099983215332
2017-02-28,39.30008316040039,43.185001373291016
2017-03-01,39.74147415161133,43.66999816894531
2017-03-02,39.64590835571289,43.564998626708984
2017-03-03,39.58675003051758,43.5
2017-03-06,39.4593391418457,43.36000061035156
2017-03-07,39.331947326660156,43.220001220703125
2017-03-08,39.49576187133789,43.400001525878906
2017-03-09,39.4593391418457,43.36000061035156
2017-03-10,39.51850128173828,43.42499923706055
2017-03-13,39.62315368652344,43.540000915527344
2017-03-14,39.614051818847656,43.529998779296875
2017-03-15,39.823368072509766,43.7599983215332
2017-03-16,39.81882858276367,43.755001068115234
2017-03-17,39.86947250366211,43.68000030517578
2017-03-20,39.77363204956055,43.57500076293945
2017-03-21,39.271610260009766,43.025001525878906
2017-03-22,39.31725311279297,43.07500076293945
2017-03-23,39.40852737426758,43.17499923706055
2017-03-24,39.504371643066406,43.279998779296875
2017-03-27,39.49067306518555,43.26499938964844
2017-03-28,39.79189682006836,43.595001220703125
2017-03-29,40.02920913696289,43.85499954223633
2017-03-30,40.13418960571289,43.970001220703125
2017-03-31,40.138729095458984,43.974998474121094
2017-04-03,39.97900390625,43.79999923706055
2017-04-04,39.91511535644531,43.72999954223633
2017-04-05,39.81927490234375,43.625
2017-04-06,39.9424934387207,43.7599983215332
2017-04-07,39.82383728027344,43.630001068115234
2017-04-10,39.96987533569336,43.790000915527344
2017-04-11,39.93794631958008,43.755001068115234
2017-04-12,39.7782096862793,43.58000183105469
2017-04-13,39.49980545043945,43.275001525878906
2017-04-17,39.905982971191406,43.720001220703125
2017-04-18,39.91055679321289,43.724998474121094
2017-04-19,39.947059631347656,43.76499938964844
2017-04-20,40.36692810058594,44.224998474121094
2017-04-21,40.2756462097168,44.125
2017-04-24,40.53578186035156,44.40999984741211
2017-04-25,40.85525131225586,44.7599983215332
2017-04-26,41.04694747924805,44.970001220703125
2017-04-27,41.26599884033203,45.209999084472656
2017-04-28,41.10171127319336,45.029998779296875
2017-05-01,41.15646743774414,45.09000015258789
2017-05-02,41.20211410522461,45.13999938964844
2017-05-03,40.96022415161133,44.875
2017-05-04,40.89634323120117,44.80500030517578
2017-05-05,41.15190887451172,45.084999084472656
2017-05-08,41.229469299316406,45.16999816894531
2017-05-09,41.466796875,45.43000030517578
2017-05-10,41.3253288269043,45.275001525878906
2017-05-11,41.07889938354492,45.005001068115234
2017-05-12,41.019561767578125,44.939998626708984
2017-05-15,41.028682708740234,44.95000076293945
2017-05-16,40.88721466064453,44.79499816894531
2017-05-17,40.2254524230957,44.06999969482422
2017-05-18,40.45820617675781,44.32500076293945
2017-05-19,40.732032775878906,44.625
2017-05-22,40.937400817871094,44.849998474121094
2017-05-23,40.78223419189453,44.68000030517578
2017-05-24,40.928287506103516,44.84000015258789
2017-05-25,41.288818359375,45.23500061035156
2017-05-26,41.41203689575195,45.369998931884766
2017-05-30,41.44398880004883,45.404998779296875
2017-05-31,41.55351638793945,45.525001525878906
2017-06-01,41.94601821899414,45.95500183105469
2017-06-02,42.09660720825195,46.119998931884766
2017-06-05,41.98251724243164,45.994998931884766
2017-06-06,41.62197494506836,45.599998474121094
2017-06-07,41.69499588012695,45.68000030517578
2017-06-08,41.42572021484375,45.3849983215332
2017-06-09,41.243194580078125,45.185001373291016
2017-06-12,41.220359802246094,45.15999984741211
2017-06-13,41.475929260253906,45.439998626708984
2017-06-14,41.453125,45.415000915527344
2017-06-15,41.27969741821289,45.224998474121094
2017-06-16,41.268253326416016,45.07500076293945
2017-06-19,41.584110260009766,45.41999816894531
2017-06-20,41.06224822998047,44.849998474121094
2017-06-21,41.12633514404297,44.91999816894531
2017-06-22,41.03020095825195,44.814998626708984
2017-06-23,40.9798469543457,44.7599983215332
2017-06-26,41.12633514404297,44.91999816894531
2017-06-27,40.80131530761719,44.564998626708984
2017-06-28,41.21331787109375,45.01499938964844
2017-06-29,40.8150634765625,44.58000183105469
2017-06-30,41.03020095825195,44.814998626708984
2017-07-03,40.98899459838867,44.77000045776367
2017-07-05,40.8882942199707,44.65999984741211
2017-07-06,40.47172546386719,44.20500183105469
2017-07-07,40.833370208740234,44.599998474121094
2017-07-10,40.920345306396484,44.69499969482422
2017-07-11,40.837947845458984,44.60499954223633
2017-07-12,41.14922332763672,44.94499969482422
2017-07-13,41.153804779052734,44.95000076293945
2017-07-14,41.28654861450195,45.095001220703125
2017-07-17,41.38727569580078,45.20500183105469
2017-07-18,41.57495880126953,45.40999984741211
2017-07-19,41.77638626098633,45.630001068115234
2017-07-20,41.689395904541016,45.53499984741211
2017-07-21,41.71687316894531,45.564998626708984
2017-07-24,41.57495880126953,45.40999984741211
2017-07-25,41.86793518066406,45.72999954223633
2017-07-26,41.849613189697266,45.709999084472656
2017-07-27,42.15632629394531,46.04499816894531
2017-07-28,41.83588790893555,45.69499969482422
2017-07-31,41.8221549987793,45.68000030517578
2017-08-01,41.895408630371094,45.7599983215332
2017-08-02,41.78095626831055,45.6349983215332
2017-08-03,41.666500091552734,45.5099983215332
2017-08-04,41.671085357666016,45.51499938964844
2017-08-07,41.7672233581543,45.619998931884766
2017-08-08,41.790122985839844,45.64500045776367
2017-08-09,41.54750061035156,45.380001068115234
2017-08-10,40.92491912841797,44.70000076293945
2017-08-11,41.135501861572266,44.93000030517578
2017-08-14,41.428466796875,45.25
2017-08-15,41.04851531982422,44.834999084472656
2017-08-16,41.25908660888672,45.064998626708984
2017-08-17,40.59989547729492,44.345001220703125
2017-08-18,40.398475646972656,44.125
2017-08-21,40.47172546386719,44.20500183105469
2017-08-22,40.906612396240234,44.68000030517578
2017-08-23,40.558685302734375,44.29999923706055
2017-08-24,40.47172546386719,44.20500183105469
2017-08-25,40.57244110107422,44.314998626708984
2017-08-28,40.5953254699707,44.34000015258789
2017-08-29,40.558685302734375,44.29999923706055
2017-08-30,40.85167694091797,44.619998931884766
2017-08-31,41.04395294189453,44.83000183105469
2017-09-01,41.23162841796875,45.03499984741211
2017-09-05,41.06224822998047,44.849998474121094
2017-09-06,41.318599700927734,45.130001068115234
2017-09-07,40.961544036865234,44.7400016784668
2017-09-08,40.81962585449219,44.584999084472656
2017-09-11,41.03478240966797,44.81999969482422
2017-09-12,41.2179069519043,45.02000045776367
2017-09-13,41.51546096801758,45.345001220703125
2017-09-14,41.2911376953125,45.099998474121094
2017-09-15,41.17536544799805,44.814998626708984
2017-09-18,41.032955169677734,44.65999984741211
2017-09-19,40.99620819091797,44.619998931884766
2017-09-20,41.13401412963867,44.77000045776367
2017-09-21,41.06510925292969,44.69499969482422
2017-09-22,41.13401412963867,44.77000045776367
2017-09-25,41.04673767089844,44.67499923706055
2017-09-26,41.051334381103516,44.68000030517578
2017-09-27,41.27643966674805,44.92499923706055
2017-09-28,41.225894927978516,44.869998931884766
2017-09-29,41.38211441040039,45.040000915527344
2017-10-02,41.4601936340332,45.125
2017-10-03,41.634761810302734,45.314998626708984
2017-10-04,41.85068130493164,45.54999923706055
2017-10-05,42.084964752197266,45.80500030517578
2017-10-06,42.135498046875,45.86000061035156
2017-10-09,42.00228500366211,45.71500015258789
2017-10-10,41.960933685302734,45.66999816894531
2017-10-11,41.98390197753906,45.69499969482422
2017-10-12,41.70366287231445,45.38999938964844
2017-10-13,41.905799865722656,45.61000061035156
2017-10-16,41.960933685302734,45.66999816894531
2017-10-17,41.98390197753906,45.69499969482422
2017-10-18,41.86905288696289,45.56999969482422
2017-10-19,41.86905288696289,45.56999969482422
2017-10-20,41.970123291015625,45.68000030517578
2017-10-23,41.68529510498047,45.369998931884766
2017-10-24,41.78636932373047,45.47999954223633
2017-10-25,41.62558364868164,45.30500030517578
2017-10-26,41.77259826660156,45.46500015258789
2017-10-27,42.44790267944336,46.20000076293945
2017-10-30,42.25495147705078,45.9900016784668
2017-10-31,42.2595329284668,45.994998931884766
2017-11-01,42.273311614990234,46.0099983215332
2017-11-02,41.95633316040039,45.665000915527344
2017-11-03,42.126319885253906,45.849998474121094
2017-11-06,42.434112548828125,46.185001373291016
2017-11-07,42.18144226074219,45.90999984741211
2017-11-08,42.22738265991211,45.959999084472656
2017-11-09,42.291683197021484,46.029998779296875
2017-11-10,42.434112548828125,46.185001373291016
2017-11-13,42.57651901245117,46.34000015258789
2017-11-14,42.61327362060547,46.380001068115234
2017-11-15,42.429500579833984,46.18000030517578
2017-11-16,42.783241271972656,46.564998626708984
2017-11-17,42.97160720825195,46.77000045776367
2017-11-20,43.054290771484375,46.86000061035156
2017-11-21,43.32073211669922,47.150001525878906
2017-11-22,43.36207962036133,47.19499969482422
2017-11-24,43.47233581542969,47.314998626708984
2017-11-27,43.504486083984375,47.349998474121094
2017-11-28,43.986846923828125,47.875
2017-11-29,44.175201416015625,48.08000183105469
2017-11-30,44.40031051635742,48.32500076293945
2017-12-01,44.381927490234375,48.30500030517578
2017-12-04,44.89645004272461,48.8650016784668
2017-12-05,44.639198303222656,48.584999084472656
2017-12-06,44.34977722167969,48.27000045776367
2017-12-07,44.464622497558594,48.39500045776367
2017-12-08,44.67593765258789,48.625
2017-12-11,44.77241134643555,48.72999954223633
2017-12-12,44.79079818725586,48.75
2017-12-13,44.82754135131836,48.790000915527344
2017-12-14,44.965354919433594,48.939998626708984
2017-12-15,45.15988540649414,48.98500061035156
2017-12-18,45.56553268432617,49.42499923706055
2017-12-19,45.50559997558594,49.36000061035156
2017-12-20,45.418025970458984,49.26499938964844
2017-12-21,45.713035583496094,49.584999084472656
2017-12-22,45.62545394897461,49.4900016784668
2017-12-26,45.72685623168945,49.599998474121094
2017-12-27,45.63467025756836,49.5
2017-12-28,45.759117126464844,49.6349983215332
2017-12-29,45.49177169799805,49.345001220703125
2018-01-02,46.18320083618164,50.095001220703125
2018-01-03,46.39524459838867,50.32500076293945
2018-01-04,46.547367095947266,50.4900016784668
2018-01-05,46.91613006591797,50.88999938964844
2018-01-08,46.9714469909668,50.95000076293945
2018-01-09,47.06362533569336,51.04999923706055
2018-01-10,47.03135299682617,51.01499938964844
2018-01-11,47.796566009521484,51.845001220703125
2018-01-12,48.41425323486328,52.51499938964844
2018-01-16,48.06852340698242,52.13999938964844
2018-01-17,48.29899978637695,52.38999938964844
2018-01-18,48.257503509521484,52.345001220703125
2018-01-19,48.67698287963867,52.79999923706055
2018-01-22,49.2162971496582,53.3849983215332
2018-01-23,49.63115692138672,53.834999084472656
2018-01-24,49.84320068359375,54.064998626708984
2018-01-25,49.755619049072266,53.970001220703125
2018-01-26,50.24422836303711,54.5
2018-01-29,50.10594177246094,54.349998474121094
2018-01-30,49.85702896118164,54.08000183105469
2018-01-31,49.6956901550293,53.904998779296875
2018-02-01,49.142539978027344,53.30500030517578
2018-02-02,48.67237854003906,52.79499816894531
2018-02-05,47.03135299682617,51.01499938964844
2018-02-06,48.23446273803711,52.31999969482422
2018-02-07,48.086952209472656,52.15999984741211
2018-02-08,46.16937255859375,50.08000183105469
2018-02-09,46.47822189331055,50.415000915527344
2018-02-12,47.10973358154297,51.099998474121094
2018-02-13,47.354034423828125,51.3650016784668
2018-02-14,48.110015869140625,52.185001373291016
2018-02-15,48.5386962890625,52.650001525878906
2018-02-16,48.303611755371094,52.39500045776367
2018-02-20,48.15609359741211,52.23500061035156
2018-02-21,48.086952209472656,52.15999984741211
2018-02-22,48.14686965942383,52.224998474121094
2018-02-23,48.81986618041992,52.95500183105469
2018-02-26,49.23012161254883,53.400001525878906
2018-02-27,48.18836975097656,52.27000045776367
2018-02-28,47.97172164916992,52.03499984741211
2018-03-01,47.4554443359375,51.474998474121094
2018-03-02,47.50153732299805,51.525001525878906
2018-03-05,48.06852340698242,52.13999938964844
2018-03-06,48.400390625,52.5
2018-03-07,48.07312774658203,52.14500045776367
2018-03-08,48.22523880004883,52.310001373291016
2018-03-09,48.97199249267578,53.119998931884766
2018-03-12,49.133331298828125,53.29499816894531
2018-03-13,48.7876091003418,52.91999816894531
2018-03-14,48.72768020629883,52.85499954223633
2018-03-15,48.67698287963867,52.79999923706055
2018-03-16,48.62613296508789,52.59000015258789
2018-03-19,48.0205078125,51.935001373291016
2018-03-20,48.307125091552734,52.244998931884766
2018-03-21,48.27015686035156,52.20500183105469
2018-03-22,47.243812561035156,51.095001220703125
2018-03-23,46.31456756591797,50.09000015258789
2018-03-26,47.683013916015625,51.56999969482422
2018-03-27,46.749149322509766,50.560001373291016
2018-03-28,46.180484771728516,49.94499969482422
2018-03-29,46.827720642089844,50.64500045776367
2018-04-02,45.50550842285156,49.21500015258789
2018-04-03,46.083404541015625,49.84000015258789
2018-04-04,46.929443359375,50.755001068115234
2018-04-05,47.55818176269531,51.435001373291016
2018-04-06,46.54572677612305,50.34000015258789
2018-04-09,46.43476486206055,50.220001220703125
2018-04-10,46.998775482177734,50.83000183105469
2018-04-11,46.855464935302734,50.67499923706055
2018-04-12,47.05887222290039,50.89500045776367
2018-04-13,46.79536056518555,50.61000061035156
2018-04-16,47.146724700927734,50.9900016784668
2018-04-17,48.025108337402344,51.939998626708984
2018-04-18,48.25165939331055,52.185001373291016
2018-04-19,48.09910202026367,52.02000045776367
2018-04-20,47.60903549194336,51.4900016784668
2018-04-23,47.710750579833984,51.599998474121094
2018-04-24,46.957183837890625,50.78499984741211
2018-04-25,47.15134048461914,50.994998931884766
2018-04-26,47.914161682128906,51.81999969482422
2018-04-27,48.1314582824707,52.05500030517578
2018-04-30,47.94190979003906,51.849998474121094
2018-05-01,48.006622314453125,51.91999816894531
2018-05-02,47.678375244140625,51.564998626708984
2018-05-03,47.46571350097656,51.334999084472656
2018-05-04,48.089839935302734,52.0099983215332
2018-05-07,48.25165939331055,52.185001373291016
2018-05-08,48.04823303222656,51.96500015258789
2018-05-09,48.21467208862305,52.14500045776367
2018-05-10,48.390342712402344,52.334999084472656
2018-05-11,48.49205780029297,52.44499969482422
2018-05-14,48.58451461791992,52.54499816894531
2018-05-15,48.302513122558594,52.2400016784668
2018-05-16,48.70470428466797,52.67499923706055
2018-05-17,48.54289627075195,52.5
2018-05-18,48.48280334472656,52.435001373291016
2018-05-21,48.75095748901367,52.724998474121094
2018-05-22,48.533653259277344,52.4900016784668
2018-05-23,48.8850212097168,52.869998931884766
2018-05-24,48.99134063720703,52.98500061035156
2018-05-25,49.06532669067383,53.064998626708984
2018-05-29,48.68622970581055,52.654998779296875
2018-05-30,49.13004684448242,53.1349983215332
2018-05-31,48.89426803588867,52.880001068115234
2018-06-01,49.25486755371094,53.27000045776367
2018-06-04,49.80501937866211,53.8650016784668
2018-06-05,50.09627914428711,54.18000030517578
2018-06-06,50.56321716308594,54.685001373291016
2018-06-07,50.71115493774414,54.845001220703125
2018-06-08,50.81748580932617,54.959999084472656
2018-06-11,51.020912170410156,55.18000030517578
2018-06-12,51.26593017578125,55.44499969482422
2018-06-13,51.34452819824219,55.529998779296875
2018-06-14,51.88080978393555,56.11000061035156
2018-06-15,51.96609878540039,56.05500030517578
2018-06-18,51.87803649902344,55.959999084472656
2018-06-19,51.813133239746094,55.88999938964844
2018-06-20,52.05881118774414,56.154998779296875
2018-06-21,51.68798828125,55.755001068115234
2018-06-22,51.59990692138672,55.65999984741211
2018-06-25,50.47817611694336,54.45000076293945
2018-06-26,50.839725494384766,54.84000015258789
2018-06-27,50.181522369384766,54.130001068115234
2018-06-28,50.57551574707031,54.55500030517578
2018-06-29,50.663597106933594,54.650001525878906
2018-07-02,50.733116149902344,54.724998474121094
2018-07-03,50.47817611694336,54.45000076293945
2018-07-05,50.728485107421875,54.720001220703125
2018-07-06,51.12711715698242,55.150001525878906
2018-07-09,51.73897171020508,55.810001373291016
2018-07-10,51.850215911865234,55.93000030517578
2018-07-11,51.72970199584961,55.79999923706055
2018-07-12,52.07270431518555,56.16999816894531
2018-07-13,52.1885871887207,56.29499816894531
2018-07-16,52.318382263183594,56.435001373291016
2018-07-17,52.3693733215332,56.4900016784668
2018-07-18,52.3369255065918,56.45500183105469
2018-07-19,52.21640396118164,56.32500076293945
2018-07-20,51.984649658203125,56.07500076293945
2018-07-23,51.929012298583984,56.01499938964844
2018-07-24,51.77605438232422,55.849998474121094
2018-07-25,52.15614700317383,56.2599983215332
2018-07-26,51.882659912109375,55.96500015258789
2018-07-27,51.74824905395508,55.81999969482422
2018-07-30,51.335697174072266,55.375
2018-07-31,51.576744079589844,55.6349983215332
2018-08-01,51.321807861328125,55.36000061035156
2018-08-02,51.6740837097168,55.7400016784668
2018-08-03,51.850215911865234,55.93000030517578
2018-08-06,52.19786834716797,56.30500030517578
2018-08-07,52.438899993896484,56.564998626708984
2018-08-08,52.4945182800293,56.625
2018-08-09,52.689205169677734,56.834999084472656
2018-08-10,52.24885177612305,56.36000061035156
2018-08-13,51.984649658203125,56.07500076293945
2018-08-14,52.489891052246094,56.619998931884766
2018-08-15,51.850215911865234,55.93000030517578
2018-08-16,52.10515594482422,56.20500183105469
2018-08-17,52.151512145996094,56.255001068115234
2018-08-20,52.52234649658203,56.654998779296875
2018-08-21,52.93949508666992,57.10499954223633
2018-08-22,52.99514389038086,57.165000915527344
2018-08-23,52.944149017333984,57.11000061035156
2018-08-24,53.25470733642578,57.44499969482422
2018-08-27,53.59771728515625,57.814998626708984
2018-08-28,53.70433044433594,57.93000030517578
2018-08-29,54.306922912597656,58.58000183105469
2018-08-30,53.99635696411133,58.244998931884766
2018-08-31,54.20957565307617,58.474998474121094
2018-09-04,54.31155776977539,58.584999084472656
2018-09-05,53.72750473022461,57.95500183105469
2018-09-06,53.57917022705078,57.79499816894531
2018-09-07,53.574546813964844,57.790000915527344
2018-09-10,53.77386474609375,58.005001068115234
2018-09-11,54.20494842529297,58.470001220703125
2018-09-12,54.306922912597656,58.58000183105469
2018-09-13,54.399627685546875,58.68000030517578
2018-09-14,54.195674896240234,58.459999084472656
2018-09-17,53.52355194091797,57.73500061035156
2018-09-18,54.20494842529297,58.470001220703125
2018-09-19,54.22810745239258,58.494998931884766
2018-09-20,54.59893798828125,58.89500045776367
2018-09-21,54.357643127441406,58.459999084472656
2018-09-24,54.00431823730469,58.08000183105469
2018-09-25,54.23212814331055,58.32500076293945
2018-09-26,54.357643127441406,58.459999084472656
2018-09-27,54.54361343383789,58.65999984741211
2018-09-28,54.49712371826172,58.61000061035156
2018-10-01,54.32974624633789,58.43000030517578
2018-10-02,53.59520721435547,57.63999938964844
2018-10-03,53.413883209228516,57.44499969482422
2018-10-04,52.5770378112793,56.54499816894531
2018-10-05,52.181861877441406,56.119998931884766
2018-10-08,52.31668472290039,56.26499938964844
2018-10-09,52.16326904296875,56.099998474121094
2018-10-10,50.4058952331543,54.209999084472656
2018-10-11,49.51791000366211,53.255001068115234
2018-10-12,50.433780670166016,54.2400016784668
2018-10-15,50.31755447387695,54.1150016784668
2018-10-16,51.326416015625,55.20000076293945
2018-10-17,50.903350830078125,54.744998931884766
2018-10-18,49.927032470703125,53.69499969482422
2018-10-19,49.43886184692383,53.16999816894531
2018-10-22,49.63877868652344,53.3849983215332
2018-10-23,49.648067474365234,53.39500045776367
2018-10-24,48.165008544921875,51.79999923706055
2018-10-25,49.620182037353516,53.3650016784668
2018-10-26,48.07667922973633,51.70500183105469
2018-10-29,47.653602600097656,51.25
2018-10-30,48.36956787109375,52.02000045776367
2018-10-31,48.992549896240234,52.689998626708984
2018-11-01,49.99210739135742,53.76499938964844
2018-11-02,50.19668960571289,53.98500061035156
2018-11-05,50.26641845703125,54.060001373291016
2018-11-06,50.48957061767578,54.29999923706055
2018-11-07,51.85641860961914,55.77000045776367
2018-11-08,51.870361328125,55.78499984741211
2018-11-09,51.149749755859375,55.0099983215332
2018-11-12,50.122291564941406,53.904998779296875
2018-11-13,50.099037170410156,53.880001068115234
2018-11-14,49.72247314453125,53.474998474121094
2018-11-15,49.648067474365234,53.39500045776367
2018-11-16,49.45281982421875,53.185001373291016
2018-11-19,48.244041442871094,51.8849983215332
2018-11-20,47.15149688720703,50.709999084472656
2018-11-21,47.64430236816406,51.2400016784668
2018-11-23,47.430442810058594,51.0099983215332
2018-11-26,48.49509048461914,52.154998779296875
2018-11-27,48.63921356201172,52.310001373291016
2018-11-28,50.075801849365234,53.85499954223633
2018-11-29,49.84335708618164,53.60499954223633
2018-11-30,50.205963134765625,53.994998931884766
2018-12-03,51.145103454589844,55.005001068115234
2018-12-04,49.304046630859375,53.025001525878906
2018-12-06,49.5411491394043,53.279998779296875
2018-12-07,48.05807876586914,51.685001373291016
2018-12-10,48.09526824951172,51.724998474121094
2018-12-11,48.11386489868164,51.744998931884766
2018-12-12,48.62062454223633,52.290000915527344
2018-12-13,48.37885665893555,52.029998779296875
2018-12-14,47.57455825805664,51.165000915527344
2018-12-17,46.36578369140625,49.8650016784668
2018-12-18,46.728424072265625,50.255001068115234
2018-12-19,45.8032341003418,49.2599983215332
2018-12-20,44.77578353881836,48.154998779296875
2018-12-21,43.761112213134766,46.880001068115234
2018-12-24,42.9303092956543,45.9900016784668
2018-12-26,45.474029541015625,48.71500015258789
2018-12-27,45.71671676635742,48.974998474121094
2018-12-28,45.72140121459961,48.97999954223633
2018-12-31,46.21146011352539,49.505001068115234
2019-01-02,46.56151580810547,49.880001068115234
2019-01-03,45.55336380004883,48.79999923706055
2019-01-04,47.0609245300293,50.415000915527344
2019-01-07,48.125083923339844,51.55500030517578
2019-01-08,48.65715789794922,52.125
2019-01-09,48.9045295715332,52.38999938964844
2019-01-10,48.7645149230957,52.2400016784668
2019-01-11,48.811180114746094,52.290000915527344
2019-01-14,48.51246643066406,51.970001220703125
2019-01-15,48.95119857788086,52.439998626708984
2019-01-16,48.83918762207031,52.31999969482422
2019-01-17,49.17056655883789,52.67499923706055
2019-01-18,49.85200500488281,53.404998779296875
2019-01-22,49.105228424072266,52.60499954223633
2019-01-23,49.2032356262207,52.709999084472656
2019-01-24,49.40860366821289,52.93000030517578
2019-01-25,49.954689025878906,53.51499938964844
2019-01-28,49.66530990600586,53.20500183105469
2019-01-29,49.343265533447266,52.86000061035156
2019-01-30,50.314064025878906,53.900001525878906
2019-01-31,50.77147674560547,54.38999938964844
2019-02-01,50.029361724853516,53.595001220703125
2019-02-04,50.3560676574707,53.94499969482422
2019-02-05,50.82748031616211,54.45000076293945
2019-02-06,50.61745071411133,54.224998474121094
2019-02-07,50.202056884765625,53.779998779296875
2019-02-08,50.00135803222656,53.564998626708984
2019-02-11,50.09004592895508,53.65999984741211
2019-02-12,50.86015319824219,54.48500061035156
2019-02-13,51.205543518066406,54.85499954223633
2019-02-14,51.018836975097656,54.654998779296875
2019-02-15,51.36888885498047,55.029998779296875
2019-02-19,51.57892608642578,55.255001068115234
2019-02-20,51.681610107421875,55.3650016784668
2019-02-21,51.57892608642578,55.255001068115234
2019-02-22,51.858970642089844,55.55500030517578
2019-02-25,51.686256408691406,55.369998931884766
2019-02-26,51.75627136230469,55.44499969482422
2019-02-27,51.71894836425781,55.404998779296875
2019-02-28,51.43890380859375,55.10499954223633
2019-03-01,51.85429382324219,55.54999923706055
2019-03-04,51.69094467163086,55.375
2019-03-05,51.821624755859375,55.51499938964844
2019-03-06,51.57892608642578,55.255001068115234
2019-03-07,50.953495025634766,54.584999084472656
2019-03-08,50.59878158569336,54.20500183105469
2019-03-11,51.29422378540039,54.95000076293945
2019-03-12,51.43890380859375,55.10499954223633
2019-03-13,51.62091827392578,55.29999923706055
2019-03-14,51.46689987182617,55.1349983215332
2019-03-15,51.79708480834961,55.29999923706055
2019-03-18,52.298187255859375,55.834999084472656
2019-03-19,52.56045913696289,56.1150016784668
2019-03-20,52.6353759765625,56.19499969482422
2019-03-21,53.35661315917969,56.96500015258789
2019-03-22,52.298187255859375,55.834999084472656
2019-03-25,52.6072883605957,56.165000915527344
2019-03-26,52.83208084106445,56.404998779296875
2019-03-27,52.72437286376953,56.290000915527344
2019-03-28,53.04281997680664,56.630001068115234
2019-03-29,53.31914520263672,56.92499923706055
2019-04-01,53.904544830322266,57.54999923706055
2019-04-02,53.89518356323242,57.540000915527344
2019-04-03,54.27454376220703,57.94499969482422
2019-04-04,54.71476364135742,58.415000915527344
2019-04-05,55.03789520263672,58.7599983215332
2019-04-08,55.23460006713867,58.970001220703125
2019-04-09,54.7381706237793,58.439998626708984
2019-04-10,55.00043869018555,58.720001220703125
2019-04-11,55.0706901550293,58.79499816894531
2019-04-12,55.412574768066406,59.15999984741211
2019-04-15,55.52497100830078,59.279998779296875
2019-04-16,55.76850891113281,59.540000915527344
2019-04-17,55.876216888427734,59.654998779296875
2019-04-18,55.85746765136719,59.6349983215332
2019-04-22,55.6467399597168,59.40999984741211
2019-04-23,56.31175231933594,60.119998931884766
2019-04-24,56.36326217651367,60.17499923706055
2019-04-25,56.06822204589844,59.86000061035156
2019-04-26,56.513145446777344,60.334999084472656
2019-04-29,56.31643295288086,60.125
2019-04-30,56.232139587402344,60.03499984741211
2019-05-01,55.54838943481445,59.30500030517578
2019-05-02,55.59053421020508,59.349998474121094
2019-05-03,56.24619674682617,60.04999923706055
2019-05-06,55.90431213378906,59.685001373291016
2019-05-07,55.056640625,58.779998779296875
2019-05-08,55.075382232666016,58.79999923706055
2019-05-09,54.8505744934082,58.560001373291016
2019-05-10,54.930198669433594,58.64500045776367
2019-05-13,53.29572677612305,56.900001525878906
2019-05-14,53.83430480957031,57.474998474121094
2019-05-15,54.199615478515625,57.8650016784668
2019-05-16,54.70071029663086,58.400001525878906
2019-05-17,54.283905029296875,57.95500183105469
2019-05-20,53.89986801147461,57.54499816894531
2019-05-21,54.27454376220703,57.94499969482422
2019-05-22,53.717220306396484,57.349998474121094
2019-05-23,53.05218505859375,56.63999938964844
2019-05-24,53.122440338134766,56.71500015258789
2019-05-28,52.77120590209961,56.34000015258789
2019-05-29,52.302879333496094,55.84000015258789
2019-05-30,52.644744873046875,56.20500183105469
2019-05-31,51.956321716308594,55.470001220703125
2019-06-03,51.52075958251953,55.005001068115234
2019-06-04,52.9163818359375,56.494998931884766
2019-06-05,53.17864227294922,56.775001525878906
2019-06-06,53.45027542114258,57.064998626708984
2019-06-07,54.22301483154297,57.88999938964844
2019-06-10,54.681976318359375,58.380001068115234
2019-06-11,54.89271545410156,58.60499954223633
2019-06-12,54.87868118286133,58.59000015258789
2019-06-13,55.370418548583984,59.1150016784668
2019-06-14,55.4921875,59.244998931884766
2019-06-17,55.51559829711914,59.27000045776367
2019-06-18,55.937103271484375,59.720001220703125
2019-06-19,56.040138244628906,59.83000183105469
2019-06-20,56.42884063720703,60.244998931884766
2019-06-21,56.16755294799805,59.7599983215332
2019-06-24,55.866783142089844,59.439998626708984
2019-06-25,55.3310546875,58.869998931884766
2019-06-26,55.5096435546875,59.060001373291016
2019-06-27,55.857383728027344,59.43000030517578
2019-06-28,56.017173767089844,59.599998474121094
2019-07-01,56.51060485839844,60.125
2019-07-02,56.6328010559082,60.255001068115234
2019-07-03,57.1262321472168,60.779998779296875
2019-07-05,57.192020416259766,60.849998474121094
2019-07-08,57.26252365112305,60.92499923706055
2019-07-09,57.32361602783203,60.9900016784668
2019-07-10,57.53038024902344,61.209999084472656
2019-07-11,57.647865295410156,61.334999084472656
2019-07-12,58.31048583984375,62.040000915527344
2019-07-15,58.49847412109375,62.2400016784668
2019-07-16,58.423274993896484,62.15999984741211
2019-07-17,57.86404800415039,61.564998626708984
2019-07-18,57.78886413574219,61.48500061035156
2019-07-19,57.408199310302734,61.08000183105469
2019-07-22,57.44109344482422,61.1150016784668
2019-07-23,57.83115005493164,61.529998779296875
2019-07-24,58.12251663208008,61.84000015258789
2019-07-25,57.798255920410156,61.494998931884766
2019-07-26,58.06141662597656,61.775001525878906
2019-07-29,57.77946853637695,61.474998474121094
2019-07-30,57.389404296875,61.060001373291016
2019-07-31,56.731475830078125,60.36000061035156
2019-08-01,55.960784912109375,59.540000915527344
2019-08-02,55.50022888183594,59.04999923706055
2019-08-05,54.01051330566406,57.46500015258789
2019-08-06,54.83291244506836,58.34000015258789
2019-08-07,55.05379104614258,58.57500076293945
2019-08-08,56.1158561706543,59.70500183105469
2019-08-09,55.58952713012695,59.14500045776367
2019-08-12,54.781219482421875,58.28499984741211
2019-08-13,55.68351745605469,59.244998931884766
2019-08-14,53.940032958984375,57.38999938964844
2019-08-15,53.85072708129883,57.29499816894531
2019-08-16,54.461666107177734,57.94499969482422
2019-08-19,55.147769927978516,58.67499923706055
2019-08-20,55.16188430786133,58.689998626708984
2019-08-21,56.22394943237305,59.81999969482422
2019-08-22,56.238040924072266,59.834999084472656
2019-08-23,54.743621826171875,58.244998931884766
2019-08-26,55.284053802490234,58.81999969482422
2019-08-27,55.011497497558594,58.529998779296875
2019-08-28,55.697601318359375,59.2599983215332
2019-08-29,56.534122467041016,60.150001525878906
2019-08-30,56.19574737548828,59.790000915527344
2019-09-03,55.96548080444336,59.54499816894531
2019-09-04,56.520015716552734,60.1349983215332
2019-09-05,57.60087966918945,61.28499984741211
2019-09-06,57.741859436035156,61.435001373291016
2019-09-09,57.962730407714844,61.66999816894531
2019-09-10,57.73246765136719,61.42499923706055
2019-09-11,57.840545654296875,61.540000915527344
2019-09-12,58.11781311035156,61.834999084472656
2019-09-13,58.00032424926758,61.709999084472656
2019-09-16,57.25782012939453,60.91999816894531
2019-09-17,57.60557556152344,61.290000915527344
2019-09-18,57.5773811340332,61.2599983215332
2019-09-19,57.422306060791016,61.095001220703125
2019-09-20,56.76408386230469,60.19499969482422
2019-09-23,56.962120056152344,60.404998779296875
2019-09-24,56.3538703918457,59.7599983215332
2019-09-25,56.867820739746094,60.30500030517578
2019-09-26,56.62263870239258,60.04499816894531
2019-09-27,56.42460632324219,59.834999084472656
2019-09-30,56.910255432128906,60.349998474121094
2019-10-01,56.434024810791016,59.845001220703125
2019-10-02,55.4202995300293,58.77000045776367
2019-10-03,55.68905258178711,59.05500030517578
2019-10-04,56.21242904663086,59.61000061035156
2019-10-07,55.967254638671875,59.349998474121094
2019-10-08,55.377872467041016,58.724998474121094
2019-10-09,55.84938049316406,59.224998474121094
2019-10-10,56.221858978271484,59.619998931884766
2019-10-11,56.85838317871094,60.29499816894531
2019-10-14,56.83009338378906,60.26499938964844
2019-10-15,57.32988357543945,60.79499816894531
2019-10-16,57.56562805175781,61.04499816894531
2019-10-17,57.71651840209961,61.20500183105469
2019-10-18,57.60334777832031,61.084999084472656
2019-10-21,57.80610275268555,61.29999923706055
2019-10-22,57.43832778930664,60.90999984741211
2019-10-23,57.174285888671875,60.630001068115234
2019-10-24,57.145999908447266,60.599998474121094
2019-10-25,57.079978942871094,60.529998779296875
2019-10-28,57.259159088134766,60.720001220703125
2019-10-29,56.93382263183594,60.375
2019-10-30,57.287437438964844,60.75
2019-10-31,56.980979919433594,60.42499923706055
2019-11-01,57.358177185058594,60.82500076293945
2019-11-04,57.386470794677734,60.85499954223633
2019-11-05,57.471336364746094,60.94499969482422
2019-11-06,57.532623291015625,61.0099983215332
2019-11-07,57.18843460083008,60.64500045776367
2019-11-08,57.21200942993164,60.66999816894531
2019-11-11,57.09413528442383,60.54499816894531
2019-11-12,57.056419372558594,60.505001068115234
2019-11-13,56.87723922729492,60.314998626708984
2019-11-14,57.12242126464844,60.57500076293945
2019-11-15,57.22615051269531,60.685001373291016
2019-11-18,57.42418670654297,60.89500045776367
2019-11-19,56.7923698425293,60.224998474121094
2019-11-20,56.660362243652344,60.084999084472656
2019-11-21,56.33972930908203,59.744998931884766
2019-11-22,56.72636032104492,60.154998779296875
2019-11-25,57.22615051269531,60.685001373291016
2019-11-26,57.61750411987305,61.099998474121094
2019-11-27,58.112579345703125,61.625
2019-11-29,57.735374450683594,61.224998474121094
2019-12-02,57.259159088134766,60.720001220703125
2019-12-03,56.68393325805664,60.11000061035156
2019-12-04,56.999839782714844,60.44499969482422
2019-12-05,56.943241119384766,60.3849983215332
2019-12-06,57.400611877441406,60.869998931884766
2019-12-09,57.471336364746094,60.94499969482422
2019-12-10,57.37232208251953,60.84000015258789
2019-12-11,57.518489837646484,60.994998931884766
2019-12-12,58.02299118041992,61.529998779296875
2019-12-13,58.07484817504883,61.584999084472656
2019-12-16,58.32946014404297,61.85499954223633
2019-12-17,58.58879852294922,62.130001068115234
2019-12-18,58.645381927490234,62.189998626708984
2019-12-19,58.829261779785156,62.3849983215332
2019-12-20,58.91914367675781,62.275001525878906
2019-12-23,58.781959533691406,62.130001068115234
2019-12-24,58.91440963745117,62.27000045776367
2019-12-26,59.63345718383789,63.029998779296875
2019-12-27,59.628726959228516,63.025001525878906
2019-12-30,59.24555206298828,62.619998931884766
2019-12-31,59.3306999206543,62.709999084472656
2020-01-02,60.03554916381836,63.45500183105469
2020-01-03,59.524658203125,62.915000915527344
2020-01-06,59.69022750854492,63.09000015258789
2020-01-07,59.59560775756836,62.9900016784668
2020-01-08,59.77538299560547,63.18000030517578
2020-01-09,60.092323303222656,63.51499938964844
2020-01-10,59.76591491699219,63.16999816894531
2020-01-13,59.955135345458984,63.369998931884766
2020-01-14,59.93619918823242,63.349998474121094
2020-01-15,59.79902648925781,63.20500183105469
2020-01-16,60.33357620239258,63.77000045776367
2020-01-17,60.546451568603516,63.994998931884766
2020-01-21,60.36196517944336,63.79999923706055
2020-01-22,60.33357620239258,63.77000045776367
2020-01-23,60.4234619140625,63.8650016784668
2020-01-24,59.581424713134766,62.974998474121094
2020-01-27,58.69207000732422,62.03499984741211
2020-01-28,59.264469146728516,62.63999938964844
2020-01-29,59.231353759765625,62.60499954223633
2020-01-30,59.132015228271484,62.5
2020-01-31,59.28339385986328,62.65999984741211
2020-02-03,59.70441436767578,63.10499954223633
2020-02-04,60.79243850708008,64.25499725341797
2020-02-05,61.09992980957031,64.58000183105469
2020-02-06,60.96274948120117,64.43499755859375
2020-02-07,60.697837829589844,64.15499877929688
2020-02-10,61.38375473022461,64.87999725341797
2020-02-11,61.86628723144531,65.38999938964844
2020-02-12,62.50019454956055,66.05999755859375
2020-02-13,62.39138412475586,65.94499969482422
2020-02-14,62.2967643737793,65.84500122070312
2020-02-18,62.29204177856445,65.83999633789062
2020-02-19,62.57114791870117,66.13500213623047
2020-02-20,62.594783782958984,66.16000366210938
2020-02-21,61.639217376708984,65.1500015258789
2020-02-24,59.519935607910156,62.90999984741211
2020-02-25,57.930442810058594,61.22999954223633
2020-02-26,57.47159194946289,60.744998931884766
2020-02-27,55.14888000488281,58.290000915527344
2020-02-28,54.794090270996094,57.915000915527344
2020-03-02,56.676856994628906,59.904998779296875
2020-03-03,55.30499267578125,58.45500183105469
2020-03-04,57.21613693237305,60.474998474121094
2020-03-05,55.08265686035156,58.220001220703125
2020-03-06,54.23589324951172,57.32500076293945
2020-03-09,50.82042694091797,53.71500015258789
2020-03-10,53.630367279052734,56.685001373291016
2020-03-11,50.697418212890625,53.584999084472656
2020-03-12,45.57422637939453,48.16999816894531
2020-03-13,48.393646240234375,51.150001525878906
2020-03-16,42.26283645629883,44.66999816894531
2020-03-17,43.890159606933594,46.38999938964844
2020-03-18,41.3687629699707,43.724998474121094
2020-03-19,42.811580657958984,45.25
2020-03-20,41.5390625,43.904998779296875
2020-03-23,41.60750198364258,43.76499938964844
2020-03-24,45.51013946533203,47.869998931884766
2020-03-25,46.3087272644043,48.709999084472656
2020-03-26,48.22441101074219,50.724998474121094
2020-03-27,46.60820770263672,49.025001525878906
2020-03-30,47.582679748535156,50.04999923706055
2020-03-31,46.622467041015625,49.040000915527344
2020-04-01,44.54043960571289,46.849998474121094
2020-04-02,44.70680236816406,47.025001525878906
2020-04-03,43.92722702026367,46.20500183105469
2020-04-06,47.582679748535156,50.04999923706055
2020-04-07,48.290950775146484,50.79499816894531
2020-04-08,49.81208419799805,52.39500045776367
2020-04-09,50.71049499511719,53.34000015258789
2020-04-13,50.69623947143555,53.32500076293945
2020-04-14,52.67844772338867,55.40999984741211
2020-04-15,51.523338317871094,54.19499969482422
2020-04-16,52.141300201416016,54.845001220703125
2020-04-17,53.68143844604492,56.46500015258789
2020-04-20,52.744991302490234,55.47999954223633
2020-04-21,51.3759880065918,54.040000915527344
2020-04-22,52.48354721069336,55.20500183105469
2020-04-23,52.469295501708984,55.189998626708984
2020-04-24,53.35820770263672,56.125
2020-04-27,54.3564338684082,57.17499923706055
2020-04-28,54.570350646972656,57.400001525878906
2020-04-29,55.772979736328125,58.665000915527344
2020-04-30,55.42597579956055,58.29999923706055
2020-05-01,53.353450775146484,56.119998931884766
2020-05-04,53.643409729003906,56.42499923706055
2020-05-05,53.83829879760742,56.630001068115234
2020-05-06,53.828792572021484,56.619998931884766
2020-05-07,54.67491912841797,57.5099983215332
2020-05-08,55.739715576171875,58.630001068115234
2020-05-11,55.61611557006836,58.5
2020-05-12,54.39921951293945,57.220001220703125
2020-05-13,53.4627799987793,56.23500061035156
2020-05-14,54.26137161254883,57.07500076293945
2020-05-15,54.89358139038086,57.7400016784668
2020-05-18,56.97087097167969,59.92499923706055
2020-05-19,56.76646423339844,59.709999084472656
2020-05-20,57.508018493652344,60.4900016784668
2020-05-21,57.71240997314453,60.70500183105469
2020-05-22,57.626869201660156,60.6150016784668
2020-05-26,58.53953170776367,61.57500076293945
2020-05-27,59.54253005981445,62.630001068115234
2020-05-28,58.81999206542969,61.869998931884766
2020-05-29,59.03388977050781,62.095001220703125
2020-06-01,59.594818115234375,62.685001373291016
2020-06-02,60.103431701660156,63.220001220703125
2020-06-03,61.23953628540039,64.41500091552734
2020-06-04,60.9305534362793,64.08999633789062
2020-06-05,62.38987731933594,65.625
2020-06-08,63.340579986572266,66.625
2020-06-09,62.84622573852539,66.1050033569336
2020-06-10,62.25678253173828,65.48500061035156
2020-06-11,58.99586868286133,62.05500030517578
2020-06-12,59.580543518066406,62.66999816894531
2020-06-15,60.146217346191406,63.26499938964844
2020-06-16,61.41066360473633,64.59500122070312
2020-06-17,61.249046325683594,64.42500305175781
2020-06-18,61.025611877441406,64.19000244140625
2020-06-19,60.55026626586914,63.689998626708984
2020-06-22,61.17251968383789,64.19499969482422
2020-06-23,61.65373611450195,64.69999694824219
2020-06-24,60.29584503173828,63.275001525878906
2020-06-25,60.376834869384766,63.36000061035156
2020-06-26,58.96174240112305,61.875
2020-06-29,60.0814323425293,63.04999923706055
2020-06-30,60.84852600097656,63.85499954223633
2020-07-01,61.46316909790039,64.5
2020-07-02,61.70615768432617,64.75499725341797
2020-07-06,63.16889190673828,66.29000091552734
2020-07-07,62.177852630615234,65.25
2020-07-08,62.840126037597656,65.94499969482422
2020-07-09,62.768672943115234,65.87000274658203
2020-07-10,63.51668930053711,66.65499877929688
2020-07-13,62.711463928222656,65.80999755859375
2020-07-14,63.33563995361328,66.46499633789062
2020-07-15,64.24091339111328,67.41500091552734
2020-07-16,64.06940460205078,67.23500061035156
2020-07-17,63.769195556640625,66.91999816894531
2020-07-20,64.7888412475586,67.98999786376953
2020-07-21,64.888916015625,68.09500122070312
2020-07-22,65.44637298583984,68.68000030517578
2020-07-23,64.46484375,67.6500015258789
2020-07-24,64.57918548583984,67.7699966430664
2020-07-27,64.97942352294922,68.19000244140625
2020-07-28,64.33618927001953,67.51499938964844
2020-07-29,64.98895263671875,68.19999694824219
2020-07-30,64.93653869628906,68.1449966430664
2020-07-31,65.27481842041016,68.5
2020-08-03,65.13665771484375,68.3550033569336
2020-08-04,65.66075134277344,68.90499877929688
2020-08-05,66.46121215820312,69.74500274658203
2020-08-06,66.78520202636719,70.08499908447266
2020-08-07,66.88526153564453,70.19000244140625
2020-08-10,67.68569946289062,71.02999877929688
2020-08-11,67.55230712890625,70.88999938964844
2020-08-12,68.44804382324219,71.83000183105469
2020-08-13,68.41946411132812,71.80000305175781
2020-08-14,68.41470336914062,71.79499816894531
2020-08-17,69.29613494873047,72.72000122070312
2020-08-18,69.72496032714844,73.16999816894531
2020-08-19,69.39617156982422,72.82499694824219
2020-08-20,69.29137420654297,72.71499633789062
2020-08-21,69.64873504638672,73.08999633789062
2020-08-24,70.70645141601562,74.19999694824219
2020-08-25,70.93992614746094,74.44499969482422
2020-08-26,71.64031219482422,75.18000030517578
2020-08-27,71.25438690185547,74.7750015258789
2020-08-28,71.72130584716797,75.26499938964844
2020-08-31,71.51167297363281,75.04499816894531
2020-09-01,72.25970458984375,75.83000183105469
2020-09-02,73.26028442382812,76.87999725341797
2020-09-03,70.9351577758789,74.44000244140625
2020-09-04,70.11566925048828,73.58000183105469
2020-09-08,69.19608306884766,72.61499786376953
2020-09-09,70.50157165527344,73.98500061035156
2020-09-10,69.49149322509766,72.92500305175781
2020-09-11,69.59630584716797,73.03500366210938
2020-09-14,70.3348159790039,73.80999755859375
2020-09-15,70.91133117675781,74.41500091552734
2020-09-16,70.51586151123047,74.0
2020-09-17,69.52484893798828,72.95999908447266
2020-09-18,68.55762481689453,71.94499969482422
2020-09-21,67.56733703613281,70.75499725341797
2020-09-22,68.9949951171875,72.25
2020-09-23,67.86339569091797,71.06500244140625
2020-09-24,67.8347396850586,71.03500366210938
2020-09-25,68.71807861328125,71.95999908447266
2020-09-28,70.15523529052734,73.46499633789062
2020-09-29,69.61093139648438,72.8949966430664
2020-09-30,70.17914581298828,73.48999786376953
2020-10-01,71.09588623046875,74.44999694824219
2020-10-02,70.79507446289062,74.13500213623047
2020-10-05,71.73090362548828,75.11499786376953
2020-10-06,70.40353393554688,73.7249984741211
2020-10-07,72.01263427734375,75.41000366210938
2020-10-08,72.48534393310547,75.90499877929688
2020-10-09,73.23973083496094,76.69499969482422
2020-10-12,74.21378326416016,77.71499633789062
2020-10-13,74.19945526123047,77.69999694824219
2020-10-14,73.37821197509766,76.83999633789062
2020-10-15,73.65037536621094,77.125
2020-10-16,72.9819107055664,76.42500305175781
2020-10-19,72.0842514038086,75.48500061035156
2020-10-20,72.66200256347656,76.08999633789062
2020-10-21,72.26568603515625,75.67500305175781
2020-10-22,72.41370391845703,75.83000183105469
2020-10-23,73.04875946044922,76.49500274658203
2020-10-26,71.64498138427734,75.0250015258789
2020-10-27,71.61154174804688,74.98999786376953
2020-10-28,69.34833526611328,72.62000274658203
2020-10-29,69.78759002685547,73.08000183105469
2020-10-30,68.26445007324219,71.48500061035156
2020-11-02,68.7514877319336,71.99500274658203
2020-11-03,70.26509094238281,73.58000183105469
2020-11-04,71.75958251953125,75.1449966430664
2020-11-05,73.1585693359375,76.61000061035156
2020-11-06,72.9389419555664,76.37999725341797
2020-11-09,72.70018768310547,76.12999725341797
2020-11-10,72.44235229492188,75.86000061035156
2020-11-11,73.077392578125,76.5250015258789
2020-11-12,72.09859466552734,75.5
2020-11-13,73.26837921142578,76.7249984741211
2020-11-16,74.22810363769531,77.7300033569336
2020-11-17,73.91297149658203,77.4000015258789
2020-11-18,73.40687561035156,76.87000274658203
2020-11-19,73.76972198486328,77.25
2020-11-20,73.38298797607422,76.84500122070312
2020-11-23,74.18992614746094,77.69000244140625
2020-11-24,75.2928695678711,78.84500122070312
2020-11-25,75.38359832763672,78.94000244140625
2020-11-27,75.54594421386719,79.11000061035156
2020-11-30,75.08757019042969,78.62999725341797
2020-12-01,75.64620208740234,79.21499633789062
2020-12-02,75.17350006103516,78.72000122070312
2020-12-03,75.38359832763672,78.94000244140625
2020-12-04,75.45520782470703,79.01499938964844
2020-12-07,75.2833251953125,78.83499908447266
2020-12-08,75.12576293945312,78.66999816894531
2020-12-09,75.05414581298828,78.59500122070312
2020-12-10,74.98729705810547,78.5250015258789
2020-12-11,74.62919616699219,78.1500015258789
2020-12-14,74.73900604248047,78.26499938964844
2020-12-15,75.7464599609375,79.31999969482422
2020-12-16,76.2430419921875,79.83999633789062
2020-12-17,76.76350402832031,80.38500213623047
2020-12-18,76.39104461669922,79.99500274658203
2020-12-21,75.52811431884766,78.94499969482422
2020-12-22,75.20283508300781,78.6050033569336
2020-12-23,75.36547088623047,78.7750015258789
2020-12-24,75.52332305908203,78.94000244140625
2020-12-28,76.38436889648438,79.83999633789062
2020-12-29,76.40827941894531,79.86499786376953
2020-12-30,76.86752319335938,80.34500122070312
2020-12-31,76.91058349609375,80.38999938964844
2021-01-04,76.2599868774414,79.70999908447266
2021-01-05,76.8292465209961,80.30500030517578
2021-01-06,77.61375427246094,81.125
2021-01-07,79.11102294921875,82.69000244140625
2021-01-08,80.74221801757812,84.3949966430664
2021-01-11,79.23538208007812,82.81999969482422
2021-01-12,80.4456558227539,84.08499908447266
2021-01-13,80.44084930419922,84.08000183105469
2021-01-14,79.92902374267578,83.54499816894531
2021-01-15,79.31192779541016,82.9000015258789
2021-01-19,79.7615737915039,83.37000274658203
2021-01-20,81.2684326171875,84.94499969482422
2021-01-21,81.64632415771484,85.33999633789062
2021-01-22,81.3688735961914,85.05000305175781
2021-01-25,81.67024230957031,85.36499786376953
2021-01-26,81.61760711669922,85.30999755859375
2021-01-27,79.10145568847656,82.68000030517578
2021-01-28,79.3501968383789,82.94000244140625
2021-01-29,77.49893951416016,81.00499725341797
2021-02-01,79.51284790039062,83.11000061035156
2021-02-02,81.2014389038086,84.875
2021-02-03,80.74700927734375,84.4000015258789
2021-02-04,81.60803985595703,85.30000305175781
2021-02-05,82.38777160644531,86.11499786376953
2021-02-08,82.8565673828125,86.6050033569336
2021-02-09,82.3973617553711,86.125
2021-02-10,81.58413696289062,85.2750015258789
2021-02-11,81.35930633544922,85.04000091552734
2021-02-12,81.47412109375,85.16000366210938
2021-02-16,81.1201400756836,84.79000091552734
2021-02-17,81.58892059326172,85.27999877929688
2021-02-18,81.61282348632812,85.30500030517578
2021-02-19,81.13927459716797,84.80999755859375
2021-02-22,79.42671966552734,83.0199966430664
2021-02-23,78.90534210205078,82.4749984741211
2021-02-24,79.73289489746094,83.33999633789062
2021-02-25,76.76705932617188,80.23999786376953
2021-02-26,77.08756256103516,80.57499694824219
2021-03-01,78.895751953125,82.46499633789062
2021-03-02,77.98686981201172,81.51499938964844
2021-03-03,76.15474700927734,79.5999984741211
2021-03-04,74.5427017211914,77.91500091552734
2021-03-05,75.0162582397461,78.41000366210938
2021-03-08,75.10717010498047,78.50499725341797
2021-03-09,77.94381713867188,81.47000122070312
2021-03-10,78.34085845947266,81.88500213623047
2021-03-11,79.54155731201172,83.13999938964844
2021-03-12,79.77594757080078,83.38500213623047
2021-03-15,80.84745788574219,84.50499725341797
2021-03-16,80.01033020019531,83.62999725341797
2021-03-17,81.13446807861328,84.80500030517578
2021-03-18,79.14929962158203,82.7300033569336
2021-03-19,79.62286376953125,83.2249984741211
2021-03-22,80.14701843261719,83.63999938964844
2021-03-23,79.39481353759766,82.8550033569336
2021-03-24,78.22095489501953,81.62999725341797
2021-03-25,78.9061050415039,82.34500122070312
2021-03-26,79.56248474121094,83.02999877929688
2021-03-29,79.12651062011719,82.57499694824219
2021-03-30,79.90267181396484,83.38500213623047
2021-03-31,80.52552032470703,84.03500366210938
2021-04-01,81.17231750488281,84.70999908447266
2021-04-05,83.0169448852539,86.63500213623047
2021-04-06,83.37628936767578,87.01000213623047
2021-04-07,83.12712860107422,86.75
2021-04-08,83.52001190185547,87.16000366210938
2021-04-09,84.31535339355469,87.98999786376953
2021-04-12,84.85675048828125,88.55500030517578
2021-04-13,85.75271606445312,89.48999786376953
2021-04-14,84.90946960449219,88.61000061035156
2021-04-15,85.5179443359375,89.24500274658203
2021-04-16,86.17912292480469,89.93499755859375
2021-04-19,85.21131134033203,88.92500305175781
2021-04-20,84.1380844116211,87.80500030517578
2021-04-21,85.25922393798828,88.9749984741211
2021-04-22,84.31535339355469,87.98999786376953
2021-04-23,85.19694519042969,88.91000366210938
2021-04-26,85.5706558227539,89.30000305175781
2021-04-27,85.47004699707031,89.19499969482422
2021-04-28,85.36942291259766,89.08999633789062
2021-04-29,85.39337921142578,89.11499786376953
2021-04-30,85.72396850585938,89.45999908447266
2021-05-03,85.31669616699219,89.03500366210938
2021-05-04,84.4255599975586,88.1050033569336
2021-05-05,84.16204071044922,87.83000183105469
2021-05-06,84.3440933227539,88.0199966430664
2021-05-07,85.10108947753906,88.80999755859375
2021-05-10,83.58709716796875,87.2300033569336
2021-05-11,82.64324188232422,86.24500274658203
2021-05-12,79.84517669677734,83.32499694824219
2021-05-13,80.41053009033203,83.91500091552734
2021-05-14,81.80477142333984,85.37000274658203
2021-05-17,81.65623474121094,85.21499633789062
2021-05-18,81.01902770996094,84.55000305175781
2021-05-19,80.33865356445312,83.83999633789062
2021-05-20,81.16275024414062,84.69999694824219
2021-05-21,80.7555160522461,84.2750015258789
2021-05-24,81.5556411743164,85.11000061035156
2021-05-25,81.81436157226562,85.37999725341797
2021-05-26,82.5953140258789,86.19499969482422
2021-05-27,82.92591857910156,86.54000091552734
2021-05-28,82.8109130859375,86.41999816894531
2021-06-01,82.6528091430664,86.25499725341797
2021-06-02,82.2695083618164,85.8550033569336
2021-06-03,81.2921142578125,84.83499908447266
2021-06-04,81.94374084472656,85.51499938964844
2021-06-07,81.94374084472656,85.51499938964844
2021-06-08,82.60491180419922,86.20500183105469
2021-06-09,82.14972686767578,85.7300033569336
2021-06-10,82.53782653808594,86.13500213623047
2021-06-11,82.98819732666016,86.6050033569336
2021-06-14,83.01216125488281,86.62999725341797
2021-06-15,82.57136535644531,86.16999816894531
2021-06-16,82.60968780517578,86.20999908447266
2021-06-17,82.92112731933594,86.53500366210938
2021-06-18,82.48512268066406,86.08000183105469
2021-06-21,83.12089538574219,86.61499786376953
2021-06-22,83.90303802490234,87.43000030517578
2021-06-23,84.5508041381836,88.1050033569336
2021-06-24,84.83869171142578,88.40499877929688
2021-06-25,85.37608337402344,88.96499633789062
2021-06-28,85.39527130126953,88.98500061035156
2021-06-29,85.60639953613281,89.20500183105469
2021-06-30,85.6736068725586,89.2750015258789
2021-07-01,86.158203125,89.77999877929688
2021-07-02,86.9163589477539,90.56999969482422
2021-07-06,87.0171127319336,90.67500305175781
2021-07-07,86.9691390991211,90.625
2021-07-08,86.75321960449219,90.4000015258789
2021-07-09,87.56411743164062,91.24500274658203
2021-07-12,88.1639175415039,91.87000274658203
2021-07-13,87.10828399658203,90.7699966430664
2021-07-14,86.9499282836914,90.6050033569336
2021-07-15,86.47970581054688,90.11499786376953
2021-07-16,85.41448211669922,89.00499725341797
2021-07-19,84.43562316894531,87.98500061035156
2021-07-20,85.99507141113281,89.61000061035156
2021-07-21,86.78678131103516,90.43499755859375
2021-07-22,87.16104125976562,90.82499694824219
2021-07-23,87.93836975097656,91.63500213623047
2021-07-26,88.59095001220703,92.31500244140625
2021-07-27,87.69367218017578,91.37999725341797
2021-07-28,87.41057586669922,91.08499908447266
2021-07-29,88.39422607421875,92.11000061035156
2021-07-30,86.57565307617188,90.21499633789062
2021-08-02,86.8251953125,90.4749984741211
2021-08-03,87.4681625366211,91.1449966430664
2021-08-04,86.61885070800781,90.26000213623047
2021-08-05,87.4489517211914,91.125
2021-08-06,86.85397338867188,90.50499725341797
2021-08-09,86.73401641845703,90.37999725341797
2021-08-10,87.07469940185547,90.73500061035156
2021-08-11,87.32898712158203,91.0
2021-08-12,87.36737823486328,91.04000091552734
2021-08-13,87.11788177490234,90.77999877929688
2021-08-16,86.71481323242188,90.36000061035156
2021-08-17,84.65632629394531,88.21499633789062
2021-08-18,84.95864868164062,88.52999877929688
2021-08-19,84.41643524169922,87.96499633789062
2021-08-20,85.22735595703125,88.80999755859375
2021-08-23,86.32616424560547,89.95500183105469
2021-08-24,86.93553161621094,90.58999633789062
2021-08-25,87.27143096923828,90.94000244140625
2021-08-26,86.46531677246094,90.0999984741211
2021-08-27,87.25223541259766,90.91999816894531
2021-08-30,87.90959930419922,91.6050033569336
2021-08-31,88.1207275390625,91.82499694824219
2021-09-01,88.11592864990234,91.81999969482422
2021-09-02,88.11113739013672,91.81500244140625
2021-09-03,88.0583267211914,91.76000213623047
2021-09-07,88.31743621826172,92.02999877929688
2021-09-08,88.418212890625,92.13500213623047
2021-09-09,88.30305480957031,92.01499938964844
2021-09-10,87.76084899902344,91.44999694824219
2021-09-13,87.97677612304688,91.67500305175781
2021-09-14,87.68408203125,91.37000274658203
2021-09-15,88.25028228759766,91.95999908447266
2021-09-16,88.65333557128906,92.37999725341797
2021-09-17,88.34143829345703,92.05500030517578
2021-09-20,86.32555389404297,89.81999969482422
2021-09-21,86.4552993774414,89.95500183105469
2021-09-22,87.63265228271484,91.18000030517578
2021-09-23,88.52165222167969,92.1050033569336
2021-09-24,88.85321044921875,92.44999694824219
2021-09-27,89.3289566040039,92.94499969482422
2021-09-28,87.60859680175781,91.15499877929688
2021-09-29,87.69510650634766,91.24500274658203
2021-09-30,86.23424530029297,89.7249984741211
2021-10-01,86.88300323486328,90.4000015258789
2021-10-04,86.19578552246094,89.68499755859375
2021-10-05,86.54179382324219,90.04499816894531
2021-10-06,86.81572723388672,90.33000183105469
2021-10-07,88.16604614257812,91.73500061035156
2021-10-08,87.76239013671875,91.31500244140625
2021-10-11,87.40677642822266,90.94499969482422
2021-10-12,88.0987777709961,91.66500091552734
2021-10-13,88.53125762939453,92.11499786376953
2021-10-14,89.45872497558594,93.08000183105469
2021-10-15,90.82827758789062,94.50499725341797
2021-10-18,91.93834686279297,95.66000366210938
2021-10-19,91.67887115478516,95.38999938964844
2021-10-20,91.61156463623047,95.31999969482422
2021-10-21,92.95709991455078,96.72000122070312
2021-10-22,92.62552642822266,96.375
2021-10-25,94.92253112792969,98.76499938964844
2021-10-26,94.93696594238281,98.77999877929688
2021-10-27,95.14839935302734,99.0
2021-10-28,96.41223907470703,100.31500244140625
2021-10-29,96.66211700439453,100.57499694824219
2021-11-01,98.43533325195312,102.41999816894531
2021-11-02,97.77218627929688,101.7300033569336
2021-11-03,99.5309829711914,103.55999755859375
2021-11-04,100.8717269897461,104.95500183105469
2021-11-05,101.52043914794922,105.62999725341797
2021-11-08,100.08361053466797,104.13500213623047
2021-11-09,98.23352813720703,102.20999908447266
2021-11-10,97.86830139160156,101.83000183105469
2021-11-11,97.60399627685547,101.55500030517578
2021-11-12,97.93077850341797,101.8949966430664
2021-11-15,97.84907531738281,101.80999755859375
2021-11-16,99.39163208007812,103.41500091552734
2021-11-17,100.02596282958984,104.07499694824219
2021-11-18,101.16004943847656,105.25499725341797
2021-11-19,101.59734344482422,105.70999908447266
2021-11-22,101.34264373779297,105.44499969482422
2021-11-23,100.607421875,104.68000030517578
2021-11-24,100.81404876708984,104.8949966430664
2021-11-26,98.06532287597656,102.03500366210938
2021-11-29,99.58866882324219,103.62000274658203
2021-11-30,98.24312591552734,102.22000122070312
2021-12-01,96.46989440917969,100.375
2021-12-02,97.84427642822266,101.80500030517578
2021-12-03,95.94129943847656,99.82499694824219
2021-12-06,97.03694915771484,100.96499633789062
2021-12-07,99.30032348632812,103.31999969482422
2021-12-08,99.55020904541016,103.58000183105469
2021-12-09,97.8250503540039,101.78500366210938
2021-12-10,98.5074234008789,102.49500274658203
2021-12-13,95.97013092041016,99.8550033569336
2021-12-14,95.41271209716797,99.2750015258789
2021-12-15,96.6236801147461,100.53500366210938
2021-12-16,94.49004364013672,98.31500244140625
2021-12-17,93.84611511230469,97.6449966430664
2021-12-20,92.33108520507812,95.92500305175781
2021-12-21,94.72297668457031,98.41000366210938
2021-12-22,96.45074462890625,100.20500183105469
2021-12-23,97.78868103027344,101.59500122070312
2021-12-27,98.7415542602539,102.58499908447266
2021-12-28,98.78486633300781,102.62999725341797
2021-12-29,98.98221588134766,102.83499908447266
2021-12-30,98.62606811523438,102.46499633789062
2021-12-31,98.3902359008789,102.22000122070312
2022-01-03,101.21528625488281,105.15499877929688
2022-01-04,100.5992431640625,104.51499938964844
2022-01-05,97.88491821289062,101.69499969482422
2022-01-06,97.62983703613281,101.43000030517578
2022-01-07,96.0031509399414,99.73999786376953
2022-01-10,95.41600799560547,99.12999725341797
2022-01-11,96.3352279663086,100.08499908447266
2022-01-12,96.97050476074219,100.74500274658203
2022-01-13,95.0213851928711,98.72000122070312
2022-01-14,94.57860565185547,98.26000213623047
2022-01-18,92.78831481933594,96.4000015258789
2022-01-19,91.1135025024414,94.66000366210938
2022-01-20,89.45310974121094,92.93499755859375
2022-01-21,86.83020782470703,90.20999908447266
2022-01-24,87.87454986572266,91.29499816894531
2022-01-25,86.3874282836914,89.75
2022-01-26,85.9687271118164,89.31500244140625
2022-01-27,83.88483428955078,87.1500015258789
2022-01-28,85.71365356445312,89.05000305175781
2022-01-31,89.01034545898438,92.4749984741211
2022-02-01,89.54937744140625,93.03500366210938
2022-02-02,89.01516723632812,92.4800033569336
2022-02-03,86.29118347167969,89.6500015258789
2022-02-04,88.74564361572266,92.19999694824219
2022-02-07,88.56275177001953,92.01000213623047
2022-02-08,89.80925750732422,93.30500030517578
2022-02-09,90.99797821044922,94.54000091552734
2022-02-10,89.42904663085938,92.91000366210938
2022-02-11,86.85907745361328,90.23999786376953
2022-02-14,87.35478973388672,90.75499725341797
2022-02-15,89.30875396728516,92.78500366210938
2022-02-16,89.56381225585938,93.05000305175781
2022-02-17,87.16708374023438,90.55999755859375
2022-02-18,86.6280746459961,90.0
2022-02-22,84.10143280029297,87.375
2022-02-23,81.29080963134766,84.45500183105469
2022-02-24,83.14852142333984,86.38500213623047
2022-02-25,84.79443359375,88.09500122070312
2022-02-28,85.39120483398438,88.71499633789062
2022-03-01,84.09661102294922,87.37000274658203
2022-03-02,85.86286926269531,89.20500183105469
2022-03-03,83.91854095458984,87.18499755859375
2022-03-04,82.58543395996094,85.80000305175781
2022-03-07,78.53797912597656,81.59500122070312
2022-03-08,78.70162200927734,81.76499938964844
2022-03-09,81.23306274414062,84.3949966430664
2022-03-10,81.81060791015625,84.99500274658203
2022-03-11,80.23684692382812,83.36000061035156
2022-03-14,78.89894104003906,81.97000122070312
2022-03-15,81.54107666015625,84.71499633789062
2022-03-16,84.32281494140625,87.6050033569336
2022-03-17,85.72811126708984,89.06500244140625
2022-03-18,87.5328598022461,90.94000244140625
2022-03-21,86.79973602294922,90.04000091552734
2022-03-22,88.95429229736328,92.2750015258789
2022-03-23,87.85047912597656,91.12999725341797
2022-03-24,88.53495025634766,91.83999633789062
2022-03-25,88.38072204589844,91.68000030517578
2022-03-28,90.73773193359375,94.125
2022-03-29,92.31869506835938,95.76499938964844
2022-03-30,90.91605377197266,94.30999755859375
2022-03-31,89.17119598388672,92.5
2022-04-01,89.28204345703125,92.61499786376953
2022-04-04,91.28719329833984,94.69499969482422
2022-04-05,89.1470947265625,92.4749984741211
2022-04-06,86.87202453613281,90.11499786376953
2022-04-07,87.31546020507812,90.57499694824219
2022-04-08,86.51051330566406,89.73999786376953
2022-04-11,84.90542602539062,88.07499694824219
2022-04-12,85.09341430664062,88.2699966430664
2022-04-13,87.20943450927734,90.46499633789062
2022-04-14,85.98995971679688,89.19999694824219
2022-04-18,86.250244140625,89.47000122070312
2022-04-19,88.7518539428711,92.06500244140625
2022-04-20,87.60948944091797,90.87999725341797
2022-04-21,86.76115417480469,90.0
2022-04-22,84.74639892578125,87.91000366210938
2022-04-25,85.35853576660156,88.54499816894531
2022-04-26,81.03974151611328,84.06500244140625
2022-04-27,81.04938507080078,84.07499694824219
2022-04-28,82.71231842041016,85.80000305175781
2022-04-29,78.50923156738281,81.44000244140625
2022-05-02,79.6563949584961,82.62999725341797
2022-05-03,79.4587631225586,82.42500305175781
2022-05-04,81.79167175292969,84.84500122070312
2022-05-05,77.20779418945312,80.08999633789062
2022-05-06,76.22930908203125,79.07499694824219
2022-05-09,72.98060607910156,75.70500183105469
2022-05-10,72.7636947631836,75.4800033569336
2022-05-11,70.15604400634766,72.7750015258789
2022-05-12,70.63804626464844,73.2750015258789
2022-05-13,73.41921997070312,76.16000366210938
2022-05-16,71.83342742919922,74.51499938964844
2022-05-17,73.64575958251953,76.3949966430664
2022-05-18,68.83052825927734,71.4000015258789
2022-05-19,68.87872314453125,71.44999694824219
2022-05-20,67.67853546142578,70.20500183105469
2022-05-23,68.18466186523438,70.7300033569336
2022-05-24,66.43014526367188,68.91000366210938
2022-05-25,68.3051528930664,70.8550033569336
2022-05-26,71.65508270263672,74.33000183105469
2022-05-27,74.11331939697266,76.87999725341797
2022-05-31,74.4892807006836,77.2699966430664
2022-06-01,73.71324920654297,76.46499633789062
2022-06-02,75.96904754638672,78.80500030517578
2022-06-03,73.74697875976562,76.5
2022-06-06,74.48445129394531,77.26499938964844
2022-06-07,74.3012924194336,77.07499694824219
2022-06-08,73.86267852783203,76.62000274658203
2022-06-09,72.52751159667969,75.23500061035156
2022-06-10,69.635498046875,72.23500061035156
2022-06-13,66.42047882080078,68.9000015258789
2022-06-14,66.36748504638672,68.84500122070312
2022-06-15,68.23284149169922,70.77999877929688
2022-06-16,64.89253997802734,67.31500244140625
2022-06-17,65.6010971069336,68.05000305175781
2022-06-21,67.47754669189453,69.83499908447266
2022-06-22,67.34708404541016,69.69999694824219
2022-06-23,68.40512084960938,70.79499816894531
2022-06-24,71.01396179199219,73.49500274658203
2022-06-27,70.26996612548828,72.7249984741211
2022-06-28,67.4630355834961,69.81999969482422
2022-06-29,67.40987396240234,69.76499938964844
2022-06-30,66.41948699951172,68.73999786376953
2022-07-01,67.64180755615234,70.00499725341797
2022-07-05,69.15397644042969,71.56999969482422
2022-07-06,68.9268798828125,71.33499908447266
2022-07-07,70.70478057861328,73.17500305175781
2022-07-08,70.71443939208984,73.18499755859375
2022-07-11,68.7771224975586,71.18000030517578
2022-07-12,68.36163330078125,70.75
2022-07-13,68.92206573486328,71.33000183105469
2022-07-14,68.86406707763672,71.2699966430664
2022-07-15,69.97525787353516,72.41999816894531
2022-07-18,70.17817687988281,72.62999725341797
2022-07-19,72.32805633544922,74.8550033569336
2022-07-20,73.51654815673828,76.08499908447266
2022-07-21,75.19778442382812,77.82499694824219
2022-07-22,74.76299285888672,77.375
2022-07-25,74.12044525146484,76.70999908447266
2022-07-26,71.73383331298828,74.23999786376953
2022-07-27,74.4489517211914,77.05000305175781
2022-07-28,75.72924041748047,78.375
2022-07-29,78.66661071777344,81.41500091552734
2022-08-01,79.05792999267578,81.81999969482422
2022-08-02,78.516845703125,81.26000213623047
2022-08-03,80.43000030517578,83.23999786376953
2022-08-04,80.75850677490234,83.58000183105469
2022-08-05,79.38162231445312,82.15499877929688
2022-08-08,79.7391357421875,82.5250015258789
2022-08-09,78.46852111816406,81.20999908447266
2022-08-10,80.68123626708984,83.5
2022-08-11,80.27056121826172,83.07499694824219
2022-08-12,82.08710479736328,84.95500183105469
2022-08-15,82.6523666381836,85.54000091552734
2022-08-16,83.56546783447266,86.48500061035156
2022-08-17,82.66683959960938,85.55500030517578
2022-08-18,82.64268493652344,85.52999877929688
2022-08-19,80.93726348876953,83.76499938964844
2022-08-22,78.6907730102539,81.44000244140625
2022-08-23,78.91300964355469,81.66999816894531
2022-08-24,79.25118255615234,82.0199966430664
2022-08-25,80.19808959960938,83.0
2022-08-26,77.14476013183594,79.83999633789062
2022-08-29,76.7341079711914,79.41500091552734
2022-08-30,75.87899017333984,78.52999877929688
2022-08-31,75.13016510009766,77.75499725341797
2022-09-01,75.81620025634766,78.46499633789062
2022-09-02,75.12049865722656,77.74500274658203
2022-09-06,74.96589660644531,77.58499908447266
2022-09-07,77.26555633544922,79.96499633789062
2022-09-08,77.98541259765625,80.70999908447266
2022-09-09,79.46375274658203,82.23999786376953
2022-09-12,80.48796844482422,83.30000305175781
2022-09-13,76.33796691894531,79.00499725341797
2022-09-14,77.3187026977539,80.0199966430664
2022-09-15,76.92253112792969,79.61000061035156
2022-09-16,76.30414581298828,78.97000122070312
2022-09-19,77.38375854492188,79.91999816894531
2022-09-20,76.07177734375,78.56500244140625
2022-09-21,74.27079772949219,76.70500183105469
2022-09-22,72.55694580078125,74.93499755859375
2022-09-23,70.88670349121094,73.20999908447266
2022-09-26,70.72694396972656,73.04499816894531
2022-09-27,70.94962310791016,73.2750015258789
2022-09-28,72.86678314208984,75.25499725341797
2022-09-29,70.34931182861328,72.65499877929688
2022-09-30,68.96469116210938,71.2249984741211
2022-10-03,69.032470703125,71.29499816894531
2022-10-04,71.44344329833984,73.78500366210938
2022-10-05,71.02225494384766,73.3499984741211
2022-10-06,70.51876068115234,72.83000183105469
2022-10-07,68.09324645996094,70.32499694824219
2022-10-10,67.67205810546875,69.88999938964844
2022-10-11,67.12015533447266,69.31999969482422
2022-10-12,67.29444885253906,69.5
2022-10-13,68.03032684326172,70.26000213623047
2022-10-14,65.4886245727539,67.63500213623047
2022-10-17,68.14652252197266,70.37999725341797
2022-10-18,69.08573150634766,71.3499984741211
2022-10-19,68.31111907958984,70.55000305175781
2022-10-20,66.98944091796875,69.18499755859375
2022-10-21,68.94046783447266,71.19999694824219
2022-10-24,69.22612762451172,71.49500274658203
2022-10-25,70.95933532714844,73.28500366210938
2022-10-26,70.38803100585938,72.69499969482422
2022-10-27,70.11692810058594,72.41500091552734
2022-10-28,70.17986297607422,72.4800033569336
2022-10-31,69.72962188720703,72.01499938964844
2022-11-01,69.02279663085938,71.28500366210938
2022-11-02,66.4133071899414,68.58999633789062
2022-11-03,66.01632690429688,68.18000030517578
2022-11-04,66.56824493408203,68.75
2022-11-07,66.10346984863281,68.2699966430664
2022-11-08,65.93887329101562,68.0999984741211
2022-11-09,63.92487335205078,66.0199966430664
2022-11-10,68.59674835205078,70.84500122070312
2022-11-11,70.24280548095703,72.54499816894531
2022-11-14,69.12928771972656,71.3949966430664
2022-11-15,70.07334899902344,72.37000274658203
2022-11-16,69.00341033935547,71.26499938964844
2022-11-17,68.16587829589844,70.4000015258789
2022-11-18,68.25786590576172,70.49500274658203
2022-11-21,67.2702407836914,69.4749984741211
2022-11-22,68.03032684326172,70.26000213623047
2022-11-23,69.01311492919922,71.2750015258789
2022-11-25,69.05184173583984,71.31500244140625
2022-11-28,68.62578582763672,70.875
2022-11-29,68.40794372558594,70.6500015258789
2022-11-30,70.76567840576172,73.08499908447266
2022-12-01,70.7559814453125,73.07499694824219
2022-12-02,70.66400146484375,72.9800033569336
2022-12-05,68.62578582763672,70.875
2022-12-06,67.55586242675781,69.7699966430664
2022-12-07,67.14920043945312,69.3499984741211
2022-12-08,67.79792785644531,70.0199966430664
2022-12-09,67.50262451171875,69.71499633789062
2022-12-12,67.67205810546875,69.88999938964844
2022-12-13,67.67205810546875,69.88999938964844
2022-12-14,67.16856384277344,69.37000274658203
2022-12-15,66.06475067138672,68.2300033569336
2022-12-16,64.83019256591797,66.95500183105469
2022-12-19,63.78937911987305,65.69999694824219
2022-12-20,63.04662322998047,64.93499755859375
2022-12-21,64.051513671875,65.97000122070312
2022-12-22,62.40581512451172,64.2750015258789
2022-12-23,62.83301544189453,64.71499633789062
2022-12-27,61.81355667114258,63.665000915527344
2022-12-28,61.29410934448242,63.130001068115234
2022-12-29,62.871849060058594,64.75499725341797
2022-12-30,62.70195007324219,64.58000183105469
2023-01-03,62.32814025878906,64.19499969482422
2023-01-04,63.231109619140625,65.125
2023-01-05,62.64368438720703,64.5199966430664
2023-01-06,64.11463928222656,66.03500366210938
2023-01-09,64.50301361083984,66.43499755859375
2023-01-10,65.313720703125,67.2699966430664
2023-01-11,67.0759506225586,69.08499908447266
2023-01-12,67.18759155273438,69.19999694824219
2023-01-13,67.81869506835938,69.8499984741211
2023-01-17,67.86724853515625,69.9000015258789
2023-01-18,66.98368835449219,68.98999786376953
2023-01-19,65.87199401855469,67.84500122070312
2023-01-20,67.46916198730469,69.48999786376953
2023-01-23,68.5226058959961,70.57499694824219
2023-01-24,68.44493865966797,70.49500274658203
2023-01-25,68.79447174072266,70.8550033569336
2023-01-26,70.2022933959961,72.30500030517578
2023-01-27,71.79460906982422,73.94499969482422
2023-01-30,70.57124328613281,72.68499755859375
2023-01-31,72.18782043457031,74.3499984741211
2023-02-01,73.55681610107422,75.76000213623047
2023-02-02,75.80936431884766,78.08000183105469
2023-02-03,73.47430419921875,75.67500305175781
2023-02-06,73.36748504638672,75.56500244140625
2023-02-07,73.53739929199219,75.73999786376953
2023-02-08,72.91118621826172,75.09500122070312
2023-02-09,72.77523040771484,74.95500183105469
2023-02-10,71.92082977294922,74.07499694824219
2023-02-13,72.9742660522461,75.16000366210938
2023-02-14,73.84808349609375,76.05999755859375
2023-02-15,74.71221923828125,76.94999694824219
2023-02-16,73.0810775756836,75.2699966430664
2023-02-17,73.09563446044922,75.28500366210938
2023-02-21,70.65377044677734,72.7699966430664
2023-02-22,71.01301574707031,73.13999938964844
2023-02-23,70.95475006103516,73.08000183105469
2023-02-24,69.83819580078125,71.93000030517578
2023-02-27,70.70232391357422,72.81999969482422
2023-02-28,70.65377044677734,72.7699966430664
2023-03-01,69.76538848876953,71.8550033569336
2023-03-02,69.53235626220703,71.61499786376953
2023-03-03,71.02757263183594,73.15499877929688
2023-03-06,70.50814819335938,72.62000274658203
2023-03-07,69.54691314697266,71.62999725341797
2023-03-08,69.42071533203125,71.5
2023-03-09,67.76529693603516,69.79499816894531
2023-03-10,67.09051513671875,69.0999984741211
2023-03-13,67.23127746582031,69.24500274658203
2023-03-14,68.37210083007812,70.41999816894531
2023-03-15,68.27015686035156,70.31500244140625
2023-03-16,69.50323486328125,71.58499908447266
2023-03-17,68.6148452758789,70.66999816894531
2023-03-20,68.91187286376953,70.76000213623047
2023-03-21,70.81580352783203,72.71499633789062
2023-03-22,69.23812103271484,71.09500122070312
2023-03-23,69.16507720947266,71.0199966430664
2023-03-24,68.94108581542969,70.79000091552734
2023-03-27,69.08231353759766,70.93499755859375
2023-03-28,68.99951171875,70.8499984741211
2023-03-29,70.30940246582031,72.19499969482422
2023-03-30,70.9229507446289,72.82499694824219
2023-03-31,72.817138671875,74.7699966430664
2023-04-03,72.1500244140625,74.08499908447266
2023-04-04,72.03315734863281,73.96499633789062
2023-04-05,70.55773162841797,72.44999694824219
2023-04-06,70.57233428955078,72.46499633789062
2023-04-10,70.88399505615234,72.78500366210938
2023-04-11,70.9959716796875,72.9000015258789
2023-04-12,69.89549255371094,71.7699966430664
2023-04-13,71.4391098022461,73.3550033569336
2023-04-14,71.53160858154297,73.44999694824219
2023-04-17,72.03804779052734,73.97000122070312
2023-04-18,72.15489196777344,74.08999633789062
2023-04-19,72.08673858642578,74.0199966430664
2023-04-20,70.97649383544922,72.87999725341797
2023-04-21,71.7604751586914,73.68499755859375
2023-04-24,71.75074768066406,73.67500305175781
2023-04-25,70.32887268066406,72.21499633789062
2023-04-26,69.96853637695312,71.84500122070312
2023-04-27,71.81404113769531,73.73999786376953
2023-04-28,71.99908447265625,73.93000030517578
2023-05-01,71.28814697265625,73.19999694824219
2023-05-02,71.3611831665039,73.2750015258789
2023-05-03,70.79633331298828,72.69499969482422
2023-05-04,70.2509765625,72.13500213623047
2023-05-05,71.67283630371094,73.59500122070312
2023-05-08,71.91631317138672,73.84500122070312
2023-05-09,71.89680480957031,73.82499694824219
2023-05-10,72.26202392578125,74.19999694824219
2023-05-11,72.59800720214844,74.54499816894531
2023-05-12,71.9844741821289,73.91500091552734
2023-05-15,72.07698822021484,74.01000213623047
2023-05-16,71.78482055664062,73.70999908447266
2023-05-17,73.27973937988281,75.24500274658203
2023-05-18,74.41918182373047,76.41500091552734
2023-05-19,73.79589080810547,75.7750015258789
2023-05-22,73.56703186035156,75.54000091552734
2023-05-23,72.89502716064453,74.8499984741211
2023-05-24,72.62723541259766,74.57499694824219
2023-05-25,72.30097198486328,74.23999786376953
2023-05-26,74.00039672851562,75.98500061035156
2023-05-30,74.4970932006836,76.49500274658203
2023-05-31,73.82511138916016,75.80500030517578
2023-06-01,74.69672393798828,76.69999694824219
2023-06-02,76.4497299194336,78.5
2023-06-05,76.67858123779297,78.73500061035156
2023-06-06,77.47716522216797,79.55500030517578
2023-06-07,76.95126342773438,79.01499938964844
2023-06-08,78.09071350097656,80.18499755859375
2023-06-09,78.494873046875,80.5999984741211
2023-06-12,79.84368133544922,81.98500061035156
2023-06-13,80.67149353027344,82.83499908447266
2023-06-14,80.61308288574219,82.7750015258789
2023-06-15,81.13895416259766,83.31500244140625
2023-06-16,81.01721954345703,83.19000244140625
2023-06-20,81.62418365478516,83.6449966430664
2023-06-21,80.64348602294922,82.63999938964844
2023-06-22,81.67298889160156,83.69499969482422
2023-06-23,80.72642517089844,82.7249984741211
2023-06-26,79.69203186035156,81.66500091552734
2023-06-27,81.4046401977539,83.41999816894531
2023-06-28,81.7266616821289,83.75
2023-06-29,81.8144760131836,83.83999633789062
2023-06-30,82.85374450683594,84.90499877929688
2023-07-03,83.8539810180664,85.93000030517578
2023-07-05,83.88813781738281,85.96499633789062
2023-07-06,82.53661346435547,84.58000183105469
2023-07-07,82.63907623291016,84.68499755859375
2023-07-10,82.89279174804688,84.94499969482422
2023-07-11,83.58563995361328,85.65499877929688
2023-07-12,84.3370361328125,86.42500305175781
2023-07-13,85.1274642944336,87.23500061035156
2023-07-14,85.34703826904297,87.45999908447266
2023-07-17,85.6934585571289,87.81500244140625
2023-07-18,86.04476928710938,88.17500305175781
2023-07-19,86.3472671508789,88.48500061035156
2023-07-20,83.40509796142578,85.47000122070312
2023-07-21,83.42462921142578,85.48999786376953
2023-07-24,83.97109985351562,86.05000305175781
2023-07-25,83.77591705322266,85.8499984741211
2023-07-26,83.75640869140625,85.83000183105469
2023-07-27,82.88789367675781,84.94000244140625
2023-07-28,84.29310607910156,86.37999725341797
2023-07-31,84.77127838134766,86.87000274658203
2023-08-01,83.81008911132812,85.88500213623047
2023-08-02,82.3072738647461,84.34500122070312
2023-08-03,82.50244140625,84.54499816894531
2023-08-04,83.70274353027344,85.7750015258789
2023-08-07,84.56147766113281,86.65499877929688
2023-08-08,83.88813781738281,85.96499633789062
2023-08-09,82.89279174804688,84.94499969482422
2023-08-10,83.09282684326172,85.1500015258789
2023-08-11,82.80986022949219,84.86000061035156
2023-08-14,83.06356048583984,85.12000274658203
2023-08-15,81.93157958984375,83.95999908447266
2023-08-16,80.91670227050781,82.91999816894531
2023-08-17,79.54566192626953,81.51499938964844
2023-08-18,79.36511993408203,81.33000183105469
2023-08-21,80.27754974365234,82.26499938964844
2023-08-22,80.39463806152344,82.38500213623047
2023-08-23,81.03868865966797,83.04499816894531
2023-08-24,79.45294189453125,81.41999816894531
2023-08-25,80.3409652709961,82.33000183105469
2023-08-28,80.6629867553711,82.66000366210938
2023-08-29,82.67811584472656,84.7249984741211
2023-08-30,83.03427124023438,85.08999633789062
2023-08-31,83.29288482666016,85.3550033569336
2023-09-01,82.78544616699219,84.83499908447266
2023-09-05,82.843994140625,84.8949966430664
2023-09-06,82.10723114013672,84.13999938964844
2023-09-07,82.33655548095703,84.375
2023-09-08,82.33655548095703,84.375
2023-09-11,84.55171203613281,86.6449966430664
2023-09-12,83.78569793701172,85.86000061035156
2023-09-13,84.44924926757812,86.54000091552734
2023-09-14,85.2787094116211,87.38999938964844
2023-09-15,83.81983184814453,85.8949966430664
2023-09-18,82.90824890136719,84.80999755859375
2023-09-19,82.4927749633789,84.38500213623047
2023-09-20,81.67161560058594,83.54499816894531
2023-09-21,79.44274139404297,81.26499938964844
2023-09-22,78.6606674194336,80.46499633789062
2023-09-25,79.14458465576172,80.95999908447266
2023-09-26,77.70264434814453,79.48500061035156
2023-09-27,77.40450286865234,79.18000030517578
2023-09-28,78.2696533203125,80.06500244140625
2023-09-29,78.68511199951172,80.48999786376953
2023-10-02,78.74866485595703,80.55500030517578
2023-10-03,76.8326187133789,78.59500122070312
2023-10-04,78.34785461425781,80.1449966430664
2023-10-05,77.95681762695312,79.74500274658203
2023-10-06,78.50425720214844,80.30500030517578
2023-10-09,78.58735656738281,80.38999938964844
2023-10-10,79.44762420654297,81.2699966430664
2023-10-11,79.73112487792969,81.55999755859375
2023-10-12,78.861083984375,80.66999816894531
2023-10-13,77.70264434814453,79.48500061035156
2023-10-16,78.9588394165039,80.7699966430664
2023-10-17,79.14458465576172,80.95999908447266
2023-10-18,77.28717041015625,79.05999755859375
2023-10-19,75.3124771118164,77.04000091552734
2023-10-20,74.14427947998047,75.84500122070312
2023-10-23,74.23225402832031,75.93499755859375
2023-10-24,75.02410888671875,76.74500274658203
2023-10-25,73.50885772705078,75.19499969482422
2023-10-26,72.3602066040039,74.0199966430664
2023-10-27,73.11782836914062,74.79499816894531
2023-10-30,73.7874526977539,75.4800033569336
2023-10-31,74.34469604492188,76.05000305175781
2023-11-01,75.26359558105469,76.98999786376953
2023-11-02,77.22852325439453,79.0
2023-11-03,78.31364440917969,80.11000061035156
2023-11-06,78.4113998413086,80.20999908447266
2023-11-07,79.28633117675781,81.1050033569336
2023-11-08,79.0761489868164,80.88999938964844
2023-11-09,77.60000610351562,79.37999725341797
2023-11-10,78.89041900634766,80.69999694824219
2023-11-13,79.22767639160156,81.04499816894531
2023-11-14,81.89647674560547,83.7750015258789
2023-11-15,81.99423217773438,83.875
2023-11-16,81.15349578857422,83.01499938964844
2023-11-17,81.69605255126953,83.56999969482422
2023-11-20,82.11641693115234,84.0
2023-11-21,81.9062271118164,83.78500366210938
2023-11-22,82.15552520751953,84.04000091552734
2023-11-24,82.23371887207031,84.12000274658203
2023-11-27,82.36568450927734,84.25499725341797
2023-11-28,82.83981323242188,84.73999786376953
2023-11-29,82.6149673461914,84.51000213623047
2023-11-30,82.49765014648438,84.38999938964844
2023-12-01,83.62676239013672,85.54499816894531
2023-12-04,83.3090591430664,85.22000122070312
2023-12-05,83.4556884765625,85.37000274658203
2023-12-06,83.57788848876953,85.49500274658203
2023-12-07,84.2670669555664,86.19999694824219
2023-12-08,84.65323638916016,86.59500122070312
2023-12-11,84.8780517578125,86.82499694824219
2023-12-12,85.14201354980469,87.09500122070312
2023-12-13,86.25645446777344,88.23500061035156
2023-12-14,87.41486358642578,89.41999816894531
2023-12-15,87.59571838378906,89.6050033569336
2023-12-18,88.13924407958984,90.0
2023-12-19,88.8296890258789,90.70500183105469
2023-12-20,87.20889282226562,89.05000305175781
2023-12-21,88.53588104248047,90.40499877929688
2023-12-22,87.88462829589844,89.73999786376953
2023-12-26,88.25677490234375,90.12000274658203
2023-12-27,88.56037139892578,90.43000030517578
2023-12-28,88.1000747680664,89.95999908447266
2023-12-29,87.55656433105469,89.40499877929688
2024-01-02,86.74371337890625,88.57499694824219
2024-01-03,84.99073028564453,86.78500366210938
2024-01-04,84.3933334350586,86.17500305175781
2024-01-05,84.52554321289062,86.30999755859375
2024-01-08,85.96514892578125,87.77999877929688
2024-01-09,85.6468734741211,87.45500183105469
2024-01-10,86.33240509033203,88.15499877929688
2024-01-11,86.21977233886719,88.04000091552734
2024-01-12,85.18170928955078,86.9800033569336
2024-01-16,85.08377075195312,86.87999725341797
2024-01-17,84.3394775390625,86.12000274658203
2024-01-18,84.8193588256836,86.61000061035156
2024-01-19,85.6370849609375,87.44499969482422
2024-01-22,85.26002502441406,87.05999755859375
2024-01-23,85.05438232421875,86.8499984741211
2024-01-24,84.73120880126953,86.5199966430664
2024-01-25,83.68331909179688,85.44999694824219
2024-01-26,84.06525421142578,85.83999633789062
2024-01-29,85.29431915283203,87.09500122070312
2024-01-30,85.2453384399414,87.04499816894531
2024-01-31,83.69312286376953,85.45999908447266
2024-02-01,85.30410766601562,87.1050033569336
2024-02-02,86.82696533203125,88.66000366210938
2024-02-05,85.6028060913086,87.41000366210938
2024-02-06,86.12184143066406,87.94000244140625
2024-02-07,87.08647918701172,88.92500305175781
2024-02-08,87.46841430664062,89.31500244140625
2024-02-09,88.09028625488281,89.94999694824219
2024-02-12,88.01683044433594,89.875
2024-02-13,86.26384735107422,88.08499908447266
2024-02-14,87.17462158203125,89.01499938964844
2024-02-15,88.18331146240234,90.04499816894531
2024-02-16,87.65938568115234,89.51000213623047
2024-02-20,86.83186340332031,88.66500091552734
2024-02-21,87.47330474853516,89.31999969482422
2024-02-22,89.17243957519531,91.05500030517578
2024-02-23,88.77091217041016,90.6449966430664
2024-02-26,89.04513549804688,90.92500305175781
2024-02-27,89.33892822265625,91.2249984741211
2024-02-28,89.69147491455078,91.58499908447266
2024-02-29,90.29866790771484,92.20500183105469
2024-03-01,90.59735107421875,92.51000213623047
2024-03-04,89.37321472167969,91.26000213623047
2024-03-05,88.26167297363281,90.125
2024-03-06,87.94828796386719,89.80500030517578
2024-03-07,88.61912536621094,90.48999786376953
2024-03-08,88.29105377197266,90.15499877929688
2024-03-11,88.0511245727539,89.91000366210938
2024-03-12,88.81008911132812,90.68499755859375
2024-03-13,88.62401580810547,90.49500274658203
2024-03-14,88.06092071533203,89.91999816894531
2024-03-15,87.18440246582031,89.0250015258789
2024-03-18,87.85032653808594,89.51000213623047
2024-03-19,88.6109619140625,90.28500366210938
2024-03-20,89.9310302734375,91.62999725341797
2024-03-21,90.45610046386719,92.16500091552734
2024-03-22,89.66603088378906,91.36000061035156
2024-03-25,89.37158966064453,91.05999755859375
2024-03-26,89.48446655273438,91.17500305175781
2024-03-27,90.5198974609375,92.2300033569336
2024-03-28,90.24018859863281,91.94499969482422
2024-04-01,89.56788635253906,91.26000213623047
2024-04-02,88.24781036376953,89.91500091552734
2024-04-03,88.3116226196289,89.9800033569336
2024-04-04,87.27616882324219,88.92500305175781
2024-04-05,87.76199340820312,89.41999816894531
2024-04-08,88.59623718261719,90.2699966430664
2024-04-09,89.01335906982422,90.69499969482422
2024-04-10,87.63932037353516,89.29499816894531
2024-04-11,88.3459701538086,90.01499938964844
2024-04-12,86.91304779052734,88.55500030517578
2024-04-15,85.46539306640625,87.08000183105469
2024-04-16,84.97956848144531,86.58499908447266
2024-04-17,84.56734466552734,86.16500091552734
2024-04-18,84.04227447509766,85.62999725341797
2024-04-19,83.30619049072266,84.87999725341797
2024-04-22,83.6742172241211,85.25499725341797
2024-04-23,84.67040252685547,86.2699966430664
2024-04-24,85.48011779785156,87.09500122070312
2024-04-25,85.55371856689453,87.16999816894531
2024-04-26,86.32416534423828,87.95500183105469
2024-04-29,88.33123016357422,90.0
2024-04-30,86.18185424804688,87.80999755859375
2024-05-01,85.64205169677734,87.26000213623047
2024-05-02,86.7216567993164,88.36000061035156
2024-05-03,87.30562591552734,88.95500183105469
2024-05-06,88.2380142211914,89.90499877929688
2024-05-07,87.60496520996094,89.26000213623047
2024-05-08,87.27616882324219,88.92500305175781
2024-05-09,87.86996459960938,89.52999877929688
2024-05-10,87.39886474609375,89.05000305175781
2024-05-13,87.28600311279297,88.93499755859375
2024-05-14,87.68347930908203,89.33999633789062
2024-05-15,87.81597137451172,89.4749984741211
2024-05-16,87.2467269897461,88.8949966430664
2024-05-17,87.69329071044922,89.3499984741211
2024-05-20,87.0406265258789,88.68499755859375
2024-05-21,87.60005187988281,89.25499725341797
2024-05-22,86.68730163574219,88.32499694824219
2024-05-23,85.28382110595703,86.8949966430664
2024-05-24,86.14258575439453,87.7699966430664
2024-05-28,85.93157958984375,87.55500030517578
2024-05-29,85.36724853515625,86.9800033569336
2024-05-30,85.8727035522461,87.49500274658203
2024-05-31,86.35360717773438,87.98500061035156
2024-06-03,86.31433868408203,87.94499969482422
2024-06-04,86.40269470214844,88.03500366210938
2024-06-05,86.90813446044922,88.55000305175781
2024-06-06,87.54116821289062,89.19499969482422
2024-06-07,87.18293762207031,88.83000183105469
2024-06-10,87.46265411376953,89.11499786376953
2024-06-11,87.23201751708984,88.87999725341797
2024-06-12,88.13986206054688,89.80500030517578
2024-06-13,88.20854949951172,89.875
2024-06-14,87.51171875,89.16500091552734
2024-06-17,89.04771423339844,90.7300033569336
2024-06-18,88.74835968017578,90.42500305175781
2024-06-20,88.8612289428711,90.54000091552734
2024-06-21,89.61205291748047,91.30500030517578
2024-06-24,89.22944641113281,90.72000122070312
2024-06-25,88.87043762207031,90.3550033569336
2024-06-26,90.15892028808594,91.66500091552734
2024-06-27,90.709716796875,92.2249984741211
2024-06-28,89.70155334472656,91.19999694824219
2024-07-01,90.0064697265625,91.51000213623047
2024-07-02,91.75721740722656,93.29000091552734
2024-07-03,92.34244537353516,93.88500213623047
2024-07-05,93.0948715209961,94.6500015258789
2024-07-08,93.13912963867188,94.69499969482422
2024-07-09,93.44895935058594,95.01000213623047
2024-07-10,94.1521987915039,95.7249984741211
2024-07-11,92.9571762084961,94.51000213623047
2024-07-12,94.171875,95.74500274658203
2024-07-15,94.06369018554688,95.63500213623047
2024-07-16,95.75050354003906,97.3499984741211
2024-07-17,94.1521987915039,95.7249984741211
2024-07-18,93.19322967529297,94.75
2024-07-19,92.36210632324219,93.90499877929688
2024-07-22,93.38011169433594,94.94000244140625
2024-07-23,92.96208953857422,94.51499938964844
2024-07-24,89.16059112548828,90.6500015258789
2024-07-25,88.8114242553711,90.29499816894531
2024-07-26,89.80484008789062,91.30500030517578
2024-07-29,91.30477905273438,92.83000183105469
2024-07-30,90.79823303222656,92.31500244140625
2024-07-31,92.20474243164062,93.74500274658203
2024-08-01,89.9425277709961,91.44499969482422
2024-08-02,86.63282012939453,88.08000183105469
2024-08-05,84.18373107910156,85.58999633789062
2024-08-06,85.11319732666016,86.53500366210938
2024-08-07,83.62802124023438,85.0250015258789
2024-08-08,85.45252990722656,86.87999725341797
2024-08-09,85.7377700805664,87.16999816894531
2024-08-12,85.3984375,86.82499694824219
2024-08-13,87.5376968383789,89.0
2024-08-14,87.07051086425781,88.5250015258789
2024-08-15,89.84909057617188,91.3499984741211
2024-08-16,90.060546875,91.56500244140625
2024-08-19,91.16707611083984,92.69000244140625
2024-08-20,91.08348083496094,92.6050033569336
2024-08-21,92.23424530029297,93.7750015258789
2024-08-22,90.64085388183594,92.15499877929688
2024-08-23,92.3916244506836,93.93499755859375
2024-08-26,91.6736068725586,93.20500183105469
2024-08-27,91.4326400756836,92.95999908447266
2024-08-28,90.54742431640625,92.05999755859375
2024-08-29,90.6556167602539,92.16999816894531
2024-08-30,92.02277374267578,93.55999755859375
2024-09-03,90.75889587402344,92.2750015258789
2024-09-04,90.99494934082031,92.51499938964844
2024-09-05,92.02769470214844,93.56500244140625
2024-09-06,89.70155334472656,91.19999694824219
2024-09-09,91.00970458984375,92.52999877929688
2024-09-10,92.05227661132812,93.58999633789062
2024-09-11,92.971923828125,94.5250015258789
2024-09-12,94.01942443847656,95.58999633789062
2024-09-13,94.65873718261719,96.23999786376953
2024-09-16,94.4964599609375,96.07499694824219
2024-09-17,94.9784164428711,96.56500244140625
2024-09-18,94.79153442382812,96.375
2024-09-19,96.95047760009766,98.56999969482422
2024-09-20,96.72915649414062,98.34500122070312
2024-09-23,97.90449523925781,99.33499908447266
2024-09-24,98.761962890625,100.20500183105469
2024-09-25,98.40715026855469,99.84500122070312
2024-09-26,98.82601165771484,100.2699966430664
2024-09-27,98.97386169433594,100.41999816894531
2024-09-30,98.74224090576172,100.18499755859375
2024-10-01,98.34308624267578,99.77999877929688
2024-10-02,97.51024627685547,98.93499755859375
2024-10-03,96.3817367553711,97.79000091552734
2024-10-04,97.65809631347656,99.08499908447266
2024-10-07,96.14026641845703,97.54499816894531
2024-10-08,97.07659149169922,98.49500274658203
2024-10-09,97.77141571044922,99.19999694824219
2024-10-10,97.28849029541016,98.70999908447266
2024-10-11,96.8745346069336,98.29000091552734
2024-10-14,97.29833984375,98.72000122070312
2024-10-15,97.51024627685547,98.93499755859375
2024-10-16,98.02276611328125,99.45500183105469
2024-10-17,97.93405151367188,99.36499786376953
2024-10-18,98.31843566894531,99.75499725341797
2024-10-21,97.55461120605469,98.9800033569336
2024-10-22,97.16036224365234,98.58000183105469
2024-10-23,95.6326904296875,97.02999877929688
2024-10-24,98.64861297607422,100.08999633789062
2024-10-25,98.9590835571289,100.40499877929688
2024-10-28,99.19068908691406,100.63999938964844
2024-10-29,98.67324829101562,100.11499786376953
2024-10-30,98.53527069091797,99.9749984741211
2024-10-31,97.0273208618164,98.44499969482422
2024-11-01,98.60426330566406,100.04499816894531
2024-11-04,98.26422882080078,99.69999694824219
2024-11-05,100.0038070678711,101.46499633789062
2024-11-06,103.20207977294922,104.70999908447266
2024-11-07,104.5277099609375,106.05500030517578
2024-11-08,106.01104736328125,107.55999755859375
2024-11-11,108.14978790283203,109.7300033569336
2024-11-12,106.70589447021484,108.26499938964844
2024-11-13,107.6175765991211,109.19000244140625
2024-11-14,106.08988952636719,107.63999938964844
2024-11-15,105.18314361572266,106.72000122070312
2024-11-18,106.15396118164062,107.70500183105469
2024-11-19,106.23279571533203,107.78500366210938
2024-11-20,105.76464080810547,107.30999755859375
2024-11-21,105.951904296875,107.5
2024-11-22,107.4795913696289,109.05000305175781
2024-11-25,108.57852935791016,110.16500091552734
2024-11-26,108.9727783203125,110.56500244140625
2024-11-27,108.43561553955078,110.0199966430664
2024-11-29,109.54934692382812,111.1500015258789
2024-12-02,110.50538635253906,112.12000274658203
2024-12-03,110.42160034179688,112.03500366210938
2024-12-04,111.44661712646484,113.07499694824219
2024-12-05,112.3582992553711,114.0
2024-12-06,114.72373962402344,116.4000015258789
2024-12-09,114.35906982421875,116.02999877929688
2024-12-10,114.54633331298828,116.22000122070312
2024-12-11,116.55696868896484,118.26000213623047
2024-12-12,115.59107971191406,117.27999877929688
2024-12-13,116.04936981201172,117.74500274658203
2024-12-16,117.62139129638672,119.33999633789062
2024-12-17,117.9909896850586,119.71499633789062
2024-12-18,112.67369079589844,114.31999969482422
2024-12-19,112.52092742919922,114.16500091552734
2024-12-20,112.80675506591797,114.45500183105469
2024-12-23,113.1489028930664,114.58499908447266
2024-12-24,115.76568603515625,117.23500061035156
2024-12-26,115.33615112304688,116.80000305175781
2024-12-27,113.43033599853516,114.87000274658203
2024-12-30,111.60845184326172,113.0250015258789
2024-12-31,110.76911926269531,112.17500305175781
2025-01-02,109.31259155273438,110.69999694824219
2025-01-03,111.52452087402344,112.94000244140625
2025-01-06,111.96394348144531,113.38500213623047
2025-01-07,109.79645538330078,111.19000244140625
2025-01-08,110.10750579833984,111.50499725341797
2025-01-10,109.02622985839844,110.41000366210938
2025-01-13,109.64339447021484,111.03500366210938
2025-01-14,109.43109893798828,110.81999969482422
2025-01-15,112.21574401855469,113.63999938964844
2025-01-16,111.60845184326172,113.0250015258789
2025-01-17,113.17359161376953,114.61000061035156
2025-01-21,114.0030517578125,115.44999694824219
2025-01-22,113.57351684570312,115.01499938964844
2025-01-23,114.25979614257812,115.70999908447266
2025-01-24,113.56363677978516,115.00499725341797
2025-01-27,114.2104263305664,115.66000366210938
2025-01-28,114.34867095947266,115.80000305175781
2025-01-29,114.02281188964844,115.47000122070312
2025-01-30,115.13864135742188,116.5999984741211
2025-01-31,114.6301040649414,116.08499908447266
2025-02-03,113.11434936523438,114.55000305175781
2025-02-04,114.44743347167969,115.9000015258789
2025-02-05,113.1489028930664,114.58499908447266
2025-02-06,113.59819793701172,115.04000091552734
2025-02-07,111.37639617919922,112.79000091552734
2025-02-10,111.75657653808594,113.17500305175781
2025-02-11,110.4876708984375,111.88999938964844
2025-02-12,110.46793365478516,111.87000274658203
2025-02-13,112.12687683105469,113.55000305175781
2025-02-14,112.07750701904297,113.5
2025-02-18,111.7664566040039,113.18499755859375
2025-02-19,111.70227813720703,113.12000274658203
2025-02-20,110.7394790649414,112.1449966430664
2025-02-21,107.82645416259766,109.19499969482422
2025-02-24,107.42159271240234,108.78500366210938
2025-02-25,106.85872650146484,108.21499633789062
2025-02-26,106.4193115234375,107.7699966430664
2025-02-27,104.88380432128906,106.21499633789062
2025-02-28,106.6266860961914,107.9800033569336
2025-03-03,104.66162109375,105.98999786376953
2025-03-04,102.8150634765625,104.12000274658203
2025-03-05,104.38020324707031,105.70500183105469
2025-03-06,101.73379516601562,103.0250015258789
2025-03-07,101.5461654663086,102.83499908447266
2025-03-10,97.92215728759766,99.16500091552734
2025-03-11,96.96431732177734,98.19499969482422
2025-03-12,97.52717590332031,98.76499938964844
2025-03-13,95.09307861328125,96.30000305175781
2025-03-14,97.11737060546875,98.3499984741211
2025-03-17,97.27043151855469,98.50499725341797
2025-03-18,95.53742980957031,96.75
2025-03-19,97.36919403076172,98.6050033569336
2025-03-20,97.13713073730469,98.37000274658203
2025-03-21,97.48767852783203,98.7249984741211
2025-03-24,101.14244079589844,102.1449966430664
2025-03-25,101.94945526123047,102.95999908447266
2025-03-26,100.61764526367188,101.61499786376953
2025-03-27,100.6820068359375,101.68000030517578
2025-03-28,97.55302429199219,98.5199966430664
2025-03-31,97.76097106933594,98.7300033569336
2025-04-01,98.7808609008789,99.76000213623047
2025-04-02,100.65725708007812,101.65499877929688
2025-04-03,94.57752227783203,95.51499938964844
2025-04-04,90.49796295166016,91.3949966430664
2025-04-07,89.42855834960938,90.31500244140625
2025-04-08,87.30460357666016,88.16999816894531
2025-04-09,96.81038665771484,97.7699966430664
2025-04-10,93.02787780761719,93.94999694824219
2025-04-11,93.92893981933594,94.86000061035156
2025-04-14,94.20125579833984,95.13500213623047
2025-04-15,93.52296447753906,94.44999694824219
2025-04-16,91.2158432006836,92.12000274658203
2025-04-17,91.79014587402344,92.69999694824219
2025-04-21,89.33944702148438,90.2249984741211
2025-04-22,92.16641998291016,93.08000183105469
2025-04-23,94.22600555419922,95.16000366210938
2025-04-24,96.10240173339844,97.05500030517578
2025-04-25,97.83028411865234,98.80000305175781
2025-04-28,97.86492919921875,98.83499908447266
2025-04-29,98.55806732177734,99.53500366210938
2025-04-30,97.66194915771484,98.62999725341797
2025-05-01,98.20160675048828,99.17500305175781
2025-05-02,99.72647094726562,100.71499633789062
2025-05-05,98.66698455810547,99.6449966430664
2025-05-06,97.8055191040039,98.7750015258789
2025-05-07,98.56796264648438,99.54499816894531
2025-05-08,99.73143005371094,100.72000122070312
2025-05-09,100.211669921875,101.20500183105469
2025-05-12,105.19230651855469,106.23500061035156
2025-05-13,106.58350372314453,107.63999938964844
2025-05-14,106.99443817138672,108.05500030517578
2025-05-15,106.75679779052734,107.81500244140625
2025-05-16,107.76678466796875,108.83499908447266
2025-05-19,107.51429748535156,108.58000183105469
2025-05-20,106.954833984375,108.01499938964844
2025-05-21,104.78631591796875,105.82499694824219
2025-05-22,105.23686218261719,106.27999877929688
2025-05-23,104.2912368774414,105.32499694824219
2025-05-27,107.37071228027344,108.43499755859375
2025-05-28,106.38548278808594,107.44000244140625
2025-05-29,106.43003845214844,107.48500061035156
2025-05-30,105.85077667236328,106.9000015258789
2025-06-02,106.09832763671875,107.1500015258789
2025-06-03,106.66272735595703,107.72000122070312
2025-06-04,106.38052368164062,107.43499755859375
2025-06-05,103.69712829589844,104.7249984741211
2025-06-06,105.04376983642578,106.08499908447266
2025-06-09,105.88543701171875,106.93499755859375
2025-06-10,107.15286254882812,108.21499633789062
2025-06-11,106.30625915527344,107.36000061035156
2025-06-12,105.80622100830078,106.8550033569336
2025-06-13,104.83089447021484,105.87000274658203
2025-06-16,105.95970153808594,107.01000213623047
2025-06-17,104.13280487060547,105.16500091552734
2025-06-18,104.18230438232422,105.21499633789062
2025-06-20,104.30608367919922,105.33999633789062
2025-06-23,106.37352752685547,107.19999694824219
2025-06-24,106.96393585205078,107.79499816894531
2025-06-25,105.7037353515625,106.5250015258789
2025-06-26,106.6761703491211,107.50499725341797
2025-06-27,108.4523696899414,109.29499816894531
2025-06-30,107.82723236083984,108.66500091552734
2025-07-01,108.28864288330078,109.12999725341797
2025-07-02,109.15689849853516,110.00499725341797
2025-07-03,109.75227355957031,110.6050033569336
2025-07-07,108.35809326171875,109.19999694824219
2025-07-08,107.99095916748047,108.83000183105469
2025-07-09,108.6309814453125,109.4749984741211
2025-07-10,109.83165740966797,110.68499755859375
2025-07-11,109.8614273071289,110.71499633789062
2025-07-14,110.26826477050781,111.125
2025-07-15,108.69052124023438,109.53500366210938
2025-07-16,108.88897705078125,109.73500061035156
2025-07-17,109.26109313964844,110.11000061035156
2025-07-18,110.22856903076172,111.08499908447266
2025-07-21,110.74951934814453,111.61000061035156
2025-07-22,111.87081146240234,112.73999786376953
2025-07-23,112.40168762207031,113.2750015258789
2025-07-24,110.5411376953125,111.4000015258789
2025-07-25,111.56816864013672,112.43499755859375
2025-07-28,112.2181167602539,113.08999633789062
2025-07-29,111.44412994384766,112.30999755859375
2025-07-30,110.7396011352539,111.5999984741211
2025-07-31,109.8614273071289,110.71499633789062
2025-08-01,107.2120132446289,108.04499816894531
2025-08-04,108.47222900390625,109.31500244140625
2025-08-05,108.61113739013672,109.45500183105469
2025-08-06,110.86860656738281,111.7300033569336
2025-08-07,110.83386993408203,111.69499969482422
2025-08-08,111.0273666381836,111.88999938964844
2025-08-11,111.31513214111328,112.18000030517578
2025-08-12,112.4959716796875,113.37000274658203
2025-08-13,114.03897094726562,114.92500305175781
2025-08-14,113.90996551513672,114.79499816894531
2025-08-15,113.6370849609375,114.5199966430664
2025-08-18,114.09355163574219,114.9800033569336
2025-08-19,114.03897094726562,114.92500305175781
2025-08-20,112.91271209716797,113.79000091552734
2025-08-21,112.24291229248047,113.11499786376953
2025-08-22,115.65145111083984,116.55000305175781
2025-08-25,115.41825103759766,116.31500244140625
2025-08-26,115.94912719726562,116.8499984741211
2025-08-27,115.97393035888672,116.875
2025-08-28,116.17239379882812,117.07499694824219
2025-08-29,114.9766845703125,115.87000274658203
2025-09-02,114.11834716796875,115.00499725341797
2025-09-03,114.57976531982422,115.47000122070312
2025-09-04,116.67350006103516,117.58000183105469
2025-09-05,116.64869689941406,117.55500030517578
2025-09-08,117.10018920898438,118.01000213623047
2025-09-09,116.93645477294922,117.84500122070312
2025-09-10,115.53732299804688,116.43499755859375
2025-09-11,117.78485870361328,118.69999694824219
2025-09-12,118.39512634277344,119.31500244140625
2025-09-15,119.42213439941406,120.3499984741211
2025-09-16,120.15643310546875,121.08999633789062
2025-09-17,119.85379028320312,120.78500366210938
2025-09-18,119.31299591064453,120.23999786376953
2025-09-19,119.76448059082031,120.69499969482422
2025-09-22,119.37432098388672,120.08999633789062
2025-09-23,118.25106048583984,118.95999908447266
2025-09-24,119.08605194091797,119.80000305175781
2025-09-25,117.4061279296875,118.11000061035156
2025-09-26,119.1407241821289,119.8550033569336
2025-09-29,119.66259002685547,120.37999725341797
2025-09-30,119.1059341430664,119.81999969482422
2025-10-01,119.8514633178711,120.56999969482422
2025-10-02,118.98665618896484,119.69999694824219
2025-10-03,118.22123718261719,118.93000030517578
2025-10-06,119.23515319824219,119.94999694824219
2025-10-07,117.14767456054688,117.8499984741211
2025-10-08,117.49559020996094,118.19999694824219
2025-10-09,116.90910339355469,117.61000061035156
2025-10-10,113.6933822631836,114.375
2025-10-13,116.23316192626953,116.93000030517578
2025-10-14,116.47669982910156,117.17500305175781
2025-10-15,116.64568328857422,117.34500122070312
2025-10-16,115.51744842529297,116.20999908447266
2025-10-17,116.51148986816406,117.20999908447266
2025-10-20,117.43594360351562,118.13999938964844
2025-10-21,118.87232971191406,119.58499908447266
2025-10-22,117.94290924072266,118.6500015258789
2025-10-23,118.47471618652344,119.18499755859375
2025-10-24,118.12183380126953,118.83000183105469
2025-10-27,119.82164764404297,120.54000091552734
2025-10-28,119.8514633178711,120.56999969482422
2025-10-29,118.86238861083984,119.57499694824219
2025-10-30,116.17848205566406,116.875
2025-10-31,119.25006103515625,119.96499633789062
2025-11-03,120.36836242675781,121.08999633789062
2025-11-04,118.37034606933594,119.08000183105469
2025-11-05,119.81169891357422,120.52999877929688
2025-11-06,117.04329681396484,117.74500274658203
2025-11-07,117.22720336914062,117.93000030517578
2025-11-10,118.76795959472656,119.4800033569336
2025-11-11,119.06120300292969,119.7750015258789
2025-11-12,118.26100158691406,118.97000122070312
2025-11-13,115.30870056152344,116.0
2025-11-14,114.75700378417969,115.44499969482422
2025-11-17,113.678466796875,114.36000061035156
2025-11-18,111.58103942871094,112.25
2025-11-19,111.58601379394531,112.25499725341797
2025-11-20,109.9209976196289,110.58000183105469
2025-11-21,112.07806396484375,112.75
2025-11-24,113.5740966796875,114.25499725341797
2025-11-25,116.00452423095703,116.69999694824219
2025-11-26,116.79976654052734,117.5
2025-11-28,117.5254135131836,118.2300033569336
2025-12-01,117.5949935913086,118.30000305175781
2025-12-02,117.51547241210938,118.22000122070312
2025-12-03,118.78286743164062,119.49500274658203
2025-12-04,118.36040496826172,119.06999969482422
2025-12-05,119.0164794921875,119.7300033569336
2025-12-08,117.28683471679688,117.98999786376953
2025-12-09,117.27690887451172,117.9800033569336
2025-12-10,118.99658966064453,119.70999908447266
2025-12-11,119.46379089355469,120.18000030517578
2025-12-12,119.98068237304688,120.69999694824219
2025-12-15,121.00454711914062,121.7300033569336
2025-12-16,121.20336151123047,121.93000030517578
2025-12-17,119.80176544189453,120.5199966430664
2025-12-18,121.61090850830078,122.33999633789062
2025-12-19,121.12383270263672,121.8499984741211
2025-12-22,121.85191345214844,122.33999633789062
2025-12-23,121.68260192871094,122.16999816894531
2025-12-24,122.10092163085938,122.58999633789062
2025-12-26,121.56307983398438,122.05000305175781
2025-12-29,120.36786651611328,120.8499984741211
2025-12-30,119.87981414794922,120.36000061035156
2025-12-31,118.9336166381836,119.41000366210938
2026-01-02,117.87783813476562,118.3499984741211
2026-01-05,119.82006072998047,120.30000305175781
2026-01-06,120.58698272705078,121.06999969482422
2026-01-07,120.41767120361328,120.9000015258789
2026-01-08,122.42960357666016,122.91999816894531
2026-01-09,123.91366577148438,124.41000366210938
2026-01-12,124.02322387695312,124.5199966430664
2026-01-13,123.71446228027344,124.20999908447266
2026-01-14,121.76228332519531,122.25
2026-01-15,122.21048736572266,122.69999694824219
2026-01-16,121.81208801269531,122.30000305175781
2026-01-20,118.644775390625,119.12000274658203
2026-01-21,120.9156723022461,121.4000015258789
2026-01-22,122.13080596923828,122.62000274658203
2026-01-23,122.63876342773438,123.12999725341797
2026-01-26,121.83200073242188,122.31999969482422
2026-01-27,122.20052337646484,122.69000244140625
2026-01-28,121.28419494628906,121.7699966430664
2026-01-29,120.70651245117188,121.19000244140625
2026-01-30,120.68658447265625,121.16999816894531
2026-02-02,121.4833984375,121.97000122070312
2026-02-03,120.5073013305664,120.98999786376953
2026-02-04,119.62085723876953,120.0999984741211
2026-02-05,117.04119110107422,117.51000213623047
2026-02-06,117.51927185058594,117.98999786376953
2026-02-09,117.0810317993164,117.55000305175781
2026-02-10,117.85792541503906,118.33000183105469
2026-02-11,117.29019165039062,117.76000213623047
2026-02-12,115.66669464111328,116.12999725341797
2026-02-13,115.71649932861328,116.18000030517578
2026-02-17,115.57705688476562,116.04000091552734
2026-02-18,116.55313873291016,117.0199966430664
2026-02-19,115.77625274658203,116.23999786376953
2026-02-20,116.98143005371094,117.44999694824219
2026-02-23,114.53124237060547,114.98999786376953
2026-02-24,116.27426147460938,116.73999786376953
2026-02-25,116.62286376953125,117.08999633789062
2026-02-26,116.5830307006836,117.05000305175781
2026-02-27,116.39378356933594,116.86000061035156
2026-03-02,114.95952606201172,115.41999816894531
2026-03-03,113.90375518798828,114.36000061035156
2026-03-04,115.9256591796875,116.38999938964844
2026-03-05,116.08502960205078,116.55000305175781
2026-03-06,113.98344421386719,114.44000244140625
2026-03-09,114.13284301757812,114.58999633789062
2026-03-10,113.98344421386719,114.44000244140625
2026-03-11,113.68463897705078,114.13999938964844
2026-03-12,111.07508850097656,111.5199966430664
2026-03-13,110.417724609375,110.86000061035156
2026-03-16,111.75236511230469,112.19999694824219
2026-03-17,112.72846221923828,113.18000030517578
2026-03-18,110.12887573242188,110.56999969482422
2026-03-19,109.26234436035156,109.69999694824219
2026-03-20,107.31016540527344,107.73999786376953
2026-03-23,109.90100860595703,110.12000274658203
2026-03-24,109.46187591552734,109.68000030517578
2026-03-25,110.50979614257812,110.7300033569336
2026-03-26,108.61357116699219,108.83000183105469
2026-03-27,105.46983337402344,105.68000030517578
2026-03-30,105.44987487792969,105.66000366210938
2026-03-31,108.76327514648438,108.9800033569336
2026-04-01,109.5816421508789,109.80000305175781
2026-04-02,107.93492126464844,108.1500015258789
2026-04-06,108.82315063476562,109.04000091552734
2026-04-07,107.55567169189453,107.7699966430664
2026-04-08,110.599609375,110.81999969482422
2026-04-09,112.51579284667969,112.73999786376953
2026-04-10,112.66549682617188,112.88999938964844
2026-04-13,113.69344329833984,113.91999816894531
2026-04-14,116.20843505859375,116.44000244140625
2026-04-15,117.94497680664062,118.18000030517578
2026-04-16,117.39606475830078,117.62999725341797
2026-04-17,120.17053985595703,120.41000366210938
2026-04-20,119.6316146850586,119.87000274658203
2026-04-21,118.73340606689453,118.97000122070312
2026-04-22,118.6934814453125,118.93000030517578
2026-04-23,117.50584411621094,117.73999786376953
2026-04-24,118.45396423339844,118.69000244140625
2026-04-27,117.60564422607422,117.83999633789062
2026-04-28,116.77730560302734,117.01000213623047
2026-04-29,116.60763549804688,116.83999633789062
2026-04-30,118.11463165283203,118.3499984741211
2026-05-01,118.39407348632812,118.62999725341797
2026-05-04,117.48589324951172,117.72000122070312
2026-05-05,117.83518981933594,118.06999969482422
2026-05-06,119.6316146850586,119.87000274658203
2026-05-07,119.64159393310547,119.87999725341797
2026-05-08,119.96095275878906,120.19999694824219
2026-05-11,119.13261413574219,119.37000274658203
2026-05-12,118.05475616455078,118.29000091552734
2026-05-13,118.48390197753906,118.72000122070312
2026-05-14,118.43399810791016,118.66999816894531
2026-05-15,116.29825592041016,116.52999877929688
2026-05-18,116.08867645263672,116.31999969482422
2026-05-19,114.80123901367188,115.02999877929688
2026-05-20,117.70545196533203,117.94000244140625
2026-05-21,118.46393585205078,118.69999694824219
2026-05-22,118.94298553466797,119.18000030517578
2026-05-26,119.21244812011719,119.44999694824219
2026-05-27,121.30827331542969,121.55000305175781
2026-05-28,121.81725311279297,122.05999755859375
2026-05-29,120.62963104248047,120.87000274658203
2026-06-01,117.9549560546875,118.19000244140625
2026-06-02,117.35614776611328,117.58999633789062
2026-06-03,116.49786376953125,116.7300033569336
2026-06-04,117.02680969238281,117.26000213623047
2026-06-05,114.63157653808594,114.86000061035156
2026-06-08,115.1605224609375,115.38999938964844
2026-06-09,115.63957214355469,115.87000274658203
2026-06-10,113.26429748535156,113.48999786376953
2026-06-11,116.06871795654297,116.30000305175781
2026-06-12,116.36811828613281,116.5999984741211
2026-06-15,118.33419799804688,118.56999969482422
2026-06-16,118.22441864013672,118.45999908447266
2026-06-17,115.26032257080078,115.48999786376953
2026-06-18,116.92700958251953,117.16000366210938
2026-06-22,114.94000244140625,114.94000244140625
2026-06-23,113.76000213623047,113.76000213623047
2026-06-24,115.06999969482422,115.06999969482422
2026-06-25,113.3499984741211,113.3499984741211
2026-06-26,114.37000274658203,114.37000274658203
2026-06-29,117.12000274658203,117.12000274658203
2026-06-30,117.27999877929688,117.27999877929688
2026-07-01,118.08999633789062,118.08999633789062
2026-07-02,117.12000274658203,117.12000274658203
2026-07-06,118.01000213623047,118.01000213623047
2026-07-07,117.38999938964844,117.38999938964844
2026-07-08,115.30000305175781,115.30000305175781
2026-07-09,116.8499984741211,116.8499984741211
2026-07-10,117.23999786376953,117.23999786376953
2026-07-13,116.04000091552734,116.04000091552734
2026-07-14,115.9000015258789,115.9000015258789
2026-07-15,117.0,117.0
2026-07-16,117.33999633789062,117.33999633789062
2026-07-17,115.44000244140625,115.44000244140625
2026-07-20,114.61000061035156,114.61000061035156
2026-07-21,114.87000274658203,114.87000274658203
2026-07-22,114.0199966430664,114.0199966430664
2026-07-23,108.76000213623047,108.76000213623047
2026-07-24,109.41000366210938,109.41000366210938
2026-07-27,110.83999633789062,110.83999633789062
2026-07-28,112.4800033569336,112.4800033569336
2026-07-29,111.61000061035156,111.61000061035156
2026-07-30,112.38999938964844,112.38999938964844
2026-07-31,116.08999633789062,116.08999633789062
2026-08-03,118.20999908447266,118.20999908447266
2026-08-04,118.29000091552734,118.29000091552734
2026-08-05,118.63999938964844,118.63999938964844
2026-08-06,118.0999984741211,118.0999984741211
2026-08-07,119.86000061035156,119.86000061035156
2026-08-10,119.66999816894531,119.66999816894531
2026-08-11,119.23999786376953,119.23999786376953
2026-08-12,117.88999938964844,117.88999938964844
2026-08-13,118.44999694824219,118.44999694824219
2026-08-14,118.19999694824219,118.19999694824219
2026-08-17,116.75,116.75
2026-08-18,116.36000061035156,116.36000061035156
2026-08-19,118.58999633789062,118.58999633789062
2026-08-20,116.68000030517578,116.68000030517578
2026-08-21,118.0199966430664,118.0199966430664
